mixture,system,checkpoint,naoh_volume_ml,measured_titration_linear_interpolation_ph,pf_posterior_mean_ph,pf_credible_lower_2p5_ph,pf_credible_upper_97p5_ph
4,TPA + acetic acid,0,0.0,2.81,2.672810875979761,1.2974505465525774,4.771129638013994
4,TPA + acetic acid,0,0.02,2.8306,2.819649685006956,1.2989329687783417,5.877164329211414
4,TPA + acetic acid,0,0.04,2.8512,2.8920659807591855,1.3004143956778185,6.175975509751808
4,TPA + acetic acid,0,0.06,2.8718,2.9444055735588837,1.3018948314931444,6.351482963947735
4,TPA + acetic acid,0,0.08,2.8924,2.986481651745143,1.3033742804510884,6.476088743578277
4,TPA + acetic acid,0,0.1,2.9130000000000003,3.0221455806877886,1.3048527467631774,6.572744239744271
4,TPA + acetic acid,0,0.12,2.9336,3.053358986001126,1.3063302346258214,6.651706658074021
4,TPA + acetic acid,0,0.14,2.9542,3.081274097054842,1.3078067482204356,6.718455566762099
4,TPA + acetic acid,0,0.16,2.9748,3.1066324012424094,1.3092822917135618,6.776264353328678
4,TPA + acetic acid,0,0.18,2.9954,3.129942516704029,1.3107568692569886,6.827245405249492
4,TPA + acetic acid,0,0.2,3.016,3.151570219173859,1.312230484987872,6.872841470656706
4,TPA + acetic acid,0,0.22,3.0366,3.171788332446084,1.3137031430288522,6.914081800697842
4,TPA + acetic acid,0,0.24,3.0572,3.1908063437405216,1.3151265505497918,6.951726452186
4,TPA + acetic acid,0,0.26,3.0778,3.2087889602681745,1.316535784501164,6.9863526673097205
4,TPA + acetic acid,0,0.28,3.0984,3.22586825595159,1.3179437361969142,7.018409167107405
4,TPA + acetic acid,0,0.3,3.1189999999999998,3.2421519145552957,1.3193504094857773,7.048251676389741
4,TPA + acetic acid,0,0.32,3.1396,3.257728995838668,1.3207558082064028,7.076166964404363
4,TPA + acetic acid,0,0.34,3.1602,3.2726740744902405,1.322159936187448,7.10238958682851
4,TPA + acetic acid,0,0.36,3.1808,3.287050277870132,1.323562797247686,7.12711383647142
4,TPA + acetic acid,0,0.38,3.2014,3.300911559146409,1.3249643951960937,7.15050245934942
4,TPA + acetic acid,0,0.4,3.222,3.3143044274804048,1.3263647338319542,7.172693132959969
4,TPA + acetic acid,0,0.42,3.2426,3.3272692849588954,1.3277638169449504,7.193803362638278
4,TPA + acetic acid,0,0.44,3.2632,3.3398414736536646,1.329161648315258,7.213934238019116
4,TPA + acetic acid,0,0.46,3.2838,3.352052105633819,1.3305582317136397,7.235071087658639
4,TPA + acetic acid,0,0.48,3.3044,3.363928728151838,1.3319535709015389,7.256253413689549
4,TPA + acetic acid,0,0.5,3.325,3.375495862054339,1.3333476696311655,7.276698039434322
4,TPA + acetic acid,0,0.52,3.3456,3.3867754415480507,1.334740531645592,7.296464379884867
4,TPA + acetic acid,0,0.54,3.3662,3.397787176393961,1.336132160678837,7.315605149096093
4,TPA + acetic acid,0,0.56,3.3868,3.4085488525070216,1.3375225604559575,7.334167336039023
4,TPA + acetic acid,0,0.58,3.4074,3.419076583210141,1.338911734693132,7.352193009176858
4,TPA + acetic acid,0,0.6,3.428,3.4293850206290704,1.340299687097751,7.369719984622449
4,TPA + acetic acid,0,0.62,3.4486,3.439487534644967,1.3416864213684874,7.38678238472998
4,TPA + acetic acid,0,0.64,3.4692,3.4493963652541697,1.3430719411954084,7.404365394586945
4,TPA + acetic acid,0,0.66,3.4898,3.4591227529866915,1.3444562502600301,7.422619071945556
4,TPA + acetic acid,0,0.68,3.5103999999999997,3.4686770511098404,1.3458393522354144,7.440529461320596
4,TPA + acetic acid,0,0.7000000000000001,3.531,3.4780688226242473,1.3472212507862449,7.458120977656366
4,TPA + acetic acid,0,0.72,3.5515999999999996,3.48730692449544,1.3486019495689088,7.475416125414961
4,TPA + acetic acid,0,0.74,3.5722,3.4963995811177218,1.3499814522315754,7.492435715025504
4,TPA + acetic acid,0,0.76,3.5928,3.5053544486530765,1.3513597624142744,7.50582218000817
4,TPA + acetic acid,0,0.78,3.6134,3.5141786716033128,1.3527368837489733,7.517828009455535
4,TPA + acetic acid,0,0.8,3.634,3.5228789327452033,1.3541128198596524,7.529549431363744
4,TPA + acetic acid,0,0.8200000000000001,3.6546,3.5314614973726672,1.355487574362383,7.541000556341277
4,TPA + acetic acid,0,0.84,3.6752,3.539932252639327,1.3568611508653974,7.552194475090504
4,TPA + acetic acid,0,0.86,3.6957999999999998,3.5482967426710363,1.358332268808288,7.564266562894645
4,TPA + acetic acid,0,0.88,3.7164,3.556560200016275,1.3598072010434579,7.577333268102599
4,TPA + acetic acid,0,0.9,3.737,3.5647275739185478,1.361281572300383,7.590197627820613
4,TPA + acetic acid,0,0.92,3.7576,3.5728035558252524,1.3627553873674438,7.602869823042909
4,TPA + acetic acid,0,0.9400000000000001,3.7782,3.580792602489628,1.3642286510257686,7.615359405203796
4,TPA + acetic acid,0,0.96,3.7988,3.5886989569742895,1.3657013680493386,7.627675349984184
4,TPA + acetic acid,0,0.98,3.8194,3.596526667824454,1.3671735432050895,7.639826105598166
4,TPA + acetic acid,0,1.0,3.84,3.6042796066454583,1.3686451812530125,7.649380846955044
4,TPA + acetic acid,0,1.02,3.8484,3.6119614842908736,1.3701162869462542,7.658556671790967
4,TPA + acetic acid,0,1.04,3.8568,3.61957586584405,1.371586865031218,7.668145752032856
4,TPA + acetic acid,0,1.06,3.8651999999999997,3.6271261845567007,1.373056920247664,7.684358817644188
4,TPA + acetic acid,0,1.08,3.8735999999999997,3.6346157548916738,1.3745264573288059,7.698365942606371
4,TPA + acetic acid,0,1.1,3.8819999999999997,3.6420477848044213,1.375995481001409,7.709678412013531
4,TPA + acetic acid,0,1.12,3.8904,3.6494253873869438,1.377463995985892,7.7208732287859565
4,TPA + acetic acid,0,1.1400000000000001,3.8988,3.6567515919904277,1.378932006996418,7.7319558815875205
4,TPA + acetic acid,0,1.16,3.9072,3.664029354936851,1.3803995187409943,7.742931603432867
4,TPA + acetic acid,0,1.18,3.9156,3.6712615699267004,1.3818665359215658,7.753805390129077
4,TPA + acetic acid,0,1.2,3.924,3.6784510782484654,1.3833330632341139,7.7645820172051465
4,TPA + acetic acid,0,1.22,3.9324,3.68560067889684,1.3847991053687458,7.775266055481104
4,TPA + acetic acid,0,1.24,3.9408,3.6927131387101433,1.3862646670097925,7.7858618854113395
4,TPA + acetic acid,0,1.26,3.9492,3.699791202643553,1.3877297528358983,7.796373710321799
4,TPA + acetic acid,0,1.28,3.9576,3.7068376043044062,1.3891943675201173,7.806805568647581
4,TPA + acetic acid,0,1.3,3.9659999999999997,3.7138550768890033,1.3906585157300024,7.817161345266063
4,TPA + acetic acid,0,1.32,3.9743999999999997,3.7208463646780943,1.3921222021276982,7.827444782010577
4,TPA + acetic acid,0,1.34,3.9827999999999997,3.7278142352716857,1.3935854313700315,7.835104839507066
4,TPA + acetic acid,0,1.36,3.9912,3.73476149277442,1.395048208108602,7.84226241099887
4,TPA + acetic acid,0,1.3800000000000001,3.9996,3.741690992182971,1.3965105369898718,7.849327258112961
4,TPA + acetic acid,0,1.4000000000000001,4.008,3.7486056552783547,1.3979724226552532,7.8563020880665775
4,TPA + acetic acid,0,1.42,4.0164,3.7555084883946805,1.3994338697412014,7.863189493061162
4,TPA + acetic acid,0,1.44,4.0248,3.7624026025245807,1.4008948828792973,7.8699919567185646
4,TPA + acetic acid,0,1.46,4.0332,3.769291236343291,1.4023554666963403,7.876711860073318
4,TPA + acetic acid,0,1.48,4.0416,3.7761777828879977,1.4038156258144312,7.88335148715727
4,TPA + acetic acid,0,1.5,4.05,3.7830658208532286,1.4052753648510605,7.889913030209382
4,TPA + acetic acid,0,1.52,4.0584,3.7899591517571576,1.4067346884191956,7.896398594540489
4,TPA + acetic acid,0,1.54,4.0668,3.796861844655358,1.4081936011273655,7.902810203080088
4,TPA + acetic acid,0,1.56,4.0752,3.803778290674455,1.4096521075797437,7.909149800629777
4,TPA + acetic acid,0,1.58,4.0836,3.8107132705027116,1.411110212376236,7.915419257845759
4,TPA + acetic acid,0,1.6,4.092,3.8176720392569052,1.4125679201125627,7.931018827766939
4,TPA + acetic acid,0,1.62,4.1004,3.8246604350896236,1.4140252353803433,7.960829553871394
4,TPA + acetic acid,0,1.6400000000000001,4.1088,3.8316850209353395,1.4154821627671779,7.984769889786701
4,TPA + acetic acid,0,1.6600000000000001,4.1171999999999995,3.8387532736762293,1.416938706856731,7.994296310338232
4,TPA + acetic acid,0,1.68,4.1255999999999995,3.84587384315979,1.4183948722288138,8.003801918114625
4,TPA + acetic acid,0,1.7,4.1339999999999995,3.8530569177020597,1.4198506634594659,8.013289050481589
4,TPA + acetic acid,0,1.72,4.142399999999999,3.8603147587548707,1.4213060851210346,8.022760018059323
4,TPA + acetic acid,0,1.74,4.1508,3.8676625181955977,1.4227611417822588,8.032217108189577
4,TPA + acetic acid,0,1.76,4.1592,3.8751195583847444,1.4242158380083465,8.041662588318157
4,TPA + acetic acid,0,1.78,4.1676,3.8827117410486944,1.425670178361056,8.051098709305723
4,TPA + acetic acid,0,1.8,4.176,3.8904757900448304,1.4271241673987753,8.08955856478234
4,TPA + acetic acid,0,1.82,4.1844,3.8984687943244443,1.4285778096766006,8.094134838257773
4,TPA + acetic acid,0,1.84,4.1928,3.906793708196112,1.4300311097464151,8.098661896298786
4,TPA + acetic acid,0,1.86,4.2012,3.9157008912253253,1.4314840721569673,8.103140846513298
4,TPA + acetic acid,0,1.8800000000000001,4.2096,3.930013411820029,1.4329367014539476,8.224485195854413
4,TPA + acetic acid,0,1.9000000000000001,4.218,3.949403385222656,1.4343811226719465,8.370734808907564
4,TPA + acetic acid,0,1.92,4.2264,3.960202617578682,1.4357861421028661,8.37693965533849
4,TPA + acetic acid,0,1.94,4.2348,3.972025893944395,1.4371905147518889,8.407930629600703
4,TPA + acetic acid,0,1.96,4.2432,3.992611596308327,1.438594243828185,8.47036458102017
4,TPA + acetic acid,0,1.98,4.2516,4.005919590315085,1.4399973325334918,8.495518164399257
4,TPA + acetic acid,0,2.0,4.26,4.020949128157712,1.441399784062165,8.521184602536788
4,TPA + acetic acid,0,2.02,4.2661999999999995,4.04088587541592,1.442801601601229,8.565935320789812
4,TPA + acetic acid,0,2.04,4.2724,4.058914315155705,1.4442027883304296,8.615257623583577
4,TPA + acetic acid,0,2.06,4.2786,4.075989127062197,1.4456033474222845,8.811518658593965
4,TPA + acetic acid,0,2.08,4.2848,4.0934386613191815,1.447003282042135,9.076778811464276
4,TPA + acetic acid,0,2.1,4.2909999999999995,4.104496021837248,1.4484025953481958,9.113046122833417
4,TPA + acetic acid,0,2.12,4.2972,4.119257175008468,1.4498012904916049,9.204839182485859
4,TPA + acetic acid,0,2.14,4.3034,4.129399640942215,1.451199370616473,9.248113549633107
4,TPA + acetic acid,0,2.16,4.3096,4.139322976353118,1.4525968388599342,9.263317121797908
4,TPA + acetic acid,0,2.18,4.3158,4.149412351222243,1.4539936983521908,9.27562102096153
4,TPA + acetic acid,0,2.2,4.322,4.168326499261957,1.4553899522165676,9.326842264415685
4,TPA + acetic acid,0,2.22,4.3282,4.180446550452815,1.4567856035695543,9.837892146242002
4,TPA + acetic acid,0,2.24,4.3344,4.196794609279206,1.4581806555208554,10.06297694393253
4,TPA + acetic acid,0,2.2600000000000002,4.3406,4.210176432617754,1.4595751111734385,10.374925075428362
4,TPA + acetic acid,0,2.2800000000000002,4.3468,4.225963461320088,1.460968973623578,10.587192764449512
4,TPA + acetic acid,0,2.3000000000000003,4.353,4.236164197872814,1.4623622459609038,10.741724807728062
4,TPA + acetic acid,0,2.32,4.3591999999999995,4.246260282836036,1.463754931268447,10.859129088501799
4,TPA + acetic acid,0,2.34,4.3654,4.257822182860228,1.465147032622684,10.9527020628137
4,TPA + acetic acid,0,2.36,4.3716,4.276567452170147,1.466538553093585,11.030107500026912
4,TPA + acetic acid,0,2.38,4.3778,4.291451348412263,1.467929495744654,11.095945973269394
4,TPA + acetic acid,0,2.4,4.384,4.302876023528144,1.4693198636329776,11.153142148402978
4,TPA + acetic acid,0,2.42,4.3902,4.3143303337801955,1.470709659809268,11.20365385773275
4,TPA + acetic acid,0,2.44,4.3964,4.329505506700053,1.4720988873179044,11.249094877741516
4,TPA + acetic acid,0,2.46,4.4026,4.345374543559347,1.4734875491969808,11.29015604950279
4,TPA + acetic acid,0,2.48,4.4088,4.360632284730731,1.4748756484783452,11.327568887957923
4,TPA + acetic acid,0,2.5,4.415,4.370671974689696,1.4762631881876436,11.361921477496047
4,TPA + acetic acid,0,2.52,4.4212,4.3803939099011755,1.4776501713443642,11.393670282145067
4,TPA + acetic acid,0,2.54,4.4274000000000004,4.390412834421678,1.479036600961876,11.423176710702752
4,TPA + acetic acid,0,2.56,4.4336,4.399668237703534,1.4804224800474746,11.450731804782158
4,TPA + acetic acid,0,2.58,4.4398,4.409037360730862,1.4818078116024198,11.47657339818533
4,TPA + acetic acid,0,2.6,4.446,4.423999075318939,1.483192598621979,11.500898344995203
4,TPA + acetic acid,0,2.62,4.4522,4.439241518066452,1.4845768440954683,11.523871424933198
4,TPA + acetic acid,0,2.64,4.4584,4.4492498147588275,1.4859605510062899,11.54563195382196
4,TPA + acetic acid,0,2.66,4.4646,4.459104199115812,1.487343722331977,11.566298774171273
4,TPA + acetic acid,0,2.68,4.4708000000000006,4.4723438814235115,1.4887263610442294,11.585974080050253
4,TPA + acetic acid,0,2.7,4.477,4.4822043962617135,1.4901084701089555,11.604746388462136
4,TPA + acetic acid,0,2.72,4.4832,4.4957463600473355,1.4914900524863102,11.622692876033923
4,TPA + acetic acid,0,2.74,4.4894,4.505071895218543,1.492871111130735,11.639881237059889
4,TPA + acetic acid,0,2.7600000000000002,4.4956000000000005,4.517605418912133,1.4942516489909958,11.65637117593758
4,TPA + acetic acid,0,2.7800000000000002,4.5018,4.526323851023251,1.4956316690102218,11.672215617066215
4,TPA + acetic acid,0,2.8000000000000003,4.508,4.53512564879975,1.4970111741259426,11.687461694058303
4,TPA + acetic acid,0,2.82,4.5142,4.5467386112374495,1.4983901672701272,11.702151564873336
4,TPA + acetic acid,0,2.84,4.5204,4.55593811195064,1.4997686513692212,11.716323088387469
4,TPA + acetic acid,0,2.86,4.5266,4.564676627823328,1.5011466293441837,11.73001038973753
4,TPA + acetic acid,0,2.88,4.5328,4.577058689168476,1.502524104110524,11.743244335684793
4,TPA + acetic acid,0,2.9,4.539000000000001,4.585659615789408,1.5039010785783393,11.756052936655166
4,TPA + acetic acid,0,2.92,4.5452,4.594454109074291,1.5052775556523499,11.768461688622573
4,TPA + acetic acid,0,2.94,4.5514,4.606832808182135,1.5066535382319364,11.780493865323823
4,TPA + acetic acid,0,2.96,4.5576,4.616819235468792,1.5080290292111758,11.792170769220064
4,TPA + acetic acid,0,2.98,4.5638000000000005,4.63015988845878,1.5094040314788764,11.803511948001727
4,TPA + acetic acid,0,3.0,4.57,4.639700785387699,1.5107785479186089,11.81453538216342
4,TPA + acetic acid,0,3.02,4.5766,4.648715742795717,1.512152581408754,11.82525764816586
4,TPA + acetic acid,0,3.04,4.583200000000001,4.662078290912229,1.513526134822524,11.835694060902217
4,TPA + acetic acid,0,3.06,4.5898,4.672050618988955,1.5148992110280024,11.845858798540668
4,TPA + acetic acid,0,3.08,4.5964,4.68097294722579,1.5162718128881822,11.855765012296356
4,TPA + acetic acid,0,3.1,4.603000000000001,4.688937106063375,1.5176439432609925,11.865424923264548
4,TPA + acetic acid,0,3.12,4.6096,4.6968165277162495,1.519015604999339,11.874849908103023
4,TPA + acetic acid,0,3.14,4.6162,4.704769329001798,1.5203868009511377,11.884050575069931
4,TPA + acetic acid,0,3.16,4.622800000000001,4.712968345998325,1.5217575339593323,11.893036831691244
4,TPA + acetic acid,0,3.18,4.6294,4.721924683880157,1.5231278068619605,11.901817945139683
4,TPA + acetic acid,0,3.2,4.636,4.7400785167057675,1.5244976224921554,11.91040259624738
4,TPA + acetic acid,0,3.22,4.642600000000001,4.750638414849004,1.5258669836781924,11.918798927941232
4,TPA + acetic acid,0,3.24,4.6492,4.763964599373808,1.5272358932435206,11.92701458877793
4,TPA + acetic acid,0,3.2600000000000002,4.6558,4.773690366296589,1.5286043540067937,11.935056772161957
4,TPA + acetic acid,0,3.2800000000000002,4.662400000000001,4.785057354312544,1.529972368781904,11.942932251750218
4,TPA + acetic acid,0,3.3000000000000003,4.6690000000000005,4.794121377544929,1.531339940378011,11.950647413479778
4,TPA + acetic acid,0,3.3200000000000003,4.6756,4.8031041038057225,1.5327070715995776,11.958208284598008
4,TPA + acetic acid,0,3.34,4.6822,4.814323371548477,1.534073765246398,11.96562056002561
4,TPA + acetic acid,0,3.36,4.6888000000000005,4.839238600023948,1.5354400241136306,11.97288962634131
4,TPA + acetic acid,0,3.38,4.6954,4.849978192854943,1.5368058509918283,11.980020583641046
4,TPA + acetic acid,0,3.4,4.702,4.859403697627553,1.5381712486669716,11.987018265493898
4,TPA + acetic acid,0,3.42,4.708600000000001,4.8684511190832085,1.5395362199204965,11.993887257190043
4,TPA + acetic acid,0,3.44,4.7152,4.880802185048229,1.540900767529327,12.00063191245335
4,TPA + acetic acid,0,3.46,4.7218,4.892445212362627,1.5422648942659047,12.007256368771007
4,TPA + acetic acid,0,3.48,4.728400000000001,4.903890206951124,1.543628602898219,12.013764561475263
4,TPA + acetic acid,0,3.5,4.735,4.914908051302121,1.544991896189838,12.020160236697276
4,TPA + acetic acid,0,3.52,4.7416,4.923938999693918,1.546354776899936,12.02644696329974
4,TPA + acetic acid,0,3.54,4.748200000000001,4.932844515546258,1.5477172477833272,12.032628143883404
4,TPA + acetic acid,0,3.56,4.7548,4.941665366182693,1.5490793115904906,12.038707024952437
4,TPA + acetic acid,0,3.58,4.7614,4.9506800845814185,1.5504409710676024,12.044686706314572
4,TPA + acetic acid,0,3.6,4.768000000000001,4.964076240521596,1.5518022289565643,12.050570149784228
4,TPA + acetic acid,0,3.62,4.7746,4.978866635646425,1.5531630879950327,12.056360187249584
4,TPA + acetic acid,0,3.64,4.7812,4.990886620117219,1.5545235509164463,12.062059528158713
4,TPA + acetic acid,0,3.66,4.787800000000001,5.000352209654096,1.5558836204500563,12.067670766474183
4,TPA + acetic acid,0,3.68,4.7944,5.009669529744885,1.5572432993209544,12.073196387140843
4,TPA + acetic acid,0,3.7,4.801,5.01992216879489,1.5586025902501008,12.078638772107045
4,TPA + acetic acid,0,3.72,4.807600000000001,5.034824290980997,1.5599614959543522,12.084000205935883
4,TPA + acetic acid,0,3.74,4.8142000000000005,5.051700954436881,1.5613200191464913,12.089282881039434
4,TPA + acetic acid,0,3.7600000000000002,4.8208,5.062410761189342,1.5626781625352528,12.09448890256601
4,TPA + acetic acid,0,3.7800000000000002,4.827400000000001,5.07537893834426,1.5640359288253527,12.099620292967685
4,TPA + acetic acid,0,3.8000000000000003,4.8340000000000005,5.0848688962942985,1.5653933207175132,12.104678996272856
4,TPA + acetic acid,0,3.8200000000000003,4.8406,5.093967819945335,1.5667503409084955,12.109666882086394
4,TPA + acetic acid,0,3.84,4.8472,5.103272961249316,1.568106992091121,12.114585749337973
4,TPA + acetic acid,0,3.86,4.853800000000001,5.114678603429593,1.5694632769543024,12.119437329797389
4,TPA + acetic acid,0,3.88,4.8604,5.124803577957108,1.5708191981830688,12.124223291374001
4,TPA + acetic acid,0,3.9,4.867,5.134254976012523,1.572174758458595,12.128945241216012
4,TPA + acetic acid,0,3.92,4.873600000000001,5.143929221068057,1.573529960458223,12.13360472862404
4,TPA + acetic acid,0,3.94,4.8802,5.154767656146676,1.574884806855497,12.138203247792077
4,TPA + acetic acid,0,3.96,4.8868,5.170517962224647,1.5762393003201822,12.142742240388074
4,TPA + acetic acid,0,3.98,4.893400000000001,5.184635034296536,1.5775934435182957,12.147223097985183
4,TPA + acetic acid,0,4.0,4.9,5.197898422596417,1.578947239112129,12.151647164353992
4,TPA + acetic acid,0,4.0200000000000005,4.908200000000001,5.20966849721303,1.5803006897602798,12.156015737625118
4,TPA + acetic acid,0,4.04,4.9164,5.221547025262962,1.5816537981176726,12.16033007233089
4,TPA + acetic acid,0,4.0600000000000005,4.924600000000001,5.232813625193964,1.5830065668355862,12.164591381334148
4,TPA + acetic acid,0,4.08,4.9328,5.2456524192229,1.5843589985616813,12.168800837651556
4,TPA + acetic acid,0,4.1,4.941,5.263257725510112,1.5857110959400251,12.17295957617825
4,TPA + acetic acid,0,4.12,4.9492,5.2767659115980114,1.5870628616111162,12.17706869532024
4,TPA + acetic acid,0,4.14,4.9574,5.2987252789796315,1.5884142982119096,12.181129258540306
4,TPA + acetic acid,0,4.16,4.9656,5.3160163850141915,1.5897654083758446,12.185142295822953
4,TPA + acetic acid,0,4.18,4.9738,5.34186036543733,1.591116194732868,12.189108805063363
4,TPA + acetic acid,0,4.2,4.982,5.355007443905892,1.5924666599094603,12.193029753385083
4,TPA + acetic acid,0,4.22,4.9902,5.370259153935285,1.593768500027973,12.196906078390775
4,TPA + acetic acid,0,4.24,4.9984,5.385627147014396,1.5950292033074773,12.200738689350054
4,TPA + acetic acid,0,4.26,5.0066,5.398214467149881,1.5962893029595175,12.204528468328185
4,TPA + acetic acid,0,4.28,5.0148,5.415383004388301,1.597548801912858,12.208276271259162
4,TPA + acetic acid,0,4.3,5.023,5.427497747523674,1.598807703094551,12.211982928966378
4,TPA + acetic acid,0,4.32,5.0312,5.442734378598823,1.6000660094299524,12.21564924813396
4,TPA + acetic acid,0,4.34,5.0394,5.456486205247349,1.6013237238427354,12.219276012231596
4,TPA + acetic acid,0,4.36,5.0476,5.469251454850006,1.6025808492549038,12.222863982395495
4,TPA + acetic acid,0,4.38,5.0558,5.480055169165167,1.603837388586804,12.226413898267964
4,TPA + acetic acid,0,4.4,5.064,5.494942768130217,1.6050933447571416,12.229926478797914
4,TPA + acetic acid,0,4.42,5.0722,5.507399707921124,1.6063487206829943,12.23340242300442
4,TPA + acetic acid,0,4.44,5.0804,5.517998316792362,1.6076035192798215,12.236842410705442
4,TPA + acetic acid,0,4.46,5.0886,5.531771453357541,1.6088577434614835,12.240247103213488
4,TPA + acetic acid,0,4.48,5.0968,5.546683397956783,1.6101113961402511,12.243617144000119
4,TPA + acetic acid,0,4.5,5.105,5.557265512135275,1.6113644802268206,12.246953159330857
4,TPA + acetic acid,0,4.5200000000000005,5.1132,5.569814811347441,1.6126169986303287,12.250255758872125
4,TPA + acetic acid,0,4.54,5.1214,5.58037524323731,1.6138689542583529,12.253525536271667
4,TPA + acetic acid,0,4.5600000000000005,5.1296,5.590929136994527,1.6151203500169529,12.25676306971381
4,TPA + acetic acid,0,4.58,5.1378,5.6079203043745585,1.6163711888106556,12.259968922450895
4,TPA + acetic acid,0,4.6000000000000005,5.146,5.619952287774042,1.6176214735424819,12.263143643312066
4,TPA + acetic acid,0,4.62,5.1542,5.633422612428738,1.6188712071139575,12.266287767190594
4,TPA + acetic acid,0,4.64,5.1624,5.644417557926618,1.620120392425127,12.269401815510765
4,TPA + acetic acid,0,4.66,5.1706,5.656790451629024,1.6213690323745649,12.272486296675439
4,TPA + acetic acid,0,4.68,5.1788,5.665287894158395,1.6226171298593912,12.275541706495112
4,TPA + acetic acid,0,4.7,5.187,5.673869338230047,1.6238646877752836,12.2785685285995
4,TPA + acetic acid,0,4.72,5.1952,5.683736794710625,1.6251117090164904,12.28156723483244
4,TPA + acetic acid,0,4.74,5.2034,5.692002323509907,1.626358196475843,12.284538285630912
4,TPA + acetic acid,0,4.76,5.2116,5.699997055202361,1.6276041530447718,12.287482130388945
4,TPA + acetic acid,0,4.78,5.2198,5.708098714796701,1.6288495816133155,12.29039920780719
4,TPA + acetic acid,0,4.8,5.228,5.7186825591345425,1.6300944850701375,12.293289946228587
4,TPA + acetic acid,0,4.82,5.2362,5.72925932170357,1.6313388663025363,12.296154763961347
4,TPA + acetic acid,0,4.84,5.2444,5.7429600669873455,1.6325827281964607,12.298994069588979
4,TPA + acetic acid,0,4.86,5.2526,5.761185065038696,1.6338260736365218,12.301808262268775
4,TPA + acetic acid,0,4.88,5.2608,5.771064183934067,1.6349200593980395,12.304597732018813
4,TPA + acetic acid,0,4.9,5.269,5.780103473765026,1.6359102521273425,12.307362859994132
4,TPA + acetic acid,0,4.92,5.2772,5.788377485990881,1.6368992422680595,12.310104018752575
4,TPA + acetic acid,0,4.94,5.2854,5.796399174762113,1.6378870334633002,12.312821572510646
4,TPA + acetic acid,0,4.96,5.2936,5.8043974622181125,1.6388736293487325,12.315515877390204
4,TPA + acetic acid,0,4.98,5.3018,5.814725323372439,1.6398590335525696,12.31818728165571
4,TPA + acetic acid,0,5.0,5.31,5.824414608290494,1.6408432496955596,12.320836125943142
4,TPA + acetic acid,0,5.0200000000000005,5.324,5.832279146603876,1.6418262813909745,12.32346274348054
4,TPA + acetic acid,0,5.04,5.338,5.843234773705669,1.6428081322445989,12.326067460300646
4,TPA + acetic acid,0,5.0600000000000005,5.352,5.851116439963913,1.6437888058547236,12.32865059544596
4,TPA + acetic acid,0,5.08,5.366,5.858525813894704,1.6447683058121298,12.33121246116659
4,TPA + acetic acid,0,5.1000000000000005,5.38,5.865956572794783,1.6457466357000894,12.33375336311109
4,TPA + acetic acid,0,5.12,5.394,5.873526752096004,1.646723799094342,12.336273600510708
4,TPA + acetic acid,0,5.14,5.4079999999999995,5.881394169879048,1.6476997995631057,12.338773466357214
4,TPA + acetic acid,0,5.16,5.422,5.890956129611741,1.648674640667053,12.341253247574635
4,TPA + acetic acid,0,5.18,5.435999999999999,5.90973167504966,1.6496483259593102,12.343713225185105
4,TPA + acetic acid,0,5.2,5.45,5.9198809832315025,1.6506208589854512,12.346153674469122
4,TPA + acetic acid,0,5.22,5.4639999999999995,5.9281959078642465,1.6515922432834875,12.348574865120362
4,TPA + acetic acid,0,5.24,5.478,5.937307372052428,1.6525624823838663,12.350977061395355
4,TPA + acetic acid,0,5.26,5.491999999999999,5.945140731881573,1.6535315798094592,12.353360522258157
4,TPA + acetic acid,0,5.28,5.506,5.953039352747485,1.654499539075562,12.35572550152025
4,TPA + acetic acid,0,5.3,5.52,5.963028127310567,1.6554663636898859,12.35807224797587
4,TPA + acetic acid,0,5.32,5.534,5.972857544481565,1.6564320571525548,12.360401005532896
4,TPA + acetic acid,0,5.34,5.547999999999999,5.981121573281374,1.6573966229561008,12.362712013339522
4,TPA + acetic acid,0,5.36,5.562,5.990057398793412,1.6583600645854588,12.365005505906854
4,TPA + acetic acid,0,5.38,5.576,6.005080753632405,1.6593223855179642,12.367281713227555
4,TPA + acetic acid,0,5.4,5.59,6.01910497287602,1.6602835892233498,12.369540860890787
4,TPA + acetic acid,0,5.42,5.603999999999999,6.032995401203212,1.661243679163741,12.371783170193435
4,TPA + acetic acid,0,5.44,5.618,6.041431274176505,1.6622026587936563,12.374008858247944
4,TPA + acetic acid,0,5.46,5.632,6.049134236549485,1.6631605315600022,12.376218138086692
4,TPA + acetic acid,0,5.48,5.646,6.056691116714837,1.6641173009020709,12.378411218763226
4,TPA + acetic acid,0,5.5,5.66,6.064293289179368,1.6650729702515443,12.380588305450303
4,TPA + acetic acid,0,5.5200000000000005,5.674,6.071846328549724,1.6660275430324862,12.382749599534957
4,TPA + acetic acid,0,5.54,5.688,6.079336554297395,1.6669810226613442,12.384895298710738
4,TPA + acetic acid,0,5.5600000000000005,5.702,6.086873297883944,1.6679334125469487,12.38702559706703
4,TPA + acetic acid,0,5.58,5.715999999999999,6.094673123559335,1.6688847160905143,12.38914068517581
4,TPA + acetic acid,0,5.6000000000000005,5.73,6.1077025135789516,1.6698349366856373,12.391240750175754
4,TPA + acetic acid,0,5.62,5.744,6.117909201227585,1.6707840777183005,12.393325975853848
4,TPA + acetic acid,0,5.64,5.757999999999999,6.1262461388552385,1.6717321425668592,12.395396542724608
4,TPA + acetic acid,0,5.66,5.772,6.134351366717452,1.6726791346020713,12.397452628106976
4,TPA + acetic acid,0,5.68,5.786,6.143543489247783,1.6736250571870692,12.39949440619895
4,TPA + acetic acid,0,5.7,5.8,6.152630366507766,1.6745699136773777,12.40152204815007
4,TPA + acetic acid,0,5.72,5.814,6.162090594685841,1.6755137074209059,12.403535722131803
4,TPA + acetic acid,0,5.74,5.827999999999999,6.1707587253492004,1.6764564417579635,12.405535593405926
4,TPA + acetic acid,0,5.76,5.842,6.179948193308609,1.677398120021249,12.407521824390937
4,TPA + acetic acid,0,5.78,5.856,6.189975699207849,1.6783387455358603,12.40949457472659
4,TPA + acetic acid,0,5.8,5.869999999999999,6.198644213414979,1.6792783216192948,12.41145400133665
4,TPA + acetic acid,0,5.82,5.884,6.206821071975937,1.6802168515814544,12.413400258489766
4,TPA + acetic acid,0,5.84,5.898,6.214989992715697,1.6811543387246481,12.415333497858875
4,TPA + acetic acid,0,5.86,5.912,6.223612653286697,1.6820907863435965,12.417253868578694
4,TPA + acetic acid,0,5.88,5.926,6.236819862830328,1.683026197725435,12.41916151730181
4,TPA + acetic acid,0,5.9,5.94,6.249280769694397,1.6839605761497198,12.421056588253172
4,TPA + acetic acid,0,5.92,5.954,6.2587424550746515,1.6848939248884318,12.422939223283098
4,TPA + acetic acid,0,5.94,5.968,6.272058384706343,1.6858262472059802,12.424809561918838
4,TPA + acetic acid,0,5.96,5.981999999999999,6.2843977534836615,1.68675754635921,12.42666774141476
4,TPA + acetic acid,0,5.98,5.996,6.292628672345099,1.6876878255974064,12.4285138968012
4,TPA + acetic acid,0,6.0,6.01,6.300757153079465,1.6886170881622982,12.430348160931977
4,TPA + acetic acid,0,6.0200000000000005,6.0478000000000005,6.309303597515545,1.6895453372880702,12.432170664530666
4,TPA + acetic acid,0,6.04,6.0855999999999995,6.319354232967317,1.6904725762013868,12.433981536235652
4,TPA + acetic acid,0,6.0600000000000005,6.123400000000001,6.330665990817993,1.6913988081212787,12.435780902643987
4,TPA + acetic acid,0,6.08,6.1612,6.338654476857731,1.692324036259397,12.437568888354122
4,TPA + acetic acid,0,6.1000000000000005,6.199000000000001,6.348728235373757,1.6932482638197697,12.439345616007508
4,TPA + acetic acid,0,6.12,6.2368,6.356810859129924,1.6941714939989367,12.441111206329122
4,TPA + acetic acid,0,6.140000000000001,6.274600000000001,6.364413030734259,1.6950937299859299,12.44286577816698
4,TPA + acetic acid,0,6.16,6.3124,6.372172678295801,1.6960149749622806,12.444609448530588
4,TPA + acetic acid,0,6.18,6.350199999999999,6.38115969705252,1.696935232102029,12.446342332628465
4,TPA + acetic acid,0,6.2,6.388,6.3943559131358345,1.6978545045717297,12.448064543904685
4,TPA + acetic acid,0,6.22,6.4258,6.402744214774744,1.6987727955304628,12.449776194074495
4,TPA + acetic acid,0,6.24,6.4636000000000005,6.41087922551515,1.6996901081298392,12.451477393159074
4,TPA + acetic acid,0,6.26,6.501399999999999,6.420080537743081,1.7006064455140129,12.453168249519372
4,TPA + acetic acid,0,6.28,6.5392,6.430885527603738,1.7015218108196875,12.454848869889165
4,TPA + acetic acid,0,6.3,6.577,6.439545081470655,1.7024362071761239,12.456519359407245
4,TPA + acetic acid,0,6.32,6.614800000000001,6.447388682379229,1.7033496377051534,12.458179821648848
4,TPA + acetic acid,0,6.34,6.6526,6.455253683446426,1.7042621055211833,12.459830358656305
4,TPA + acetic acid,0,6.36,6.6904,6.466656057629643,1.7051736137312106,12.461471070968944
4,TPA + acetic acid,0,6.38,6.7282,6.473986380530586,1.7060841654348273,12.463102057652268
4,TPA + acetic acid,0,6.4,6.766000000000001,6.481140901717005,1.7069937637242334,12.464723416326436
4,TPA + acetic acid,0,6.42,6.8038,6.48815745851442,1.7079024116842465,12.466335243194045
4,TPA + acetic acid,0,6.44,6.841600000000001,6.4949606382234455,1.7088101123923125,12.467937633067272
4,TPA + acetic acid,0,6.46,6.8794,6.501694958507627,1.7097168689185147,12.469530679394346
4,TPA + acetic acid,0,6.48,6.917200000000001,6.50890183181386,1.7106226843255858,12.471114474285411
4,TPA + acetic acid,0,6.5,6.955,6.518443532777013,1.71152756166892,12.472689108537772
4,TPA + acetic acid,0,6.5200000000000005,6.992800000000001,6.527029016394284,1.712431503996581,12.47425467166055
4,TPA + acetic acid,0,6.54,7.0306,6.533563175315229,1.7133345143493153,12.475811251898765
4,TPA + acetic acid,0,6.5600000000000005,7.068400000000001,6.539954144801507,1.714236595760564,12.477358936256866
4,TPA + acetic acid,0,6.58,7.1062,6.546385122837216,1.7152944291920051,12.478897810521694
4,TPA + acetic acid,0,6.6000000000000005,7.144000000000001,6.553209850066521,1.7164603366304743,12.480427959284935
4,TPA + acetic acid,0,6.62,7.181800000000001,6.561269866899055,1.717625944031664,12.481949465965066
4,TPA + acetic acid,0,6.640000000000001,7.219600000000002,6.568412725919486,1.7187912542105024,12.483462412828782
4,TPA + acetic acid,0,6.66,7.2574000000000005,6.575923410846246,1.7199562699823785,12.484966881011943
4,TPA + acetic acid,0,6.68,7.2951999999999995,6.583138647253322,1.7211209941631522,12.486462950540062
4,TPA + acetic acid,0,6.7,7.333,6.595011409157857,1.722285429569205,12.4879507003483
4,TPA + acetic acid,0,6.72,7.3708,6.602876934406379,1.7234495790174362,12.489430208301048
4,TPA + acetic acid,0,6.74,7.408600000000001,6.610832921007556,1.7246134453252977,12.490901551211053
4,TPA + acetic acid,0,6.76,7.4464,6.617946211099806,1.7257770313108187,12.49236480485813
4,TPA + acetic acid,0,6.78,7.4842,6.625389577698229,1.7269403397926322,12.493820044007446
4,TPA + acetic acid,0,6.8,7.522,6.635321519769048,1.72810337358997,12.495267342427411
4,TPA + acetic acid,0,6.82,7.559800000000001,6.64342312445559,1.729266135522749,12.496706772907181
4,TPA + acetic acid,0,6.84,7.5976,6.651915864735165,1.7304286284115324,12.498138407273775
4,TPA + acetic acid,0,6.86,7.635400000000001,6.660124606557786,1.7315908550775672,12.49956231640882
4,TPA + acetic acid,0,6.88,7.6732,6.667666461523865,1.7327528183428509,12.500978570264934
4,TPA + acetic acid,0,6.9,7.711000000000001,6.675441438476732,1.7339145210301021,12.502387237881752
4,TPA + acetic acid,0,6.92,7.7488,6.686480904659149,1.7350759659628077,12.503788387401617
4,TPA + acetic acid,0,6.94,7.786600000000001,6.700255138863824,1.736237155965255,12.505182086084936
4,TPA + acetic acid,0,6.96,7.824400000000001,6.708555410072699,1.737398093862541,12.506568400325204
4,TPA + acetic acid,0,6.98,7.862200000000001,6.720631941724172,1.738526554090627,12.507947395663706
4,TPA + acetic acid,0,7.0,7.9,6.728636935193623,1.739445954770392,12.50931913680392
4,TPA + acetic acid,0,7.0200000000000005,7.952200000000001,6.738940995400666,1.7403643829324018,12.510683687625612
4,TPA + acetic acid,0,7.04,8.0044,6.745846234284604,1.741281840928726,12.512041111198645
4,TPA + acetic acid,0,7.0600000000000005,8.056600000000001,6.752413494233461,1.742198331106461,12.513391469796474
4,TPA + acetic acid,0,7.08,8.1088,6.7589562841051976,1.7431138558077346,12.514734824909404
4,TPA + acetic acid,0,7.1000000000000005,8.161000000000001,6.765734609567501,1.7440284173697016,12.516071237257531
4,TPA + acetic acid,0,7.12,8.2132,6.773383357771486,1.7449420181245516,12.517400766803448
4,TPA + acetic acid,0,7.140000000000001,8.265400000000001,6.784626886614959,1.7458546603995075,12.518723472764673
4,TPA + acetic acid,0,7.16,8.3176,6.797223107047876,1.7467663465168246,12.520039413625835
4,TPA + acetic acid,0,7.18,8.3698,6.80466498446277,1.7476770787937994,12.521348647150603
4,TPA + acetic acid,0,7.2,8.422,6.811354824379996,1.7485868595427636,12.52265123039339
4,TPA + acetic acid,0,7.22,8.4742,6.817869232987543,1.7494956910710937,12.523947219710792
4,TPA + acetic acid,0,7.24,8.5264,6.824368180238513,1.750403575681207,12.525236670772827
4,TPA + acetic acid,0,7.26,8.5786,6.831120779722269,1.7513105156705677,12.52651963857393
4,TPA + acetic acid,0,7.28,8.6308,6.840200890714935,1.752216513331688,12.527796177443754
4,TPA + acetic acid,0,7.3,8.683,6.8512477403785175,1.7531215709521302,12.529066341057714
4,TPA + acetic acid,0,7.32,8.7352,6.857914173585014,1.7540256908145122,12.530330182447372
4,TPA + acetic acid,0,7.34,8.7874,6.864282487415289,1.754928875196506,12.53158775401057
4,TPA + acetic acid,0,7.36,8.8396,6.8706826279876,1.7558311263708433,12.532839107521418
4,TPA + acetic acid,0,7.38,8.8918,6.877270359142066,1.7567324466053194,12.534084294140033
4,TPA + acetic acid,0,7.4,8.944,6.88759045073293,1.7576328381627935,12.535323364422126
4,TPA + acetic acid,0,7.42,8.9962,6.896247169537254,1.7585323033011933,12.53655636832838
4,TPA + acetic acid,0,7.44,9.0484,6.902815959025472,1.7594308442735214,12.537783355233678
4,TPA + acetic acid,0,7.46,9.1006,6.908908896688384,1.7603284633278484,12.539004373936109
4,TPA + acetic acid,0,7.48,9.152800000000001,6.914999651510552,1.761225162707333,12.540219472665843
4,TPA + acetic acid,0,7.5,9.205,6.921672677184547,1.7621209446502144,12.541428699093817
4,TPA + acetic acid,0,7.5200000000000005,9.257200000000001,6.93075716681375,1.7633203236017065,12.542632100340242
4,TPA + acetic acid,0,7.54,9.3094,6.937178665517554,1.7646575055684939,12.543829722982995
4,TPA + acetic acid,0,7.5600000000000005,9.361600000000001,6.943210117538628,1.7659953407377178,12.545021613065806
4,TPA + acetic acid,0,7.58,9.4138,6.948989599434501,1.7673338348084977,12.546207816106307
4,TPA + acetic acid,0,7.6000000000000005,9.466000000000001,6.954639900233813,1.7686729935003052,12.547388377103932
4,TPA + acetic acid,0,7.62,9.5182,6.960228908248751,1.7700128225531486,12.548563340547684
4,TPA + acetic acid,0,7.640000000000001,9.570400000000001,6.965802390541721,1.7713533277277276,12.549732750423725
4,TPA + acetic acid,0,7.66,9.6226,6.971405384115528,1.7726945148056181,12.55089665022286
4,TPA + acetic acid,0,7.68,9.6748,6.97711364009661,1.7740363895894413,12.552055082947849
4,TPA + acetic acid,0,7.7,9.727,6.983286169643263,1.7753789579030426,12.553208091120617
4,TPA + acetic acid,0,7.72,9.7792,6.992027550979363,1.7767222255916604,12.55435571678932
4,TPA + acetic acid,0,7.74,9.8314,6.998088588671765,1.77806619852212,12.555498001535259
4,TPA + acetic acid,0,7.76,9.8836,7.004218138886057,1.7794108825830008,12.556634986479722
4,TPA + acetic acid,0,7.78,9.9358,7.011650573623943,1.7807562836848212,12.557766712290626
4,TPA + acetic acid,0,7.8,9.988,7.018972844731696,1.7821024077602243,12.55889321918913
4,TPA + acetic acid,0,7.82,10.0402,7.028804524550637,1.7834492607641583,12.56001454695604
4,TPA + acetic acid,0,7.84,10.0924,7.036320743976074,1.7847968486740662,12.561130734938171
4,TPA + acetic acid,0,7.86,10.1446,7.047482159694487,1.7861451774900718,12.562241822054546
4,TPA + acetic acid,0,7.88,10.1968,7.0559720374276,1.787494253235168,12.563347846802511
4,TPA + acetic acid,0,7.9,10.249,7.071161090726507,1.7888440819554092,12.564448847263733
4,TPA + acetic acid,0,7.92,10.3012,7.083426740743082,1.7901946697201017,12.565544861110098
4,TPA + acetic acid,0,7.94,10.3534,7.0964537651470225,1.7915460226219992,12.56663592560949
4,TPA + acetic acid,0,7.96,10.4056,7.104952338775662,1.7928981467774983,12.567722077631494
4,TPA + acetic acid,0,7.98,10.4578,7.113511339936695,1.7942510483268284,12.56880335365297
4,TPA + acetic acid,0,8.0,10.51,7.121331397094051,1.7956047334342724,12.569879789763561
4,TPA + acetic acid,0,8.02,10.527,7.129619392079916,1.7969592082883206,12.570951421671062
4,TPA + acetic acid,0,8.040000000000001,10.544,7.139942873155647,1.7983144791019443,12.572018284706758
4,TPA + acetic acid,0,8.06,10.561,7.151797653479819,1.7996705521127265,12.573080413830603
4,TPA + acetic acid,0,8.08,10.578,7.163148680092941,1.801027433583116,12.574137843636365
4,TPA + acetic acid,0,8.1,10.594999999999999,7.1705546124397594,1.8023851298006117,12.57519060835665
4,TPA + acetic acid,0,8.120000000000001,10.612,7.179561174833357,1.8037436470779822,12.576238741867844
4,TPA + acetic acid,0,8.14,10.629,7.186739733023568,1.8051029917534653,12.57728227769499
4,TPA + acetic acid,0,8.16,10.645999999999999,7.193121096393384,1.8064631701909981,12.578321249016565
4,TPA + acetic acid,0,8.18,10.663,7.199481288895077,1.8078241887804145,12.579355688669178
4,TPA + acetic acid,0,8.2,10.68,7.206477409014689,1.8090023700193778,12.580385629152186
4,TPA + acetic acid,0,8.22,10.697000000000001,7.21459787511432,1.8101531751087223,12.581411102632256
4,TPA + acetic acid,0,8.24,10.714,7.221091752972297,1.8113039118066916,12.582432140947812
4,TPA + acetic acid,0,8.26,10.731,7.230879863488089,1.812454583049619,12.583448775613451
4,TPA + acetic acid,0,8.28,10.748,7.237430375088582,1.8136051917765426,12.58446103782424
4,TPA + acetic acid,0,8.3,10.765,7.243400311535396,1.814755740929233,12.58546895845998
4,TPA + acetic acid,0,8.32,10.782,7.2493706207967366,1.8159062334522305,12.586472568089384
4,TPA + acetic acid,0,8.34,10.799,7.255591540075565,1.8170566722928787,12.587471896974183
4,TPA + acetic acid,0,8.36,10.815999999999999,7.262632489647483,1.818207060401352,12.588466975073171
4,TPA + acetic acid,0,8.38,10.833,7.275286504904475,1.819357400730702,12.589457832046175
4,TPA + acetic acid,0,8.4,10.85,7.282352582842174,1.8205076962368785,12.590444497257987
4,TPA + acetic acid,0,8.42,10.866999999999999,7.289465752796952,1.8216579498787717,12.591426999782183
4,TPA + acetic acid,0,8.44,10.883999999999999,7.299526116308667,1.8228081646182437,12.592405368404936
4,TPA + acetic acid,0,8.46,10.901,7.3056517704309725,1.8239583434201627,12.593379631628721
4,TPA + acetic acid,0,8.48,10.918,7.311660435448635,1.8251084892524418,12.594349817675994
4,TPA + acetic acid,0,8.5,10.934999999999999,7.317736136610218,1.8262586050860672,12.595315954492794
4,TPA + acetic acid,0,8.52,10.952,7.32402641728216,1.8274086938951393,12.596278069752287
4,TPA + acetic acid,0,8.540000000000001,10.969000000000001,7.33071281399627,1.8285587586569054,12.597236190858265
4,TPA + acetic acid,0,8.56,10.986,7.337874268444959,1.8299245952996528,12.598190344948577
4,TPA + acetic acid,0,8.58,11.003,7.34471369101324,1.8315197907962277,12.599140558898519
4,TPA + acetic acid,0,8.6,11.02,7.351462019361324,1.8331172112641778,12.600086859324147
4,TPA + acetic acid,0,8.620000000000001,11.037,7.35965895042544,1.8347168714040012,12.601029272585581
4,TPA + acetic acid,0,8.64,11.054,7.368320449829756,1.8363187860180656,12.6019678247902
4,TPA + acetic acid,0,8.66,11.071,7.379366759678612,1.8379229700116668,12.602902541795835
4,TPA + acetic acid,0,8.68,11.088,7.388373719188879,1.8395294383941119,12.603833449213894
4,TPA + acetic acid,0,8.700000000000001,11.105,7.395699514977283,1.8411382062797954,12.604760572412431
4,TPA + acetic acid,0,8.72,11.122,7.403018563466815,1.8427492888893324,12.605683936519174
4,TPA + acetic acid,0,8.74,11.139,7.410840012216541,1.8443627015507502,12.606603566424521
4,TPA + acetic acid,0,8.76,11.155999999999999,7.420245732667158,1.8459784597001359,12.607519486784465
4,TPA + acetic acid,0,8.78,11.172999999999998,7.43163922298937,1.8475965788837785,12.608431722023482
4,TPA + acetic acid,0,8.8,11.19,7.440069755840813,1.8492170747583367,12.609340296337386
4,TPA + acetic acid,0,8.82,11.206999999999999,7.449331924184921,1.8508399630925005,12.610245233696137
4,TPA + acetic acid,0,8.84,11.224,7.456873266502711,1.8524652597681128,12.611146557846585
4,TPA + acetic acid,0,8.86,11.241,7.467974916749854,1.8540929807813482,12.612044292315211
4,TPA + acetic acid,0,8.88,11.258000000000001,7.47582776307931,1.8557231422439493,12.612938460410781
4,TPA + acetic acid,0,8.9,11.275,7.485404284660933,1.8573557603844635,12.613829085227007
4,TPA + acetic acid,0,8.92,11.292,7.495346759674979,1.8588334383112528,12.61471618964513
4,TPA + acetic acid,0,8.94,11.309,7.5045318674229256,1.8602313968615225,12.615599796336483
4,TPA + acetic acid,0,8.96,11.326,7.511934333638426,1.8616304674826445,12.616479927765006
4,TPA + acetic acid,0,8.98,11.343,7.518317062924495,1.863030657800092,12.617356606189752
4,TPA + acetic acid,0,9.0,11.36,7.524453197591222,1.8644319754758905,12.618229853667298
4,TPA + acetic acid,1,0.0,2.81,3.2022391645464845,1.861448994285103,4.0397890234465645
4,TPA + acetic acid,1,0.02,2.8306,3.3290239442892204,1.8657502646352322,4.475617690800956
4,TPA + acetic acid,1,0.04,2.8512,3.432289129067792,1.87005861918477,4.732996827311473
4,TPA + acetic acid,1,0.06,2.8718,3.516744934548555,1.874374018597123,4.900116777996615
4,TPA + acetic acid,1,0.08,2.8924,3.587612890834159,1.8786964238754016,5.022378663888633
4,TPA + acetic acid,1,0.1,2.9130000000000003,3.6484832521907795,1.8830781354957469,5.118539896931621
4,TPA + acetic acid,1,0.12,2.9336,3.7017758997762233,1.8878354720801087,5.197751049079857
4,TPA + acetic acid,1,0.14,2.9542,3.749159820006088,1.8926104683814415,5.265101225556707
4,TPA + acetic acid,1,0.16,2.9748,3.7918213871626594,1.8974032556218687,5.323698161520779
4,TPA + acetic acid,1,0.18,2.9954,3.8306289524392567,1.9022139666810007,5.3755743925574695
4,TPA + acetic acid,1,0.2,3.016,3.8662350108595325,1.9070427361270088,5.422130388185694
4,TPA + acetic acid,1,0.22,3.0366,3.8991412653868984,1.9118897002476452,5.464371348604329
4,TPA + acetic acid,1,0.24,3.0572,3.929741263547415,1.9167549970811573,5.50304285265498
4,TPA + acetic acid,1,0.26,3.0778,3.9583491265074273,1.92163876644707,5.538713021199978
4,TPA + acetic acid,1,0.28,3.0984,3.985219414020719,1.9265411499767522,5.571824610763436
4,TPA + acetic acid,1,0.3,3.1189999999999998,4.010561186627097,1.9314622911437453,5.602729324114417
4,TPA + acetic acid,1,0.32,3.1396,4.034548172859178,1.9364023352937862,5.631711148159573
4,TPA + acetic acid,1,0.34,3.1602,4.057326261125465,1.9413614296744544,5.659002672541819
4,TPA + acetic acid,1,0.36,3.1808,4.079019115067301,1.9463397234644044,5.684796776279834
4,TPA + acetic acid,1,0.38,3.2014,4.0997324473834045,1.9513373678020955,5.709255174115121
4,TPA + acetic acid,1,0.4,3.222,4.119557317884215,1.9563545158139646,5.732514782767415
4,TPA + acetic acid,1,0.42,3.2426,4.13857271059889,1.9613913226419601,5.754692541608339
4,TPA + acetic acid,1,0.44,3.2632,4.15684757055725,1.9664479454703692,5.775889116911207
4,TPA + acetic acid,1,0.46,3.2838,4.174442430312957,1.9715245435518476,5.796191786037351
4,TPA + acetic acid,1,0.48,3.3044,4.191410721234414,1.9766212782325776,5.815676710072433
4,TPA + acetic acid,1,0.5,3.325,4.207799839918936,1.9817383129764599,5.834410744115589
4,TPA + acetic acid,1,0.52,3.3456,4.223652022461324,1.9868758133882491,5.852452893633146
4,TPA + acetic acid,1,0.54,3.3662,4.239005066547279,1.9920339472355297,5.869855496758506
4,TPA + acetic acid,1,0.56,3.3868,4.2538929319872745,1.9972128844694428,5.886665192156281
4,TPA + acetic acid,1,0.58,3.4074,4.268346243369795,2.002412797244041,5.902923717472364
4,TPA + acetic acid,1,0.6,3.428,4.282392713312692,2.0076338599341703,5.918668572740065
4,TPA + acetic acid,1,0.62,3.4486,4.296057500855509,2.0128762491517627,5.933933575245833
4,TPA + acetic acid,1,0.64,3.4692,4.3093635165273385,2.0181401437604034,5.9487493264836
4,TPA + acetic acid,1,0.66,3.4898,4.32233168330673,2.0234257248880665,5.9631436073941675
4,TPA + acetic acid,1,0.68,3.5103999999999997,4.334981160888177,2.028733175937859,5.9771417147093775
4,TPA + acetic acid,1,0.7000000000000001,3.531,4.34732953925916,2.034062682596658,5.990766748625163
4,TPA + acetic acid,1,0.72,3.5515999999999996,4.35939300647897,2.03941443284148,6.004039860015567
4,TPA + acetic acid,1,0.74,3.5722,4.371186494667009,2.0447886169434293,6.016980463827842
4,TPA + acetic acid,1,0.76,3.5928,4.3827238075020585,2.050185427469092,6.0296064240614164
4,TPA + acetic acid,1,0.78,3.6134,4.394017731966521,2.0556050592791326,6.041934214752871
4,TPA + acetic acid,1,0.8,3.634,4.4050801366104695,2.061047709524088,6.05397906060662
4,TPA + acetic acid,1,0.8200000000000001,3.6546,4.4159220582369425,2.0665135776369388,6.065755060282822
4,TPA + acetic acid,1,0.84,3.6752,4.426553778605467,2.072002865322494,6.077275294846862
4,TPA + acetic acid,1,0.86,3.6957999999999998,4.436984892499767,2.0775157765432732,6.088551923472766
4,TPA + acetic acid,1,0.88,3.7164,4.447224368299151,2.0830525175017147,6.099596268156693
4,TPA + acetic acid,1,0.9,3.737,4.457280602022109,2.0886132966185063,6.110418888920682
4,TPA + acetic acid,1,0.92,3.7576,4.467161465667703,2.0941983245068228,6.120572004939236
4,TPA + acetic acid,1,0.9400000000000001,3.7782,4.4768743505615225,2.099807813942232,6.13046363703814
4,TPA + acetic acid,1,0.96,3.7988,4.4864262063128875,2.1054419798280586,6.140159246831402
4,TPA + acetic acid,1,0.98,3.8194,4.4958235759061145,2.111101039155943,6.149666937512274
4,TPA + acetic acid,1,1.0,3.84,4.505072627377316,2.1167852109613774,6.158994321433719
4,TPA + acetic acid,1,1.02,3.8484,4.514179182468067,2.1224947162739287,6.168148558966022
4,TPA + acetic acid,1,1.04,3.8568,4.52314874259598,2.128229778061912,6.1771363935841705
4,TPA + acetic acid,1,1.06,3.8651999999999997,4.531986512438729,2.1339906211712423,6.1859641836155745
4,TPA + acetic acid,1,1.08,3.8735999999999997,4.540697421389926,2.1397774722581664,6.19463793102245
4,TPA + acetic acid,1,1.1,3.8819999999999997,4.549286143114089,2.1455905597156075,6.203163307545076
4,TPA + acetic acid,1,1.12,3.8904,4.557757113399488,2.151430113592844,6.211545678491051
4,TPA + acetic acid,1,1.1400000000000001,3.8988,4.566114546484082,2.1572963655081754,6.219790124420431
4,TPA + acetic acid,1,1.16,3.9072,4.574362450009164,2.16318954855433,6.227901460946111
4,TPA + acetic acid,1,1.18,3.9156,4.582504638737161,2.1690977047566644,6.235884256842697
4,TPA + acetic acid,1,1.2,3.924,4.590544747154767,2.173543932980741,6.243742850634328
4,TPA + acetic acid,1,1.22,3.9324,4.598486241068657,2.1779954909096793,6.25148136581223
4,TPA + acetic acid,1,1.24,3.9408,4.606332428289213,2.1824525875733736,6.259103724815596
4,TPA + acetic acid,1,1.26,3.9492,4.614086468487863,2.18691543702743,6.2666136618944694
4,TPA + acetic acid,1,1.28,3.9576,4.621751382303167,2.191384258394037,6.2740147349602235
4,TPA + acetic acid,1,1.3,3.9659999999999997,4.629330059764589,2.19585927590561,6.281310336517755
4,TPA + acetic acid,1,1.32,3.9743999999999997,4.636825268093978,2.2003407189514252,6.28850370376348
4,TPA + acetic acid,1,1.34,3.9827999999999997,4.644239658939967,2.2048288221272747,6.295597927924359
4,TPA + acetic acid,1,1.36,3.9912,4.651575775094063,2.209323825288264,6.302595962905402
4,TPA + acetic acid,1,1.3800000000000001,3.9996,4.658836056732844,2.213825973604844,6.30890337540486
4,TPA + acetic acid,1,1.4000000000000001,4.008,4.666022847225927,2.218335517622192,6.314880698084023
4,TPA + acetic acid,1,1.42,4.0164,4.673138398545876,2.2228527133230296,6.320772229937656
4,TPA + acetic acid,1,1.44,4.0248,4.680184876312445,2.227377822193982,6.326580425320598
4,TPA + acetic acid,1,1.46,4.0332,4.687164364500676,2.231911111295587,6.332307636410805
4,TPA + acetic acid,1,1.48,4.0416,4.694078869839625,2.236452853336057,6.337956118781584
4,TPA + acetic acid,1,1.5,4.05,4.700930325925749,2.241003326748893,6.343528036599627
4,TPA + acetic acid,1,1.52,4.0584,4.707720597073234,2.2455628157744654,6.34902546747859
4,TPA + acetic acid,1,1.54,4.0668,4.714451481921229,2.250131610545661,6.354450407015236
4,TPA + acetic acid,1,1.56,4.0752,4.721124716815993,2.2547100071777146,6.359804773032712
4,TPA + acetic acid,1,1.58,4.0836,4.727741978985107,2.2596049947455557,6.365090409553357
4,TPA + acetic acid,1,1.6,4.092,4.7343048895183655,2.2682725447150895,6.370309090521435
4,TPA + acetic acid,1,1.62,4.1004,4.740815016169668,2.2770516776836107,6.3754625232944715
4,TPA + acetic acid,1,1.6400000000000001,4.1088,4.747273875992262,2.285945156180664,6.380552351920196
4,TPA + acetic acid,1,1.6600000000000001,4.1171999999999995,4.753682937819175,2.2949558120448144,6.385580160214801
4,TPA + acetic acid,1,1.68,4.1255999999999995,4.760043624599141,2.3040865459038926,6.390547474656115
4,TPA + acetic acid,1,1.7,4.1339999999999995,4.7663573155981105,2.3133403262292713,6.395455767106867
4,TPA + acetic acid,1,1.72,4.142399999999999,4.772625348474693,2.319975705015514,6.400306457376596
4,TPA + acetic acid,1,1.74,4.1508,4.778849021238269,2.325530232402828,6.405100915636757
4,TPA + acetic acid,1,1.76,4.1592,4.785029594096624,2.3311019419066117,6.409840464697085
4,TPA + acetic acid,1,1.78,4.1676,4.791168291200181,2.336691138959913,6.414526382153303
4,TPA + acetic acid,1,1.8,4.176,4.797266302289318,2.342298137434076,6.419159902414698
4,TPA + acetic acid,1,1.82,4.1844,4.803324784249437,2.3479232598300097,6.4237422186195285
4,TPA + acetic acid,1,1.84,4.1928,4.809344862580655,2.353566837476362,6.428274484445639
4,TPA + acetic acid,1,1.86,4.2012,4.815327632784741,2.3592292107349353,6.4327578158230665
4,TPA + acetic acid,1,1.8800000000000001,4.2096,4.821274161675328,2.365442851378277,6.437193292554927
4,TPA + acetic acid,1,1.9000000000000001,4.218,4.8271854886143934,2.374381825214031,6.441581959852485
4,TPA + acetic acid,1,1.92,4.2264,4.833062626678653,2.383424375868665,6.445924829789419
4,TPA + acetic acid,1,1.94,4.2348,4.838906563759036,2.3925724641392616,6.450222882681368
4,TPA + acetic acid,1,1.96,4.2432,4.844718263596244,2.4018280565368997,6.454477068393638
4,TPA + acetic acid,1,1.98,4.2516,4.8504986667546435,2.4111931203543113,6.458688307583156
4,TPA + acetic acid,1,2.0,4.26,4.856248691537033,2.4206696181175547,6.462857492877603
4,TPA + acetic acid,1,2.02,4.2661999999999995,4.861969234842206,2.43025950137247,6.466985489995855
4,TPA + acetic acid,1,2.04,4.2724,4.867661172967028,2.439964703755691,6.471073138813104
4,TPA + acetic acid,1,2.06,4.2786,4.873325362354931,2.44978713329974,6.475121254373949
4,TPA + acetic acid,1,2.08,4.2848,4.878962640292067,2.4597286639222142,6.479130627856446
4,TPA + acetic acid,1,2.1,4.2909999999999995,4.884573825552618,2.469791126050654,6.48310202748994
4,TPA + acetic acid,1,2.12,4.2972,4.890159718994552,2.479976296337493,6.487036199429317
4,TPA + acetic acid,1,2.14,4.3034,4.895721104107064,2.488173643815098,6.490933868588128
4,TPA + acetic acid,1,2.16,4.3096,4.901258747511053,2.493706108237074,6.494795739432876
4,TPA + acetic acid,1,2.18,4.3158,4.906773399413964,2.499250467515905,6.498622496740632
4,TPA + acetic acid,1,2.2,4.322,4.912265794020405,2.5048070252627292,6.502414806321974
4,TPA + acetic acid,1,2.22,4.3282,4.917736649900289,2.51037609209555,6.506173315711152
4,TPA + acetic acid,1,2.24,4.3344,4.923186670316565,2.5159579857697025,6.509898654825214
4,TPA + acetic acid,1,2.2600000000000002,4.3406,4.928616543514196,2.521553031314344,6.513591436593794
4,TPA + acetic acid,1,2.2800000000000002,4.3468,4.934026942973446,2.52716156117516,6.5172522575610685
4,TPA + acetic acid,1,2.3000000000000003,4.353,4.939418527630022,2.5327839153635923,6.52088169846138
4,TPA + acetic acid,1,2.32,4.3591999999999995,4.944791942065519,2.5384204416127236,6.524480324769867
4,TPA + acetic acid,1,2.34,4.3654,4.9501478166716195,2.545238114858254,6.528048687229411
4,TPA + acetic acid,1,2.36,4.3716,4.9554867677922445,2.5540145715113267,6.5315873223550955
4,TPA + acetic acid,1,2.38,4.3778,4.9608093978479175,2.5628550567136967,6.535096752917331
4,TPA + acetic acid,1,2.4,4.384,4.966116295446921,2.5717595710251056,6.5385774884047105
4,TPA + acetic acid,1,2.42,4.3902,4.971408035488213,2.580728055105597,6.542030025467591
4,TPA + acetic acid,1,2.44,4.3964,4.9766851792606515,2.589760386622565,6.545454848343404
4,TPA + acetic acid,1,2.46,4.4026,4.981948274543357,2.598856377205082,6.54885242926451
4,TPA + acetic acid,1,2.48,4.4088,4.987197855711909,2.6080157694703985,6.552223228849545
4,TPA + acetic acid,1,2.5,4.415,4.992434443854017,2.617238234149501,6.55556769647896
4,TPA + acetic acid,1,2.52,4.4212,4.997658546898743,2.6231388647093183,6.5588862706555755
4,TPA + acetic acid,1,2.54,4.4274000000000004,5.002870659762004,2.6290078060314706,6.562179379350843
4,TPA + acetic acid,1,2.56,4.4336,5.008071264510628,2.634895500136727,6.565447440337476
4,TPA + acetic acid,1,2.58,4.4398,5.013260830546745,2.6408024394429956,6.568690861509099
4,TPA + acetic acid,1,2.6,4.446,5.018439814813404,2.646729128079743,6.571910041187522
4,TPA + acetic acid,1,2.62,4.4522,5.023608662022052,2.65267608223538,6.575105368418198
4,TPA + acetic acid,1,2.64,4.4584,5.028767804901571,2.6586438305207203,6.578277223254407
4,TPA + acetic acid,1,2.66,4.4646,5.033917664469032,2.6646329143492773,6.581425977030687
4,TPA + acetic acid,1,2.68,4.4708000000000006,5.039058650321479,2.6706438883352215,6.584551992625981
4,TPA + acetic acid,1,2.7,4.477,5.044191160948782,2.676677320709844,6.587655624716978
4,TPA + acetic acid,1,2.72,4.4832,5.049315584066917,2.6827337937574596,6.590737220022058
4,TPA + acetic acid,1,2.74,4.4894,5.054432296971841,2.6912129994611504,6.593797117536287
4,TPA + acetic acid,1,2.7600000000000002,4.4956000000000005,5.0595416669139786,2.7020058673483485,6.596835648757811
4,TPA + acetic acid,1,2.7800000000000002,4.5018,5.064644051493032,2.7129165809489173,6.599853137906079
4,TPA + acetic acid,1,2.8000000000000003,4.508,5.069739799072951,2.7239455452253027,6.60284990213219
4,TPA + acetic acid,1,2.82,4.5142,5.074829249216336,2.7350929642729804,6.605826251721728
4,TPA + acetic acid,1,2.84,4.5204,5.079912733136627,2.746358821965159,6.6087824902904195
4,TPA + acetic acid,1,2.86,4.5266,5.084990574165772,2.7577428620633384,6.611718914972874
4,TPA + acetic acid,1,2.88,4.5328,5.090063088233407,2.7692445679708744,6.614635816604746
4,TPA + acetic acid,1,2.9,4.539000000000001,5.095130584352682,2.780863142344285,6.617533479898551
4,TPA + acetic acid,1,2.92,4.5452,5.10019336510595,2.7925974868164873,6.620412183613425
4,TPA + acetic acid,1,2.94,4.5514,5.1052517271223055,2.8044461821265427,6.623272200719059
4,TPA + acetic acid,1,2.96,4.5576,5.110305961537496,2.8164074689905974,6.626113798554064
4,TPA + acetic acid,1,2.98,4.5638000000000005,5.11535635442531,2.8284792300869617,6.628937238978967
4,TPA + acetic acid,1,3.0,4.57,5.120403187188647,2.8406589735629115,6.631742778524076
4,TPA + acetic acid,1,3.02,4.5766,5.1254467368976355,2.8502797292430264,6.634530668532415
4,TPA + acetic acid,1,3.04,4.583200000000001,5.130487276561549,2.8590624720294198,6.637301155297916
4,TPA + acetic acid,1,3.06,4.5898,5.135525075320592,2.867864287178917,6.640054480199051
4,TPA + acetic acid,1,3.08,4.5964,5.140560398544079,2.876684782510334,6.642790879828118
4,TPA + acetic acid,1,3.1,4.603000000000001,5.145593507820336,2.885523585661394,6.645510586116288
4,TPA + acetic acid,1,3.12,4.6096,5.150624660824861,2.8943803455558763,6.648213826454642
4,TPA + acetic acid,1,3.14,4.6162,5.1556541110521135,2.9032547338371835,6.650900823811314
4,TPA + acetic acid,1,3.16,4.622800000000001,5.160682107397653,2.912146446265213,6.65357179684489
4,TPA + acetic acid,1,3.18,4.6294,5.16570889357721,2.921055204073907,6.656951672161117
4,TPA + acetic acid,1,3.2,4.636,5.170734707371567,2.929980755287189,6.662192640766412
4,TPA + acetic acid,1,3.22,4.642600000000001,5.175759779687734,2.9382412463936243,6.667424630334567
4,TPA + acetic acid,1,3.24,4.6492,5.180784333432634,2.94653689420244,6.672647886430958
4,TPA + acetic acid,1,3.2600000000000002,4.6558,5.1858085822013384,2.9549079368374525,6.677862651222409
4,TPA + acetic acid,1,3.2800000000000002,4.662400000000001,5.190832728793163,2.965729445252821,6.683069163585865
4,TPA + acetic acid,1,3.3000000000000003,4.6690000000000005,5.195856963583391,2.975342921742917,6.688267659214519
4,TPA + acetic acid,1,3.3200000000000003,4.6756,5.200881462797336,2.990886518753195,6.69345837072146
4,TPA + acetic acid,1,3.34,4.6822,5.205906386757055,3.0045966133854423,6.698641527740968
4,TPA + acetic acid,1,3.36,4.6888000000000005,5.2109318781971865,3.01078789401321,6.7038173570275745
4,TPA + acetic acid,1,3.38,4.6954,5.21595806077064,3.016984530063538,6.70898608255294
4,TPA + acetic acid,1,3.4,4.702,5.220985037883634,3.0231866037579618,6.714147925600679
4,TPA + acetic acid,1,3.42,4.708600000000001,5.226012892004034,3.029394199180018,6.7193031048592236
4,TPA + acetic acid,1,3.44,4.7152,5.231041684570706,3.0383473031619035,6.724451836512767
4,TPA + acetic acid,1,3.46,4.7218,5.236071456591386,3.05298628996077,6.729594334330443
4,TPA + acetic acid,1,3.48,4.728400000000001,5.241102229951628,3.0734435287299737,6.734730809753742
4,TPA + acetic acid,1,3.5,4.735,5.246134009378365,3.0937572199885635,6.739861471982314
4,TPA + acetic acid,1,3.52,4.7416,5.25116678492312,3.113901423019035,6.7449865280581704
4,TPA + acetic acid,1,3.54,4.748200000000001,5.256200534768707,3.1334991331194146,6.7501061829484055
4,TPA + acetic acid,1,3.56,4.7548,5.2612352281369175,3.1437993387764704,6.755220639626474
4,TPA + acetic acid,1,3.58,4.7614,5.266270828086382,3.154230405904242,6.760330099152116
4,TPA + acetic acid,1,3.6,4.768000000000001,5.271307294037718,3.1622138069138046,6.765434760749972
4,TPA + acetic acid,1,3.62,4.7746,5.276344583931542,3.1710213529055116,6.770534821886956
4,TPA + acetic acid,1,3.64,4.7812,5.281382655996942,3.1863480471105117,6.775630478348495
4,TPA + acetic acid,1,3.66,4.787800000000001,5.286421470170407,3.197342357554211,6.780721924313587
4,TPA + acetic acid,1,3.68,4.7944,5.291460989245483,3.2084879467474066,6.785809352428853
4,TPA + acetic acid,1,3.7,4.801,5.29650117985204,3.2222922154693956,6.788891174331649
4,TPA + acetic acid,1,3.72,4.807600000000001,5.301542013362706,3.241270458311763,6.791366440174398
4,TPA + acetic acid,1,3.74,4.8142000000000005,5.306583466808511,3.2553032343087693,6.793829546383016
4,TPA + acetic acid,1,3.7600000000000002,4.8208,5.311625523862189,3.265609618627244,6.796280626583995
4,TPA + acetic acid,1,3.7800000000000002,4.827400000000001,5.316668175921907,3.275899474898453,6.798719812276278
4,TPA + acetic acid,1,3.8000000000000003,4.8340000000000005,5.3217114233026575,3.2861732846808556,6.801147232876227
4,TPA + acetic acid,1,3.8200000000000003,4.8406,5.326755276521286,3.296431599733716,6.803563015761391
4,TPA + acetic acid,1,3.84,4.8472,5.331799757644538,3.306675039839199,6.805967286313164
4,TPA + acetic acid,1,3.86,4.853800000000001,5.336844901658664,3.3206847632574306,6.808360167958304
4,TPA + acetic acid,1,3.88,4.8604,5.34189075781537,3.3293860287602364,6.8107417822094
4,TPA + acetic acid,1,3.9,4.867,5.346937390911284,3.3423772340729654,6.813112248704284
4,TPA + acetic acid,1,3.92,4.873600000000001,5.351984882467334,3.3556968617752583,6.81547168524445
4,TPA + acetic acid,1,3.94,4.8802,5.357033331789203,3.3692276066764224,6.817820207832478
4,TPA + acetic acid,1,3.96,4.8868,5.362082856909024,3.38297357539059,6.82015793070852
4,TPA + acetic acid,1,3.98,4.893400000000001,5.367133595428839,3.396906739966206,6.8224849663858755
4,TPA + acetic acid,1,4.0,4.9,5.3721857053076745,3.4084564247011366,6.824801425685649
4,TPA + acetic acid,1,4.0200000000000005,4.908200000000001,5.3772393656519535,3.420076603972775,6.827107417770575
4,TPA + acetic acid,1,4.04,4.9164,5.382294777583758,3.4317710993132016,6.82940305017798
4,TPA + acetic acid,1,4.0600000000000005,4.924600000000001,5.387352165271585,3.4435439096150873,6.831688428851939
4,TPA + acetic acid,1,4.08,4.9328,5.392411777214273,3.4553992219230567,6.833963658174639
4,TPA + acetic acid,1,4.1,4.941,5.397473887871879,3.467341423235517,6.836228840996986
4,TPA + acetic acid,1,4.12,4.9492,5.402538799739736,3.4793751134154354,6.838484078668451
4,TPA + acetic acid,1,4.14,4.9574,5.40760684596618,3.487692541238351,6.840729471066199
4,TPA + acetic acid,1,4.16,4.9656,5.412678393623034,3.4997167693820757,6.84296511662353
4,TPA + acetic acid,1,4.18,4.9738,5.417753847754358,3.513837346460268,6.845191112357613
4,TPA + acetic acid,1,4.2,4.982,5.4228336563567465,3.5277625127716608,6.847407553896572
4,TPA + acetic acid,1,4.22,4.9902,5.427918316486959,3.5356214965029675,6.849614535505939
4,TPA + acetic acid,1,4.24,4.9984,5.433008381756572,3.553786795207775,6.851812150114453
4,TPA + acetic acid,1,4.26,5.0066,5.438104471565642,3.568417581685786,6.854000489339279
4,TPA + acetic acid,1,4.28,5.0148,5.443207282560445,3.579573018915349,6.856179643510625
4,TPA + acetic acid,1,4.3,5.023,5.448317602994408,3.5926804318641734,6.858349701695779
4,TPA + acetic acid,1,4.32,5.0312,5.453436330952665,3.6059409456545497,6.860510751722606
4,TPA + acetic acid,1,4.34,5.0394,5.458564497825537,3.6193628176279518,6.862662880202475
4,TPA + acetic acid,1,4.36,5.0476,5.463703299063523,3.6327570074623505,6.864806172552692
4,TPA + acetic acid,1,4.38,5.0558,5.468854135274481,3.645158712672753,6.866940713018391
4,TPA + acetic acid,1,4.4,5.064,5.474018668411858,3.6574167296170117,6.86906658469394
4,TPA + acetic acid,1,4.42,5.0722,5.4791989006954775,3.669535891033629,6.871183869543861
4,TPA + acetic acid,1,4.44,5.0804,5.484397289107529,3.684016148579082,6.873292648423275
4,TPA + acetic acid,1,4.46,5.0886,5.489616918190952,3.696573449490158,6.875393001097889
4,TPA + acetic acid,1,4.48,5.0968,5.494861773981504,3.709312126212227,6.8790645346952495
4,TPA + acetic acid,1,4.5,5.105,5.5001372064171195,3.722235221799906,6.883412425395488
4,TPA + acetic acid,1,4.5200000000000005,5.1132,5.5054507778106645,3.7353455382071834,6.88775768652555
4,TPA + acetic acid,1,4.54,5.1214,5.510814013295162,3.748645588535987,6.892100400757844
4,TPA + acetic acid,1,4.5600000000000005,5.1296,5.516246715564942,3.762137544630833,6.896440649900493
4,TPA + acetic acid,1,4.58,5.1378,5.52179132416109,3.775823180028814,6.9007785149238625
4,TPA + acetic acid,1,4.6000000000000005,5.146,5.527602445048985,3.789703808404883,6.905114075986898
4,TPA + acetic acid,1,4.62,5.1542,5.536659461372684,3.8037802178153948,6.924224428312078
4,TPA + acetic acid,1,4.64,5.1624,5.542730639063152,3.8180526012406686,6.926266634843699
4,TPA + acetic acid,1,4.66,5.1706,5.548507656817575,3.8325204841603338,6.928300878895625
4,TPA + acetic acid,1,4.68,5.1788,5.554262911001034,3.8471826501622743,6.930327229657529
4,TPA + acetic acid,1,4.7,5.187,5.5600959619169465,3.8620370658821113,6.9323457554351045
4,TPA + acetic acid,1,4.72,5.1952,5.566244633137559,3.8770808068872444,6.9343565236650875
4,TPA + acetic acid,1,4.74,5.2034,5.576003712061277,3.892309986444495,6.943078431671715
4,TPA + acetic acid,1,4.76,5.2116,5.582288467630104,3.9077196894253348,6.944948316134852
4,TPA + acetic acid,1,4.78,5.2198,5.588506872284284,3.923303913884352,6.94681197981895
4,TPA + acetic acid,1,4.8,5.228,5.5956649958065325,3.9390555230673687,6.9561300164611755
4,TPA + acetic acid,1,4.82,5.2362,5.604524921069029,3.9529991323602394,6.958606108034626
4,TPA + acetic acid,1,4.84,5.2444,5.610733732614779,3.961094100678327,6.96107540422874
4,TPA + acetic acid,1,4.86,5.2526,5.61680660035592,3.987225657225772,6.963537967549204
4,TPA + acetic acid,1,4.88,5.2608,5.622864482809035,4.003551886993931,6.965993859742573
4,TPA + acetic acid,1,4.9,5.269,5.628980029155865,4.019992204008393,6.981095530090418
4,TPA + acetic acid,1,4.92,5.2772,5.6352372832552104,4.036532589142395,6.983557619895384
4,TPA + acetic acid,1,4.94,5.2854,5.641824216332013,4.046570180501744,6.986013641071645
4,TPA + acetic acid,1,4.96,5.2936,5.650496633974484,4.056394965184802,6.988463655157048
4,TPA + acetic acid,1,4.98,5.3018,5.661528603481403,4.0661831016496155,7.050631423863802
4,TPA + acetic acid,1,5.0,5.31,5.668530450438896,4.075936949413153,7.05331959208903
4,TPA + acetic acid,1,5.0200000000000005,5.324,5.675609185133953,4.085658831356497,7.062948666057528
4,TPA + acetic acid,1,5.04,5.338,5.684670243309125,4.095351036442759,7.065326435488979
4,TPA + acetic acid,1,5.0600000000000005,5.352,5.691658776518202,4.10501582237908,7.067701007095158
4,TPA + acetic acid,1,5.08,5.366,5.7018602318191345,4.114655418226876,7.089626818701145
4,TPA + acetic acid,1,5.1000000000000005,5.38,5.709233060925222,4.1242720269645865,7.091533926106234
4,TPA + acetic acid,1,5.12,5.394,5.715939309141933,4.13386782800735,7.093434951750529
4,TPA + acetic acid,1,5.14,5.4079999999999995,5.722850350694443,4.1434449796880735,7.0953299476694625
4,TPA + acetic acid,1,5.16,5.422,5.7339091195207414,4.153005621704523,7.117519297640371
4,TPA + acetic acid,1,5.18,5.435999999999999,5.747366427237971,4.164702303177904,7.158507325282111
4,TPA + acetic acid,1,5.2,5.45,5.754412744913067,4.178618116579152,7.16137909863609
4,TPA + acetic acid,1,5.22,5.4639999999999995,5.760917105695789,4.187817346963474,7.164248196038288
4,TPA + acetic acid,1,5.24,5.478,5.767266449045775,4.197144348869594,7.1671147070049415
4,TPA + acetic acid,1,5.26,5.491999999999999,5.773568667603394,4.206603994733021,7.190724036459619
4,TPA + acetic acid,1,5.28,5.506,5.779865987845474,4.228132902624402,7.196101890389851
4,TPA + acetic acid,1,5.3,5.52,5.786185540202845,4.2384457420111765,7.199416149331952
4,TPA + acetic acid,1,5.32,5.534,5.792593524448697,4.248796710637773,7.2015688590597104
4,TPA + acetic acid,1,5.34,5.547999999999999,5.799326984370645,4.259188723056544,7.203717505244072
4,TPA + acetic acid,1,5.36,5.562,5.807600724430424,4.268605732581602,7.2157836198733705
4,TPA + acetic acid,1,5.38,5.576,5.817077335656435,4.272075515699676,7.223188627130829
4,TPA + acetic acid,1,5.4,5.59,5.824053395549554,4.288522692851743,7.228647717789412
4,TPA + acetic acid,1,5.42,5.603999999999999,5.830797314381351,4.3012277621230695,7.232640030085479
4,TPA + acetic acid,1,5.44,5.618,5.839008613089217,4.314395121365276,7.239610321891414
4,TPA + acetic acid,1,5.46,5.632,5.847446658749223,4.320170190603584,7.2451145339595815
4,TPA + acetic acid,1,5.48,5.646,5.854270056729414,4.324712888031314,7.250634496446734
4,TPA + acetic acid,1,5.5,5.66,5.861149726794219,4.332672864571279,7.256170575974085
4,TPA + acetic acid,1,5.5200000000000005,5.674,5.868490131249538,4.344455286281077,7.261723146483593
4,TPA + acetic acid,1,5.54,5.688,5.878982507054734,4.359181475297756,7.273479997525923
4,TPA + acetic acid,1,5.5600000000000005,5.702,5.890676163095774,4.3687560838048825,7.290141208077413
4,TPA + acetic acid,1,5.58,5.715999999999999,5.902046534602132,4.381299856511836,7.451325405298752
4,TPA + acetic acid,1,5.6000000000000005,5.73,5.911846065973695,4.3941244513352355,7.453655982696086
4,TPA + acetic acid,1,5.62,5.744,5.922104410164611,4.4072451866647935,7.463800981745647
4,TPA + acetic acid,1,5.64,5.757999999999999,5.929591987046803,4.420678638149484,7.466138464330326
4,TPA + acetic acid,1,5.66,5.772,5.93703993495121,4.433723779478658,7.505844112125992
4,TPA + acetic acid,1,5.68,5.786,5.946545102294556,4.447388566161013,7.522768935467562
4,TPA + acetic acid,1,5.7,5.8,5.956052757198623,4.461195004073538,7.527273553196089
4,TPA + acetic acid,1,5.72,5.814,5.965803819501367,4.471296652540794,7.559426756497107
4,TPA + acetic acid,1,5.74,5.827999999999999,5.974294471390587,4.480873966059615,7.561525598678282
4,TPA + acetic acid,1,5.76,5.842,5.98175445811568,4.492963136403892,7.708221282059455
4,TPA + acetic acid,1,5.78,5.856,5.990931155837671,4.505184414996549,7.73081960856522
4,TPA + acetic acid,1,5.8,5.869999999999999,5.998130926775147,4.517543967069999,7.7493021940016416
4,TPA + acetic acid,1,5.82,5.884,6.005694098866909,4.538820050568106,7.767315860791802
4,TPA + acetic acid,1,5.84,5.898,6.014692769727654,4.55097737771886,7.784878029496671
4,TPA + acetic acid,1,5.86,5.912,6.021741546265306,4.564491630586163,7.802006140483943
4,TPA + acetic acid,1,5.88,5.926,6.028725920570582,4.573179494710747,7.81871746271786
4,TPA + acetic acid,1,5.9,5.94,6.035866631462608,4.581651755829798,7.865332305325101
4,TPA + acetic acid,1,5.92,5.954,6.043587368394368,4.594986987643534,8.417058609741616
4,TPA + acetic acid,1,5.94,5.968,6.054194775951614,4.608512325201248,9.964747915752607
4,TPA + acetic acid,1,5.96,5.981999999999999,6.063326586236868,4.619978460074433,10.370684098907123
4,TPA + acetic acid,1,5.98,5.996,6.073112819480575,4.628279239762719,10.577249374109428
4,TPA + acetic acid,1,6.0,6.01,6.082811357248049,4.633737518351845,10.716501581923012
4,TPA + acetic acid,1,6.0200000000000005,6.0478000000000005,6.090631450373262,4.639191048455656,10.821600842884582
4,TPA + acetic acid,1,6.04,6.0855999999999995,6.0982919221402785,4.64464022545469,10.90599812103909
4,TPA + acetic acid,1,6.0600000000000005,6.123400000000001,6.10619327650658,4.650085443559449,10.976493595321774
4,TPA + acetic acid,1,6.08,6.1612,6.116191176853716,4.656897750922539,11.037005751451424
4,TPA + acetic acid,1,6.1000000000000005,6.199000000000001,6.12547360418447,4.665340092542602,11.089999524163257
4,TPA + acetic acid,1,6.12,6.2368,6.139512840904228,4.671666556269432,11.137126625881194
4,TPA + acetic acid,1,6.140000000000001,6.274600000000001,6.153358984699048,4.676726038484295,11.179548045306298
4,TPA + acetic acid,1,6.16,6.3124,6.164186128324107,4.681780105217115,11.218111020370419
4,TPA + acetic acid,1,6.18,6.350199999999999,6.179857711548459,4.686829163690813,11.253452796633372
4,TPA + acetic acid,1,6.2,6.388,6.196954537391992,4.694966829214492,11.286064753760979
4,TPA + acetic acid,1,6.22,6.4258,6.208790769140795,4.698501669992579,11.316333782129146
4,TPA + acetic acid,1,6.24,6.4636000000000005,6.218472808993902,4.702042629965559,11.344569955636942
4,TPA + acetic acid,1,6.26,6.501399999999999,6.2290945768162755,4.706983392486382,11.371025610095757
4,TPA + acetic acid,1,6.28,6.5392,6.238745051833073,4.712013453565943,11.395908843611522
4,TPA + acetic acid,1,6.3,6.577,6.250404662951038,4.717040913570273,11.419393288261414
4,TPA + acetic acid,1,6.32,6.614800000000001,6.266418469589253,4.722066169334168,11.441625324402864
4,TPA + acetic acid,1,6.34,6.6526,6.276572985355874,4.727089616914645,11.462729500949532
4,TPA + acetic acid,1,6.36,6.6904,6.288810029625223,4.732111651764306,11.482812671689686
4,TPA + acetic acid,1,6.38,6.7282,6.302272538559162,4.737132668905035,11.501967196160482
4,TPA + acetic acid,1,6.4,6.766000000000001,6.317654283917586,4.742427885415653,11.520273447988764
4,TPA + acetic acid,1,6.42,6.8038,6.336647332480565,4.747868840078548,11.53780180306314
4,TPA + acetic acid,1,6.44,6.841600000000001,6.352079086766603,4.753313308899136,11.554614231840251
4,TPA + acetic acid,1,6.46,6.8794,6.3648156087625996,4.758761695407147,11.57076558675736
4,TPA + acetic acid,1,6.48,6.917200000000001,6.374176313344582,4.763191717322131,11.586304652230599
4,TPA + acetic acid,1,6.5,6.955,6.384055321308099,4.767259510472961,11.601275007912975
4,TPA + acetic acid,1,6.5200000000000005,6.992800000000001,6.394461666917045,4.774656639910461,11.615715743700026
4,TPA + acetic acid,1,6.54,7.0306,6.405503277150626,4.780602569220962,11.629662056023147
4,TPA + acetic acid,1,6.5600000000000005,7.068400000000001,6.416894903212406,4.7860748374296715,11.643145748323807
4,TPA + acetic acid,1,6.58,7.1062,6.427200200945142,4.79155718186542,11.656195653611363
4,TPA + acetic acid,1,6.6000000000000005,7.144000000000001,6.440434744459749,4.797044497613381,11.668837993222159
4,TPA + acetic acid,1,6.62,7.181800000000001,6.452173496049295,4.802539053419961,11.681096683000927
4,TPA + acetic acid,1,6.640000000000001,7.219600000000002,6.469842144319538,4.832896490507705,11.692993595888083
4,TPA + acetic acid,1,6.66,7.2574000000000005,6.480826132827124,4.8456028962609,11.704548788155535
4,TPA + acetic acid,1,6.68,7.2951999999999995,6.492361875313286,4.858609219347702,11.715780695167322
4,TPA + acetic acid,1,6.7,7.333,6.50520670531109,4.8702913661870895,11.726706301462343
4,TPA + acetic acid,1,6.72,7.3708,6.514916823815633,4.876902178708365,11.737341289097802
4,TPA + acetic acid,1,6.74,7.408600000000001,6.527038255321334,4.883549703889358,11.747700167504746
4,TPA + acetic acid,1,6.76,7.4464,6.5370050472038255,4.900951877528801,11.757796387553551
4,TPA + acetic acid,1,6.78,7.4842,6.548111023388166,4.9153369126754285,11.767642442078724
4,TPA + acetic acid,1,6.8,7.522,6.55917006703732,4.919528552806824,11.777249954747301
4,TPA + acetic acid,1,6.82,7.559800000000001,6.57146015916066,4.923721758291347,11.786629758856058
4,TPA + acetic acid,1,6.84,7.5976,6.582705481173005,4.927916814388318,11.795791967396767
4,TPA + acetic acid,1,6.86,7.635400000000001,6.593840032183317,4.932114007449197,11.80474603552572
4,TPA + acetic acid,1,6.88,7.6732,6.603886041166573,4.936313625021819,11.813500816404428
4,TPA + acetic acid,1,6.9,7.711000000000001,6.613125311857298,4.9405159559560765,11.822064611238332
4,TPA + acetic acid,1,6.92,7.7488,6.622376589612229,4.944721290511067,11.830445214222053
4,TPA + acetic acid,1,6.94,7.786600000000001,6.635890194254754,4.948929920463884,11.838649953001038
4,TPA + acetic acid,1,6.96,7.824400000000001,6.650754272703384,4.953142139220054,11.846685725175803
4,TPA + acetic acid,1,6.98,7.862200000000001,6.661288962936366,4.957358241925787,11.854559031304326
4,TPA + acetic acid,1,7.0,7.9,6.671071846525015,4.961578525582155,11.862276004798183
4,TPA + acetic acid,1,7.0200000000000005,7.952200000000001,6.6800370709332695,4.965803289161249,11.869842439056761
4,TPA + acetic acid,1,7.04,8.0044,6.689633269282416,4.979446110620561,11.87726381214016
4,TPA + acetic acid,1,7.0600000000000005,8.056600000000001,6.698830862980825,4.993902279924521,11.884545309244022
4,TPA + acetic acid,1,7.08,8.1088,6.711094817825488,5.003411646032591,11.891691843207042
4,TPA + acetic acid,1,7.1000000000000005,8.161000000000001,6.720788792320106,5.010950609756302,11.898708073254369
4,TPA + acetic acid,1,7.12,8.2132,6.730232163056344,5.018554958371775,11.905598422155862
4,TPA + acetic acid,1,7.140000000000001,8.265400000000001,6.7389952216100415,5.026226775878303,11.91236709195741
4,TPA + acetic acid,1,7.16,8.3176,6.748218579263267,5.033968226616665,11.91901807842541
4,TPA + acetic acid,1,7.18,8.3698,6.759451043929801,5.0417815597691416,11.925555184328658
4,TPA + acetic acid,1,7.2,8.422,6.770244547982734,5.04852798319423,11.931982031668198
4,TPA + acetic acid,1,7.22,8.4742,6.782082520753934,5.050436624834102,11.93830207295353
4,TPA + acetic acid,1,7.24,8.5264,6.792229727590992,5.065676721608103,11.944518601613066
4,TPA + acetic acid,1,7.26,8.5786,6.802124610305268,5.073801948807457,11.95063476161743
4,TPA + acetic acid,1,7.28,8.6308,6.810412500664057,5.082011757858801,11.956653556385845
4,TPA + acetic acid,1,7.3,8.683,6.818538222676183,5.090309020981307,11.962577857038902
4,TPA + acetic acid,1,7.32,8.7352,6.829020168560069,5.0986967371623635,11.968410410054325
4,TPA + acetic acid,1,7.34,8.7874,6.837393281750501,5.107178040069575,11.974153844376897
4,TPA + acetic acid,1,7.36,8.8396,6.845520561858687,5.114061957212396,11.979810678028514
4,TPA + acetic acid,1,7.38,8.8918,6.853908274950388,5.115934690624458,11.985383324260066
4,TPA + acetic acid,1,7.4,8.944,6.862695900686472,5.117807213152879,11.990874097282592
4,TPA + acetic acid,1,7.42,8.9962,6.873874131114473,5.1196795543933415,11.996285217611906
4,TPA + acetic acid,1,7.44,9.0484,6.883404076657643,5.121551743925561,12.001618817057459
4,TPA + acetic acid,1,7.46,9.1006,6.893743650465832,5.123423811315856,12.006876943383574
4,TPA + acetic acid,1,7.48,9.152800000000001,6.904109664288557,5.128239361507934,12.012061564668436
4,TPA + acetic acid,1,7.5,9.205,6.916179534259893,5.141358633996431,12.017174573384125
4,TPA + acetic acid,1,7.5200000000000005,9.257200000000001,6.927871408313162,5.143357237912621,12.022217790218864
4,TPA + acetic acid,1,7.54,9.3094,6.937141817161013,5.145354410879399,12.027192967660664
4,TPA + acetic acid,1,7.5600000000000005,9.361600000000001,6.948160193157618,5.14735017551541,12.032101793360194
4,TPA + acetic acid,1,7.58,9.4138,6.957158699692415,5.149344554348076,12.036945893288834
4,TPA + acetic acid,1,7.6000000000000005,9.466000000000001,6.966061331164117,5.151337569815253,12.041726834706804
4,TPA + acetic acid,1,7.62,9.5182,6.9763988012174165,5.159853791636891,12.046446128954855
4,TPA + acetic acid,1,7.640000000000001,9.570400000000001,6.9855446735857205,5.163319457320689,12.051105234082051
4,TPA + acetic acid,1,7.66,9.6226,6.995479920814808,5.165620383116963,12.055705557320856
4,TPA + acetic acid,1,7.68,9.6748,7.007228282721118,5.167451836197525,12.060248457420382
4,TPA + acetic acid,1,7.7,9.727,7.017907339901991,5.169240952476731,12.064735246847047
4,TPA + acetic acid,1,7.72,9.7792,7.026063024354817,5.171028063662186,12.069167193861905
4,TPA + acetic acid,1,7.74,9.8314,7.033859151514831,5.17281318722155,12.073545524482682
4,TPA + acetic acid,1,7.76,9.8836,7.041663443375715,5.174596340513142,12.07787142433817
4,TPA + acetic acid,1,7.78,9.9358,7.050745303527741,5.176377540787199,12.082146040421954
4,TPA + acetic acid,1,7.8,9.988,7.058673470084019,5.1781568051870615,12.08637048275201
4,TPA + acetic acid,1,7.82,10.0402,7.0667443535990335,5.179934150750386,12.090545825942122
4,TPA + acetic acid,1,7.84,10.0924,7.075996126347324,5.181709594410327,12.094673110690703
4,TPA + acetic acid,1,7.86,10.1446,7.083682758145005,5.188644989399396,12.09875334519219
4,TPA + acetic acid,1,7.88,10.1968,7.090903509342755,5.190949698151529,12.102787506475753
4,TPA + acetic acid,1,7.9,10.249,7.09808200835896,5.194470029309173,12.106776541675817
4,TPA + acetic acid,1,7.92,10.3012,7.105270760754975,5.201780642965629,12.11072136923848
4,TPA + acetic acid,1,7.94,10.3534,7.112620386942502,5.20915366466588,12.114622880067703
4,TPA + acetic acid,1,7.96,10.4056,7.1217865180977,5.213469889776414,12.118481938614792
4,TPA + acetic acid,1,7.98,10.4578,7.129843333943872,5.215136759430209,12.12229938391459
4,TPA + acetic acid,1,8.0,10.51,7.136997005111728,5.21680167073211,12.126076030571387
4,TPA + acetic acid,1,8.02,10.527,7.143903253512805,5.218705728045535,12.129812669697507
4,TPA + acetic acid,1,8.040000000000001,10.544,7.150724299824341,5.22651297173414,12.133510069807254
4,TPA + acetic acid,1,8.06,10.561,7.157640081329182,5.229981301430234,12.137168977668722
4,TPA + acetic acid,1,8.08,10.578,7.166280974713173,5.232077333569739,12.140790119115884
4,TPA + acetic acid,1,8.1,10.594999999999999,7.1735693887258485,5.2341731090997925,12.144374199823098
4,TPA + acetic acid,1,8.120000000000001,10.612,7.180420656030295,5.236268652455816,12.147921906044111
4,TPA + acetic acid,1,8.14,10.629,7.187324116910472,5.238363988057106,12.151433905317568
4,TPA + acetic acid,1,8.16,10.645999999999999,7.195657876164945,5.240459140308548,12.154910847140712
4,TPA + acetic acid,1,8.18,10.663,7.203384057633071,5.242554133602315,12.158353363613092
4,TPA + acetic acid,1,8.2,10.68,7.210519737027604,5.244648992319583,12.161762070051779
4,TPA + acetic acid,1,8.22,10.697000000000001,7.217748731845478,5.246743740832224,12.165137565579666
4,TPA + acetic acid,1,8.24,10.714,7.224965103574594,5.248838403504514,12.168480433688185
4,TPA + acetic acid,1,8.26,10.731,7.232296190623033,5.251674433228697,12.171791242775821
4,TPA + acetic acid,1,8.28,10.748,7.241185770727276,5.256992432138807,12.175070546663616
4,TPA + acetic acid,1,8.3,10.765,7.248632914387667,5.262347010351753,12.17831888508887
4,TPA + acetic acid,1,8.32,10.782,7.256677150443665,5.267739123342379,12.181536784178103
4,TPA + acetic acid,1,8.34,10.799,7.26610339557647,5.273169755040874,12.184724756900355
4,TPA + acetic acid,1,8.36,10.815999999999999,7.276621315035653,5.278639919077831,12.187883303501735
4,TPA + acetic acid,1,8.38,10.833,7.287573145923755,5.284150660095639,12.191012911922229
4,TPA + acetic acid,1,8.4,10.85,7.301832495943569,5.289703055130543,12.194114058195527
4,TPA + acetic acid,1,8.42,10.866999999999999,7.31413593309122,5.295298215070003,12.197187206832801
4,TPA + acetic acid,1,8.44,10.883999999999999,7.325208534462811,5.298274846316659,12.200232811191096
4,TPA + acetic acid,1,8.46,10.901,7.336602122954971,5.29973660906375,12.203251313827145
4,TPA + acetic acid,1,8.48,10.918,7.347728755216414,5.3011971583029815,12.206243146837274
4,TPA + acetic acid,1,8.5,10.934999999999999,7.3578253725430125,5.302656508085757,12.209208732184003
4,TPA + acetic acid,1,8.52,10.952,7.366305626447455,5.304114672401317,12.212148482010065
4,TPA + acetic acid,1,8.540000000000001,10.969000000000001,7.376179227035385,5.305571665177574,12.215062798940249
4,TPA + acetic acid,1,8.56,10.986,7.385157340012364,5.307027500281935,12.21795207637193
4,TPA + acetic acid,1,8.58,11.003,7.3961915151227995,5.315908569386714,12.220816698754348
4,TPA + acetic acid,1,8.6,11.02,7.405591822732827,5.329217916276548,12.223657041857606
4,TPA + acetic acid,1,8.620000000000001,11.037,7.415397819671164,5.342786094262715,12.226473473031536
4,TPA + acetic acid,1,8.64,11.054,7.42722852712864,5.356627170378147,12.22926635145502
4,TPA + acetic acid,1,8.66,11.071,7.435614611824068,5.366117226085553,12.23203602837614
4,TPA + acetic acid,1,8.68,11.088,7.444111551742038,5.368942837274512,12.234782847343595
4,TPA + acetic acid,1,8.700000000000001,11.105,7.453528952945203,5.371773694874674,12.2375071444297
4,TPA + acetic acid,1,8.72,11.122,7.4634079415733945,5.374609870991813,12.2402092484454
4,TPA + acetic acid,1,8.74,11.139,7.474060183643047,5.377451438398861,12.242889481147618
4,TPA + acetic acid,1,8.76,11.155999999999999,7.4863275411658385,5.380142201662943,12.245548157439224
4,TPA + acetic acid,1,8.78,11.172999999999998,7.494754163060558,5.381192867799484,12.248185585562005
4,TPA + acetic acid,1,8.8,11.19,7.502803759666044,5.388219931287665,12.25080206728287
4,TPA + acetic acid,1,8.82,11.206999999999999,7.51139906499254,5.398027602887467,12.253397898073597
4,TPA + acetic acid,1,8.84,11.224,7.520851217678434,5.40795710395539,12.255973367284408
4,TPA + acetic acid,1,8.86,11.241,7.529805028506017,5.4109881978122445,12.25852875831156
4,TPA + acetic acid,1,8.88,11.258000000000001,7.538457691609362,5.41271960763542,12.261064348759309
4,TPA + acetic acid,1,8.9,11.275,7.5465107907266065,5.414450112646525,12.26358041059633
4,TPA + acetic acid,1,8.92,11.292,7.556093922269294,5.416179727175523,12.26607721030695
4,TPA + acetic acid,1,8.94,11.309,7.566148739651499,5.417908465508818,12.268555009037318
4,TPA + acetic acid,1,8.96,11.326,7.5758509360249695,5.4196363418899995,12.271014062736718
4,TPA + acetic acid,1,8.98,11.343,7.586124527631322,5.4213633705205915,12.27345462229433
4,TPA + acetic acid,1,9.0,11.36,7.598541994710843,5.423089565560781,12.275876933671384
4,TPA + acetic acid,2,0.0,2.81,2.7833669085664967,1.7015531363634193,3.8331904875537717
4,TPA + acetic acid,2,0.02,2.8306,2.8489674736585204,1.7052565643606998,4.128379826541343
4,TPA + acetic acid,2,0.04,2.8512,2.905652671769287,1.7089738150194358,4.344158203430558
4,TPA + acetic acid,2,0.06,2.8718,2.954663018545507,1.7127050554274938,4.498044348967348
4,TPA + acetic acid,2,0.08,2.8924,2.997797848864692,1.716450455507177,4.614617681184114
4,TPA + acetic acid,2,0.1,2.9130000000000003,3.0363763153290395,1.720210188081278,4.7077123166430805
4,TPA + acetic acid,2,0.12,2.9336,3.071332052884499,1.723984428940986,4.784974890842818
4,TPA + acetic acid,2,0.14,2.9542,3.103339858262118,1.7277733569157165,4.850926637345069
4,TPA + acetic acid,2,0.16,2.9748,3.1329015948144363,1.7315771539449494,4.908425215589677
4,TPA + acetic acid,2,0.18,2.9954,3.1604005698163995,1.7353960051520874,4.959379787020197
4,TPA + acetic acid,2,0.2,3.016,3.186136310122653,1.739230098920483,5.005124449486733
4,TPA + acetic acid,2,0.22,3.0366,3.2103474408174995,1.7430796269716358,5.04665394875555
4,TPA + acetic acid,2,0.24,3.0572,3.2332272097658836,1.7469447844456796,5.084806128927822
4,TPA + acetic acid,2,0.26,3.0778,3.2549343305815874,1.7508257699842211,5.119991774442038
4,TPA + acetic acid,2,0.28,3.0984,3.2756007521109463,1.7547227858156176,5.152237165183106
4,TPA + acetic acid,2,0.3,3.1189999999999998,3.2953373511276496,1.7586360378427792,5.182391244947951
4,TPA + acetic acid,2,0.32,3.1396,3.31423818494215,1.762565735733578,5.210771741744528
4,TPA + acetic acid,2,0.34,3.1602,3.332383722370772,1.766512093013969,5.237471573755849
4,TPA + acetic acid,2,0.36,3.1808,3.3498433352359855,1.770475327163909,5.262681164016023
4,TPA + acetic acid,2,0.38,3.2014,3.3666772450957216,1.7744556597161756,5.287417120076748
4,TPA + acetic acid,2,0.4,3.222,3.3829380623106933,1.778453316358199,5.31083428156847
4,TPA + acetic acid,2,0.42,3.2426,3.3986720157690957,1.7822209115433734,5.332615999689189
4,TPA + acetic acid,2,0.44,3.2632,3.413919944921063,1.7859400160694965,5.353419093150874
4,TPA + acetic acid,2,0.46,3.2838,3.428718107102577,1.78967058151049,5.373330173537926
4,TPA + acetic acid,2,0.48,3.3044,3.44309883983692,1.7934127293924487,5.392424869658807
4,TPA + acetic acid,2,0.5,3.325,3.457091108198903,1.7971665832702088,5.410769606602129
4,TPA + acetic acid,2,0.52,3.3456,3.4707209602953806,1.8009322687726046,5.428423039056474
4,TPA + acetic acid,2,0.54,3.3662,3.48401190870317,1.8047099136488667,5.445437216405395
4,TPA + acetic acid,2,0.56,3.3868,3.4969852517982956,1.8084996478162263,5.461858537589185
4,TPA + acetic acid,2,0.58,3.4074,3.509660345951132,1.8123016034087538,5.477728539621765
4,TPA + acetic acid,2,0.6,3.428,3.5220548372997045,1.816115914827464,5.49308455333202
4,TPA + acetic acid,2,0.62,3.4486,3.53418486006754,1.8199427187917405,5.50796025225991
4,TPA + acetic acid,2,0.64,3.4692,3.5460652070355025,1.823782154392112,5.522386114921039
4,TPA + acetic acid,2,0.66,3.4898,3.5577094767130357,1.827634363144429,5.5363898163318765
4,TPA + acetic acid,2,0.68,3.5103999999999997,3.56913020091435,1.8314994890454854,5.54999656139012
4,TPA + acetic acid,2,0.7000000000000001,3.531,3.5803389557777927,1.8353776786301288,5.563229370165885
4,TPA + acetic acid,2,0.72,3.5515999999999996,3.5913464587329695,1.8392690810299164,5.576109323188771
4,TPA + acetic acid,2,0.74,3.5722,3.602162653490433,1.843173848033357,5.588655773274235
4,TPA + acetic acid,2,0.76,3.5928,3.6127967847814153,1.8470921341478008,5.600886529217906
4,TPA + acetic acid,2,0.78,3.6134,3.6232574642922213,1.8510240966630276,5.612778412030254
4,TPA + acetic acid,2,0.8,3.634,3.633552729006858,1.8551826811132126,5.624207488085611
4,TPA + acetic acid,2,0.8200000000000001,3.6546,3.6436900929811227,1.8595045263713375,5.6353659265043845
4,TPA + acetic acid,2,0.84,3.6752,3.6536765934150908,1.8638483185016548,5.646266770376689
4,TPA + acetic acid,2,0.86,3.6957999999999998,3.663518831759906,1.8682143809878542,5.656922143938031
4,TPA + acetic acid,2,0.88,3.7164,3.673223010488756,1.8726030442235233,5.667343336864054
4,TPA + acetic acid,2,0.9,3.737,3.6827949660672665,1.87701464570765,5.677540879119729
4,TPA + acetic acid,2,0.92,3.7576,3.6922401985876623,1.8814495302468859,5.68752460760458
4,TPA + acetic acid,2,0.9400000000000001,3.7782,3.7015638984630588,1.8859080501648648,5.697303725649654
4,TPA + acetic acid,2,0.96,3.7988,3.7107709705259695,1.8903905655188629,5.706886856266376
4,TPA + acetic acid,2,0.98,3.8194,3.719866055829169,1.8948974443241005,5.716282089918408
4,TPA + acetic acid,2,1.0,3.84,3.7288535514073238,1.8994290627860129,5.725497027478541
4,TPA + acetic acid,2,1.02,3.8484,3.7377376282253856,1.9039858055408154,5.734538818941342
4,TPA + acetic acid,2,1.04,3.8568,3.7465222475104856,1.9085680659047233,5.743414198384853
4,TPA + acetic acid,2,1.06,3.8651999999999997,3.7552111756399653,1.9131762461321875,5.752129515609019
4,TPA + acetic acid,2,1.08,3.8735999999999997,3.76380799773708,1.9178107576835295,5.760690764822771
4,TPA + acetic acid,2,1.1,3.8819999999999997,3.772316130107565,1.9224720215023923,5.769103610703972
4,TPA + acetic acid,2,1.12,3.8904,3.7807388316346766,1.9271604683034127,5.77737341211566
4,TPA + acetic acid,2,1.1400000000000001,3.8988,3.789079214236469,1.9318765388705752,5.785505243727007
4,TPA + acetic acid,2,1.16,3.9072,3.797340252477496,1.9366206843667069,5.793503915757217
4,TPA + acetic acid,2,1.18,3.9156,3.8055247924163513,1.9413933666546073,5.801373992034515
4,TPA + acetic acid,2,1.2,3.924,3.813635559761755,1.9461950586303196,5.809119806539842
4,TPA + acetic acid,2,1.22,3.9324,3.821675167401867,1.9510262445690967,5.816745478585299
4,TPA + acetic acid,2,1.24,3.9408,3.829646122364436,1.955887420484617,5.824254926760274
4,TPA + acetic acid,2,1.26,3.9492,3.837550832259464,1.9607790945020533,5.831651881763406
4,TPA + acetic acid,2,1.28,3.9576,3.8453916112505473,1.9657017872456182,5.838939898225478
4,TPA + acetic acid,2,1.3,3.9659999999999997,3.8531706855963663,1.9706560322412487,5.846122365616965
4,TPA + acetic acid,2,1.32,3.9743999999999997,3.8608901987996043,1.9752753697569392,5.853202518323979
4,TPA + acetic acid,2,1.34,3.9827999999999997,3.8685522163967394,1.979817662180991,5.860183444967516
4,TPA + acetic acid,2,1.36,3.9912,3.876158730419033,1.98438197029955,5.8670680970332025
4,TPA + acetic acid,2,1.3800000000000001,3.9996,3.8837116635518987,1.9889686186656128,5.873859296871823
4,TPA + acetic acid,2,1.4000000000000001,4.008,3.891212873017468,1.9935819172931084,5.880559745124927
4,TPA + acetic acid,2,1.42,4.0164,3.898664154202436,1.9988204852034719,5.887172027624313
4,TPA + acetic acid,2,1.44,4.0248,3.906067244051835,2.0040968914184223,5.893698621809573
4,TPA + acetic acid,2,1.46,4.0332,3.9134238242466544,2.0094118411320077,5.90014190270346
4,TPA + acetic acid,2,1.48,4.0416,3.920735524182494,2.014766058392258,5.906504148481172
4,TPA + acetic acid,2,1.5,4.05,3.9280039237641478,2.0201602867511284,5.912787545666218
4,TPA + acetic acid,2,1.52,4.0584,3.9352305560302194,2.025595289941183,5.91899419398251
4,TPA + acetic acid,2,1.54,4.0668,3.942416909620347,2.030709182964439,5.925126110889586
4,TPA + acetic acid,2,1.56,4.0752,3.9495644310966838,2.035140162401219,5.931185235825518
4,TPA + acetic acid,2,1.58,4.0836,3.9566745271303456,2.0395882850970386,5.937173434179819
4,TPA + acetic acid,2,1.6,4.092,3.9637485665623684,2.0440537734691784,5.943092501016533
4,TPA + acetic acid,2,1.62,4.1004,3.970787882348434,2.048536854305606,5.948944164566644
4,TPA + acetic acid,2,1.6400000000000001,4.1088,3.977793773395362,2.053037758864419,5.954730089505908
4,TPA + acetic acid,2,1.6600000000000001,4.1171999999999995,3.9847675062971226,2.0575567229758924,5.960451880034531
4,TPA + acetic acid,2,1.68,4.1255999999999995,3.991710316977336,2.062093987147188,5.96611108277245
4,TPA + acetic acid,2,1.7,4.1339999999999995,3.9986234122448,2.0666497966698234,5.97170918948343
4,TPA + acetic acid,2,1.72,4.142399999999999,4.005507971267983,2.07122440172997,5.977247639639977
4,TPA + acetic acid,2,1.74,4.1508,4.012365146974206,2.075818057521661,5.982727822840099
4,TPA + acetic acid,2,1.76,4.1592,4.019196067378562,2.080849349983202,5.9881510810860465
4,TPA + acetic acid,2,1.78,4.1676,4.026001836847512,2.0859636367071355,5.993518710934415
4,TPA + acetic acid,2,1.8,4.176,4.032783537301649,2.091109098630678,5.998831965526199
4,TPA + acetic acid,2,1.82,4.1844,4.039542229361762,2.096286277166337,6.004092056504756
4,TPA + acetic acid,2,1.84,4.1928,4.046278953442237,2.1014957274661326,6.009300155829038
4,TPA + acetic acid,2,1.86,4.2012,4.052994730795376,2.1067380188686124,6.014457397488872
4,TPA + acetic acid,2,1.8800000000000001,4.2096,4.059690564510051,2.1120137353635835,6.019564879128554
4,TPA + acetic acid,2,1.9000000000000001,4.218,4.066367440467966,2.1173234760753337,6.024623663584611
4,TPA + acetic acid,2,1.92,4.2264,4.073026328260365,2.122667855765206,6.029634780343079
4,TPA + acetic acid,2,1.94,4.2348,4.079668182067987,2.1280475053544246,6.0345992269213244
4,TPA + acetic acid,2,1.96,4.2432,4.0862939415068755,2.133463072468123,6.039517970179048
4,TPA + acetic acid,2,1.98,4.2516,4.092904532442073,2.138915222001555,6.0443919475627705
4,TPA + acetic acid,2,2.0,4.26,4.099500867771746,2.144404636709549,6.049222068287808
4,TPA + acetic acid,2,2.02,4.2661999999999995,4.106083848183074,2.14993201782028,6.054009214461482
4,TPA + acetic acid,2,2.04,4.2724,4.112654362882061,2.155498085674539,6.058754242151032
4,TPA + acetic acid,2,2.06,4.2786,4.119213290298343,2.1611035803916927,6.063457982399445
4,TPA + acetic acid,2,2.08,4.2848,4.1257614987662885,2.1667492625636298,6.068121242192246
4,TPA + acetic acid,2,2.1,4.2909999999999995,4.132299847183441,2.1732871922284644,6.072744805378056
4,TPA + acetic acid,2,2.12,4.2972,4.13882918564685,2.181057022612225,6.077329433545529
4,TPA + acetic acid,2,2.14,4.3034,4.145350356067873,2.1881536638277055,6.081875866859152
4,TPA + acetic acid,2,2.16,4.3096,4.151864192765562,2.1950660147570016,6.086840711309804
4,TPA + acetic acid,2,2.18,4.3158,4.158371523038846,2.2020542725650367,6.091967189690514
4,TPA + acetic acid,2,2.2,4.322,4.164873167716889,2.209120384896293,6.0970600403632815
4,TPA + acetic acid,2,2.22,4.3282,4.171369941687576,2.2162663705405032,6.102119939791182
4,TPA + acetic acid,2,2.24,4.3344,4.177862654403111,2.2232062283611764,6.107147546769502
4,TPA + acetic acid,2,2.2600000000000002,4.3406,4.1843521103621155,2.227798544763589,6.112143503059128
4,TPA + acetic acid,2,2.2800000000000002,4.3468,4.190839109567083,2.232405446724667,6.117108433992147
4,TPA + acetic acid,2,2.3000000000000003,4.353,4.197324447956181,2.2370271512572035,6.122042949051057
4,TPA + acetic acid,2,2.32,4.3591999999999995,4.203808917808029,2.24305666505623,6.12694764242301
4,TPA + acetic acid,2,2.34,4.3654,4.210293308118451,2.250135635267342,6.131823093530331
4,TPA + acetic acid,2,2.36,4.3716,4.2167784049476555,2.2572887123654803,6.136669867538558
4,TPA + acetic acid,2,2.38,4.3778,4.223264991737052,2.2645175801865873,6.141488515843131
4,TPA + acetic acid,2,2.4,4.384,4.229753849594117,2.2718239702606446,6.14646022055623
4,TPA + acetic acid,2,2.42,4.3902,4.236245757544853,2.280623813824408,6.152535904724832
4,TPA + acetic acid,2,2.44,4.3964,4.242741492752826,2.2870673966356847,6.1585955139422754
4,TPA + acetic acid,2,2.46,4.4026,4.249241830704364,2.2942263298266132,6.16463967579215
4,TPA + acetic acid,2,2.48,4.4088,4.255747545359733,2.3018611197311767,6.170669008278216
4,TPA + acetic acid,2,2.5,4.415,4.262259409270453,2.309582846194714,6.175847500349798
4,TPA + acetic acid,2,2.52,4.4212,4.26877819366306,2.3173935511744617,6.180057887214296
4,TPA + acetic acid,2,2.54,4.4274000000000004,4.275304668490239,2.3252953319847256,6.184242220753646
4,TPA + acetic acid,2,2.56,4.4336,4.2818396024503205,2.333290342125845,6.188400934430987
4,TPA + acetic acid,2,2.58,4.4398,4.288383762976482,2.3413807919954728,6.19253445172032
4,TPA + acetic acid,2,2.6,4.446,4.294937916197259,2.3495689494588863,6.196643186415844
4,TPA + acetic acid,2,2.62,4.4522,4.301502826869675,2.3578571402520323,6.200727542929471
4,TPA + acetic acid,2,2.64,4.4584,4.308079258286848,2.366247748187422,6.204787916577034
4,TPA + acetic acid,2,2.66,4.4646,4.314667972161772,2.3747432151292944,6.2088246938537
4,TPA + acetic acid,2,2.68,4.4708000000000006,4.321269728480651,2.3833460407000953,6.21283825269909
4,TPA + acetic acid,2,2.7,4.477,4.327885285347285,2.3920587816757024,6.21682896275254
4,TPA + acetic acid,2,2.72,4.4832,4.334515398779749,2.400884051021733,6.220797185598974
4,TPA + acetic acid,2,2.74,4.4894,4.34116082249258,2.409824516517495,6.224743275005748
4,TPA + acetic acid,2,2.7600000000000002,4.4956000000000005,4.347822307635982,2.418882898908201,6.228667577150931
4,TPA + acetic acid,2,2.7800000000000002,4.5018,4.354500602490623,2.4280619695193426,6.232699822928534
4,TPA + acetic acid,2,2.8000000000000003,4.508,4.361196452104375,2.437364547260014,6.237035065540411
4,TPA + acetic acid,2,2.82,4.5142,4.367910597854396,2.4467934949344077,6.240319464958768
4,TPA + acetic acid,2,2.84,4.5204,4.374643776914005,2.4563517147726683,6.243380099099156
4,TPA + acetic acid,2,2.86,4.5266,4.381396721598717,2.4660421430838984,6.246419743658684
4,TPA + acetic acid,2,2.88,4.5328,4.388170158561921,2.475949403594898,6.249438697173659
4,TPA + acetic acid,2,2.9,4.539000000000001,4.394964807806335,2.48583150167401,6.252437251961814
4,TPA + acetic acid,2,2.92,4.5452,4.4017813814747315,2.4958170801159927,6.2554156942934664
4,TPA + acetic acid,2,2.94,4.5514,4.4086205823824764,2.5040099786448122,6.258374304556829
4,TPA + acetic acid,2,2.96,4.5576,4.415483102255727,2.513637443556246,6.261313357417702
4,TPA + acetic acid,2,2.98,4.5638000000000005,4.422369619644642,2.5234087249199977,6.264233121973799
4,TPA + acetic acid,2,3.0,4.57,4.429280797490858,2.5336878988548124,6.268927005001762
4,TPA + acetic acid,2,3.02,4.5766,4.43621728034349,2.546688994121128,6.274225747464943
4,TPA + acetic acid,2,3.04,4.583200000000001,4.443179691239666,2.559696485356377,6.279512646547786
4,TPA + acetic acid,2,3.06,4.5898,4.450168628292037,2.5708718282250995,6.284787926303359
4,TPA + acetic acid,2,3.08,4.5964,4.4571846610560275,2.581774601777532,6.290051804224918
4,TPA + acetic acid,2,3.1,4.603000000000001,4.464228326780343,2.589248760734705,6.295304491339561
4,TPA + acetic acid,2,3.12,4.6096,4.47130012666926,2.5967819135371126,6.299534344659582
4,TPA + acetic acid,2,3.14,4.6162,4.478400522298623,2.6050723642600335,6.303110281033396
4,TPA + acetic acid,2,3.16,4.622800000000001,4.485529932321293,2.6120287716913193,6.306670080158007
4,TPA + acetic acid,2,3.18,4.6294,4.492688729568387,2.619744262986903,6.310213969789942
4,TPA + acetic acid,2,3.2,4.636,4.499877238598688,2.627743053229909,6.31374217353604
4,TPA + acetic acid,2,3.22,4.642600000000001,4.507095733678096,2.641912686462316,6.3172549109578515
4,TPA + acetic acid,2,3.24,4.6492,4.514344437096376,2.648390647550812,6.320752397672809
4,TPA + acetic acid,2,3.2600000000000002,4.6558,4.521623517668542,2.6549128199437577,6.324234845452274
4,TPA + acetic acid,2,3.2800000000000002,4.662400000000001,4.528933089238842,2.661480259653028,6.327702462316626
4,TPA + acetic acid,2,3.3000000000000003,4.6690000000000005,4.536273209016538,2.6680940553797727,6.331155452627442
4,TPA + acetic acid,2,3.3200000000000003,4.6756,4.543643875621953,2.675553537627425,6.334594017176926
4,TPA + acetic acid,2,3.34,4.6822,4.551045026795891,2.683172036278556,6.338018353274643
4,TPA + acetic acid,2,3.36,4.6888000000000005,4.558476536803079,2.6900968461047414,6.341428654831688
4,TPA + acetic acid,2,3.38,4.6954,4.565938213621744,2.697075222669244,6.3457100588926725
4,TPA + acetic acid,2,3.4,4.702,4.573429796043222,2.704108445475386,6.350407880025262
4,TPA + acetic acid,2,3.42,4.708600000000001,4.580950950811692,2.715009688796231,6.355101230452515
4,TPA + acetic acid,2,3.44,4.7152,4.58850126993249,2.726050631646923,6.359790390218535
4,TPA + acetic acid,2,3.46,4.7218,4.596080268302524,2.737510828563467,6.364475637890864
4,TPA + acetic acid,2,3.48,4.728400000000001,4.603687381897275,2.7506917710816348,6.3691572506621945
4,TPA + acetic acid,2,3.5,4.735,4.611321966904567,2.764124949328142,6.3738355044508825
4,TPA + acetic acid,2,3.52,4.7416,4.6189833004037135,2.777816972948613,6.378510674000323
4,TPA + acetic acid,2,3.54,4.748200000000001,4.626670583384812,2.791774311566652,6.383183032977291
4,TPA + acetic acid,2,3.56,4.7548,4.634382946981668,2.806003222727316,6.3870258895610235
4,TPA + acetic acid,2,3.58,4.7614,4.642119462648012,2.8205096681507626,6.389945716197742
4,TPA + acetic acid,2,3.6,4.768000000000001,4.64987915658564,2.8289788776377964,6.395599958078726
4,TPA + acetic acid,2,3.62,4.7746,4.657661028089311,2.8369374794159725,6.401263305794481
4,TPA + acetic acid,2,3.64,4.7812,4.665464070771575,2.844973189808065,6.405683316909579
4,TPA + acetic acid,2,3.66,4.787800000000001,4.673287295093512,2.853088033667876,6.40951054276862
4,TPA + acetic acid,2,3.68,4.7944,4.681129750430277,2.861284100260792,6.413214955938196
4,TPA + acetic acid,2,3.7,4.801,4.688990545091531,2.8695635453997257,6.41696819314093
4,TPA + acetic acid,2,3.72,4.807600000000001,4.6968688632027025,2.8779285936116343,6.420713265920352
4,TPA + acetic acid,2,3.74,4.8142000000000005,4.704763977960891,2.8863815403266058,6.424450339675012
4,TPA + acetic acid,2,3.7600000000000002,4.8208,4.712675261349361,2.8949247540798595,6.430078269805305
4,TPA + acetic acid,2,3.7800000000000002,4.827400000000001,4.720602190828446,2.908551889730256,6.436134938113584
4,TPA + acetic acid,2,3.8000000000000003,4.8340000000000005,4.728544353799542,2.9229277160885143,6.442209395492892
4,TPA + acetic acid,2,3.8200000000000003,4.8406,4.736501450795068,2.9372330091627363,6.448302204097276
4,TPA + acetic acid,2,3.84,4.8472,4.744473298437513,2.9516624417491704,6.453115061524526
4,TPA + acetic acid,2,3.86,4.853800000000001,4.75245983329827,2.9662042072776824,6.457779161367148
4,TPA + acetic acid,2,3.88,4.8604,4.760461117938508,2.9806445943581688,6.462445030290272
4,TPA + acetic acid,2,3.9,4.867,4.76847735070324,2.995075247633488,6.467112938731264
4,TPA + acetic acid,2,3.92,4.873600000000001,4.776508881374528,3.009486150970594,6.47178315783545
4,TPA + acetic acid,2,3.94,4.8802,4.784556235742988,3.0233918714544252,6.476455959551336
4,TPA + acetic acid,2,3.96,4.8868,4.792620153855534,3.0328572225097297,6.482820710714064
4,TPA + acetic acid,2,3.98,4.893400000000001,4.800701649790976,3.042449259196192,6.488018875524331
4,TPA + acetic acid,2,4.0,4.9,4.808802106690896,3.0561485035825235,6.490492593921358
4,TPA + acetic acid,2,4.0200000000000005,4.908200000000001,4.81692343260953,3.0773614153558437,6.495178465006255
4,TPA + acetic acid,2,4.04,4.9164,4.825068328426259,3.0917237463689355,6.499868293878919
4,TPA + acetic acid,2,4.0600000000000005,4.924600000000001,4.833240780282534,3.101279092174206,6.504562359351434
4,TPA + acetic acid,2,4.08,4.9328,4.84144705377236,3.115747737016857,6.507137442349126
4,TPA + acetic acid,2,4.1,4.941,4.849697989650498,3.133301001328027,6.509214916790977
4,TPA + acetic acid,2,4.12,4.9492,4.858015505583374,3.1472588076394183,6.511282630339512
4,TPA + acetic acid,2,4.14,4.9574,4.866458879863888,3.1578084054510143,6.513340681306277
4,TPA + acetic acid,2,4.16,4.9656,4.875405266552114,3.1770536618367524,6.518521750947869
4,TPA + acetic acid,2,4.18,4.9738,4.887984897569191,3.190007067658061,6.532831535650738
4,TPA + acetic acid,2,4.2,4.982,4.896649785368232,3.200919884798818,6.537563202764561
4,TPA + acetic acid,2,4.22,4.9902,4.905190261617062,3.2118518224739407,6.542301399629698
4,TPA + acetic acid,2,4.24,4.9984,4.913774786993951,3.2227993299361986,6.547046422355718
4,TPA + acetic acid,2,4.26,5.0066,4.922660432228865,3.233758824255273,6.55747060456064
4,TPA + acetic acid,2,4.28,5.0148,4.934621439299797,3.2447267046845756,6.562146255329658
4,TPA + acetic acid,2,4.3,5.023,4.943495581644585,3.2556993672115198,6.571321979240063
4,TPA + acetic acid,2,4.32,5.0312,4.952192437172694,3.2666732191350416,6.580566839416623
4,TPA + acetic acid,2,4.34,5.0394,4.960977790078122,3.2742191872024993,6.589881511291459
4,TPA + acetic acid,2,4.36,5.0476,4.971730423618859,3.2856021917981177,6.608854107299164
4,TPA + acetic acid,2,4.38,5.0558,4.982176089951543,3.299566455234064,6.61358211943095
4,TPA + acetic acid,2,4.4,5.064,4.991145544985059,3.311554783919001,6.618301715891645
4,TPA + acetic acid,2,4.42,5.0722,5.00065090577213,3.3248973809727707,6.627849678355732
4,TPA + acetic acid,2,4.44,5.0804,5.013115938971504,3.338495325368571,6.637521310077947
4,TPA + acetic acid,2,4.46,5.0886,5.022164941347092,3.3523571843856246,6.647265381737416
4,TPA + acetic acid,2,4.48,5.0968,5.031363175315879,3.3664916497991033,6.650642030743175
4,TPA + acetic acid,2,4.5,5.105,5.044175351196638,3.3809074925058935,6.666725021890278
4,TPA + acetic acid,2,4.5200000000000005,5.1132,5.053584493764771,3.3956135059184795,6.673313735616347
4,TPA + acetic acid,2,4.54,5.1214,5.0638969062095205,3.4106184363065513,6.68523457870935
4,TPA + acetic acid,2,4.5600000000000005,5.1296,5.076622923983255,3.4186620689805673,6.697073507749812
4,TPA + acetic acid,2,4.58,5.1378,5.090614160585415,3.42528909138659,6.735076347358829
4,TPA + acetic acid,2,4.6000000000000005,5.146,5.102392671603263,3.443655113746938,6.744167215725405
4,TPA + acetic acid,2,4.62,5.1542,5.111484700772465,3.455293439058061,6.753326238578108
4,TPA + acetic acid,2,4.64,5.1624,5.120432213873961,3.469058538700028,6.762553878463823
4,TPA + acetic acid,2,4.66,5.1706,5.130167559160969,3.479871677128763,6.771850530488926
4,TPA + acetic acid,2,4.68,5.1788,5.139475367861585,3.490595117629641,6.781216516551199
4,TPA + acetic acid,2,4.7,5.187,5.14837075818605,3.507127353402155,6.790652079361909
4,TPA + acetic acid,2,4.72,5.1952,5.157653783834072,3.5244638679451157,6.796016056444083
4,TPA + acetic acid,2,4.74,5.2034,5.16989054095901,3.54219267467093,6.809732472979604
4,TPA + acetic acid,2,4.76,5.2116,5.1787901027312735,3.560321334916475,6.819377336997926
4,TPA + acetic acid,2,4.78,5.2198,5.187520932489747,3.578855974680625,6.829091831176148
4,TPA + acetic acid,2,4.8,5.228,5.19623145060062,3.5978009315330954,6.838875707062684
4,TPA + acetic acid,2,4.82,5.2362,5.205007586850326,3.617158362747521,6.845622252417963
4,TPA + acetic acid,2,4.84,5.2444,5.214067710908644,3.636927819867582,6.848581550819576
4,TPA + acetic acid,2,4.86,5.2526,5.226624662884126,3.6571057989835047,6.868639332976427
4,TPA + acetic acid,2,4.88,5.2608,5.235816914826247,3.677685280924095,6.878695796088392
4,TPA + acetic acid,2,4.9,5.269,5.244895196507353,3.6986552811479996,6.888818501802232
4,TPA + acetic acid,2,4.92,5.2772,5.254415130198001,3.7200004349263835,6.899006399824264
4,TPA + acetic acid,2,4.94,5.2854,5.267474183108781,3.74170064875063,6.969215783641069
4,TPA + acetic acid,2,4.96,5.2936,5.279668942944389,3.763730852850532,6.977718169151242
4,TPA + acetic acid,2,4.98,5.3018,5.292807229464699,3.7860608911192726,6.99491155770578
4,TPA + acetic acid,2,5.0,5.31,5.3021065382020485,3.8086555824872965,6.997215577437167
4,TPA + acetic acid,2,5.0200000000000005,5.324,5.311006232036532,3.8192689485293307,7.0035948039231535
4,TPA + acetic acid,2,5.04,5.338,5.319739635222182,3.8287556044551305,7.012344864362122
4,TPA + acetic acid,2,5.0600000000000005,5.352,5.32836987546481,3.8382095225403097,7.021157725171227
4,TPA + acetic acid,2,5.08,5.366,5.336929578373513,3.8476326658540208,7.030033621301882
4,TPA + acetic acid,2,5.1000000000000005,5.38,5.345439132943628,3.857026976788174,7.034674111400889
4,TPA + acetic acid,2,5.12,5.394,5.353912239068636,3.8761991934439806,7.036917901301113
4,TPA + acetic acid,2,5.14,5.4079999999999995,5.3623585793779105,3.895434286613641,7.039156041069395
4,TPA + acetic acid,2,5.16,5.422,5.370785324442688,3.901041293500281,7.0413885848283595
4,TPA + acetic acid,2,5.18,5.435999999999999,5.379198030965112,3.9066565447757116,7.043615586116083
4,TPA + acetic acid,2,5.2,5.45,5.387601198624789,3.9122799400466644,7.048276182674606
4,TPA + acetic acid,2,5.22,5.4639999999999995,5.395998627288286,3.917911372469824,7.059549682867125
4,TPA + acetic acid,2,5.24,5.478,5.404393653860855,3.92355072875736,7.070797222339348
4,TPA + acetic acid,2,5.26,5.491999999999999,5.412789314945034,3.941805251108226,7.082014970751336
4,TPA + acetic acid,2,5.28,5.506,5.421188463358122,3.9545211635464863,7.093199222057995
4,TPA + acetic acid,2,5.3,5.52,5.429593856348333,3.96076784693068,7.104346407327629
4,TPA + acetic acid,2,5.32,5.534,5.438008227412451,3.969169041952057,7.115453106129754
4,TPA + acetic acid,2,5.34,5.547999999999999,5.446434350096995,3.9834513278136923,7.126257343361113
4,TPA + acetic acid,2,5.36,5.562,5.454875100089528,3.9975281110850496,7.136480987530348
4,TPA + acetic acid,2,5.38,5.576,5.463333520735477,4.01140126021502,7.148498503901276
4,TPA + acetic acid,2,5.4,5.59,5.471812896369018,4.025073118852401,7.15941233644836
4,TPA + acetic acid,2,5.42,5.603999999999999,5.480316836621549,4.038546435960264,7.1702711002792565
4,TPA + acetic acid,2,5.44,5.618,5.488849370782799,4.05174532479778,7.181072420049492
4,TPA + acetic acid,2,5.46,5.632,5.497415037911716,4.061021501943186,7.191814106325964
4,TPA + acetic acid,2,5.48,5.646,5.506018919924759,4.070232619833394,7.20153135625616
4,TPA + acetic acid,2,5.5,5.66,5.514666471964891,4.079380963197675,7.21247976111842
4,TPA + acetic acid,2,5.5200000000000005,5.674,5.523362854755187,4.088468757958818,7.223400704220921
4,TPA + acetic acid,2,5.54,5.688,5.532111539562387,4.09749817355682,7.2341471848652805
4,TPA + acetic acid,2,5.5600000000000005,5.702,5.54091312325766,4.106471325220992,7.24456428387281
4,TPA + acetic acid,2,5.58,5.715999999999999,5.549767203564182,4.115390276188171,7.255155426215625
4,TPA + acetic acid,2,5.6000000000000005,5.73,5.558678234682436,4.124257039865492,7.266102007633727
4,TPA + acetic acid,2,5.62,5.744,5.567662822813296,4.13307358193693,7.275432641072992
4,TPA + acetic acid,2,5.64,5.757999999999999,5.576767608579439,4.141841822413248,7.285534299872996
4,TPA + acetic acid,2,5.66,5.772,5.586270294989963,4.1526437616831124,7.295598575529581
4,TPA + acetic acid,2,5.68,5.786,5.596149047424547,4.163986342403103,7.30891192642318
4,TPA + acetic acid,2,5.7,5.8,5.605573315422771,4.1751863825127415,7.3249774361225555
4,TPA + acetic acid,2,5.72,5.814,5.615194700149707,4.184997866376182,7.340905896867884
4,TPA + acetic acid,2,5.74,5.827999999999999,5.6260595886299205,4.193901436802172,7.3464514819944355
4,TPA + acetic acid,2,5.76,5.842,5.635865863322161,4.202823651559752,7.351169861016896
4,TPA + acetic acid,2,5.78,5.856,5.645906068744272,4.211766113174658,7.3750495927437925
4,TPA + acetic acid,2,5.8,5.869999999999999,5.658502444763171,4.2207304425545065,7.387904652438399
4,TPA + acetic acid,2,5.82,5.884,5.669039856387369,4.229718280261206,7.39592273915175
4,TPA + acetic acid,2,5.84,5.898,5.6796173078566285,4.238731287808088,7.433085150854669
4,TPA + acetic acid,2,5.86,5.912,5.6919781551829,4.247771148982167,7.487756945109222
4,TPA + acetic acid,2,5.88,5.926,5.705048865976009,4.2568395711918665,7.503330651111574
4,TPA + acetic acid,2,5.9,5.94,5.7159605518406655,4.265938286840376,7.554399809672448
4,TPA + acetic acid,2,5.92,5.954,5.728432772272963,4.275069054724712,7.5626441481087685
4,TPA + acetic acid,2,5.94,5.968,5.740222128192001,4.284900359640934,7.570930954652898
4,TPA + acetic acid,2,5.96,5.981999999999999,5.752626742290915,4.294696690433817,7.733427857094272
4,TPA + acetic acid,2,5.98,5.996,5.76425642783264,4.304389029751558,7.740171112656878
4,TPA + acetic acid,2,6.0,6.01,5.777607507567661,4.313980458747938,7.820743716771558
4,TPA + acetic acid,2,6.0200000000000005,6.0478000000000005,5.790669569190359,4.323473970793756,7.844798864531414
4,TPA + acetic acid,2,6.04,6.0855999999999995,5.805660172489086,4.332872473374927,7.861002928842073
4,TPA + acetic acid,2,6.0600000000000005,6.123400000000001,5.818738414436754,4.342178790130193,7.8800453962552055
4,TPA + acetic acid,2,6.08,6.1612,5.834648040370263,4.351395662994676,9.7733993668393
4,TPA + acetic acid,2,6.1000000000000005,6.199000000000001,5.847793922595818,4.359917910319755,10.304484623398945
4,TPA + acetic acid,2,6.12,6.2368,5.862543565182883,4.36854833798888,10.536204755888015
4,TPA + acetic acid,2,6.140000000000001,6.274600000000001,5.87796267025446,4.378156783060822,10.686235770382783
4,TPA + acetic acid,2,6.16,6.3124,5.892795907515393,4.387420820269785,10.797322234667455
4,TPA + acetic acid,2,6.18,6.350199999999999,5.909017270148129,4.396228900890094,10.885529569145689
4,TPA + acetic acid,2,6.2,6.388,5.925733605111947,4.404962400392236,10.95866320746683
4,TPA + acetic acid,2,6.22,6.4258,5.9415290560040495,4.413623552610742,11.02111059708605
4,TPA + acetic acid,2,6.24,6.4636000000000005,5.958586668097426,4.422214527950958,11.075584872722594
4,TPA + acetic acid,2,6.26,6.501399999999999,5.9763215341386395,4.4267186894751696,11.12388140507229
4,TPA + acetic acid,2,6.28,6.5392,5.994257975458392,4.430746606703048,11.16725009501798
4,TPA + acetic acid,2,6.3,6.577,6.010852482255608,4.442279680818448,11.206596156073559
4,TPA + acetic acid,2,6.32,6.614800000000001,6.02780818688304,4.453945892772209,11.242596250996122
4,TPA + acetic acid,2,6.34,6.6526,6.044907241950846,4.46418855087169,11.275769493705539
4,TPA + acetic acid,2,6.36,6.6904,6.063745495193623,4.472400764695948,11.306522855620052
4,TPA + acetic acid,2,6.38,6.7282,6.080055429163895,4.48055639861019,11.335181307923332
4,TPA + acetic acid,2,6.4,6.766000000000001,6.100758949178013,4.488657191287086,11.362008471207766
4,TPA + acetic acid,2,6.42,6.8038,6.124568235058459,4.496704836113752,11.387221148267539
4,TPA + acetic acid,2,6.44,6.841600000000001,6.145848481688219,4.504700982937305,11.410999793272623
4,TPA + acetic acid,2,6.46,6.8794,6.170639488395051,4.512647239755765,11.433496208911958
4,TPA + acetic acid,2,6.48,6.917200000000001,6.191977527543715,4.532988171824789,11.454839308155073
4,TPA + acetic acid,2,6.5,6.955,6.213531884052935,4.5407916677330356,11.475139496737455
4,TPA + acetic acid,2,6.5200000000000005,6.992800000000001,6.236883930728714,4.548551639074406,11.494492054542878
4,TPA + acetic acid,2,6.54,7.0306,6.262324063092216,4.556269472290154,11.512979778357149
4,TPA + acetic acid,2,6.5600000000000005,7.068400000000001,6.289506429771398,4.563946523297517,11.530675071527263
4,TPA + acetic acid,2,6.58,7.1062,6.312836920931113,4.574438979081364,11.547641613872287
4,TPA + acetic acid,2,6.6000000000000005,7.144000000000001,6.337090957224099,4.59076531796552,11.563935709125474
4,TPA + acetic acid,2,6.62,7.181800000000001,6.363783381673987,4.598891236953154,11.579607381863138
4,TPA + acetic acid,2,6.640000000000001,7.219600000000002,6.390136559791912,4.607035297189933,11.59470127781045
4,TPA + acetic acid,2,6.66,7.2574000000000005,6.417053827229023,4.615198836794132,11.609257408359102
4,TPA + acetic acid,2,6.68,7.2951999999999995,6.445731990204443,4.623383208769564,11.623311770565724
4,TPA + acetic acid,2,6.7,7.333,6.471128804512322,4.631589782138114,11.636896866815299
4,TPA + acetic acid,2,6.72,7.3708,6.497756677228955,4.639819943093379,11.650042143024823
4,TPA + acetic acid,2,6.74,7.408600000000001,6.524745746783989,4.648075096176813,11.662774360245816
4,TPA + acetic acid,2,6.76,7.4464,6.55184282223303,4.656356665477931,11.675117911454858
4,TPA + acetic acid,2,6.78,7.4842,6.572274300618205,4.664666095859914,11.687095092957009
4,TPA + acetic acid,2,6.8,7.522,6.594646614930748,4.673004854211801,11.698726337987537
4,TPA + acetic acid,2,6.82,7.559800000000001,6.617344486655691,4.681374430729587,11.710030418661322
4,TPA + acetic acid,2,6.84,7.5976,6.641395976492512,4.689776340225848,11.721024621277707
4,TPA + acetic acid,2,6.86,7.635400000000001,6.666570166943751,4.698212123470874,11.73172489909432
4,TPA + acetic acid,2,6.88,7.6732,6.692029783836,4.70668334856545,11.742146005955764
4,TPA + acetic acid,2,6.9,7.711000000000001,6.7145710326222465,4.715191612346722,11.752301613586916
4,TPA + acetic acid,2,6.92,7.7488,6.735587091032095,4.723738541828137,11.762204414889734
4,TPA + acetic acid,2,6.94,7.786600000000001,6.7558953694476145,4.732325795674219,11.771866215201278
4,TPA + acetic acid,2,6.96,7.824400000000001,6.77657802685582,4.740955065710997,11.78129801315827
4,TPA + acetic acid,2,6.98,7.862200000000001,6.7977154990385875,4.748094120201426,11.790510072557172
4,TPA + acetic acid,2,7.0,7.9,6.817058946017007,4.7551981177642695,11.799511986386683
4,TPA + acetic acid,2,7.0200000000000005,7.952200000000001,6.839351666244572,4.762288740527513,11.808312734034235
4,TPA + acetic acid,2,7.04,8.0044,6.861762263643793,4.769366909646465,11.81692073252129
4,TPA + acetic acid,2,7.0600000000000005,8.056600000000001,6.88269386483688,4.776433538575571,11.825343882500253
4,TPA + acetic acid,2,7.08,8.1088,6.900900384729187,4.7834895337200205,11.833589609642765
4,TPA + acetic acid,2,7.1000000000000005,8.161000000000001,6.918013687646402,4.7905357950785525,11.84166490196262
4,TPA + acetic acid,2,7.12,8.2132,6.939525676091965,4.797573216878353,11.84957634354328
4,TPA + acetic acid,2,7.140000000000001,8.265400000000001,6.962872012615582,4.804602688203065,11.857330145077789
4,TPA + acetic acid,2,7.16,8.3176,6.984092903387258,4.81162509361482,11.864932171575887
4,TPA + acetic acid,2,7.18,8.3698,7.002805892878292,4.818641313771295,11.872387967547887
4,TPA + acetic acid,2,7.2,8.422,7.020278273449993,4.825652226038695,11.87970277993611
4,TPA + acetic acid,2,7.22,8.4742,7.037810405968234,4.84193155285843,11.886881579031584
4,TPA + acetic acid,2,7.24,8.5264,7.059246560979756,4.8522958078084955,11.893929077584367
4,TPA + acetic acid,2,7.26,8.5786,7.079261477193893,4.857260520412714,11.900849748291947
4,TPA + acetic acid,2,7.28,8.6308,7.098904049845325,4.862222973918527,11.907647839827842
4,TPA + acetic acid,2,7.3,8.683,7.1154402745220064,4.867183230045175,11.914327391554423
4,TPA + acetic acid,2,7.32,8.7352,7.132050394770951,4.872141353451909,11.920892247047313
4,TPA + acetic acid,2,7.34,8.7874,7.1493151118998455,4.87709741172651,11.9273460665449
4,TPA + acetic acid,2,7.36,8.8396,7.166690047417328,4.882051475373681,11.933692338423732
4,TPA + acetic acid,2,7.38,8.8918,7.181393473601874,4.8944725769568524,11.939934389789936
4,TPA + acetic acid,2,7.4,8.944,7.196460515960438,4.9044566227703275,11.946075396267087
4,TPA + acetic acid,2,7.42,8.9962,7.21124740849823,4.91134291641986,11.952118391052636
4,TPA + acetic acid,2,7.44,9.0484,7.227352174729862,4.922116581570268,11.958066273307534
4,TPA + acetic acid,2,7.46,9.1006,7.24332530252222,4.933012771879287,11.96392181593697
4,TPA + acetic acid,2,7.48,9.152800000000001,7.2605575035069965,4.9440358378092615,11.96968767281475
4,TPA + acetic acid,2,7.5,9.205,7.275803143452864,4.955190279194184,11.975366385498116
4,TPA + acetic acid,2,7.5200000000000005,9.257200000000001,7.293047755875815,4.9664807493809295,11.980960389475722
4,TPA + acetic acid,2,7.54,9.3094,7.310894213389067,4.97791205902254,11.98647201998714
4,TPA + acetic acid,2,7.5600000000000005,9.361600000000001,7.32844972175869,4.989489179411223,11.991903517448467
4,TPA + acetic acid,2,7.58,9.4138,7.347215592315788,5.001217245216754,11.997257032516195
4,TPA + acetic acid,2,7.6000000000000005,9.466000000000001,7.365653937589825,5.0098668999392935,12.002534630817006
4,TPA + acetic acid,2,7.62,9.5182,7.382779506098994,5.016615047219883,12.00773829737043
4,TPA + acetic acid,2,7.640000000000001,9.570400000000001,7.3968175819088255,5.023369274212028,12.012869940727526
4,TPA + acetic acid,2,7.66,9.6226,7.411572033380969,5.030130356594523,12.017931396847334
4,TPA + acetic acid,2,7.68,9.6748,7.426533863366134,5.036899076034937,12.022924432730758
4,TPA + acetic acid,2,7.7,9.727,7.4414406174864665,5.043676220711836,12.027850749829899
4,TPA + acetic acid,2,7.72,9.7792,7.455421022887353,5.0504625858497185,12.032711987249236
4,TPA + acetic acid,2,7.74,9.8314,7.4712126607856515,5.057258974267542,12.037509724753772
4,TPA + acetic acid,2,7.76,9.8836,7.486450103141707,5.064066196941797,12.042245485597924
4,TPA + acetic acid,2,7.78,9.9358,7.504046057779753,5.07088507358516,12.046920739187815
4,TPA + acetic acid,2,7.8,9.988,7.522858701175124,5.077716433241752,12.051536903588634
4,TPA + acetic acid,2,7.82,10.0402,7.537037626653787,5.084561114900149,12.056095347887709
4,TPA + acetic acid,2,7.84,10.0924,7.5534898510158435,5.091419968125319,12.060597394423208
4,TPA + acetic acid,2,7.86,10.1446,7.56852482761342,5.098293853710704,12.065044320887491
4,TPA + acetic acid,2,7.88,10.1968,7.583868105949197,5.1051836443517935,12.069437362313469
4,TPA + acetic acid,2,7.9,10.249,7.59737370017228,5.112090225342563,12.073777712951745
4,TPA + acetic acid,2,7.92,10.3012,7.613217179458612,5.119014495296245,12.0780665280456
4,TPA + acetic acid,2,7.94,10.3534,7.632804393931642,5.125957366891988,12.082304925510492
4,TPA + acetic acid,2,7.96,10.4056,7.650193643949597,5.13291976764906,12.086493987524097
4,TPA + acetic acid,2,7.98,10.4578,7.663721989214936,5.13990264073035,12.0906347620326
4,TPA + acetic acid,2,8.0,10.51,7.676385644571864,5.146906945777014,12.094728264178457
4,TPA + acetic acid,2,8.02,10.527,7.690653946822124,5.1539336597763,12.098775477654495
4,TPA + acetic acid,2,8.040000000000001,10.544,7.705163532467108,5.160983777964292,12.102777355988845
4,TPA + acetic acid,2,8.06,10.561,7.717859261781638,5.168058314766874,12.106734823764931
4,TPA + acetic acid,2,8.08,10.578,7.732242979996256,5.175158304779538,12.110648777780398
4,TPA + acetic acid,2,8.1,10.594999999999999,7.747863366541593,5.182284803790292,12.114520088148634
4,TPA + acetic acid,2,8.120000000000001,10.612,7.761926154638144,5.189438889847441,12.11834959934621
4,TPA + acetic acid,2,8.14,10.629,7.774809672630881,5.214452492497779,12.12213813120946
4,TPA + acetic acid,2,8.16,10.645999999999999,7.787822857391826,5.227195373870476,12.125886479883093
4,TPA + acetic acid,2,8.18,10.663,7.802246263985563,5.230561857419966,12.129595418723586
4,TPA + acetic acid,2,8.2,10.68,7.816649465105298,5.2391271558582755,12.133265699159956
4,TPA + acetic acid,2,8.22,10.697000000000001,7.830085826442411,5.274271987256222,12.13689805151423
4,TPA + acetic acid,2,8.24,10.714,7.842840446875591,5.310709541745345,12.140493185783942
4,TPA + acetic acid,2,8.26,10.731,7.855598972351727,5.3176723192823285,12.14405179238869
4,TPA + acetic acid,2,8.28,10.748,7.867567739433732,5.324667162542095,12.147574542882662
4,TPA + acetic acid,2,8.3,10.765,7.8811698485126875,5.331694943460308,12.151062090635225
4,TPA + acetic acid,2,8.32,10.782,7.8963376053173215,5.338756559142295,12.15451507148087
4,TPA + acetic acid,2,8.34,10.799,7.911122676682382,5.34585293289882,12.157934104340537
4,TPA + acetic acid,2,8.36,10.815999999999999,7.923594376329735,5.352985015334344,12.161319791815618
4,TPA + acetic acid,2,8.38,10.833,7.937328582042305,5.360153785490935,12.164672720756109
4,TPA + acetic acid,2,8.4,10.85,7.9514054016467615,5.367360252051526,12.167993462804258
4,TPA + acetic acid,2,8.42,10.866999999999999,7.963353516086395,5.374605454606197,12.171282574914944
4,TPA + acetic acid,2,8.44,10.883999999999999,7.975190781789157,5.381890464985666,12.174540599854044
4,TPA + acetic acid,2,8.46,10.901,7.98723706283335,5.389216388666345,12.177768066675767
4,TPA + acetic acid,2,8.48,10.918,8.002173680948975,5.396584366251714,12.180965491180153
4,TPA + acetic acid,2,8.5,10.934999999999999,8.019574690739107,5.403995575035125,12.1841333763516
4,TPA + acetic acid,2,8.52,10.952,8.033296089918258,5.411451230649526,12.18727221277944
4,TPA + acetic acid,2,8.540000000000001,10.969000000000001,8.050148970553439,5.418952588810072,12.19038247906138
4,TPA + acetic acid,2,8.56,10.986,8.065081535454773,5.426500947155972,12.193464642190698
4,TPA + acetic acid,2,8.58,11.003,8.076990749870468,5.434097647198682,12.196519157927895
4,TPA + acetic acid,2,8.6,11.02,8.088207342376311,5.441744076383642,12.199546471157621
4,TPA + acetic acid,2,8.620000000000001,11.037,8.099489700590393,5.449441670274057,12.202547016231527
4,TPA + acetic acid,2,8.64,11.054,8.111405791204577,5.4571919148651915,12.205521217297715
4,TPA + acetic acid,2,8.66,11.071,8.126974624464259,5.464996349039,12.208469488617403
4,TPA + acetic acid,2,8.68,11.088,8.140520053234063,5.474496977845705,12.211392234869422
4,TPA + acetic acid,2,8.700000000000001,11.105,8.15246307573217,5.494141501262144,12.21428985144306
4,TPA + acetic acid,2,8.72,11.122,8.163390901138142,5.501501520286695,12.217162724719817
4,TPA + acetic acid,2,8.74,11.139,8.175300989694358,5.508920124755091,12.22001123234455
4,TPA + acetic acid,2,8.76,11.155999999999999,8.187434513554093,5.51639899222007,12.222835743486527
4,TPA + acetic acid,2,8.78,11.172999999999998,8.200312333163795,5.520278436543212,12.225636619090746
4,TPA + acetic acid,2,8.8,11.19,8.216867663932096,5.521788239645545,12.228414212120075
4,TPA + acetic acid,2,8.82,11.206999999999999,8.231249281729044,5.529586989017828,12.23116886778848
4,TPA + acetic acid,2,8.84,11.224,8.243701504288913,5.537958535474798,12.233900923785868
4,TPA + acetic acid,2,8.86,11.241,8.258358755440927,5.546403233209244,12.236610710494784
4,TPA + acetic acid,2,8.88,11.258000000000001,8.275425884593613,5.554923417476642,12.239298551199376
4,TPA + acetic acid,2,8.9,11.275,8.29113918387067,5.5635215217140495,12.241964762286962
4,TPA + acetic acid,2,8.92,11.292,8.304005899409589,5.572200083208379,12.244609653442481
4,TPA + acetic acid,2,8.94,11.309,8.317092235746957,5.580961749179659,12.247233527836134
4,TPA + acetic acid,2,8.96,11.326,8.330273755744646,5.5898092833162085,12.249836682304519
4,TPA + acetic acid,2,8.98,11.343,8.345315271691094,5.598745572802791,12.252419407525508
4,TPA + acetic acid,2,9.0,11.36,8.361170955400835,5.606649879644975,12.25498198818714
