benchmark_seed,method,task_seed,task_id,acid_type,difficulty,direction,pka_family,true_pair_count,initial_ph,target_ph,true_concentration_m,overshoot_cap_events,overshoot_cap_applied_steps,overshoot_cap_final_ml,true_success,strict_success,severe_failure,measured_success,false_stop,steps,overshoots,final_abs_error,total_volume_ml,acid_added_ml,base_added_ml,final_true_ph,final_measured_ph,stop_reason,training_seed
404,ppo,1000404,1,monoprotic,near,base,single,1,2.936,3.143,0.03435788244861229,3,1,0.155,1,1,0,1,0,4,3,0.011893783074917508,3.2,1.38,1.82,3.1548937830749173,3.15,measured_success,202
404,ppo,1000404,2,monoprotic,medium,acid,single,1,6.355,5.438,0.04861067162220892,4,3,0.075,1,0,0,1,0,10,4,0.08488968978047584,4.529999999999999,2.5299999999999994,1.9999999999999998,5.522889689780476,5.5200000000000005,measured_success,202
404,ppo,1000404,3,diprotic,near,acid,separated,2,3.747,3.319,0.07490530977068753,1,0,0.755,1,1,0,1,0,1,1,0.043908199534044456,1.51,1.51,0.0,3.2750918004659555,3.2800000000000002,measured_success,202
404,ppo,1000404,4,monoprotic,near,acid,single,1,5.289,5.063,0.05951321044967998,0,0,,0,0,0,0,0,50,0,0.10952559760030045,0.5000000000000002,0.5000000000000002,0.0,5.1725255976003,5.17,max_steps,202
404,ppo,1000404,5,diprotic,medium,base,separated,2,1.978,2.85,0.04794644368165504,0,0,,1,1,0,1,0,2,0,0.005864912098000108,3.84,0.0,3.84,2.844135087902,2.84,measured_success,202
404,ppo,1000404,6,triprotic,near,acid,separated,3,2.922,2.57,0.037294524685661,2,1,0.425,1,0,0,1,0,4,2,0.0721003029569558,4.42,2.54,1.88,2.6421003029569556,2.64,measured_success,202
404,ppo,1000404,7,diprotic,near,acid,separated,2,5.288,5.008,0.076767232553423,2,1,0.375,1,0,0,1,0,2,2,0.06575865368686262,2.26,1.51,0.75,5.073758653686863,5.07,measured_success,202
404,ppo,1000404,8,diprotic,near,base,overlapping,2,4.043,4.373,0.05613446510631007,2,1,0.375,1,1,0,1,0,2,2,0.005853720307812615,2.26,0.75,1.51,4.367146279692188,4.37,measured_success,202
404,ppo,1000404,9,monoprotic,medium,acid,single,1,8.009,7.104,0.08197909696696164,1,0,0.155,1,1,0,1,0,24,1,0.002471125496973592,4.0200000000000005,4.0200000000000005,0.0,7.1015288745030265,7.1000000000000005,measured_success,202
404,ppo,1000404,10,triprotic,medium,base,separated,3,5.22,7.165,0.10831992770478095,0,0,,1,0,0,1,0,8,0,0.08244824748859525,16.990000000000002,0.0,16.990000000000002,7.082551752511405,7.08,measured_success,202
404,ppo,1000404,11,diprotic,medium,acid,separated,2,4.031,2.615,0.17577438939980922,1,0,0.515,1,0,0,1,0,5,1,0.06547436479804603,11.49,11.49,0.0,2.549525635201954,2.5500000000000003,measured_success,202
404,ppo,1000404,12,monoprotic,near,acid,single,1,5.877,5.609,0.10442261667302997,0,0,,0,0,0,0,0,50,0,0.12624742325224503,0.5000000000000002,0.5000000000000002,0.0,5.735247423252245,5.74,max_steps,202
404,ppo,1000404,13,monoprotic,near,acid,single,1,4.467,3.9,0.05946836675597403,1,1,0.425,1,1,0,1,0,3,1,0.03167774979322813,2.78,2.36,0.42,3.868322250206772,3.87,measured_success,202
404,ppo,1000404,14,monoprotic,medium,acid,single,1,6.064,4.652,0.09572880105318915,5,1,0.06,1,1,0,1,0,10,5,0.0031280308103740495,10.280000000000001,5.79,4.49,4.648871969189626,4.65,measured_success,202
404,ppo,1000404,15,monoprotic,far,base,single,1,3.288,6.933,0.10308345883070245,43,21,0.01,0,0,1,0,0,50,43,2.3069046445795927,18.769999999999992,7.669999999999997,11.099999999999994,9.239904644579592,9.24,max_steps,202
404,ppo,1000404,16,diprotic,near,acid,separated,2,2.093,1.842,0.07493362044176621,1,0,1.06,1,1,0,1,0,1,1,0.013995671457869285,2.12,2.12,0.0,1.8280043285421308,1.83,measured_success,202
404,ppo,1000404,17,triprotic,far,base,separated,3,2.038,4.369,0.13181533327791947,0,0,,1,0,0,1,0,23,0,0.0997768579199878,26.849999999999984,0.0,26.849999999999984,4.269223142080012,4.2700000000000005,measured_success,202
404,ppo,1000404,18,diprotic,near,acid,separated,2,4.653,4.117,0.06745588283915117,0,0,,1,1,0,1,0,2,0,0.02014053833211893,2.36,2.36,0.0,4.137140538332119,4.14,measured_success,202
404,ppo,1000404,19,diprotic,medium,acid,separated,2,5.261,3.417,0.06922305041590644,1,1,0.515,1,1,0,1,0,5,1,0.019747624624938176,10.099999999999998,9.589999999999998,0.51,3.3972523753750616,3.4,measured_success,202
404,ppo,1000404,20,diprotic,near,acid,separated,2,3.78,3.489,0.11611720650655372,0,0,,1,1,0,1,0,1,1,0.0013067545313427686,1.51,1.51,0.0,3.487693245468657,3.49,measured_success,202
404,ppo,1000404,21,triprotic,near,base,overlapping,3,2.724,3.214,0.04546817420744781,0,0,,1,0,0,1,0,3,0,0.0684331425830984,3.39,0.0,3.39,3.1455668574169016,3.15,measured_success,202
404,ppo,1000404,22,triprotic,far,acid,separated,3,6.088,2.894,0.05378881506987235,1,0,0.515,1,0,0,1,0,4,1,0.07586754654517236,14.03,14.03,0.0,2.8181324534548278,2.82,measured_success,202
404,ppo,1000404,23,monoprotic,medium,base,single,1,4.689,5.914,0.15069828650295192,0,0,,1,1,0,1,0,3,0,0.013399681624955306,8.55,0.0,8.55,5.900600318375044,5.9,measured_success,202
404,ppo,1000404,24,diprotic,medium,acid,separated,2,2.845,2.127,0.1358367368332523,2,1,0.45,1,0,0,1,0,3,2,0.06731617833787507,6.180000000000001,5.28,0.9,2.194316178337875,2.19,measured_success,202
404,ppo,1000404,25,diprotic,medium,base,overlapping,2,3.638,4.471,0.05831425740679513,0,0,,1,0,0,1,0,8,0,0.06320403643471906,6.469999999999998,0.0,6.469999999999998,4.407795963565281,4.41,measured_success,202
404,ppo,1000404,26,monoprotic,medium,base,single,1,3.005,4.331,0.07767761232884599,4,3,0.105,1,1,0,1,0,6,4,0.013116113296042009,8.36,2.59,5.77,4.317883886703958,4.32,measured_success,202
404,ppo,1000404,27,triprotic,far,acid,separated,3,7.29,4.906,0.0424730683613319,0,0,,1,0,0,1,0,3,0,0.07765642568415121,9.22,9.22,0.0,4.983656425684151,4.98,measured_success,202
404,ppo,1000404,28,diprotic,far,base,separated,2,6.252,10.172,0.039503012915298244,4,2,0.025,1,0,0,1,0,10,4,0.05520651609027638,15.86,7.340000000000001,8.52,10.116793483909724,10.120000000000001,measured_success,202
404,ppo,1000404,29,monoprotic,medium,base,single,1,7.665,9.631,0.06190871565866384,4,2,0.02,1,1,0,1,0,13,4,0.005227866948910531,11.669999999999998,5.03,6.639999999999999,9.62577213305109,9.63,measured_success,202
404,ppo,1000404,30,triprotic,medium,base,separated,3,4.994,6.619,0.0988035521959107,3,0,0.155,1,0,0,1,0,6,3,0.09454338783512384,11.01,0.85,10.16,6.713543387835124,6.71,measured_success,202
404,ppo,1000404,31,triprotic,far,base,separated,3,8.09,11.689,0.13652062035956414,1,0,3.24,1,1,0,1,0,15,1,0.03376656498018349,10.14,3.6599999999999993,6.48,11.722766564980184,11.72,measured_success,202
404,ppo,1000404,32,triprotic,near,base,separated,3,5.494,6.046,0.1430330163088228,0,0,,1,0,0,1,0,3,0,0.07704961604586469,3.9299999999999997,0.0,3.9299999999999997,5.968950383954136,5.97,measured_success,202
404,ppo,1000404,33,diprotic,near,base,separated,2,6.153,6.546,0.11524857611062438,0,0,,1,0,0,1,0,2,0,0.09668699235652856,2.75,0.0,2.75,6.449313007643472,6.45,measured_success,202
404,ppo,1000404,34,triprotic,medium,base,separated,3,3.373,4.281,0.03581763452514367,0,0,,1,1,0,1,0,2,0,0.0020791472400771838,3.84,0.0,3.84,4.2789208527599225,4.28,measured_success,202
404,ppo,1000404,35,monoprotic,near,acid,single,1,2.843,2.161,0.13529766816158503,0,0,,1,0,0,1,0,1,0,0.09196864664431148,3.48,3.48,0.0,2.2529686466443115,2.25,measured_success,202
404,ppo,1000404,36,monoprotic,near,acid,single,1,7.029,6.377,0.15535005824067927,2,1,0.375,1,0,0,1,0,3,2,0.05148090247254,2.5700000000000003,1.82,0.75,6.42848090247254,6.43,measured_success,202
404,ppo,1000404,37,triprotic,near,base,separated,3,2.702,2.949,0.0497389692741404,1,0,0.755,1,1,0,1,0,1,1,0.01895543033080571,1.51,0.0,1.51,2.9679554303308056,2.97,measured_success,202
404,ppo,1000404,38,diprotic,far,acid,separated,2,5.222,2.312,0.10466390078115063,0,0,,1,1,0,1,0,8,0,0.0247683509647314,29.120000000000005,29.120000000000005,0.0,2.3367683509647312,2.34,measured_success,202
404,ppo,1000404,39,monoprotic,far,acid,single,1,7.082,3.575,0.03148156796126711,4,2,0.425,1,0,0,1,0,6,4,0.08967148772094191,18.29,9.82,8.469999999999999,3.664671487720942,3.66,measured_success,202
404,ppo,1000404,40,monoprotic,far,base,single,1,3.886,7.776,0.0697780480790874,40,24,0.01,0,0,0,0,0,50,40,0.13749937503759213,24.139999999999993,11.629999999999997,12.509999999999994,7.638500624962408,7.640000000000001,max_steps,202
404,ppo,1000404,41,triprotic,medium,base,separated,3,4.037,5.537,0.10672885284729049,0,0,,1,1,0,1,0,6,0,0.028567443617323995,7.619999999999999,0.0,7.619999999999999,5.508432556382676,5.51,measured_success,202
404,ppo,1000404,42,monoprotic,near,acid,single,1,6.658,6.068,0.08548599659870015,0,0,,1,0,0,1,0,5,0,0.09468585275007335,3.0700000000000003,3.0700000000000003,0.0,6.162685852750073,6.16,measured_success,202
404,ppo,1000404,43,triprotic,far,base,overlapping,3,4.025,6.708,0.05470650296526364,3,1,0.27,1,1,0,1,0,8,3,0.004435825732583609,20.950000000000003,2.92,18.03,6.712435825732584,6.71,measured_success,202
404,ppo,1000404,44,monoprotic,far,acid,single,1,5.301,1.906,0.13597102490741847,1,0,0.515,1,1,0,1,0,4,1,0.003957214985707003,15.28,15.28,0.0,1.902042785014293,1.9000000000000001,measured_success,202
404,ppo,1000404,45,monoprotic,near,acid,single,1,3.107,2.852,0.06134930883482057,2,2,0.265,1,1,0,1,0,4,2,0.04602717585899674,3.05,1.77,1.28,2.8980271758589966,2.9,measured_success,202
404,ppo,1000404,46,monoprotic,medium,base,single,1,8.438,9.175,0.17739266811188217,0,0,,1,0,0,1,0,23,0,0.08576524092416804,3.909999999999999,0.0,3.909999999999999,9.089234759075833,9.09,measured_success,202
404,ppo,1000404,47,monoprotic,far,acid,single,1,6.962,3.701,0.03308994655594709,5,2,0.115,1,1,0,1,0,8,5,0.019027878308543134,18.59,10.010000000000002,8.579999999999998,3.681972121691457,3.68,measured_success,202
404,ppo,1000404,48,monoprotic,far,base,single,1,7.962,11.698,0.178596445167726,1,0,4.1,1,0,0,1,0,20,1,0.08301121709092385,11.929999999999998,3.729999999999999,8.2,11.781011217090924,11.78,measured_success,202
404,ppo,1000404,49,triprotic,near,acid,separated,3,2.823,2.37,0.0964661611799715,1,0,1.06,1,0,0,1,0,1,1,0.09273725429895396,2.12,2.12,0.0,2.277262745701046,2.2800000000000002,measured_success,202
404,ppo,1000404,50,diprotic,near,base,separated,2,2.52,2.781,0.1567286642988752,0,0,,1,1,0,1,0,1,0,0.04362367927441957,1.51,0.0,1.51,2.7373763207255806,2.74,measured_success,202
404,ppo,1000404,51,monoprotic,near,acid,single,1,4.336,4.043,0.043594341648776035,1,1,0.755,1,1,0,1,0,2,1,0.02029889274241814,2.26,1.51,0.75,4.022701107257582,4.0200000000000005,measured_success,202
404,ppo,1000404,52,monoprotic,medium,acid,single,1,3.16,2.018,0.07432671113604744,1,0,1.935,1,1,0,1,0,1,1,0.03397870393825686,3.87,3.87,0.0,1.984021296061743,1.98,measured_success,202
404,ppo,1000404,53,monoprotic,medium,acid,single,1,2.734,1.662,0.0701730298897867,0,0,,1,1,0,1,0,2,0,0.04907749199604794,4.9,4.9,0.0,1.7110774919960479,1.71,measured_success,202
404,ppo,1000404,54,diprotic,medium,base,separated,2,5.933,7.009,0.06681316203402854,1,0,2.02,1,0,0,1,0,2,1,0.09367628717678045,4.57,0.53,4.04,7.102676287176781,7.1000000000000005,measured_success,202
404,ppo,1000404,55,triprotic,medium,base,separated,3,7.821,8.599,0.05450252763807226,3,0,0.085,1,0,0,1,0,6,3,0.08124617615989749,4.3,1.8399999999999999,2.46,8.680246176159898,8.68,measured_success,202
404,ppo,1000404,56,diprotic,medium,acid,separated,2,4.847,3.419,0.030692498563219997,3,1,0.425,1,0,0,1,0,4,3,0.07978674351571646,6.9399999999999995,4.72,2.22,3.3392132564842836,3.34,measured_success,202
404,ppo,1000404,57,diprotic,medium,base,separated,2,5.568,6.714,0.14925104826796226,0,0,,1,1,0,1,0,5,0,0.018240027770188405,10.210000000000003,0.0,10.210000000000003,6.695759972229812,6.7,measured_success,202
404,ppo,1000404,58,diprotic,near,acid,separated,2,3.559,3.284,0.13662387655176886,0,0,,1,0,0,1,0,2,0,0.06846194811691575,2.54,2.54,0.0,3.3524619481169156,3.35,measured_success,202
404,ppo,1000404,59,triprotic,medium,base,separated,3,2.147,3.607,0.039715500755251855,1,0,0.265,1,1,0,1,0,2,1,0.010979727521211124,5.78,0.0,5.78,3.6179797275212113,3.62,measured_success,202
404,ppo,1000404,60,diprotic,near,acid,separated,2,4.384,3.879,0.044360859360998775,3,2,0.185,1,0,0,1,0,3,3,0.08890076729968,2.63,1.88,0.75,3.79009923270032,3.79,measured_success,202
404,ppo,1000404,61,triprotic,medium,acid,separated,3,4.71,2.916,0.1324151912615236,0,0,,1,0,0,1,0,12,0,0.058789197869798304,25.450000000000003,25.450000000000003,0.0,2.9747891978697982,2.97,measured_success,202
404,ppo,1000404,62,triprotic,near,base,separated,3,3.337,3.958,0.03295859667051463,2,0,0.425,1,0,0,1,0,2,2,0.050090792798480166,3.11,0.85,2.26,3.90790920720152,3.91,measured_success,202
404,ppo,1000404,63,monoprotic,far,acid,single,1,5.649,2.774,0.05004238827250627,2,0,0.515,1,0,0,1,0,4,2,0.08053105296248209,10.48,6.07,4.41,2.854531052962482,2.85,measured_success,202
404,ppo,1000404,64,diprotic,far,acid,separated,2,5.689,3.595,0.0937081988739041,0,0,,1,0,0,1,0,6,0,0.097809928537274,14.079999999999998,14.079999999999998,0.0,3.692809928537274,3.69,measured_success,202
404,ppo,1000404,65,diprotic,near,acid,overlapping,2,4.368,4.157,0.14118732523776392,0,0,,1,0,0,1,0,2,0,0.06222624589487147,2.36,2.36,0.0,4.2192262458948715,4.22,measured_success,202
404,ppo,1000404,66,triprotic,medium,base,separated,3,2.257,4.016,0.09542519234539391,0,0,,1,0,0,1,0,13,0,0.08260024381833464,9.890000000000004,0.0,9.890000000000004,3.9333997561816654,3.93,measured_success,202
404,ppo,1000404,67,triprotic,medium,base,overlapping,3,5.181,6.411,0.08388790831412048,6,3,0.01,1,0,0,1,0,11,6,0.06100179376459458,12.46,6.020000000000001,6.44,6.349998206235405,6.3500000000000005,measured_success,202
404,ppo,1000404,68,monoprotic,medium,acid,single,1,3.824,1.922,0.11889328562197411,0,0,,1,1,0,1,0,1,0,0.020841527468446364,5.06,5.06,0.0,1.9428415274684463,1.94,measured_success,202
404,ppo,1000404,69,diprotic,medium,acid,separated,2,4.313,3.529,0.030957345626668416,3,2,0.395,1,0,0,1,0,5,3,0.050788121131852826,8.43,4.66,3.77,3.478211878868147,3.48,measured_success,202
404,ppo,1000404,70,diprotic,medium,acid,overlapping,2,3.914,3.203,0.16770956337779225,0,0,,1,0,0,1,0,18,0,0.08731602278281736,17.93,17.93,0.0,3.290316022782817,3.29,measured_success,202
404,ppo,1000404,71,diprotic,medium,base,separated,2,6.252,7.321,0.12462343790003282,3,1,0.085,1,1,0,1,0,4,3,0.01353333805392154,5.0,0.53,4.47,7.334533338053921,7.33,measured_success,202
404,ppo,1000404,72,diprotic,medium,base,separated,2,7.804,8.811,0.08642491158621696,1,1,0.085,1,0,0,1,0,9,1,0.05334562687504629,0.8200000000000001,0.14,0.68,8.864345626875046,8.86,measured_success,202
404,ppo,1000404,73,monoprotic,near,base,single,1,6.734,7.147,0.17571048819436916,0,0,,1,1,0,1,0,1,0,0.011374707752667135,2.12,0.0,2.12,7.135625292247333,7.140000000000001,measured_success,202
404,ppo,1000404,74,diprotic,far,acid,separated,2,5.167,2.773,0.13794105895549708,1,0,0.515,1,0,0,1,0,7,1,0.0837397624204681,24.53,24.53,0.0,2.689260237579532,2.69,measured_success,202
404,ppo,1000404,75,diprotic,near,acid,separated,2,2.376,1.706,0.04198162083392042,0,0,,1,0,0,1,0,1,0,0.05997283656155972,3.48,3.48,0.0,1.7659728365615597,1.77,measured_success,202
404,ppo,1000404,76,triprotic,medium,base,separated,3,1.849,2.99,0.08566982942761792,0,0,,1,1,0,1,0,6,0,0.03337415329665028,8.879999999999999,0.0,8.879999999999999,2.95662584670335,2.96,measured_success,202
404,ppo,1000404,77,diprotic,medium,acid,separated,2,4.502,3.402,0.030257013464349444,1,0,1.935,1,0,0,1,0,2,1,0.09347711001087688,5.67,3.87,1.8,3.3085228899891233,3.31,measured_success,202
404,ppo,1000404,78,diprotic,far,base,overlapping,2,4.179,7.746,0.03801753579301757,45,23,0.01,0,0,1,0,0,50,45,1.6623603158888987,24.32999999999999,11.909999999999998,12.419999999999995,9.408360315888899,9.41,max_steps,202
404,ppo,1000404,79,diprotic,far,base,separated,2,3.442,5.876,0.10393178489505266,2,0,0.06,1,0,0,1,0,11,2,0.07655278579173785,11.409999999999998,0.5,10.909999999999998,5.7994472142082625,5.8,measured_success,202
404,ppo,1000404,80,diprotic,far,acid,separated,2,5.285,3.006,0.0851073966396679,1,0,3.035,1,0,0,1,0,1,1,0.0882360252252341,6.07,6.07,0.0,2.9177639747747657,2.92,measured_success,202
404,ppo,1000404,81,triprotic,medium,acid,separated,3,4.059,2.825,0.0883712066961657,0,0,,1,0,0,1,0,2,0,0.059869918291868274,5.67,5.67,0.0,2.8848699182918685,2.88,measured_success,202
404,ppo,1000404,82,monoprotic,medium,acid,single,1,7.693,6.993,0.1325427881963678,0,0,,1,0,0,1,0,5,0,0.08746645041800072,3.68,3.68,0.0,7.080466450418001,7.08,measured_success,202
404,ppo,1000404,83,triprotic,near,acid,separated,3,2.281,1.721,0.10988413385569462,0,0,,1,0,0,1,0,1,0,0.056631792081416776,3.48,3.48,0.0,1.7776317920814169,1.78,measured_success,202
404,ppo,1000404,84,monoprotic,medium,base,single,1,7.085,9.04,0.044508701378398456,3,0,0.155,1,1,0,1,0,9,3,0.04583689758185372,8.809999999999999,2.04,6.77,9.085836897581853,9.09,measured_success,202
404,ppo,1000404,85,monoprotic,near,acid,single,1,5.939,5.383,0.06228321524175708,1,0,0.315,1,0,0,1,0,2,1,0.06597558856905739,2.14,2.14,0.0,5.317024411430943,5.32,measured_success,202
404,ppo,1000404,86,monoprotic,far,base,single,1,5.984,9.557,0.05296284749862521,6,1,0.02,1,0,0,1,0,10,6,0.05666888249544222,18.78,6.98,11.799999999999999,9.500331117504558,9.5,measured_success,202
404,ppo,1000404,87,monoprotic,medium,acid,single,1,3.39,1.747,0.09013995095518237,0,0,,1,0,0,1,0,6,0,0.06275152982458132,13.799999999999999,13.799999999999999,0.0,1.8097515298245814,1.81,measured_success,202
404,ppo,1000404,88,triprotic,medium,acid,separated,3,4.62,3.471,0.09895386084668385,1,0,0.515,1,1,0,1,0,3,1,0.03445616850716693,6.7,6.7,0.0,3.436543831492833,3.44,measured_success,202
404,ppo,1000404,89,monoprotic,medium,acid,single,1,3.707,1.87,0.0555604673331153,0,0,,1,0,0,1,0,2,0,0.0966635449013391,6.9799999999999995,6.9799999999999995,0.0,1.9666635449013392,1.97,measured_success,202
404,ppo,1000404,90,monoprotic,near,acid,single,1,7.306,6.697,0.07542179407479499,0,0,,1,1,0,1,0,1,0,0.043853818258928534,1.51,1.51,0.0,6.740853818258929,6.74,measured_success,202
404,ppo,1000404,91,monoprotic,near,acid,single,1,5.713,5.082,0.16268822203025826,0,0,,1,0,0,1,0,13,0,0.09160188225735322,7.279999999999998,7.279999999999998,0.0,5.173601882257353,5.17,measured_success,202
404,ppo,1000404,92,triprotic,medium,base,overlapping,3,3.087,4.281,0.05042601369601036,0,0,,1,0,0,1,0,14,0,0.05984599229582077,10.100000000000001,0.0,10.100000000000001,4.221154007704179,4.22,measured_success,202
404,ppo,1000404,93,diprotic,medium,base,overlapping,2,5.711,6.752,0.09064269189873612,4,2,0.04,1,0,0,1,0,9,4,0.09208967114571909,8.469999999999999,3.77,4.699999999999999,6.659910328854281,6.66,measured_success,202
404,ppo,1000404,94,diprotic,medium,base,separated,2,5.623,7.425,0.07687664876485618,0,0,,1,0,0,1,0,12,0,0.09470906321559358,8.190000000000001,0.0,8.190000000000001,7.330290936784406,7.33,measured_success,202
404,ppo,1000404,95,monoprotic,medium,base,single,1,3.532,4.242,0.03037744131546432,3,1,0.21,1,0,0,1,0,3,3,0.09926383370802316,3.53,0.85,2.6799999999999997,4.341263833708023,4.34,measured_success,202
404,ppo,1000404,96,diprotic,near,acid,separated,2,4.425,4.041,0.07544274059779264,0,0,,1,0,0,1,0,1,0,0.06936089185323091,1.51,1.51,0.0,4.110360891853231,4.11,measured_success,202
404,ppo,1000404,97,diprotic,near,base,separated,2,5.83,6.05,0.06593616355624195,0,0,,0,0,0,1,1,44,0,0.10340781813821831,0.4400000000000002,0.0,0.4400000000000002,5.9465921818617815,5.95,measured_success,202
404,ppo,1000404,98,diprotic,near,base,separated,2,2.666,2.878,0.03363447045127429,2,1,0.315,0,0,0,1,1,3,2,0.10132722364437186,2.8899999999999997,1.38,1.51,2.7766727763556283,2.7800000000000002,measured_success,202
404,ppo,1000404,99,monoprotic,near,base,single,1,2.16,2.803,0.09709198825986753,0,0,,1,1,0,1,0,5,0,0.031794608512389466,5.16,0.0,5.16,2.7712053914876105,2.77,measured_success,202
404,ppo,1000404,100,diprotic,near,acid,separated,2,2.005,1.541,0.07359949891171068,0,0,,1,1,0,1,0,2,0,0.04587269419461171,4.51,4.51,0.0,1.5868726941946116,1.59,measured_success,202
404,ppo,1000404,101,diprotic,near,acid,separated,2,3.593,3.057,0.035617539002269605,4,2,0.105,1,1,0,1,0,5,4,0.015628667788398776,4.51,2.6,1.91,3.0726286677883987,3.0700000000000003,measured_success,202
404,ppo,1000404,102,monoprotic,medium,acid,single,1,6.772,5.342,0.08992950849004949,5,1,0.085,1,0,0,1,0,7,5,0.07362786147492617,9.75,5.66,4.09,5.2683721385250735,5.2700000000000005,measured_success,202
404,ppo,1000404,103,diprotic,medium,base,separated,2,4.541,6.418,0.07198700093035634,5,2,0.055,1,0,0,1,0,7,5,0.08577014677846417,9.129999999999999,2.92,6.21,6.503770146778464,6.5,measured_success,202
404,ppo,1000404,104,diprotic,medium,base,separated,2,2.669,3.436,0.04544902352191553,0,0,,1,1,0,1,0,1,0,0.021257807653746852,2.26,0.0,2.26,3.414742192346253,3.41,measured_success,202
404,ppo,1000404,105,triprotic,medium,acid,separated,3,4.407,2.543,0.06896026984163907,1,0,0.425,1,1,0,1,0,4,1,0.0378039373040675,8.86,8.86,0.0,2.5051960626959326,2.5100000000000002,measured_success,202
404,ppo,1000404,106,diprotic,near,base,separated,2,4.531,5.102,0.07268138701747316,1,0,0.515,1,0,0,1,0,2,1,0.05512575447961865,3.29,0.0,3.29,5.157125754479619,5.16,measured_success,202
404,ppo,1000404,107,monoprotic,far,base,single,1,3.329,6.966,0.049386398739582185,43,21,0.01,0,0,1,0,0,50,43,1.1334549357710637,13.81999999999999,3.9899999999999953,9.829999999999995,8.099454935771064,8.1,max_steps,202
404,ppo,1000404,108,diprotic,medium,base,separated,2,2.884,3.981,0.035951645455862324,2,1,0.515,1,1,0,1,0,4,2,0.003938106495428251,7.5,2.95,4.55,3.9770618935045716,3.98,measured_success,202
404,ppo,1000404,109,diprotic,medium,base,separated,2,4.405,5.674,0.034874889596127674,4,1,0.09,1,1,0,1,0,6,4,0.04982264708145134,10.57,4.33,6.24,5.624177352918549,5.62,measured_success,202
404,ppo,1000404,110,diprotic,medium,base,separated,2,1.931,3.313,0.08750408294029943,0,0,,1,1,0,1,0,7,0,0.02081277923132019,8.42,0.0,8.42,3.29218722076868,3.29,measured_success,202
404,ppo,1000404,111,monoprotic,medium,base,single,1,5.176,6.557,0.03038957429589677,5,5,0.065,1,1,0,1,0,9,5,0.02541091461983136,12.760000000000002,5.950000000000001,6.81,6.582410914619832,6.58,measured_success,202
404,ppo,1000404,112,monoprotic,far,acid,single,1,8.391,6.212,0.03867600576113526,6,3,0.04,1,1,0,1,0,48,6,0.03317967340288064,13.59,8.169999999999998,5.420000000000001,6.24517967340288,6.25,measured_success,202
404,ppo,1000404,113,monoprotic,near,acid,single,1,8.348,7.807,0.15054108189174592,0,0,,0,0,0,0,0,50,0,0.4642264476959017,0.5000000000000002,0.5000000000000002,0.0,8.271226447695902,8.27,max_steps,202
404,ppo,1000404,114,monoprotic,medium,acid,single,1,7.938,6.999,0.04588870797996877,2,0,0.315,1,1,0,1,0,6,2,0.017602338677932927,2.87,2.24,0.63,7.016602338677933,7.0200000000000005,measured_success,202
404,ppo,1000404,115,monoprotic,medium,base,single,1,6.749,7.955,0.1657914281593543,6,6,0.015,1,0,0,1,0,10,6,0.05981527165161715,8.67,3.8699999999999997,4.8,7.895184728348383,7.9,measured_success,202
404,ppo,1000404,116,diprotic,medium,acid,separated,2,3.841,3.059,0.05359632632789151,1,0,1.74,1,1,0,1,0,1,1,0.014094678615641065,3.48,3.48,0.0,3.044905321384359,3.04,measured_success,202
404,ppo,1000404,117,diprotic,near,base,separated,2,2.999,3.61,0.044209845664768585,2,0,0.425,1,0,0,1,0,2,2,0.07340926527812419,3.11,0.85,2.26,3.5365907347218757,3.54,measured_success,202
404,ppo,1000404,118,monoprotic,medium,base,single,1,5.018,6.028,0.14344578961121282,0,0,,1,0,0,1,0,10,0,0.07805329444038644,7.099999999999998,0.0,7.099999999999998,5.949946705559613,5.95,measured_success,202
404,ppo,1000404,119,triprotic,near,acid,separated,3,5.194,4.696,0.0974811722666668,1,0,0.425,1,1,0,1,0,2,1,0.00130836887091057,2.36,2.36,0.0,4.694691631129089,4.69,measured_success,202
404,ppo,1000404,120,triprotic,near,base,overlapping,3,2.226,2.79,0.10978916074681208,0,0,,1,0,0,1,0,19,0,0.08722889515929211,9.700000000000001,0.0,9.700000000000001,2.702771104840708,2.7,measured_success,202
404,ppo,1000404,121,monoprotic,far,acid,single,1,7.011,3.023,0.10431417299752302,2,1,0.425,1,0,0,1,0,8,2,0.054253002843896336,15.25,8.51,6.74,3.0772530028438965,3.08,measured_success,202
404,ppo,1000404,122,diprotic,near,base,separated,2,4.789,5.303,0.03969298204641035,2,0,0.315,1,0,0,1,0,3,2,0.09617139143597608,3.7399999999999998,1.48,2.26,5.206828608564024,5.21,measured_success,202
404,ppo,1000404,123,monoprotic,medium,acid,single,1,4.488,2.88,0.08212525244449026,2,0,0.315,1,1,0,1,0,3,2,0.04805675212528371,5.999999999999999,5.369999999999999,0.63,2.9280567521252836,2.93,measured_success,202
404,ppo,1000404,124,diprotic,medium,acid,separated,2,3.474,1.631,0.06872324948716571,0,0,,1,0,0,1,0,6,0,0.0767300198176637,11.419999999999998,11.419999999999998,0.0,1.7077300198176637,1.71,measured_success,202
404,ppo,1000404,125,diprotic,medium,acid,separated,2,4.914,4.189,0.08716389508270192,0,0,,1,0,0,1,0,5,0,0.08032056035294843,5.67,5.67,0.0,4.2693205603529485,4.2700000000000005,measured_success,202
404,ppo,1000404,126,diprotic,medium,base,separated,2,6.568,7.95,0.0776498634759548,4,2,0.075,1,1,0,1,0,9,4,0.030012208023788567,12.420000000000002,5.980000000000001,6.44,7.919987791976212,7.92,measured_success,202
404,ppo,1000404,127,monoprotic,far,base,single,1,5.738,8.597,0.08849595881943022,6,3,0.06,1,0,0,1,0,9,6,0.06753537547062471,14.580000000000002,4.62,9.96,8.529464624529375,8.53,measured_success,202
404,ppo,1000404,128,triprotic,near,base,separated,3,8.082,8.763,0.03703170048448183,2,0,0.315,1,1,0,1,0,2,2,0.030254244578584277,2.75,0.63,2.12,8.732745755421416,8.73,measured_success,202
404,ppo,1000404,129,monoprotic,far,acid,single,1,5.237,2.276,0.09550982776774505,2,0,0.155,1,1,0,1,0,5,2,0.015450674586367619,8.09,6.07,2.02,2.2914506745863674,2.29,measured_success,202
404,ppo,1000404,130,diprotic,near,acid,separated,2,4.096,3.543,0.06945454233372622,0,0,,1,1,0,1,0,3,0,0.034595087526903434,4.06,4.06,0.0,3.5775950875269036,3.58,measured_success,202
404,ppo,1000404,131,diprotic,near,acid,separated,2,4.447,3.969,0.07920530625575045,0,0,,1,1,0,1,0,2,0,0.010573576744266067,2.54,2.54,0.0,3.979573576744266,3.98,measured_success,202
404,ppo,1000404,132,monoprotic,medium,acid,single,1,6.907,5.116,0.14008485423632117,4,0,0.18,1,1,0,1,0,6,4,0.009803691242881385,9.01,6.85,2.16,5.125803691242881,5.13,measured_success,202
404,ppo,1000404,133,monoprotic,medium,acid,single,1,4.933,4.059,0.05391667115087191,6,2,0.045,1,1,0,1,0,8,6,0.043493037680994995,9.44,4.8999999999999995,4.54,4.102493037680995,4.1,measured_success,202
404,ppo,1000404,134,triprotic,medium,base,separated,3,4.163,5.898,0.1693733322668107,0,0,,1,0,0,1,0,4,0,0.08273785706907333,11.06,0.0,11.06,5.815262142930926,5.82,measured_success,202
404,ppo,1000404,135,diprotic,medium,base,separated,2,4.507,6.254,0.12328347797895184,1,0,0.155,1,1,0,1,0,6,1,0.01682757843444449,10.67,0.0,10.67,6.270827578434444,6.2700000000000005,measured_success,202
404,ppo,1000404,136,triprotic,near,acid,overlapping,3,2.03,1.541,0.03863625623356632,0,0,,1,0,0,1,0,1,0,0.0984977404272529,3.48,3.48,0.0,1.6394977404272528,1.6400000000000001,measured_success,202
404,ppo,1000404,137,triprotic,medium,acid,separated,3,8.048,6.058,0.11721649192868168,0,0,,1,1,0,1,0,6,0,0.04903701380692915,9.030000000000001,9.030000000000001,0.0,6.107037013806929,6.11,measured_success,202
404,ppo,1000404,138,monoprotic,medium,acid,single,1,2.856,2.066,0.12323297585583602,0,0,,1,0,0,1,0,2,0,0.07513055248682488,5.28,5.28,0.0,2.1411305524868247,2.14,measured_success,202
404,ppo,1000404,139,monoprotic,medium,acid,single,1,6.926,5.396,0.038866983271324554,6,7,0.035,1,1,0,1,0,11,6,0.019559870915771604,10.02,5.53,4.49,5.4155598709157715,5.42,measured_success,202
404,ppo,1000404,140,monoprotic,far,acid,single,1,5.255,2.291,0.1684892597751878,1,0,3.035,1,0,0,1,0,7,1,0.08338210754187658,9.17,6.07,3.1,2.2076178924581233,2.21,measured_success,202
404,ppo,1000404,141,monoprotic,far,base,single,1,1.969,4.085,0.1659921072007608,1,0,0.27,1,1,0,1,0,7,1,0.04626620872586695,15.23,0.0,15.23,4.131266208725867,4.13,measured_success,202
404,ppo,1000404,142,triprotic,medium,base,separated,3,6.429,7.942,0.0405757154770931,4,1,0.075,1,1,0,1,0,6,4,0.03551760724038644,10.540000000000001,4.300000000000001,6.24,7.906482392759614,7.91,measured_success,202
404,ppo,1000404,143,diprotic,near,base,separated,2,4.015,4.675,0.1171517230480149,2,2,0.565,1,1,0,1,0,3,2,0.006777110743557024,3.9499999999999997,1.13,2.82,4.668222889256443,4.67,measured_success,202
404,ppo,1000404,144,triprotic,near,acid,separated,3,6.897,6.541,0.09824592389437577,0,0,,0,0,0,0,0,50,0,0.223203104153594,0.5000000000000002,0.5000000000000002,0.0,6.764203104153594,6.76,max_steps,202
404,ppo,1000404,145,triprotic,medium,base,overlapping,3,4.602,6.417,0.1774781165616227,0,0,,1,1,0,1,0,5,0,0.02411504027354816,17.66,0.0,17.66,6.392884959726452,6.390000000000001,measured_success,202
404,ppo,1000404,146,monoprotic,medium,base,single,1,5.027,6.92,0.156770217241488,6,3,0.015,1,1,0,1,0,12,6,0.04833799151795226,11.450000000000003,4.510000000000002,6.94,6.871662008482048,6.87,measured_success,202
404,ppo,1000404,147,monoprotic,medium,base,single,1,5.167,7.128,0.03893716327981852,3,2,0.155,1,1,0,1,0,7,3,0.035285318803685684,9.68,2.77,6.91,7.163285318803686,7.16,measured_success,202
404,ppo,1000404,148,monoprotic,medium,acid,single,1,4.666,3.697,0.03350798220038771,2,0,0.9,1,1,0,1,0,2,2,0.007502997894491159,5.67,3.87,1.8,3.7045029978944912,3.7,measured_success,202
404,ppo,1000404,149,diprotic,medium,acid,separated,2,5.137,4.265,0.08950487970461918,0,0,,1,1,0,1,0,2,0,0.0056440381281275265,4.5,4.5,0.0,4.270644038128127,4.2700000000000005,measured_success,202
404,ppo,1000404,150,monoprotic,medium,base,single,1,2.983,4.654,0.05768165717706652,5,2,0.035,1,0,0,1,0,11,5,0.05068074848214721,10.47,4.380000000000001,6.09,4.704680748482147,4.7,measured_success,202
404,ppo,1000404,151,diprotic,medium,base,separated,2,6.201,7.586,0.11087445891264468,5,2,0.055,1,0,0,1,0,6,5,0.09056751367480942,10.370000000000001,4.380000000000001,5.99,7.67656751367481,7.68,measured_success,202
404,ppo,1000404,152,monoprotic,medium,base,single,1,5.025,6.787,0.031240325502401627,3,1,0.315,1,1,0,1,0,6,3,0.011724820526175073,9.0,3.12,5.88,6.798724820526175,6.8,measured_success,202
404,ppo,1000404,153,monoprotic,far,base,single,1,6.48,8.587,0.07735736620903591,6,3,0.015,1,0,0,1,0,11,6,0.09288067485215024,12.07,5.450000000000001,6.619999999999999,8.49411932514785,8.49,measured_success,202
404,ppo,1000404,154,diprotic,near,base,separated,2,3.806,4.029,0.1555585354024511,0,0,,1,0,0,1,0,1,0,0.08948539336148098,1.51,0.0,1.51,3.939514606638519,3.94,measured_success,202
404,ppo,1000404,155,diprotic,medium,base,separated,2,3.912,4.626,0.03546411399004853,2,1,0.425,1,1,0,1,0,3,2,0.025538010005708323,3.53,0.85,2.6799999999999997,4.600461989994292,4.6000000000000005,measured_success,202
404,ppo,1000404,156,monoprotic,medium,base,single,1,4.903,6.062,0.04003509478007644,2,0,0.315,1,1,0,1,0,4,2,0.0024266982157081785,6.51,2.16,4.35,6.059573301784292,6.0600000000000005,measured_success,202
404,ppo,1000404,157,monoprotic,far,acid,single,1,8.072,4.919,0.11542027778475039,0,0,,0,0,1,0,0,50,0,2.90619182712756,1.500000000000001,1.500000000000001,0.0,7.82519182712756,7.83,max_steps,202
404,ppo,1000404,158,monoprotic,medium,base,single,1,7.3,8.115,0.034000755638275044,4,3,0.075,1,1,0,1,0,6,4,0.04712131405923792,4.13,1.63,2.5,8.067878685940762,8.07,measured_success,202
404,ppo,1000404,159,triprotic,far,acid,separated,3,4.211,1.901,0.04682338608637076,1,0,0.315,1,1,0,1,0,2,1,0.013292763328562218,6.7,6.7,0.0,1.8877072366714378,1.8900000000000001,measured_success,202
404,ppo,1000404,160,diprotic,near,acid,separated,2,4.995,4.764,0.11939904150797341,0,0,,0,0,0,0,0,50,0,0.1949028453497066,0.5000000000000002,0.5000000000000002,0.0,4.958902845349707,4.96,max_steps,202
404,ppo,1000404,161,diprotic,medium,base,separated,2,7.352,9.14,0.05927894636698784,47,22,0.01,0,0,0,0,0,50,47,0.11597062559371807,12.27999999999999,5.849999999999996,6.429999999999995,9.255970625593719,9.26,max_steps,202
404,ppo,1000404,162,triprotic,near,acid,overlapping,3,3.744,3.156,0.11664102710874848,0,0,,1,0,0,1,0,14,0,0.09088535731457581,12.380000000000004,12.380000000000004,0.0,3.246885357314576,3.25,measured_success,202
404,ppo,1000404,163,diprotic,medium,acid,separated,2,5.565,4.071,0.14604949059328765,0,0,,1,0,0,1,0,7,0,0.07407137362471339,9.17,9.17,0.0,4.145071373624713,4.15,measured_success,202
404,ppo,1000404,164,diprotic,medium,acid,separated,2,3.786,2.714,0.03546695657364924,1,0,1.935,1,0,0,1,0,2,1,0.05859005563182906,4.5,3.87,0.63,2.655409944368171,2.66,measured_success,202
404,ppo,1000404,165,monoprotic,near,base,single,1,3.595,3.961,0.0377270387502267,4,4,0.075,1,1,0,1,0,7,4,0.02747724676356489,3.75,1.7999999999999998,1.95,3.933522753236435,3.93,measured_success,202
404,ppo,1000404,166,triprotic,medium,base,separated,3,2.763,3.473,0.03734997949774694,0,0,,1,0,0,1,0,1,0,0.07095333495491918,2.26,0.0,2.26,3.4020466650450807,3.4,measured_success,202
404,ppo,1000404,167,diprotic,medium,acid,separated,2,3.43,2.569,0.05506819397608175,1,0,1.935,1,1,0,1,0,3,1,0.023287466532482703,6.7,3.87,2.83,2.5457125334675172,2.5500000000000003,measured_success,202
404,ppo,1000404,168,monoprotic,medium,base,single,1,5.13,5.853,0.03530321228861854,1,0,1.13,1,0,0,1,0,2,1,0.09466361635506537,3.11,0.85,2.26,5.947663616355065,5.95,measured_success,202
404,ppo,1000404,169,triprotic,near,acid,separated,3,5.71,5.483,0.08081337101505727,0,0,,0,0,0,0,0,50,0,0.11519706972010813,0.5000000000000002,0.5000000000000002,0.0,5.598197069720108,5.6000000000000005,max_steps,202
404,ppo,1000404,170,diprotic,far,base,separated,2,3.188,6.967,0.045772061417089636,44,2,0.01,0,0,0,0,0,50,44,0.3380758756517972,14.09999999999999,3.849999999999995,10.249999999999995,6.628924124348202,6.63,max_steps,202
404,ppo,1000404,171,diprotic,medium,acid,separated,2,4.652,3.447,0.17645967311740743,0,0,,1,0,0,1,0,11,0,0.09226281857470475,14.080000000000004,14.080000000000004,0.0,3.539262818574705,3.54,measured_success,202
404,ppo,1000404,172,monoprotic,far,acid,single,1,7.814,4.041,0.056519697820978244,7,6,0.04,1,1,0,1,0,12,7,0.0016594643537573006,22.39,12.510000000000002,9.88,4.039340535646243,4.04,measured_success,202
404,ppo,1000404,173,monoprotic,near,acid,single,1,3.63,2.948,0.031620020751641914,3,3,0.255,1,1,0,1,0,5,3,0.038220294213093364,7.01,3.99,3.02,2.9097797057869066,2.91,measured_success,202
404,ppo,1000404,174,monoprotic,near,base,single,1,3.574,4.033,0.1653902601690426,0,0,,1,0,0,1,0,5,0,0.07742288666911268,3.52,0.0,3.52,3.9555771133308877,3.96,measured_success,202
404,ppo,1000404,175,monoprotic,near,base,single,1,9.297,9.519,0.030555244165547515,0,0,,1,0,0,1,0,4,0,0.05754782287622895,0.04,0.0,0.04,9.461452177123771,9.46,measured_success,202
404,ppo,1000404,176,triprotic,near,acid,separated,3,2.424,2.073,0.048113807720479455,2,0,0.515,1,1,0,1,0,2,2,0.0204352502271683,3.1500000000000004,2.12,1.03,2.0934352502271683,2.09,measured_success,202
404,ppo,1000404,177,diprotic,medium,acid,separated,2,5.72,4.039,0.14325674623708942,0,0,,1,0,0,1,0,13,0,0.07440216645752251,20.169999999999995,20.169999999999995,0.0,4.113402166457522,4.11,measured_success,202
404,ppo,1000404,178,monoprotic,far,acid,single,1,7.64,4.501,0.0802015699332385,8,6,0.015,1,1,0,1,0,12,8,0.005973354093470995,17.250000000000004,12.140000000000002,5.110000000000001,4.506973354093471,4.51,measured_success,202
404,ppo,1000404,179,monoprotic,medium,acid,single,1,4.01,2.829,0.05687415484294384,0,0,,1,1,0,1,0,1,0,0.015180088567013694,3.87,3.87,0.0,2.844180088567014,2.84,measured_success,202
404,ppo,1000404,180,monoprotic,far,base,single,1,1.766,3.989,0.1583038936920305,1,0,0.425,1,0,0,1,0,8,1,0.05771122667583928,15.96,0.47,15.49,4.046711226675839,4.05,measured_success,202
404,ppo,1000404,181,triprotic,medium,base,separated,3,5.822,7.057,0.08314477645903946,0,0,,1,0,0,1,0,7,0,0.06459340072096786,11.300000000000002,0.0,11.300000000000002,6.9924065992790325,6.99,measured_success,202
404,ppo,1000404,182,monoprotic,near,base,single,1,3.932,4.353,0.0333802260865195,2,2,0.375,1,1,0,1,0,3,2,0.009865593702892639,2.63,0.75,1.88,4.343134406297107,4.34,measured_success,202
404,ppo,1000404,183,triprotic,near,base,separated,3,2.835,3.103,0.05930973577144656,0,0,,1,1,0,1,0,1,0,0.03236385597795577,1.51,0.0,1.51,3.0706361440220444,3.0700000000000003,measured_success,202
404,ppo,1000404,184,diprotic,near,acid,separated,2,3.844,3.639,0.1775016855508394,2,1,0.375,1,0,0,1,0,2,2,0.06988658802627645,2.26,1.51,0.75,3.7088865880262762,3.71,measured_success,202
404,ppo,1000404,185,monoprotic,medium,acid,single,1,4.858,3.84,0.05867725848172133,4,2,0.155,1,1,0,1,0,6,4,0.02633155280594135,7.4,4.87,2.5300000000000002,3.866331552805941,3.87,measured_success,202
404,ppo,1000404,186,diprotic,medium,acid,separated,2,3.275,1.919,0.1218718694510684,0,0,,1,0,0,1,0,6,0,0.06148762419178411,10.749999999999998,10.749999999999998,0.0,1.9804876241917841,1.98,measured_success,202
404,ppo,1000404,187,triprotic,near,acid,separated,3,3.184,2.979,0.17191494643927496,0,0,,1,1,0,1,0,1,0,0.0457525745561842,1.51,1.51,0.0,3.0247525745561843,3.02,measured_success,202
404,ppo,1000404,188,diprotic,far,base,separated,2,2.611,5.367,0.031273053860244,0,0,,1,0,0,1,0,2,0,0.0598394980100041,5.78,0.0,5.78,5.307160501989996,5.3100000000000005,measured_success,202
404,ppo,1000404,189,triprotic,near,acid,overlapping,3,2.475,1.776,0.05626835926886055,0,0,,1,1,0,1,0,4,0,0.04956061284212754,7.28,7.28,0.0,1.8255606128421276,1.83,measured_success,202
404,ppo,1000404,190,monoprotic,near,acid,single,1,3.508,3.218,0.10926843324144046,1,0,0.515,1,1,0,1,0,2,1,0.013570798302000142,2.54,2.54,0.0,3.204429201698,3.2,measured_success,202
404,ppo,1000404,191,monoprotic,near,base,single,1,8.463,9.078,0.15278646199200752,0,0,,1,1,0,1,0,11,0,0.046229312426458335,1.7499999999999998,0.0,1.7499999999999998,9.031770687573541,9.03,measured_success,202
404,ppo,1000404,192,monoprotic,medium,base,single,1,2.692,4.606,0.13057428784084402,3,0,0.02,1,1,0,1,0,7,3,0.02280862750085788,6.36,0.5,5.86,4.628808627500858,4.63,measured_success,202
404,ppo,1000404,193,monoprotic,medium,acid,single,1,5.491,3.907,0.08716496659210617,0,0,,1,1,0,1,0,1,0,0.03606781053751451,5.06,5.06,0.0,3.9430678105375145,3.94,measured_success,202
404,ppo,1000404,194,diprotic,medium,base,separated,2,3.113,3.852,0.054483160667668534,0,0,,1,1,0,1,0,1,0,0.04237668880602241,2.26,0.0,2.26,3.8096233111939775,3.81,measured_success,202
404,ppo,1000404,195,monoprotic,medium,base,single,1,3.076,3.902,0.17922749674147043,0,0,,1,0,0,1,0,6,0,0.09481566088187776,6.569999999999999,0.0,6.569999999999999,3.8071843391181224,3.81,measured_success,202
404,ppo,1000404,196,diprotic,far,acid,separated,2,5.14,2.202,0.07938633115977779,2,2,0.45,1,1,0,1,0,5,2,0.03650162784472322,12.860000000000001,11.96,0.9,2.238501627844723,2.24,measured_success,202
404,ppo,1000404,197,triprotic,far,base,separated,3,4.929,8.867,0.06506878403197174,42,24,0.01,0,0,0,0,0,50,42,0.22759751903326375,15.689999999999992,3.6999999999999957,11.989999999999997,8.639402480966737,8.64,max_steps,202
404,ppo,1000404,198,triprotic,far,acid,separated,3,5.381,1.681,0.0722429769367897,0,0,,1,0,0,1,0,4,0,0.06023988594674545,11.66,11.66,0.0,1.7412398859467455,1.74,measured_success,202
404,ppo,1000404,199,triprotic,medium,base,separated,3,7.388,8.304,0.03658753383228718,4,2,0.025,1,1,0,1,0,9,4,0.03378823527218877,5.01,2.2399999999999998,2.77,8.270211764727811,8.27,measured_success,202
404,ppo,1000404,200,monoprotic,near,acid,single,1,6.6,5.917,0.10576568052120894,0,0,,1,0,0,1,0,8,0,0.07317596812539584,4.769999999999999,4.769999999999999,0.0,5.990175968125396,5.99,measured_success,202
404,ppo,1000404,201,monoprotic,medium,acid,single,1,5.514,4.394,0.03855257335121045,3,1,0.425,1,1,0,1,0,4,3,0.012556660201665792,6.9399999999999995,4.72,2.22,4.381443339798334,4.38,measured_success,202
404,ppo,1000404,202,monoprotic,far,acid,single,1,7.939,4.892,0.03773915668923973,2,0,0.98,1,1,0,1,0,23,2,0.025124431605765274,9.42,5.66,3.76,4.917124431605766,4.92,measured_success,202
404,ppo,1000404,203,diprotic,near,base,separated,2,2.867,3.17,0.05773094513804568,1,0,0.755,1,0,0,1,0,1,1,0.06103060705180763,1.51,0.0,1.51,3.2310306070518076,3.23,measured_success,202
404,ppo,1000404,204,triprotic,near,base,separated,3,6.785,7.086,0.03707282499408399,0,0,,1,0,0,1,0,37,0,0.0953902896150094,0.37000000000000016,0.0,0.37000000000000016,6.990609710384991,6.99,measured_success,202
404,ppo,1000404,205,monoprotic,near,base,single,1,8.732,8.985,0.05703870331406319,0,0,,1,0,0,1,0,37,0,0.09705440969320378,0.37000000000000016,0.0,0.37000000000000016,8.887945590306796,8.89,measured_success,202
404,ppo,1000404,206,monoprotic,medium,acid,single,1,8.229,6.298,0.11770019061093531,0,0,,0,0,1,0,0,50,0,1.6573034327923466,1.500000000000001,1.500000000000001,0.0,7.955303432792347,7.96,max_steps,202
404,ppo,1000404,207,monoprotic,medium,acid,single,1,5.916,4.555,0.14964397013032613,8,4,0.01,1,1,0,1,0,11,8,0.003040487065280928,9.969999999999999,5.7,4.27,4.558040487065281,4.5600000000000005,measured_success,202
404,ppo,1000404,208,monoprotic,medium,acid,single,1,3.709,2.839,0.09696904636390619,3,2,0.155,1,1,0,1,0,6,3,0.005964299668294704,7.67,4.6899999999999995,2.98,2.8330357003317053,2.83,measured_success,202
404,ppo,1000404,209,triprotic,medium,base,separated,3,2.087,3.415,0.1569002344005718,0,0,,1,0,0,1,0,12,0,0.08931441301807563,10.560000000000002,0.0,10.560000000000002,3.3256855869819244,3.33,measured_success,202
404,ppo,1000404,210,monoprotic,near,base,single,1,2.598,3.247,0.08754780297460539,0,0,,1,1,0,1,0,2,0,0.039184106089416915,3.29,0.0,3.29,3.207815893910583,3.21,measured_success,202
404,ppo,1000404,211,triprotic,near,acid,separated,3,4.396,4.127,0.10323573911731627,1,0,0.755,1,1,0,1,0,1,1,0.023992394351940227,1.51,1.51,0.0,4.1030076056480596,4.1,measured_success,202
404,ppo,1000404,212,monoprotic,medium,acid,single,1,7.719,6.025,0.05635491448748092,7,3,0.015,1,0,0,1,0,10,7,0.06823362553423529,11.17,6.18,4.99,5.956766374465765,5.96,measured_success,202
404,ppo,1000404,213,monoprotic,near,acid,single,1,5.227,4.602,0.03793927255803436,3,2,0.185,1,1,0,1,0,3,2,0.0025325366884114686,2.63,1.88,0.75,4.604532536688412,4.6000000000000005,measured_success,202
404,ppo,1000404,214,diprotic,medium,acid,separated,2,4.289,2.845,0.12942983259061283,2,0,0.425,1,1,0,1,0,4,2,0.017440043519329596,10.16,9.31,0.85,2.86244004351933,2.86,measured_success,202
404,ppo,1000404,215,triprotic,near,base,separated,3,3.969,4.557,0.04738201535792968,1,0,0.515,1,0,0,1,0,2,1,0.08218249531732802,3.29,0.0,3.29,4.639182495317328,4.64,measured_success,202
404,ppo,1000404,216,triprotic,medium,base,separated,3,3.662,4.376,0.04680168062467063,2,0,0.425,1,1,0,1,0,2,2,0.009850875905745404,3.11,0.85,2.26,4.366149124094255,4.37,measured_success,202
404,ppo,1000404,217,diprotic,medium,base,separated,2,2.404,3.891,0.047386216059833695,1,0,2.625,1,0,0,1,0,2,1,0.09200660926132276,7.17,1.92,5.25,3.9830066092613228,3.98,measured_success,202
404,ppo,1000404,218,monoprotic,medium,base,single,1,4.875,5.673,0.05493744962896148,0,0,,1,1,0,1,0,1,0,0.025218698480713897,2.26,0.0,2.26,5.647781301519286,5.65,measured_success,202
404,ppo,1000404,219,monoprotic,near,acid,single,1,4.867,4.399,0.06675257753677857,1,0,0.425,1,0,0,1,0,2,1,0.05899102791514377,2.36,2.36,0.0,4.340008972084856,4.34,measured_success,202
404,ppo,1000404,220,triprotic,medium,acid,separated,3,7.376,5.712,0.035817676071143514,1,0,2.53,1,0,0,1,0,2,1,0.06141863742581144,6.859999999999999,5.06,1.8,5.650581362574188,5.65,measured_success,202
404,ppo,1000404,221,triprotic,medium,acid,separated,3,3.317,1.76,0.056210803550578205,0,0,,1,1,0,1,0,3,0,0.02420925542172747,8.2,8.2,0.0,1.7842092554217275,1.78,measured_success,202
404,ppo,1000404,222,monoprotic,medium,base,single,1,7.133,8.77,0.10911208504333249,3,0,0.155,1,1,0,1,0,7,4,0.003160934098652035,9.05,2.08,6.97,8.766839065901348,8.77,measured_success,202
404,ppo,1000404,223,diprotic,medium,base,overlapping,2,3.888,5.73,0.03556230036889136,2,1,0.21,1,0,0,1,0,5,2,0.08171431717855171,10.219999999999999,0.42,9.799999999999999,5.648285682821449,5.65,measured_success,202
404,ppo,1000404,224,triprotic,near,base,separated,3,2.525,2.916,0.17584292997388581,0,0,,1,0,0,1,0,11,0,0.0891590266483866,6.409999999999998,0.0,6.409999999999998,2.8268409733516133,2.83,measured_success,202
404,ppo,1000404,225,diprotic,near,acid,separated,2,3.728,3.192,0.13033270312240033,0,0,,1,0,0,1,0,4,0,0.07932287999286647,5.64,5.64,0.0,3.2713228799928666,3.27,measured_success,202
404,ppo,1000404,226,monoprotic,near,acid,single,1,2.407,1.714,0.10578970426476711,0,0,,1,1,0,1,0,1,0,0.03997626687526745,3.48,3.48,0.0,1.7539762668752674,1.75,measured_success,202
404,ppo,1000404,227,triprotic,near,acid,separated,3,6.49,5.946,0.04088653983922651,1,0,0.755,0,0,0,1,1,1,1,0.10099812787894358,1.51,1.51,0.0,5.845001872121056,5.8500000000000005,measured_success,202
404,ppo,1000404,228,monoprotic,medium,acid,single,1,4.469,3.137,0.11099052535555859,4,2,0.105,1,1,0,1,0,5,4,0.021230254143005833,7.15,6.09,1.06,3.158230254143006,3.16,measured_success,202
404,ppo,1000404,229,triprotic,far,base,separated,3,1.878,5.343,0.05447643944966268,0,0,,1,1,0,1,0,5,0,0.030744577182176158,15.059999999999999,0.0,15.059999999999999,5.312255422817824,5.3100000000000005,measured_success,202
404,ppo,1000404,230,diprotic,medium,acid,separated,2,3.108,1.502,0.11174710793780622,0,0,,1,0,0,1,0,5,0,0.08170776520759948,10.629999999999999,10.629999999999999,0.0,1.5837077652075995,1.58,measured_success,202
404,ppo,1000404,231,triprotic,medium,base,separated,3,4.099,5.949,0.06070823286203097,2,0,0.265,1,0,0,1,0,2,2,0.05801614042331593,5.78,0.53,5.25,5.890983859576684,5.89,measured_success,202
404,ppo,1000404,232,diprotic,far,base,separated,2,5.373,8.308,0.06399527169787249,44,29,0.01,0,0,0,0,0,50,44,0.42869879192790705,14.969999999999994,7.069999999999996,7.899999999999998,7.879301208072093,7.88,max_steps,202
404,ppo,1000404,233,triprotic,near,base,separated,3,2.805,3.29,0.1169052865471362,0,0,,1,1,0,1,0,2,0,0.028316652590819835,2.54,0.0,2.54,3.26168334740918,3.2600000000000002,measured_success,202
404,ppo,1000404,234,triprotic,medium,base,separated,3,5.604,6.549,0.08061292655271844,3,0,0.18,1,0,0,1,0,3,3,0.06888876774189523,3.4699999999999998,0.85,2.6199999999999997,6.617888767741896,6.62,measured_success,202
404,ppo,1000404,235,monoprotic,near,base,single,1,4.162,4.506,0.0326654578297457,1,1,0.755,1,1,0,1,0,2,1,0.0032134136327126583,2.26,0.75,1.51,4.509213413632713,4.51,measured_success,202
404,ppo,1000404,236,triprotic,medium,base,separated,3,4.757,6.591,0.08486457776230898,2,0,0.28,1,0,0,1,0,5,2,0.05670400482788818,11.620000000000001,1.4100000000000001,10.21,6.534295995172112,6.53,measured_success,202
404,ppo,1000404,237,diprotic,far,base,separated,2,2.303,5.723,0.06956371491529317,4,1,0.06,1,1,0,1,0,7,4,0.01415261781433319,13.23,1.12,12.110000000000001,5.708847382185667,5.71,measured_success,202
404,ppo,1000404,238,monoprotic,medium,base,single,1,3.005,4.154,0.05611862618338779,4,2,0.105,1,0,0,1,0,6,4,0.08549502308285284,7.9,3.44,4.46,4.068504976917147,4.07,measured_success,202
404,ppo,1000404,239,monoprotic,near,acid,single,1,2.725,2.084,0.0833561335210077,1,0,1.74,1,0,0,1,0,1,1,0.07025971105582451,3.48,3.48,0.0,2.0137402889441756,2.0100000000000002,measured_success,202
404,ppo,1000404,240,diprotic,near,base,separated,2,4.25,4.942,0.11674099438794801,1,0,0.515,1,0,0,1,0,2,1,0.08284601414477955,3.29,0.0,3.29,5.02484601414478,5.0200000000000005,measured_success,202
404,ppo,1000404,241,triprotic,far,acid,separated,3,6.797,4.431,0.048090581329900906,3,1,0.075,1,1,0,1,0,5,3,0.014111817003372273,7.79,7.48,0.31,4.416888182996628,4.42,measured_success,202
404,ppo,1000404,242,diprotic,medium,acid,overlapping,2,3.409,1.52,0.03467563377468293,0,0,,1,0,0,1,0,5,0,0.06584211572454057,9.889999999999999,9.889999999999999,0.0,1.5858421157245406,1.59,measured_success,202
404,ppo,1000404,243,diprotic,near,acid,separated,2,5.236,4.887,0.11669561355558923,0,0,,1,0,0,1,0,2,0,0.09691038292802556,2.36,2.36,0.0,4.983910382928025,4.98,measured_success,202
404,ppo,1000404,244,triprotic,medium,acid,separated,3,4.837,3.287,0.04768958831894443,0,0,,1,0,0,1,0,2,0,0.0875251224249185,6.859999999999999,6.859999999999999,0.0,3.3745251224249184,3.37,measured_success,202
404,ppo,1000404,245,triprotic,near,acid,separated,3,4.038,3.751,0.1472320174755329,0,0,,1,0,0,1,0,1,0,0.09592730405333105,1.51,1.51,0.0,3.846927304053331,3.85,measured_success,202
404,ppo,1000404,246,monoprotic,near,acid,single,1,8.168,7.849,0.1494354354719557,0,0,,0,0,0,0,0,50,0,0.2320960042972473,0.5000000000000002,0.5000000000000002,0.0,8.081096004297248,8.08,max_steps,202
404,ppo,1000404,247,diprotic,near,acid,separated,2,8.048,7.79,0.08151412398940608,0,0,,0,0,0,0,0,50,0,0.10873891078249986,0.5000000000000002,0.5000000000000002,0.0,7.8987389107825,7.9,max_steps,202
404,ppo,1000404,248,monoprotic,near,base,single,1,3.401,4.019,0.17979837157946468,0,0,,1,0,0,1,0,3,0,0.07840919706545968,3.92,0.0,3.92,3.9405908029345404,3.94,measured_success,202
404,ppo,1000404,249,triprotic,medium,base,separated,3,2.552,4.279,0.12497400047126464,0,0,,1,0,0,1,0,16,0,0.08419325692103818,16.25,0.0,16.25,4.194806743078962,4.19,measured_success,202
404,ppo,1000404,250,monoprotic,far,base,single,1,4.984,8.38,0.07506938619826818,3,2,0.085,1,1,0,1,0,10,3,0.04388855846489825,11.470000000000002,2.2199999999999998,9.250000000000002,8.423888558464899,8.42,measured_success,202
404,ppo,1000404,251,triprotic,far,acid,separated,3,5.615,3.377,0.08032380906880093,0,0,,1,1,0,1,0,9,0,0.029669602659687655,19.990000000000002,19.990000000000002,0.0,3.4066696026596874,3.41,measured_success,202
404,ppo,1000404,252,diprotic,medium,acid,separated,2,4.437,2.69,0.030208238930102996,1,0,2.53,1,0,0,1,0,2,1,0.09141848689082677,5.6899999999999995,5.06,0.63,2.598581513109173,2.6,measured_success,202
404,ppo,1000404,253,diprotic,medium,base,overlapping,2,5.02,6.141,0.09184830090706889,0,0,,1,1,0,1,0,6,0,0.01822851285697702,9.46,0.0,9.46,6.122771487143023,6.12,measured_success,202
404,ppo,1000404,254,diprotic,near,acid,separated,2,6.029,5.445,0.042979435894109755,1,1,0.755,1,0,0,1,0,2,1,0.08404879649679131,2.26,1.51,0.75,5.360951203503209,5.36,measured_success,202
404,ppo,1000404,255,diprotic,medium,acid,separated,2,6.377,4.925,0.1039030097953677,0,0,,1,0,0,1,0,8,0,0.0631507523398982,10.160000000000002,10.160000000000002,0.0,4.988150752339898,4.99,measured_success,202
404,ppo,1000404,256,triprotic,medium,base,separated,3,3.476,5.396,0.16686053422524913,0,0,,1,0,0,1,0,17,0,0.08144077160385788,18.379999999999992,0.0,18.379999999999992,5.314559228396142,5.3100000000000005,measured_success,202
404,ppo,1000404,257,triprotic,medium,acid,separated,3,7.233,5.929,0.16837064413769673,0,0,,1,0,0,1,0,8,0,0.07620768977595027,9.040000000000001,9.040000000000001,0.0,6.0052076897759505,6.01,measured_success,202
404,ppo,1000404,258,monoprotic,medium,acid,single,1,5.976,4.353,0.1303271693797121,3,2,0.145,1,0,0,1,0,5,3,0.08523634310720318,9.04,8.45,0.59,4.267763656892797,4.2700000000000005,measured_success,202
404,ppo,1000404,259,diprotic,near,acid,separated,2,5.436,4.999,0.048397205557807625,2,2,0.375,1,1,0,1,0,3,3,0.00039056319302321896,2.63,1.88,0.75,4.9986094368069764,5.0,measured_success,202
404,ppo,1000404,260,triprotic,near,acid,separated,3,4.54,4.284,0.09693891663206514,1,0,0.755,1,0,0,1,0,1,1,0.056955814925369275,1.51,1.51,0.0,4.2270441850746305,4.23,measured_success,202
404,ppo,1000404,261,monoprotic,medium,acid,single,1,9.095,8.088,0.1631000820772431,0,0,,0,0,1,0,0,50,0,0.7154126099659504,1.500000000000001,1.500000000000001,0.0,8.80341260996595,8.8,max_steps,202
404,ppo,1000404,262,diprotic,medium,base,overlapping,2,4.887,6.673,0.058089712217776035,6,3,0.015,1,1,0,1,0,10,6,0.0020642028325692507,11.46,4.480000000000001,6.98,6.670935797167431,6.67,measured_success,202
404,ppo,1000404,263,diprotic,medium,acid,separated,2,2.868,1.773,0.12260773486380158,0,0,,1,0,0,1,0,7,0,0.09741766827562004,10.95,10.95,0.0,1.87041766827562,1.87,measured_success,202
404,ppo,1000404,264,monoprotic,far,base,single,1,8.754,11.16,0.04079200157634617,0,0,,1,1,0,1,0,4,0,0.025330902101259767,1.2,0.0,1.2,11.13466909789874,11.13,measured_success,202
404,ppo,1000404,265,diprotic,medium,acid,overlapping,2,2.391,1.667,0.10593295632851647,0,0,,1,0,0,1,0,5,0,0.05197909151757796,8.13,8.13,0.0,1.718979091517578,1.72,measured_success,202
404,ppo,1000404,266,monoprotic,medium,acid,single,1,4.513,2.824,0.07115739856617724,4,2,0.155,1,1,0,1,0,6,4,0.02795682440994174,9.93,5.85,4.08,2.8519568244099416,2.85,measured_success,202
404,ppo,1000404,267,diprotic,medium,acid,separated,2,4.896,2.944,0.06934207457321645,0,0,,1,1,0,1,0,3,0,0.04068816788966867,8.559999999999999,8.559999999999999,0.0,2.9846881678896686,2.98,measured_success,202
404,ppo,1000404,268,monoprotic,medium,acid,single,1,5.8,4.917,0.14626323983924722,0,0,,1,0,0,1,0,10,0,0.09517556611011102,7.589999999999999,7.589999999999999,0.0,5.012175566110111,5.01,measured_success,202
404,ppo,1000404,269,diprotic,medium,acid,separated,2,4.652,3.126,0.055625453308068507,0,0,,1,1,0,1,0,4,0,0.03914938170324911,9.589999999999998,9.589999999999998,0.0,3.165149381703249,3.17,measured_success,202
404,ppo,1000404,270,monoprotic,far,base,single,1,3.421,7.406,0.157029396864709,38,22,0.01,0,0,0,0,0,50,38,0.3845547778887459,28.230000000000018,6.109999999999997,22.120000000000022,7.021445222111254,7.0200000000000005,max_steps,202
404,ppo,1000404,271,diprotic,medium,acid,separated,2,4.685,3.126,0.07728068140300744,1,0,0.9,1,0,0,1,0,2,1,0.05970513507533726,6.859999999999999,6.859999999999999,0.0,3.0662948649246626,3.0700000000000003,measured_success,202
404,ppo,1000404,272,monoprotic,far,base,single,1,6.798,9.746,0.06037095356578672,4,1,0.02,1,0,0,1,0,9,4,0.06146171246947141,11.649999999999999,3.6100000000000003,8.04,9.684538287530529,9.68,measured_success,202
404,ppo,1000404,273,monoprotic,near,base,single,1,3.925,4.371,0.16616053893708035,0,0,,1,0,0,1,0,5,0,0.08387193641690871,3.52,0.0,3.52,4.287128063583092,4.29,measured_success,202
404,ppo,1000404,274,diprotic,medium,acid,separated,2,5.458,3.789,0.14062888570333892,0,0,,1,0,0,1,0,12,0,0.07925228719966304,15.530000000000001,15.530000000000001,0.0,3.868252287199663,3.87,measured_success,202
404,ppo,1000404,275,monoprotic,medium,acid,single,1,7.293,5.557,0.1797550155517059,2,2,0.085,1,0,0,1,0,6,2,0.07803714049077648,6.26,5.779999999999999,0.48,5.635037140490777,5.64,measured_success,202
404,ppo,1000404,276,monoprotic,medium,acid,single,1,7.337,6.369,0.11757759933237732,3,0,0.085,1,1,0,1,0,5,3,0.013140750268282986,3.6300000000000003,2.7800000000000002,0.85,6.355859249731717,6.36,measured_success,202
404,ppo,1000404,277,triprotic,medium,acid,separated,3,4.697,3.026,0.047352824503948086,1,0,2.53,1,1,0,1,0,5,1,0.024688434875863585,6.85,5.06,1.79,3.001311565124136,3.0,measured_success,202
404,ppo,1000404,278,monoprotic,near,base,single,1,3.313,3.554,0.05432468642147485,4,2,0.075,1,1,0,1,0,5,4,0.034764294435182475,3.3499999999999996,1.5299999999999998,1.82,3.5192357055648174,3.52,measured_success,202
404,ppo,1000404,279,triprotic,medium,base,separated,3,7.158,7.868,0.050657562652577495,3,0,0.035,1,1,0,1,0,6,3,0.03326623085708924,4.1899999999999995,2.0,2.19,7.90126623085709,7.9,measured_success,202
404,ppo,1000404,280,monoprotic,near,base,single,1,8.596,9.182,0.035869734290487655,1,0,0.085,1,1,0,1,0,7,1,0.03231514204374797,1.07,0.0,1.07,9.214315142043748,9.21,measured_success,202
404,ppo,1000404,281,monoprotic,medium,base,single,1,6.312,8.277,0.15555199227382327,2,0,0.18,1,1,0,1,0,6,2,0.008706809728669995,11.59,1.21,10.38,8.26829319027133,8.27,measured_success,202
404,ppo,1000404,282,monoprotic,medium,base,single,1,2.864,3.669,0.03843140499659257,3,1,0.21,1,0,0,1,0,4,3,0.09208911157060351,3.71,1.03,2.6799999999999997,3.7610891115706035,3.7600000000000002,measured_success,202
404,ppo,1000404,283,monoprotic,near,base,single,1,5.07,5.629,0.05730655060122358,0,0,,1,0,0,1,0,1,0,0.07152800944829352,2.26,0.0,2.26,5.557471990551706,5.5600000000000005,measured_success,202
404,ppo,1000404,284,monoprotic,medium,acid,single,1,5.666,3.667,0.10340372277689915,7,4,0.02,1,1,0,1,0,9,7,0.04696122617058052,8.889999999999999,6.129999999999999,2.76,3.6200387738294193,3.62,measured_success,202
404,ppo,1000404,285,triprotic,medium,acid,separated,3,6.572,5.494,0.031503082675312176,1,0,1.935,1,0,0,1,0,2,1,0.09412793865354274,4.5,3.87,0.63,5.399872061346457,5.4,measured_success,202
404,ppo,1000404,286,diprotic,medium,acid,separated,2,2.817,1.633,0.166665155206755,0,0,,0,0,0,1,1,12,0,0.10089482441472031,20.430000000000003,20.430000000000003,0.0,1.7338948244147203,1.73,measured_success,202
404,ppo,1000404,287,monoprotic,far,base,single,1,5.922,9.69,0.04607170403596029,6,4,0.025,1,0,0,1,0,12,6,0.05774940483594726,21.87,10.600000000000003,11.269999999999998,9.632250595164052,9.63,measured_success,202
404,ppo,1000404,288,diprotic,near,base,separated,2,2.068,2.392,0.031922144785095745,1,0,0.755,1,1,0,1,0,1,1,0.043252658194045335,1.51,0.0,1.51,2.4352526581940452,2.44,measured_success,202
404,ppo,1000404,289,monoprotic,medium,base,single,1,6.772,8.261,0.038820936155924544,3,1,0.315,1,0,0,1,0,5,3,0.09728501354702601,10.260000000000002,4.380000000000001,5.88,8.358285013547025,8.36,measured_success,202
404,ppo,1000404,290,diprotic,far,acid,separated,2,6.577,3.036,0.12765498070982143,0,0,,1,0,0,1,0,3,0,0.06566467176494095,16.09,16.09,0.0,3.101664671764941,3.1,measured_success,202
404,ppo,1000404,291,diprotic,far,acid,separated,2,5.647,3.347,0.06897464202399899,1,0,0.515,1,1,0,1,0,4,1,0.003502935128798068,10.6,10.6,0.0,3.343497064871202,3.34,measured_success,202
404,ppo,1000404,292,monoprotic,medium,acid,single,1,7.449,6.639,0.08190568340643363,2,1,0.215,1,0,0,1,0,4,2,0.08081136276171552,3.6100000000000003,2.33,1.28,6.719811362761716,6.72,measured_success,202
404,ppo,1000404,293,monoprotic,far,acid,single,1,6.781,3.14,0.12607576071499782,4,2,0.155,1,1,0,1,0,9,4,0.03227108001437218,20.470000000000002,17.94,2.5300000000000002,3.1722710800143723,3.17,measured_success,202
404,ppo,1000404,294,monoprotic,near,acid,single,1,6.703,6.257,0.08148745519238741,1,0,0.755,1,1,0,1,0,1,1,0.02109558358498731,1.51,1.51,0.0,6.235904416415012,6.24,measured_success,202
404,ppo,1000404,295,diprotic,near,base,separated,2,2.625,3.302,0.0930866908645453,0,0,,1,1,0,1,0,4,0,0.034436858239313306,5.72,0.0,5.72,3.2675631417606867,3.27,measured_success,202
404,ppo,1000404,296,diprotic,medium,acid,overlapping,2,3.08,1.735,0.08503695013854425,0,0,,1,0,0,1,0,5,0,0.06450714268277458,13.14,13.14,0.0,1.7995071426827747,1.8,measured_success,202
404,ppo,1000404,297,triprotic,medium,base,overlapping,3,1.684,3.635,0.12921045738715886,0,0,,1,0,0,1,0,21,0,0.06854357279978718,27.36999999999999,0.0,27.36999999999999,3.5664564272002126,3.5700000000000003,measured_success,202
404,ppo,1000404,298,diprotic,near,acid,separated,2,6.244,5.907,0.09494630016569126,0,0,,0,0,0,0,0,50,0,0.25852232270807995,0.5000000000000002,0.5000000000000002,0.0,6.16552232270808,6.17,max_steps,202
404,ppo,1000404,299,diprotic,medium,acid,separated,2,3.88,2.621,0.052950587555402905,4,1,0.21,1,1,0,1,0,4,4,0.03905940901675953,6.9399999999999995,4.72,2.22,2.6600594090167595,2.66,measured_success,202
404,ppo,1000404,300,diprotic,medium,acid,overlapping,2,4.713,2.844,0.03365916159840564,3,1,0.21,1,0,0,1,0,4,3,0.08869508566449236,8.25,7.3999999999999995,0.85,2.7553049143355075,2.7600000000000002,measured_success,202
404,ppo,1000404,301,monoprotic,near,acid,single,1,2.299,2.0,0.0318546980226642,2,0,0.515,1,0,0,1,0,2,2,0.07371912823205484,3.1500000000000004,2.12,1.03,2.073719128232055,2.07,measured_success,202
404,ppo,1000404,302,triprotic,medium,acid,separated,3,4.715,3.878,0.08738062570557825,0,0,,1,1,0,1,0,2,0,0.012433497157666729,4.5,4.5,0.0,3.890433497157667,3.89,measured_success,202
404,ppo,1000404,303,monoprotic,near,base,single,1,2.623,2.914,0.12602139527097955,1,0,0.755,1,1,0,1,0,1,1,0.012929945152391209,1.51,0.0,1.51,2.9269299451523914,2.93,measured_success,202
404,ppo,1000404,304,diprotic,near,acid,separated,2,6.777,6.496,0.034620274286951414,0,0,,1,0,0,1,0,44,0,0.09783471210719519,0.4400000000000002,0.4400000000000002,0.0,6.593834712107196,6.59,measured_success,202
404,ppo,1000404,305,triprotic,far,base,overlapping,3,3.649,6.39,0.078790086052134,47,24,0.01,0,0,1,0,0,50,47,0.6585146526533796,14.269999999999992,6.219999999999996,8.049999999999995,7.048514652653379,7.05,max_steps,202
404,ppo,1000404,306,diprotic,medium,base,separated,2,5.623,6.349,0.035404073713682364,2,1,0.265,1,1,0,1,0,3,2,0.03348081875679476,3.05,0.53,2.5199999999999996,6.315519181243205,6.32,measured_success,202
404,ppo,1000404,307,diprotic,far,base,separated,2,4.366,6.913,0.1521434621952065,3,0,0.18,1,1,0,1,0,9,3,0.04408240393162899,26.830000000000002,1.02,25.810000000000002,6.957082403931629,6.96,measured_success,202
404,ppo,1000404,308,diprotic,far,base,separated,2,3.611,5.712,0.06126136698792138,3,0,0.035,1,0,0,1,0,7,3,0.06040846516301812,6.71,0.54,6.17,5.772408465163018,5.7700000000000005,measured_success,202
404,ppo,1000404,309,triprotic,medium,base,separated,3,5.334,6.682,0.16820020512451864,0,0,,1,0,0,1,0,13,0,0.07211901514269847,14.700000000000003,0.0,14.700000000000003,6.609880984857302,6.61,measured_success,202
404,ppo,1000404,310,monoprotic,near,base,single,1,7.379,7.585,0.03364339223479759,0,0,,1,0,0,1,0,10,0,0.09618257975708833,0.09999999999999999,0.0,0.09999999999999999,7.488817420242912,7.49,measured_success,202
404,ppo,1000404,311,triprotic,medium,base,separated,3,3.243,4.877,0.1328924344593628,0,0,,1,0,0,1,0,17,0,0.08027858123419573,17.829999999999995,0.0,17.829999999999995,4.796721418765804,4.8,measured_success,202
404,ppo,1000404,312,monoprotic,near,acid,single,1,4.205,3.862,0.05080174338495684,2,1,0.375,1,1,0,1,0,2,2,0.03521803861258377,2.26,1.51,0.75,3.897218038612584,3.9,measured_success,202
404,ppo,1000404,313,monoprotic,medium,base,single,1,5.791,6.621,0.06143985194195517,2,1,0.06,1,0,0,1,0,10,2,0.05820138137151254,4.3999999999999995,2.06,2.3399999999999994,6.562798618628488,6.5600000000000005,measured_success,202
404,ppo,1000404,314,diprotic,far,base,separated,2,4.416,7.172,0.10220366377767147,4,1,0.075,1,1,0,1,0,5,4,0.045706446871920825,11.15,3.39,7.76,7.126293553128079,7.13,measured_success,202
404,ppo,1000404,315,triprotic,medium,acid,separated,3,5.716,4.645,0.07522641615642237,0,0,,1,0,0,1,0,2,0,0.09020437887847876,4.5,4.5,0.0,4.735204378878478,4.74,measured_success,202
404,ppo,1000404,316,monoprotic,medium,acid,single,1,6.355,5.526,0.1531721729224609,0,0,,1,0,0,1,0,9,0,0.09453436417910233,6.409999999999999,6.409999999999999,0.0,5.620534364179102,5.62,measured_success,202
404,ppo,1000404,317,triprotic,medium,acid,separated,3,5.819,4.604,0.0648619307527631,0,0,,1,0,0,1,0,2,0,0.09970712252439018,5.67,5.67,0.0,4.70370712252439,4.7,measured_success,202
404,ppo,1000404,318,diprotic,medium,base,separated,2,2.66,4.086,0.04794362594864739,1,0,2.625,1,1,0,1,0,4,1,0.016997291326728003,7.04,1.79,5.25,4.102997291326728,4.1,measured_success,202
404,ppo,1000404,319,triprotic,near,base,overlapping,3,5.176,5.494,0.0736166799969519,2,0,0.315,1,1,0,1,0,4,2,0.029685342677634452,3.91,1.48,2.43,5.464314657322365,5.46,measured_success,202
404,ppo,1000404,320,monoprotic,medium,acid,single,1,8.65,7.345,0.03693842334170581,0,0,,0,0,1,0,0,50,0,0.8050761637297148,1.500000000000001,1.500000000000001,0.0,8.150076163729715,8.15,max_steps,202
404,ppo,1000404,321,triprotic,far,acid,separated,3,6.855,3.588,0.08836136213546397,0,0,,1,0,0,1,0,10,0,0.07685483988590303,25.300000000000004,25.300000000000004,0.0,3.664854839885903,3.66,measured_success,202
404,ppo,1000404,322,triprotic,medium,acid,separated,3,8.094,6.654,0.08593895116763425,0,0,,0,0,1,0,0,50,0,1.0476612229767976,1.500000000000001,1.500000000000001,0.0,7.701661222976798,7.7,max_steps,202
404,ppo,1000404,323,monoprotic,medium,base,single,1,4.24,6.082,0.05042423180529022,4,1,0.075,1,0,0,1,0,7,4,0.07500353965769602,10.610000000000001,4.300000000000001,6.3100000000000005,6.006996460342304,6.01,measured_success,202
404,ppo,1000404,324,monoprotic,medium,base,single,1,5.069,6.384,0.04313365294124314,4,1,0.06,1,0,0,1,0,8,4,0.09581094913998633,10.620000000000001,4.420000000000001,6.199999999999999,6.288189050860014,6.29,measured_success,202
404,ppo,1000404,325,triprotic,medium,base,separated,3,3.73,5.683,0.03501773379106173,0,0,,1,0,0,1,0,4,0,0.05419086812813134,6.3999999999999995,0.0,6.3999999999999995,5.6288091318718685,5.63,measured_success,202
404,ppo,1000404,326,diprotic,near,base,separated,2,3.723,4.39,0.13074518619229525,0,0,,1,0,0,1,0,3,0,0.07002112591836163,4.6899999999999995,0.0,4.6899999999999995,4.319978874081638,4.32,measured_success,202
404,ppo,1000404,327,monoprotic,near,base,single,1,4.241,4.663,0.10334012201548648,0,0,,1,0,0,1,0,1,0,0.08962591241326123,1.51,0.0,1.51,4.573374087586739,4.57,measured_success,202
404,ppo,1000404,328,diprotic,far,acid,separated,2,5.704,2.128,0.05039245155983902,2,0,0.515,1,1,0,1,0,4,2,0.036651099097324114,12.66,11.63,1.03,2.1646510990973242,2.16,measured_success,202
404,ppo,1000404,329,diprotic,near,base,separated,2,3.959,4.539,0.076053796682633,1,0,0.515,1,0,0,1,0,2,1,0.05701370475316203,3.29,0.0,3.29,4.596013704753162,4.6000000000000005,measured_success,202
404,ppo,1000404,330,monoprotic,medium,acid,single,1,5.835,5.033,0.04150135417096185,3,1,0.09,1,1,0,1,0,4,3,0.03508617429241401,2.75,2.0,0.75,4.997913825707586,5.0,measured_success,202
404,ppo,1000404,331,monoprotic,medium,base,single,1,3.689,4.881,0.035565286215741995,5,4,0.05,1,0,0,1,0,11,5,0.06334796871975001,10.989999999999998,5.22,5.77,4.94434796871975,4.94,measured_success,202
404,ppo,1000404,332,monoprotic,near,acid,single,1,8.547,8.0,0.1223853430930046,0,0,,0,0,0,0,0,50,0,0.4796936833829619,0.5000000000000002,0.5000000000000002,0.0,8.479693683382962,8.48,max_steps,202
404,ppo,1000404,333,diprotic,near,base,separated,2,3.616,4.14,0.16342332573632526,1,0,0.515,1,1,0,1,0,2,1,0.020355716629716802,3.29,0.0,3.29,4.1603557166297165,4.16,measured_success,202
404,ppo,1000404,334,diprotic,far,acid,separated,2,5.049,2.885,0.15551612339264745,0,0,,1,1,0,1,0,10,0,0.03993428904739815,20.790000000000003,20.790000000000003,0.0,2.924934289047398,2.92,measured_success,202
404,ppo,1000404,335,diprotic,near,acid,separated,2,2.087,1.855,0.0618482951480884,1,0,1.06,1,0,0,1,0,1,1,0.08550830123362196,2.12,2.12,0.0,1.769491698766378,1.77,measured_success,202
404,ppo,1000404,336,monoprotic,medium,base,single,1,4.073,5.508,0.09160905721674752,5,3,0.035,1,0,0,1,0,11,5,0.052907741887014303,12.940000000000001,6.010000000000002,6.93,5.560907741887014,5.5600000000000005,measured_success,202
404,ppo,1000404,337,triprotic,medium,base,overlapping,3,4.05,5.215,0.04757904698789392,2,1,0.255,1,0,0,1,0,4,2,0.07394303716799833,7.7,0.51,7.19,5.1410569628320015,5.14,measured_success,202
404,ppo,1000404,338,monoprotic,far,acid,single,1,4.202,1.987,0.12747398772821072,0,0,,1,0,0,1,0,8,0,0.0612782283622888,19.530000000000005,19.530000000000005,0.0,2.048278228362289,2.05,measured_success,202
404,ppo,1000404,339,diprotic,near,base,separated,2,3.29,3.496,0.07417144011000121,1,0,0.755,1,0,0,1,0,1,1,0.0782022014626711,1.51,0.0,1.51,3.574202201462671,3.5700000000000003,measured_success,202
404,ppo,1000404,340,diprotic,near,base,separated,2,3.055,3.452,0.08302215583704217,0,0,,1,1,0,1,0,1,0,0.031248451121279608,1.51,0.0,1.51,3.4207515488787203,3.42,measured_success,202
404,ppo,1000404,341,diprotic,far,base,separated,2,5.221,9.086,0.03289996031240041,6,1,0.01,1,0,0,1,0,12,6,0.08467057093025154,20.05,7.91,12.14,9.001329429069749,9.0,measured_success,202
404,ppo,1000404,342,monoprotic,medium,acid,single,1,6.79,5.099,0.04567371170006261,5,3,0.075,1,1,0,1,0,6,5,0.007797815448725487,9.53,6.6899999999999995,2.84,5.091202184551275,5.09,measured_success,202
404,ppo,1000404,343,diprotic,medium,acid,separated,2,4.292,2.996,0.03580410416842922,2,0,0.315,1,1,0,1,0,3,2,0.04392879323476828,4.81,4.18,0.63,3.0399287932347683,3.04,measured_success,202
404,ppo,1000404,344,diprotic,medium,base,separated,2,4.943,6.043,0.03700847985791924,1,0,2.02,1,0,0,1,0,3,1,0.05237628418653184,6.470000000000001,2.43,4.04,6.095376284186532,6.1000000000000005,measured_success,202
404,ppo,1000404,345,monoprotic,medium,acid,single,1,5.337,4.571,0.11208871996576387,0,0,,1,0,0,1,0,5,0,0.06745270335271059,3.79,3.79,0.0,4.63845270335271,4.64,measured_success,202
404,ppo,1000404,346,monoprotic,medium,base,single,1,5.9,6.835,0.044045400907543435,2,0,0.765,1,1,0,1,0,5,2,0.03273335403297839,8.09,3.06,5.03,6.802266645967022,6.8,measured_success,202
404,ppo,1000404,347,diprotic,far,base,separated,2,5.372,8.189,0.031382207986466806,3,2,0.415,1,1,0,1,0,12,3,0.024049305460966508,16.990000000000002,6.920000000000001,10.07,8.213049305460967,8.21,measured_success,202
404,ppo,1000404,348,monoprotic,far,base,single,1,3.482,7.23,0.04440754620152876,45,25,0.01,0,0,1,0,0,50,45,2.173633258921214,19.129999999999992,9.409999999999998,9.719999999999994,9.403633258921214,9.4,max_steps,202
404,ppo,1000404,349,monoprotic,near,base,single,1,4.026,4.628,0.06149780567635204,2,0,0.155,1,0,0,1,0,4,2,0.0670885297219943,4.05,1.79,2.26,4.560911470278006,4.5600000000000005,measured_success,202
404,ppo,1000404,350,diprotic,medium,acid,overlapping,2,3.688,2.467,0.17306189194796306,1,0,0.515,1,0,0,1,0,6,1,0.07312244267366319,15.129999999999999,15.129999999999999,0.0,2.393877557326337,2.39,measured_success,202
404,ppo,1000404,351,monoprotic,medium,base,single,1,3.737,4.909,0.03633954600200648,2,0,0.765,1,1,0,1,0,2,2,0.04311170654115681,5.57,1.53,4.04,4.865888293458843,4.87,measured_success,202
404,ppo,1000404,352,triprotic,medium,base,separated,3,2.819,3.599,0.17389274432071422,0,0,,1,0,0,1,0,3,0,0.0683537194050503,4.14,0.0,4.14,3.53064628059495,3.5300000000000002,measured_success,202
404,ppo,1000404,353,monoprotic,near,base,single,1,2.165,2.436,0.06975445402576695,2,1,0.375,1,0,0,1,0,2,2,0.05039669300516003,2.26,0.75,1.51,2.38560330699484,2.39,measured_success,202
404,ppo,1000404,354,diprotic,near,acid,separated,2,2.932,2.285,0.053357953306309734,0,0,,1,1,0,1,0,2,0,0.00031707839451478037,4.51,4.51,0.0,2.285317078394515,2.29,measured_success,202
404,ppo,1000404,355,triprotic,near,base,separated,3,7.425,7.881,0.0367296130159578,3,2,0.085,1,1,0,1,0,7,3,0.03326221243343319,4.79,2.19,2.6,7.914262212433433,7.91,measured_success,202
404,ppo,1000404,356,diprotic,near,base,overlapping,2,4.452,4.729,0.06660207297047081,0,0,,1,1,0,1,0,2,0,0.011867406868680597,2.36,0.0,2.36,4.7171325931313195,4.72,measured_success,202
404,ppo,1000404,357,diprotic,near,acid,separated,2,5.388,4.996,0.042593232802733784,1,1,0.755,1,1,0,1,0,2,1,0.010683256979342914,2.26,1.51,0.75,4.9853167430206575,4.99,measured_success,202
404,ppo,1000404,358,monoprotic,medium,base,single,1,3.281,4.963,0.05092064992245381,2,1,1.31,1,1,0,1,0,4,2,0.03730792378798409,8.86,2.62,6.24,4.925692076212016,4.93,measured_success,202
404,ppo,1000404,359,triprotic,medium,acid,separated,3,4.35,3.366,0.10115069228869612,0,0,,1,1,0,1,0,7,0,0.04429974235924794,9.440000000000001,9.440000000000001,0.0,3.410299742359248,3.41,measured_success,202
404,ppo,1000404,360,monoprotic,medium,base,single,1,2.593,3.761,0.13605295726541117,0,0,,1,0,0,1,0,4,0,0.07750910680464873,8.45,0.0,8.45,3.6834908931953514,3.68,measured_success,202
404,ppo,1000404,361,triprotic,medium,acid,separated,3,6.534,5.61,0.0473262256545518,3,1,0.18,1,0,0,1,0,4,3,0.050405571050931464,3.51,2.48,1.03,5.559594428949069,5.5600000000000005,measured_success,202
404,ppo,1000404,362,diprotic,near,base,separated,2,5.016,5.695,0.07691303255800368,1,0,0.79,1,1,0,1,0,2,1,0.036113924217497484,3.84,0.0,3.84,5.731113924217498,5.73,measured_success,202
404,ppo,1000404,363,monoprotic,near,acid,single,1,3.643,3.166,0.10227628933843566,0,0,,1,1,0,1,0,2,0,0.028686402623046003,2.54,2.54,0.0,3.194686402623046,3.19,measured_success,202
404,ppo,1000404,364,triprotic,near,acid,separated,3,2.774,2.119,0.056060808148482175,1,0,1.74,1,0,0,1,0,2,1,0.057128315221106174,4.51,3.48,1.03,2.061871684778894,2.06,measured_success,202
404,ppo,1000404,365,diprotic,far,base,separated,2,1.934,5.853,0.03144113652811489,44,21,0.01,0,0,0,0,0,50,44,0.1096414183876302,15.27999999999999,4.199999999999996,11.079999999999995,5.74335858161237,5.74,max_steps,202
404,ppo,1000404,366,monoprotic,far,base,single,1,5.968,8.761,0.0953036171753161,43,26,0.01,0,0,1,0,0,50,43,0.7486106179526892,14.969999999999994,7.129999999999997,7.839999999999996,9.509610617952688,9.51,max_steps,202
404,ppo,1000404,367,triprotic,medium,base,separated,3,5.402,6.54,0.06306845841996525,0,0,,1,1,0,1,0,3,0,0.037253579292770844,6.79,0.0,6.79,6.502746420707229,6.5,measured_success,202
404,ppo,1000404,368,monoprotic,near,acid,single,1,2.161,1.862,0.039043925796950624,0,0,,1,1,0,1,0,1,0,0.034531495060107,2.12,2.12,0.0,1.896531495060107,1.9000000000000001,measured_success,202
404,ppo,1000404,369,triprotic,far,base,separated,3,3.859,7.677,0.03010055400172421,5,0,0.155,1,0,0,1,0,7,5,0.07473173288889967,15.26,4.59,10.67,7.751731732888899,7.75,measured_success,202
404,ppo,1000404,370,diprotic,medium,acid,separated,2,5.443,4.554,0.038192463650242675,3,1,0.21,1,1,0,1,0,4,3,0.004319282834718052,6.9399999999999995,4.29,2.65,4.549680717165282,4.55,measured_success,202
404,ppo,1000404,371,triprotic,medium,base,overlapping,3,2.032,3.23,0.055987572749484224,0,0,,1,0,0,1,0,15,0,0.0889173214585548,14.600000000000001,0.0,14.600000000000001,3.141082678541445,3.14,measured_success,202
404,ppo,1000404,372,triprotic,near,acid,separated,3,4.117,3.56,0.16078893357933483,0,0,,1,0,0,1,0,6,0,0.0817416332149441,6.8999999999999995,6.8999999999999995,0.0,3.641741633214944,3.64,measured_success,202
404,ppo,1000404,373,monoprotic,medium,base,single,1,7.858,9.441,0.10726960944064469,1,0,0.085,1,0,0,1,0,38,1,0.05789290386714008,6.459999999999998,0.0,6.459999999999998,9.49889290386714,9.5,measured_success,202
404,ppo,1000404,374,triprotic,near,acid,separated,3,7.06,6.558,0.07852290812541275,0,0,,1,0,0,1,0,4,0,0.0651874444239624,2.7600000000000002,2.7600000000000002,0.0,6.623187444423962,6.62,measured_success,202
404,ppo,1000404,375,diprotic,near,acid,separated,2,3.789,3.189,0.15391503742762558,0,0,,1,1,0,1,0,3,0,0.028399774134038935,4.79,4.79,0.0,3.217399774134039,3.22,measured_success,202
404,ppo,1000404,376,monoprotic,far,base,single,1,4.51,8.003,0.1023738442303126,44,25,0.01,0,0,1,0,0,50,44,0.9453891892482744,19.06999999999999,8.489999999999995,10.579999999999995,7.057610810751726,7.0600000000000005,max_steps,202
404,ppo,1000404,377,monoprotic,near,acid,single,1,3.298,2.802,0.05069302891514977,2,0,0.515,1,0,0,1,0,2,2,0.0599203094743177,3.21,2.18,1.03,2.8619203094743177,2.86,measured_success,202
404,ppo,1000404,378,monoprotic,medium,acid,single,1,7.047,5.524,0.11399643722074157,3,1,0.155,1,1,0,1,0,7,3,0.014817971697483223,9.430000000000001,8.650000000000002,0.78,5.509182028302517,5.51,measured_success,202
404,ppo,1000404,379,monoprotic,far,acid,single,1,7.018,4.792,0.11072800261796692,7,2,0.02,1,1,0,1,0,10,7,0.023068490499523975,9.219999999999999,6.89,2.33,4.768931509500476,4.7700000000000005,measured_success,202
404,ppo,1000404,380,triprotic,near,acid,separated,3,5.336,4.638,0.062327590239995116,0,0,,1,0,0,1,0,2,0,0.08819084856338577,2.54,2.54,0.0,4.726190848563386,4.73,measured_success,202
404,ppo,1000404,381,diprotic,medium,base,separated,2,4.702,6.457,0.030833885687697626,4,2,0.06,1,0,0,1,0,10,4,0.06938638860712754,10.61,4.650000000000001,5.959999999999999,6.387613611392872,6.390000000000001,measured_success,202
404,ppo,1000404,382,triprotic,far,base,separated,3,2.049,5.509,0.03178391908591448,4,2,0.075,1,0,0,1,0,7,4,0.0733569925843014,15.95,2.69,13.26,5.435643007415699,5.44,measured_success,202
404,ppo,1000404,383,monoprotic,near,base,single,1,2.887,3.406,0.03223578208647429,1,1,0.755,1,1,0,1,0,2,1,0.02801631792885173,2.26,0.75,1.51,3.434016317928852,3.43,measured_success,202
404,ppo,1000404,384,diprotic,near,acid,separated,2,3.084,2.788,0.06558736027676128,0,0,,1,1,0,1,0,1,0,0.0016994096413651683,1.51,1.51,0.0,2.789699409641365,2.79,measured_success,202
404,ppo,1000404,385,triprotic,near,acid,separated,3,3.252,3.028,0.1122437272667935,0,0,,1,1,0,1,0,1,0,0.042331255149742564,1.51,1.51,0.0,3.0703312551497426,3.0700000000000003,measured_success,202
404,ppo,1000404,386,triprotic,medium,acid,separated,3,3.802,2.248,0.10563509973211162,0,0,,1,0,0,1,0,7,0,0.07626429282185843,12.089999999999998,12.089999999999998,0.0,2.3242642928218586,2.32,measured_success,202
404,ppo,1000404,387,triprotic,near,acid,separated,3,7.586,7.339,0.099061510411652,0,0,,1,0,0,1,0,11,0,0.09448295749061941,0.10999999999999999,0.10999999999999999,0.0,7.43348295749062,7.43,measured_success,202
404,ppo,1000404,388,triprotic,medium,base,separated,3,1.527,3.083,0.1704889168063484,0,0,,1,0,0,1,0,29,0,0.09678591033099249,25.389999999999986,0.0,25.389999999999986,2.9862140896690077,2.99,measured_success,202
404,ppo,1000404,389,monoprotic,far,base,single,1,7.494,10.482,0.15754169948454375,5,4,0.02,1,1,0,1,0,8,5,0.03713928805206024,9.5,2.6,6.9,10.51913928805206,10.52,measured_success,202
404,ppo,1000404,390,diprotic,medium,base,separated,2,5.366,7.253,0.1236787480269501,40,5,0.01,0,0,0,0,0,50,40,0.3851081062089321,13.159999999999995,6.389999999999999,6.769999999999996,6.867891893791068,6.87,max_steps,202
404,ppo,1000404,391,monoprotic,near,acid,single,1,6.227,6.008,0.16625779246613548,0,0,,0,0,0,0,0,50,0,0.1702962998905866,0.5000000000000002,0.5000000000000002,0.0,6.178296299890587,6.18,max_steps,202
404,ppo,1000404,392,monoprotic,medium,acid,single,1,5.545,4.232,0.07161927915195608,1,0,1.935,1,1,0,1,0,1,1,0.03237014521344239,3.87,3.87,0.0,4.199629854786558,4.2,measured_success,202
404,ppo,1000404,393,triprotic,near,acid,separated,3,3.531,3.249,0.12428674360385611,0,0,,1,0,0,1,0,1,0,0.05436334005476828,1.51,1.51,0.0,3.3033633400547684,3.3000000000000003,measured_success,202
404,ppo,1000404,394,triprotic,medium,acid,separated,3,3.99,2.82,0.03354674546517297,3,0,0.155,1,0,0,1,0,3,3,0.06899136840839182,4.81,4.18,0.63,2.751008631591608,2.75,measured_success,202
404,ppo,1000404,395,diprotic,medium,base,overlapping,2,2.15,3.969,0.08122921688176069,2,1,0.135,1,1,0,1,0,7,2,0.012701993370594078,13.7,0.27,13.43,3.956298006629406,3.96,measured_success,202
404,ppo,1000404,396,diprotic,far,acid,separated,2,6.722,3.835,0.04306730224245116,3,0,0.09,1,1,0,1,0,4,3,0.010260088555291702,7.1899999999999995,6.56,0.63,3.8247399114447083,3.8200000000000003,measured_success,202
404,ppo,1000404,397,diprotic,far,base,separated,2,5.815,8.027,0.167711189147508,6,2,0.015,1,1,0,1,0,10,6,0.047403545237598266,15.790000000000003,4.400000000000001,11.39,7.979596454762401,7.98,measured_success,202
404,ppo,1000404,398,monoprotic,medium,acid,single,1,6.75,5.867,0.09825594428489727,0,0,,1,0,0,1,0,5,0,0.08322589707733119,5.0,5.0,0.0,5.950225897077331,5.95,measured_success,202
404,ppo,1000404,399,diprotic,near,base,separated,2,6.543,6.796,0.1152828170237956,0,0,,0,0,0,0,0,50,0,0.1730572608891583,0.5000000000000002,0.0,0.5000000000000002,6.622942739110842,6.62,max_steps,202
404,ppo,1000404,400,diprotic,far,base,separated,2,4.935,6.952,0.03098810136338909,5,3,0.075,1,1,0,1,0,7,5,0.024172818179094335,10.64,4.46,6.180000000000001,6.976172818179094,6.98,measured_success,202
404,ppo,1000404,401,diprotic,near,acid,separated,2,4.993,4.757,0.12998259718691144,0,0,,0,0,0,0,0,50,0,0.13792243848466867,0.5000000000000002,0.5000000000000002,0.0,4.894922438484668,4.89,max_steps,202
404,ppo,1000404,402,triprotic,near,acid,overlapping,3,3.065,2.413,0.1487329893877894,1,0,0.515,1,0,0,1,0,2,1,0.07217917725493495,4.51,4.51,0.0,2.340820822745065,2.34,measured_success,202
404,ppo,1000404,403,monoprotic,medium,base,single,1,6.74,7.844,0.15281884715630248,0,0,,1,1,0,1,0,5,0,0.027116779898476828,10.210000000000003,0.0,10.210000000000003,7.8168832201015235,7.82,measured_success,202
404,ppo,1000404,404,monoprotic,near,acid,single,1,6.498,6.273,0.17152201819670035,0,0,,0,0,0,0,0,50,0,0.1507965739965691,0.5000000000000002,0.5000000000000002,0.0,6.423796573996569,6.42,max_steps,202
404,ppo,1000404,405,triprotic,near,base,separated,3,4.282,4.579,0.10637927209596781,0,0,,1,0,0,1,0,2,0,0.06524679527080313,2.36,0.0,2.36,4.513753204729197,4.51,measured_success,202
404,ppo,1000404,406,monoprotic,medium,acid,single,1,8.432,7.505,0.09029539321421733,0,0,,0,0,1,0,0,50,0,0.7279435780472978,1.500000000000001,1.500000000000001,0.0,8.232943578047298,8.23,max_steps,202
404,ppo,1000404,407,diprotic,near,acid,separated,2,5.719,5.149,0.05978556183370335,1,1,0.755,1,0,0,1,0,2,1,0.06913410101229811,2.26,1.51,0.75,5.079865898987702,5.08,measured_success,202
404,ppo,1000404,408,diprotic,far,acid,separated,2,5.473,1.609,0.1333733992879411,0,0,,1,0,0,1,0,4,0,0.05342585384253429,18.84,18.84,0.0,1.6624258538425343,1.6600000000000001,measured_success,202
404,ppo,1000404,409,monoprotic,medium,acid,single,1,8.485,7.527,0.08213616042145447,0,0,,0,0,1,0,0,50,0,0.6231922202436353,1.1200000000000008,1.1200000000000008,0.0,8.150192220243635,8.15,max_steps,202
404,ppo,1000404,410,diprotic,near,acid,overlapping,2,5.268,4.798,0.059035249297339686,0,0,,1,0,0,1,0,3,0,0.0770246813878277,2.9899999999999998,2.9899999999999998,0.0,4.875024681387828,4.88,measured_success,202
404,ppo,1000404,411,triprotic,near,acid,separated,3,2.652,2.293,0.05097329335572311,1,0,1.06,1,1,0,1,0,2,1,0.007438413186838133,3.1500000000000004,2.12,1.03,2.285561586813162,2.29,measured_success,202
404,ppo,1000404,412,diprotic,near,acid,separated,2,2.04,1.756,0.1098261808639992,0,0,,1,0,0,1,0,2,0,0.07176639797055384,3.1500000000000004,3.1500000000000004,0.0,1.8277663979705538,1.83,measured_success,202
404,ppo,1000404,413,triprotic,medium,base,separated,3,7.408,8.739,0.11817378101643777,4,0,0.06,1,0,0,1,0,12,4,0.06738651502929471,8.319999999999999,3.56,4.759999999999999,8.671613484970706,8.67,measured_success,202
404,ppo,1000404,414,triprotic,near,acid,separated,3,3.186,2.709,0.05653961213646743,3,1,0.255,1,1,0,1,0,3,3,0.02753255882666439,3.66,2.63,1.03,2.6814674411733357,2.68,measured_success,202
404,ppo,1000404,415,diprotic,far,acid,separated,2,5.107,2.615,0.16496356691796635,3,2,0.195,1,1,0,1,0,8,3,0.026646534025982938,22.619999999999997,21.83,0.79,2.5883534659740173,2.59,measured_success,202
404,ppo,1000404,416,monoprotic,near,base,single,1,6.093,6.439,0.04342842623248702,2,0,0.18,1,0,0,1,0,4,2,0.06886634939490577,3.89,1.77,2.12,6.370133650605094,6.37,measured_success,202
404,ppo,1000404,417,monoprotic,near,acid,single,1,3.679,3.313,0.03258937685648491,2,1,0.375,1,1,0,1,0,2,2,0.024959802536675735,2.26,1.51,0.75,3.337959802536676,3.34,measured_success,202
404,ppo,1000404,418,triprotic,near,acid,separated,3,4.084,3.583,0.09943801035168147,0,0,,1,1,0,1,0,3,0,0.0253673683504827,3.39,3.39,0.0,3.608367368350483,3.61,measured_success,202
404,ppo,1000404,419,monoprotic,medium,base,single,1,4.215,5.572,0.0395307658868818,5,2,0.02,1,0,0,1,0,12,5,0.053479527921214576,12.740000000000002,6.080000000000001,6.66,5.625479527921215,5.63,measured_success,202
404,ppo,1000404,420,monoprotic,near,acid,single,1,3.138,2.655,0.037526933197403835,3,2,0.21,1,1,0,1,0,5,3,0.008206208118080038,4.45,2.54,1.91,2.6467937918819198,2.65,measured_success,202
404,ppo,1000404,421,diprotic,near,acid,overlapping,2,2.877,2.569,0.04103052915874627,1,0,0.755,1,1,0,1,0,1,1,0.025884889139429212,1.51,1.51,0.0,2.5431151108605707,2.54,measured_success,202
404,ppo,1000404,422,monoprotic,far,acid,single,1,7.803,5.688,0.05196142147077022,5,4,0.105,1,0,0,1,0,7,5,0.06692656692392784,9.53,6.119999999999999,3.4099999999999997,5.621073433076072,5.62,measured_success,202
404,ppo,1000404,423,diprotic,near,base,separated,2,4.634,5.167,0.08549555908612173,1,0,0.515,1,0,0,1,0,2,1,0.07578564297193857,3.29,0.0,3.29,5.242785642971938,5.24,measured_success,202
404,ppo,1000404,424,monoprotic,medium,acid,single,1,3.947,2.919,0.17361478301897337,3,0,0.425,1,0,0,1,0,3,3,0.09883571149785597,6.52,4.72,1.8,2.820164288502144,2.82,measured_success,202
404,ppo,1000404,425,monoprotic,medium,acid,single,1,8.747,6.871,0.05098766741324274,0,0,,0,0,1,0,0,50,0,1.3394532007451492,1.500000000000001,1.500000000000001,0.0,8.21045320074515,8.21,max_steps,202
404,ppo,1000404,426,monoprotic,far,base,single,1,7.042,9.237,0.039371543774751265,4,2,0.04,1,0,0,1,0,8,4,0.05305967991421845,9.95,4.05,5.8999999999999995,9.183940320085782,9.18,measured_success,202
404,ppo,1000404,427,monoprotic,medium,base,single,1,5.128,6.77,0.10942383186155427,3,1,0.155,1,0,0,1,0,6,3,0.0770617018454196,9.93,2.62,7.31,6.847061701845419,6.8500000000000005,measured_success,202
404,ppo,1000404,428,diprotic,medium,acid,separated,2,6.236,5.098,0.030960766636573055,1,0,1.935,1,0,0,1,0,2,1,0.08779054764509642,5.67,3.87,1.8,5.0102094523549034,5.01,measured_success,202
404,ppo,1000404,429,diprotic,near,acid,separated,2,5.296,4.803,0.08499294977816434,1,0,0.425,1,1,0,1,0,2,1,0.02792060944563257,2.36,2.36,0.0,4.775079390554367,4.78,measured_success,202
404,ppo,1000404,430,diprotic,near,base,separated,2,4.615,4.854,0.10997131598025675,0,0,,1,0,0,1,0,28,0,0.09669351680711724,1.0900000000000003,0.0,1.0900000000000003,4.757306483192883,4.76,measured_success,202
404,ppo,1000404,431,triprotic,medium,base,separated,3,4.351,6.189,0.047614656467983185,0,0,,1,1,0,1,0,9,0,0.04770529793388967,8.549999999999999,0.0,8.549999999999999,6.14129470206611,6.140000000000001,measured_success,202
404,ppo,1000404,432,monoprotic,medium,acid,single,1,6.486,5.478,0.08719240328017555,2,1,0.965,1,1,0,1,0,3,2,0.015080058287745501,6.6499999999999995,4.72,1.93,5.493080058287745,5.49,measured_success,202
404,ppo,1000404,433,monoprotic,near,base,single,1,7.102,7.305,0.10466863786985292,0,0,,0,0,0,0,0,50,0,0.13160742835909467,0.5000000000000002,0.0,0.5000000000000002,7.173392571640905,7.17,max_steps,202
404,ppo,1000404,434,diprotic,medium,base,overlapping,2,5.66,6.772,0.036035285242761055,4,2,0.09,1,0,0,1,0,7,4,0.06436503347991973,8.36,3.24,5.12,6.7076349665200805,6.71,measured_success,202
404,ppo,1000404,435,monoprotic,medium,acid,single,1,4.845,3.979,0.09748823717488854,1,0,1.935,1,1,0,1,0,1,1,0.019332492595170336,3.87,3.87,0.0,3.9596675074048298,3.96,measured_success,202
404,ppo,1000404,436,diprotic,medium,base,overlapping,2,2.692,3.673,0.1114388376680255,0,0,,1,0,0,1,0,20,0,0.08237792907584485,13.000000000000005,0.0,13.000000000000005,3.590622070924155,3.59,measured_success,202
404,ppo,1000404,437,triprotic,near,acid,overlapping,3,3.211,2.679,0.04351571935048545,0,0,,1,1,0,1,0,4,0,0.04938071897423191,5.64,5.64,0.0,2.7283807189742317,2.73,measured_success,202
404,ppo,1000404,438,triprotic,medium,acid,separated,3,5.306,4.508,0.03314400903958462,0,0,,1,0,0,1,0,2,0,0.06879184483421863,3.1500000000000004,3.1500000000000004,0.0,4.576791844834219,4.58,measured_success,202
404,ppo,1000404,439,triprotic,near,acid,separated,3,6.966,6.469,0.11743078219658484,0,0,,1,0,0,1,0,2,0,0.07647267583504824,2.14,2.14,0.0,6.5454726758350485,6.55,measured_success,202
404,ppo,1000404,440,triprotic,far,base,overlapping,3,2.136,5.877,0.06770622379543681,7,3,0.01,1,1,0,1,0,12,7,0.01430707664413955,22.840000000000003,2.9799999999999995,19.860000000000003,5.891307076644139,5.89,measured_success,202
404,ppo,1000404,441,diprotic,medium,acid,separated,2,4.279,2.686,0.046344892353812304,2,0,0.265,1,1,0,1,0,3,2,0.03192227352458232,6.22,5.06,1.1600000000000001,2.7179222735245823,2.72,measured_success,202
404,ppo,1000404,442,diprotic,medium,base,separated,2,4.003,5.89,0.07445081381694073,2,1,1.31,1,1,0,1,0,5,2,0.0425877841336062,10.16,2.62,7.54,5.8474122158663935,5.8500000000000005,measured_success,202
404,ppo,1000404,443,triprotic,far,base,separated,3,2.035,4.328,0.14673305996054772,0,0,,1,0,0,1,0,18,0,0.07723301048013465,19.579999999999984,0.0,19.579999999999984,4.250766989519866,4.25,measured_success,202
404,ppo,1000404,444,triprotic,near,acid,separated,3,6.423,6.126,0.09483380849767374,0,0,,0,0,0,0,0,50,0,0.24511493830175102,0.5000000000000002,0.5000000000000002,0.0,6.371114938301751,6.37,max_steps,202
404,ppo,1000404,445,triprotic,medium,base,separated,3,7.064,8.045,0.056350888656344335,6,1,0.015,1,0,0,1,0,10,6,0.07692721963172566,9.88,4.7700000000000005,5.11,7.968072780368274,7.97,measured_success,202
404,ppo,1000404,446,triprotic,near,acid,separated,3,4.568,4.21,0.06734414365295746,2,1,0.375,1,0,0,1,0,2,2,0.07572943066997784,2.26,1.51,0.75,4.285729430669978,4.29,measured_success,202
404,ppo,1000404,447,diprotic,medium,acid,separated,2,4.154,2.956,0.06093141545685582,2,2,0.45,1,1,0,1,0,4,2,0.011235302809867509,7.0200000000000005,6.12,0.9,2.9672353028098675,2.97,measured_success,202
404,ppo,1000404,448,triprotic,medium,acid,separated,3,7.073,5.597,0.03183435245282294,2,0,0.315,1,1,0,1,0,2,2,0.03173449554879948,4.5,3.87,0.63,5.6287344955488,5.63,measured_success,202
404,ppo,1000404,449,monoprotic,near,base,single,1,3.178,3.804,0.04219788507512933,3,3,0.21,1,0,0,1,0,5,3,0.0995375694617544,4.869999999999999,2.19,2.6799999999999997,3.9035375694617542,3.9,measured_success,202
404,ppo,1000404,450,diprotic,near,base,separated,2,4.966,5.246,0.0479654965076167,0,0,,0,0,0,0,0,50,0,0.17782630926699916,0.5000000000000002,0.0,0.5000000000000002,5.068173690733001,5.07,max_steps,202
404,ppo,1000404,451,monoprotic,medium,acid,single,1,6.066,5.081,0.09276419128930986,5,2,0.06,1,1,0,1,0,8,5,0.016603203266099875,9.27,5.01,4.26,5.0643967967339005,5.0600000000000005,measured_success,202
404,ppo,1000404,452,diprotic,medium,base,separated,2,4.382,6.215,0.033110941918440905,2,0,0.315,1,1,0,1,0,3,2,0.023280042825694736,7.8,2.55,5.25,6.191719957174305,6.19,measured_success,202
404,ppo,1000404,453,diprotic,medium,acid,separated,2,3.563,2.182,0.044006333832428614,2,0,0.315,1,1,0,1,0,2,2,0.04212569242476372,5.88,5.25,0.63,2.2241256924247637,2.22,measured_success,202
404,ppo,1000404,454,diprotic,near,base,separated,2,4.072,4.665,0.06165441053296021,0,0,,1,0,0,1,0,1,0,0.08379506273343384,2.26,0.0,2.26,4.581204937266566,4.58,measured_success,202
404,ppo,1000404,455,triprotic,medium,base,separated,3,6.227,7.525,0.05894849536282307,1,0,2.02,1,1,0,1,0,1,1,0.029431105727466544,4.04,0.0,4.04,7.554431105727467,7.55,measured_success,202
404,ppo,1000404,456,monoprotic,medium,acid,single,1,5.889,4.389,0.16449109937231332,2,1,0.09,1,1,0,1,0,4,2,0.02763698809305115,4.99,4.5,0.49,4.416636988093051,4.42,measured_success,202
404,ppo,1000404,457,monoprotic,medium,acid,single,1,4.639,2.958,0.09360702927964129,3,1,0.135,1,1,0,1,0,5,3,0.00967646425488411,8.52,7.129999999999999,1.3900000000000001,2.948323535745116,2.95,measured_success,202
404,ppo,1000404,458,triprotic,near,base,separated,3,4.663,4.904,0.1574996337180047,0,0,,1,0,0,1,0,20,0,0.09870323590413221,0.68,0.0,0.68,4.805296764095868,4.8100000000000005,measured_success,202
404,ppo,1000404,459,diprotic,medium,acid,separated,2,3.94,2.84,0.09118079237366614,0,0,,1,0,0,1,0,5,0,0.0694503078843729,9.25,9.25,0.0,2.9094503078843728,2.91,measured_success,202
404,ppo,1000404,460,monoprotic,near,acid,single,1,8.667,7.986,0.12382429798280431,0,0,,0,0,1,0,0,50,0,0.5729846504409126,0.5000000000000002,0.5000000000000002,0.0,8.558984650440912,8.56,max_steps,202
404,ppo,1000404,461,monoprotic,medium,base,single,1,4.171,5.422,0.10782926545530558,2,1,0.765,1,0,0,1,0,3,2,0.09169390801327904,9.4,4.15,5.25,5.330306091986721,5.33,measured_success,202
404,ppo,1000404,462,monoprotic,medium,acid,single,1,7.033,5.933,0.037259642558411424,2,1,0.965,1,1,0,1,0,2,2,0.02316080938241427,5.8,3.87,1.93,5.956160809382414,5.96,measured_success,202
404,ppo,1000404,463,monoprotic,near,base,single,1,7.422,7.81,0.13746131403619963,2,0,0.315,1,0,0,1,0,2,2,0.08799041464095136,2.75,0.63,2.12,7.722009585359048,7.72,measured_success,202
404,ppo,1000404,464,diprotic,near,acid,separated,2,3.235,3.01,0.17451487054791426,0,0,,1,1,0,1,0,2,0,0.045271352083062766,2.54,2.54,0.0,3.0552713520830626,3.06,measured_success,202
404,ppo,1000404,465,diprotic,far,base,separated,2,7.299,10.311,0.052674080652924636,3,1,0.155,1,0,0,1,0,9,3,0.06489748507581083,12.49,5.7,6.79,10.37589748507581,10.38,measured_success,202
404,ppo,1000404,466,diprotic,near,base,separated,2,7.256,7.818,0.07207706831625711,2,0,0.18,1,0,0,1,0,5,2,0.09549908323838174,4.13,1.8399999999999999,2.29,7.722500916761618,7.72,measured_success,202
404,ppo,1000404,467,diprotic,medium,base,overlapping,2,2.775,4.656,0.058972154404658805,5,2,0.035,1,0,0,1,0,9,5,0.061142210057773205,8.05,2.0999999999999996,5.95,4.717142210057773,4.72,measured_success,202
404,ppo,1000404,468,diprotic,medium,acid,overlapping,2,3.046,1.872,0.15721135288280724,2,0,0.425,1,1,0,1,0,3,2,0.03680269293882632,5.75,3.87,1.88,1.9088026929388264,1.9100000000000001,measured_success,202
404,ppo,1000404,469,diprotic,near,base,separated,2,4.701,5.063,0.11789586053787941,0,0,,1,0,0,1,0,3,0,0.07221947619749525,2.8899999999999997,0.0,2.8899999999999997,4.9907805238025045,4.99,measured_success,202
404,ppo,1000404,470,diprotic,near,base,overlapping,2,5.632,6.244,0.040130574285529776,1,0,1.06,1,0,0,1,0,1,1,0.07188172862987408,2.12,0.0,2.12,6.315881728629874,6.32,measured_success,202
404,ppo,1000404,471,monoprotic,far,acid,single,1,6.819,3.571,0.15004605460972323,8,4,0.01,1,1,0,1,0,9,8,0.01775170563727846,11.29,8.93,2.36,3.5887517056372786,3.59,measured_success,202
404,ppo,1000404,472,monoprotic,far,base,single,1,7.506,11.305,0.1046394051787237,1,1,0.265,1,1,0,1,0,3,1,0.005560815352115611,8.989999999999998,0.26,8.729999999999999,11.310560815352115,11.31,measured_success,202
404,ppo,1000404,473,diprotic,medium,base,separated,2,3.566,4.748,0.04636795250742025,4,3,0.075,1,0,0,1,0,6,4,0.07588961448364717,9.27,3.4,5.869999999999999,4.672110385516353,4.67,measured_success,202
404,ppo,1000404,474,monoprotic,near,acid,single,1,5.244,4.916,0.03145157807820909,1,1,0.755,1,0,0,1,0,2,1,0.09016413683449365,2.26,1.51,0.75,4.825835863165507,4.83,measured_success,202
404,ppo,1000404,475,monoprotic,far,acid,single,1,7.472,3.758,0.03610871352438308,4,2,0.425,1,1,0,1,0,5,4,0.04263021798216027,17.439999999999998,9.82,7.619999999999999,3.8006302179821603,3.8000000000000003,measured_success,202
404,ppo,1000404,476,triprotic,near,base,separated,3,5.172,5.736,0.15912884785045367,0,0,,1,0,0,1,0,7,0,0.07841180661310343,6.159999999999999,0.0,6.159999999999999,5.657588193386896,5.66,measured_success,202
404,ppo,1000404,477,monoprotic,medium,base,single,1,8.034,9.398,0.11127330291680258,0,0,,1,1,0,1,0,42,0,0.02826430196727614,7.139999999999998,0.0,7.139999999999998,9.369735698032724,9.370000000000001,measured_success,202
404,ppo,1000404,478,monoprotic,medium,acid,single,1,7.921,6.948,0.043589828256231075,2,0,0.155,1,1,0,1,0,11,2,0.029026427709531788,3.3000000000000003,2.99,0.31,6.977026427709532,6.98,measured_success,202
404,ppo,1000404,479,triprotic,medium,base,separated,3,2.53,3.77,0.07017107699829335,1,0,2.625,1,0,0,1,0,3,1,0.07404634458872428,6.73,1.48,5.25,3.8440463445887243,3.84,measured_success,202
404,ppo,1000404,480,diprotic,far,acid,separated,2,4.38,1.74,0.031342983145866594,1,0,3.035,1,1,0,1,0,2,1,0.043492415323087785,6.7,6.07,0.63,1.6965075846769122,1.7,measured_success,202
404,ppo,1000404,481,diprotic,medium,acid,separated,2,6.465,5.451,0.06317999022666589,0,0,,1,1,0,1,0,1,0,0.007719015330803991,3.87,3.87,0.0,5.458719015330804,5.46,measured_success,202
404,ppo,1000404,482,monoprotic,medium,base,single,1,2.698,3.927,0.09363078546683666,3,2,0.155,1,1,0,1,0,7,3,0.013754405119870139,9.809999999999999,2.77,7.039999999999999,3.94075440511987,3.94,measured_success,202
404,ppo,1000404,483,triprotic,medium,base,separated,3,7.233,8.006,0.05542947474060335,4,3,0.075,1,1,0,1,0,6,4,0.00947433633748318,4.13,1.63,2.5,7.996525663662517,8.0,measured_success,202
404,ppo,1000404,484,monoprotic,medium,base,single,1,7.435,8.568,0.04792679304143547,4,1,0.155,1,1,0,1,0,5,4,0.019878095765294646,6.94,2.12,4.82,8.548121904234705,8.55,measured_success,202
404,ppo,1000404,485,monoprotic,far,base,single,1,5.511,8.804,0.04020736912216031,5,5,0.02,1,1,0,1,0,12,5,0.015893396406868376,17.2,7.05,10.149999999999999,8.819893396406869,8.82,measured_success,202
404,ppo,1000404,486,monoprotic,far,base,single,1,8.149,11.929,0.034744434530238254,1,0,4.1,1,0,0,1,0,30,1,0.07911764230603247,13.629999999999999,5.429999999999999,8.2,12.008117642306033,12.01,measured_success,202
404,ppo,1000404,487,triprotic,medium,acid,separated,3,3.717,2.626,0.03124017803026845,3,1,0.155,1,1,0,1,0,5,3,0.04112838644044414,7.52,4.6899999999999995,2.83,2.5848716135595557,2.58,measured_success,202
404,ppo,1000404,488,diprotic,medium,base,separated,2,3.144,5.123,0.10991426639525077,0,0,,1,0,0,1,0,13,0,0.0666838098918392,15.400000000000002,0.0,15.400000000000002,5.056316190108161,5.0600000000000005,measured_success,202
404,ppo,1000404,489,monoprotic,near,base,single,1,2.855,3.056,0.03316378591784615,3,1,0.155,1,1,0,1,0,4,2,0.00046231902576732153,3.2,1.38,1.82,3.0555376809742327,3.06,measured_success,202
404,ppo,1000404,490,diprotic,medium,acid,separated,2,7.567,6.423,0.14479976109029283,0,0,,1,0,0,1,0,9,0,0.06778405171215773,8.930000000000001,8.930000000000001,0.0,6.490784051712158,6.49,measured_success,202
404,ppo,1000404,491,diprotic,far,base,separated,2,2.183,5.11,0.04616575727462272,1,0,0.27,1,0,0,1,0,3,1,0.08851713485424195,6.64,0.0,6.64,5.198517134854242,5.2,measured_success,202
404,ppo,1000404,492,diprotic,far,acid,separated,2,6.13,2.891,0.03743973653394039,0,0,,1,1,0,1,0,3,0,0.018148050861471532,9.120000000000001,9.120000000000001,0.0,2.9091480508614715,2.91,measured_success,202
404,ppo,1000404,493,diprotic,near,base,overlapping,2,3.273,3.626,0.06984873134474476,0,0,,1,0,0,1,0,1,0,0.05903289540879575,1.51,0.0,1.51,3.566967104591204,3.5700000000000003,measured_success,202
404,ppo,1000404,494,monoprotic,far,base,single,1,5.98,9.671,0.1456046841951084,44,23,0.01,0,0,0,0,0,50,44,0.11085275736588329,19.21999999999999,7.7499999999999964,11.469999999999995,9.560147242634116,9.56,max_steps,202
404,ppo,1000404,495,monoprotic,medium,base,single,1,2.623,3.506,0.09600205817575595,1,1,0.425,1,1,0,1,0,5,1,0.027506532022680386,6.14,0.42,5.72,3.53350653202268,3.5300000000000002,measured_success,202
404,ppo,1000404,496,triprotic,medium,base,separated,3,2.165,4.033,0.14914531459401786,0,0,,1,0,0,1,0,22,0,0.084123979039056,20.319999999999983,0.0,20.319999999999983,3.9488760209609444,3.95,measured_success,202
404,ppo,1000404,497,monoprotic,near,acid,single,1,2.715,2.09,0.058468451631461346,1,0,1.74,0,0,0,1,1,1,1,0.10127872422444772,3.48,3.48,0.0,1.9887212757755521,1.99,measured_success,202
404,ppo,1000404,498,diprotic,near,acid,separated,2,3.315,2.908,0.03735327961219086,2,2,0.375,1,1,0,1,0,3,2,0.029808379659910234,2.63,1.88,0.75,2.93780837965991,2.94,measured_success,202
404,ppo,1000404,499,diprotic,medium,acid,separated,2,4.568,2.973,0.059235799547480684,0,0,,1,1,0,1,0,2,0,0.023238754101948977,5.6899999999999995,5.6899999999999995,0.0,2.996238754101949,3.0,measured_success,202
404,ppo,1000404,500,triprotic,medium,base,overlapping,3,2.577,3.29,0.1361585844778411,0,0,,1,0,0,1,0,34,0,0.09471532564956053,18.839999999999986,0.0,18.839999999999986,3.1952846743504395,3.2,measured_success,202
404,ppo,1000404,501,triprotic,medium,base,separated,3,2.395,3.444,0.08695950357754874,0,0,,1,0,0,1,0,12,0,0.09664218194433527,8.479999999999999,0.0,8.479999999999999,3.3473578180556647,3.35,measured_success,202
404,ppo,1000404,502,monoprotic,far,base,single,1,7.718,10.632,0.03732951914530999,2,1,0.155,1,0,0,1,0,7,2,0.07443584726791208,11.530000000000001,4.8999999999999995,6.630000000000001,10.557564152732088,10.56,measured_success,202
404,ppo,1000404,503,triprotic,medium,base,separated,3,1.652,3.409,0.09660284063152288,0,0,,1,0,0,1,0,4,0,0.06231862921203124,10.37,0.0,10.37,3.3466813707879686,3.35,measured_success,202
404,ppo,1000404,504,monoprotic,medium,base,single,1,4.208,5.087,0.05903999035619221,0,0,,1,0,0,1,0,2,0,0.09849391926224982,3.84,0.0,3.84,4.98850608073775,4.99,measured_success,202
404,ppo,1000404,505,diprotic,far,base,separated,2,5.284,8.327,0.08982627421581119,44,21,0.01,0,0,0,0,0,50,44,0.11905712885301689,14.479999999999993,4.149999999999996,10.329999999999997,8.207942871146983,8.21,max_steps,202
404,ppo,1000404,506,diprotic,medium,acid,separated,2,6.674,5.128,0.03401424403025254,4,1,0.155,1,1,0,1,0,5,3,0.002855628903056129,7.25,4.72,2.5300000000000002,5.125144371096944,5.13,measured_success,202
404,ppo,1000404,507,diprotic,medium,base,overlapping,2,2.324,3.526,0.1787381712355767,0,0,,1,0,0,1,0,12,0,0.06110536610823836,13.899999999999999,0.0,13.899999999999999,3.4648946338917614,3.46,measured_success,202
404,ppo,1000404,508,monoprotic,medium,acid,single,1,4.575,3.309,0.06599066974210305,1,1,0.315,1,0,0,1,0,3,1,0.06100301160719113,4.81,4.5,0.31,3.247996988392809,3.25,measured_success,202
404,ppo,1000404,509,monoprotic,far,acid,single,1,7.29,4.381,0.03615562263879426,8,4,0.01,1,0,0,1,0,12,8,0.054732636304036575,13.8,8.430000000000001,5.37,4.435732636304037,4.44,measured_success,202
404,ppo,1000404,510,triprotic,medium,base,separated,3,2.667,4.366,0.036283086440598085,1,0,2.625,1,0,0,1,0,1,1,0.08010728778038434,5.25,0.0,5.25,4.446107287780384,4.45,measured_success,202
404,ppo,1000404,511,monoprotic,medium,base,single,1,6.749,8.038,0.10100943942398598,1,0,0.65,1,1,0,1,0,3,1,0.033999692141900795,7.46,0.0,7.46,8.071999692141901,8.07,measured_success,202
404,ppo,1000404,512,monoprotic,near,acid,single,1,6.033,5.645,0.10408375268575636,0,0,,1,0,0,1,0,2,0,0.055795535919626715,2.14,2.14,0.0,5.700795535919626,5.7,measured_success,202
404,ppo,1000404,513,diprotic,near,base,separated,2,2.183,2.491,0.07296981856789272,0,0,,1,1,0,1,0,1,0,0.04621728761204613,1.51,0.0,1.51,2.444782712387954,2.44,measured_success,202
404,ppo,1000404,514,triprotic,far,base,separated,3,4.91,7.053,0.10248262601903829,4,1,0.015,1,0,0,1,0,8,4,0.08745367927496073,9.26,1.82,7.44,6.965546320725039,6.97,measured_success,202
404,ppo,1000404,515,monoprotic,medium,acid,single,1,8.179,6.356,0.09067166640308089,0,0,,0,0,1,0,0,50,0,1.5664576884809538,1.500000000000001,1.500000000000001,0.0,7.922457688480954,7.92,max_steps,202
404,ppo,1000404,516,monoprotic,medium,base,single,1,2.562,3.873,0.039465990707032314,1,0,2.625,1,0,0,1,0,3,1,0.051196578594386644,7.63,2.38,5.25,3.924196578594387,3.92,measured_success,202
404,ppo,1000404,517,monoprotic,medium,acid,single,1,4.944,3.619,0.1745864456184976,4,2,0.065,1,1,0,1,0,6,4,0.03805288961127973,7.459999999999999,5.9399999999999995,1.52,3.65705288961128,3.66,measured_success,202
404,ppo,1000404,518,diprotic,far,base,separated,2,3.094,6.589,0.10685182758089529,43,8,0.01,0,0,0,0,0,50,43,0.31176567467713134,15.779999999999989,3.4799999999999955,12.299999999999994,6.900765674677132,6.9,max_steps,202
404,ppo,1000404,519,monoprotic,near,acid,single,1,5.422,5.062,0.16873624629072792,0,0,,1,0,0,1,0,6,0,0.08421854961709041,3.92,3.92,0.0,5.146218549617091,5.15,measured_success,202
404,ppo,1000404,520,monoprotic,far,base,single,1,6.764,10.294,0.10789638658226594,3,0,0.155,1,1,0,1,0,11,3,0.0061668832508310345,16.12,4.25,11.870000000000001,10.300166883250832,10.3,measured_success,202
404,ppo,1000404,521,triprotic,far,base,separated,3,5.673,9.552,0.04718815748913619,5,4,0.075,1,1,0,1,0,10,5,0.020292601592480253,15.200000000000001,3.23,11.97,9.57229260159248,9.57,measured_success,202
404,ppo,1000404,522,triprotic,near,base,separated,3,2.778,3.169,0.04444769733140864,3,2,0.185,1,1,0,1,0,3,3,0.021932079185331244,2.63,0.75,1.88,3.1909320791853313,3.19,measured_success,202
404,ppo,1000404,523,diprotic,near,base,separated,2,3.035,3.321,0.12021197619370146,0,0,,1,0,0,1,0,2,0,0.06419365505187935,2.54,0.0,2.54,3.256806344948121,3.2600000000000002,measured_success,202
404,ppo,1000404,524,monoprotic,medium,acid,single,1,7.472,6.175,0.10398256239543668,1,0,0.9,1,0,0,1,0,2,1,0.06798545425689806,5.67,5.67,0.0,6.107014545743102,6.11,measured_success,202
404,ppo,1000404,525,monoprotic,near,base,single,1,8.545,9.048,0.07720282621574404,0,0,,0,0,0,0,0,50,0,0.4042884445279231,0.5000000000000002,0.0,0.5000000000000002,8.643711555472077,8.64,max_steps,202
404,ppo,1000404,526,monoprotic,medium,acid,single,1,2.876,1.991,0.15511584786414362,1,0,1.935,1,0,0,1,0,1,1,0.07619049344761519,3.87,3.87,0.0,1.914809506552385,1.9100000000000001,measured_success,202
404,ppo,1000404,527,diprotic,near,acid,separated,2,4.886,4.411,0.14990594841508964,0,0,,0,0,0,1,1,2,0,0.10275604628377444,2.36,2.36,0.0,4.513756046283774,4.51,measured_success,202
404,ppo,1000404,528,triprotic,far,base,separated,3,2.966,6.095,0.048400612313472424,2,0,0.425,1,1,0,1,0,4,2,0.01746778755038836,11.97,0.85,11.120000000000001,6.077532212449611,6.08,measured_success,202
404,ppo,1000404,529,monoprotic,near,base,single,1,7.367,7.653,0.04885673394394324,0,0,,1,0,0,1,0,43,0,0.09554067612466977,0.4300000000000002,0.0,0.4300000000000002,7.55745932387533,7.5600000000000005,measured_success,202
404,ppo,1000404,530,triprotic,medium,acid,separated,3,5.659,4.732,0.0396158078440497,1,0,1.935,1,0,0,1,0,2,1,0.08275588779323773,4.5,3.87,0.63,4.6492441122067625,4.65,measured_success,202
404,ppo,1000404,531,monoprotic,near,acid,single,1,2.511,2.152,0.08234202847436965,0,0,,0,0,0,1,1,1,0,0.10226176512184093,2.12,2.12,0.0,2.254261765121841,2.25,measured_success,202
404,ppo,1000404,532,triprotic,near,acid,separated,3,5.938,5.594,0.09392245235733257,0,0,,1,1,0,1,0,1,0,0.015866434373804417,1.51,1.51,0.0,5.609866434373805,5.61,measured_success,202
404,ppo,1000404,533,monoprotic,medium,acid,single,1,4.958,3.031,0.042300813112790374,3,1,0.255,1,0,0,1,0,5,3,0.08826429223921606,9.93,5.569999999999999,4.36,2.942735707760784,2.94,measured_success,202
404,ppo,1000404,534,monoprotic,near,acid,single,1,7.535,7.303,0.07902498661611625,0,0,,0,0,0,0,0,50,0,0.13348037180193817,0.5000000000000002,0.5000000000000002,0.0,7.436480371801938,7.44,max_steps,202
404,ppo,1000404,535,monoprotic,medium,acid,single,1,4.262,3.385,0.05137509242680798,4,1,0.155,1,0,0,1,0,5,4,0.05948686723955454,7.25,4.72,2.5300000000000002,3.4444868672395543,3.44,measured_success,202
404,ppo,1000404,536,monoprotic,far,acid,single,1,6.208,2.33,0.10288694144493522,1,0,3.93,1,1,0,1,0,5,1,0.014207862416223627,9.88,7.86,2.02,2.3157921375837764,2.32,measured_success,202
404,ppo,1000404,537,triprotic,medium,acid,separated,3,3.756,2.366,0.06059044762616642,0,0,,1,1,0,1,0,4,0,0.029067867565338634,7.67,7.67,0.0,2.3950678675653387,2.4,measured_success,202
404,ppo,1000404,538,monoprotic,far,base,single,1,3.943,5.987,0.04130920578417385,7,4,0.01,1,1,0,1,0,13,7,0.015830897568129387,11.18,4.48,6.699999999999999,6.0028308975681295,6.0,measured_success,202
404,ppo,1000404,539,triprotic,near,acid,overlapping,3,4.434,4.009,0.0454584444488138,3,2,0.135,1,0,0,1,0,4,3,0.07170345462333216,3.0700000000000003,1.78,1.29,3.937296545376668,3.94,measured_success,202
404,ppo,1000404,540,monoprotic,medium,acid,single,1,6.947,5.226,0.0390274502432388,1,1,2.53,1,0,0,1,0,2,1,0.08961839772565217,7.59,5.06,2.53,5.136381602274348,5.14,measured_success,202
404,ppo,1000404,541,monoprotic,medium,base,single,1,8.671,9.378,0.06510072113793015,2,1,0.04,1,1,0,1,0,8,2,0.018725876201585834,0.31000000000000005,0.08,0.23000000000000007,9.359274123798414,9.36,measured_success,202
404,ppo,1000404,542,monoprotic,near,acid,single,1,5.043,4.785,0.07537943384674926,2,1,0.375,1,0,0,1,0,2,2,0.05432445677968367,2.26,1.51,0.75,4.839324456779684,4.84,measured_success,202
404,ppo,1000404,543,diprotic,medium,acid,separated,2,5.626,4.885,0.0376463659135475,0,0,,1,0,0,1,0,2,0,0.05654738791047187,2.54,2.54,0.0,4.941547387910472,4.94,measured_success,202
404,ppo,1000404,544,monoprotic,medium,acid,single,1,3.894,2.697,0.15588988017408376,0,0,,1,0,0,1,0,10,0,0.06659536824422574,13.229999999999999,13.229999999999999,0.0,2.763595368244226,2.7600000000000002,measured_success,202
404,ppo,1000404,545,monoprotic,medium,acid,single,1,4.204,3.069,0.05035048499221862,3,1,0.315,1,0,0,1,0,5,3,0.061416401375685936,7.459999999999999,5.35,2.11,3.007583598624314,3.0100000000000002,measured_success,202
404,ppo,1000404,546,diprotic,near,acid,separated,2,2.647,2.181,0.0621942073060815,1,0,1.06,1,0,0,1,0,1,1,0.06417698422883955,2.12,2.12,0.0,2.1168230157711605,2.12,measured_success,202
404,ppo,1000404,547,triprotic,medium,base,separated,3,4.915,6.013,0.04538247593287372,5,1,0.035,1,1,0,1,0,9,5,0.049367543106340506,9.870000000000001,4.7700000000000005,5.1000000000000005,6.06236754310634,6.0600000000000005,measured_success,202
404,ppo,1000404,548,diprotic,near,acid,separated,2,2.386,1.774,0.16321056355291225,0,0,,1,0,0,1,0,1,0,0.07983403644187037,3.48,3.48,0.0,1.8538340364418704,1.85,measured_success,202
404,ppo,1000404,549,triprotic,far,base,separated,3,2.932,5.241,0.0710382245493541,0,0,,1,1,0,1,0,5,0,0.031072456917039304,12.64,0.0,12.64,5.20992754308296,5.21,measured_success,202
404,ppo,1000404,550,diprotic,medium,base,separated,2,4.411,5.402,0.13651169614705924,0,0,,1,0,0,1,0,9,0,0.0896030748874237,6.829999999999998,0.0,6.829999999999998,5.312396925112576,5.3100000000000005,measured_success,202
404,ppo,1000404,551,diprotic,near,base,separated,2,5.2,5.896,0.03448725113436293,3,0,0.085,1,0,0,1,0,6,3,0.09304086231764419,4.369999999999999,1.77,2.5999999999999996,5.989040862317644,5.99,measured_success,202
404,ppo,1000404,552,monoprotic,near,acid,single,1,4.065,3.567,0.030297317669919145,2,2,0.155,1,0,0,1,0,4,2,0.06388886363523039,2.7199999999999998,1.66,1.06,3.6308888636352306,3.63,measured_success,202
404,ppo,1000404,553,triprotic,near,acid,separated,3,4.916,4.382,0.09421802884860248,0,0,,1,0,0,1,0,6,0,0.09724552520789942,4.64,4.64,0.0,4.479245525207899,4.48,measured_success,202
404,ppo,1000404,554,diprotic,medium,base,separated,2,3.676,5.234,0.10386284982455227,0,0,,1,0,0,1,0,16,0,0.0725891251312909,15.680000000000005,0.0,15.680000000000005,5.161410874868709,5.16,measured_success,202
404,ppo,1000404,555,monoprotic,medium,acid,single,1,7.359,6.241,0.03913455650909945,5,2,0.085,1,0,0,1,0,7,5,0.08801358800394787,9.29,5.069999999999999,4.22,6.152986411996052,6.15,measured_success,202
404,ppo,1000404,556,monoprotic,medium,base,single,1,7.741,8.813,0.068631601207174,0,0,,1,0,0,1,0,27,0,0.09497658503673101,4.589999999999999,0.0,4.589999999999999,8.71802341496327,8.72,measured_success,202
404,ppo,1000404,557,monoprotic,far,base,single,1,7.657,9.715,0.03954233668093834,5,2,0.04,1,0,0,1,0,8,5,0.08670637879922438,11.559999999999999,5.04,6.52,9.801706378799224,9.8,measured_success,202
404,ppo,1000404,558,diprotic,far,acid,separated,2,6.508,4.286,0.03174455944146702,2,0,0.315,1,0,0,1,0,2,2,0.09745094346007477,5.6899999999999995,5.06,0.63,4.383450943460074,4.38,measured_success,202
404,ppo,1000404,559,triprotic,near,base,separated,3,2.273,2.885,0.10885944184872658,0,0,,1,1,0,1,0,2,0,0.04302136732845874,3.1500000000000004,0.0,3.1500000000000004,2.841978632671541,2.84,measured_success,202
404,ppo,1000404,560,triprotic,far,acid,separated,3,6.967,3.009,0.030610945274122163,1,0,3.93,1,0,0,1,0,4,1,0.08521475824730596,9.34,7.86,1.48,2.923785241752694,2.92,measured_success,202
404,ppo,1000404,561,diprotic,far,acid,separated,2,5.552,3.128,0.09576355672115812,0,0,,1,0,0,1,0,8,0,0.06434439988132379,19.860000000000003,19.860000000000003,0.0,3.192344399881324,3.19,measured_success,202
404,ppo,1000404,562,diprotic,near,base,overlapping,2,3.989,4.535,0.041460090438221936,1,0,0.315,1,1,0,1,0,3,1,0.009765929102146131,3.92,0.0,3.92,4.544765929102146,4.54,measured_success,202
404,ppo,1000404,563,diprotic,medium,acid,separated,2,5.784,3.932,0.15500849618715193,0,0,,1,0,0,1,0,17,0,0.09916570512042222,24.249999999999996,24.249999999999996,0.0,4.031165705120422,4.03,measured_success,202
404,ppo,1000404,564,diprotic,near,base,separated,2,6.493,7.006,0.05280521289344011,2,0,0.315,1,1,0,1,0,2,2,0.0278748808285183,2.75,0.63,2.12,6.978125119171482,6.98,measured_success,202
404,ppo,1000404,565,monoprotic,near,base,single,1,8.499,9.13,0.14839814428790785,0,0,,1,0,0,1,0,34,0,0.08069754515523009,5.659999999999998,0.0,5.659999999999998,9.04930245484477,9.05,measured_success,202
404,ppo,1000404,566,diprotic,far,base,overlapping,2,3.918,7.36,0.14283208040960046,42,26,0.01,0,0,1,0,0,50,42,1.2625529212579432,26.029999999999994,12.719999999999995,13.309999999999997,6.097447078742057,6.1000000000000005,max_steps,202
404,ppo,1000404,567,diprotic,medium,acid,separated,2,6.559,4.873,0.1656129191745099,0,0,,1,0,0,1,0,13,0,0.09182618988376046,17.279999999999998,17.279999999999998,0.0,4.964826189883761,4.96,measured_success,202
404,ppo,1000404,568,triprotic,far,base,separated,3,6.121,8.839,0.10059461823824357,8,5,0.015,1,1,0,1,0,12,8,0.025906473218642034,16.76,7.170000000000001,9.59,8.813093526781358,8.81,measured_success,202
404,ppo,1000404,569,monoprotic,far,base,single,1,1.857,5.351,0.09607979189590864,6,3,0.015,1,1,0,1,0,14,6,0.026476291525001194,18.14,2.9099999999999993,15.23,5.324523708474999,5.32,measured_success,202
404,ppo,1000404,570,triprotic,medium,base,separated,3,7.425,9.282,0.1450982049706884,4,3,0.04,1,1,0,1,0,14,4,0.04693824554373194,12.439999999999998,5.32,7.119999999999998,9.235061754456268,9.24,measured_success,202
404,ppo,1000404,571,diprotic,medium,base,separated,2,3.55,5.506,0.13716343914096535,1,0,0.425,1,0,0,1,0,8,1,0.07817797595045484,11.65,0.59,11.06,5.584177975950455,5.58,measured_success,202
404,ppo,1000404,572,monoprotic,medium,acid,single,1,4.675,3.485,0.04171691090924751,6,3,0.045,1,1,0,1,0,8,6,0.03445923549116481,8.629999999999999,4.85,3.78,3.5194592354911647,3.52,measured_success,202
404,ppo,1000404,573,diprotic,near,base,separated,2,3.549,3.943,0.039125701747786526,3,1,0.155,1,1,0,1,0,4,3,0.026935347012467137,3.2,1.38,1.82,3.969935347012467,3.97,measured_success,202
404,ppo,1000404,574,monoprotic,near,acid,single,1,2.952,2.303,0.16309887894194688,0,0,,1,0,0,1,0,3,0,0.09321073586701711,6.3100000000000005,6.3100000000000005,0.0,2.396210735867017,2.4,measured_success,202
404,ppo,1000404,575,monoprotic,near,base,single,1,3.277,3.692,0.08330424703414994,1,0,0.755,1,0,0,1,0,1,1,0.09874070085264464,1.51,0.0,1.51,3.790740700852645,3.79,measured_success,202
404,ppo,1000404,576,monoprotic,medium,acid,single,1,5.403,4.505,0.15512476787402507,0,0,,1,0,0,1,0,10,0,0.08055099100657781,10.250000000000002,10.250000000000002,0.0,4.585550991006578,4.59,measured_success,202
404,ppo,1000404,577,triprotic,near,acid,separated,3,3.783,3.3,0.17293788873167262,0,0,,1,0,0,1,0,5,0,0.06203120853769306,4.65,4.65,0.0,3.362031208537693,3.36,measured_success,202
404,ppo,1000404,578,monoprotic,far,acid,single,1,6.745,4.582,0.06484582246568205,6,5,0.025,1,0,0,1,0,13,6,0.09370443850760868,12.11,6.68,5.43,4.6757044385076085,4.68,measured_success,202
404,ppo,1000404,579,monoprotic,medium,acid,single,1,7.563,6.729,0.0546870258238574,1,0,0.315,1,0,0,1,0,2,1,0.09410531146808676,2.75,2.75,0.0,6.634894688531913,6.63,measured_success,202
404,ppo,1000404,580,triprotic,medium,base,separated,3,7.242,8.214,0.12667611414134963,3,0,0.315,1,0,0,1,0,13,3,0.090930271047311,6.66,1.99,4.67,8.304930271047311,8.3,measured_success,202
404,ppo,1000404,581,diprotic,medium,base,separated,2,3.122,4.369,0.0687134467254237,2,0,0.315,1,0,0,1,0,3,2,0.07826396980190253,6.73,1.48,5.25,4.290736030198097,4.29,measured_success,202
404,ppo,1000404,582,diprotic,far,acid,separated,2,5.876,2.275,0.11737636817984606,1,0,0.515,1,1,0,1,0,8,1,0.019247646388399264,28.85,28.85,0.0,2.2557523536116006,2.2600000000000002,measured_success,202
404,ppo,1000404,583,monoprotic,near,acid,single,1,7.04,6.807,0.033186820297412815,0,0,,1,0,0,1,0,24,0,0.09243300687169942,0.24000000000000007,0.24000000000000007,0.0,6.8994330068717,6.9,measured_success,202
404,ppo,1000404,584,diprotic,medium,acid,separated,2,6.468,5.245,0.14578348280456746,0,0,,1,0,0,1,0,4,0,0.07591488682509162,7.33,7.33,0.0,5.320914886825092,5.32,measured_success,202
404,ppo,1000404,585,triprotic,near,acid,separated,3,5.997,5.647,0.15439080456840926,0,0,,1,0,0,1,0,4,0,0.06978517078658264,2.7600000000000002,2.7600000000000002,0.0,5.716785170786583,5.72,measured_success,202
404,ppo,1000404,586,monoprotic,medium,base,single,1,4.591,5.885,0.07852254982602636,5,1,0.035,1,0,0,1,0,9,5,0.05039866391506642,10.64,4.690000000000001,5.95,5.935398663915066,5.94,measured_success,202
404,ppo,1000404,587,monoprotic,medium,acid,single,1,6.652,5.074,0.05341170100265684,2,0,0.315,1,1,0,1,0,3,2,0.02096784644839822,5.999999999999999,5.369999999999999,0.63,5.094967846448398,5.09,measured_success,202
404,ppo,1000404,588,triprotic,medium,base,separated,3,6.903,8.615,0.05750898080049998,5,3,0.035,1,1,0,1,0,9,5,0.011228951465293235,12.100000000000001,5.570000000000001,6.53,8.626228951465293,8.63,measured_success,202
404,ppo,1000404,589,monoprotic,medium,base,single,1,6.886,8.178,0.06368928716660646,3,0,0.155,1,1,0,1,0,5,3,0.012882488597476538,7.15,1.81,5.34,8.190882488597477,8.19,measured_success,202
404,ppo,1000404,590,diprotic,medium,acid,separated,2,5.912,4.769,0.05008289509126767,1,0,1.935,1,0,0,1,0,2,1,0.05040336436126758,4.5,3.87,0.63,4.7185966356387326,4.72,measured_success,202
404,ppo,1000404,591,monoprotic,medium,acid,single,1,5.095,4.22,0.14232351277661956,0,0,,1,0,0,1,0,3,0,0.0895532579862861,4.81,4.81,0.0,4.309553257986286,4.3100000000000005,measured_success,202
404,ppo,1000404,592,diprotic,near,acid,separated,2,6.372,5.952,0.09329891180830661,1,0,0.315,1,1,0,1,0,2,1,0.004251991269148547,2.14,2.14,0.0,5.947748008730851,5.95,measured_success,202
404,ppo,1000404,593,monoprotic,near,base,single,1,4.679,5.043,0.15927475480998068,0,0,,1,1,0,1,0,1,0,0.00025955390116916277,1.51,0.0,1.51,5.042740446098831,5.04,measured_success,202
404,ppo,1000404,594,diprotic,medium,base,separated,2,4.897,6.409,0.05831043235186892,0,0,,1,1,0,1,0,1,0,0.02461524537104065,5.25,0.0,5.25,6.384384754628959,6.38,measured_success,202
404,ppo,1000404,595,triprotic,far,base,separated,3,4.78,8.017,0.061575379649207534,5,4,0.07,1,0,0,1,0,10,5,0.09754864432224863,16.12,2.87,13.250000000000002,8.114548644322248,8.11,measured_success,202
404,ppo,1000404,596,monoprotic,near,acid,single,1,3.996,3.694,0.03441549492825963,1,1,0.755,1,1,0,1,0,2,1,0.04041462899990833,2.26,1.51,0.75,3.6535853710000916,3.65,measured_success,202
404,ppo,1000404,597,monoprotic,medium,base,single,1,2.735,3.921,0.07698936342570815,3,0,0.155,1,0,0,1,0,8,3,0.05109676575895561,9.09,3.2199999999999998,5.869999999999999,3.9720967657589554,3.97,measured_success,202
404,ppo,1000404,598,triprotic,near,base,separated,3,3.416,3.692,0.15709837338905597,0,0,,1,0,0,1,0,2,0,0.08872139637897458,2.54,0.0,2.54,3.6032786036210256,3.6,measured_success,202
404,ppo,1000404,599,triprotic,medium,base,separated,3,6.865,8.811,0.12816248382334738,4,1,0.06,1,0,0,1,0,6,4,0.0686596292920214,10.49,1.77,8.72,8.742340370707979,8.74,measured_success,202
404,ppo,1000404,600,monoprotic,medium,acid,single,1,3.322,2.186,0.04811560288703834,1,0,1.935,1,1,0,1,0,1,1,0.03088270603356502,3.87,3.87,0.0,2.155117293966435,2.16,measured_success,202
404,ppo,1000404,601,monoprotic,near,acid,single,1,7.435,7.137,0.03145315725115807,0,0,,1,0,0,1,0,26,0,0.09291549251649034,0.26000000000000006,0.26000000000000006,0.0,7.22991549251649,7.23,measured_success,202
404,ppo,1000404,602,diprotic,medium,acid,separated,2,4.377,2.494,0.13818376371843316,1,0,1.42,1,1,0,1,0,3,1,0.0024136934757090778,8.93,7.8999999999999995,1.03,2.491586306524291,2.49,measured_success,202
404,ppo,1000404,603,triprotic,far,base,separated,3,6.761,10.115,0.08614944674065325,6,2,0.02,1,1,0,1,0,12,6,0.013205648478779253,13.05,5.29,7.76,10.101794351521221,10.1,measured_success,202
404,ppo,1000404,604,triprotic,medium,base,separated,3,6.531,7.31,0.04058065837779671,3,1,0.155,1,0,0,1,0,4,3,0.07790944648246079,3.91,1.48,2.43,7.38790944648246,7.390000000000001,measured_success,202
404,ppo,1000404,605,monoprotic,medium,base,single,1,4.6,6.05,0.03699438419302859,4,1,0.06,1,0,0,1,0,12,4,0.09353256873216598,10.71,4.420000000000001,6.289999999999999,5.956467431267834,5.96,measured_success,202
404,ppo,1000404,606,diprotic,near,base,separated,2,1.935,2.388,0.09108555205603562,1,0,0.515,1,1,0,1,0,2,1,0.010718707452690879,3.1500000000000004,0.0,3.1500000000000004,2.398718707452691,2.4,measured_success,202
404,ppo,1000404,607,triprotic,far,base,separated,3,3.482,6.938,0.06642606521810089,2,0,0.18,1,1,0,1,0,6,2,0.017544353164308468,15.769999999999998,0.36,15.409999999999998,6.920455646835691,6.92,measured_success,202
404,ppo,1000404,608,triprotic,medium,base,separated,3,3.307,5.083,0.0491933797656434,0,0,,1,1,0,1,0,4,0,0.042756868681712135,6.3999999999999995,0.0,6.3999999999999995,5.040243131318288,5.04,measured_success,202
404,ppo,1000404,609,triprotic,medium,acid,overlapping,3,2.609,1.877,0.03498554730375872,0,0,,1,1,0,1,0,2,0,0.041967235490428356,5.28,5.28,0.0,1.9189672354904284,1.92,measured_success,202
404,ppo,1000404,610,triprotic,medium,base,separated,3,6.778,8.664,0.07286726885158047,42,22,0.01,0,0,0,0,0,50,42,0.17766937232864954,13.139999999999993,6.369999999999998,6.769999999999996,8.48633062767135,8.49,max_steps,202
404,ppo,1000404,611,diprotic,medium,acid,separated,2,7.193,5.247,0.04793954315791091,1,0,2.53,1,0,0,1,0,4,1,0.0890329805185317,6.359999999999999,5.06,1.3,5.157967019481468,5.16,measured_success,202
404,ppo,1000404,612,monoprotic,far,acid,single,1,9.364,5.428,0.08304592707097048,0,0,,0,0,1,0,0,50,0,2.5467461871400845,5.400000000000005,5.400000000000005,0.0,7.974746187140084,7.97,max_steps,202
404,ppo,1000404,613,monoprotic,near,base,single,1,5.742,6.268,0.040140058627020796,3,0,0.085,1,1,0,1,0,5,3,0.04681586266402693,4.0600000000000005,1.77,2.29,6.314815862664027,6.3100000000000005,measured_success,202
404,ppo,1000404,614,monoprotic,near,acid,single,1,4.458,4.14,0.037984392478856266,2,1,0.155,1,0,0,1,0,3,2,0.06387257016545167,2.5700000000000003,1.51,1.06,4.203872570165451,4.2,measured_success,202
404,ppo,1000404,615,diprotic,near,base,separated,2,2.466,2.805,0.06961328257823006,1,0,0.755,1,0,0,1,0,1,1,0.08889139857940753,1.51,0.0,1.51,2.8938913985794077,2.89,measured_success,202
404,ppo,1000404,616,diprotic,medium,base,separated,2,2.663,4.08,0.06311938228107837,1,0,2.625,1,1,0,1,0,2,1,0.01342001079807531,6.1,0.85,5.25,4.093420010798075,4.09,measured_success,202
404,ppo,1000404,617,monoprotic,near,base,single,1,7.362,7.953,0.036522426332217674,3,0,0.18,1,0,0,1,0,3,3,0.08619636001680941,3.33,0.85,2.48,8.03919636001681,8.040000000000001,measured_success,202
404,ppo,1000404,618,monoprotic,near,acid,single,1,4.275,3.847,0.0979931299128636,1,0,0.425,1,1,0,1,0,3,1,0.0028444821322124447,3.39,3.39,0.0,3.8441555178677875,3.84,measured_success,202
404,ppo,1000404,619,triprotic,far,base,separated,3,7.356,9.877,0.036009674987983124,7,7,0.015,1,0,0,1,0,13,7,0.07691699733759272,15.77,7.3999999999999995,8.37,9.953916997337593,9.950000000000001,measured_success,202
404,ppo,1000404,620,monoprotic,near,acid,single,1,6.582,5.994,0.08618865758734823,0,0,,1,0,0,1,0,5,0,0.08067720689891367,3.0700000000000003,3.0700000000000003,0.0,6.074677206898913,6.07,measured_success,202
404,ppo,1000404,621,monoprotic,medium,base,single,1,2.433,4.234,0.06366102426715742,4,2,0.105,1,1,0,1,0,5,4,0.031453571613203835,8.26,2.59,5.67,4.202546428386796,4.2,measured_success,202
404,ppo,1000404,622,diprotic,far,base,separated,2,3.643,7.441,0.049139556270144095,2,0,0.315,1,0,0,1,0,5,2,0.0923031833654635,14.739999999999998,1.48,13.259999999999998,7.348696816634536,7.3500000000000005,measured_success,202
404,ppo,1000404,623,monoprotic,medium,base,single,1,5.091,6.951,0.1543677085600401,1,0,0.425,1,0,0,1,0,22,1,0.08832738159277032,11.66,0.6000000000000002,11.06,7.03932738159277,7.04,measured_success,202
404,ppo,1000404,624,triprotic,near,acid,separated,3,8.185,7.833,0.1629675724916745,0,0,,0,0,0,0,0,50,0,0.26956222237704885,0.5000000000000002,0.5000000000000002,0.0,8.102562222377049,8.1,max_steps,202
404,ppo,1000404,625,monoprotic,near,base,single,1,2.018,2.562,0.09219437933624867,0,0,,1,1,0,1,0,4,0,0.03776784386863552,4.63,0.0,4.63,2.5242321561313643,2.52,measured_success,202
404,ppo,1000404,626,monoprotic,medium,acid,single,1,5.465,3.538,0.07641311623898356,1,0,0.79,1,1,0,1,0,3,1,0.03211344895210333,8.559999999999999,8.559999999999999,0.0,3.5058865510478965,3.5100000000000002,measured_success,202
404,ppo,1000404,627,triprotic,medium,acid,separated,3,2.884,2.109,0.054506676137432285,1,0,1.74,1,0,0,1,0,1,1,0.0886938845312546,3.48,3.48,0.0,2.0203061154687454,2.02,measured_success,202
404,ppo,1000404,628,triprotic,medium,base,separated,3,6.879,8.424,0.10722536482339959,2,1,0.085,1,0,0,1,0,4,2,0.07018201621973574,6.21,0.43000000000000005,5.78,8.353817983780264,8.35,measured_success,202
404,ppo,1000404,629,triprotic,near,acid,separated,3,6.393,6.186,0.09508813540361426,0,0,,1,0,0,1,0,35,0,0.09726981191837858,0.35000000000000014,0.35000000000000014,0.0,6.2832698119183785,6.28,measured_success,202
404,ppo,1000404,630,monoprotic,medium,acid,single,1,8.795,7.864,0.04332702215045981,0,0,,0,0,1,0,0,50,0,0.5821776076732066,1.0800000000000007,1.0800000000000007,0.0,8.446177607673206,8.45,max_steps,202
404,ppo,1000404,631,monoprotic,medium,base,single,1,6.05,7.347,0.0910132592232152,0,0,,1,0,0,1,0,12,0,0.08766667349947266,6.6,0.0,6.6,7.259333326500528,7.26,measured_success,202
404,ppo,1000404,632,monoprotic,far,acid,single,1,7.326,4.493,0.16895321402007207,7,1,0.01,1,1,0,1,0,13,6,0.0011745912850500417,18.840000000000003,16.240000000000002,2.6,4.49417459128505,4.49,measured_success,202
404,ppo,1000404,633,monoprotic,near,base,single,1,9.312,9.711,0.037143202064590305,0,0,,1,0,0,1,0,28,0,0.08604430267862817,0.2800000000000001,0.0,0.2800000000000001,9.624955697321372,9.620000000000001,measured_success,202
404,ppo,1000404,634,diprotic,far,acid,separated,2,6.32,2.919,0.1645249484652379,0,0,,1,0,0,1,0,10,0,0.07505534523418111,26.369999999999997,26.369999999999997,0.0,2.994055345234181,2.99,measured_success,202
404,ppo,1000404,635,monoprotic,near,acid,single,1,6.245,5.73,0.15755007292359025,0,0,,1,0,0,1,0,2,0,0.07456036474706806,2.14,2.14,0.0,5.8045603647470685,5.8,measured_success,202
404,ppo,1000404,636,diprotic,medium,base,separated,2,5.55,6.359,0.07612878470771774,0,0,,1,1,0,1,0,3,0,0.04568312689676901,4.6899999999999995,0.0,4.6899999999999995,6.313316873103231,6.3100000000000005,measured_success,202
404,ppo,1000404,637,diprotic,far,base,separated,2,5.966,9.325,0.06436955225585189,45,21,0.01,0,0,0,0,0,50,45,0.28047346637787385,12.359999999999992,3.9899999999999958,8.369999999999996,9.605473466377873,9.61,max_steps,202
404,ppo,1000404,638,monoprotic,near,acid,single,1,4.674,4.446,0.048994403817160276,1,1,0.755,1,1,0,1,0,2,1,0.017210750268883857,2.26,1.51,0.75,4.428789249731116,4.43,measured_success,202
404,ppo,1000404,639,diprotic,medium,acid,separated,2,3.46,2.148,0.05535586113978524,0,0,,1,0,0,1,0,3,0,0.06205308394070519,6.7,6.7,0.0,2.2100530839407053,2.21,measured_success,202
404,ppo,1000404,640,monoprotic,medium,acid,single,1,3.677,2.797,0.035512249456131274,4,3,0.195,1,1,0,1,0,6,4,0.01493418392930801,8.620000000000001,4.8500000000000005,3.77,2.811934183929308,2.81,measured_success,202
404,ppo,1000404,641,monoprotic,far,base,single,1,3.125,5.389,0.1574275211658759,0,0,,0,0,0,1,1,3,0,0.10331192417477641,12.84,0.0,12.84,5.285688075825224,5.29,measured_success,202
404,ppo,1000404,642,diprotic,near,acid,separated,2,4.054,3.697,0.08136806528978609,1,0,0.515,1,1,0,1,0,2,1,0.027120145179479138,2.54,2.54,0.0,3.669879854820521,3.67,measured_success,202
404,ppo,1000404,643,triprotic,near,base,separated,3,3.617,4.041,0.03259801013487776,1,1,0.755,1,1,0,1,0,2,1,0.021143600069830626,2.26,0.75,1.51,4.062143600069831,4.0600000000000005,measured_success,202
404,ppo,1000404,644,triprotic,medium,base,separated,3,3.409,4.358,0.05175955220329084,0,0,,1,1,0,1,0,3,0,0.03973423286433597,4.6899999999999995,0.0,4.6899999999999995,4.318265767135664,4.32,measured_success,202
404,ppo,1000404,645,monoprotic,far,base,single,1,3.346,6.311,0.035182890511061056,45,22,0.01,0,0,1,0,0,50,45,2.6226782257945054,14.749999999999993,6.209999999999996,8.539999999999996,8.933678225794505,8.93,max_steps,202
404,ppo,1000404,646,diprotic,medium,base,separated,2,7.903,9.671,0.16502607645641554,5,1,0.04,1,0,0,1,0,9,5,0.07930710047150313,11.469999999999999,5.08,6.39,9.750307100471503,9.75,measured_success,202
404,ppo,1000404,647,triprotic,near,base,overlapping,3,2.478,3.121,0.15413735155246958,0,0,,1,0,0,1,0,23,0,0.08670374293520267,12.120000000000006,0.0,12.120000000000006,3.0342962570647973,3.0300000000000002,measured_success,202
404,ppo,1000404,648,monoprotic,medium,base,single,1,2.331,3.824,0.045542738938584404,3,1,0.155,1,1,0,1,0,5,3,0.010672015587274153,9.35,2.62,6.7299999999999995,3.834672015587274,3.83,measured_success,202
404,ppo,1000404,649,triprotic,near,acid,separated,3,7.153,6.929,0.05942423086070629,0,0,,1,0,0,1,0,18,0,0.09415792499374653,0.18000000000000002,0.18000000000000002,0.0,7.023157924993747,7.0200000000000005,measured_success,202
404,ppo,1000404,650,diprotic,near,acid,separated,2,4.74,4.052,0.11158342788385754,0,0,,1,1,0,1,0,3,0,0.04754555908446889,3.84,3.84,0.0,4.0995455590844685,4.1,measured_success,202
404,ppo,1000404,651,triprotic,near,base,separated,3,6.83,7.045,0.09274662661462571,0,0,,0,0,0,0,0,50,0,0.15338598117835467,0.5000000000000002,0.0,0.5000000000000002,6.891614018821645,6.890000000000001,max_steps,202
404,ppo,1000404,652,monoprotic,far,base,single,1,6.494,9.355,0.05701031554767094,6,3,0.02,1,1,0,1,0,12,6,0.035460022260654256,16.25,6.8999999999999995,9.35,9.319539977739346,9.32,measured_success,202
404,ppo,1000404,653,monoprotic,near,base,single,1,7.222,7.621,0.0668368514220678,2,0,0.315,1,0,0,1,0,2,2,0.056559928887228494,2.75,0.63,2.12,7.564440071112772,7.5600000000000005,measured_success,202
404,ppo,1000404,654,diprotic,far,acid,separated,2,4.911,2.809,0.04045671962671292,1,0,2.53,1,1,0,1,0,2,1,0.018622201226881963,6.859999999999999,5.06,1.8,2.790377798773118,2.79,measured_success,202
404,ppo,1000404,655,triprotic,far,base,separated,3,5.509,7.624,0.03193358627398661,4,1,0.09,1,0,0,1,0,5,4,0.0872317463050516,8.76,1.03,7.73,7.536768253694948,7.54,measured_success,202
404,ppo,1000404,656,triprotic,medium,acid,separated,3,8.253,7.054,0.031730577554665795,3,1,0.09,1,1,0,1,0,13,3,0.0011028971890088002,3.7800000000000002,2.5700000000000003,1.21,7.0528971028109915,7.05,measured_success,202
404,ppo,1000404,657,triprotic,far,base,separated,3,4.887,7.125,0.041203902648034044,2,0,0.075,1,0,0,1,0,4,2,0.08471614669829819,6.16,0.38,5.78,7.040283853301702,7.04,measured_success,202
404,ppo,1000404,658,diprotic,far,base,separated,2,4.151,7.35,0.0445659769879002,2,0,0.425,1,1,0,1,0,4,2,0.04472312776247378,12.290000000000001,0.85,11.440000000000001,7.305276872237526,7.3100000000000005,measured_success,202
404,ppo,1000404,659,triprotic,far,base,overlapping,3,3.518,6.475,0.09110881408173115,43,3,0.01,0,0,0,0,0,50,43,0.12037091095560903,16.999999999999993,3.8099999999999956,13.189999999999996,6.595370910955609,6.6000000000000005,max_steps,202
404,ppo,1000404,660,monoprotic,near,base,single,1,4.286,4.591,0.1627020121761763,0,0,,1,0,0,1,0,3,0,0.07571548224767799,2.8899999999999997,0.0,2.8899999999999997,4.515284517752322,4.5200000000000005,measured_success,202
404,ppo,1000404,661,triprotic,far,base,separated,3,5.214,8.404,0.037652435329071615,6,2,0.015,1,0,0,1,0,10,6,0.08478835939544993,13.98,4.080000000000001,9.9,8.31921164060455,8.32,measured_success,202
404,ppo,1000404,662,triprotic,far,base,separated,3,5.147,8.974,0.061359535629137034,8,6,0.01,1,0,0,1,0,10,8,0.07639218827746319,12.399999999999999,2.9899999999999998,9.409999999999998,8.897607811722537,8.9,measured_success,202
404,ppo,1000404,663,triprotic,medium,base,separated,3,5.278,7.01,0.033333273743766115,4,1,0.06,1,0,0,1,0,12,4,0.09712649414799834,10.98,4.390000000000001,6.589999999999999,6.912873505852001,6.91,measured_success,202
404,ppo,1000404,664,monoprotic,near,acid,single,1,2.966,2.431,0.06999377288175629,2,0,0.515,1,1,0,1,0,2,2,0.04784204996979469,4.51,3.48,1.03,2.4788420499697947,2.48,measured_success,202
404,ppo,1000404,665,triprotic,near,acid,separated,3,4.427,4.015,0.08579107140100249,0,0,,1,1,0,1,0,2,0,0.04182002300919496,2.36,2.36,0.0,4.056820023009195,4.0600000000000005,measured_success,202
404,ppo,1000404,666,diprotic,medium,base,separated,2,7.194,8.033,0.038694346944906186,3,2,0.09,1,1,0,1,0,6,3,0.02718330577974548,4.24,1.9400000000000002,2.3000000000000003,8.060183305779745,8.06,measured_success,202
404,ppo,1000404,667,diprotic,medium,base,separated,2,6.745,7.56,0.13721332796722435,0,0,,1,0,0,1,0,2,0,0.07115700286493887,3.42,0.0,3.42,7.488842997135061,7.49,measured_success,202
404,ppo,1000404,668,diprotic,medium,acid,separated,2,4.024,2.746,0.06200974032568019,0,0,,1,0,0,1,0,3,0,0.0924605943118979,6.7,6.7,0.0,2.838460594311898,2.84,measured_success,202
404,ppo,1000404,669,monoprotic,near,acid,single,1,7.919,7.435,0.13762038016462305,0,0,,0,0,0,0,0,50,0,0.30463102437387324,0.5000000000000002,0.5000000000000002,0.0,7.739631024373873,7.74,max_steps,202
404,ppo,1000404,670,monoprotic,medium,acid,single,1,4.468,2.756,0.10990421970088626,1,0,2.53,1,0,0,1,0,2,1,0.05176956983341574,6.859999999999999,5.06,1.8,2.704230430166584,2.7,measured_success,202
404,ppo,1000404,671,monoprotic,medium,acid,single,1,9.56,7.98,0.032412331711140455,0,0,,0,0,1,0,0,50,0,0.7390769195357443,1.500000000000001,1.500000000000001,0.0,8.719076919535745,8.72,max_steps,202
404,ppo,1000404,672,triprotic,far,base,separated,3,2.593,5.77,0.03901599198022914,4,3,0.06,1,1,0,1,0,10,4,0.04259857463558525,12.71,2.54,10.17,5.727401425364414,5.73,measured_success,202
404,ppo,1000404,673,diprotic,medium,acid,separated,2,4.61,3.354,0.035901512935510395,4,2,0.155,1,1,0,1,0,6,4,0.027277069050470892,8.98,5.29,3.69,3.381277069050471,3.38,measured_success,202
404,ppo,1000404,674,monoprotic,medium,base,single,1,3.523,4.917,0.04731969097203689,2,1,1.31,0,0,0,1,1,3,2,0.10049429709036772,8.5,2.62,5.88,4.816505702909632,4.82,measured_success,202
404,ppo,1000404,675,monoprotic,far,acid,single,1,8.332,4.527,0.08468368674032913,42,6,0.01,0,0,0,0,0,50,42,0.12966094658521587,15.82999999999999,12.919999999999993,2.909999999999996,4.656660946585216,4.66,max_steps,202
404,ppo,1000404,676,diprotic,near,base,separated,2,3.637,4.06,0.06954232456804212,0,0,,1,0,0,1,0,4,0,0.07241797340655598,3.21,0.0,3.21,3.9875820265934436,3.99,measured_success,202
404,ppo,1000404,677,diprotic,medium,base,separated,2,3.093,3.836,0.07997449926461324,1,0,0.515,1,1,0,1,0,2,1,0.045196756311295605,3.29,0.0,3.29,3.8811967563112955,3.88,measured_success,202
404,ppo,1000404,678,triprotic,medium,base,separated,3,2.832,3.965,0.12033685009068981,0,0,,1,1,0,1,0,5,0,0.037751647820734036,8.25,0.0,8.25,3.927248352179266,3.93,measured_success,202
404,ppo,1000404,679,triprotic,medium,acid,separated,3,4.013,2.775,0.12583256292434478,0,0,,1,0,0,1,0,9,0,0.08446358282173394,15.620000000000001,15.620000000000001,0.0,2.859463582821734,2.86,measured_success,202
404,ppo,1000404,680,triprotic,medium,acid,separated,3,5.323,4.216,0.14711745260717982,0,0,,1,0,0,1,0,14,0,0.07608093707762453,14.330000000000005,14.330000000000005,0.0,4.292080937077625,4.29,measured_success,202
404,ppo,1000404,681,diprotic,medium,base,separated,2,5.721,6.606,0.16381348608331128,0,0,,1,0,0,1,0,21,0,0.08723809072150068,10.419999999999998,0.0,10.419999999999998,6.518761909278499,6.5200000000000005,measured_success,202
404,ppo,1000404,682,diprotic,far,base,overlapping,2,5.487,7.554,0.14770914744201516,6,5,0.025,1,1,0,1,0,8,6,0.02698163985908586,10.66,4.430000000000001,6.23,7.527018360140914,7.53,measured_success,202
404,ppo,1000404,683,monoprotic,medium,acid,single,1,4.556,3.452,0.07319834996745503,1,0,1.935,1,1,0,1,0,1,1,0.04339369404573734,3.87,3.87,0.0,3.4086063059542626,3.41,measured_success,202
404,ppo,1000404,684,triprotic,medium,acid,separated,3,2.911,1.602,0.1111340112061404,0,0,,1,0,0,1,0,2,0,0.07509019865360167,7.17,7.17,0.0,1.6770901986536018,1.68,measured_success,202
404,ppo,1000404,685,monoprotic,medium,base,single,1,7.595,8.352,0.11626395825856514,0,0,,1,1,0,1,0,5,0,0.044601227601749116,5.12,0.0,5.12,8.307398772398251,8.31,measured_success,202
404,ppo,1000404,686,diprotic,far,base,separated,2,4.17,7.747,0.06925372632745173,46,3,0.01,0,0,0,0,0,50,46,0.20749538298707648,15.399999999999991,3.4499999999999953,11.949999999999996,7.539504617012923,7.54,max_steps,202
404,ppo,1000404,687,triprotic,far,base,separated,3,3.157,6.798,0.03700905008488898,3,2,0.085,1,0,0,1,0,8,3,0.050892661477268675,15.200000000000001,1.56,13.64,6.848892661477269,6.8500000000000005,measured_success,202
404,ppo,1000404,688,triprotic,medium,acid,separated,3,3.653,2.483,0.17062993866044093,0,0,,1,0,0,1,0,13,0,0.06042304253353725,19.540000000000003,19.540000000000003,0.0,2.5434230425335373,2.54,measured_success,202
404,ppo,1000404,689,monoprotic,near,acid,single,1,6.036,5.766,0.07996179220380542,0,0,,1,0,0,1,0,41,0,0.09665875210105135,0.4100000000000002,0.4100000000000002,0.0,5.862658752101051,5.86,measured_success,202
404,ppo,1000404,690,diprotic,far,acid,separated,2,3.62,1.542,0.03216818953127531,0,0,,1,0,0,1,0,3,0,0.07293689857811869,7.89,7.89,0.0,1.6149368985781187,1.61,measured_success,202
404,ppo,1000404,691,diprotic,medium,base,separated,2,5.837,6.95,0.044757386247827206,4,0,0.06,1,0,0,1,0,9,4,0.0921188522376104,8.11,3.41,4.699999999999999,6.85788114776239,6.86,measured_success,202
404,ppo,1000404,692,monoprotic,near,base,single,1,6.372,6.823,0.16274660399098384,0,0,,1,1,0,1,0,2,0,0.00021935604686440513,2.75,0.0,2.75,6.822780643953136,6.82,measured_success,202
404,ppo,1000404,693,monoprotic,near,acid,single,1,7.786,7.293,0.05488085435245147,0,0,,0,0,0,0,0,50,0,0.3662284739196826,0.5000000000000002,0.5000000000000002,0.0,7.659228473919683,7.66,max_steps,202
404,ppo,1000404,694,triprotic,near,acid,separated,3,2.998,2.79,0.045383847224174,1,1,0.755,1,0,0,1,0,2,1,0.059524428773136684,2.26,1.51,0.75,2.7304755712268634,2.73,measured_success,202
404,ppo,1000404,695,diprotic,medium,base,separated,2,2.644,3.743,0.03719613446582223,2,1,0.155,1,1,0,1,0,4,2,0.031541608035159374,4.11,0.8200000000000001,3.29,3.7114583919648405,3.71,measured_success,202
404,ppo,1000404,696,diprotic,near,acid,separated,2,3.252,2.664,0.04910367152018907,1,0,1.74,1,0,0,1,0,2,1,0.06124541371636605,4.51,3.48,1.03,2.602754586283634,2.6,measured_success,202
404,ppo,1000404,697,monoprotic,medium,base,single,1,4.862,6.734,0.17695493806897947,2,0,0.18,1,1,0,1,0,7,2,0.040125269940082475,12.15,1.77,10.38,6.6938747300599175,6.69,measured_success,202
404,ppo,1000404,698,triprotic,far,base,separated,3,4.95,8.021,0.15488091825881553,40,24,0.01,0,0,1,0,0,50,40,0.5511694762767974,16.109999999999992,7.159999999999998,8.949999999999996,7.469830523723203,7.47,max_steps,202
404,ppo,1000404,699,diprotic,medium,acid,separated,2,7.463,5.495,0.05294612649310055,3,0,0.425,1,0,0,1,0,4,3,0.05710713529451805,8.07,5.909999999999999,2.16,5.437892864705482,5.44,measured_success,202
404,ppo,1000404,700,diprotic,medium,acid,overlapping,2,4.674,2.693,0.044997751442696174,2,0,0.315,1,1,0,1,0,4,2,0.02468631756923534,9.64,9.01,0.63,2.7176863175692354,2.72,measured_success,202
404,ppo,1000404,701,diprotic,far,base,separated,2,2.413,5.096,0.034834219992679424,4,2,0.06,1,1,0,1,0,9,4,0.00958186112905679,9.35,1.33,8.02,5.086418138870943,5.09,measured_success,202
404,ppo,1000404,702,diprotic,far,base,separated,2,6.878,10.663,0.15574250043628973,2,0,0.085,1,0,0,1,0,6,2,0.07619954004006857,12.759999999999998,4.56,8.2,10.586800459959932,10.59,measured_success,202
404,ppo,1000404,703,triprotic,far,base,overlapping,3,5.57,9.358,0.05227640199856807,43,22,0.01,0,0,0,0,0,50,43,0.10938998528479615,19.83999999999999,9.539999999999997,10.299999999999994,9.467389985284797,9.47,max_steps,202
404,ppo,1000404,704,monoprotic,medium,acid,single,1,8.785,7.455,0.1527373712189197,0,0,,0,0,1,0,0,50,0,1.1452225411909627,1.500000000000001,1.500000000000001,0.0,8.600222541190963,8.6,max_steps,202
404,ppo,1000404,705,diprotic,near,acid,separated,2,6.953,6.592,0.07338819500187176,0,0,,0,0,0,0,0,50,0,0.14245319163511905,0.5000000000000002,0.5000000000000002,0.0,6.734453191635119,6.73,max_steps,202
404,ppo,1000404,706,triprotic,medium,acid,separated,3,3.963,2.601,0.1338225259116896,0,0,,1,0,0,1,0,6,0,0.05703709973840265,10.1,10.1,0.0,2.6580370997384026,2.66,measured_success,202
404,ppo,1000404,707,triprotic,medium,acid,separated,3,4.895,3.831,0.036316386932205166,2,0,0.9,1,0,0,1,0,2,2,0.0973158850628022,5.67,3.87,1.8,3.928315885062802,3.93,measured_success,202
404,ppo,1000404,708,triprotic,near,base,separated,3,2.831,3.094,0.07320431610367636,1,0,0.755,1,1,0,1,0,1,1,0.0012261327944700362,1.51,0.0,1.51,3.09522613279447,3.1,measured_success,202
404,ppo,1000404,709,diprotic,medium,base,separated,2,4.709,5.609,0.05601748950824612,2,0,0.425,1,1,0,1,0,2,2,0.04356693299121517,3.11,0.85,2.26,5.565433067008785,5.57,measured_success,202
404,ppo,1000404,710,monoprotic,medium,acid,single,1,4.482,3.41,0.062012696233994,3,2,0.225,1,1,0,1,0,4,3,0.00657881849632691,7.0200000000000005,6.12,0.9,3.4034211815036732,3.4,measured_success,202
404,ppo,1000404,711,triprotic,medium,acid,separated,3,4.383,3.292,0.08690158852189392,0,0,,1,1,0,1,0,3,0,0.019820656277009796,6.7,6.7,0.0,3.3118206562770096,3.31,measured_success,202
404,ppo,1000404,712,triprotic,near,acid,separated,3,5.972,5.485,0.12831117842574266,0,0,,1,0,0,1,0,5,0,0.08383221279936759,3.79,3.79,0.0,5.568832212799368,5.57,measured_success,202
404,ppo,1000404,713,triprotic,medium,base,separated,3,4.872,6.28,0.032391752777802874,2,0,0.155,1,1,0,1,0,4,2,0.015631835841046104,7.04,1.79,5.25,6.264368164158954,6.26,measured_success,202
404,ppo,1000404,714,triprotic,far,base,separated,3,2.208,4.519,0.06356445933215353,0,0,,1,0,0,1,0,5,0,0.08793328835833236,11.059999999999999,0.0,11.059999999999999,4.431066711641668,4.43,measured_success,202
404,ppo,1000404,715,diprotic,medium,base,separated,2,4.121,4.996,0.03161302023194511,2,1,0.425,1,1,0,1,0,3,2,0.025073730813398143,3.53,0.85,2.6799999999999997,4.970926269186602,4.97,measured_success,202
404,ppo,1000404,716,monoprotic,far,base,single,1,8.309,11.585,0.13170876462978207,1,0,3.24,1,0,0,1,0,9,1,0.06225148951196857,8.29,1.8099999999999996,6.48,11.64725148951197,11.65,measured_success,202
404,ppo,1000404,717,triprotic,near,acid,separated,3,2.551,2.097,0.10446231993320848,1,0,0.515,1,1,0,1,0,2,1,0.00691430756766076,3.1500000000000004,3.1500000000000004,0.0,2.090085692432339,2.09,measured_success,202
404,ppo,1000404,718,monoprotic,medium,acid,single,1,5.147,4.387,0.04398308377086084,1,0,1.06,1,0,0,1,0,1,1,0.06740621373434319,2.12,2.12,0.0,4.319593786265656,4.32,measured_success,202
404,ppo,1000404,719,diprotic,near,acid,overlapping,2,4.086,3.39,0.10955008191832899,0,0,,1,0,0,1,0,11,0,0.08883645206408053,10.200000000000003,10.200000000000003,0.0,3.4788364520640807,3.48,measured_success,202
404,ppo,1000404,720,diprotic,medium,base,overlapping,2,4.437,5.813,0.15078947934497774,4,2,0.075,1,0,0,1,0,7,4,0.06517049797821972,10.08,2.77,7.31,5.74782950202178,5.75,measured_success,202
404,ppo,1000404,721,monoprotic,far,base,single,1,8.095,11.541,0.15995391727267622,1,0,0.265,1,1,0,1,0,2,1,0.048704868760161446,7.010000000000001,0.0,7.010000000000001,11.589704868760162,11.59,measured_success,202
404,ppo,1000404,722,monoprotic,near,base,single,1,5.325,5.632,0.07773415502197338,2,0,0.515,1,0,0,1,0,2,2,0.058459513636094584,3.1500000000000004,1.03,2.12,5.573540486363905,5.57,measured_success,202
404,ppo,1000404,723,diprotic,medium,base,overlapping,2,3.724,4.566,0.07985651065199731,0,0,,1,0,0,1,0,10,0,0.0983762789667546,7.139999999999998,0.0,7.139999999999998,4.467623721033245,4.47,measured_success,202
404,ppo,1000404,724,triprotic,medium,base,overlapping,3,3.421,5.287,0.10661062948389159,6,5,0.015,1,1,0,1,0,13,6,0.03229671357797148,9.549999999999999,3.7399999999999998,5.809999999999999,5.254703286422028,5.25,measured_success,202
404,ppo,1000404,725,triprotic,medium,base,separated,3,4.274,5.173,0.038243704602645034,2,0,0.425,1,1,0,1,0,2,2,0.02423242489489752,3.11,0.85,2.26,5.1487675751051025,5.15,measured_success,202
404,ppo,1000404,726,diprotic,far,base,separated,2,4.173,8.152,0.16780568720712696,6,3,0.015,1,1,0,1,0,15,6,0.004906101218876913,28.17,6.040000000000001,22.13,8.147093898781122,8.15,measured_success,202
404,ppo,1000404,727,diprotic,near,base,separated,2,3.959,4.314,0.04203900801775735,2,1,0.375,1,0,0,1,0,2,2,0.09259279072968063,2.26,0.75,1.51,4.221407209270319,4.22,measured_success,202
404,ppo,1000404,728,monoprotic,medium,acid,single,1,6.57,4.662,0.054747346079511434,6,7,0.035,1,0,0,1,0,15,6,0.07736037235715099,13.29,7.63,5.66,4.739360372357151,4.74,measured_success,202
404,ppo,1000404,729,triprotic,far,acid,separated,3,5.695,2.782,0.03717302522390578,2,0,0.155,1,1,0,1,0,3,2,0.003300865544249909,7.01,6.7,0.31,2.78530086554425,2.79,measured_success,202
404,ppo,1000404,730,diprotic,near,base,separated,2,3.57,4.167,0.0369380721112225,2,0,0.425,1,1,0,1,0,2,2,0.049230064348577685,3.11,0.85,2.26,4.117769935651422,4.12,measured_success,202
404,ppo,1000404,731,diprotic,medium,base,separated,2,5.328,6.276,0.10625714481279783,0,0,,1,0,0,1,0,3,0,0.07968628749051554,4.6899999999999995,0.0,4.6899999999999995,6.196313712509484,6.2,measured_success,202
404,ppo,1000404,732,diprotic,far,acid,separated,2,4.824,2.626,0.10342140806652855,3,2,0.24,1,1,0,1,0,5,3,0.016753915929526908,12.77,11.81,0.96,2.609246084070473,2.61,measured_success,202
404,ppo,1000404,733,monoprotic,medium,base,single,1,8.298,9.073,0.03185067800227332,2,1,0.04,1,1,0,1,0,7,2,0.025094496127763932,0.30000000000000004,0.08,0.22000000000000006,9.047905503872236,9.05,measured_success,202
404,ppo,1000404,734,diprotic,far,base,overlapping,2,4.513,7.147,0.033460510527548865,9,6,0.01,1,0,0,1,0,11,9,0.06209899501073224,13.560000000000002,4.8100000000000005,8.750000000000002,7.2090989950107325,7.21,measured_success,202
404,ppo,1000404,735,diprotic,near,base,separated,2,3.676,4.159,0.13079325634831349,0,0,,1,0,0,1,0,9,0,0.08033716361320575,4.759999999999999,0.0,4.759999999999999,4.078662836386794,4.08,measured_success,202
404,ppo,1000404,736,monoprotic,medium,base,single,1,2.146,3.226,0.1090998860271433,1,0,0.425,1,0,0,1,0,4,1,0.05885100442221347,5.72,0.0,5.72,3.2848510044222134,3.2800000000000002,measured_success,202
404,ppo,1000404,737,monoprotic,near,acid,single,1,8.334,7.726,0.11919801536198879,0,0,,0,0,1,0,0,50,0,0.5155112191335887,0.5000000000000002,0.5000000000000002,0.0,8.241511219133589,8.24,max_steps,202
404,ppo,1000404,738,triprotic,medium,base,separated,3,5.762,7.383,0.039759728797440524,4,2,0.075,1,0,0,1,0,6,4,0.05855962555786309,9.32,2.77,6.55,7.324440374442137,7.32,measured_success,202
404,ppo,1000404,739,monoprotic,near,base,single,1,8.223,8.584,0.035812194507925485,0,0,,1,0,0,1,0,30,0,0.09759414618230977,0.3000000000000001,0.0,0.3000000000000001,8.48640585381769,8.49,measured_success,202
404,ppo,1000404,740,triprotic,medium,acid,separated,3,6.093,4.205,0.04198182433551287,1,0,0.155,1,1,0,1,0,3,1,0.015145253539897041,5.999999999999999,5.999999999999999,0.0,4.189854746460103,4.19,measured_success,202
404,ppo,1000404,741,triprotic,far,acid,separated,3,7.728,4.872,0.08182310202857696,1,0,0.9,1,0,0,1,0,5,1,0.05049931955599973,10.56,10.56,0.0,4.821500680444,4.82,measured_success,202
404,ppo,1000404,742,diprotic,near,acid,separated,2,3.94,3.484,0.04691905907706552,1,1,0.515,1,1,0,1,0,3,2,0.0006924657897400266,3.05,2.54,0.51,3.48469246578974,3.48,measured_success,202
404,ppo,1000404,743,monoprotic,medium,base,single,1,6.843,8.391,0.060042123740885446,4,3,0.075,1,0,0,1,0,7,4,0.05255186519491595,9.39,2.77,6.62,8.338448134805084,8.34,measured_success,202
404,ppo,1000404,744,monoprotic,near,acid,single,1,2.362,1.905,0.09118705012290775,2,0,0.515,1,1,0,1,0,2,2,0.04158522822868238,4.51,3.48,1.03,1.9465852282286824,1.95,measured_success,202
404,ppo,1000404,745,triprotic,far,acid,separated,3,6.957,4.705,0.03899765592719537,1,0,2.53,1,1,0,1,0,1,1,0.02696678292720911,5.06,5.06,0.0,4.678033217072791,4.68,measured_success,202
404,ppo,1000404,746,monoprotic,medium,acid,single,1,8.676,6.727,0.05438858439675364,0,0,,0,0,1,0,0,50,0,1.4190781627784084,1.500000000000001,1.500000000000001,0.0,8.146078162778409,8.15,max_steps,202
404,ppo,1000404,747,diprotic,medium,base,separated,2,4.845,6.06,0.14001672734262388,0,0,,1,0,0,1,0,20,0,0.08864765823491094,9.36,0.0,9.36,5.971352341765089,5.97,measured_success,202
404,ppo,1000404,748,diprotic,near,base,separated,2,7.017,7.357,0.03561928983365495,1,0,1.06,1,1,0,1,0,4,1,0.0017064650286107153,3.61,1.48,2.13,7.358706465028611,7.36,measured_success,202
404,ppo,1000404,749,monoprotic,medium,acid,single,1,3.313,2.241,0.05657362710699511,3,1,0.21,1,1,0,1,0,4,3,0.019071927785907494,6.17,4.29,1.88,2.2219280722140926,2.22,measured_success,202
404,ppo,1000404,750,monoprotic,medium,acid,single,1,8.675,6.944,0.10275346114747391,0,0,,0,0,1,0,0,50,0,1.3590765127666655,1.500000000000001,1.500000000000001,0.0,8.303076512766665,8.3,max_steps,202
404,ppo,1000404,751,diprotic,near,base,overlapping,2,3.561,3.923,0.030825391221248527,0,0,,1,1,0,1,0,1,0,0.04397578677153646,1.51,0.0,1.51,3.8790242132284636,3.88,measured_success,202
404,ppo,1000404,752,diprotic,far,base,separated,2,4.693,8.183,0.03150629233152048,41,22,0.01,0,0,1,0,0,50,41,0.6320418260077147,19.40999999999999,8.449999999999994,10.959999999999996,8.815041826007715,8.82,max_steps,202
404,ppo,1000404,753,monoprotic,medium,acid,single,1,7.156,5.186,0.05066760140199412,4,1,0.18,1,0,0,1,0,6,4,0.050452906059232916,11.940000000000001,6.68,5.260000000000001,5.236452906059233,5.24,measured_success,202
404,ppo,1000404,754,monoprotic,medium,acid,single,1,4.75,3.797,0.08391458452976895,0,0,,1,0,0,1,0,1,0,0.08405915244593265,3.87,3.87,0.0,3.881059152445933,3.88,measured_success,202
404,ppo,1000404,755,diprotic,near,acid,separated,2,3.641,3.22,0.11632521581597349,0,0,,1,0,0,1,0,3,0,0.059154935265547604,3.39,3.39,0.0,3.279154935265548,3.2800000000000002,measured_success,202
404,ppo,1000404,756,triprotic,near,acid,separated,3,3.332,2.692,0.12239246728857225,0,0,,1,1,0,1,0,2,0,0.009612898795393399,4.51,4.51,0.0,2.7016128987953936,2.7,measured_success,202
404,ppo,1000404,757,monoprotic,near,acid,single,1,2.438,2.02,0.13540257746086443,0,0,,1,1,0,1,0,3,0,0.043986817528349764,4.0,4.0,0.0,2.06398681752835,2.06,measured_success,202
404,ppo,1000404,758,monoprotic,medium,base,single,1,5.148,6.481,0.08269343426026414,1,0,0.155,1,0,0,1,0,5,1,0.06796469091960589,6.76,0.0,6.76,6.548964690919606,6.55,measured_success,202
404,ppo,1000404,759,monoprotic,far,base,single,1,6.866,9.224,0.1502983256160354,0,0,,1,1,0,1,0,25,0,0.04455650928992583,18.67000000000002,0.0,18.67000000000002,9.179443490710074,9.18,measured_success,202
404,ppo,1000404,760,monoprotic,far,acid,single,1,7.141,4.028,0.030871289516458025,7,6,0.045,0,0,0,1,1,13,7,0.10296149569701463,22.48,12.520000000000001,9.959999999999999,3.925038504302985,3.93,measured_success,202
404,ppo,1000404,761,diprotic,far,base,separated,2,2.494,5.984,0.08280981824929524,2,0,0.18,1,0,0,1,0,6,2,0.05252666769650105,19.970000000000002,0.36,19.610000000000003,5.931473332303499,5.93,measured_success,202
404,ppo,1000404,762,monoprotic,medium,base,single,1,6.98,8.702,0.057238206278131115,4,1,0.075,1,1,0,1,0,6,4,0.008417603309974098,8.92,1.95,6.97,8.693582396690026,8.69,measured_success,202
404,ppo,1000404,763,monoprotic,far,acid,single,1,6.44,4.331,0.10530108661752187,1,0,2.53,1,1,0,1,0,2,1,0.0064332277824386,6.859999999999999,5.06,1.8,4.324566772217562,4.32,measured_success,202
404,ppo,1000404,764,diprotic,far,base,separated,2,4.389,7.418,0.04735016295244623,2,1,0.71,1,0,0,1,0,4,2,0.061894646070805415,11.370000000000001,1.42,9.950000000000001,7.356105353929195,7.36,measured_success,202
404,ppo,1000404,765,diprotic,near,acid,separated,2,5.217,4.904,0.0379741621725388,1,1,0.755,1,0,0,1,0,2,1,0.053021446719926146,2.26,1.51,0.75,4.850978553280074,4.8500000000000005,measured_success,202
404,ppo,1000404,766,diprotic,medium,acid,separated,2,6.565,5.669,0.09150367893877345,0,0,,1,0,0,1,0,4,0,0.08576103184135864,5.36,5.36,0.0,5.754761031841358,5.75,measured_success,202
404,ppo,1000404,767,diprotic,medium,base,separated,2,5.826,7.14,0.11762113012414116,4,1,0.075,1,0,0,1,0,10,4,0.07651965976050601,10.55,4.890000000000001,5.66,7.063480340239494,7.0600000000000005,measured_success,202
404,ppo,1000404,768,diprotic,medium,base,separated,2,4.362,5.719,0.10029113208660534,0,0,,1,0,0,1,0,9,0,0.0947993206415303,11.580000000000002,0.0,11.580000000000002,5.62420067935847,5.62,measured_success,202
404,ppo,1000404,769,diprotic,medium,acid,separated,2,4.587,3.78,0.11418758651750403,1,0,0.515,1,1,0,1,0,3,1,0.015562566443403814,6.7,6.7,0.0,3.764437433556596,3.7600000000000002,measured_success,202
404,ppo,1000404,770,triprotic,medium,acid,separated,3,3.192,2.358,0.13241521552090915,0,0,,1,0,0,1,0,4,0,0.09608714385987716,8.01,8.01,0.0,2.4540871438598773,2.45,measured_success,202
404,ppo,1000404,771,triprotic,medium,base,separated,3,6.541,7.754,0.1261369635963673,3,0,0.155,1,1,0,1,0,7,3,0.007487143026940757,8.209999999999999,3.23,4.9799999999999995,7.76148714302694,7.76,measured_success,202
404,ppo,1000404,772,diprotic,medium,base,separated,2,4.727,5.879,0.03088535090053236,1,0,2.02,1,1,0,1,0,2,1,0.002434325681539562,5.84,1.8,4.04,5.881434325681539,5.88,measured_success,202
404,ppo,1000404,773,monoprotic,far,base,single,1,3.16,5.406,0.03480560298643808,43,7,0.01,0,0,0,0,0,50,43,0.4437213869891883,11.309999999999992,5.2899999999999965,6.019999999999996,5.849721386989188,5.8500000000000005,max_steps,202
404,ppo,1000404,774,monoprotic,far,acid,single,1,7.834,4.04,0.046846583421986346,7,7,0.025,1,1,0,1,0,11,7,0.0437504929064465,21.75,12.060000000000002,9.69,3.9962495070935535,4.0,measured_success,202
404,ppo,1000404,775,monoprotic,medium,base,single,1,7.819,8.778,0.16352080192361979,0,0,,1,1,0,1,0,24,0,0.04991868843907987,4.079999999999999,0.0,4.079999999999999,8.72808131156092,8.73,measured_success,202
404,ppo,1000404,776,triprotic,medium,base,separated,3,2.282,3.035,0.14736590482400896,0,0,,1,0,0,1,0,16,0,0.0998091594970445,10.180000000000003,0.0,10.180000000000003,2.9351908405029556,2.94,measured_success,202
404,ppo,1000404,777,triprotic,medium,base,separated,3,7.594,8.684,0.04211633146300924,3,1,0.085,1,0,0,1,0,11,3,0.057297649555993146,9.92,4.72,5.2,8.741297649555992,8.74,measured_success,202
404,ppo,1000404,778,diprotic,medium,acid,separated,2,6.077,4.277,0.03584457026847495,1,0,2.53,1,1,0,1,0,2,1,0.03178076150943365,5.6899999999999995,5.06,0.63,4.2452192384905665,4.25,measured_success,202
404,ppo,1000404,779,monoprotic,medium,acid,single,1,5.634,3.856,0.07923087387641442,0,0,,1,0,0,1,0,2,0,0.058367837377467424,5.6899999999999995,5.6899999999999995,0.0,3.9143678373774673,3.91,measured_success,202
404,ppo,1000404,780,diprotic,medium,acid,separated,2,4.473,3.667,0.04182398104563934,2,1,0.425,1,0,0,1,0,4,2,0.0669893519573872,6.9399999999999995,4.29,2.65,3.733989351957387,3.73,measured_success,202
404,ppo,1000404,781,monoprotic,far,acid,single,1,6.242,2.997,0.0709027587934573,3,1,0.075,1,0,0,1,0,7,3,0.07327958532285539,10.57,8.01,2.56,2.9237204146771445,2.92,measured_success,202
404,ppo,1000404,782,diprotic,near,acid,separated,2,4.59,4.007,0.10754259996611118,0,0,,1,0,0,1,0,2,0,0.06822926261897244,2.54,2.54,0.0,4.075229262618972,4.08,measured_success,202
404,ppo,1000404,783,monoprotic,medium,base,single,1,7.57,8.636,0.11419311029031232,3,0,0.315,1,1,0,1,0,5,3,0.029481005301491336,7.96,3.29,4.67,8.66548100530149,8.67,measured_success,202
404,ppo,1000404,784,monoprotic,medium,acid,single,1,4.591,2.754,0.09930876508538283,4,4,0.12,1,0,0,1,0,6,4,0.07174096359849669,9.139999999999999,7.9399999999999995,1.2,2.8257409635984967,2.83,measured_success,202
404,ppo,1000404,785,monoprotic,medium,base,single,1,6.006,6.903,0.1119161199108363,1,0,0.315,1,1,0,1,0,3,1,0.02097812375465491,4.05,0.0,4.05,6.9239781237546545,6.92,measured_success,202
404,ppo,1000404,786,triprotic,near,base,separated,3,6.676,6.891,0.07469107811992748,0,0,,1,0,0,1,0,38,0,0.09293729896250902,0.38000000000000017,0.0,0.38000000000000017,6.798062701037491,6.8,measured_success,202
404,ppo,1000404,787,monoprotic,near,acid,single,1,6.21,5.835,0.06822199770003376,2,1,0.375,1,1,0,1,0,2,2,0.020626380061929517,2.26,1.51,0.75,5.8556263800619295,5.86,measured_success,202
404,ppo,1000404,788,diprotic,medium,base,separated,2,5.282,6.777,0.09050422384660925,1,0,0.425,1,1,0,1,0,4,1,0.043867549084677826,8.58,0.36,8.22,6.820867549084678,6.82,measured_success,202
404,ppo,1000404,789,triprotic,near,base,overlapping,3,4.488,4.785,0.11847865738084436,0,0,,1,0,0,1,0,2,0,0.0506827046583318,2.36,0.0,2.36,4.734317295341668,4.73,measured_success,202
404,ppo,1000404,790,diprotic,near,base,separated,2,5.379,5.83,0.07174916154714953,0,0,,1,1,0,1,0,1,0,0.0314490668721259,2.12,0.0,2.12,5.798550933127874,5.8,measured_success,202
404,ppo,1000404,791,monoprotic,medium,acid,single,1,2.754,1.532,0.1633501497517237,0,0,,0,0,0,1,1,5,0,0.10200758480726524,10.079999999999998,10.079999999999998,0.0,1.6340075848072653,1.6300000000000001,measured_success,202
404,ppo,1000404,792,diprotic,near,acid,separated,2,2.929,2.422,0.060024445504436266,2,0,0.515,1,0,0,1,0,2,2,0.07383331688865935,3.1500000000000004,2.12,1.03,2.4958333168886595,2.5,measured_success,202
404,ppo,1000404,793,monoprotic,near,base,single,1,6.038,6.735,0.037555776831920226,2,1,0.18,1,1,0,1,0,4,2,0.0020132675201578465,3.5100000000000002,1.21,2.3000000000000003,6.7329867324798425,6.73,measured_success,202
404,ppo,1000404,794,diprotic,near,acid,separated,2,6.643,6.314,0.035277792644016044,0,0,,1,0,0,1,0,31,0,0.09892244924512816,0.3100000000000001,0.3100000000000001,0.0,6.412922449245128,6.41,measured_success,202
404,ppo,1000404,795,triprotic,near,base,overlapping,3,4.13,4.403,0.06448383446680662,0,0,,1,0,0,1,0,3,0,0.060216666938129215,2.8899999999999997,0.0,2.8899999999999997,4.34278333306187,4.34,measured_success,202
404,ppo,1000404,796,diprotic,medium,acid,separated,2,8.035,6.54,0.0748439031727998,0,0,,1,0,0,1,0,18,0,0.06155700273528897,5.539999999999999,5.539999999999999,0.0,6.601557002735289,6.6000000000000005,measured_success,202
404,ppo,1000404,797,monoprotic,medium,acid,single,1,3.388,2.003,0.058630368238370256,1,0,2.625,1,1,0,1,0,4,1,0.035080782125405996,6.73,5.25,1.48,1.9679192178745941,1.97,measured_success,202
404,ppo,1000404,798,triprotic,near,base,separated,3,5.121,5.431,0.04261304727304942,1,0,1.06,1,0,0,1,0,2,1,0.0900544265792993,2.97,0.85,2.12,5.521054426579299,5.5200000000000005,measured_success,202
404,ppo,1000404,799,diprotic,near,acid,separated,2,5.885,5.2,0.08100814717827871,0,0,,1,0,0,1,0,4,0,0.05199853587873182,3.48,3.48,0.0,5.251998535878732,5.25,measured_success,202
404,ppo,1000404,800,triprotic,medium,base,separated,3,6.7,7.583,0.044888755417311105,2,0,0.315,1,1,0,1,0,3,2,0.042155225020026776,3.6,1.48,2.12,7.540844774979973,7.54,measured_success,202
404,ppo,1000404,801,triprotic,medium,base,separated,3,2.68,3.925,0.03805947458207202,4,2,0.195,1,1,0,1,0,5,4,0.0037674724239940005,9.93,3.89,6.04,3.921232527576006,3.92,measured_success,202
404,ppo,1000404,802,triprotic,medium,base,separated,3,5.134,6.074,0.10529833453257756,0,0,,1,0,0,1,0,5,0,0.09682813614505292,5.56,0.0,5.56,5.977171863854947,5.98,measured_success,202
404,ppo,1000404,803,monoprotic,near,base,single,1,7.103,7.671,0.10149505520451642,0,0,,1,0,0,1,0,3,0,0.07799956720893508,3.06,0.0,3.06,7.593000432791065,7.59,measured_success,202
404,ppo,1000404,804,monoprotic,medium,acid,single,1,6.053,4.17,0.0742489357567597,8,4,0.01,1,1,0,1,0,11,8,0.03309196290606842,14.169999999999998,7.369999999999999,6.8,4.203091962906068,4.2,measured_success,202
404,ppo,1000404,805,monoprotic,medium,base,single,1,4.405,5.364,0.09369792460356699,4,1,0.06,1,0,0,1,0,8,4,0.08824816866161722,5.01,1.9699999999999998,3.0399999999999996,5.275751831338383,5.28,measured_success,202
404,ppo,1000404,806,diprotic,medium,base,separated,2,3.701,5.176,0.041572274302130965,2,0,0.155,1,1,0,1,0,4,2,0.04892409117065988,7.04,1.79,5.25,5.12707590882934,5.13,measured_success,202
404,ppo,1000404,807,triprotic,far,acid,separated,3,3.99,1.878,0.04072023958749032,1,0,0.315,1,1,0,1,0,2,1,0.0038162074895555786,5.6899999999999995,5.6899999999999995,0.0,1.8741837925104443,1.87,measured_success,202
404,ppo,1000404,808,diprotic,medium,acid,separated,2,3.812,2.933,0.03583148561352334,2,1,0.515,1,0,0,1,0,4,2,0.06814676894814475,7.21,4.38,2.83,3.0011467689481446,3.0,measured_success,202
404,ppo,1000404,809,diprotic,near,base,overlapping,2,5.052,5.359,0.06982167711109123,1,0,0.755,1,1,0,1,0,1,1,0.015701864930806053,1.51,0.0,1.51,5.374701864930806,5.37,measured_success,202
404,ppo,1000404,810,triprotic,medium,acid,separated,3,7.276,5.701,0.03780256895195182,1,0,2.53,1,1,0,1,0,3,1,0.03505702432602309,6.0,5.06,0.94,5.6659429756739765,5.67,measured_success,202
404,ppo,1000404,811,monoprotic,near,base,single,1,2.581,2.902,0.13052308146091213,0,0,,1,1,0,1,0,1,0,0.03845995734972529,1.51,0.0,1.51,2.863540042650275,2.86,measured_success,202
404,ppo,1000404,812,triprotic,near,acid,separated,3,9.373,8.687,0.12958890149160296,0,0,,0,0,0,0,0,50,0,0.3053390547199566,0.6300000000000002,0.6300000000000002,0.0,8.992339054719956,8.99,max_steps,202
404,ppo,1000404,813,monoprotic,medium,acid,single,1,4.402,2.431,0.04453680790929665,2,0,0.315,1,0,0,1,0,6,2,0.06583109063145987,9.68,5.369999999999999,4.3100000000000005,2.49683109063146,2.5,measured_success,202
404,ppo,1000404,814,diprotic,near,base,overlapping,2,3.659,3.953,0.04563738717717034,0,0,,1,0,0,1,0,1,0,0.06502186521516462,1.51,0.0,1.51,3.8879781347848352,3.89,measured_success,202
404,ppo,1000404,815,triprotic,medium,base,separated,3,3.804,4.787,0.0350363022494765,2,1,0.425,1,1,0,1,0,3,2,0.003272265193563051,3.53,0.85,2.6799999999999997,4.783727734806437,4.78,measured_success,202
404,ppo,1000404,816,diprotic,far,base,separated,2,5.144,8.58,0.1609257800184884,43,21,0.01,0,0,1,0,0,50,43,0.8851975606704681,19.62999999999999,8.189999999999996,11.439999999999994,9.465197560670468,9.47,max_steps,202
404,ppo,1000404,817,monoprotic,medium,acid,single,1,6.589,5.822,0.04018346134950277,1,0,0.755,1,1,0,1,0,1,1,0.0204886238243267,1.51,1.51,0.0,5.801511376175673,5.8,measured_success,202
404,ppo,1000404,818,monoprotic,medium,acid,single,1,3.792,2.992,0.0771959402170423,2,0,0.515,1,1,0,1,0,2,2,0.04044724464845917,4.9,3.87,1.03,3.032447244648459,3.0300000000000002,measured_success,202
404,ppo,1000404,819,monoprotic,near,acid,single,1,2.849,2.226,0.07115345634303116,0,0,,1,1,0,1,0,2,0,0.0007069012530633856,4.51,4.51,0.0,2.2267069012530634,2.23,measured_success,202
404,ppo,1000404,820,monoprotic,medium,acid,single,1,7.946,6.089,0.04047507030309155,6,5,0.045,1,1,0,1,0,15,6,0.03814756897234517,12.709999999999997,7.1099999999999985,5.6,6.127147568972346,6.13,measured_success,202
404,ppo,1000404,821,triprotic,medium,base,separated,3,5.629,7.328,0.04857273499336736,1,0,2.625,1,0,0,1,0,2,1,0.07049507465413019,5.78,0.53,5.25,7.3984950746541305,7.4,measured_success,202
404,ppo,1000404,822,diprotic,medium,acid,separated,2,4.849,3.253,0.06893059018126259,0,0,,1,1,0,1,0,2,0,0.0073450322836050574,5.6899999999999995,5.6899999999999995,0.0,3.260345032283605,3.2600000000000002,measured_success,202
404,ppo,1000404,823,monoprotic,far,base,single,1,4.262,7.518,0.05868127383776558,6,2,0.04,1,0,0,1,0,12,6,0.07383893821436427,14.26,4.32,9.94,7.4441610617856355,7.44,measured_success,202
404,ppo,1000404,824,diprotic,near,acid,separated,2,6.874,6.636,0.044719839179629566,0,0,,1,0,0,1,0,41,0,0.09887597395226688,0.4100000000000002,0.4100000000000002,0.0,6.734875973952267,6.73,measured_success,202
404,ppo,1000404,825,monoprotic,near,base,single,1,1.898,2.331,0.04582657042111409,1,0,0.515,1,0,0,1,0,2,1,0.06632001639094431,3.1500000000000004,0.0,3.1500000000000004,2.3973200163909443,2.4,measured_success,202
404,ppo,1000404,826,monoprotic,medium,acid,single,1,4.164,2.211,0.061707099394382584,1,0,0.315,1,1,0,1,0,2,0,0.0008745672427923346,5.6899999999999995,5.6899999999999995,0.0,2.211874567242792,2.21,measured_success,202
404,ppo,1000404,827,monoprotic,far,acid,single,1,8.482,5.966,0.0933809044705528,0,0,,0,0,1,0,0,50,0,2.2744619761263865,1.500000000000001,1.500000000000001,0.0,8.240461976126387,8.24,max_steps,202
404,ppo,1000404,828,monoprotic,medium,base,single,1,1.814,2.964,0.1310426809643791,0,0,,1,0,0,1,0,11,0,0.07955290707615292,10.350000000000003,0.0,10.350000000000003,2.884447092923847,2.88,measured_success,202
404,ppo,1000404,829,diprotic,far,base,overlapping,2,3.737,7.581,0.13543367961202712,4,2,0.015,1,0,0,1,0,15,4,0.08378351164433884,28.580000000000002,6.010000000000001,22.57,7.497216488355662,7.5,measured_success,202
404,ppo,1000404,830,diprotic,medium,base,overlapping,2,4.655,5.652,0.030800110221686938,1,0,0.425,1,1,0,1,0,3,1,0.008031072445011667,4.6899999999999995,0.0,4.6899999999999995,5.660031072445012,5.66,measured_success,202
404,ppo,1000404,831,monoprotic,medium,base,single,1,5.064,6.952,0.04835069034576656,7,3,0.01,1,1,0,1,0,13,7,0.01373826770990938,12.780000000000001,5.8900000000000015,6.89,6.965738267709909,6.97,measured_success,202
404,ppo,1000404,832,triprotic,near,acid,separated,3,4.644,4.328,0.0990080914766986,0,0,,1,0,0,1,0,4,0,0.08464905145128565,3.3,3.3,0.0,4.412649051451286,4.41,measured_success,202
404,ppo,1000404,833,monoprotic,near,acid,single,1,7.568,7.019,0.04436057597628006,2,1,0.155,1,0,0,1,0,6,2,0.05317382473417709,4.33,2.27,2.06,7.072173824734177,7.07,measured_success,202
404,ppo,1000404,834,triprotic,near,base,separated,3,3.755,4.263,0.10993549301866715,0,0,,1,0,0,1,0,4,0,0.06572328903433267,4.2299999999999995,0.0,4.2299999999999995,4.197276710965667,4.2,measured_success,202
404,ppo,1000404,835,monoprotic,medium,acid,single,1,4.264,2.637,0.046194116243257054,0,0,,1,0,0,1,0,1,0,0.0751838424465725,5.06,5.06,0.0,2.7121838424465725,2.71,measured_success,202
404,ppo,1000404,836,diprotic,medium,base,separated,2,3.328,4.755,0.16397523604834288,0,0,,1,0,0,1,0,20,0,0.07648524326903416,15.430000000000007,0.0,15.430000000000007,4.678514756730966,4.68,measured_success,202
404,ppo,1000404,837,triprotic,medium,acid,separated,3,5.241,3.956,0.06265313162844605,1,0,1.935,1,1,0,1,0,1,1,0.01557753671213069,3.87,3.87,0.0,3.9404224632878693,3.94,measured_success,202
404,ppo,1000404,838,diprotic,far,base,separated,2,4.196,6.3,0.11752686001377961,0,0,,1,0,0,1,0,19,0,0.08121386693022803,15.74,0.0,15.74,6.218786133069772,6.22,measured_success,202
404,ppo,1000404,839,monoprotic,medium,acid,single,1,4.666,3.432,0.049332253805839055,6,2,0.045,1,0,0,1,0,8,6,0.06516623021507906,8.77,4.989999999999999,3.78,3.497166230215079,3.5,measured_success,202
404,ppo,1000404,840,diprotic,medium,acid,separated,2,6.342,5.397,0.049061108135159265,1,0,0.315,1,0,0,1,0,2,1,0.07955081444110768,2.75,2.75,0.0,5.317449185558893,5.32,measured_success,202
404,ppo,1000404,841,triprotic,medium,acid,separated,3,6.053,4.59,0.06190017088409418,0,0,,1,1,0,1,0,2,0,0.016582591185807516,5.67,5.67,0.0,4.606582591185807,4.61,measured_success,202
404,ppo,1000404,842,monoprotic,medium,base,single,1,7.004,7.73,0.11209015762616113,0,0,,1,0,0,1,0,6,0,0.057785639788461296,5.449999999999999,0.0,5.449999999999999,7.672214360211539,7.67,measured_success,202
404,ppo,1000404,843,monoprotic,medium,acid,single,1,4.873,3.439,0.0726040336975953,1,0,1.935,1,0,0,1,0,1,1,0.07680714708460634,3.87,3.87,0.0,3.3621928529153937,3.36,measured_success,202
404,ppo,1000404,844,monoprotic,near,base,single,1,5.271,5.848,0.05776673054613355,2,0,0.28,1,0,0,1,0,3,2,0.07621923511823159,3.5300000000000002,1.4100000000000001,2.12,5.771780764881768,5.7700000000000005,measured_success,202
404,ppo,1000404,845,triprotic,near,acid,separated,3,5.192,4.842,0.11999003108554668,0,0,,1,0,0,1,0,5,0,0.0873267845589849,3.61,3.61,0.0,4.9293267845589845,4.93,measured_success,202
404,ppo,1000404,846,diprotic,far,base,overlapping,2,4.742,7.061,0.04165170971259729,7,2,0.01,1,0,0,1,0,8,7,0.06340400486114817,9.209999999999999,3.03,6.18,7.124404004861148,7.12,measured_success,202
404,ppo,1000404,847,monoprotic,medium,acid,single,1,6.33,5.504,0.13745745946561508,0,0,,1,0,0,1,0,8,0,0.05726501113932159,5.779999999999999,5.779999999999999,0.0,5.561265011139321,5.5600000000000005,measured_success,202
404,ppo,1000404,848,triprotic,far,base,separated,3,4.635,7.105,0.034163947271759934,2,1,0.315,1,1,0,1,0,6,2,0.04433449738288431,9.33,1.48,7.85,7.060665502617116,7.0600000000000005,measured_success,202
404,ppo,1000404,849,monoprotic,far,acid,single,1,6.001,2.112,0.11033437080792932,1,0,3.93,1,0,0,1,0,9,1,0.06340670050826702,11.81,7.86,3.95,2.048593299491733,2.05,measured_success,202
404,ppo,1000404,850,diprotic,medium,acid,separated,2,3.599,1.795,0.07614999811610143,0,0,,1,0,0,1,0,9,0,0.06354980590353376,16.639999999999997,16.639999999999997,0.0,1.8585498059035337,1.86,measured_success,202
404,ppo,1000404,851,monoprotic,medium,base,single,1,5.918,7.776,0.03203500403020912,43,3,0.01,0,0,0,0,0,50,43,0.11353647145201862,13.349999999999994,6.219999999999998,7.129999999999996,7.889536471452018,7.890000000000001,max_steps,202
404,ppo,1000404,852,diprotic,medium,base,separated,2,4.525,5.788,0.03211344893409518,2,2,0.315,1,1,0,1,0,5,2,0.03398826032613833,8.98,3.25,5.7299999999999995,5.754011739673862,5.75,measured_success,202
404,ppo,1000404,853,diprotic,medium,acid,separated,2,3.1,1.853,0.039845086887128935,2,1,0.515,1,1,0,1,0,3,2,0.02296358668691556,5.41,4.38,1.03,1.8759635866869155,1.8800000000000001,measured_success,202
404,ppo,1000404,854,triprotic,medium,acid,separated,3,9.926,7.999,0.10933125235221341,0,0,,0,0,1,0,0,50,0,1.2395642665471582,1.500000000000001,1.500000000000001,0.0,9.238564266547158,9.24,max_steps,202
404,ppo,1000404,855,monoprotic,medium,base,single,1,7.028,8.199,0.05541767715562595,3,1,0.13,1,0,0,1,0,3,3,0.06903971445886192,4.83,0.53,4.3,8.268039714458862,8.27,measured_success,202
404,ppo,1000404,856,diprotic,far,base,separated,2,5.395,8.886,0.032632843819235306,43,21,0.01,0,0,0,0,0,50,43,0.1639135101153748,20.02999999999999,8.419999999999995,11.609999999999996,9.049913510115374,9.05,max_steps,202
404,ppo,1000404,857,diprotic,medium,acid,separated,2,7.548,6.065,0.09125439343189613,0,0,,1,0,0,1,0,5,0,0.07727172412754424,5.4799999999999995,5.4799999999999995,0.0,6.142271724127545,6.140000000000001,measured_success,202
404,ppo,1000404,858,monoprotic,near,base,single,1,6.288,6.803,0.0402789640214081,3,0,0.085,1,0,0,1,0,6,3,0.09435838202976132,4.23,1.77,2.46,6.897358382029761,6.9,measured_success,202
404,ppo,1000404,859,diprotic,near,base,separated,2,4.291,4.742,0.0391573185630381,2,0,0.425,1,1,0,1,0,2,2,0.010961534277707408,3.11,0.85,2.26,4.731038465722293,4.73,measured_success,202
404,ppo,1000404,860,diprotic,medium,base,separated,2,2.778,4.24,0.0827367189958856,0,0,,1,0,0,1,0,14,0,0.08500211868967789,10.200000000000005,0.0,10.200000000000005,4.154997881310322,4.15,measured_success,202
404,ppo,1000404,861,monoprotic,far,acid,single,1,8.353,5.922,0.17767233787581568,0,0,,0,0,1,0,0,50,0,2.2727473154874227,1.500000000000001,1.500000000000001,0.0,8.194747315487422,8.19,max_steps,202
404,ppo,1000404,862,diprotic,medium,acid,separated,2,4.436,3.178,0.09538323995230374,1,0,0.515,1,1,0,1,0,3,1,0.017734940608219674,6.7,6.7,0.0,3.1602650593917803,3.16,measured_success,202
404,ppo,1000404,863,diprotic,medium,acid,separated,2,4.553,2.747,0.10164753335865648,0,0,,1,0,0,1,0,8,0,0.05718091686763316,14.76,14.76,0.0,2.804180916867633,2.8000000000000003,measured_success,202
404,ppo,1000404,864,triprotic,medium,base,separated,3,5.144,6.783,0.17750247661880464,0,0,,1,0,0,1,0,16,0,0.07069255971956512,17.879999999999995,0.0,17.879999999999995,6.712307440280435,6.71,measured_success,202
404,ppo,1000404,865,diprotic,far,base,separated,2,5.677,7.897,0.11750880551224026,2,0,0.185,1,1,0,1,0,5,2,0.03545092195947497,9.22,1.85,7.37,7.861549078040525,7.86,measured_success,202
404,ppo,1000404,866,monoprotic,medium,acid,single,1,6.323,5.438,0.07278857462595063,0,0,,1,0,0,1,0,3,0,0.05554291972846226,3.7800000000000002,3.7800000000000002,0.0,5.493542919728462,5.49,measured_success,202
404,ppo,1000404,867,monoprotic,near,base,single,1,7.033,7.321,0.0518446690889676,0,0,,1,0,0,1,0,21,0,0.08970663309094107,0.21000000000000005,0.0,0.21000000000000005,7.231293366909059,7.23,measured_success,202
404,ppo,1000404,868,triprotic,far,acid,separated,3,6.606,3.515,0.04471987580855816,1,0,0.515,1,0,0,1,0,3,1,0.05672127239183178,8.9,8.9,0.0,3.4582787276081683,3.46,measured_success,202
404,ppo,1000404,869,monoprotic,medium,acid,single,1,8.261,7.277,0.0816601665958592,2,0,0.425,1,1,0,1,0,42,2,0.029153285649683447,4.450000000000001,3.600000000000001,0.85,7.306153285649684,7.3100000000000005,measured_success,202
404,ppo,1000404,870,monoprotic,far,base,single,1,4.731,8.412,0.12643255199306538,3,2,0.315,1,0,0,1,0,7,3,0.09912379944333871,14.89,3.2199999999999998,11.67,8.51112379944334,8.51,measured_success,202
404,ppo,1000404,871,diprotic,near,base,separated,2,3.094,3.366,0.121546292253776,0,0,,1,1,0,1,0,1,0,0.010739320212075132,1.51,0.0,1.51,3.355260679787925,3.36,measured_success,202
404,ppo,1000404,872,monoprotic,medium,acid,single,1,6.964,6.177,0.1554847965288329,1,0,0.315,1,1,0,1,0,2,1,0.046244240064357456,2.14,2.14,0.0,6.130755759935642,6.13,measured_success,202
404,ppo,1000404,873,monoprotic,medium,acid,single,1,3.319,1.857,0.0700844203386643,1,0,2.625,1,1,0,1,0,1,1,0.04717060504070125,5.25,5.25,0.0,1.8098293949592987,1.81,measured_success,202
404,ppo,1000404,874,diprotic,medium,acid,separated,2,4.637,3.017,0.08101797336260344,1,1,0.515,1,0,0,1,0,4,1,0.06029503221868415,8.4,7.89,0.51,2.9567049677813158,2.96,measured_success,202
404,ppo,1000404,875,triprotic,medium,base,separated,3,6.091,7.437,0.06526813262404696,0,0,,1,0,0,1,0,4,0,0.06060806910882288,6.3999999999999995,0.0,6.3999999999999995,7.376391930891177,7.38,measured_success,202
404,ppo,1000404,876,diprotic,medium,base,separated,2,6.033,7.975,0.04824422695216412,4,2,0.075,1,1,0,1,0,6,4,0.044686267749415975,9.74,2.77,6.97,7.930313732250584,7.930000000000001,measured_success,202
404,ppo,1000404,877,monoprotic,near,acid,single,1,7.283,6.922,0.1205794057264799,0,0,,0,0,0,0,0,50,0,0.31065999950120204,0.5000000000000002,0.5000000000000002,0.0,7.232659999501202,7.23,max_steps,202
404,ppo,1000404,878,triprotic,medium,base,separated,3,3.606,4.795,0.1204902568125754,0,0,,1,0,0,1,0,10,0,0.08735010557518308,8.309999999999999,0.0,8.309999999999999,4.707649894424817,4.71,measured_success,202
404,ppo,1000404,879,monoprotic,near,base,single,1,8.709,9.306,0.05693144020942453,0,0,,1,1,0,1,0,8,0,0.019582901400747588,1.24,0.0,1.24,9.286417098599252,9.290000000000001,measured_success,202
404,ppo,1000404,880,diprotic,medium,base,separated,2,2.733,4.655,0.11936774248412214,1,0,0.425,1,1,0,1,0,5,1,0.021031548726702987,11.99,0.0,11.99,4.676031548726703,4.68,measured_success,202
404,ppo,1000404,881,monoprotic,medium,acid,single,1,4.34,3.507,0.055076829674129794,3,2,0.315,1,0,0,1,0,6,3,0.05086361853420973,8.98,5.29,3.69,3.4561363814657904,3.46,measured_success,202
404,ppo,1000404,882,diprotic,medium,acid,separated,2,4.456,3.275,0.1047190680571082,1,0,0.315,1,0,0,1,0,6,1,0.058513021801935405,9.88,9.88,0.0,3.2164869781980645,3.22,measured_success,202
404,ppo,1000404,883,triprotic,medium,base,overlapping,3,5.052,6.655,0.07711046702881322,44,4,0.01,0,0,0,0,0,50,44,0.13902312959387952,13.049999999999994,6.349999999999998,6.699999999999997,6.515976870406121,6.5200000000000005,max_steps,202
404,ppo,1000404,884,diprotic,medium,base,separated,2,1.934,3.705,0.1308974399190774,0,0,,1,0,0,1,0,28,0,0.09803281359431892,26.06999999999998,0.0,26.06999999999998,3.606967186405681,3.61,measured_success,202
404,ppo,1000404,885,monoprotic,near,base,single,1,4.375,4.778,0.06434360621366195,1,0,0.755,1,0,0,1,0,1,1,0.05479512303588141,1.51,0.0,1.51,4.832795123035881,4.83,measured_success,202
404,ppo,1000404,886,monoprotic,far,acid,single,1,6.969,3.66,0.17201453454732699,2,0,0.315,1,1,0,1,0,7,2,0.00843102668395801,20.849999999999998,20.22,0.63,3.668431026683958,3.67,measured_success,202
404,ppo,1000404,887,triprotic,medium,base,separated,3,4.077,4.956,0.11178630400844285,0,0,,1,0,0,1,0,17,0,0.08756486781372974,9.309999999999999,0.0,9.309999999999999,4.868435132186271,4.87,measured_success,202
404,ppo,1000404,888,triprotic,near,acid,separated,3,5.533,4.926,0.03178576275530751,2,1,0.375,1,1,0,1,0,3,2,0.020208414225727722,2.62,1.87,0.75,4.946208414225728,4.95,measured_success,202
404,ppo,1000404,889,diprotic,medium,acid,overlapping,2,3.808,2.605,0.11369178438764986,1,0,1.935,1,1,0,1,0,2,1,0.003737592193447714,5.67,3.87,1.8,2.6012624078065523,2.6,measured_success,202
404,ppo,1000404,890,monoprotic,far,acid,single,1,5.115,3.005,0.04775203349726928,2,0,0.515,1,0,0,1,0,6,2,0.08353728049518239,12.39,6.5,5.890000000000001,3.0885372804951823,3.09,measured_success,202
404,ppo,1000404,891,monoprotic,medium,acid,single,1,8.239,6.362,0.04395626479924709,5,0,0.085,1,0,0,1,0,34,5,0.06640629473704607,8.06,5.9,2.16,6.295593705262954,6.3,measured_success,202
404,ppo,1000404,892,monoprotic,far,base,single,1,6.47,8.714,0.06782931571875161,5,3,0.035,1,0,0,1,0,9,5,0.05466986767360815,9.49,2.9599999999999995,6.53,8.768669867673609,8.77,measured_success,202
404,ppo,1000404,893,monoprotic,medium,acid,single,1,4.27,2.349,0.14701203333157342,1,0,0.515,1,1,0,1,0,5,1,0.0373790668571754,13.179999999999998,13.179999999999998,0.0,2.311620933142825,2.31,measured_success,202
404,ppo,1000404,894,diprotic,near,acid,separated,2,2.664,1.985,0.17835923063267073,0,0,,1,0,0,1,0,6,0,0.05067726457797783,8.98,8.98,0.0,2.035677264577978,2.04,measured_success,202
404,ppo,1000404,895,diprotic,medium,base,separated,2,3.544,4.773,0.14155970049172217,0,0,,1,0,0,1,0,10,0,0.09153735329187818,12.280000000000003,0.0,12.280000000000003,4.6814626467081215,4.68,measured_success,202
404,ppo,1000404,896,monoprotic,far,base,single,1,2.008,4.317,0.1472307048126332,2,1,0.395,1,1,0,1,0,6,2,0.005938475506013674,13.190000000000001,0.79,12.4,4.3110615244939865,4.3100000000000005,measured_success,202
404,ppo,1000404,897,monoprotic,medium,acid,single,1,2.457,1.569,0.03615298803858045,0,0,,1,0,0,1,0,2,0,0.06208137530980151,5.28,5.28,0.0,1.6310813753098015,1.6300000000000001,measured_success,202
404,ppo,1000404,898,monoprotic,near,acid,single,1,7.846,7.183,0.09256237423372111,0,0,,1,0,0,1,0,8,0,0.09576515395204943,4.31,4.31,0.0,7.278765153952049,7.28,measured_success,202
404,ppo,1000404,899,monoprotic,medium,base,single,1,8.681,9.818,0.09326036763067841,2,1,0.04,0,0,0,1,1,4,2,0.10197235259529158,0.59,0.08,0.51,9.716027647404708,9.72,measured_success,202
404,ppo,1000404,900,monoprotic,medium,acid,single,1,3.12,2.373,0.04647359699744998,1,0,1.74,1,0,0,1,0,2,1,0.0572816139465937,4.51,3.48,1.03,2.3157183860534065,2.32,measured_success,202
404,ppo,1000404,901,diprotic,far,base,separated,2,3.087,5.188,0.14882826526973572,0,0,,1,1,0,1,0,9,0,0.011719901217095874,17.91,0.0,17.91,5.176280098782904,5.18,measured_success,202
404,ppo,1000404,902,diprotic,medium,acid,overlapping,2,4.35,3.394,0.11982832674963705,0,0,,1,0,0,1,0,12,0,0.061077441589734605,15.160000000000002,15.160000000000002,0.0,3.4550774415897347,3.46,measured_success,202
404,ppo,1000404,903,diprotic,near,acid,separated,2,3.624,3.414,0.11499030968879201,0,0,,1,1,0,1,0,1,0,0.048862323202518265,1.51,1.51,0.0,3.4628623232025184,3.46,measured_success,202
404,ppo,1000404,904,monoprotic,near,base,single,1,3.302,3.927,0.1022906212123564,4,2,0.075,1,1,0,1,0,6,4,0.005182529536033709,4.51,1.63,2.88,3.9218174704639663,3.92,measured_success,202
404,ppo,1000404,905,triprotic,far,base,separated,3,2.016,4.761,0.03723652028757558,0,0,,1,0,0,1,0,3,0,0.05579913081005383,6.64,0.0,6.64,4.705200869189946,4.71,measured_success,202
404,ppo,1000404,906,monoprotic,near,acid,single,1,2.597,2.345,0.043535147735675336,1,0,1.06,1,0,0,1,0,2,1,0.06442345444041253,3.1500000000000004,2.12,1.03,2.2805765455595877,2.2800000000000002,measured_success,202
404,ppo,1000404,907,diprotic,near,acid,separated,2,5.587,5.194,0.05424038232256657,2,1,0.375,1,1,0,1,0,2,2,0.04051475654990622,2.26,1.51,0.75,5.234514756549906,5.23,measured_success,202
404,ppo,1000404,908,monoprotic,medium,base,single,1,4.228,6.059,0.05627503505042783,0,0,,1,0,0,1,0,4,0,0.056948470025823816,6.3999999999999995,0.0,6.3999999999999995,6.002051529974176,6.0,measured_success,202
404,ppo,1000404,909,monoprotic,medium,acid,single,1,2.827,1.632,0.10734525732452314,0,0,,1,1,0,1,0,2,0,0.02924062139921424,6.1,6.1,0.0,1.6612406213992141,1.6600000000000001,measured_success,202
404,ppo,1000404,910,diprotic,near,acid,separated,2,4.838,4.195,0.05708648554710579,1,0,0.315,1,1,0,1,0,3,1,1.0410189162257666e-05,3.17,3.17,0.0,4.194989589810838,4.19,measured_success,202
404,ppo,1000404,911,diprotic,medium,acid,separated,2,4.071,2.711,0.033605599639021044,1,0,1.935,1,0,0,1,0,2,1,0.05148641127980058,5.67,3.87,1.8,2.6595135887201993,2.66,measured_success,202
404,ppo,1000404,912,diprotic,far,base,separated,2,4.915,7.043,0.051942443693242905,0,0,,1,0,0,1,0,3,0,0.061822648483548015,8.22,0.0,8.22,6.981177351516452,6.98,measured_success,202
404,ppo,1000404,913,diprotic,far,base,separated,2,3.864,7.774,0.05749460844454529,4,1,0.075,1,0,0,1,0,10,4,0.0863031795608924,21.889999999999997,4.370000000000001,17.519999999999996,7.687696820439108,7.69,measured_success,202
404,ppo,1000404,914,triprotic,near,base,separated,3,2.502,3.183,0.12135362908029936,0,0,,1,0,0,1,0,3,0,0.09793284498635657,4.14,0.0,4.14,3.0850671550136433,3.09,measured_success,202
404,ppo,1000404,915,triprotic,medium,acid,separated,3,5.413,4.239,0.06557241649923837,0,0,,1,0,0,1,0,3,0,0.0800667282278491,6.7,6.7,0.0,4.319066728227849,4.32,measured_success,202
404,ppo,1000404,916,triprotic,near,acid,overlapping,3,3.968,3.348,0.031521708762356826,0,0,,1,0,0,1,0,2,0,0.05497837662533822,3.21,3.21,0.0,3.402978376625338,3.4,measured_success,202
404,ppo,1000404,917,monoprotic,medium,acid,single,1,6.564,5.515,0.033976426795059994,4,1,0.18,1,1,0,1,0,4,4,0.024495688859377474,7.01,4.72,2.29,5.539495688859377,5.54,measured_success,202
404,ppo,1000404,918,triprotic,medium,base,overlapping,3,3.032,4.108,0.06780600677155217,0,0,,1,0,0,1,0,5,0,0.08120185180517847,5.539999999999999,0.0,5.539999999999999,4.026798148194821,4.03,measured_success,202
404,ppo,1000404,919,triprotic,near,acid,separated,3,5.329,4.937,0.10776399554332469,0,0,,1,0,0,1,0,6,0,0.08367804412452973,3.92,3.92,0.0,5.02067804412453,5.0200000000000005,measured_success,202
404,ppo,1000404,920,triprotic,medium,base,separated,3,3.044,4.888,0.056412452189533044,0,0,,1,1,0,1,0,5,0,0.032346299051623006,10.719999999999999,0.0,10.719999999999999,4.855653700948377,4.86,measured_success,202
404,ppo,1000404,921,triprotic,medium,acid,separated,3,3.961,1.994,0.08753282642186279,0,0,,1,0,0,1,0,7,0,0.0965266187024143,14.879999999999997,14.879999999999997,0.0,2.0905266187024143,2.09,measured_success,202
404,ppo,1000404,922,monoprotic,medium,acid,single,1,7.99,7.055,0.11821654918464393,0,0,,1,0,0,1,0,26,0,0.0665289251684662,4.359999999999999,4.359999999999999,0.0,7.121528925168466,7.12,measured_success,202
404,ppo,1000404,923,monoprotic,medium,base,single,1,6.164,6.891,0.031134422093658208,3,1,0.18,1,1,0,1,0,4,3,0.023934339443879793,3.51,1.03,2.48,6.91493433944388,6.91,measured_success,202
404,ppo,1000404,924,triprotic,medium,base,separated,3,6.496,8.177,0.06365189629230257,0,0,,1,1,0,1,0,1,0,0.045420244292845524,5.25,0.0,5.25,8.131579755707154,8.13,measured_success,202
404,ppo,1000404,925,triprotic,medium,acid,separated,3,8.006,7.115,0.03053751538957903,2,0,0.315,1,0,0,1,0,7,2,0.0686546150219165,2.9,2.27,0.63,7.183654615021917,7.18,measured_success,202
404,ppo,1000404,926,monoprotic,near,base,single,1,4.608,4.91,0.03209895047255795,2,1,0.075,1,0,0,1,0,6,2,0.09266537991915058,2.9399999999999995,1.4299999999999997,1.51,4.81733462008085,4.82,measured_success,202
404,ppo,1000404,927,triprotic,far,acid,separated,3,7.672,4.925,0.044675062092578044,0,0,,1,1,0,1,0,3,0,0.014862512842438669,5.999999999999999,5.999999999999999,0.0,4.9398625128424385,4.94,measured_success,202
404,ppo,1000404,928,diprotic,medium,base,overlapping,2,4.981,6.716,0.07975780906693465,1,0,0.65,1,0,0,1,0,6,1,0.07280978207551403,10.370000000000001,0.98,9.39,6.788809782075514,6.79,measured_success,202
404,ppo,1000404,929,diprotic,medium,base,overlapping,2,3.164,4.771,0.051320872788648206,3,2,0.155,1,1,0,1,0,7,3,0.005147597917871671,10.34,1.8499999999999999,8.49,4.776147597917872,4.78,measured_success,202
404,ppo,1000404,930,diprotic,near,base,separated,2,3.017,3.505,0.06158611909501947,0,0,,1,1,0,1,0,2,0,0.015426181207017109,2.36,0.0,2.36,3.489573818792983,3.49,measured_success,202
404,ppo,1000404,931,triprotic,near,acid,separated,3,3.63,3.311,0.1698288847596781,0,0,,1,0,0,1,0,3,0,0.08588886554401043,3.39,3.39,0.0,3.3968888655440104,3.4,measured_success,202
404,ppo,1000404,932,triprotic,far,base,separated,3,2.339,5.262,0.05072106511221455,0,0,,1,0,0,1,0,7,0,0.059271592108292914,12.7,0.0,12.7,5.202728407891707,5.2,measured_success,202
404,ppo,1000404,933,monoprotic,far,base,single,1,5.416,8.126,0.06782783432072252,5,3,0.085,1,0,0,1,0,8,5,0.05249477727008944,13.120000000000001,4.58,8.540000000000001,8.178494777270089,8.18,measured_success,202
404,ppo,1000404,934,monoprotic,near,acid,single,1,6.987,6.673,0.050023454824279175,0,0,,0,0,0,0,0,50,0,0.1779291528499094,0.5000000000000002,0.5000000000000002,0.0,6.850929152849909,6.8500000000000005,max_steps,202
404,ppo,1000404,935,diprotic,near,acid,overlapping,2,2.995,2.358,0.04179797663722744,1,0,1.74,1,1,0,1,0,1,1,0.024637375077303236,3.48,3.48,0.0,2.333362624922697,2.33,measured_success,202
404,ppo,1000404,936,diprotic,medium,acid,separated,2,4.277,2.379,0.15874601545343014,0,0,,1,1,0,1,0,8,0,0.0018095854803656941,12.939999999999998,12.939999999999998,0.0,2.3808095854803657,2.38,measured_success,202
404,ppo,1000404,937,monoprotic,far,acid,single,1,6.331,3.009,0.05062012703866578,1,0,3.93,1,1,0,1,0,5,1,0.04918580856779409,13.75,7.86,5.890000000000001,2.959814191432206,2.96,measured_success,202
404,ppo,1000404,938,diprotic,far,base,overlapping,2,2.027,5.734,0.0982004582814832,5,3,0.055,1,1,0,1,0,9,5,0.019301799877249337,21.56,1.86,19.7,5.753301799877249,5.75,measured_success,202
404,ppo,1000404,939,monoprotic,near,acid,single,1,5.271,4.756,0.09033803079539995,0,0,,1,0,0,1,0,4,0,0.07757384455915606,3.48,3.48,0.0,4.833573844559156,4.83,measured_success,202
404,ppo,1000404,940,diprotic,medium,acid,separated,2,4.788,3.112,0.10967674260593055,0,0,,1,0,0,1,0,3,0,0.06615189226525242,7.89,7.89,0.0,3.1781518922652525,3.18,measured_success,202
404,ppo,1000404,941,diprotic,medium,acid,separated,2,4.323,2.855,0.16544807482857274,0,0,,1,0,0,1,0,13,0,0.0905138445782252,24.380000000000003,24.380000000000003,0.0,2.945513844578225,2.95,measured_success,202
404,ppo,1000404,942,diprotic,medium,acid,separated,2,3.39,1.931,0.1161862253559911,1,0,2.625,1,0,0,1,0,5,1,0.09149416251016751,7.27,5.25,2.02,1.8395058374898325,1.84,measured_success,202
404,ppo,1000404,943,diprotic,near,acid,overlapping,2,4.667,4.433,0.046664385931142215,1,0,0.755,1,0,0,1,0,1,1,0.08974016076434488,1.51,1.51,0.0,4.343259839235655,4.34,measured_success,202
404,ppo,1000404,944,diprotic,medium,acid,separated,2,6.518,5.555,0.034432571197999244,2,0,0.315,1,1,0,1,0,3,2,0.005541632147403774,3.06,2.43,0.63,5.5605416321474035,5.5600000000000005,measured_success,202
404,ppo,1000404,945,monoprotic,medium,base,single,1,7.679,8.45,0.12265012540844306,1,0,0.315,1,0,0,1,0,3,1,0.05740307556473212,4.05,0.0,4.05,8.507403075564731,8.51,measured_success,202
404,ppo,1000404,946,triprotic,medium,acid,separated,3,4.774,3.623,0.08599875630824125,1,0,0.315,1,1,0,1,0,2,1,0.009971100261893184,4.5,4.5,0.0,3.613028899738107,3.61,measured_success,202
404,ppo,1000404,947,monoprotic,far,base,single,1,7.044,10.764,0.14542385948678893,3,2,0.075,1,0,0,1,0,10,3,0.06463638755122147,14.39,5.89,8.5,10.82863638755122,10.83,measured_success,202
404,ppo,1000404,948,monoprotic,near,acid,single,1,8.743,8.245,0.052189610498750975,0,0,,0,0,0,0,0,50,0,0.31849570622742185,0.5000000000000002,0.5000000000000002,0.0,8.563495706227421,8.56,max_steps,202
404,ppo,1000404,949,diprotic,medium,acid,separated,2,4.025,3.057,0.08619160710051149,3,2,0.21,1,0,0,1,0,5,3,0.07477789096759713,7.359999999999999,4.71,2.65,2.982222109032403,2.98,measured_success,202
404,ppo,1000404,950,triprotic,medium,acid,separated,3,4.752,4.005,0.15992345654421022,0,0,,1,0,0,1,0,14,0,0.08125982089637152,11.350000000000003,11.350000000000003,0.0,4.086259820896371,4.09,measured_success,202
404,ppo,1000404,951,diprotic,medium,base,separated,2,2.28,3.879,0.040546040496431686,3,1,0.21,1,0,0,1,0,3,3,0.08682060747432674,6.52,0.85,5.67,3.9658206074743267,3.97,measured_success,202
404,ppo,1000404,952,monoprotic,far,base,single,1,5.501,8.146,0.07877722836430831,44,22,0.01,0,0,0,0,0,50,44,0.34216541962119607,16.30999999999999,6.999999999999997,9.309999999999995,7.803834580378805,7.8,max_steps,202
404,ppo,1000404,953,monoprotic,near,acid,single,1,3.931,3.267,0.12734627248007444,0,0,,1,0,0,1,0,1,0,0.07650610048321083,2.18,2.18,0.0,3.3435061004832107,3.34,measured_success,202
404,ppo,1000404,954,diprotic,far,acid,separated,2,7.515,3.953,0.040899704531401036,1,0,0.155,1,1,0,1,0,4,1,0.017222352948900177,9.430000000000001,9.430000000000001,0.0,3.9357776470510997,3.94,measured_success,202
404,ppo,1000404,955,diprotic,medium,acid,separated,2,5.217,4.295,0.04294122625137989,2,0,0.425,1,1,0,1,0,3,2,0.04534526777699632,6.52,3.87,2.65,4.340345267776996,4.34,measured_success,202
404,ppo,1000404,956,monoprotic,medium,acid,single,1,5.59,4.363,0.0977832730076418,5,2,0.045,1,1,0,1,0,7,5,0.027494783099439424,7.49,4.96,2.5300000000000002,4.335505216900561,4.34,measured_success,202
404,ppo,1000404,957,monoprotic,near,acid,single,1,3.17,2.902,0.06752114318690834,0,0,,1,1,0,1,0,1,0,0.03011375822190754,1.51,1.51,0.0,2.9321137582219077,2.93,measured_success,202
404,ppo,1000404,958,diprotic,far,base,overlapping,2,2.04,4.418,0.05046479142958476,3,0,0.155,1,0,0,1,0,6,3,0.07465032049155429,12.950000000000001,1.68,11.270000000000001,4.492650320491554,4.49,measured_success,202
404,ppo,1000404,959,monoprotic,medium,acid,single,1,4.607,3.152,0.03616980891145514,4,1,0.21,1,1,0,1,0,4,4,0.008807146328403626,6.9399999999999995,4.72,2.22,3.1608071463284038,3.16,measured_success,202
404,ppo,1000404,960,monoprotic,near,acid,single,1,2.965,2.339,0.03319672532469866,2,0,0.315,1,0,0,1,0,4,2,0.06524433132931806,5.99,3.48,2.51,2.404244331329318,2.4,measured_success,202
404,ppo,1000404,961,diprotic,medium,base,separated,2,4.708,5.906,0.04087466265436419,5,2,0.035,1,0,0,1,0,10,5,0.06017807061061742,12.91,5.980000000000001,6.93,5.966178070610617,5.97,measured_success,202
404,ppo,1000404,962,diprotic,medium,base,separated,2,4.724,6.515,0.10620377578658571,0,0,,1,0,0,1,0,11,0,0.09920582874205142,7.64,0.0,7.64,6.415794171257948,6.42,measured_success,202
404,ppo,1000404,963,monoprotic,near,acid,single,1,5.672,5.408,0.11241058308164316,0,0,,1,0,0,1,0,14,0,0.09093511511728547,0.13999999999999999,0.13999999999999999,0.0,5.498935115117286,5.5,measured_success,202
404,ppo,1000404,964,monoprotic,far,acid,single,1,5.009,1.99,0.0898473464485096,0,0,,1,1,0,1,0,2,0,0.009839389303955892,7.87,7.87,0.0,1.9998393893039559,2.0,measured_success,202
404,ppo,1000404,965,diprotic,medium,base,separated,2,3.454,4.978,0.14938667294530525,0,0,,1,0,0,1,0,21,0,0.09916044747254382,22.949999999999985,0.0,22.949999999999985,4.878839552527456,4.88,measured_success,202
404,ppo,1000404,966,triprotic,far,base,separated,3,2.425,5.863,0.06594006987217695,0,0,,1,1,0,1,0,5,1,0.0008157857314925465,15.059999999999999,0.0,15.059999999999999,5.863815785731493,5.86,measured_success,202
404,ppo,1000404,967,monoprotic,far,base,single,1,4.999,8.037,0.06922866182286043,6,3,0.015,1,1,0,1,0,14,6,0.024759215902031784,15.97,6.840000000000002,9.129999999999999,8.012240784097969,8.01,measured_success,202
404,ppo,1000404,968,monoprotic,medium,acid,single,1,4.405,2.921,0.05588867896544332,3,1,0.135,1,1,0,1,0,5,3,0.03387340899628599,7.33,5.9399999999999995,1.3900000000000001,2.887126591003714,2.89,measured_success,202
404,ppo,1000404,969,diprotic,medium,base,separated,2,4.818,6.203,0.04478578835279031,6,4,0.015,1,0,0,1,0,12,6,0.06992431220701878,12.760000000000002,5.980000000000001,6.78,6.1330756877929815,6.13,measured_success,202
404,ppo,1000404,970,diprotic,near,acid,separated,2,6.218,5.81,0.04464758703256353,1,0,0.755,1,1,0,1,0,1,1,0.032200538208200236,1.51,1.51,0.0,5.777799461791799,5.78,measured_success,202
404,ppo,1000404,971,diprotic,far,base,separated,2,4.253,7.096,0.08147038096128786,46,22,0.01,0,0,1,0,0,50,46,0.7013665389046899,14.229999999999993,6.629999999999997,7.599999999999996,6.39463346109531,6.390000000000001,max_steps,202
404,ppo,1000404,972,monoprotic,medium,base,single,1,2.16,3.359,0.05748040721612284,2,1,0.425,1,1,0,1,0,3,2,0.040616465258228374,6.52,0.85,5.67,3.3183835347417716,3.3200000000000003,measured_success,202
404,ppo,1000404,973,monoprotic,far,acid,single,1,4.704,2.001,0.08354302578580551,1,0,0.96,1,1,0,1,0,2,1,0.037489362976781404,7.99,7.99,0.0,1.9635106370232185,1.96,measured_success,202
404,ppo,1000404,974,triprotic,near,base,overlapping,3,4.102,4.75,0.13427572464070334,0,0,,0,0,0,1,1,26,0,0.10175311378785068,12.100000000000003,0.0,12.100000000000003,4.648246886212149,4.65,measured_success,202
404,ppo,1000404,975,triprotic,far,base,separated,3,5.277,7.947,0.05870255827759199,5,4,0.035,1,0,0,1,0,11,5,0.09051733329205813,14.740000000000002,6.840000000000002,7.9,8.037517333292058,8.040000000000001,measured_success,202
404,ppo,1000404,976,triprotic,near,base,separated,3,3.808,4.033,0.03680380934616247,3,1,0.155,1,1,0,1,0,4,3,0.00455744052707896,3.2,1.38,1.82,4.037557440527079,4.04,measured_success,202
404,ppo,1000404,977,diprotic,far,acid,separated,2,4.31,1.977,0.036269622622380655,1,0,3.035,1,1,0,1,0,2,1,0.018459325710113328,6.7,6.07,0.63,1.9585406742898868,1.96,measured_success,202
404,ppo,1000404,978,diprotic,medium,acid,separated,2,4.886,3.352,0.08030292019597432,1,0,2.53,1,1,0,1,0,1,1,0.024202938935764973,5.06,5.06,0.0,3.327797061064235,3.33,measured_success,202
404,ppo,1000404,979,diprotic,near,base,separated,2,5.823,6.066,0.079738259462094,0,0,,0,0,0,1,1,28,0,0.1000593644357286,0.2800000000000001,0.0,0.2800000000000001,5.965940635564271,5.97,measured_success,202
404,ppo,1000404,980,diprotic,medium,acid,separated,2,3.034,1.597,0.060552569557015795,0,0,,1,0,0,1,0,7,0,0.06275618284922269,12.459999999999997,12.459999999999997,0.0,1.6597561828492227,1.6600000000000001,measured_success,202
404,ppo,1000404,981,monoprotic,near,acid,single,1,5.583,5.098,0.03000538736733436,2,1,0.215,1,1,0,1,0,3,2,0.010299498490959458,2.69,1.51,1.18,5.108299498490959,5.11,measured_success,202
404,ppo,1000404,982,monoprotic,near,acid,single,1,5.91,5.706,0.08512365490986902,0,0,,1,0,0,1,0,50,0,0.09782867472082746,0.5000000000000002,0.5000000000000002,0.0,5.803828674720828,5.8,measured_success,202
404,ppo,1000404,983,diprotic,medium,base,separated,2,6.218,7.936,0.059351217538543374,4,2,0.04,1,0,0,1,0,7,4,0.08612104905417794,10.64,4.23,6.41,7.849878950945822,7.8500000000000005,measured_success,202
404,ppo,1000404,984,monoprotic,near,acid,single,1,7.988,7.506,0.05267671530883675,0,0,,0,0,0,0,0,50,0,0.27667546687763256,0.5000000000000002,0.5000000000000002,0.0,7.782675466877633,7.78,max_steps,202
404,ppo,1000404,985,diprotic,medium,base,separated,2,3.026,4.753,0.05391193593838411,5,1,0.02,1,1,0,1,0,9,5,0.013727153317104168,8.719999999999999,2.65,6.069999999999999,4.766727153317104,4.7700000000000005,measured_success,202
404,ppo,1000404,986,triprotic,near,base,separated,3,3.741,4.361,0.156921303794988,0,0,,1,0,0,1,0,16,0,0.09090398389023857,8.999999999999998,0.0,8.999999999999998,4.270096016109761,4.2700000000000005,measured_success,202
404,ppo,1000404,987,triprotic,medium,acid,separated,3,5.281,3.875,0.030168397554922653,1,0,1.935,1,0,0,1,0,3,1,0.05411477227362216,4.8100000000000005,3.87,0.94,3.820885227726378,3.8200000000000003,measured_success,202
404,ppo,1000404,988,diprotic,far,base,separated,2,2.658,5.317,0.08312918754752453,0,0,,1,1,0,1,0,3,0,0.008584641286134342,11.18,0.0,11.18,5.308415358713866,5.3100000000000005,measured_success,202
404,ppo,1000404,989,diprotic,far,base,overlapping,2,3.226,7.029,0.16969329794808571,42,3,0.01,0,0,0,0,0,50,42,0.2518734697334857,30.910000000000025,3.1999999999999957,27.71000000000003,6.777126530266514,6.78,max_steps,202
404,ppo,1000404,990,monoprotic,medium,base,single,1,6.985,7.856,0.036353977512729466,1,0,1.06,1,0,0,1,0,2,1,0.06855530339945659,2.97,0.85,2.12,7.9245553033994565,7.92,measured_success,202
404,ppo,1000404,991,triprotic,medium,acid,separated,3,2.957,1.809,0.17005638470067885,0,0,,1,1,0,1,0,2,0,0.012095897438785252,5.67,5.67,0.0,1.8210958974387852,1.82,measured_success,202
404,ppo,1000404,992,diprotic,near,base,separated,2,5.31,5.521,0.09296780160567367,0,0,,0,0,0,0,0,50,0,0.1584564710327223,0.5000000000000002,0.0,0.5000000000000002,5.362543528967278,5.36,max_steps,202
404,ppo,1000404,993,triprotic,near,acid,separated,3,5.422,4.946,0.147350717211851,0,0,,1,0,0,1,0,10,0,0.09423485209146953,5.709999999999998,5.709999999999998,0.0,5.040234852091469,5.04,measured_success,202
404,ppo,1000404,994,monoprotic,near,base,single,1,4.775,5.304,0.09491234118213014,2,0,0.425,1,1,0,1,0,2,2,0.01434471354711242,3.11,0.85,2.26,5.289655286452888,5.29,measured_success,202
404,ppo,1000404,995,diprotic,medium,acid,separated,2,4.092,2.358,0.04013872775987565,1,0,0.315,1,1,0,1,0,2,1,0.04652173025999273,5.6899999999999995,5.6899999999999995,0.0,2.3114782697400074,2.31,measured_success,202
404,ppo,1000404,996,triprotic,medium,base,overlapping,3,4.071,6.063,0.03979592033428382,41,6,0.01,0,0,0,0,0,50,41,0.11518050272885905,13.419999999999993,6.299999999999998,7.119999999999995,6.178180502728859,6.18,max_steps,202
404,ppo,1000404,997,monoprotic,medium,base,single,1,3.341,4.47,0.04915226559951322,3,1,0.18,1,0,0,1,0,8,3,0.07223724239625451,9.05,4.23,4.82,4.542237242396254,4.54,measured_success,202
404,ppo,1000404,998,monoprotic,near,acid,single,1,5.231,4.917,0.07428906427336258,1,1,0.755,1,0,0,1,0,2,1,0.08012245853253397,2.26,1.51,0.75,4.836877541467466,4.84,measured_success,202
404,ppo,1000404,999,triprotic,near,acid,separated,3,4.289,3.674,0.1643307892024666,0,0,,1,0,0,1,0,9,0,0.09046544385345401,8.69,8.69,0.0,3.764465443853454,3.7600000000000002,measured_success,202
404,ppo,1000404,1000,diprotic,far,acid,separated,2,6.042,3.793,0.03528597076696344,1,0,3.035,1,0,0,1,0,4,1,0.07121086593231052,7.550000000000001,6.07,1.48,3.7217891340676896,3.72,measured_success,202
404,ppo,1000404,1001,monoprotic,medium,base,single,1,8.382,10.094,0.09695753312734351,1,0,0.085,1,1,0,1,0,21,1,0.011136259008070581,3.309999999999999,0.08,3.229999999999999,10.10513625900807,10.11,measured_success,202
404,ppo,1000404,1002,diprotic,medium,base,separated,2,5.349,6.567,0.16674114082892397,0,0,,1,0,0,1,0,7,0,0.07020105074698968,11.580000000000002,0.0,11.580000000000002,6.4967989492530105,6.5,measured_success,202
404,ppo,1000404,1003,diprotic,near,base,separated,2,5.082,5.573,0.10076424950679803,0,0,,1,1,0,1,0,2,0,0.016143111845808633,3.1500000000000004,0.0,3.1500000000000004,5.556856888154192,5.5600000000000005,measured_success,202
404,ppo,1000404,1004,monoprotic,medium,base,single,1,8.551,10.07,0.03750524620698657,1,0,0.085,1,0,0,1,0,9,1,0.09043683857167295,1.4,0.04,1.3599999999999999,10.160436838571673,10.16,measured_success,202
404,ppo,1000404,1005,triprotic,far,base,separated,3,2.378,5.15,0.057809466167329626,1,0,0.425,1,1,0,1,0,5,1,0.04434911057775359,15.27,0.0,15.27,5.194349110577754,5.19,measured_success,202
404,ppo,1000404,1006,diprotic,near,base,overlapping,2,3.715,4.405,0.09501346422589273,2,1,0.425,1,1,0,1,0,3,2,0.04880187210615805,3.53,0.85,2.6799999999999997,4.356198127893842,4.36,measured_success,202
404,ppo,1000404,1007,diprotic,near,base,separated,2,6.298,6.76,0.06873166869076777,1,0,1.06,1,0,0,1,0,1,1,0.08621768977107003,2.12,0.0,2.12,6.84621768977107,6.8500000000000005,measured_success,202
404,ppo,1000404,1008,monoprotic,far,acid,single,1,6.029,2.418,0.07149047244079466,3,1,0.155,1,1,0,1,0,6,3,0.020363943220059966,15.15,12.32,2.83,2.39763605677994,2.4,measured_success,202
404,ppo,1000404,1009,monoprotic,near,base,single,1,5.137,5.424,0.07389231507527991,0,0,,1,0,0,1,0,49,0,0.09882051378481638,0.49000000000000027,0.0,0.49000000000000027,5.325179486215184,5.33,measured_success,202
404,ppo,1000404,1010,monoprotic,medium,acid,single,1,5.016,3.339,0.08282161344798918,1,0,0.515,1,1,0,1,0,3,1,0.036258035306719005,7.89,7.89,0.0,3.302741964693281,3.3000000000000003,measured_success,202
404,ppo,1000404,1011,monoprotic,far,base,single,1,2.451,5.741,0.13224662779315713,7,2,0.01,0,0,0,1,1,14,7,0.10220492093462497,13.49,3.8299999999999996,9.66,5.843204920934625,5.84,measured_success,202
404,ppo,1000404,1012,triprotic,near,acid,separated,3,4.214,3.77,0.11752495836721999,0,0,,1,1,0,1,0,3,0,0.0426545129444631,3.39,3.39,0.0,3.812654512944463,3.81,measured_success,202
404,ppo,1000404,1013,monoprotic,medium,base,single,1,3.581,5.305,0.12073540638880799,0,0,,1,1,0,1,0,4,0,0.014695371515053068,9.799999999999999,0.0,9.799999999999999,5.290304628484947,5.29,measured_success,202
404,ppo,1000404,1014,triprotic,far,base,separated,3,2.294,5.587,0.08586936075024768,0,0,,1,0,0,1,0,10,0,0.09860496778262018,20.419999999999998,0.0,20.419999999999998,5.48839503221738,5.49,measured_success,202
404,ppo,1000404,1015,monoprotic,near,acid,single,1,6.345,6.104,0.14713780888518724,0,0,,0,0,0,0,0,50,0,0.1793189493273344,0.5000000000000002,0.5000000000000002,0.0,6.2833189493273345,6.28,max_steps,202
404,ppo,1000404,1016,monoprotic,medium,base,single,1,3.315,4.784,0.03719018647414732,8,5,0.01,1,1,0,1,0,13,8,0.0361598414773292,10.999999999999998,5.1899999999999995,5.809999999999999,4.747840158522671,4.75,measured_success,202
404,ppo,1000404,1017,diprotic,medium,acid,separated,2,3.833,2.067,0.11877612724791084,2,0,0.315,1,1,0,1,0,2,2,0.04230708623089807,5.6899999999999995,5.06,0.63,2.1093070862308982,2.11,measured_success,202
404,ppo,1000404,1018,monoprotic,far,acid,single,1,8.927,5.36,0.034263864337305654,0,0,,0,0,1,0,0,50,0,2.8458253073334587,1.500000000000001,1.500000000000001,0.0,8.205825307333459,8.21,max_steps,202
404,ppo,1000404,1019,monoprotic,near,acid,single,1,5.726,5.336,0.0902960775396582,0,0,,1,1,0,1,0,1,0,0.01680239607522438,1.51,1.51,0.0,5.352802396075225,5.3500000000000005,measured_success,202
404,ppo,1000404,1020,monoprotic,far,acid,single,1,7.837,5.612,0.1146598223083538,4,2,0.075,1,0,0,1,0,10,4,0.057293563393500335,9.68,7.829999999999999,1.8499999999999999,5.6692935633935,5.67,measured_success,202
404,ppo,1000404,1021,diprotic,near,acid,separated,2,2.291,1.912,0.03822565194194164,2,0,0.515,1,0,0,1,0,2,2,0.08979394094622961,3.1500000000000004,2.12,1.03,2.0017939409462295,2.0,measured_success,202
404,ppo,1000404,1022,triprotic,near,acid,separated,3,4.437,3.743,0.15646269556955872,0,0,,1,0,0,1,0,3,0,0.08384915507707058,4.79,4.79,0.0,3.8268491550770705,3.83,measured_success,202
404,ppo,1000404,1023,monoprotic,medium,base,single,1,2.963,3.678,0.1788540937558398,0,0,,1,0,0,1,0,15,0,0.08705797262179171,9.41,0.0,9.41,3.5909420273782082,3.59,measured_success,202
404,ppo,1000404,1024,diprotic,near,acid,separated,2,5.807,5.287,0.07474150234760082,1,0,0.315,1,1,0,1,0,2,1,0.01708456459263008,2.14,2.14,0.0,5.26991543540737,5.2700000000000005,measured_success,202
404,ppo,1000404,1025,triprotic,medium,base,separated,3,5.78,7.206,0.06191450920329244,7,3,0.01,1,1,0,1,0,13,7,0.010223294658220361,12.57,6.040000000000002,6.529999999999999,7.216223294658221,7.22,measured_success,202
404,ppo,1000404,1026,triprotic,medium,base,separated,3,2.019,2.834,0.1425010478150406,0,0,,1,1,0,1,0,5,0,0.03881347698581683,6.35,0.0,6.35,2.7951865230141832,2.8000000000000003,measured_success,202
404,ppo,1000404,1027,diprotic,near,base,separated,2,2.978,3.671,0.08447518764803681,0,0,,1,0,0,1,0,1,0,0.07137872380021415,2.26,0.0,2.26,3.5996212761997857,3.6,measured_success,202
404,ppo,1000404,1028,triprotic,medium,base,separated,3,3.823,4.559,0.09210702688189042,0,0,,1,0,0,1,0,1,0,0.08878959577303025,2.26,0.0,2.26,4.47021040422697,4.47,measured_success,202
404,ppo,1000404,1029,triprotic,medium,base,separated,3,6.83,8.422,0.11405468342322274,6,4,0.02,1,0,0,1,0,13,6,0.07190477571625209,13.23,5.45,7.78,8.350095224283749,8.35,measured_success,202
404,ppo,1000404,1030,monoprotic,medium,base,single,1,2.448,3.463,0.031356389466850265,5,3,0.045,1,0,0,1,0,7,5,0.08268904671233113,5.43,2.16,3.2699999999999996,3.545689046712331,3.5500000000000003,measured_success,202
404,ppo,1000404,1031,monoprotic,near,acid,single,1,4.272,3.84,0.03697911865782567,2,1,0.375,1,0,0,1,0,2,2,0.051000565038404666,2.26,1.51,0.75,3.8910005650384045,3.89,measured_success,202
404,ppo,1000404,1032,diprotic,near,acid,separated,2,5.365,4.946,0.13096975443643835,0,0,,1,1,0,1,0,3,0,0.017906554233160676,2.9899999999999998,2.9899999999999998,0.0,4.96390655423316,4.96,measured_success,202
404,ppo,1000404,1033,monoprotic,near,base,single,1,7.13,7.616,0.14156388576968054,0,0,,1,0,0,1,0,3,0,0.07956096396513423,4.05,0.0,4.05,7.536439036034865,7.54,measured_success,202
404,ppo,1000404,1034,monoprotic,medium,base,single,1,3.8,4.745,0.060846834743862564,0,0,,1,0,0,1,0,2,0,0.05688604380366602,3.84,0.0,3.84,4.688113956196334,4.69,measured_success,202
404,ppo,1000404,1035,diprotic,near,base,overlapping,2,1.998,2.359,0.1499445780462142,0,0,,0,0,0,1,1,9,0,0.10014903230166894,7.17,0.0,7.17,2.258850967698331,2.2600000000000002,measured_success,202
404,ppo,1000404,1036,monoprotic,far,acid,single,1,5.614,2.706,0.08001794727629186,3,1,0.075,1,1,0,1,0,7,3,0.0030379187749880465,13.360000000000003,11.660000000000002,1.7000000000000002,2.702962081225012,2.7,measured_success,202
404,ppo,1000404,1037,monoprotic,medium,acid,single,1,4.197,2.97,0.03770171263871474,2,1,0.425,1,1,0,1,0,5,2,0.018520506133716363,7.25,4.6,2.65,2.9885205061337166,2.99,measured_success,202
404,ppo,1000404,1038,monoprotic,far,acid,single,1,4.963,2.249,0.04249405919396591,2,0,0.265,1,1,0,1,0,3,2,0.045827232129053375,7.23,6.07,1.1600000000000001,2.2948272321290535,2.29,measured_success,202
404,ppo,1000404,1039,monoprotic,medium,acid,single,1,5.493,3.846,0.0999547862935056,2,1,0.255,1,1,0,1,0,5,2,0.01695113399468351,10.099999999999998,9.589999999999998,0.51,3.8629511339946836,3.86,measured_success,202
404,ppo,1000404,1040,monoprotic,medium,base,single,1,4.991,6.349,0.081633741313912,0,0,,1,1,0,1,0,3,0,0.03524379279820877,6.09,0.0,6.09,6.313756207201791,6.3100000000000005,measured_success,202
404,ppo,1000404,1041,monoprotic,medium,acid,single,1,7.296,5.959,0.06796079883071293,5,5,0.075,1,1,0,1,0,8,5,0.018180358240766026,8.12,5.5,2.6199999999999997,5.940819641759234,5.94,measured_success,202
404,ppo,1000404,1042,monoprotic,medium,acid,single,1,6.283,4.833,0.06275356720039163,0,0,,1,0,0,1,0,3,0,0.06691665292811066,4.81,4.81,0.0,4.899916652928111,4.9,measured_success,202
404,ppo,1000404,1043,monoprotic,near,base,single,1,5.68,6.186,0.08486038571045008,2,0,0.315,1,0,0,1,0,4,2,0.08132199234016291,3.91,1.48,2.43,6.104678007659837,6.1000000000000005,measured_success,202
404,ppo,1000404,1044,triprotic,medium,base,separated,3,2.322,4.163,0.09710350603691714,0,0,,1,0,0,1,0,22,0,0.09424347461141735,19.649999999999984,0.0,19.649999999999984,4.068756525388583,4.07,measured_success,202
404,ppo,1000404,1045,monoprotic,medium,acid,single,1,3.549,2.005,0.1544766218208041,1,0,2.625,1,1,0,1,0,1,1,0.02946993893294314,5.25,5.25,0.0,1.9755300610670568,1.98,measured_success,202
404,ppo,1000404,1046,diprotic,near,acid,separated,2,4.212,3.776,0.04070747724595129,2,2,0.27,1,1,0,1,0,4,2,0.033310072861628015,3.0700000000000003,1.78,1.29,3.809310072861628,3.81,measured_success,202
404,ppo,1000404,1047,monoprotic,medium,acid,single,1,6.036,5.022,0.1033301975958156,0,0,,1,0,0,1,0,5,0,0.09437728685986713,5.4799999999999995,5.4799999999999995,0.0,5.116377286859867,5.12,measured_success,202
404,ppo,1000404,1048,monoprotic,medium,base,single,1,2.223,3.889,0.032771942559587236,3,2,0.155,1,1,0,1,0,6,3,0.041712442071627276,8.51,2.53,5.9799999999999995,3.930712442071627,3.93,measured_success,202
404,ppo,1000404,1049,diprotic,near,base,separated,2,5.71,6.225,0.033222713631408184,2,0,0.06,1,0,0,1,0,8,2,0.08458090271910734,3.9099999999999997,1.7600000000000002,2.1499999999999995,6.140419097280892,6.140000000000001,measured_success,202
404,ppo,1000404,1050,triprotic,near,base,separated,3,4.148,4.375,0.08351451993250562,1,0,0.755,1,1,0,1,0,1,1,0.004466462320873887,1.51,0.0,1.51,4.379466462320874,4.38,measured_success,202
404,ppo,1000404,1051,monoprotic,far,base,single,1,4.344,7.692,0.0428270340206114,44,25,0.01,0,0,1,0,0,50,44,0.580179533086941,14.869999999999992,7.009999999999997,7.859999999999995,7.111820466913059,7.11,max_steps,202
404,ppo,1000404,1052,monoprotic,medium,base,single,1,7.368,9.343,0.037082799386689555,3,0,0.155,1,1,0,1,0,7,3,0.04886427560371587,9.69,3.5,6.1899999999999995,9.391864275603716,9.39,measured_success,202
404,ppo,1000404,1053,triprotic,medium,base,separated,3,2.943,3.864,0.16939545874357745,0,0,,1,0,0,1,0,4,0,0.06912345581157542,5.5,0.0,5.5,3.7948765441884245,3.79,measured_success,202
404,ppo,1000404,1054,triprotic,near,base,separated,3,6.953,7.278,0.08988234566766218,0,0,,1,0,0,1,0,11,0,0.08586508907146939,0.10999999999999999,0.0,0.10999999999999999,7.19213491092853,7.19,measured_success,202
404,ppo,1000404,1055,monoprotic,far,base,single,1,3.585,5.849,0.09738003839199104,46,22,0.01,0,0,0,0,0,50,46,0.18805233577286273,11.489999999999991,5.199999999999997,6.289999999999996,5.6609476642271375,5.66,max_steps,202
404,ppo,1000404,1056,triprotic,far,base,separated,3,5.353,9.022,0.07252984518954464,3,1,0.155,1,0,0,1,0,15,3,0.08888416187600079,20.46,1.7100000000000002,18.75,9.110884161876001,9.11,measured_success,202
404,ppo,1000404,1057,monoprotic,medium,base,single,1,6.066,7.558,0.04392711023648016,6,3,0.015,1,1,0,1,0,11,6,0.02570733332292363,12.830000000000002,6.010000000000002,6.819999999999999,7.532292666677076,7.53,measured_success,202
404,ppo,1000404,1058,triprotic,near,acid,separated,3,5.47,5.131,0.14494660426548012,0,0,,0,0,0,1,1,8,0,0.10095122428789871,4.539999999999999,4.539999999999999,0.0,5.231951224287899,5.23,measured_success,202
404,ppo,1000404,1059,diprotic,far,base,separated,2,3.472,6.412,0.05618640333810723,0,0,,1,0,0,1,0,3,0,0.06783925281760173,7.32,0.0,7.32,6.344160747182398,6.34,measured_success,202
404,ppo,1000404,1060,triprotic,medium,base,separated,3,6.142,7.115,0.08793055514312144,2,0,0.425,1,0,0,1,0,2,2,0.0653513987501313,4.89,0.85,4.04,7.049648601249869,7.05,measured_success,202
404,ppo,1000404,1061,diprotic,near,acid,separated,2,5.8,5.235,0.1651641924365855,0,0,,1,0,0,1,0,11,0,0.08701360999443875,6.339999999999998,6.339999999999998,0.0,5.322013609994439,5.32,measured_success,202
404,ppo,1000404,1062,diprotic,near,acid,separated,2,3.047,2.673,0.07536239803055186,2,0,0.515,1,0,0,1,0,2,2,0.09779459303477012,3.1500000000000004,2.12,1.03,2.77079459303477,2.77,measured_success,202
404,ppo,1000404,1063,triprotic,medium,acid,separated,3,3.863,2.182,0.1414858658348713,0,0,,1,0,0,1,0,13,0,0.08700235040027282,26.180000000000007,26.180000000000007,0.0,2.2690023504002728,2.27,measured_success,202
404,ppo,1000404,1064,monoprotic,medium,base,single,1,4.548,6.029,0.06418120035486483,5,2,0.035,1,0,0,1,0,10,5,0.07765860559973348,12.96,5.980000000000001,6.98,6.106658605599733,6.11,measured_success,202
404,ppo,1000404,1065,monoprotic,near,base,single,1,7.577,8.2,0.10527828126368699,0,0,,1,0,0,1,0,2,0,0.09970914881587944,3.1100000000000003,0.0,3.1100000000000003,8.10029085118412,8.1,measured_success,202
404,ppo,1000404,1066,monoprotic,medium,acid,single,1,3.64,2.286,0.14918753407788446,1,0,0.515,1,1,0,1,0,3,1,0.003246676944480331,6.82,6.82,0.0,2.2827533230555197,2.2800000000000002,measured_success,202
404,ppo,1000404,1067,triprotic,far,base,overlapping,3,3.58,7.43,0.03337782000895559,41,22,0.01,0,0,1,0,0,50,41,1.8059509236907232,18.50999999999999,7.469999999999997,11.039999999999994,9.235950923690723,9.24,max_steps,202
404,ppo,1000404,1068,diprotic,medium,acid,separated,2,7.137,6.095,0.1363268284103548,0,0,,1,0,0,1,0,7,0,0.07689840752707422,8.26,8.26,0.0,6.171898407527074,6.17,measured_success,202
404,ppo,1000404,1069,diprotic,near,base,separated,2,4.488,4.75,0.04864528283590466,2,1,0.375,1,1,0,1,0,2,2,0.02129697013142362,2.26,0.75,1.51,4.728703029868576,4.73,measured_success,202
404,ppo,1000404,1070,triprotic,medium,acid,separated,3,2.964,1.724,0.04675873009063067,1,0,2.625,1,0,0,1,0,2,1,0.06771660980223904,5.88,5.25,0.63,1.656283390197761,1.6600000000000001,measured_success,202
404,ppo,1000404,1071,monoprotic,near,acid,single,1,8.888,8.666,0.16001451867930216,0,0,,1,0,0,1,0,41,0,0.09752636822969052,0.4100000000000002,0.4100000000000002,0.0,8.763526368229691,8.76,measured_success,202
404,ppo,1000404,1072,triprotic,far,acid,separated,3,4.404,2.261,0.07131235237096861,0,0,,1,1,0,1,0,4,0,0.04078645566448724,11.649999999999999,11.649999999999999,0.0,2.3017864556644874,2.3000000000000003,measured_success,202
404,ppo,1000404,1073,diprotic,near,acid,separated,2,5.696,5.283,0.11326069117697499,2,1,0.375,1,1,0,1,0,2,2,0.00494672423301612,2.26,1.51,0.75,5.2879467242330165,5.29,measured_success,202
404,ppo,1000404,1074,monoprotic,medium,acid,single,1,5.023,3.667,0.05750850708960574,5,3,0.105,1,0,0,1,0,6,5,0.055259804069094365,7.25,4.93,2.3200000000000003,3.6117401959309055,3.61,measured_success,202
404,ppo,1000404,1075,diprotic,medium,base,separated,2,2.646,4.228,0.17766797798277179,0,0,,1,0,0,1,0,29,0,0.09728317402133335,21.079999999999977,0.0,21.079999999999977,4.130716825978666,4.13,measured_success,202
404,ppo,1000404,1076,triprotic,near,acid,overlapping,3,4.63,4.026,0.042905404790002884,0,0,,1,0,0,1,0,3,0,0.07122939968175501,3.39,3.39,0.0,4.097229399681755,4.1,measured_success,202
404,ppo,1000404,1077,diprotic,near,base,separated,2,2.748,3.243,0.09393012528359775,0,0,,1,1,0,1,0,2,0,0.02439364285462231,2.54,0.0,2.54,3.2186063571453776,3.22,measured_success,202
404,ppo,1000404,1078,diprotic,near,acid,separated,2,5.468,4.916,0.09708857572522248,0,0,,1,0,0,1,0,3,0,0.05632508703920891,3.17,3.17,0.0,4.972325087039209,4.97,measured_success,202
404,ppo,1000404,1079,monoprotic,near,acid,single,1,7.801,7.271,0.08691543237499129,0,0,,0,0,0,0,0,50,0,0.44619045136285873,0.5000000000000002,0.5000000000000002,0.0,7.717190451362859,7.72,max_steps,202
404,ppo,1000404,1080,monoprotic,far,base,single,1,3.888,6.434,0.14678060887727448,6,2,0.015,1,0,0,1,0,8,6,0.05946615095235597,14.2,2.9499999999999997,11.25,6.374533849047644,6.37,measured_success,202
404,ppo,1000404,1081,monoprotic,medium,base,single,1,5.81,7.46,0.03923526658698358,6,3,0.015,1,1,0,1,0,14,6,0.034475106762250185,12.990000000000002,6.040000000000002,6.95,7.42552489323775,7.43,measured_success,202
404,ppo,1000404,1082,monoprotic,medium,acid,single,1,4.154,2.84,0.13861009462202634,2,0,0.9,1,0,0,1,0,3,2,0.054208881158583466,6.52,4.72,1.8,2.8942088811585833,2.89,measured_success,202
404,ppo,1000404,1083,triprotic,medium,base,separated,3,6.784,8.594,0.05188571154514001,4,3,0.06,1,0,0,1,0,8,4,0.052760178351123344,12.309999999999999,5.36,6.949999999999999,8.541239821648876,8.540000000000001,measured_success,202
404,ppo,1000404,1084,triprotic,far,acid,overlapping,3,3.95,1.524,0.05403000881932843,0,0,,1,0,0,1,0,8,0,0.09301538856219205,19.980000000000004,19.980000000000004,0.0,1.617015388562192,1.62,measured_success,202
404,ppo,1000404,1085,monoprotic,medium,acid,single,1,7.05,5.915,0.03678654122881991,3,0,0.425,1,0,0,1,0,3,3,0.06674261406019344,6.52,4.72,1.8,5.848257385939807,5.8500000000000005,measured_success,202
404,ppo,1000404,1086,monoprotic,near,acid,single,1,6.82,6.604,0.12390999600394724,0,0,,0,0,0,0,0,50,0,0.16228406884552182,0.5000000000000002,0.5000000000000002,0.0,6.766284068845522,6.7700000000000005,max_steps,202
404,ppo,1000404,1087,monoprotic,far,base,single,1,4.15,7.063,0.10433489584244263,42,25,0.01,0,0,1,0,0,50,42,0.6111613883624729,16.279999999999994,7.9099999999999975,8.369999999999996,6.451838611637527,6.45,max_steps,202
404,ppo,1000404,1088,diprotic,medium,base,separated,2,1.739,2.506,0.12303948138832116,0,0,,1,0,0,1,0,5,0,0.09482375581120417,5.16,0.0,5.16,2.4111762441887956,2.41,measured_success,202
404,ppo,1000404,1089,diprotic,medium,acid,overlapping,2,2.501,1.76,0.12106571447653794,0,0,,1,0,0,1,0,1,0,0.07217614540965012,3.48,3.48,0.0,1.8321761454096501,1.83,measured_success,202
404,ppo,1000404,1090,triprotic,near,base,separated,3,5.444,5.665,0.07414153268172571,0,0,,0,0,0,0,0,50,0,0.10113260131917823,0.5000000000000002,0.0,0.5000000000000002,5.563867398680822,5.5600000000000005,max_steps,202
404,ppo,1000404,1091,diprotic,near,acid,overlapping,2,5.824,5.401,0.09571768117264871,0,0,,1,0,0,1,0,5,0,0.09292901089043859,3.0700000000000003,3.0700000000000003,0.0,5.493929010890438,5.49,measured_success,202
404,ppo,1000404,1092,monoprotic,near,base,single,1,4.95,5.483,0.1664834800980743,3,1,0.21,1,1,0,1,0,7,3,0.04569824335620343,4.699999999999999,2.0199999999999996,2.6799999999999997,5.528698243356203,5.53,measured_success,202
404,ppo,1000404,1093,diprotic,near,acid,separated,2,3.606,3.379,0.09627997291020737,1,0,0.755,1,0,0,1,0,1,1,0.06351034079792184,1.51,1.51,0.0,3.315489659202078,3.3200000000000003,measured_success,202
404,ppo,1000404,1094,monoprotic,near,acid,single,1,3.732,3.058,0.11066827685099678,0,0,,1,0,0,1,0,2,0,0.07782206158033667,5.28,5.28,0.0,3.1358220615803365,3.14,measured_success,202
404,ppo,1000404,1095,diprotic,medium,base,separated,2,5.478,6.447,0.1131766225245987,2,0,0.765,1,0,0,1,0,2,2,0.08415909635350349,5.57,1.53,4.04,6.362840903646497,6.36,measured_success,202
404,ppo,1000404,1096,triprotic,far,base,separated,3,4.236,7.258,0.065170536130333,1,0,0.425,1,1,0,1,0,5,1,0.011298614561016329,12.65,0.36,12.290000000000001,7.269298614561016,7.2700000000000005,measured_success,202
404,ppo,1000404,1097,triprotic,near,acid,overlapping,3,2.743,2.41,0.05452137650787046,1,0,1.06,1,0,0,1,0,1,1,0.07152986107519865,2.12,2.12,0.0,2.3384701389248015,2.34,measured_success,202
404,ppo,1000404,1098,diprotic,medium,acid,separated,2,2.998,1.698,0.03462347136443763,1,0,2.625,1,1,0,1,0,1,1,0.027548778343414515,5.25,5.25,0.0,1.6704512216565854,1.67,measured_success,202
404,ppo,1000404,1099,diprotic,far,base,separated,2,6.98,9.686,0.14269574402403037,6,2,0.02,0,0,0,1,1,9,6,0.10054028627890688,14.829999999999998,6.54,8.29,9.585459713721093,9.59,measured_success,202
404,ppo,1000404,1100,monoprotic,near,base,single,1,8.75,9.09,0.06005212624621881,0,0,,0,0,0,0,0,50,0,0.23167384401329372,0.5000000000000002,0.0,0.5000000000000002,8.858326155986706,8.86,max_steps,202
404,ppo,1000404,1101,diprotic,near,base,separated,2,3.961,4.569,0.03492759618412661,2,1,0.425,1,1,0,1,0,3,2,0.013746374583036847,3.53,0.85,2.6799999999999997,4.555253625416963,4.5600000000000005,measured_success,202
404,ppo,1000404,1102,monoprotic,near,base,single,1,9.52,10.131,0.043840531100056535,2,1,0.01,1,1,0,1,0,4,2,0.04916846354905147,0.16,0.02,0.14,10.081831536450949,10.08,measured_success,202
404,ppo,1000404,1103,monoprotic,medium,base,single,1,3.176,5.155,0.1733098859343783,6,4,0.035,1,0,0,1,0,11,6,0.0680519237899011,10.33,3.0,7.33,5.086948076210099,5.09,measured_success,202
404,ppo,1000404,1104,monoprotic,near,acid,single,1,7.167,6.682,0.17598960555754756,0,0,,1,1,0,1,0,1,0,0.027206916543430992,1.51,1.51,0.0,6.709206916543431,6.71,measured_success,202
404,ppo,1000404,1105,triprotic,medium,acid,separated,3,6.022,4.753,0.1368462588076267,0,0,,1,0,0,1,0,18,0,0.09513332900313287,17.97,17.97,0.0,4.848133329003133,4.8500000000000005,measured_success,202
404,ppo,1000404,1106,monoprotic,far,base,single,1,8.284,11.417,0.05319907334764119,1,0,3.24,1,0,0,1,0,10,1,0.0858172456485864,8.850000000000001,2.37,6.48,11.502817245648586,11.5,measured_success,202
404,ppo,1000404,1107,monoprotic,near,acid,single,1,7.932,7.296,0.036817522588717705,0,0,,0,0,0,0,0,50,0,0.4071338327145346,0.5000000000000002,0.5000000000000002,0.0,7.703133832714535,7.7,max_steps,202
404,ppo,1000404,1108,monoprotic,medium,acid,single,1,7.229,6.442,0.03756020528920055,1,0,1.06,1,0,0,1,0,1,1,0.09456905735887489,2.12,2.12,0.0,6.347430942641125,6.3500000000000005,measured_success,202
404,ppo,1000404,1109,diprotic,near,acid,separated,2,4.161,3.918,0.07447598829934085,1,1,0.755,1,0,0,1,0,2,1,0.07092742766759574,2.26,1.51,0.75,3.8470725723324044,3.85,measured_success,202
404,ppo,1000404,1110,diprotic,far,acid,separated,2,5.09,2.984,0.13998801060968546,4,1,0.075,1,0,0,1,0,5,4,0.05324922217001227,9.79,9.01,0.78,3.0372492221700123,3.04,measured_success,202
404,ppo,1000404,1111,monoprotic,near,acid,single,1,4.559,4.214,0.04947805638907994,1,0,0.755,1,0,0,1,0,1,1,0.07008629208305095,1.51,1.51,0.0,4.1439137079169495,4.14,measured_success,202
404,ppo,1000404,1112,diprotic,near,base,separated,2,2.774,3.292,0.12250213603634799,0,0,,1,0,0,1,0,9,0,0.09663614323994185,5.479999999999999,0.0,5.479999999999999,3.195363856760058,3.2,measured_success,202
404,ppo,1000404,1113,triprotic,medium,base,separated,3,3.348,4.905,0.13706140825318774,0,0,,1,0,0,1,0,15,0,0.09191174600484597,15.370000000000005,0.0,15.370000000000005,4.813088253995154,4.8100000000000005,measured_success,202
404,ppo,1000404,1114,triprotic,medium,base,separated,3,2.209,3.452,0.12278984686261878,0,0,,1,1,0,1,0,4,0,0.026474056432435944,6.949999999999999,0.0,6.949999999999999,3.425525943567564,3.43,measured_success,202
404,ppo,1000404,1115,triprotic,far,acid,separated,3,6.621,2.671,0.0675388078908613,2,1,0.45,0,0,0,1,1,5,2,0.10371688292282455,17.84,16.94,0.9,2.7747168829228244,2.77,measured_success,202
404,ppo,1000404,1116,monoprotic,far,base,single,1,4.391,6.958,0.07397762781422643,2,0,0.06,1,1,0,1,0,6,2,0.021012070514162318,11.600000000000001,0.98,10.620000000000001,6.936987929485838,6.94,measured_success,202
404,ppo,1000404,1117,diprotic,medium,base,separated,2,2.679,3.885,0.1391486450479603,0,0,,1,1,0,1,0,5,0,0.03710822261218372,7.259999999999999,0.0,7.259999999999999,3.847891777387816,3.85,measured_success,202
404,ppo,1000404,1118,diprotic,near,base,overlapping,2,4.612,4.97,0.13060585095726734,0,0,,1,0,0,1,0,6,0,0.08420129307520074,3.83,0.0,3.83,4.885798706924799,4.89,measured_success,202
404,ppo,1000404,1119,monoprotic,medium,base,single,1,5.398,6.835,0.05218665933674264,2,1,0.765,1,0,0,1,0,5,2,0.08229842393427678,10.39,4.15,6.24,6.752701576065723,6.75,measured_success,202
404,ppo,1000404,1120,monoprotic,far,base,single,1,6.035,8.558,0.08702165640295043,5,2,0.155,1,1,0,1,0,10,6,0.002611195367826724,14.380000000000003,4.680000000000001,9.700000000000001,8.555388804632173,8.56,measured_success,202
404,ppo,1000404,1121,monoprotic,medium,acid,single,1,5.75,4.669,0.09568985136714012,0,0,,1,0,0,1,0,1,0,0.08342476749408423,3.87,3.87,0.0,4.752424767494084,4.75,measured_success,202
404,ppo,1000404,1122,triprotic,medium,acid,separated,3,6.738,5.509,0.11605740050864906,0,0,,1,1,0,1,0,3,0,0.03271246554297669,4.81,4.81,0.0,5.541712465542977,5.54,measured_success,202
404,ppo,1000404,1123,triprotic,medium,acid,separated,3,3.026,1.783,0.04612669857479435,0,0,,1,0,0,1,0,2,0,0.0726628914465195,6.1,6.1,0.0,1.8556628914465194,1.86,measured_success,202
404,ppo,1000404,1124,triprotic,far,base,separated,3,6.655,9.806,0.06622558712934908,3,2,0.155,1,1,0,1,0,10,3,0.02742970669321032,12.91,5.8100000000000005,7.1,9.83342970669321,9.83,measured_success,202
404,ppo,1000404,1125,diprotic,near,base,separated,2,4.136,4.752,0.05148678719777928,1,0,1.13,1,0,0,1,0,1,1,0.058056520896584196,2.26,0.0,2.26,4.810056520896584,4.8100000000000005,measured_success,202
404,ppo,1000404,1126,diprotic,near,acid,separated,2,5.846,5.6,0.14180938450341865,0,0,,0,0,0,0,0,50,0,0.20691580176520574,0.5000000000000002,0.5000000000000002,0.0,5.806915801765205,5.8100000000000005,max_steps,202
404,ppo,1000404,1127,diprotic,near,base,separated,2,2.825,3.374,0.1009447099186414,0,0,,1,0,0,1,0,7,0,0.09044917592140189,4.859999999999999,0.0,4.859999999999999,3.283550824078598,3.2800000000000002,measured_success,202
404,ppo,1000404,1128,monoprotic,medium,base,single,1,3.634,4.489,0.0732663612000637,2,0,0.425,0,0,0,1,1,3,2,0.10020619122851304,3.4699999999999998,0.85,2.6199999999999997,4.388793808771487,4.39,measured_success,202
404,ppo,1000404,1129,diprotic,medium,base,separated,2,3.401,4.566,0.07405665619740928,0,0,,1,0,0,1,0,1,0,0.05808422507033928,4.04,0.0,4.04,4.507915774929661,4.51,measured_success,202
404,ppo,1000404,1130,diprotic,far,base,separated,2,4.6,7.437,0.12539450746435118,3,2,0.155,1,1,0,1,0,8,3,0.023264815566975905,17.919999999999998,0.78,17.139999999999997,7.460264815566976,7.46,measured_success,202
404,ppo,1000404,1131,monoprotic,medium,base,single,1,5.348,6.998,0.11290573456756128,0,0,,1,0,0,1,0,1,0,0.08272169513420113,5.25,0.0,5.25,6.915278304865799,6.92,measured_success,202
404,ppo,1000404,1132,triprotic,near,base,separated,3,4.182,4.81,0.17173674776691336,0,0,,1,0,0,1,0,5,0,0.09437092755268228,5.539999999999999,0.0,5.539999999999999,4.715629072447317,4.72,measured_success,202
404,ppo,1000404,1133,monoprotic,far,acid,single,1,4.76,1.513,0.06619678264810606,0,0,,1,0,0,1,0,5,0,0.08264182705983814,13.39,13.39,0.0,1.595641827059838,1.6,measured_success,202
404,ppo,1000404,1134,monoprotic,near,base,single,1,6.737,7.351,0.03646999628809831,1,0,1.06,1,0,0,1,0,2,1,0.06486493980280716,2.97,0.85,2.12,7.415864939802807,7.42,measured_success,202
404,ppo,1000404,1135,triprotic,medium,base,separated,3,7.729,8.722,0.1044177060402864,2,1,0.04,1,0,0,1,0,9,2,0.06628964451947716,1.44,0.08,1.3599999999999999,8.655710355480522,8.66,measured_success,202
404,ppo,1000404,1136,monoprotic,medium,acid,single,1,8.016,6.577,0.12282458604876126,0,0,,0,0,1,0,0,50,0,1.2501768732560432,1.500000000000001,1.500000000000001,0.0,7.827176873256043,7.83,max_steps,202
404,ppo,1000404,1137,diprotic,near,base,separated,2,5.258,5.624,0.1009471928757018,1,0,1.06,1,1,0,1,0,4,1,0.02990155589043031,3.55,1.43,2.12,5.65390155589043,5.65,measured_success,202
404,ppo,1000404,1138,triprotic,far,acid,separated,3,4.616,2.199,0.031579197668383484,1,0,3.035,1,0,0,1,0,2,1,0.07700419558237392,6.7,6.07,0.63,2.121995804417626,2.12,measured_success,202
404,ppo,1000404,1139,monoprotic,medium,acid,single,1,4.032,2.847,0.0348380023215005,4,1,0.21,1,0,0,1,0,4,4,0.08586616397971225,6.9399999999999995,4.72,2.22,2.9328661639797122,2.93,measured_success,202
404,ppo,1000404,1140,monoprotic,near,base,single,1,2.399,2.799,0.05945138475511336,1,0,0.755,1,0,0,1,0,1,1,0.06795307550887886,1.51,0.0,1.51,2.866953075508879,2.87,measured_success,202
404,ppo,1000404,1141,triprotic,near,base,separated,3,7.656,8.101,0.1414254023440342,0,0,,1,1,0,1,0,1,1,0.0010919358809591273,2.12,0.0,2.12,8.10209193588096,8.1,measured_success,202
404,ppo,1000404,1142,monoprotic,medium,base,single,1,5.944,7.078,0.1472951078257727,0,0,,1,0,0,1,0,7,0,0.08243471085263199,9.07,0.0,9.07,6.995565289147368,7.0,measured_success,202
404,ppo,1000404,1143,triprotic,medium,acid,separated,3,4.165,3.24,0.1350733070009605,0,0,,0,0,0,1,1,7,0,0.10236798785330681,10.39,10.39,0.0,3.342367987853307,3.34,measured_success,202
404,ppo,1000404,1144,triprotic,medium,acid,separated,3,6.965,6.157,0.10308354878222656,0,0,,1,0,0,1,0,7,0,0.06230867273230878,4.35,4.35,0.0,6.219308672732309,6.22,measured_success,202
404,ppo,1000404,1145,triprotic,medium,base,separated,3,3.512,4.489,0.12288745632180413,0,0,,1,0,0,1,0,9,0,0.07363422743292869,6.829999999999998,0.0,6.829999999999998,4.415365772567071,4.42,measured_success,202
404,ppo,1000404,1146,monoprotic,near,acid,single,1,3.133,2.495,0.1342013869760971,1,0,1.74,1,1,0,1,0,1,1,0.01047693202535882,3.48,3.48,0.0,2.4845230679746413,2.48,measured_success,202
404,ppo,1000404,1147,monoprotic,near,base,single,1,7.381,7.808,0.035459575489035076,1,0,1.06,1,0,0,1,0,3,1,0.050936776937929196,3.06,0.94,2.12,7.858936776937929,7.86,measured_success,202
404,ppo,1000404,1148,diprotic,near,acid,separated,2,5.242,4.806,0.12780845045418962,0,0,,1,0,0,1,0,1,0,0.07950870606044358,1.51,1.51,0.0,4.885508706060444,4.89,measured_success,202
404,ppo,1000404,1149,monoprotic,near,base,single,1,2.26,2.938,0.031316394686800565,2,0,0.315,1,1,0,1,0,4,2,0.012403039442401731,4.05,1.48,2.57,2.9255969605575984,2.93,measured_success,202
404,ppo,1000404,1150,diprotic,medium,base,overlapping,2,6.023,7.981,0.07906584581144037,6,3,0.02,1,0,0,1,0,9,6,0.06709021701425932,10.530000000000001,4.420000000000001,6.11,7.9139097829857405,7.91,measured_success,202
404,ppo,1000404,1151,monoprotic,medium,base,single,1,5.351,6.52,0.08207476188819551,4,3,0.075,1,0,0,1,0,9,4,0.0673835771166047,8.579999999999998,3.84,4.739999999999999,6.452616422883395,6.45,measured_success,202
404,ppo,1000404,1152,triprotic,near,acid,separated,3,4.445,3.832,0.07308031238979068,1,0,0.515,1,1,0,1,0,2,1,0.010370628786363412,2.54,2.54,0.0,3.8216293712136364,3.8200000000000003,measured_success,202
404,ppo,1000404,1153,monoprotic,near,base,single,1,7.62,7.983,0.056494740239897284,0,0,,0,0,0,0,0,50,0,0.20778510711539955,0.5000000000000002,0.0,0.5000000000000002,7.7752148928846,7.78,max_steps,202
404,ppo,1000404,1154,diprotic,medium,acid,separated,2,3.579,2.21,0.11773274709248349,1,0,0.515,1,0,0,1,0,5,1,0.050052820556670596,11.49,11.49,0.0,2.1599471794433294,2.16,measured_success,202
404,ppo,1000404,1155,monoprotic,far,base,single,1,2.165,5.39,0.13407534973488314,6,3,0.025,1,1,0,1,0,16,6,0.03636849004247633,22.450000000000003,4.92,17.530000000000005,5.353631509957523,5.3500000000000005,measured_success,202
404,ppo,1000404,1156,diprotic,medium,base,separated,2,4.389,5.142,0.07462194576546623,2,0,0.425,1,0,0,1,0,3,2,0.08886627447787365,3.96,1.7,2.26,5.053133725522127,5.05,measured_success,202
404,ppo,1000404,1157,monoprotic,medium,base,single,1,3.922,5.409,0.15122885487408547,3,2,0.155,1,1,0,1,0,8,3,0.017480248543598087,10.44,2.77,7.67,5.426480248543598,5.43,measured_success,202
404,ppo,1000404,1158,triprotic,medium,base,separated,3,3.755,5.416,0.06633255895744461,1,0,2.625,1,1,0,1,0,1,1,0.01569080085228869,5.25,0.0,5.25,5.431690800852289,5.43,measured_success,202
404,ppo,1000404,1159,monoprotic,near,acid,single,1,3.519,3.158,0.08821628352813105,1,0,0.755,1,1,0,1,0,1,1,0.03384672126368615,1.51,1.51,0.0,3.1241532787363138,3.12,measured_success,202
404,ppo,1000404,1160,monoprotic,medium,base,single,1,6.876,8.134,0.07165599781876228,2,0,0.905,1,0,0,1,0,4,2,0.07986346051665194,6.84,1.81,5.03,8.054136539483348,8.05,measured_success,202
404,ppo,1000404,1161,monoprotic,medium,acid,single,1,8.131,6.15,0.04159470359749639,4,3,0.085,1,1,0,1,0,18,4,0.04089556660323268,12.939999999999998,7.559999999999998,5.38,6.190895566603233,6.19,measured_success,202
404,ppo,1000404,1162,monoprotic,near,acid,single,1,4.642,4.222,0.16944561592758287,0,0,,1,1,0,1,0,3,0,0.048146306645242554,2.9899999999999998,2.9899999999999998,0.0,4.270146306645243,4.2700000000000005,measured_success,202
404,ppo,1000404,1163,diprotic,medium,base,separated,2,4.238,5.047,0.09521892040385423,2,1,0.395,1,0,0,1,0,4,2,0.06571761192822212,4.99,0.79,4.2,4.981282388071778,4.98,measured_success,202
404,ppo,1000404,1164,diprotic,medium,acid,separated,2,4.489,3.633,0.04553711888337319,2,0,0.9,1,0,0,1,0,2,2,0.05158127719364991,5.67,3.87,1.8,3.68458127719365,3.68,measured_success,202
404,ppo,1000404,1165,monoprotic,far,base,single,1,6.379,8.939,0.040652626465566694,5,4,0.035,1,1,0,1,0,14,5,0.039257177119871756,16.450000000000003,7.450000000000002,9.0,8.978257177119872,8.98,measured_success,202
404,ppo,1000404,1166,monoprotic,near,base,single,1,3.126,3.372,0.036565578526234196,1,1,0.755,1,1,0,1,0,2,1,0.033670137283565715,2.26,0.75,1.51,3.4056701372835656,3.41,measured_success,202
404,ppo,1000404,1167,triprotic,far,base,separated,3,4.588,7.253,0.07071236501016122,0,0,,1,1,0,1,0,4,0,0.006285358391551199,12.020000000000003,0.0,12.020000000000003,7.246714641608449,7.25,measured_success,202
404,ppo,1000404,1168,diprotic,far,base,separated,2,5.605,9.463,0.07026728686454223,43,20,0.01,0,0,0,0,0,50,43,0.172199578872954,19.359999999999992,8.689999999999994,10.669999999999996,9.635199578872953,9.64,max_steps,202
404,ppo,1000404,1169,monoprotic,medium,acid,single,1,8.321,6.852,0.12481783503144414,0,0,,0,0,1,0,0,50,0,1.2950285718353491,1.500000000000001,1.500000000000001,0.0,8.14702857183535,8.15,max_steps,202
404,ppo,1000404,1170,monoprotic,medium,acid,single,1,2.899,1.844,0.033744464247833277,2,0,0.425,1,0,0,1,0,3,2,0.08352617361065273,5.75,3.87,1.88,1.9275261736106528,1.93,measured_success,202
404,ppo,1000404,1171,triprotic,near,base,separated,3,5.572,5.805,0.05120631854304938,0,0,,1,0,0,1,0,33,0,0.09690614327955416,0.3300000000000001,0.0,0.3300000000000001,5.708093856720446,5.71,measured_success,202
404,ppo,1000404,1172,monoprotic,near,acid,single,1,6.679,6.316,0.08325391340719228,0,0,,0,0,0,0,0,50,0,0.27339014905410775,0.5000000000000002,0.5000000000000002,0.0,6.589390149054108,6.59,max_steps,202
404,ppo,1000404,1173,monoprotic,medium,base,single,1,2.78,4.668,0.08199664011977999,4,4,0.075,1,1,0,1,0,9,4,0.014686640329810707,9.139999999999999,3.1599999999999997,5.9799999999999995,4.653313359670189,4.65,measured_success,202
404,ppo,1000404,1174,diprotic,medium,base,separated,2,3.632,4.703,0.04126918060738918,0,0,,1,1,0,1,0,2,0,0.03834757264974886,4.57,0.0,4.57,4.664652427350251,4.66,measured_success,202
404,ppo,1000404,1175,diprotic,near,base,separated,2,5.686,5.893,0.12105946081725978,0,0,,0,0,0,0,0,50,0,0.12359316703793599,0.5000000000000002,0.0,0.5000000000000002,5.769406832962064,5.7700000000000005,max_steps,202
404,ppo,1000404,1176,triprotic,near,base,separated,3,2.948,3.258,0.1348694705382604,0,0,,1,0,0,1,0,3,0,0.05452310493530543,3.39,0.0,3.39,3.2034768950646946,3.2,measured_success,202
404,ppo,1000404,1177,diprotic,medium,acid,separated,2,4.927,3.018,0.10155763834424518,0,0,,1,1,0,1,0,4,1,0.0006747681219536616,9.589999999999998,9.589999999999998,0.0,3.017325231878046,3.02,measured_success,202
404,ppo,1000404,1178,monoprotic,near,base,single,1,6.381,7.018,0.12302850833830402,1,0,0.28,1,1,0,1,0,3,1,0.009431737639927995,3.5300000000000002,0.0,3.5300000000000002,7.027431737639928,7.03,measured_success,202
404,ppo,1000404,1179,diprotic,near,base,overlapping,2,4.933,5.434,0.05814799729106356,4,2,0.105,1,1,0,1,0,5,4,0.03955308339750996,4.45,1.91,2.54,5.39444691660249,5.39,measured_success,202
404,ppo,1000404,1180,monoprotic,medium,acid,single,1,7.315,5.93,0.101795713699385,0,0,,1,1,0,1,0,7,0,0.030802366600195086,8.73,8.73,0.0,5.960802366600195,5.96,measured_success,202
404,ppo,1000404,1181,triprotic,near,acid,separated,3,1.898,1.578,0.07582181176283898,0,0,,1,0,0,1,0,1,0,0.08354275239581788,2.12,2.12,0.0,1.661542752395818,1.6600000000000001,measured_success,202
404,ppo,1000404,1182,monoprotic,far,acid,single,1,9.149,5.796,0.1520202867610986,0,0,,0,0,1,0,0,50,0,3.1501414605756777,1.500000000000001,1.500000000000001,0.0,8.946141460575678,8.950000000000001,max_steps,202
404,ppo,1000404,1183,triprotic,near,acid,separated,3,4.199,3.965,0.03048495156386979,1,1,0.755,1,1,0,1,0,2,1,0.0395761781516244,2.26,1.51,0.75,3.9254238218483755,3.93,measured_success,202
404,ppo,1000404,1184,monoprotic,far,acid,single,1,6.403,3.73,0.13854526770280198,7,4,0.015,1,1,0,1,0,12,7,0.04731162083807616,14.190000000000001,7.9,6.29,3.682688379161924,3.68,measured_success,202
404,ppo,1000404,1185,diprotic,near,acid,separated,2,3.699,3.397,0.0414981652689387,2,1,0.375,1,1,0,1,0,2,2,0.014666105097826065,2.26,1.51,0.75,3.411666105097826,3.41,measured_success,202
404,ppo,1000404,1186,triprotic,near,acid,separated,3,6.027,5.797,0.08338780305076184,0,0,,1,0,0,1,0,47,0,0.09679062974283159,0.47000000000000025,0.47000000000000025,0.0,5.893790629742831,5.89,measured_success,202
404,ppo,1000404,1187,monoprotic,medium,base,single,1,7.423,9.174,0.1236852546057044,4,1,0.115,1,1,0,1,0,5,4,0.014707907381591667,8.82,2.83,5.99,9.159292092618408,9.16,measured_success,202
404,ppo,1000404,1188,monoprotic,medium,base,single,1,6.954,7.9,0.13347499656318917,0,0,,1,1,0,1,0,6,0,0.049867726296657366,5.809999999999999,0.0,5.809999999999999,7.850132273703343,7.8500000000000005,measured_success,202
404,ppo,1000404,1189,monoprotic,medium,base,single,1,4.522,5.47,0.15060890386976822,0,0,,1,0,0,1,0,13,0,0.09946224952188576,8.069999999999997,0.0,8.069999999999997,5.370537750478114,5.37,measured_success,202
404,ppo,1000404,1190,diprotic,far,base,separated,2,4.987,8.971,0.14392716266909011,42,25,0.01,0,0,0,0,0,50,42,0.2672518293279573,15.689999999999992,3.6999999999999957,11.989999999999997,8.703748170672043,8.700000000000001,max_steps,202
404,ppo,1000404,1191,diprotic,medium,base,separated,2,3.527,5.308,0.09236862065870956,1,1,0.79,1,0,0,1,0,5,1,0.07845193687616181,12.580000000000002,0.79,11.790000000000001,5.386451936876162,5.39,measured_success,202
404,ppo,1000404,1192,monoprotic,far,acid,single,1,5.063,2.504,0.06680706551332198,1,0,1.82,1,0,0,1,0,2,1,0.06113783296610409,9.71,9.71,0.0,2.442862167033896,2.44,measured_success,202
404,ppo,1000404,1193,monoprotic,medium,acid,single,1,4.308,2.336,0.16580189976725432,1,0,0.425,1,1,0,1,0,8,1,0.023903295939679214,18.520000000000003,18.520000000000003,0.0,2.3120967040603206,2.31,measured_success,202
404,ppo,1000404,1194,triprotic,near,base,separated,3,4.53,4.751,0.033439800607771575,0,0,,1,0,0,1,0,12,0,0.09366360623141379,0.4799999999999999,0.0,0.4799999999999999,4.6573363937685865,4.66,measured_success,202
404,ppo,1000404,1195,monoprotic,far,base,single,1,2.813,4.844,0.030511278804745343,5,2,0.02,1,1,0,1,0,12,5,0.03191081842989707,10.35,4.22,6.13,4.875910818429897,4.88,measured_success,202
404,ppo,1000404,1196,diprotic,near,base,separated,2,2.982,3.581,0.06761558898599457,0,0,,1,0,0,1,0,1,0,0.06834593385992838,2.26,0.0,2.26,3.5126540661400716,3.5100000000000002,measured_success,202
404,ppo,1000404,1197,diprotic,far,base,separated,2,6.042,9.207,0.03480331146054008,48,25,0.01,0,0,0,0,0,50,48,0.4160799901816361,14.789999999999992,7.099999999999996,7.689999999999996,8.790920009818365,8.790000000000001,max_steps,202
404,ppo,1000404,1198,monoprotic,medium,base,single,1,6.844,8.394,0.10610705896156146,4,1,0.025,1,1,0,1,0,6,4,0.009095139634665017,8.98,2.79,6.1899999999999995,8.384904860365335,8.38,measured_success,202
404,ppo,1000404,1199,monoprotic,far,base,single,1,8.098,11.335,0.0644448049164687,1,0,3.24,1,0,0,1,0,13,1,0.08707377695241902,11.370000000000001,4.89,6.48,11.42207377695242,11.42,measured_success,202
404,ppo,1000404,1200,triprotic,medium,base,overlapping,3,3.786,5.033,0.167297502926041,0,0,,1,1,0,1,0,14,0,0.04631951522099609,15.060000000000004,0.0,15.060000000000004,4.986680484779004,4.99,measured_success,202
404,ppo,1000404,1201,triprotic,near,acid,separated,3,6.334,6.07,0.04420146062405296,0,0,,1,0,0,1,0,12,0,0.09838198574779433,0.11999999999999998,0.11999999999999998,0.0,6.168381985747795,6.17,measured_success,202
404,ppo,1000404,1202,triprotic,medium,base,separated,3,3.923,5.645,0.17668090592588404,0,0,,1,0,0,1,0,42,0,0.09457687686443528,19.820000000000036,0.0,19.820000000000036,5.550423123135564,5.55,measured_success,202
404,ppo,1000404,1203,monoprotic,far,acid,single,1,7.973,4.948,0.04956116082855619,16,8,0.01,0,0,0,0,0,50,16,0.19984193543885453,11.719999999999997,7.8599999999999985,3.859999999999999,5.147841935438855,5.15,max_steps,202
404,ppo,1000404,1204,monoprotic,medium,acid,single,1,5.664,4.319,0.1790930516073018,6,1,0.045,1,1,0,1,0,7,6,0.017379068838066836,7.1899999999999995,4.9399999999999995,2.25,4.336379068838067,4.34,measured_success,202
404,ppo,1000404,1205,triprotic,medium,base,separated,3,6.18,7.96,0.17656760860174187,4,0,0.045,1,1,0,1,0,7,4,0.034435734923063954,11.68,1.11,10.57,7.925564265076936,7.930000000000001,measured_success,202
404,ppo,1000404,1206,monoprotic,near,base,single,1,3.91,4.453,0.05634085821236973,2,0,0.425,1,0,0,1,0,2,2,0.0727002033674653,3.11,0.85,2.26,4.380299796632535,4.38,measured_success,202
404,ppo,1000404,1207,monoprotic,far,acid,single,1,6.169,3.092,0.05724536131987347,3,1,0.09,1,1,0,1,0,7,3,0.03805913047295695,11.129999999999999,6.68,4.45,3.053940869527043,3.0500000000000003,measured_success,202
404,ppo,1000404,1208,diprotic,near,base,separated,2,2.355,2.967,0.05918757305915949,1,0,0.515,1,0,0,1,0,2,1,0.05102758008651831,3.1500000000000004,0.0,3.1500000000000004,3.0180275800865184,3.02,measured_success,202
404,ppo,1000404,1209,diprotic,near,base,separated,2,3.275,3.772,0.1043936277587752,0,0,,1,1,0,1,0,2,0,0.04928080954849756,2.36,0.0,2.36,3.7227191904515022,3.72,measured_success,202
404,ppo,1000404,1210,triprotic,near,acid,separated,3,2.538,1.952,0.14855344811648752,0,0,,0,0,0,1,1,3,0,0.10031562834711494,6.3100000000000005,6.3100000000000005,0.0,2.052315628347115,2.05,measured_success,202
404,ppo,1000404,1211,triprotic,far,acid,separated,3,5.558,2.008,0.08400288214547233,0,0,,1,0,0,1,0,6,0,0.06981710445254041,19.89,19.89,0.0,2.0778171044525404,2.08,measured_success,202
404,ppo,1000404,1212,monoprotic,near,base,single,1,4.338,4.913,0.030704075782999465,3,2,0.055,1,0,0,1,0,6,3,0.06065383285705295,4.35,1.98,2.3699999999999997,4.973653832857053,4.97,measured_success,202
404,ppo,1000404,1213,diprotic,medium,base,separated,2,2.86,4.582,0.13123653787869405,4,3,0.105,1,1,0,1,0,6,4,0.037769181906342375,9.34,1.06,8.28,4.5442308180936575,4.54,measured_success,202
404,ppo,1000404,1214,diprotic,far,base,separated,2,3.415,6.991,0.06387705912966211,6,3,0.015,1,1,0,1,0,14,6,0.04193555717552222,16.17,4.950000000000002,11.22,6.949064442824477,6.95,measured_success,202
404,ppo,1000404,1215,triprotic,medium,base,separated,3,4.761,6.216,0.0976498541465512,0,0,,1,1,0,1,0,5,0,0.030441867378823595,10.36,0.0,10.36,6.185558132621177,6.19,measured_success,202
404,ppo,1000404,1216,diprotic,medium,base,separated,2,3.323,4.108,0.05015911287818364,1,0,0.425,1,1,0,1,0,3,1,0.027692767572150778,4.6899999999999995,0.0,4.6899999999999995,4.13569276757215,4.14,measured_success,202
404,ppo,1000404,1217,diprotic,near,base,separated,2,7.345,8.018,0.05683287697710105,2,1,0.315,1,1,0,1,0,4,2,0.023580046327124293,3.91,1.48,2.43,7.994419953672876,7.99,measured_success,202
404,ppo,1000404,1218,monoprotic,far,acid,single,1,6.761,3.806,0.054289902169739855,5,2,0.115,1,0,0,1,0,9,5,0.08546985478915214,13.690000000000001,8.33,5.36,3.720530145210848,3.72,measured_success,202
404,ppo,1000404,1219,triprotic,medium,base,separated,3,5.826,7.815,0.12765297289279656,3,1,0.09,1,1,0,1,0,7,3,0.00687105222879314,12.680000000000001,0.99,11.690000000000001,7.8218710522287935,7.82,measured_success,202
404,ppo,1000404,1220,diprotic,medium,acid,separated,2,4.45,2.487,0.09045848082978512,1,0,0.515,1,0,0,1,0,3,1,0.08066677479165385,7.89,7.89,0.0,2.4063332252083462,2.41,measured_success,202
404,ppo,1000404,1221,diprotic,medium,acid,separated,2,3.834,2.315,0.068132961312786,1,0,0.515,1,0,0,1,0,3,1,0.05626069671030143,8.2,8.2,0.0,2.2587393032896985,2.2600000000000002,measured_success,202
404,ppo,1000404,1222,diprotic,medium,base,separated,2,2.584,3.503,0.17842852647863863,0,0,,1,0,0,1,0,9,0,0.09557673462327365,7.549999999999999,0.0,7.549999999999999,3.4074232653767265,3.41,measured_success,202
404,ppo,1000404,1223,triprotic,medium,base,separated,3,5.113,5.943,0.08589306359251005,1,0,0.425,1,0,0,1,0,3,1,0.06463847390713617,4.6899999999999995,0.0,4.6899999999999995,6.007638473907136,6.01,measured_success,202
404,ppo,1000404,1224,diprotic,medium,base,overlapping,2,3.132,4.317,0.06424593807461267,0,0,,1,0,0,1,0,9,0,0.05986471856172315,11.970000000000002,0.0,11.970000000000002,4.257135281438277,4.26,measured_success,202
404,ppo,1000404,1225,monoprotic,medium,base,single,1,8.519,9.98,0.048780025356675666,1,1,0.085,1,1,0,1,0,3,1,0.02290292068191846,0.42000000000000004,0.08,0.34,10.002902920681919,10.0,measured_success,202
404,ppo,1000404,1226,diprotic,medium,acid,separated,2,3.98,2.059,0.0833028209690728,0,0,,1,1,0,1,0,3,0,0.03328119435787613,8.559999999999999,8.559999999999999,0.0,2.0922811943578763,2.09,measured_success,202
404,ppo,1000404,1227,monoprotic,medium,base,single,1,6.754,7.986,0.1438615952974112,2,0,0.905,1,0,0,1,0,4,2,0.088694877037919,7.26,1.81,5.449999999999999,7.897305122962081,7.9,measured_success,202
404,ppo,1000404,1228,monoprotic,near,base,single,1,1.757,2.379,0.07267778292454605,0,0,,1,0,0,1,0,3,0,0.06517440139604114,4.0,0.0,4.0,2.313825598603959,2.31,measured_success,202
404,ppo,1000404,1229,triprotic,near,base,separated,3,5.561,5.787,0.03675022473778343,0,0,,0,0,0,1,1,31,0,0.10056490951448271,0.3100000000000001,0.0,0.3100000000000001,5.686435090485517,5.69,measured_success,202
404,ppo,1000404,1230,monoprotic,medium,base,single,1,4.133,5.366,0.04049312715345109,4,2,0.075,1,1,0,1,0,6,4,0.015238921700625241,10.49,4.300000000000001,6.1899999999999995,5.350761078299374,5.3500000000000005,measured_success,202
404,ppo,1000404,1231,diprotic,near,acid,separated,2,5.265,4.831,0.05950037904360265,0,0,,1,1,0,1,0,3,0,0.02941736708560594,2.9899999999999998,2.9899999999999998,0.0,4.860417367085606,4.86,measured_success,202
404,ppo,1000404,1232,diprotic,near,base,separated,2,5.184,5.566,0.036564805217893626,1,0,1.06,1,1,0,1,0,2,1,0.04459634888443542,2.97,0.85,2.12,5.610596348884435,5.61,measured_success,202
404,ppo,1000404,1233,triprotic,far,acid,separated,3,4.755,1.658,0.08510345680327461,0,0,,1,0,0,1,0,5,0,0.053677367011311095,16.180000000000003,16.180000000000003,0.0,1.711677367011311,1.71,measured_success,202
404,ppo,1000404,1234,diprotic,far,base,separated,2,6.727,9.349,0.15434002251157686,6,2,0.02,1,0,0,1,0,12,6,0.0583467522789185,10.799999999999999,2.85,7.949999999999999,9.290653247721082,9.290000000000001,measured_success,202
404,ppo,1000404,1235,monoprotic,medium,acid,single,1,3.627,2.153,0.16665953839418746,0,0,,1,1,0,1,0,4,0,0.037592430415419376,9.729999999999999,9.729999999999999,0.0,2.1905924304154194,2.19,measured_success,202
404,ppo,1000404,1236,diprotic,medium,base,separated,2,2.364,4.356,0.037840840861823585,2,0,0.315,1,1,0,1,0,4,2,0.01439670457387443,7.039999999999999,1.48,5.56,4.341603295426125,4.34,measured_success,202
404,ppo,1000404,1237,triprotic,medium,base,separated,3,4.481,6.016,0.06214017974878342,3,1,0.155,1,0,0,1,0,6,3,0.055228506534199084,9.48,2.62,6.859999999999999,6.071228506534199,6.07,measured_success,202
404,ppo,1000404,1238,diprotic,far,base,separated,2,2.395,4.989,0.060097663517820386,0,0,,1,0,0,1,0,7,0,0.07126723169637739,15.23,0.0,15.23,4.9177327683036225,4.92,measured_success,202
404,ppo,1000404,1239,diprotic,far,base,separated,2,5.724,7.898,0.049048560463695365,1,0,0.155,1,0,0,1,0,4,1,0.0586554399028838,6.45,0.0,6.45,7.9566554399028835,7.96,measured_success,202
404,ppo,1000404,1240,monoprotic,far,base,single,1,6.582,10.009,0.15966102335068194,7,7,0.015,1,1,0,1,0,13,7,0.030402641161984434,14.39,6.79,7.600000000000001,10.039402641161985,10.040000000000001,measured_success,202
404,ppo,1000404,1241,monoprotic,near,acid,single,1,3.386,3.124,0.08955610936624167,1,0,0.755,1,1,0,1,0,1,1,0.04877508878694714,1.51,1.51,0.0,3.075224911213053,3.08,measured_success,202
404,ppo,1000404,1242,triprotic,medium,base,overlapping,3,4.99,5.808,0.03814974048747758,5,2,0.03,1,1,0,1,0,9,5,0.01770710514401941,5.140000000000001,2.5,2.64,5.825707105144019,5.83,measured_success,202
404,ppo,1000404,1243,diprotic,far,base,separated,2,6.205,8.611,0.03288608588306866,47,23,0.01,0,0,1,0,0,50,47,0.5363064415206438,14.929999999999993,6.889999999999997,8.039999999999996,9.147306441520644,9.15,max_steps,202
404,ppo,1000404,1244,monoprotic,medium,base,single,1,8.185,9.642,0.0627151717390049,0,0,,1,0,0,1,0,27,0,0.0720334460522416,4.589999999999999,0.0,4.589999999999999,9.569966553947758,9.57,measured_success,202
404,ppo,1000404,1245,monoprotic,far,acid,single,1,5.361,3.142,0.0645230784044778,3,2,0.09,1,1,0,1,0,8,3,0.04905247675466784,11.17,6.9,4.27,3.092947523245332,3.09,measured_success,202
404,ppo,1000404,1246,monoprotic,near,acid,single,1,3.811,3.37,0.10721309472615763,1,1,0.515,1,1,0,1,0,3,1,0.04806706250171011,3.05,2.54,0.51,3.32193293749829,3.3200000000000003,measured_success,202
404,ppo,1000404,1247,monoprotic,far,base,single,1,6.301,10.183,0.07196347378688657,5,1,0.04,1,1,0,1,0,10,5,0.006465790488675793,17.979999999999997,8.42,9.559999999999999,10.189465790488676,10.19,measured_success,202
404,ppo,1000404,1248,monoprotic,near,acid,single,1,3.073,2.781,0.14158639231627634,0,0,,1,0,0,1,0,1,0,0.08164060487607783,1.51,1.51,0.0,2.862640604876078,2.86,measured_success,202
404,ppo,1000404,1249,monoprotic,near,acid,single,1,3.645,3.037,0.08417471355543327,3,1,0.255,1,1,0,1,0,3,3,0.019169647354670083,3.7200000000000006,2.6900000000000004,1.03,3.01783035264533,3.02,measured_success,202
404,ppo,1000404,1250,triprotic,medium,acid,separated,3,6.972,5.506,0.06671568895796465,0,0,,1,0,0,1,0,3,0,0.0709934255009248,4.81,4.81,0.0,5.576993425500925,5.58,measured_success,202
404,ppo,1000404,1251,monoprotic,medium,base,single,1,7.17,8.744,0.10520307445717132,2,0,0.315,1,1,0,1,0,4,2,0.038329544160642826,8.85,1.48,7.37,8.705670455839357,8.71,measured_success,202
404,ppo,1000404,1252,diprotic,medium,acid,separated,2,4.674,2.835,0.07433235824969656,0,0,,1,1,0,1,0,3,0,0.03901044458160374,8.01,8.01,0.0,2.8740104445816037,2.87,measured_success,202
404,ppo,1000404,1253,monoprotic,near,acid,single,1,4.891,4.354,0.1591678946650087,0,0,,1,0,0,1,0,5,0,0.08746252318278724,3.79,3.79,0.0,4.441462523182787,4.44,measured_success,202
404,ppo,1000404,1254,diprotic,medium,base,separated,2,3.994,5.319,0.07311035560813074,1,0,2.625,1,0,0,1,0,1,1,0.051606840037975665,5.25,0.0,5.25,5.370606840037976,5.37,measured_success,202
404,ppo,1000404,1255,monoprotic,medium,base,single,1,4.478,5.298,0.0806144607115057,2,0,0.425,1,1,0,1,0,2,2,0.03947493408699998,3.11,0.85,2.26,5.258525065913,5.26,measured_success,202
404,ppo,1000404,1256,diprotic,medium,acid,separated,2,6.207,4.273,0.05485876495805554,1,0,0.515,1,1,0,1,0,3,1,0.005730279820147288,7.89,7.89,0.0,4.267269720179852,4.2700000000000005,measured_success,202
404,ppo,1000404,1257,monoprotic,near,base,single,1,3.52,4.176,0.051897110403181464,0,0,,1,1,0,1,0,1,0,0.01311443321791117,2.26,0.0,2.26,4.162885566782089,4.16,measured_success,202
404,ppo,1000404,1258,monoprotic,near,acid,single,1,6.22,5.736,0.04111952695487511,2,2,0.155,1,0,0,1,0,4,2,0.06358208668608345,2.7199999999999998,1.66,1.06,5.799582086686083,5.8,measured_success,202
404,ppo,1000404,1259,monoprotic,medium,base,single,1,4.698,5.981,0.1583306060231335,1,0,0.265,1,1,0,1,0,2,1,0.010892904285329408,5.78,0.0,5.78,5.991892904285329,5.99,measured_success,202
404,ppo,1000404,1260,triprotic,near,base,overlapping,3,4.085,4.565,0.09646842036465036,0,0,,1,0,0,1,0,14,0,0.08363529688958327,8.329999999999997,0.0,8.329999999999997,4.481364703110417,4.48,measured_success,202
404,ppo,1000404,1261,monoprotic,medium,acid,single,1,5.467,3.479,0.1643359649649081,1,0,0.79,1,1,0,1,0,5,1,0.025578355339001213,15.84,15.84,0.0,3.453421644660999,3.45,measured_success,202
404,ppo,1000404,1262,triprotic,medium,base,separated,3,2.019,3.631,0.10943635035775068,0,0,,1,0,0,1,0,18,0,0.09086169364246599,15.760000000000002,0.0,15.760000000000002,3.540138306357534,3.54,measured_success,202
404,ppo,1000404,1263,diprotic,near,base,overlapping,2,2.508,2.742,0.03054621575167318,2,1,0.375,1,1,0,1,0,2,2,0.038560958102190845,2.26,0.75,1.51,2.703439041897809,2.7,measured_success,202
404,ppo,1000404,1264,triprotic,medium,acid,separated,3,6.675,5.134,0.04864077363440658,1,0,0.315,1,1,0,1,0,2,1,0.03518632550683343,4.5,4.5,0.0,5.098813674493167,5.1000000000000005,measured_success,202
404,ppo,1000404,1265,monoprotic,medium,base,single,1,4.154,4.9,0.07897859089966218,0,0,,1,1,0,1,0,3,0,0.012340775214392252,4.6899999999999995,0.0,4.6899999999999995,4.887659224785608,4.89,measured_success,202
404,ppo,1000404,1266,monoprotic,near,acid,single,1,6.597,6.239,0.049487437768515864,0,0,,0,0,0,0,0,50,0,0.1137932028783526,0.5000000000000002,0.5000000000000002,0.0,6.3527932028783525,6.3500000000000005,max_steps,202
404,ppo,1000404,1267,diprotic,far,base,separated,2,4.039,6.883,0.14193526738203818,0,0,,1,0,0,1,0,14,0,0.09177595235278613,28.029999999999998,0.0,28.029999999999998,6.791224047647214,6.79,measured_success,202
404,ppo,1000404,1268,triprotic,near,base,overlapping,3,2.714,3.175,0.08547345756032301,0,0,,1,0,0,1,0,4,0,0.07669681278189877,4.0200000000000005,0.0,4.0200000000000005,3.098303187218101,3.1,measured_success,202
404,ppo,1000404,1269,diprotic,near,base,separated,2,4.271,4.699,0.10371959622452499,0,0,,1,0,0,1,0,3,0,0.07936886813190114,2.8899999999999997,0.0,2.8899999999999997,4.619631131868099,4.62,measured_success,202
404,ppo,1000404,1270,triprotic,medium,acid,separated,3,5.967,5.042,0.09951453192342428,0,0,,1,1,0,1,0,2,0,0.04904079360491309,4.5,4.5,0.0,5.091040793604913,5.09,measured_success,202
404,ppo,1000404,1271,monoprotic,medium,base,single,1,3.591,5.371,0.05581285918150713,44,8,0.01,0,0,0,0,0,50,44,0.10177971945389253,11.40999999999999,5.439999999999995,5.969999999999995,5.269220280546108,5.2700000000000005,max_steps,202
404,ppo,1000404,1272,monoprotic,medium,acid,single,1,4.096,3.037,0.0337901871330319,1,0,1.935,1,1,0,1,0,3,1,0.007423381510988314,6.7,3.87,2.83,3.0295766184890116,3.0300000000000002,measured_success,202
404,ppo,1000404,1273,monoprotic,medium,acid,single,1,6.316,4.506,0.09552276922989732,4,1,0.045,1,1,0,1,0,7,4,0.013444530107445729,9.139999999999999,7.349999999999999,1.79,4.519444530107446,4.5200000000000005,measured_success,202
404,ppo,1000404,1274,diprotic,near,acid,separated,2,4.546,4.278,0.08276476128493525,0,0,,1,0,0,1,0,1,0,0.06480043039246741,1.51,1.51,0.0,4.342800430392467,4.34,measured_success,202
404,ppo,1000404,1275,monoprotic,medium,acid,single,1,8.347,7.231,0.05293664871025369,0,0,,1,0,0,1,0,42,0,0.0702714931627817,3.950000000000001,3.950000000000001,0.0,7.301271493162782,7.3,measured_success,202
404,ppo,1000404,1276,diprotic,medium,acid,separated,2,5.973,4.884,0.0725478915153601,0,0,,1,0,0,1,0,3,0,0.05756229388840062,4.81,4.81,0.0,4.941562293888401,4.94,measured_success,202
404,ppo,1000404,1277,monoprotic,medium,base,single,1,7.852,9.067,0.03817444250019558,1,0,0.085,1,0,0,1,0,10,1,0.06982922933946512,1.6999999999999997,0.0,1.6999999999999997,9.136829229339465,9.14,measured_success,202
404,ppo,1000404,1278,monoprotic,near,base,single,1,6.404,6.889,0.061885519234793365,2,1,0.18,1,0,0,1,0,5,2,0.0770644228285784,4.07,1.77,2.3000000000000003,6.811935577171422,6.8100000000000005,measured_success,202
404,ppo,1000404,1279,monoprotic,near,acid,single,1,3.516,3.274,0.15998956327781313,0,0,,1,1,0,1,0,2,0,0.04880705026767718,2.54,2.54,0.0,3.322807050267677,3.3200000000000003,measured_success,202
404,ppo,1000404,1280,diprotic,medium,acid,separated,2,4.541,3.183,0.14369120610998415,0,0,,1,1,0,1,0,6,0,0.029861294173874953,9.88,9.88,0.0,3.212861294173875,3.21,measured_success,202
404,ppo,1000404,1281,monoprotic,near,base,single,1,7.549,7.828,0.13662512364766954,0,0,,0,0,0,0,0,50,0,0.23509278312950688,0.5000000000000002,0.0,0.5000000000000002,7.592907216870493,7.59,max_steps,202
404,ppo,1000404,1282,monoprotic,near,acid,single,1,3.151,2.705,0.05175110669991819,1,0,1.06,1,1,0,1,0,2,1,0.017301842776332066,3.1500000000000004,2.12,1.03,2.687698157223668,2.69,measured_success,202
404,ppo,1000404,1283,diprotic,medium,base,separated,2,6.261,7.713,0.05439662511468448,3,1,0.155,1,1,0,1,0,5,3,0.009541418483762776,9.17,2.62,6.55,7.722541418483763,7.72,measured_success,202
404,ppo,1000404,1284,monoprotic,far,acid,single,1,4.374,1.585,0.13067014350778328,0,0,,1,0,0,1,0,5,0,0.07196420347347887,17.130000000000003,17.130000000000003,0.0,1.6569642034734788,1.6600000000000001,measured_success,202
404,ppo,1000404,1285,monoprotic,near,acid,single,1,3.483,2.91,0.15695482808761743,2,1,0.255,1,1,0,1,0,3,2,0.04370446565437636,3.7199999999999998,3.21,0.51,2.9537044656543765,2.95,measured_success,202
404,ppo,1000404,1286,diprotic,medium,acid,separated,2,6.59,5.786,0.059606792566432906,0,0,,1,1,0,1,0,2,0,0.011789509693654665,2.14,2.14,0.0,5.797789509693654,5.8,measured_success,202
404,ppo,1000404,1287,monoprotic,medium,base,single,1,7.011,8.761,0.050669310230135135,4,1,0.02,1,1,0,1,0,7,4,0.032806151174977316,9.01,3.13,5.88,8.728193848825022,8.73,measured_success,202
404,ppo,1000404,1288,monoprotic,far,acid,single,1,4.005,1.913,0.047578418435499696,1,0,0.9,1,1,0,1,0,2,1,0.026762927680420878,6.859999999999999,6.859999999999999,0.0,1.8862370723195792,1.8900000000000001,measured_success,202
404,ppo,1000404,1289,triprotic,near,acid,separated,3,6.945,6.389,0.04941779745165427,1,0,0.315,1,1,0,1,0,2,1,0.04629278452500518,2.14,2.14,0.0,6.342707215474995,6.34,measured_success,202
404,ppo,1000404,1290,monoprotic,near,acid,single,1,3.916,3.554,0.04142518682850059,2,1,0.375,1,0,0,1,0,2,2,0.08156486217026648,2.26,1.51,0.75,3.6355648621702663,3.64,measured_success,202
404,ppo,1000404,1291,monoprotic,medium,base,single,1,4.851,6.334,0.07684335024154458,0,0,,1,0,0,1,0,2,0,0.09668892440176435,5.78,0.0,5.78,6.237311075598235,6.24,measured_success,202
404,ppo,1000404,1292,triprotic,medium,acid,separated,3,7.105,5.41,0.05514316022595472,0,0,,1,0,0,1,0,3,0,0.08487271430507626,5.999999999999999,5.999999999999999,0.0,5.494872714305076,5.49,measured_success,202
404,ppo,1000404,1293,diprotic,near,acid,separated,2,6.591,6.292,0.056031384246508734,0,0,,0,0,0,0,0,50,0,0.16051385015406083,0.5000000000000002,0.5000000000000002,0.0,6.452513850154061,6.45,max_steps,202
404,ppo,1000404,1294,diprotic,near,base,separated,2,5.279,5.892,0.03516936254073377,4,3,0.07,1,0,0,1,0,8,4,0.07144612877597378,5.15,2.54,2.61,5.820553871224027,5.82,measured_success,202
404,ppo,1000404,1295,triprotic,medium,base,separated,3,5.245,6.905,0.062338657033704434,0,0,,1,0,0,1,0,3,0,0.09762406679043156,6.09,0.0,6.09,6.807375933209569,6.8100000000000005,measured_success,202
404,ppo,1000404,1296,monoprotic,medium,acid,single,1,7.589,6.276,0.06493680498741661,2,1,0.085,1,1,0,1,0,4,2,0.03159199420748848,4.98,4.5,0.48,6.307591994207488,6.3100000000000005,measured_success,202
404,ppo,1000404,1297,diprotic,far,acid,separated,2,6.526,3.979,0.038605247817625005,4,1,0.155,1,0,0,1,0,5,4,0.05068280052336771,9.45,6.92,2.5300000000000002,4.029682800523368,4.03,measured_success,202
404,ppo,1000404,1298,triprotic,medium,base,separated,3,8.351,9.174,0.03367161114167569,2,0,0.02,1,1,0,1,0,5,2,0.014036085488122296,0.59,0.08,0.51,9.159963914511877,9.16,measured_success,202
404,ppo,1000404,1299,monoprotic,medium,acid,single,1,3.124,2.329,0.1062796580269351,1,0,0.9,1,1,0,1,0,2,1,0.015001658505853666,5.28,5.28,0.0,2.3139983414941465,2.31,measured_success,202
404,ppo,1000404,1300,monoprotic,medium,base,single,1,5.492,6.242,0.12427735602895168,0,0,,1,1,0,1,0,1,0,0.03900735715484682,2.26,0.0,2.26,6.202992642845153,6.2,measured_success,202
404,ppo,1000404,1301,monoprotic,near,base,single,1,3.731,4.129,0.17455765447799926,0,0,,1,0,0,1,0,3,0,0.07903772672924525,2.9,0.0,2.9,4.049962273270754,4.05,measured_success,202
404,ppo,1000404,1302,triprotic,medium,acid,separated,3,8.106,6.931,0.03765334165378914,2,0,0.28,1,0,0,1,0,7,2,0.09210380519794814,3.6500000000000004,2.24,1.4100000000000001,7.023103805197948,7.0200000000000005,measured_success,202
404,ppo,1000404,1303,monoprotic,medium,acid,single,1,5.878,4.895,0.08416006021795161,6,4,0.04,1,1,0,1,0,9,6,0.04566601988362606,9.309999999999999,4.93,4.38,4.940666019883626,4.94,measured_success,202
404,ppo,1000404,1304,monoprotic,near,base,single,1,5.323,5.764,0.09001775129628707,0,0,,1,0,0,1,0,1,0,0.08473599893138317,2.12,0.0,2.12,5.679264001068617,5.68,measured_success,202
404,ppo,1000404,1305,monoprotic,far,acid,single,1,5.375,1.74,0.05108411798637662,1,0,3.93,1,0,0,1,0,6,1,0.05587392917437772,10.92,7.86,3.0599999999999996,1.6841260708256223,1.68,measured_success,202
404,ppo,1000404,1306,triprotic,near,base,overlapping,3,3.264,3.789,0.07255786327186792,0,0,,1,0,0,1,0,1,0,0.06609656963530375,2.26,0.0,2.26,3.7229034303646964,3.72,measured_success,202
404,ppo,1000404,1307,diprotic,near,base,overlapping,2,3.534,3.999,0.08869461780833898,0,0,,1,0,0,1,0,10,0,0.09773839264559436,5.0699999999999985,0.0,5.0699999999999985,3.9012616073544057,3.9,measured_success,202
404,ppo,1000404,1308,monoprotic,medium,acid,single,1,6.318,5.528,0.040047943261989766,2,2,0.215,1,0,0,1,0,4,2,0.07161630031473809,2.9,1.72,1.18,5.599616300314738,5.6000000000000005,measured_success,202
404,ppo,1000404,1309,diprotic,near,base,separated,2,2.576,2.892,0.06653108340033323,0,0,,1,0,0,1,0,1,0,0.06289596011993082,1.51,0.0,1.51,2.829104039880069,2.83,measured_success,202
404,ppo,1000404,1310,diprotic,medium,acid,separated,2,5.168,3.91,0.07557599178482974,1,0,0.515,1,1,0,1,0,3,1,0.007490544373454533,6.7,6.7,0.0,3.9025094556265456,3.9,measured_success,202
404,ppo,1000404,1311,monoprotic,far,base,single,1,7.452,10.094,0.09611792182573742,3,1,0.155,1,1,0,1,0,6,3,0.04390343247702866,11.020000000000001,2.11,8.910000000000002,10.137903432477028,10.14,measured_success,202
404,ppo,1000404,1312,triprotic,near,acid,separated,3,5.608,4.952,0.06251656268853661,0,0,,1,0,0,1,0,2,0,0.06030450916999541,2.54,2.54,0.0,5.012304509169995,5.01,measured_success,202
404,ppo,1000404,1313,triprotic,near,acid,separated,3,4.146,3.804,0.056489652239526,0,0,,1,0,0,1,0,1,0,0.05032811047735608,1.51,1.51,0.0,3.854328110477356,3.85,measured_success,202
404,ppo,1000404,1314,triprotic,medium,base,separated,3,7.965,8.697,0.08224430694083583,4,1,0.015,1,0,0,1,0,8,4,0.0869565850774201,4.72,2.2899999999999996,2.43,8.610043414922579,8.61,measured_success,202
404,ppo,1000404,1315,diprotic,near,base,separated,2,2.518,2.786,0.06817296441817092,0,0,,1,1,0,1,0,1,0,0.04996863392520057,1.51,0.0,1.51,2.7360313660747995,2.74,measured_success,202
404,ppo,1000404,1316,monoprotic,medium,base,single,1,2.484,4.459,0.03964633884794821,5,3,0.035,1,0,0,1,0,10,5,0.06469946096324897,8.77,2.7199999999999993,6.05,4.523699460963249,4.5200000000000005,measured_success,202
404,ppo,1000404,1317,triprotic,medium,acid,separated,3,7.131,5.755,0.12330990110712559,0,0,,1,0,0,1,0,11,0,0.06472832835495002,11.830000000000002,11.830000000000002,0.0,5.81972832835495,5.82,measured_success,202
404,ppo,1000404,1318,monoprotic,near,acid,single,1,3.89,3.4,0.06277942096306896,1,1,0.755,1,0,0,1,0,2,1,0.09315238478910937,2.26,1.51,0.75,3.3068476152108905,3.31,measured_success,202
404,ppo,1000404,1319,monoprotic,near,base,single,1,2.754,2.981,0.03797567294716421,3,1,0.155,1,1,0,1,0,4,3,0.028629006218748643,3.2,1.38,1.82,3.0096290062187485,3.0100000000000002,measured_success,202
404,ppo,1000404,1320,monoprotic,medium,acid,single,1,5.833,4.304,0.06229636716008998,3,0,0.315,1,1,0,1,0,4,3,0.02049874643636862,7.1499999999999995,5.35,1.8,4.283501253563632,4.28,measured_success,202
404,ppo,1000404,1321,diprotic,medium,base,separated,2,3.072,4.698,0.06614855496401456,1,0,2.625,1,1,0,1,0,2,1,0.04475415017684092,6.1,0.85,5.25,4.742754150176841,4.74,measured_success,202
404,ppo,1000404,1322,diprotic,medium,base,separated,2,4.117,5.56,0.08965610313862575,2,1,0.13,1,1,0,1,0,3,2,0.017508702061742376,6.04,0.26,5.78,5.542491297938257,5.54,measured_success,202
404,ppo,1000404,1323,triprotic,medium,base,separated,3,4.6,5.746,0.1557821960483056,0,0,,1,0,0,1,0,37,0,0.09960730174898202,16.690000000000005,0.0,16.690000000000005,5.646392698251018,5.65,measured_success,202
404,ppo,1000404,1324,monoprotic,medium,acid,single,1,5.284,4.008,0.15564382452419187,2,1,0.255,1,1,0,1,0,5,2,0.02137323976224703,8.79,8.28,0.51,4.029373239762247,4.03,measured_success,202
404,ppo,1000404,1325,monoprotic,medium,base,single,1,4.333,6.272,0.09028302019241133,1,0,0.425,1,1,0,1,0,5,1,0.0483304505335429,11.42,0.36,11.06,6.320330450533543,6.32,measured_success,202
404,ppo,1000404,1326,monoprotic,medium,base,single,1,7.41,9.373,0.09837219430065962,5,2,0.035,1,0,0,1,0,11,5,0.059454059380010804,11.540000000000003,5.230000000000001,6.3100000000000005,9.43245405938001,9.43,measured_success,202
404,ppo,1000404,1327,monoprotic,near,acid,single,1,3.523,3.194,0.09983752118201544,1,0,0.515,1,0,0,1,0,2,1,0.07672996670513665,2.54,2.54,0.0,3.1172700332948633,3.12,measured_success,202
404,ppo,1000404,1328,diprotic,near,base,separated,2,3.939,4.538,0.03538816307740536,2,1,0.255,1,1,0,1,0,3,2,0.018533072863409217,3.8,0.51,3.29,4.519466927136591,4.5200000000000005,measured_success,202
404,ppo,1000404,1329,triprotic,medium,acid,separated,3,4.412,2.859,0.03439589938240661,1,0,2.53,1,1,0,1,0,3,1,0.04436266097205177,6.2299999999999995,5.06,1.17,2.814637339027948,2.81,measured_success,202
404,ppo,1000404,1330,triprotic,medium,base,overlapping,3,4.201,5.484,0.09442244659870803,0,0,,1,0,0,1,0,1,0,0.08646936924922421,5.25,0.0,5.25,5.397530630750776,5.4,measured_success,202
404,ppo,1000404,1331,diprotic,far,acid,separated,2,5.1,2.527,0.09581227995144609,1,0,0.425,1,1,0,1,0,8,1,0.027960387937836728,19.530000000000005,19.530000000000005,0.0,2.4990396120621634,2.5,measured_success,202
404,ppo,1000404,1332,triprotic,near,acid,separated,3,6.441,6.094,0.07705895440614319,0,0,,0,0,0,0,0,50,0,0.2836426536025973,0.5000000000000002,0.5000000000000002,0.0,6.377642653602598,6.38,max_steps,202
404,ppo,1000404,1333,monoprotic,medium,acid,single,1,7.982,7.27,0.036442991635967245,0,0,,0,0,0,0,0,50,0,0.38504866805595306,0.5000000000000002,0.5000000000000002,0.0,7.655048668055953,7.66,max_steps,202
404,ppo,1000404,1334,diprotic,medium,acid,separated,2,4.116,2.908,0.052056457637120114,4,3,0.125,1,1,0,1,0,6,4,0.0457985980150899,7.97,4.89,3.08,2.95379859801509,2.95,measured_success,202
404,ppo,1000404,1335,monoprotic,medium,acid,single,1,7.042,6.282,0.05160285279199904,1,0,0.315,1,1,0,1,0,2,1,0.03562846599491287,2.14,2.14,0.0,6.246371534005087,6.25,measured_success,202
404,ppo,1000404,1336,triprotic,near,base,separated,3,2.552,2.853,0.03463220697613869,2,1,0.375,1,0,0,1,0,2,2,0.08690050310042219,2.26,0.75,1.51,2.766099496899578,2.77,measured_success,202
404,ppo,1000404,1337,diprotic,far,base,separated,2,2.037,4.065,0.10167327228540472,0,0,,1,0,0,1,0,18,0,0.07411342202820492,17.249999999999996,0.0,17.249999999999996,3.9908865779717955,3.99,measured_success,202
404,ppo,1000404,1338,triprotic,far,base,separated,3,3.041,6.365,0.04963778853768857,2,1,0.265,1,1,0,1,0,5,2,0.03336889183429115,11.41,0.53,10.88,6.331631108165709,6.33,measured_success,202
404,ppo,1000404,1339,monoprotic,medium,acid,single,1,4.997,3.277,0.1483263525884322,0,0,,1,0,0,1,0,10,0,0.05276221219892463,17.699999999999996,17.699999999999996,0.0,3.3297622121989248,3.33,measured_success,202
404,ppo,1000404,1340,diprotic,near,acid,separated,2,2.972,2.648,0.035532952828583646,1,0,0.755,1,1,0,1,0,1,1,0.021730956417056912,1.51,1.51,0.0,2.626269043582943,2.63,measured_success,202
404,ppo,1000404,1341,diprotic,near,base,overlapping,2,3.923,4.329,0.052392924704456355,0,0,,1,0,0,1,0,1,0,0.059966505058691943,1.51,0.0,1.51,4.269033494941308,4.2700000000000005,measured_success,202
404,ppo,1000404,1342,monoprotic,medium,acid,single,1,3.489,1.628,0.05134831125419556,0,0,,1,1,0,1,0,3,0,0.04275297580317061,7.89,7.89,0.0,1.6707529758031705,1.67,measured_success,202
404,ppo,1000404,1343,monoprotic,medium,acid,single,1,7.431,6.334,0.05813686996847417,4,3,0.155,1,1,0,1,0,8,4,0.03217016259149652,10.379999999999999,5.5,4.88,6.366170162591496,6.37,measured_success,202
404,ppo,1000404,1344,diprotic,medium,base,overlapping,2,2.694,4.209,0.14976393932119636,0,0,,1,0,0,1,0,11,0,0.05383216235734345,20.590000000000003,0.0,20.590000000000003,4.155167837642656,4.16,measured_success,202
404,ppo,1000404,1345,monoprotic,near,base,single,1,5.229,5.533,0.06155573647810729,2,0,0.425,1,1,0,1,0,4,1,0.0015933280453834797,3.83,1.7,2.13,5.534593328045384,5.53,measured_success,202
404,ppo,1000404,1346,triprotic,near,base,separated,3,6.825,7.493,0.032186642021643244,1,0,1.06,1,1,0,1,0,2,1,0.0027984721321665518,2.97,0.85,2.12,7.495798472132167,7.5,measured_success,202
404,ppo,1000404,1347,diprotic,medium,base,separated,2,4.858,6.618,0.07152772193169404,4,1,0.06,1,0,0,1,0,12,4,0.0636109862205938,9.239999999999998,3.27,5.969999999999999,6.5543890137794065,6.55,measured_success,202
404,ppo,1000404,1348,diprotic,near,acid,separated,2,2.54,2.214,0.0405420681542321,2,0,0.515,1,0,0,1,0,2,2,0.05744138170545421,3.1500000000000004,2.12,1.03,2.271441381705454,2.27,measured_success,202
404,ppo,1000404,1349,monoprotic,near,base,single,1,7.553,7.804,0.044888686533053224,0,0,,1,0,0,1,0,17,0,0.09828132790731203,0.17,0.0,0.17,7.705718672092688,7.71,measured_success,202
404,ppo,1000404,1350,monoprotic,medium,acid,single,1,6.97,6.227,0.10327651418901045,0,0,,1,0,0,1,0,5,0,0.06682878411916704,3.79,3.79,0.0,6.293828784119167,6.29,measured_success,202
404,ppo,1000404,1351,triprotic,near,acid,overlapping,3,2.281,1.604,0.15227563812534142,0,0,,1,0,0,1,0,14,0,0.09093686605913875,17.54,17.54,0.0,1.6949368660591388,1.69,measured_success,202
404,ppo,1000404,1352,triprotic,medium,base,separated,3,2.511,3.741,0.07531161316255548,0,0,,1,0,0,1,0,2,0,0.07601032631584426,5.78,0.0,5.78,3.664989673684156,3.66,measured_success,202
404,ppo,1000404,1353,monoprotic,far,acid,single,1,8.21,6.083,0.06683091042454793,3,3,0.075,1,1,0,1,0,22,3,0.022479924807418783,8.84,7.61,1.23,6.060520075192581,6.0600000000000005,measured_success,202
404,ppo,1000404,1354,triprotic,medium,base,separated,3,4.435,5.571,0.07423351253644188,3,0,0.27,1,0,0,1,0,4,3,0.061987091508102665,7.35,1.92,5.43,5.632987091508102,5.63,measured_success,202
404,ppo,1000404,1355,monoprotic,medium,acid,single,1,6.866,5.546,0.051885430913005334,4,2,0.085,1,1,0,1,0,7,4,0.02119824405729087,7.709999999999999,5.43,2.28,5.567198244057291,5.57,measured_success,202
404,ppo,1000404,1356,triprotic,medium,base,overlapping,3,4.834,6.022,0.03412123664544625,6,2,0.015,1,1,0,1,0,10,6,0.017979694137688185,10.41,5.000000000000001,5.41,6.004020305862312,6.0,measured_success,202
404,ppo,1000404,1357,monoprotic,medium,acid,single,1,7.545,6.256,0.05676943667527529,3,0,0.155,1,1,0,1,0,3,3,0.04688825811374109,4.81,4.18,0.63,6.209111741886259,6.21,measured_success,202
404,ppo,1000404,1358,triprotic,medium,acid,separated,3,3.186,1.841,0.1211885119659354,0,0,,1,0,0,1,0,2,0,0.061790247797494535,6.1,6.1,0.0,1.9027902477974945,1.9000000000000001,measured_success,202
404,ppo,1000404,1359,monoprotic,medium,acid,single,1,3.843,2.454,0.058610812287850644,1,0,0.9,1,1,0,1,0,2,1,0.009980156746987934,5.67,5.67,0.0,2.4440198432530122,2.44,measured_success,202
404,ppo,1000404,1360,triprotic,medium,base,separated,3,7.61,9.423,0.12081203869433019,5,3,0.04,1,1,0,1,0,9,5,0.03426410140508729,11.64,5.04,6.6,9.457264101405087,9.46,measured_success,202
404,ppo,1000404,1361,triprotic,near,acid,separated,3,3.971,3.278,0.03377362514113377,0,0,,1,0,0,1,0,1,0,0.06285142818472211,2.18,2.18,0.0,3.340851428184722,3.34,measured_success,202
404,ppo,1000404,1362,monoprotic,medium,base,single,1,8.314,9.892,0.08030078148368866,1,1,0.085,1,1,0,1,0,17,1,0.048616962134840236,2.6699999999999995,0.12,2.5499999999999994,9.94061696213484,9.94,measured_success,202
404,ppo,1000404,1363,diprotic,near,acid,separated,2,4.307,3.69,0.16849439700716995,0,0,,1,0,0,1,0,10,0,0.08381365021930831,8.549999999999999,8.549999999999999,0.0,3.7738136502193083,3.77,measured_success,202
404,ppo,1000404,1364,diprotic,near,acid,separated,2,3.204,2.929,0.06828275234219801,2,2,0.27,1,1,0,1,0,4,2,0.008476706999167138,3.0700000000000003,1.78,1.29,2.937476706999167,2.94,measured_success,202
404,ppo,1000404,1365,monoprotic,far,base,single,1,7.792,10.508,0.03059218964731535,3,1,0.155,1,0,0,1,0,7,3,0.08498976569242345,12.91,6.12,6.79,10.592989765692423,10.59,measured_success,202
404,ppo,1000404,1366,monoprotic,medium,acid,single,1,4.482,3.75,0.06849295167602787,0,0,,1,1,0,1,0,2,0,0.04227869342423851,3.7600000000000002,3.7600000000000002,0.0,3.7922786934242385,3.79,measured_success,202
404,ppo,1000404,1367,monoprotic,near,base,single,1,8.115,8.435,0.030870069954701297,0,0,,1,0,0,1,0,46,0,0.09783209400179693,0.46000000000000024,0.0,0.46000000000000024,8.337167905998204,8.34,measured_success,202
404,ppo,1000404,1368,monoprotic,medium,acid,single,1,2.815,1.585,0.04324064304339,0,0,,1,1,0,1,0,2,0,0.044144762490785805,6.1,6.1,0.0,1.6291447624907858,1.6300000000000001,measured_success,202
404,ppo,1000404,1369,triprotic,medium,base,separated,3,6.365,8.178,0.04113267540252361,2,1,1.31,1,1,0,1,0,3,2,0.026342227741185553,8.5,2.62,5.88,8.151657772258815,8.15,measured_success,202
404,ppo,1000404,1370,diprotic,medium,base,separated,2,3.464,4.724,0.03711542104825577,2,0,0.515,1,0,0,1,0,3,2,0.055149572558693905,8.2,2.95,5.25,4.668850427441306,4.67,measured_success,202
404,ppo,1000404,1371,triprotic,far,base,separated,3,5.352,7.556,0.04661715374124464,5,2,0.035,1,0,0,1,0,10,5,0.08751676149271947,12.920000000000002,5.980000000000001,6.9399999999999995,7.6435167614927195,7.640000000000001,measured_success,202
404,ppo,1000404,1372,triprotic,far,base,separated,3,3.13,7.094,0.05240770629872249,0,0,,1,0,0,1,0,11,0,0.07940374157673968,10.969999999999997,0.0,10.969999999999997,7.014596258423261,7.01,measured_success,202
404,ppo,1000404,1373,diprotic,medium,acid,separated,2,3.626,2.898,0.035302663433234995,1,0,1.74,1,0,0,1,0,2,1,0.05433282350464319,4.51,3.48,1.03,2.843667176495357,2.84,measured_success,202
404,ppo,1000404,1374,triprotic,near,base,separated,3,2.016,2.488,0.06361775555511807,0,0,,1,1,0,1,0,2,0,0.04555436715899086,2.54,0.0,2.54,2.442445632841009,2.44,measured_success,202
404,ppo,1000404,1375,monoprotic,medium,acid,single,1,3.522,2.032,0.035534830665016774,1,0,2.625,1,0,0,1,0,4,1,0.09274692480052904,7.05,5.25,1.7999999999999998,1.939253075199471,1.94,measured_success,202
404,ppo,1000404,1376,diprotic,far,acid,separated,2,6.476,4.222,0.046893347324736066,1,0,3.035,1,0,0,1,0,2,1,0.0860637204175303,6.7,6.07,0.63,4.13593627958247,4.14,measured_success,202
404,ppo,1000404,1377,monoprotic,medium,acid,single,1,7.927,6.957,0.042756298933939736,2,1,0.155,1,0,0,1,0,13,2,0.0945634224758658,3.7,2.54,1.16,7.051563422475866,7.05,measured_success,202
404,ppo,1000404,1378,monoprotic,far,base,single,1,2.278,4.956,0.08753921350524085,5,1,0.02,1,1,0,1,0,8,5,0.0382078080924968,13.44,2.65,10.79,4.994207808092497,4.99,measured_success,202
404,ppo,1000404,1379,monoprotic,medium,acid,single,1,7.014,5.567,0.037542565338719254,4,1,0.155,1,1,0,1,0,5,4,0.008048044998311354,7.459999999999999,5.35,2.11,5.5750480449983115,5.58,measured_success,202
404,ppo,1000404,1380,triprotic,medium,base,separated,3,6.432,7.863,0.08775755941344247,4,1,0.085,1,0,0,1,0,5,4,0.08781044673609895,9.030000000000001,2.79,6.24,7.7751895532639015,7.78,measured_success,202
404,ppo,1000404,1381,monoprotic,medium,base,single,1,2.285,3.463,0.030181225426449097,3,0,0.27,1,0,0,1,0,4,3,0.059697852173260735,7.35,1.92,5.43,3.522697852173261,3.52,measured_success,202
404,ppo,1000404,1382,triprotic,near,base,separated,3,6.249,6.926,0.10177428186309308,0,0,,1,0,0,1,0,4,0,0.09664363518132824,4.83,0.0,4.83,6.829356364818672,6.83,measured_success,202
404,ppo,1000404,1383,monoprotic,medium,base,single,1,6.748,7.705,0.11014662405271207,0,0,,1,0,0,1,0,3,0,0.08371122693700883,4.88,0.0,4.88,7.621288773062991,7.62,measured_success,202
404,ppo,1000404,1384,diprotic,far,acid,overlapping,2,3.714,1.63,0.045399456458133904,0,0,,1,0,0,1,0,6,0,0.08347539040591823,13.529999999999998,13.529999999999998,0.0,1.7134753904059181,1.71,measured_success,202
404,ppo,1000404,1385,triprotic,near,acid,separated,3,3.206,2.511,0.1684204797110325,0,0,,1,0,0,1,0,8,0,0.09114105838060471,11.409999999999998,11.409999999999998,0.0,2.602141058380605,2.6,measured_success,202
404,ppo,1000404,1386,diprotic,far,acid,separated,2,4.496,1.583,0.10431239333052231,0,0,,1,0,0,1,0,5,0,0.07220923271402868,17.130000000000003,17.130000000000003,0.0,1.6552092327140286,1.6600000000000001,measured_success,202
404,ppo,1000404,1387,monoprotic,far,acid,single,1,6.431,2.78,0.07077770374286352,0,0,,1,0,0,1,0,1,0,0.06552612393265322,7.86,7.86,0.0,2.845526123932653,2.85,measured_success,202
404,ppo,1000404,1388,monoprotic,medium,base,single,1,6.094,7.991,0.04581417705960189,4,1,0.115,1,0,0,1,0,4,4,0.0773785087753005,8.73,2.85,5.88,7.913621491224699,7.91,measured_success,202
404,ppo,1000404,1389,triprotic,medium,base,separated,3,8.331,10.145,0.11144180610675417,1,1,0.085,1,1,0,1,0,12,1,0.016732904875308208,1.9499999999999997,0.08,1.8699999999999997,10.161732904875308,10.16,measured_success,202
404,ppo,1000404,1390,diprotic,medium,base,separated,2,4.561,5.377,0.031397714964250464,1,0,1.13,1,1,0,1,0,1,1,0.03727465348442305,2.26,0.0,2.26,5.414274653484423,5.41,measured_success,202
404,ppo,1000404,1391,monoprotic,far,acid,single,1,5.855,3.322,0.0351392911503818,3,1,0.38,1,1,0,1,0,6,3,0.020659553953310095,12.05,6.83,5.220000000000001,3.30134044604669,3.3000000000000003,measured_success,202
404,ppo,1000404,1392,triprotic,medium,acid,separated,3,3.542,2.346,0.11719293965645075,0,0,,1,0,0,1,0,8,0,0.05015425501316173,15.159999999999998,15.159999999999998,0.0,2.396154255013162,2.4,measured_success,202
404,ppo,1000404,1393,triprotic,medium,base,separated,3,2.683,3.84,0.033146483014949144,1,0,2.02,1,1,0,1,0,2,1,0.036461211695993256,4.89,0.85,4.04,3.876461211695993,3.88,measured_success,202
404,ppo,1000404,1394,monoprotic,far,acid,single,1,6.793,4.588,0.15072477438391482,6,3,0.03,1,1,0,1,0,9,6,0.03463166329376488,8.52,6.239999999999999,2.2800000000000002,4.622631663293765,4.62,measured_success,202
404,ppo,1000404,1395,diprotic,medium,acid,separated,2,7.045,6.055,0.09254361609609509,0,0,,1,0,0,1,0,3,0,0.06858955768609754,3.06,3.06,0.0,6.123589557686097,6.12,measured_success,202
404,ppo,1000404,1396,diprotic,medium,base,separated,2,2.41,4.169,0.10577596117489521,0,0,,1,0,0,1,0,17,0,0.0870597373212254,15.220000000000002,0.0,15.220000000000002,4.081940262678774,4.08,measured_success,202
404,ppo,1000404,1397,monoprotic,medium,base,single,1,3.466,4.898,0.08585183433797729,1,1,0.265,1,1,0,1,0,3,1,0.024620592005568653,6.04,0.26,5.78,4.922620592005568,4.92,measured_success,202
404,ppo,1000404,1398,diprotic,near,acid,separated,2,7.652,7.061,0.031006972973234112,1,0,1.06,1,0,0,1,0,2,1,0.07496748333654679,2.75,2.12,0.63,6.986032516663453,6.99,measured_success,202
404,ppo,1000404,1399,monoprotic,medium,base,single,1,3.444,4.544,0.14543233743724546,0,0,,1,1,0,1,0,3,0,0.03797834127797994,5.43,0.0,5.43,4.50602165872202,4.51,measured_success,202
404,ppo,1000404,1400,monoprotic,medium,acid,single,1,4.95,4.213,0.14079881272123373,1,0,0.515,1,1,0,1,0,2,1,0.034012853767186435,3.21,3.21,0.0,4.178987146232814,4.18,measured_success,202
404,ppo,1000404,1401,diprotic,medium,acid,separated,2,4.056,2.988,0.04500343480325865,2,1,0.515,1,0,0,1,0,4,2,0.07576258658788015,7.21,4.38,2.83,3.06376258658788,3.06,measured_success,202
404,ppo,1000404,1402,monoprotic,near,acid,single,1,7.737,7.098,0.10971617855234023,1,0,0.315,1,0,0,1,0,2,1,0.06316855745231553,2.75,2.75,0.0,7.034831442547684,7.03,measured_success,202
404,ppo,1000404,1403,monoprotic,far,acid,single,1,7.888,4.005,0.10868750562309705,7,5,0.015,1,0,0,1,0,10,7,0.0982398578891237,15.09,10.2,4.89,3.906760142110876,3.91,measured_success,202
404,ppo,1000404,1404,monoprotic,medium,acid,single,1,4.917,3.171,0.034319985021807296,6,4,0.02,1,1,0,1,0,10,6,0.009524937737637185,10.27,5.659999999999999,4.609999999999999,3.180524937737637,3.18,measured_success,202
404,ppo,1000404,1405,monoprotic,far,acid,single,1,8.027,4.448,0.04031002406940761,8,8,0.01,1,1,0,1,0,16,8,0.034555255181620836,18.83,11.280000000000001,7.549999999999999,4.482555255181621,4.48,measured_success,202
404,ppo,1000404,1406,triprotic,far,base,separated,3,6.811,10.761,0.06917224729798396,1,0,4.1,1,0,0,1,0,7,1,0.0681027747413836,15.27,7.07,8.2,10.829102774741383,10.83,measured_success,202
404,ppo,1000404,1407,diprotic,near,base,separated,2,6.479,6.841,0.037151042353022364,1,0,1.06,1,1,0,1,0,3,1,0.039193712957795945,3.6,1.48,2.12,6.880193712957796,6.88,measured_success,202
404,ppo,1000404,1408,diprotic,near,base,separated,2,4.582,4.872,0.14854975287679228,0,0,,1,1,0,1,0,2,0,0.037272918442726066,2.36,0.0,2.36,4.834727081557274,4.83,measured_success,202
404,ppo,1000404,1409,triprotic,near,base,separated,3,5.652,6.172,0.03907978427688473,1,0,1.06,1,1,0,1,0,1,1,0.04642211262064766,2.12,0.0,2.12,6.218422112620647,6.22,measured_success,202
404,ppo,1000404,1410,monoprotic,medium,base,single,1,5.845,7.139,0.05186755158178445,6,3,0.035,1,0,0,1,0,8,6,0.06277039494364,8.41,3.44,4.970000000000001,7.07622960505636,7.08,measured_success,202
404,ppo,1000404,1411,monoprotic,far,base,single,1,7.401,11.239,0.04452654977507501,1,0,4.1,1,0,0,1,0,13,1,0.08254782136971173,11.41,3.21,8.2,11.321547821369712,11.32,measured_success,202
404,ppo,1000404,1412,monoprotic,medium,acid,single,1,4.903,3.423,0.14133351851177808,3,0,0.425,1,1,0,1,0,3,3,0.046308744273723335,6.52,4.72,1.8,3.3766912557262767,3.38,measured_success,202
404,ppo,1000404,1413,triprotic,far,base,separated,3,3.938,7.641,0.03777424088117449,2,1,0.265,1,0,0,1,0,3,2,0.05829774020812728,8.989999999999998,0.53,8.459999999999999,7.582702259791873,7.58,measured_success,202
404,ppo,1000404,1414,triprotic,near,acid,separated,3,4.217,3.619,0.17904632972212192,0,0,,1,0,0,1,0,4,0,0.05839048235796929,5.64,5.64,0.0,3.6773904823579695,3.68,measured_success,202
404,ppo,1000404,1415,monoprotic,far,base,single,1,4.396,8.208,0.10015205461174066,42,20,0.01,0,0,1,0,0,50,42,0.8962796916977442,19.36999999999999,7.919999999999997,11.449999999999994,7.311720308302256,7.3100000000000005,max_steps,202
404,ppo,1000404,1416,triprotic,medium,acid,separated,3,3.999,3.146,0.031895138652064746,1,0,1.935,1,1,0,1,0,2,1,0.03467465069965758,5.67,3.87,1.8,3.1113253493003423,3.11,measured_success,202
404,ppo,1000404,1417,monoprotic,medium,base,single,1,4.818,5.988,0.16267050005627162,1,0,1.06,1,1,0,1,0,3,2,0.0024079260018536885,7.01,0.85,6.16,5.985592073998147,5.99,measured_success,202
404,ppo,1000404,1418,monoprotic,medium,acid,single,1,4.396,2.721,0.030454049106053125,3,1,0.155,1,1,0,1,0,5,3,0.02477027677583621,8.709999999999999,5.879999999999999,2.83,2.696229723224164,2.7,measured_success,202
404,ppo,1000404,1419,triprotic,medium,base,separated,3,7.655,8.668,0.10963293538517918,0,0,,1,0,0,1,0,23,0,0.06650949888557278,3.909999999999999,0.0,3.909999999999999,8.601490501114426,8.6,measured_success,202
404,ppo,1000404,1420,diprotic,near,acid,separated,2,5.53,5.252,0.0316186582302233,0,0,,1,0,0,1,0,21,0,0.09957898526292741,0.21000000000000005,0.21000000000000005,0.0,5.351578985262927,5.3500000000000005,measured_success,202
404,ppo,1000404,1421,diprotic,near,base,separated,2,5.157,5.543,0.08963550529734698,1,0,1.06,1,1,0,1,0,2,1,0.013033822082392454,2.97,0.85,2.12,5.556033822082393,5.5600000000000005,measured_success,202
404,ppo,1000404,1422,monoprotic,near,base,single,1,6.814,7.397,0.056811695021597546,2,0,0.315,1,1,0,1,0,2,2,0.044401484324627205,2.75,0.63,2.12,7.352598515675373,7.3500000000000005,measured_success,202
404,ppo,1000404,1423,triprotic,far,acid,separated,3,4.964,2.123,0.038205720138989624,1,0,0.515,1,1,0,1,0,4,1,0.03388536422799149,10.6,10.6,0.0,2.0891146357720087,2.09,measured_success,202
404,ppo,1000404,1424,monoprotic,near,acid,single,1,6.349,6.05,0.07542712600257487,0,0,,0,0,0,0,0,50,0,0.10022210249468788,0.5000000000000002,0.5000000000000002,0.0,6.150222102494688,6.15,max_steps,202
404,ppo,1000404,1425,monoprotic,medium,acid,single,1,4.896,3.147,0.08038986364971884,6,4,0.035,1,1,0,1,0,8,6,0.02203879391896324,10.059999999999999,5.97,4.09,3.169038793918963,3.17,measured_success,202
404,ppo,1000404,1426,diprotic,medium,acid,separated,2,3.535,2.012,0.04242700954388455,1,0,0.9,1,1,0,1,0,2,0,0.002625004874658554,7.05,7.05,0.0,2.0146250048746586,2.0100000000000002,measured_success,202
404,ppo,1000404,1427,diprotic,near,base,separated,2,2.485,3.175,0.08543441856186586,0,0,,1,1,0,1,0,3,0,0.040343914450833296,4.14,0.0,4.14,3.1346560855491665,3.13,measured_success,202
404,ppo,1000404,1428,monoprotic,medium,base,single,1,6.042,7.255,0.04189155476960233,3,0,0.315,1,0,0,1,0,3,3,0.07208607270165235,6.47,1.8,4.67,7.327086072701652,7.33,measured_success,202
404,ppo,1000404,1429,diprotic,near,acid,separated,2,2.282,1.797,0.13543676319954842,0,0,,1,0,0,1,0,4,0,0.09797563416136312,7.16,7.16,0.0,1.894975634161363,1.8900000000000001,measured_success,202
404,ppo,1000404,1430,diprotic,far,base,separated,2,6.459,9.049,0.04285921563763804,6,3,0.015,1,1,0,1,0,11,6,0.028511463854776764,15.52,7.230000000000001,8.29,9.020488536145223,9.02,measured_success,202
404,ppo,1000404,1431,diprotic,near,base,overlapping,2,4.897,5.196,0.039763889238651824,2,1,0.375,1,0,0,1,0,2,2,0.05873186632230443,2.26,0.75,1.51,5.137268133677695,5.14,measured_success,202
404,ppo,1000404,1432,monoprotic,near,acid,single,1,3.221,2.57,0.08422399244462092,2,1,0.515,1,1,0,1,0,3,2,0.023554918563124527,5.0200000000000005,3.99,1.03,2.5935549185631244,2.59,measured_success,202
404,ppo,1000404,1433,diprotic,far,acid,separated,2,4.995,2.499,0.03344889193522203,2,0,0.27,1,0,0,1,0,3,2,0.06127101392263645,7.24,6.07,1.17,2.5602710139226366,2.56,measured_success,202
404,ppo,1000404,1434,diprotic,medium,base,overlapping,2,3.031,4.277,0.033654708196090635,4,1,0.06,1,0,0,1,0,10,4,0.06528144119871993,10.370000000000001,4.3500000000000005,6.02,4.21171855880128,4.21,measured_success,202
404,ppo,1000404,1435,triprotic,far,base,separated,3,3.503,7.37,0.041560398806885404,1,0,1.42,1,1,0,1,0,2,1,0.013984901598978361,11.04,0.0,11.04,7.3839849015989785,7.38,measured_success,202
404,ppo,1000404,1436,diprotic,near,acid,separated,2,4.339,3.867,0.042108013693103,0,0,,1,0,0,1,0,1,0,0.08988389384208073,1.51,1.51,0.0,3.9568838938420807,3.96,measured_success,202
404,ppo,1000404,1437,diprotic,far,base,separated,2,4.513,6.609,0.03640177346928941,4,2,0.06,1,0,0,1,0,10,4,0.09812331380785189,9.579999999999998,3.04,6.539999999999999,6.510876686192148,6.51,measured_success,202
404,ppo,1000404,1438,diprotic,near,base,separated,2,4.213,4.603,0.04892205248166658,1,0,0.755,1,0,0,1,0,1,1,0.09418329347555954,1.51,0.0,1.51,4.697183293475559,4.7,measured_success,202
404,ppo,1000404,1439,triprotic,medium,acid,overlapping,3,3.149,2.374,0.05443304612077264,0,0,,0,0,0,1,1,5,0,0.10040402128635817,8.01,8.01,0.0,2.4744040212863583,2.47,measured_success,202
404,ppo,1000404,1440,triprotic,medium,acid,separated,3,6.661,4.706,0.050678009858008424,0,0,,1,0,0,1,0,3,0,0.06055468278445364,6.319999999999999,6.319999999999999,0.0,4.766554682784454,4.7700000000000005,measured_success,202
404,ppo,1000404,1441,monoprotic,near,acid,single,1,6.506,6.22,0.06274158264019344,0,0,,0,0,0,0,0,50,0,0.18902178630583588,0.5000000000000002,0.5000000000000002,0.0,6.409021786305836,6.41,max_steps,202
404,ppo,1000404,1442,diprotic,near,acid,separated,2,4.143,3.74,0.03345439958501735,0,0,,1,1,0,1,0,1,0,0.03730004161501377,1.51,1.51,0.0,3.777300041615014,3.7800000000000002,measured_success,202
404,ppo,1000404,1443,triprotic,far,acid,separated,3,5.43,2.379,0.033232555080622804,1,0,0.315,1,0,0,1,0,2,1,0.09930494018250213,6.7,6.7,0.0,2.279695059817498,2.2800000000000002,measured_success,202
404,ppo,1000404,1444,triprotic,medium,base,separated,3,4.829,6.455,0.03411384408652727,1,0,0.265,1,0,0,1,0,2,1,0.0607130442236663,5.78,0.0,5.78,6.515713044223666,6.5200000000000005,measured_success,202
404,ppo,1000404,1445,diprotic,medium,base,overlapping,2,4.93,6.291,0.09116511723948918,5,3,0.03,1,0,0,1,0,11,5,0.06262177863868246,12.84,6.1800000000000015,6.659999999999999,6.353621778638683,6.3500000000000005,measured_success,202
404,ppo,1000404,1446,triprotic,medium,acid,separated,3,2.933,1.537,0.0671443513678115,0,0,,1,0,0,1,0,2,0,0.08569935796748229,6.1,6.1,0.0,1.6226993579674822,1.62,measured_success,202
404,ppo,1000404,1447,monoprotic,medium,base,single,1,7.861,9.118,0.0971935219769652,0,0,,1,0,0,1,0,41,0,0.05446971146171187,6.969999999999998,0.0,6.969999999999998,9.063530288538288,9.06,measured_success,202
404,ppo,1000404,1448,monoprotic,medium,acid,single,1,4.277,2.546,0.04207704840993524,2,0,0.155,1,0,0,1,0,4,2,0.07402280068114164,6.539999999999999,5.06,1.48,2.6200228006811415,2.62,measured_success,202
404,ppo,1000404,1449,triprotic,medium,acid,separated,3,5.946,4.513,0.07114174667138666,2,0,0.315,1,0,0,1,0,3,2,0.0709760324264721,4.81,4.18,0.63,4.583976032426472,4.58,measured_success,202
404,ppo,1000404,1450,triprotic,near,acid,separated,3,5.334,4.856,0.034926316445217154,2,1,0.375,1,0,0,1,0,2,2,0.08655743237584623,2.26,1.51,0.75,4.942557432375846,4.94,measured_success,202
404,ppo,1000404,1451,diprotic,far,acid,separated,2,6.96,3.499,0.12444172589307691,0,0,,1,1,0,1,0,12,0,0.026916788416975646,28.679999999999996,28.679999999999996,0.0,3.5259167884169758,3.5300000000000002,measured_success,202
404,ppo,1000404,1452,monoprotic,near,base,single,1,5.64,6.249,0.03311992727641446,2,0,0.115,1,1,0,1,0,4,2,0.03526171040759518,3.7600000000000002,1.6400000000000001,2.12,6.2137382895924045,6.21,measured_success,202
404,ppo,1000404,1453,diprotic,medium,base,separated,2,5.418,7.206,0.04034278486533252,2,0,0.18,1,1,0,1,0,3,2,0.046859965345265486,6.46,1.21,5.25,7.159140034654735,7.16,measured_success,202
404,ppo,1000404,1454,monoprotic,near,base,single,1,1.784,2.208,0.16388231367104697,0,0,,1,0,0,1,0,2,0,0.08774896241760644,3.1500000000000004,0.0,3.1500000000000004,2.1202510375823937,2.12,measured_success,202
404,ppo,1000404,1455,diprotic,medium,base,separated,2,7.174,8.294,0.09341974764499837,4,0,0.155,1,0,0,1,0,4,4,0.06839657534447596,6.51,1.84,4.67,8.225603424655525,8.23,measured_success,202
404,ppo,1000404,1456,triprotic,medium,acid,separated,3,6.972,5.901,0.0888564146769469,0,0,,1,0,0,1,0,2,0,0.06418683075247955,4.5,4.5,0.0,5.965186830752479,5.97,measured_success,202
404,ppo,1000404,1457,monoprotic,medium,acid,single,1,7.116,6.031,0.0654678343033376,7,3,0.02,1,0,0,1,0,9,7,0.08559602557256074,9.239999999999998,4.93,4.31,5.945403974427439,5.95,measured_success,202
404,ppo,1000404,1458,monoprotic,near,acid,single,1,3.138,2.654,0.04093338427862121,3,2,0.21,1,0,0,1,0,5,3,0.06493972092475442,4.45,2.54,1.91,2.5890602790752455,2.59,measured_success,202
404,ppo,1000404,1459,monoprotic,far,base,single,1,7.702,9.956,0.0693660972526483,7,3,0.01,1,1,0,1,0,13,7,0.02773140165176713,11.509999999999998,5.509999999999999,5.999999999999999,9.983731401651767,9.98,measured_success,202
404,ppo,1000404,1460,diprotic,near,base,separated,2,5.743,6.3,0.060517893002075655,2,0,0.425,1,1,0,1,0,2,2,0.02544152408623024,2.97,0.85,2.12,6.27455847591377,6.2700000000000005,measured_success,202
404,ppo,1000404,1461,diprotic,near,base,separated,2,4.071,4.49,0.04177081207356418,1,1,0.755,1,1,0,1,0,2,1,0.030035339628300406,2.26,0.75,1.51,4.520035339628301,4.5200000000000005,measured_success,202
404,ppo,1000404,1462,diprotic,near,base,separated,2,3.738,4.14,0.03395248587597745,4,3,0.075,1,1,0,1,0,6,4,0.014729574507701848,3.6599999999999997,1.5299999999999998,2.13,4.125270425492298,4.13,measured_success,202
404,ppo,1000404,1463,diprotic,medium,base,separated,2,4.059,5.352,0.03627294650528103,4,1,0.18,1,1,0,1,0,5,3,0.0007211550292982594,9.9,3.86,6.04,5.352721155029299,5.3500000000000005,measured_success,202
404,ppo,1000404,1464,diprotic,near,acid,separated,2,5.241,4.648,0.08517887369804238,0,0,,1,0,0,1,0,3,0,0.06782801451231713,3.17,3.17,0.0,4.715828014512317,4.72,measured_success,202
404,ppo,1000404,1465,diprotic,far,base,separated,2,2.16,5.315,0.08530295128019297,0,0,,1,0,0,1,0,8,0,0.06272277556866523,19.790000000000003,0.0,19.790000000000003,5.252277224431335,5.25,measured_success,202
404,ppo,1000404,1466,diprotic,medium,acid,separated,2,7.378,6.146,0.03567848558531251,1,0,1.935,1,1,0,1,0,2,1,0.046646766421138075,4.5,3.87,0.63,6.099353233578862,6.1000000000000005,measured_success,202
404,ppo,1000404,1467,triprotic,far,acid,separated,3,4.119,1.788,0.09066558016816545,0,0,,1,0,0,1,0,7,0,0.09062569871544324,18.730000000000004,18.730000000000004,0.0,1.8786256987154433,1.8800000000000001,measured_success,202
404,ppo,1000404,1468,monoprotic,far,base,single,1,5.835,8.704,0.04355683977889639,2,2,1.62,1,1,0,1,0,3,2,0.03608649330617553,11.340000000000002,3.24,8.100000000000001,8.667913506693825,8.67,measured_success,202
404,ppo,1000404,1469,diprotic,far,acid,separated,2,5.533,2.017,0.15658924493088358,0,0,,1,0,0,1,0,6,0,0.05007105749772256,22.68,22.68,0.0,2.0670710574977225,2.07,measured_success,202
404,ppo,1000404,1470,diprotic,near,base,separated,2,5.578,6.068,0.03531736129094979,2,0,0.425,1,0,0,1,0,2,2,0.052952018609698115,2.97,0.85,2.12,6.0150479813903015,6.0200000000000005,measured_success,202
404,ppo,1000404,1471,monoprotic,far,base,single,1,7.105,10.294,0.03609864937438781,7,5,0.015,1,1,0,1,0,10,7,0.01913563883742242,12.700000000000001,5.25,7.450000000000001,10.313135638837423,10.31,measured_success,202
404,ppo,1000404,1472,diprotic,medium,acid,separated,2,3.246,2.533,0.09384193596440728,2,1,0.45,1,1,0,1,0,3,2,0.02752908097778084,6.180000000000001,5.28,0.9,2.5605290809777808,2.56,measured_success,202
404,ppo,1000404,1473,triprotic,near,acid,separated,3,5.69,5.402,0.03871239692615475,0,0,,0,0,0,0,0,50,0,0.1110500837504711,0.5000000000000002,0.5000000000000002,0.0,5.513050083750471,5.51,max_steps,202
404,ppo,1000404,1474,monoprotic,near,acid,single,1,4.073,3.431,0.15945291315974586,2,1,0.255,1,1,0,1,0,4,2,0.01693910562259493,5.3,4.79,0.51,3.447939105622595,3.45,measured_success,202
404,ppo,1000404,1475,diprotic,far,base,separated,2,5.588,8.644,0.12772642348240948,7,2,0.01,1,0,0,1,0,11,7,0.0711450655926793,12.129999999999999,3.42,8.709999999999999,8.71514506559268,8.72,measured_success,202
404,ppo,1000404,1476,diprotic,medium,acid,separated,2,4.58,3.105,0.031422999820084264,3,1,0.425,1,1,0,1,0,4,3,0.008290092125056159,6.9399999999999995,4.72,2.22,3.096709907874944,3.1,measured_success,202
404,ppo,1000404,1477,diprotic,far,base,separated,2,3.958,6.068,0.04069386881462227,41,6,0.01,0,0,1,0,0,50,41,0.6850654109062884,11.87999999999999,5.609999999999996,6.269999999999994,6.753065410906288,6.75,max_steps,202
404,ppo,1000404,1478,diprotic,far,base,separated,2,3.799,7.308,0.07688203185355581,1,0,0.155,1,0,0,1,0,9,1,0.06860848944897313,11.649999999999999,0.0,11.649999999999999,7.376608489448973,7.38,measured_success,202
404,ppo,1000404,1479,triprotic,far,base,separated,3,6.837,10.107,0.05635278950863572,4,3,0.155,1,1,0,1,0,8,4,0.017834297501721608,12.72,5.18,7.540000000000001,10.089165702498278,10.09,measured_success,202
404,ppo,1000404,1480,monoprotic,medium,acid,single,1,6.045,5.255,0.11446333045639097,3,1,0.075,1,1,0,1,0,4,3,0.018579137471685492,2.6,2.29,0.31,5.236420862528314,5.24,measured_success,202
404,ppo,1000404,1481,diprotic,near,base,separated,2,3.002,3.32,0.04363693578075356,1,1,0.755,1,1,0,1,0,2,1,0.02211263691862575,2.26,0.75,1.51,3.3421126369186256,3.34,measured_success,202
404,ppo,1000404,1482,triprotic,near,acid,separated,3,3.89,3.334,0.08631897356579027,1,0,1.09,1,1,0,1,0,1,1,0.00042919393879037315,2.18,2.18,0.0,3.3335708060612097,3.33,measured_success,202
404,ppo,1000404,1483,diprotic,near,acid,separated,2,4.144,3.547,0.10369207985290498,0,0,,1,0,0,1,0,2,0,0.06452150245592803,3.21,3.21,0.0,3.611521502455928,3.61,measured_success,202
404,ppo,1000404,1484,diprotic,near,acid,separated,2,2.16,1.774,0.058052205203690345,0,0,,1,1,0,1,0,1,0,0.029002137033597997,2.12,2.12,0.0,1.803002137033598,1.8,measured_success,202
404,ppo,1000404,1485,monoprotic,far,acid,single,1,4.743,2.227,0.043851454917998856,2,0,0.155,1,1,0,1,0,7,2,0.008750103024132816,9.17,6.07,3.1,2.2357501030241327,2.24,measured_success,202
404,ppo,1000404,1486,monoprotic,medium,acid,single,1,4.046,2.976,0.11315407580606708,3,0,0.155,1,1,0,1,0,3,3,0.03301311995282763,4.81,4.18,0.63,2.9429868800471723,2.94,measured_success,202
404,ppo,1000404,1487,triprotic,near,acid,separated,3,2.899,2.221,0.03442448010250954,0,0,,0,0,0,1,1,1,0,0.10272577354513945,3.48,3.48,0.0,2.3237257735451395,2.32,measured_success,202
404,ppo,1000404,1488,triprotic,medium,acid,separated,3,4.249,2.771,0.03046126744659407,0,0,,1,1,0,1,0,2,0,0.04485946919001549,5.67,5.67,0.0,2.8158594691900154,2.82,measured_success,202
404,ppo,1000404,1489,triprotic,medium,acid,separated,3,7.98,7.077,0.05364142911416948,0,0,,1,0,0,1,0,6,0,0.09435542180622924,2.27,2.27,0.0,7.171355421806229,7.17,measured_success,202
404,ppo,1000404,1490,monoprotic,medium,acid,single,1,7.21,5.913,0.09293605081719888,3,1,0.425,1,0,0,1,0,4,3,0.08023045339480461,7.01,4.72,2.29,5.832769546605196,5.83,measured_success,202
404,ppo,1000404,1491,triprotic,far,acid,separated,3,4.042,1.544,0.0703565686941964,0,0,,1,0,0,1,0,8,0,0.07434478145595236,19.030000000000005,19.030000000000005,0.0,1.6183447814559524,1.62,measured_success,202
404,ppo,1000404,1492,triprotic,near,base,separated,3,2.449,3.036,0.06995878346072355,0,0,,1,1,0,1,0,3,0,0.049243730297797494,3.39,0.0,3.39,2.9867562697022025,2.99,measured_success,202
404,ppo,1000404,1493,monoprotic,medium,acid,single,1,6.846,4.886,0.04238063505668973,4,1,0.18,1,1,0,1,0,8,4,0.046375441006667906,12.89,7.629999999999999,5.260000000000001,4.932375441006668,4.93,measured_success,202
404,ppo,1000404,1494,diprotic,medium,base,separated,2,3.55,4.616,0.03604910892400865,0,0,,1,1,0,1,0,3,0,0.03852877345411443,3.6399999999999997,0.0,3.6399999999999997,4.577471226545885,4.58,measured_success,202
404,ppo,1000404,1495,monoprotic,far,acid,single,1,7.381,3.552,0.17087305042694598,6,4,0.045,1,1,0,1,0,10,6,0.007392255989644436,20.4,18.06,2.34,3.5593922559896445,3.56,measured_success,202
404,ppo,1000404,1496,monoprotic,near,acid,single,1,5.783,5.566,0.057608599735813074,0,0,,0,0,0,0,0,50,0,0.10992201337136986,0.5000000000000002,0.5000000000000002,0.0,5.67592201337137,5.68,max_steps,202
404,ppo,1000404,1497,monoprotic,far,acid,single,1,6.452,4.242,0.07658715041179479,6,6,0.035,1,0,0,1,0,10,6,0.09708254174136055,9.28,6.72,2.5599999999999996,4.3390825417413605,4.34,measured_success,202
404,ppo,1000404,1498,triprotic,medium,base,separated,3,3.115,3.97,0.1012480247686727,0,0,,1,0,0,1,0,7,0,0.08544731647033688,6.879999999999999,0.0,6.879999999999999,3.8845526835296633,3.88,measured_success,202
404,ppo,1000404,1499,triprotic,medium,base,separated,3,2.328,4.252,0.0529130832421034,1,0,1.255,1,0,0,1,0,2,1,0.08536500957360627,7.76,0.0,7.76,4.337365009573606,4.34,measured_success,202
404,ppo,1000404,1500,diprotic,near,base,separated,2,6.575,7.061,0.08049553103151906,0,0,,1,0,0,1,0,2,0,0.05929565941069903,2.75,0.0,2.75,7.001704340589301,7.0,measured_success,202
404,ppo,1000404,1501,monoprotic,near,acid,single,1,5.807,5.178,0.046513661940951995,0,0,,1,1,0,1,0,1,0,0.007035392633214066,1.51,1.51,0.0,5.185035392633214,5.19,measured_success,202
404,ppo,1000404,1502,monoprotic,medium,base,single,1,4.943,5.696,0.17219067519352155,0,0,,1,0,0,1,0,3,0,0.09313015371314215,4.6899999999999995,0.0,4.6899999999999995,5.602869846286858,5.6000000000000005,measured_success,202
404,ppo,1000404,1503,monoprotic,near,acid,single,1,5.331,4.888,0.03192724174843331,2,1,0.375,1,0,0,1,0,2,2,0.0840858377521112,2.26,1.51,0.75,4.972085837752111,4.97,measured_success,202
404,ppo,1000404,1504,diprotic,medium,acid,separated,2,8.351,7.104,0.16844274506822568,0,0,,0,0,1,0,0,50,0,0.8096796484975277,1.500000000000001,1.500000000000001,0.0,7.913679648497528,7.91,max_steps,202
404,ppo,1000404,1505,triprotic,medium,acid,separated,3,2.965,2.036,0.07238359136857374,0,0,,1,0,0,1,0,2,0,0.06113942356266788,5.67,5.67,0.0,2.097139423562668,2.1,measured_success,202
404,ppo,1000404,1506,diprotic,medium,base,separated,2,2.811,4.51,0.04167948714174776,2,0,0.315,1,0,0,1,0,3,2,0.08387629658434292,6.73,1.48,5.25,4.426123703415657,4.43,measured_success,202
404,ppo,1000404,1507,triprotic,near,base,separated,3,1.547,1.858,0.12212763092308206,0,0,,1,0,0,1,0,3,0,0.05777282228640157,4.0,0.0,4.0,1.8002271777135985,1.8,measured_success,202
404,ppo,1000404,1508,diprotic,near,acid,separated,2,3.409,2.819,0.12066779528297818,0,0,,1,1,0,1,0,4,0,0.034546458169309346,5.64,5.64,0.0,2.8535464581693093,2.85,measured_success,202
404,ppo,1000404,1509,triprotic,medium,base,separated,3,1.683,2.861,0.12843704368828018,0,0,,1,0,0,1,0,8,0,0.07113917264716507,11.36,0.0,11.36,2.789860827352835,2.79,measured_success,202
404,ppo,1000404,1510,diprotic,medium,acid,separated,2,5.298,4.301,0.03315960868272711,2,0,0.315,1,1,0,1,0,2,2,0.043902287667812345,4.5,3.87,0.63,4.3449022876678125,4.34,measured_success,202
404,ppo,1000404,1511,triprotic,near,base,separated,3,5.063,5.38,0.04509418974504556,1,1,0.755,1,0,0,1,0,2,1,0.06584655421826913,2.26,0.75,1.51,5.445846554218269,5.45,measured_success,202
404,ppo,1000404,1512,monoprotic,medium,base,single,1,4.748,5.921,0.10802588031117559,0,0,,1,0,0,1,0,4,0,0.05693031123415171,5.1899999999999995,0.0,5.1899999999999995,5.8640696887658486,5.86,measured_success,202
404,ppo,1000404,1513,diprotic,medium,acid,separated,2,5.114,3.363,0.12374797757923409,0,0,,1,0,0,1,0,7,0,0.08965397579287737,11.65,11.65,0.0,3.4526539757928774,3.45,measured_success,202
404,ppo,1000404,1514,triprotic,medium,base,separated,3,2.935,3.845,0.04212951633926132,2,1,0.155,1,1,0,1,0,4,2,0.002377118997297867,4.11,0.8200000000000001,3.29,3.8426228810027023,3.84,measured_success,202
404,ppo,1000404,1515,diprotic,near,base,separated,2,1.836,2.34,0.049455269157738915,1,0,0.515,1,0,0,1,0,2,1,0.08679136993789083,3.1500000000000004,0.0,3.1500000000000004,2.4267913699378907,2.43,measured_success,202
404,ppo,1000404,1516,diprotic,medium,acid,separated,2,3.779,2.607,0.03803748585445076,1,0,1.935,1,1,0,1,0,3,1,0.04676721151213048,6.7,3.87,2.83,2.5602327884878697,2.56,measured_success,202
404,ppo,1000404,1517,triprotic,near,base,overlapping,3,2.331,2.906,0.1384913470903806,0,0,,1,0,0,1,0,18,0,0.0926725519187328,9.420000000000002,0.0,9.420000000000002,2.8133274480812673,2.81,measured_success,202
404,ppo,1000404,1518,triprotic,near,base,overlapping,3,2.91,3.397,0.08567964447886561,2,1,0.21,1,1,0,1,0,4,2,0.027480892749118357,3.81,0.42,3.39,3.3695191072508814,3.37,measured_success,202
404,ppo,1000404,1519,diprotic,far,base,separated,2,5.296,8.926,0.06690793087587002,5,3,0.035,1,1,0,1,0,11,5,0.004571933861301503,15.299999999999999,3.1999999999999993,12.1,8.930571933861302,8.93,measured_success,202
404,ppo,1000404,1520,diprotic,medium,base,separated,2,6.617,7.73,0.0748963940908712,1,0,0.265,1,1,0,1,0,2,1,0.01308128739724701,4.57,0.0,4.57,7.743081287397247,7.74,measured_success,202
404,ppo,1000404,1521,triprotic,medium,base,separated,3,4.191,6.052,0.03692360614023879,1,0,2.625,1,0,0,1,0,3,1,0.07978674178131762,6.73,1.48,5.25,6.131786741781317,6.13,measured_success,202
404,ppo,1000404,1522,monoprotic,far,base,single,1,4.708,7.176,0.036440469711264474,7,4,0.01,1,0,0,1,0,11,7,0.0971206254284187,10.93,4.330000000000001,6.6,7.273120625428419,7.2700000000000005,measured_success,202
404,ppo,1000404,1523,monoprotic,far,base,single,1,7.918,10.653,0.07772011311049638,4,2,0.025,1,0,0,1,0,8,4,0.05760219333362748,11.58,4.79,6.79,10.595397806666373,10.6,measured_success,202
404,ppo,1000404,1524,monoprotic,medium,base,single,1,6.393,7.791,0.07348831226154871,3,1,0.18,1,1,0,1,0,6,3,0.010547355651976176,10.510000000000002,4.2700000000000005,6.24,7.8015473556519765,7.8,measured_success,202
404,ppo,1000404,1525,triprotic,near,base,separated,3,4.36,4.742,0.12706404372324928,0,0,,1,0,0,1,0,3,0,0.08749496718895511,2.8899999999999997,0.0,2.8899999999999997,4.654505032811045,4.65,measured_success,202
404,ppo,1000404,1526,monoprotic,medium,base,single,1,3.263,4.788,0.0697392019175299,3,1,0.315,1,0,0,1,0,3,3,0.07698638929477042,8.5,2.62,5.88,4.864986389294771,4.86,measured_success,202
404,ppo,1000404,1527,triprotic,far,base,separated,3,4.211,7.834,0.10569770708258881,4,2,0.06,1,0,0,1,0,11,4,0.062442589401310755,22.310000000000002,3.04,19.270000000000003,7.771557410598689,7.7700000000000005,measured_success,202
404,ppo,1000404,1528,monoprotic,near,acid,single,1,5.486,5.006,0.03496038056066236,3,3,0.105,1,1,0,1,0,5,3,0.03693181924965927,3.0,1.72,1.28,4.969068180750341,4.97,measured_success,202
404,ppo,1000404,1529,monoprotic,medium,base,single,1,8.149,9.988,0.04078293106645296,2,1,0.02,1,0,0,1,0,14,2,0.055850996401524355,2.03,0.16,1.8699999999999997,9.932149003598475,9.93,measured_success,202
404,ppo,1000404,1530,triprotic,far,acid,separated,3,7.009,5.003,0.06447142948709747,0,0,,1,1,0,1,0,5,0,0.018407332889967876,10.1,10.1,0.0,5.021407332889968,5.0200000000000005,measured_success,202
404,ppo,1000404,1531,monoprotic,medium,acid,single,1,5.106,3.351,0.06905743970795157,5,2,0.09,1,1,0,1,0,8,5,0.028828262298516982,11.129999999999999,6.089999999999999,5.04,3.322171737701483,3.3200000000000003,measured_success,202
404,ppo,1000404,1532,diprotic,medium,acid,separated,2,4.902,3.462,0.05510748064188774,1,0,0.515,1,1,0,1,0,3,1,0.04540080809288716,6.7,6.7,0.0,3.416599191907113,3.42,measured_success,202
404,ppo,1000404,1533,diprotic,near,acid,separated,2,3.769,3.55,0.11702659276201509,0,0,,1,0,0,1,0,2,0,0.07108753354694652,2.54,2.54,0.0,3.6210875335469463,3.62,measured_success,202
404,ppo,1000404,1534,diprotic,medium,base,separated,2,4.987,6.956,0.03381184681433903,1,1,2.625,1,1,0,1,0,2,1,0.02646277032841038,7.87,2.62,5.25,6.982462770328411,6.98,measured_success,202
404,ppo,1000404,1535,triprotic,medium,base,overlapping,3,2.804,3.548,0.08074242611502815,0,0,,0,0,0,1,1,14,0,0.10209098734788835,9.049999999999999,0.0,9.049999999999999,3.4459090126521117,3.45,measured_success,202
404,ppo,1000404,1536,monoprotic,medium,base,single,1,7.463,9.247,0.11603817999693675,0,0,,1,1,0,1,0,7,0,0.031038036919962764,13.24,0.0,13.24,9.215961963080037,9.22,measured_success,202
404,ppo,1000404,1537,triprotic,medium,base,separated,3,5.797,6.764,0.06268517734590492,1,0,2.02,1,0,0,1,0,4,1,0.07528946293135785,5.83,1.79,4.04,6.839289462931358,6.84,measured_success,202
404,ppo,1000404,1538,diprotic,far,base,separated,2,6.548,9.088,0.15946536104520445,5,3,0.055,1,0,0,1,0,8,5,0.07887266799454018,13.17,3.11,10.06,9.16687266799454,9.17,measured_success,202
404,ppo,1000404,1539,diprotic,near,acid,separated,2,2.361,1.719,0.15719793403048052,1,0,1.74,1,0,0,1,0,1,1,0.06866796743603776,3.48,3.48,0.0,1.6503320325639623,1.6500000000000001,measured_success,202
404,ppo,1000404,1540,diprotic,medium,acid,separated,2,3.655,1.833,0.11674760095169617,0,0,,1,0,0,1,0,9,0,0.09280882506965482,16.939999999999998,16.939999999999998,0.0,1.9258088250696548,1.93,measured_success,202
404,ppo,1000404,1541,monoprotic,medium,acid,single,1,3.251,2.15,0.16295690837314095,1,0,0.425,1,1,0,1,0,4,1,0.030642390630724936,7.67,7.67,0.0,2.119357609369275,2.12,measured_success,202
404,ppo,1000404,1542,monoprotic,medium,acid,single,1,5.999,5.181,0.0977847319178605,0,0,,1,0,0,1,0,6,0,0.08663883894586011,4.47,4.47,0.0,5.26763883894586,5.2700000000000005,measured_success,202
404,ppo,1000404,1543,monoprotic,near,base,single,1,8.091,8.687,0.07977607301904267,3,0,0.085,1,0,0,1,0,6,3,0.07206305560885973,4.3,1.8399999999999999,2.46,8.75906305560886,8.76,measured_success,202
404,ppo,1000404,1544,monoprotic,medium,acid,single,1,4.273,2.761,0.03974306088688376,2,0,0.27,1,1,0,1,0,3,2,0.04252296356270424,6.2299999999999995,5.06,1.17,2.8035229635627044,2.8000000000000003,measured_success,202
404,ppo,1000404,1545,diprotic,near,base,separated,2,1.798,2.303,0.11774230317103206,0,0,,1,1,0,1,0,5,0,0.0457360119170076,5.26,0.0,5.26,2.2572639880829923,2.2600000000000002,measured_success,202
404,ppo,1000404,1546,monoprotic,near,base,single,1,3.87,4.181,0.0843664859033988,3,2,0.185,1,1,0,1,0,3,3,0.02494636708157305,2.63,0.75,1.88,4.205946367081573,4.21,measured_success,202
404,ppo,1000404,1547,triprotic,medium,acid,separated,3,3.273,2.359,0.033911141746593355,3,1,0.255,1,1,0,1,0,4,3,0.03221762573477793,7.21,4.38,2.83,2.326782374265222,2.33,measured_success,202
404,ppo,1000404,1548,diprotic,medium,base,separated,2,3.612,5.582,0.037056375856460724,0,0,,1,1,0,1,0,8,0,0.039805259088526945,7.689999999999999,0.0,7.689999999999999,5.542194740911473,5.54,measured_success,202
404,ppo,1000404,1549,monoprotic,far,acid,single,1,9.261,7.012,0.15627805270654432,0,0,,0,0,1,0,0,50,0,1.9161263486880822,1.500000000000001,1.500000000000001,0.0,8.928126348688082,8.93,max_steps,202
404,ppo,1000404,1550,monoprotic,far,base,single,1,2.603,5.194,0.09283195749956302,4,1,0.06,1,0,0,1,0,11,4,0.054536986738708215,14.689999999999998,3.5,11.189999999999998,5.139463013261292,5.14,measured_success,202
404,ppo,1000404,1551,diprotic,medium,base,separated,2,5.879,7.294,0.07912785698339751,0,0,,1,0,0,1,0,4,0,0.05022591907312712,6.45,0.0,6.45,7.2437740809268725,7.24,measured_success,202
404,ppo,1000404,1552,monoprotic,medium,acid,single,1,3.635,2.643,0.08264557995296341,3,2,0.255,1,1,0,1,0,4,3,0.007752626171848576,5.66,4.38,1.28,2.635247373828151,2.64,measured_success,202
404,ppo,1000404,1553,diprotic,near,base,separated,2,6.11,6.746,0.06585737943824833,1,0,0.425,1,1,0,1,0,2,1,0.0164396608049735,2.97,0.0,2.97,6.762439660804974,6.76,measured_success,202
404,ppo,1000404,1554,triprotic,far,acid,separated,3,4.775,2.443,0.09849812044654975,0,0,,1,0,0,1,0,5,0,0.0565866351524007,16.3,16.3,0.0,2.4995866351524008,2.5,measured_success,202
404,ppo,1000404,1555,monoprotic,near,base,single,1,5.942,6.581,0.1454488557757374,1,0,1.06,1,0,0,1,0,1,1,0.06844003639537366,2.12,0.0,2.12,6.649440036395374,6.65,measured_success,202
404,ppo,1000404,1556,diprotic,near,acid,separated,2,8.065,7.829,0.07446749967880664,0,0,,1,0,0,1,0,34,0,0.09505915289552735,0.34000000000000014,0.34000000000000014,0.0,7.924059152895527,7.92,measured_success,202
404,ppo,1000404,1557,monoprotic,near,base,single,1,3.683,4.243,0.08372855755182418,0,0,,1,1,0,1,0,2,0,0.04781353122684884,3.29,0.0,3.29,4.1951864687731515,4.2,measured_success,202
404,ppo,1000404,1558,triprotic,far,acid,separated,3,5.598,3.544,0.06869880439179007,0,0,,1,1,0,1,0,5,0,0.047085044904284334,11.579999999999998,11.579999999999998,0.0,3.5910850449042844,3.59,measured_success,202
404,ppo,1000404,1559,monoprotic,medium,acid,single,1,4.967,3.479,0.07666232237280524,3,2,0.09,1,1,0,1,0,7,3,0.00676340526521102,7.6,6.119999999999999,1.4800000000000002,3.472236594734789,3.47,measured_success,202
404,ppo,1000404,1560,diprotic,near,acid,separated,2,4.396,4.092,0.04169632491457094,1,0,0.755,1,0,0,1,0,1,1,0.08651738124259456,1.51,1.51,0.0,4.005482618757405,4.01,measured_success,202
404,ppo,1000404,1561,diprotic,medium,base,separated,2,3.455,5.151,0.0472535120645458,3,0,0.155,1,1,0,1,0,4,3,0.04854596011316481,7.039999999999999,1.48,5.56,5.199545960113165,5.2,measured_success,202
404,ppo,1000404,1562,diprotic,medium,base,separated,2,3.696,5.58,0.04133872331643768,0,0,,1,1,0,1,0,4,0,0.021446476898791644,6.3999999999999995,0.0,6.3999999999999995,5.558553523101208,5.5600000000000005,measured_success,202
404,ppo,1000404,1563,monoprotic,near,acid,single,1,2.492,2.277,0.0672742709878962,3,1,0.21,1,1,0,1,0,4,3,0.028502487245554597,4.42,2.54,1.88,2.2484975127544455,2.25,measured_success,202
404,ppo,1000404,1564,triprotic,near,acid,overlapping,3,5.193,4.654,0.08186887472767095,0,0,,1,1,0,1,0,1,0,0.02763186355348779,1.51,1.51,0.0,4.681631863553488,4.68,measured_success,202
404,ppo,1000404,1565,diprotic,medium,base,overlapping,2,2.295,3.458,0.04483093829164798,1,0,0.515,1,0,0,1,0,5,1,0.057840379558329325,7.48,0.61,6.87,3.5158403795583295,3.52,measured_success,202
404,ppo,1000404,1566,diprotic,far,base,overlapping,2,3.223,5.51,0.09014552604977259,0,0,,1,1,0,1,0,7,0,0.02389980494561783,19.770000000000003,0.0,19.770000000000003,5.486100195054382,5.49,measured_success,202
404,ppo,1000404,1567,monoprotic,far,base,single,1,5.145,7.469,0.16489066488586765,1,0,0.65,1,1,0,1,0,5,1,0.016448344968991613,15.870000000000001,0.0,15.870000000000001,7.485448344968992,7.49,measured_success,202
404,ppo,1000404,1568,monoprotic,far,base,single,1,2.962,6.699,0.10528889393546079,41,23,0.01,0,0,1,0,0,50,41,2.721052161439408,16.429999999999993,6.6099999999999985,9.819999999999995,9.420052161439408,9.42,max_steps,202
404,ppo,1000404,1569,triprotic,medium,base,separated,3,3.726,4.564,0.06449197093901111,1,0,0.79,1,1,0,1,0,2,1,0.045492585871848235,3.84,0.0,3.84,4.609492585871848,4.61,measured_success,202
404,ppo,1000404,1570,monoprotic,medium,base,single,1,4.774,6.494,0.03944652502268368,3,1,0.155,1,0,0,1,0,6,3,0.08271669930337744,9.530000000000001,2.62,6.91,6.576716699303377,6.58,measured_success,202
404,ppo,1000404,1571,triprotic,near,acid,separated,3,2.955,2.419,0.08838407729089512,0,0,,1,1,0,1,0,3,0,0.027035558029645745,6.3100000000000005,6.3100000000000005,0.0,2.446035558029646,2.45,measured_success,202
404,ppo,1000404,1572,monoprotic,far,base,single,1,5.405,7.679,0.046399296896384216,6,2,0.015,1,1,0,1,0,9,6,0.04163740763145718,9.14,3.1799999999999997,5.96,7.637362592368543,7.640000000000001,measured_success,202
404,ppo,1000404,1573,monoprotic,medium,base,single,1,2.159,3.293,0.10593552527557908,0,0,,1,1,0,1,0,3,0,0.003040852524248905,5.52,0.0,5.52,3.2899591474757512,3.29,measured_success,202
404,ppo,1000404,1574,monoprotic,medium,base,single,1,6.251,8.022,0.03019125049925128,4,2,0.04,1,0,0,1,0,10,4,0.08273743184205351,10.67,4.23,6.4399999999999995,7.939262568157947,7.94,measured_success,202
404,ppo,1000404,1575,diprotic,far,base,separated,2,3.987,7.209,0.10107334640758411,0,0,,1,1,0,1,0,7,0,0.03320845050561694,19.23,0.0,19.23,7.175791549494383,7.18,measured_success,202
404,ppo,1000404,1576,monoprotic,medium,acid,single,1,3.122,1.806,0.16257053403862592,1,0,0.96,1,1,0,1,0,2,1,0.03260260710661278,7.17,7.17,0.0,1.7733973928933873,1.77,measured_success,202
404,ppo,1000404,1577,monoprotic,near,base,single,1,2.519,3.166,0.1473069017940014,0,0,,1,0,0,1,0,4,0,0.08816625915865517,4.77,0.0,4.77,3.0778337408413448,3.08,measured_success,202
404,ppo,1000404,1578,diprotic,medium,base,separated,2,3.236,4.143,0.13937539052836564,0,0,,1,0,0,1,0,10,0,0.07455533359887401,7.089999999999997,0.0,7.089999999999997,4.068444666401126,4.07,measured_success,202
404,ppo,1000404,1579,triprotic,near,acid,separated,3,8.034,7.546,0.03104250890631701,0,0,,1,0,0,1,0,28,0,0.09714589192015755,0.2800000000000001,0.2800000000000001,0.0,7.643145891920158,7.640000000000001,measured_success,202
404,ppo,1000404,1580,diprotic,near,acid,separated,2,4.445,3.857,0.05426766167622716,0,0,,1,0,0,1,0,2,0,0.08285100029359693,2.54,2.54,0.0,3.939851000293597,3.94,measured_success,202
404,ppo,1000404,1581,monoprotic,far,base,single,1,7.623,9.78,0.0893649765093855,6,1,0.015,1,0,0,1,0,9,6,0.05169466313112103,8.37,2.4099999999999997,5.96,9.728305336868878,9.73,measured_success,202
404,ppo,1000404,1582,diprotic,medium,base,separated,2,2.788,3.55,0.031688730944045417,1,0,1.13,1,0,0,1,0,2,1,0.06193108136852565,3.11,0.85,2.26,3.6119310813685255,3.61,measured_success,202
404,ppo,1000404,1583,diprotic,medium,acid,separated,2,4.738,2.805,0.06269292141445747,3,2,0.225,1,0,0,1,0,4,3,0.06856945421975658,8.209999999999999,7.31,0.9,2.7364305457802436,2.74,measured_success,202
404,ppo,1000404,1584,triprotic,medium,acid,separated,3,7.715,6.937,0.03248380407378173,1,0,1.06,1,0,0,1,0,2,1,0.057431978476183865,2.75,2.12,0.63,6.879568021523816,6.88,measured_success,202
404,ppo,1000404,1585,diprotic,far,base,separated,2,2.198,4.243,0.10027753960639448,0,0,,1,1,0,1,0,5,0,0.02204167612639374,10.73,0.0,10.73,4.220958323873607,4.22,measured_success,202
404,ppo,1000404,1586,diprotic,near,base,overlapping,2,3.827,4.055,0.13925838621423575,0,0,,1,1,0,1,0,2,0,0.03522539313321005,2.36,0.0,2.36,4.01977460686679,4.0200000000000005,measured_success,202
404,ppo,1000404,1587,monoprotic,medium,base,single,1,4.299,5.916,0.039574039497113904,4,2,0.155,1,0,0,1,0,5,4,0.05300102642958571,8.96,2.93,6.03,5.862998973570415,5.86,measured_success,202
404,ppo,1000404,1588,monoprotic,medium,base,single,1,4.153,5.875,0.11303449989439167,0,0,,1,0,0,1,0,21,0,0.08319010413660699,9.34,0.0,9.34,5.791809895863393,5.79,measured_success,202
404,ppo,1000404,1589,monoprotic,far,base,single,1,7.32,10.392,0.041976339712300574,4,0,0.06,1,1,0,1,0,7,4,0.03703938253076444,9.78,2.4,7.38,10.354960617469235,10.35,measured_success,202
404,ppo,1000404,1590,triprotic,near,base,separated,3,3.171,3.526,0.07800056618274893,0,0,,1,1,0,1,0,2,0,0.04375989943955716,2.36,0.0,2.36,3.4822401005604426,3.48,measured_success,202
404,ppo,1000404,1591,diprotic,medium,base,separated,2,5.774,6.578,0.03184328497575516,2,0,0.06,1,0,0,1,0,12,2,0.08238336690484349,4.229999999999999,1.9100000000000001,2.3199999999999985,6.495616633095157,6.5,measured_success,202
404,ppo,1000404,1592,monoprotic,far,base,single,1,2.062,4.511,0.10401477457444146,4,1,0.06,1,0,0,1,0,8,4,0.08885645572442957,13.18,1.7999999999999998,11.38,4.4221435442755705,4.42,measured_success,202
404,ppo,1000404,1593,monoprotic,medium,base,single,1,8.457,10.224,0.147887692569812,1,0,0.085,1,0,0,1,0,32,1,0.07102504793815712,5.179999999999999,0.08,5.099999999999999,10.295025047938157,10.3,measured_success,202
404,ppo,1000404,1594,triprotic,near,acid,overlapping,3,4.011,3.701,0.1386857932333014,0,0,,1,0,0,1,0,7,0,0.09891884425100494,5.04,5.04,0.0,3.799918844251005,3.8000000000000003,measured_success,202
404,ppo,1000404,1595,monoprotic,far,acid,single,1,4.139,1.654,0.0680282363963786,0,0,,1,1,0,1,0,1,0,0.03487664380051303,6.07,6.07,0.0,1.688876643800513,1.69,measured_success,202
404,ppo,1000404,1596,monoprotic,near,acid,single,1,4.763,4.297,0.054845915029451735,2,2,0.375,1,1,0,1,0,3,2,0.0115181098846735,2.63,1.88,0.75,4.308518109884673,4.3100000000000005,measured_success,202
404,ppo,1000404,1597,monoprotic,medium,acid,single,1,5.666,4.127,0.0343482303926119,1,0,2.53,1,1,0,1,0,2,1,0.01733769101304805,6.859999999999999,5.06,1.8,4.109662308986952,4.11,measured_success,202
404,ppo,1000404,1598,diprotic,medium,base,separated,2,2.573,3.738,0.13972223913773058,0,0,,1,0,0,1,0,8,0,0.09487468977287383,10.46,0.0,10.46,3.643125310227126,3.64,measured_success,202
404,ppo,1000404,1599,monoprotic,near,base,single,1,8.265,8.67,0.0615581045318823,0,0,,0,0,0,0,0,50,0,0.28168421989798453,0.5000000000000002,0.0,0.5000000000000002,8.388315780102015,8.39,max_steps,202
404,ppo,1000404,1600,triprotic,near,acid,separated,3,4.834,4.603,0.030190835600199105,2,1,0.265,1,0,0,1,0,3,2,0.09676371703763209,2.79,1.51,1.28,4.699763717037632,4.7,measured_success,202
404,ppo,1000404,1601,diprotic,near,base,separated,2,5.804,6.027,0.1794197484247206,0,0,,0,0,0,0,0,50,0,0.15919180661026733,0.5000000000000002,0.0,0.5000000000000002,5.867808193389733,5.87,max_steps,202
404,ppo,1000404,1602,monoprotic,near,acid,single,1,4.806,4.335,0.06593601504189354,2,2,0.155,1,1,0,1,0,4,2,0.022284637436530197,2.7199999999999998,1.66,1.06,4.35728463743653,4.36,measured_success,202
404,ppo,1000404,1603,diprotic,medium,acid,overlapping,2,3.464,1.75,0.08639867770055719,0,0,,1,0,0,1,0,6,0,0.07397845223947153,15.499999999999998,15.499999999999998,0.0,1.8239784522394715,1.82,measured_success,202
404,ppo,1000404,1604,monoprotic,medium,acid,single,1,4.878,4.143,0.06367703577263756,1,0,0.515,1,1,0,1,0,2,1,0.0069343957520997535,3.21,3.21,0.0,4.1360656042479,4.14,measured_success,202
404,ppo,1000404,1605,diprotic,medium,base,separated,2,4.926,5.756,0.14537496967330224,2,0,0.425,1,0,0,1,0,2,2,0.08193019127921275,3.11,0.85,2.26,5.6740698087207875,5.67,measured_success,202
404,ppo,1000404,1606,diprotic,medium,acid,separated,2,6.024,4.931,0.10842910619845074,0,0,,1,0,0,1,0,13,0,0.08164185628869713,11.500000000000004,11.500000000000004,0.0,5.012641856288697,5.01,measured_success,202
404,ppo,1000404,1607,triprotic,near,base,overlapping,3,3.822,4.456,0.10163383644174868,0,0,,1,0,0,1,0,32,0,0.08768771831191824,13.960000000000006,0.0,13.960000000000006,4.368312281688082,4.37,measured_success,202
404,ppo,1000404,1608,monoprotic,near,base,single,1,5.325,5.628,0.053988647952980515,0,0,,0,0,0,0,0,50,0,0.14713232521079078,0.5000000000000002,0.0,0.5000000000000002,5.480867674789209,5.48,max_steps,202
404,ppo,1000404,1609,diprotic,near,acid,overlapping,2,3.068,2.566,0.0712531152805504,1,0,1.09,1,1,0,1,0,2,1,0.039519473377283454,3.21,2.18,1.03,2.5264805266227164,2.5300000000000002,measured_success,202
404,ppo,1000404,1610,diprotic,near,base,separated,2,2.631,3.248,0.11452509619120126,0,0,,1,0,0,1,0,4,0,0.0847103085890355,5.72,0.0,5.72,3.1632896914109647,3.16,measured_success,202
404,ppo,1000404,1611,monoprotic,far,base,single,1,3.69,6.818,0.03505795500602156,6,3,0.01,1,0,0,1,0,9,6,0.0508083314893657,11.13,3.6599999999999997,7.470000000000001,6.767191668510634,6.7700000000000005,measured_success,202
404,ppo,1000404,1612,diprotic,medium,acid,separated,2,4.661,3.747,0.13120060709324147,1,0,0.515,1,1,0,1,0,3,1,0.016896767636949583,6.7,6.7,0.0,3.7301032323630503,3.73,measured_success,202
404,ppo,1000404,1613,triprotic,near,acid,overlapping,3,3.536,2.919,0.054553700733646876,0,0,,1,0,0,1,0,3,0,0.08779039901408714,4.06,4.06,0.0,3.006790399014087,3.0100000000000002,measured_success,202
404,ppo,1000404,1614,diprotic,near,acid,separated,2,5.826,5.552,0.03081086954701413,0,0,,0,0,0,1,1,43,0,0.10292362472927508,0.4300000000000002,0.4300000000000002,0.0,5.654923624729275,5.65,measured_success,202
404,ppo,1000404,1615,triprotic,medium,base,separated,3,3.008,4.195,0.17682058644809426,0,0,,1,0,0,1,0,10,0,0.07157628831013696,13.0,0.0,13.0,4.123423711689863,4.12,measured_success,202
404,ppo,1000404,1616,monoprotic,medium,acid,single,1,5.29,3.577,0.12658808285263928,3,1,0.425,1,1,0,1,0,5,3,0.01766460220490096,8.489999999999998,5.909999999999999,2.58,3.559335397795099,3.56,measured_success,202
404,ppo,1000404,1617,monoprotic,near,base,single,1,5.214,5.667,0.031444532704094884,3,1,0.155,1,1,0,1,0,4,3,0.04036481498407518,4.12,1.69,2.43,5.707364814984075,5.71,measured_success,202
404,ppo,1000404,1618,diprotic,medium,base,separated,2,4.134,6.032,0.031593142080998046,2,1,1.31,1,0,0,1,0,4,2,0.06688461017120062,8.86,2.62,6.24,5.965115389828799,5.97,measured_success,202
404,ppo,1000404,1619,monoprotic,medium,base,single,1,2.58,4.195,0.036284105174394274,7,6,0.01,1,1,0,1,0,12,7,0.013519193914092398,10.25,4.37,5.879999999999999,4.208519193914093,4.21,measured_success,202
404,ppo,1000404,1620,monoprotic,medium,acid,single,1,6.94,5.132,0.03559364709982925,6,2,0.04,1,0,0,1,0,8,6,0.05495563096235756,12.190000000000001,6.85,5.340000000000001,5.186955630962357,5.19,measured_success,202
404,ppo,1000404,1621,diprotic,medium,acid,separated,2,3.951,3.166,0.09194086312922051,0,0,,1,1,0,1,0,3,0,0.007194889052725362,6.7,6.7,0.0,3.1731948890527253,3.17,measured_success,202
404,ppo,1000404,1622,triprotic,medium,base,separated,3,2.073,3.133,0.06969842169096734,1,0,0.515,1,1,0,1,0,3,1,0.029475988261963515,4.87,0.0,4.87,3.1624759882619635,3.16,measured_success,202
404,ppo,1000404,1623,monoprotic,far,base,single,1,8.654,11.97,0.08808830113100098,1,0,3.24,1,0,0,1,0,16,1,0.0910579292222824,9.53,3.0499999999999994,6.48,12.061057929222283,12.06,measured_success,202
404,ppo,1000404,1624,monoprotic,far,base,single,1,2.629,5.563,0.04289669523662741,41,25,0.01,0,0,1,0,0,50,41,1.07986468220962,16.489999999999995,7.119999999999998,9.369999999999996,6.64286468220962,6.640000000000001,max_steps,202
404,ppo,1000404,1625,triprotic,medium,base,separated,3,2.037,3.023,0.17885108686893358,0,0,,1,0,0,1,0,18,0,0.06868608981406377,12.96,0.0,12.96,2.9543139101859364,2.95,measured_success,202
404,ppo,1000404,1626,monoprotic,medium,base,single,1,7.968,9.121,0.11302505905937375,1,0,0.085,1,0,0,1,0,20,1,0.051628962053426264,3.399999999999999,0.0,3.399999999999999,9.172628962053427,9.17,measured_success,202
404,ppo,1000404,1627,triprotic,medium,acid,separated,3,4.458,2.725,0.12165377687295556,0,0,,1,1,0,1,0,2,0,0.026674536408969995,6.859999999999999,6.859999999999999,0.0,2.75167453640897,2.75,measured_success,202
404,ppo,1000404,1628,triprotic,medium,acid,separated,3,3.951,3.201,0.16852430703457905,0,0,,1,0,0,1,0,6,0,0.09304990221095588,9.370000000000001,9.370000000000001,0.0,3.294049902210956,3.29,measured_success,202
404,ppo,1000404,1629,diprotic,near,acid,separated,2,5.406,5.133,0.129630137651517,0,0,,0,0,0,0,0,50,0,0.1456086482257275,0.5000000000000002,0.5000000000000002,0.0,5.2786086482257275,5.28,max_steps,202
404,ppo,1000404,1630,monoprotic,medium,acid,single,1,7.433,5.63,0.09356336778729042,7,2,0.02,1,0,0,1,0,8,7,0.07004083625745405,9.099999999999998,6.119999999999999,2.9799999999999995,5.559959163742546,5.5600000000000005,measured_success,202
404,ppo,1000404,1631,monoprotic,medium,base,single,1,6.814,7.657,0.07236914647428093,4,0,0.045,1,1,0,1,0,5,4,0.02601554376901838,3.59,1.11,2.48,7.630984456230982,7.63,measured_success,202
404,ppo,1000404,1632,monoprotic,far,base,single,1,4.654,7.482,0.1040630708403688,6,3,0.015,1,1,0,1,0,10,6,0.015235313312474297,11.200000000000001,3.9499999999999997,7.250000000000001,7.466764686687526,7.47,measured_success,202
404,ppo,1000404,1633,monoprotic,medium,base,single,1,2.164,4.157,0.04071672072958447,4,1,0.115,1,1,0,1,0,6,4,0.03448358095830173,10.649999999999999,2.85,7.799999999999999,4.122516419041698,4.12,measured_success,202
404,ppo,1000404,1634,monoprotic,medium,base,single,1,4.839,6.346,0.03551109727016229,2,1,1.31,1,0,0,1,0,2,2,0.05243872939897365,7.87,2.62,5.25,6.293561270601026,6.29,measured_success,202
404,ppo,1000404,1635,monoprotic,medium,base,single,1,3.265,4.985,0.10092067501253224,1,0,0.79,1,1,0,1,0,3,1,0.0033922089038336267,9.34,0.0,9.34,4.988392208903834,4.99,measured_success,202
404,ppo,1000404,1636,diprotic,medium,base,separated,2,6.182,7.755,0.16979313402564017,3,1,0.18,1,1,0,1,0,6,3,0.01722949053907552,10.0,2.62,7.380000000000001,7.772229490539075,7.7700000000000005,measured_success,202
404,ppo,1000404,1637,diprotic,medium,acid,separated,2,3.382,2.126,0.08581836128018208,1,0,0.515,1,1,0,1,0,5,1,0.016167380223330863,11.76,11.76,0.0,2.109832619776669,2.11,measured_success,202
404,ppo,1000404,1638,diprotic,near,base,separated,2,2.228,2.454,0.041808263695896714,2,1,0.375,1,1,0,1,0,2,2,0.039720723890231735,2.26,0.75,1.51,2.4142792761097684,2.41,measured_success,202
404,ppo,1000404,1639,monoprotic,medium,acid,single,1,3.467,2.363,0.07443611809885581,0,0,,1,1,0,1,0,3,0,0.028292471196774915,6.7,6.7,0.0,2.391292471196775,2.39,measured_success,202
404,ppo,1000404,1640,monoprotic,medium,acid,single,1,5.09,4.126,0.08405664967714563,2,0,0.425,1,0,0,1,0,3,2,0.08913384504945032,6.52,5.67,0.85,4.215133845049451,4.22,measured_success,202
404,ppo,1000404,1641,monoprotic,medium,acid,single,1,4.927,3.55,0.08991331017637363,2,0,0.425,1,1,0,1,0,3,2,0.024588892982463584,6.52,5.67,0.85,3.5745888929824634,3.5700000000000003,measured_success,202
404,ppo,1000404,1642,triprotic,medium,acid,separated,3,2.947,1.735,0.1001174720830275,0,0,,1,0,0,1,0,5,0,0.08128168177535877,9.899999999999999,9.899999999999999,0.0,1.8162816817753589,1.82,measured_success,202
404,ppo,1000404,1643,triprotic,near,base,separated,3,6.326,6.579,0.03535151748678067,0,0,,0,0,0,1,1,12,0,0.1034750414559591,0.11999999999999998,0.0,0.11999999999999998,6.475524958544041,6.48,measured_success,202
404,ppo,1000404,1644,triprotic,near,acid,separated,3,5.507,5.046,0.03391857696411412,0,0,,1,1,0,1,0,1,0,0.03329372699919997,1.51,1.51,0.0,5.0792937269992,5.08,measured_success,202
404,ppo,1000404,1645,monoprotic,medium,acid,single,1,7.206,6.107,0.05151796088769813,7,4,0.02,1,0,0,1,0,9,7,0.07290942490293606,9.309999999999999,4.93,4.38,6.034090575097064,6.03,measured_success,202
404,ppo,1000404,1646,diprotic,medium,base,separated,2,4.637,5.598,0.034690799970791455,3,0,0.155,1,1,0,1,0,4,3,0.03507763464924363,3.78,0.85,2.9299999999999997,5.6330776346492435,5.63,measured_success,202
404,ppo,1000404,1647,monoprotic,far,base,single,1,7.669,11.077,0.1290161959950308,1,0,3.24,1,0,0,1,0,1,1,0.061970009976191065,6.48,0.0,6.48,11.138970009976191,11.14,measured_success,202
404,ppo,1000404,1648,diprotic,medium,acid,separated,2,5.051,3.256,0.08354280652523755,1,0,0.515,1,0,0,1,0,4,1,0.06480329593904477,9.589999999999998,9.589999999999998,0.0,3.191196704060955,3.19,measured_success,202
404,ppo,1000404,1649,diprotic,far,base,separated,2,4.164,6.486,0.04522974793869886,1,0,2.625,1,0,0,1,0,2,1,0.08315603952483297,5.78,0.53,5.25,6.569156039524833,6.57,measured_success,202
404,ppo,1000404,1650,diprotic,far,acid,separated,2,4.264,1.819,0.03219079657605899,0,0,,1,1,0,1,0,2,0,0.03035276556561195,6.7,6.7,0.0,1.849352765565612,1.85,measured_success,202
404,ppo,1000404,1651,diprotic,near,base,separated,2,6.783,7.314,0.09487194801837813,0,0,,1,1,0,1,0,2,0,0.048643447519484795,2.75,0.0,2.75,7.265356552480515,7.2700000000000005,measured_success,202
404,ppo,1000404,1652,triprotic,near,acid,overlapping,3,3.812,3.21,0.03322208417308386,1,0,0.515,1,0,0,1,0,2,1,0.06786826862681838,3.21,3.21,0.0,3.1421317313731816,3.14,measured_success,202
404,ppo,1000404,1653,monoprotic,near,acid,single,1,8.003,7.586,0.0687067417356131,0,0,,0,0,0,0,0,50,0,0.2577408269387629,0.5000000000000002,0.5000000000000002,0.0,7.843740826938763,7.84,max_steps,202
404,ppo,1000404,1654,monoprotic,medium,base,single,1,3.92,4.879,0.0885128833433887,4,3,0.105,1,1,0,1,0,5,4,0.022194099369222897,3.84,1.06,2.78,4.856805900630777,4.86,measured_success,202
404,ppo,1000404,1655,monoprotic,medium,acid,single,1,7.255,5.635,0.09085807865706698,3,0,0.155,1,0,0,1,0,5,3,0.06468448139987082,8.379999999999999,7.529999999999999,0.85,5.570315518600129,5.57,measured_success,202
404,ppo,1000404,1656,monoprotic,medium,acid,single,1,4.276,2.564,0.041006066936881976,2,0,0.155,1,1,0,1,0,5,2,0.04092637120315068,6.85,5.06,1.79,2.6049263712031507,2.6,measured_success,202
404,ppo,1000404,1657,monoprotic,near,acid,single,1,4.154,3.922,0.09137626021794396,1,0,0.755,1,0,0,1,0,1,1,0.06159049329421373,1.51,1.51,0.0,3.8604095067057864,3.86,measured_success,202
404,ppo,1000404,1658,triprotic,near,acid,separated,3,4.062,3.633,0.07009267745210324,1,0,0.515,1,1,0,1,0,2,1,0.04755042346122362,2.54,2.54,0.0,3.5854495765387764,3.59,measured_success,202
404,ppo,1000404,1659,monoprotic,far,base,single,1,6.067,8.353,0.06802957628158676,4,0,0.025,1,0,0,1,0,7,4,0.05437954337382145,8.95,1.9800000000000002,6.97,8.298620456626178,8.3,measured_success,202
404,ppo,1000404,1660,diprotic,medium,acid,overlapping,2,4.169,3.177,0.08426182742869481,2,0,0.425,1,1,0,1,0,3,2,0.0032126456555681138,6.52,5.67,0.85,3.180212645655568,3.18,measured_success,202
404,ppo,1000404,1661,triprotic,far,acid,separated,3,7.127,4.387,0.13054759950055142,0,0,,1,0,0,1,0,13,0,0.08548125992111988,24.91,24.91,0.0,4.4724812599211194,4.47,measured_success,202
404,ppo,1000404,1662,diprotic,far,acid,separated,2,6.524,4.364,0.13746591576846137,0,0,,1,0,0,1,0,4,0,0.09165428751347893,11.53,11.53,0.0,4.455654287513479,4.46,measured_success,202
404,ppo,1000404,1663,diprotic,near,acid,separated,2,4.67,4.407,0.1508191890433078,0,0,,1,0,0,1,0,2,0,0.05563507773095644,2.36,2.36,0.0,4.4626350777309565,4.46,measured_success,202
404,ppo,1000404,1664,diprotic,far,base,separated,2,4.948,7.107,0.16526298245031987,2,0,0.18,1,0,0,1,0,6,2,0.05506728686714002,16.5,0.36,16.14,7.05193271313286,7.05,measured_success,202
404,ppo,1000404,1665,triprotic,medium,base,separated,3,6.266,7.377,0.056651332923031594,0,0,,1,0,0,1,0,3,0,0.08963593953951321,4.88,0.0,4.88,7.287364060460487,7.29,measured_success,202
404,ppo,1000404,1666,monoprotic,near,base,single,1,8.359,8.817,0.07633351347965589,0,0,,0,0,0,0,0,50,0,0.15981965565559975,0.5000000000000002,0.0,0.5000000000000002,8.6571803443444,8.66,max_steps,202
404,ppo,1000404,1667,triprotic,near,base,overlapping,3,2.392,2.761,0.0382332738509122,0,0,,1,1,0,1,0,2,0,0.04441825637760832,2.54,0.0,2.54,2.716581743622392,2.72,measured_success,202
404,ppo,1000404,1668,monoprotic,near,acid,single,1,2.499,2.157,0.13905515317304817,0,0,,1,1,0,1,0,2,0,0.0220619443351735,3.1500000000000004,3.1500000000000004,0.0,2.1790619443351735,2.18,measured_success,202
404,ppo,1000404,1669,monoprotic,far,acid,single,1,6.716,4.469,0.04606295901795666,4,2,0.155,1,0,0,1,0,6,4,0.08674625798187297,8.59,6.06,2.5300000000000002,4.555746257981873,4.5600000000000005,measured_success,202
404,ppo,1000404,1670,triprotic,medium,base,separated,3,7.113,8.566,0.15205372423568686,7,3,0.01,1,0,0,1,0,12,7,0.07969298536503011,12.540000000000001,6.010000000000002,6.529999999999999,8.64569298536503,8.65,measured_success,202
404,ppo,1000404,1671,diprotic,near,acid,separated,2,3.276,2.94,0.04358338049144556,1,0,0.755,1,0,0,1,0,1,1,0.08007994703524224,1.51,1.51,0.0,2.8599200529647577,2.86,measured_success,202
404,ppo,1000404,1672,diprotic,near,acid,overlapping,2,5.366,4.916,0.03780297171260399,0,0,,1,0,0,1,0,2,0,0.08182327368708187,2.36,2.36,0.0,4.997823273687082,5.0,measured_success,202
404,ppo,1000404,1673,triprotic,near,acid,separated,3,3.614,3.054,0.13070314202343386,0,0,,1,0,0,1,0,3,0,0.06925875966751027,4.79,4.79,0.0,3.12325875966751,3.12,measured_success,202
404,ppo,1000404,1674,monoprotic,medium,acid,single,1,3.219,1.605,0.03065301235018687,0,0,,1,0,0,1,0,2,0,0.08839420313214363,7.05,7.05,0.0,1.6933942031321436,1.69,measured_success,202
404,ppo,1000404,1675,monoprotic,near,acid,single,1,4.169,3.9,0.1024579379758453,2,2,0.375,1,1,0,1,0,3,3,0.0012617550606157657,2.63,1.88,0.75,3.898738244939384,3.9,measured_success,202
404,ppo,1000404,1676,monoprotic,near,base,single,1,5.255,5.578,0.030389334456760172,4,2,0.045,1,0,0,1,0,6,4,0.07957617781512472,4.46,2.1599999999999997,2.3000000000000003,5.498423822184876,5.5,measured_success,202
404,ppo,1000404,1677,triprotic,medium,base,separated,3,2.905,4.485,0.10792177829101951,0,0,,1,0,0,1,0,15,0,0.07015172128304048,15.370000000000005,0.0,15.370000000000005,4.41484827871696,4.41,measured_success,202
404,ppo,1000404,1678,monoprotic,medium,acid,single,1,3.372,2.586,0.044910901455799866,1,0,1.74,1,1,0,1,0,1,1,0.03588703105414082,3.48,3.48,0.0,2.550112968945859,2.5500000000000003,measured_success,202
404,ppo,1000404,1679,triprotic,medium,acid,separated,3,3.406,1.693,0.12857747282111492,0,0,,1,0,0,1,0,6,0,0.07495367282676613,16.29,16.29,0.0,1.7679536728267662,1.77,measured_success,202
404,ppo,1000404,1680,monoprotic,near,base,single,1,4.07,4.607,0.035919328385167905,2,0,0.315,1,1,0,1,0,4,2,0.03265922158874002,4.05,1.48,2.57,4.57434077841126,4.57,measured_success,202
404,ppo,1000404,1681,diprotic,medium,acid,separated,2,3.563,2.766,0.10427381923685787,2,1,0.255,1,1,0,1,0,3,2,0.036816258876293695,5.02,4.51,0.51,2.8028162588762937,2.8000000000000003,measured_success,202
404,ppo,1000404,1682,triprotic,near,acid,separated,3,1.809,1.518,0.05056404436142936,0,0,,1,0,0,1,0,1,0,0.0894334801872525,2.12,2.12,0.0,1.6074334801872525,1.61,measured_success,202
404,ppo,1000404,1683,monoprotic,medium,acid,single,1,7.189,6.12,0.04661720516541164,3,1,0.425,1,1,0,1,0,5,3,0.03257381464477138,7.24,4.72,2.52,6.087426185355229,6.09,measured_success,202
404,ppo,1000404,1684,diprotic,medium,acid,separated,2,5.32,3.906,0.030217605741666046,2,1,0.425,1,1,0,1,0,4,2,0.017948390081240273,6.9399999999999995,4.29,2.65,3.9239483900812404,3.92,measured_success,202
404,ppo,1000404,1685,triprotic,near,base,separated,3,3.388,3.904,0.07327171990672557,0,0,,1,1,0,1,0,2,0,0.004413698970266999,3.29,0.0,3.29,3.899586301029733,3.9,measured_success,202
404,ppo,1000404,1686,diprotic,medium,acid,separated,2,3.955,3.077,0.06002338546192174,0,0,,1,1,0,1,0,1,1,0.00047830555674899244,3.87,3.87,0.0,3.076521694443251,3.08,measured_success,202
404,ppo,1000404,1687,monoprotic,medium,acid,single,1,7.289,5.818,0.08785637553015416,4,3,0.115,1,1,0,1,0,8,4,0.03762712409087321,7.859999999999999,4.92,2.94,5.855627124090873,5.86,measured_success,202
404,ppo,1000404,1688,monoprotic,medium,acid,single,1,4.865,3.017,0.03956845552368645,5,4,0.05,1,0,0,1,0,8,5,0.06469671393106724,10.389999999999999,5.999999999999999,4.39,2.9523032860689327,2.95,measured_success,202
404,ppo,1000404,1689,diprotic,far,base,separated,2,7.951,11.461,0.12782180605198123,1,0,3.24,0,0,0,1,1,13,1,0.10385697351035894,10.08,3.5999999999999996,6.48,11.56485697351036,11.56,measured_success,202
404,ppo,1000404,1690,monoprotic,far,acid,single,1,7.343,3.833,0.05574077149145097,3,2,0.9,1,1,0,1,0,7,3,0.0424499902591684,20.09,11.620000000000001,8.469999999999999,3.790550009740832,3.79,measured_success,202
404,ppo,1000404,1691,diprotic,medium,base,separated,2,2.273,3.917,0.0637621379611732,0,0,,1,0,0,1,0,4,0,0.07918275911461237,10.19,0.0,10.19,3.8378172408853874,3.84,measured_success,202
404,ppo,1000404,1692,monoprotic,medium,acid,single,1,8.967,7.414,0.03724399072171566,0,0,,0,0,1,0,0,50,0,0.6605300045892744,1.440000000000001,1.440000000000001,0.0,8.074530004589274,8.07,max_steps,202
404,ppo,1000404,1693,monoprotic,medium,acid,single,1,4.507,2.748,0.13903671878102072,1,0,0.515,1,1,0,1,0,5,1,0.02544038026109785,13.179999999999998,13.179999999999998,0.0,2.7225596197389024,2.72,measured_success,202
404,ppo,1000404,1694,monoprotic,near,base,single,1,4.535,4.935,0.06202692896026279,2,1,0.375,1,1,0,1,0,2,2,0.04799668166497906,2.26,0.75,1.51,4.8870033183350206,4.89,measured_success,202
404,ppo,1000404,1695,monoprotic,near,acid,single,1,7.951,7.745,0.06387503567825042,0,0,,1,0,0,1,0,33,0,0.09717660495998093,0.3300000000000001,0.3300000000000001,0.0,7.842176604959981,7.84,measured_success,202
404,ppo,1000404,1696,triprotic,medium,base,separated,3,6.395,7.333,0.03625546490978928,1,0,2.02,1,1,0,1,0,2,1,0.0032420755777362587,5.84,1.8,4.04,7.336242075577736,7.34,measured_success,202
404,ppo,1000404,1697,triprotic,medium,base,separated,3,2.785,4.417,0.12523353977447957,1,0,0.79,1,0,0,1,0,3,1,0.06878342100712764,9.34,0.0,9.34,4.4857834210071275,4.49,measured_success,202
404,ppo,1000404,1698,diprotic,medium,acid,overlapping,2,4.546,3.838,0.04109543737078899,0,0,,1,1,0,1,0,3,0,0.024375676984212724,4.79,4.79,0.0,3.862375676984213,3.86,measured_success,202
404,ppo,1000404,1699,triprotic,medium,acid,separated,3,8.645,7.35,0.05229350181035953,0,0,,0,0,1,0,0,50,0,0.6520645762076658,1.300000000000001,1.300000000000001,0.0,8.002064576207665,8.0,max_steps,202
404,ppo,1000404,1700,diprotic,near,acid,separated,2,5.846,5.298,0.03246184624081967,2,1,0.375,1,1,0,1,0,2,2,0.008787875640534182,2.26,1.51,0.75,5.306787875640534,5.3100000000000005,measured_success,202
404,ppo,1000404,1701,monoprotic,near,acid,single,1,6.057,5.568,0.031891002794991796,3,1,0.18,1,1,0,1,0,3,3,0.04604419340118682,2.62,1.87,0.75,5.521955806598813,5.5200000000000005,measured_success,202
404,ppo,1000404,1702,diprotic,far,acid,separated,2,6.635,3.707,0.13266637039882137,0,0,,1,1,0,1,0,8,0,0.04719716953211517,19.240000000000006,19.240000000000006,0.0,3.754197169532115,3.75,measured_success,202
404,ppo,1000404,1703,monoprotic,near,base,single,1,7.011,7.493,0.06676014256244649,0,0,,1,1,0,1,0,1,0,0.03900769433264806,2.12,0.0,2.12,7.453992305667352,7.45,measured_success,202
404,ppo,1000404,1704,diprotic,far,acid,separated,2,5.177,1.581,0.10175851950694045,0,0,,1,0,0,1,0,7,0,0.09025410896185981,17.060000000000002,17.060000000000002,0.0,1.6712541089618598,1.67,measured_success,202
404,ppo,1000404,1705,monoprotic,medium,acid,single,1,6.989,6.136,0.03548097528980014,3,2,0.155,1,1,0,1,0,5,3,0.020115797024844007,4.49,2.43,2.06,6.115884202975156,6.12,measured_success,202
404,ppo,1000404,1706,diprotic,far,base,separated,2,4.224,6.489,0.1504726825035498,4,0,0.025,1,1,0,1,0,7,4,0.039676775580669066,13.829999999999998,1.02,12.809999999999999,6.449323224419331,6.45,measured_success,202
404,ppo,1000404,1707,diprotic,medium,base,separated,2,5.263,7.119,0.13339315008645086,0,0,,1,1,0,1,0,6,0,0.009116197784715396,14.260000000000003,0.0,14.260000000000003,7.109883802215284,7.11,measured_success,202
404,ppo,1000404,1708,monoprotic,far,base,single,1,2.994,5.064,0.10911216048707878,3,1,0.035,1,0,0,1,0,10,3,0.06659232110877866,6.74,0.5700000000000001,6.17,5.130592321108779,5.13,measured_success,202
404,ppo,1000404,1709,triprotic,far,base,separated,3,6.614,9.45,0.03705482109835588,6,4,0.02,1,0,0,1,0,9,6,0.08850008065730464,14.42,7.0,7.42,9.361499919342695,9.36,measured_success,202
404,ppo,1000404,1710,triprotic,near,base,overlapping,3,2.425,2.918,0.040038567679799325,0,0,,1,0,0,1,0,3,0,0.09107717318752506,3.39,0.0,3.39,2.826922826812475,2.83,measured_success,202
404,ppo,1000404,1711,monoprotic,medium,base,single,1,3.462,5.375,0.13160860552449422,6,3,0.015,1,0,0,1,0,11,6,0.053466416222264,9.62,3.5599999999999996,6.06,5.321533583777736,5.32,measured_success,202
404,ppo,1000404,1712,triprotic,medium,acid,separated,3,6.829,5.988,0.06971838316399254,0,0,,1,0,0,1,0,5,0,0.07054434432711165,3.68,3.68,0.0,6.058544344327112,6.0600000000000005,measured_success,202
404,ppo,1000404,1713,triprotic,medium,base,separated,3,5.844,6.606,0.10055077686059874,1,0,0.65,1,1,0,1,0,2,1,0.04582528510037065,3.42,0.0,3.42,6.6518252851003705,6.65,measured_success,202
404,ppo,1000404,1714,monoprotic,near,acid,single,1,8.622,8.241,0.03348022056602709,0,0,,1,0,0,1,0,22,0,0.09911628592407595,0.22000000000000006,0.22000000000000006,0.0,8.340116285924076,8.34,measured_success,202
404,ppo,1000404,1715,diprotic,near,base,separated,2,7.058,7.399,0.046580927510757895,0,0,,1,0,0,1,0,9,0,0.08987648026327921,0.09,0.0,0.09,7.309123519736721,7.3100000000000005,measured_success,202
404,ppo,1000404,1716,diprotic,medium,acid,overlapping,2,4.341,3.51,0.12242443573486592,0,0,,1,0,0,1,0,2,0,0.08734750542756764,4.9,4.9,0.0,3.5973475054275674,3.6,measured_success,202
404,ppo,1000404,1717,monoprotic,far,acid,single,1,7.308,4.159,0.063222026070093,7,8,0.02,1,1,0,1,0,14,7,0.04137948851764062,23.240000000000002,12.65,10.59,4.117620511482359,4.12,measured_success,202
404,ppo,1000404,1718,diprotic,medium,acid,separated,2,4.366,3.566,0.1733232449298374,1,0,0.9,1,0,0,1,0,3,1,0.07283557070098023,6.52,5.67,0.85,3.4931644292990196,3.49,measured_success,202
404,ppo,1000404,1719,monoprotic,medium,base,single,1,5.043,6.895,0.17111215869941065,4,2,0.075,1,0,0,1,0,8,4,0.06413019850071677,14.520000000000003,1.63,12.890000000000002,6.830869801499283,6.83,measured_success,202
404,ppo,1000404,1720,monoprotic,near,acid,single,1,4.696,4.179,0.045698940804571216,1,0,0.755,1,0,0,1,0,1,1,0.06714099151537489,1.51,1.51,0.0,4.111859008484625,4.11,measured_success,202
404,ppo,1000404,1721,triprotic,far,base,separated,3,7.459,10.175,0.1650596493690097,1,0,1.42,1,1,0,1,0,4,1,0.01790275210359127,19.48,0.0,19.48,10.192902752103592,10.19,measured_success,202
404,ppo,1000404,1722,monoprotic,near,acid,single,1,5.637,5.176,0.03823948151585211,1,1,0.755,1,1,0,1,0,2,1,0.027404178990426686,2.26,1.51,0.75,5.1485958210095735,5.15,measured_success,202
404,ppo,1000404,1723,diprotic,medium,acid,separated,2,3.486,1.781,0.11972994980561381,1,0,2.53,1,0,0,1,0,2,1,0.07350812480452773,5.6899999999999995,5.06,0.63,1.7074918751954722,1.71,measured_success,202
404,ppo,1000404,1724,diprotic,medium,acid,separated,2,5.285,3.816,0.03417560150498558,1,0,1.935,1,1,0,1,0,2,1,0.02809358417628438,4.5,3.87,0.63,3.7879064158237155,3.79,measured_success,202
404,ppo,1000404,1725,diprotic,near,base,separated,2,3.049,3.365,0.10792622240952973,1,0,0.425,1,1,0,1,0,2,1,0.03283255195375112,2.36,0.0,2.36,3.3978325519537513,3.4,measured_success,202
404,ppo,1000404,1726,triprotic,near,acid,separated,3,4.286,3.757,0.06708916746491012,0,0,,1,0,0,1,0,3,0,0.05576389343615906,3.39,3.39,0.0,3.812763893436159,3.81,measured_success,202
404,ppo,1000404,1727,diprotic,near,acid,separated,2,4.493,4.069,0.13049269779246395,0,0,,1,0,0,1,0,3,0,0.09512705953688094,3.17,3.17,0.0,4.164127059536881,4.16,measured_success,202
404,ppo,1000404,1728,diprotic,near,acid,separated,2,2.092,1.73,0.045356873265791894,0,0,,1,1,0,1,0,1,1,0.0022767336909619296,2.12,2.12,0.0,1.727723266309038,1.73,measured_success,202
404,ppo,1000404,1729,diprotic,near,acid,separated,2,5.981,5.779,0.09841305601631337,0,0,,0,0,0,0,0,50,0,0.11706156942770107,0.5000000000000002,0.5000000000000002,0.0,5.896061569427701,5.9,max_steps,202
404,ppo,1000404,1730,monoprotic,near,acid,single,1,8.237,7.568,0.10621143558485885,0,0,,0,0,1,0,0,50,0,0.5540124419673074,0.5000000000000002,0.5000000000000002,0.0,8.122012441967307,8.120000000000001,max_steps,202
404,ppo,1000404,1731,triprotic,near,acid,separated,3,5.957,5.441,0.10257059138678391,0,0,,0,0,0,1,1,1,0,0.10112974808458741,1.51,1.51,0.0,5.542129748084587,5.54,measured_success,202
404,ppo,1000404,1732,triprotic,near,base,separated,3,6.143,6.651,0.10356842012675199,2,0,0.425,1,1,0,1,0,2,2,0.015148188769106952,2.97,0.85,2.12,6.635851811230893,6.640000000000001,measured_success,202
404,ppo,1000404,1733,triprotic,medium,acid,overlapping,3,2.727,1.717,0.04971845341976049,0,0,,1,0,0,1,0,6,0,0.0739639454961103,10.1,10.1,0.0,1.7909639454961104,1.79,measured_success,202
404,ppo,1000404,1734,monoprotic,near,base,single,1,3.272,3.563,0.1504637766665251,2,1,0.375,1,0,0,1,0,2,2,0.06776872032447256,2.26,0.75,1.51,3.4952312796755276,3.5,measured_success,202
404,ppo,1000404,1735,monoprotic,medium,acid,single,1,4.76,3.844,0.10373838597056279,2,1,0.965,0,0,0,1,1,4,2,0.10019236940606069,8.45,4.72,3.73,3.9441923694060605,3.94,measured_success,202
404,ppo,1000404,1736,triprotic,near,base,separated,3,6.321,6.877,0.08144572114597178,2,0,0.425,1,0,0,1,0,2,2,0.05467872945917751,2.97,0.85,2.12,6.822321270540822,6.82,measured_success,202
404,ppo,1000404,1737,monoprotic,near,base,single,1,3.505,3.83,0.049661237760811265,2,1,0.375,1,0,0,1,0,2,2,0.0891066248269059,2.26,0.75,1.51,3.740893375173094,3.74,measured_success,202
404,ppo,1000404,1738,diprotic,far,base,separated,2,3.85,6.756,0.03450652190435284,47,26,0.01,0,0,0,0,0,50,47,0.15073393775784893,14.109999999999992,6.319999999999996,7.789999999999996,6.906733937757849,6.91,max_steps,202
404,ppo,1000404,1739,diprotic,near,base,separated,2,3.065,3.34,0.07414329483216626,0,0,,1,1,0,1,0,1,0,0.021870402119717802,1.51,0.0,1.51,3.318129597880282,3.3200000000000003,measured_success,202
404,ppo,1000404,1740,monoprotic,far,base,single,1,7.723,11.423,0.1403193040313228,1,0,4.1,1,0,0,1,0,21,1,0.09963108425636413,11.659999999999998,3.4599999999999995,8.2,11.522631084256364,11.52,measured_success,202
404,ppo,1000404,1741,monoprotic,medium,acid,single,1,6.311,5.288,0.12105878359988063,3,1,0.155,1,1,0,1,0,5,3,0.006786084172890838,5.27,4.489999999999999,0.78,5.281213915827109,5.28,measured_success,202
404,ppo,1000404,1742,triprotic,near,acid,overlapping,3,4.459,4.096,0.09217759551803456,0,0,,1,0,0,1,0,1,0,0.09127239549045107,1.51,1.51,0.0,4.187272395490451,4.19,measured_success,202
404,ppo,1000404,1743,triprotic,near,base,separated,3,2.557,3.213,0.03983372908797009,2,0,0.425,1,0,0,1,0,2,2,0.06442619874070754,3.11,0.85,2.26,3.1485738012592925,3.15,measured_success,202
404,ppo,1000404,1744,monoprotic,near,acid,single,1,3.061,2.378,0.032512556523155885,2,0,0.425,1,1,0,1,0,3,2,0.017498305788986812,5.359999999999999,3.48,1.88,2.395498305788987,2.4,measured_success,202
404,ppo,1000404,1745,triprotic,near,base,separated,3,2.31,2.907,0.03328592861375178,1,0,1.06,1,1,0,1,0,2,1,0.012109516337606152,2.97,0.85,2.12,2.919109516337606,2.92,measured_success,202
404,ppo,1000404,1746,diprotic,near,acid,separated,2,4.228,3.83,0.058444164683868524,2,1,0.375,1,0,0,1,0,2,2,0.06570127912953261,2.26,1.51,0.75,3.8957012791295327,3.9,measured_success,202
404,ppo,1000404,1747,diprotic,medium,base,separated,2,5.757,6.682,0.061429248739054,1,0,1.13,1,1,0,1,0,3,1,0.041775080579910195,3.67,1.4100000000000001,2.26,6.723775080579911,6.72,measured_success,202
404,ppo,1000404,1748,diprotic,medium,acid,separated,2,6.405,5.68,0.05897290016741114,0,0,,1,1,0,1,0,3,0,0.023811331063082974,2.45,2.45,0.0,5.703811331063083,5.7,measured_success,202
404,ppo,1000404,1749,diprotic,near,acid,separated,2,4.703,4.254,0.0633240634133885,2,2,0.375,1,0,0,1,0,3,2,0.06543899196207192,2.63,1.88,0.75,4.3194389919620715,4.32,measured_success,202
404,ppo,1000404,1750,diprotic,medium,base,separated,2,4.94,6.691,0.1230239191912922,0,0,,1,0,0,1,0,8,0,0.07982800562537751,13.540000000000003,0.0,13.540000000000003,6.611171994374622,6.61,measured_success,202
404,ppo,1000404,1751,diprotic,medium,acid,overlapping,2,3.203,2.401,0.06900493707865545,1,0,0.9,1,0,0,1,0,2,1,0.07083027261894781,5.28,5.28,0.0,2.330169727381052,2.33,measured_success,202
404,ppo,1000404,1752,diprotic,far,base,separated,2,2.047,5.294,0.1419543607789524,2,1,0.21,1,1,0,1,0,9,2,0.04449259536049954,28.880000000000003,0.42,28.46,5.2495074046395,5.25,measured_success,202
404,ppo,1000404,1753,monoprotic,medium,base,single,1,7.648,8.527,0.15746443245809857,0,0,,1,0,0,1,0,14,0,0.0984432811925533,7.04,0.0,7.04,8.428556718807446,8.43,measured_success,202
404,ppo,1000404,1754,triprotic,medium,acid,separated,3,4.414,2.668,0.06492897461188046,1,0,0.315,1,0,0,1,0,3,1,0.05964803510084682,5.999999999999999,5.6899999999999995,0.31,2.6083519648991533,2.61,measured_success,202
404,ppo,1000404,1755,diprotic,medium,acid,separated,2,4.245,3.174,0.07698550636350857,1,0,0.515,1,1,0,1,0,3,0,0.0003030031821551482,6.7,6.7,0.0,3.174303003182155,3.17,measured_success,202
404,ppo,1000404,1756,monoprotic,near,acid,single,1,6.235,5.716,0.10500599454839156,1,0,0.315,1,1,0,1,0,3,1,0.033082222268332906,2.45,2.14,0.31,5.682917777731667,5.68,measured_success,202
404,ppo,1000404,1757,diprotic,near,base,separated,2,5.457,5.765,0.0805580534740473,1,1,1.06,1,0,0,1,0,3,1,0.0808802834221618,3.19,1.06,2.13,5.8458802834221615,5.8500000000000005,measured_success,202
404,ppo,1000404,1758,triprotic,medium,base,separated,3,5.88,7.81,0.12881802216237725,4,1,0.04,1,1,0,1,0,8,4,0.020859623536611416,11.98,0.9299999999999999,11.05,7.789140376463388,7.79,measured_success,202
404,ppo,1000404,1759,diprotic,medium,base,separated,2,4.885,5.751,0.039091003406397186,0,0,,1,0,0,1,0,1,0,0.07140401925896622,2.26,0.0,2.26,5.679595980741034,5.68,measured_success,202
404,ppo,1000404,1760,triprotic,near,acid,separated,3,4.694,4.281,0.17015481395671,0,0,,1,0,0,1,0,4,0,0.09621798897858458,3.3,3.3,0.0,4.377217988978584,4.38,measured_success,202
404,ppo,1000404,1761,diprotic,medium,base,separated,2,4.974,6.135,0.13859723162975804,0,0,,1,0,0,1,0,12,0,0.09066666138814661,11.370000000000003,0.0,11.370000000000003,6.044333338611853,6.04,measured_success,202
404,ppo,1000404,1762,diprotic,medium,base,separated,2,4.354,6.168,0.06841364379096586,5,4,0.035,1,0,0,1,0,11,5,0.07647609485270035,12.760000000000002,5.8900000000000015,6.87,6.2444760948527005,6.24,measured_success,202
404,ppo,1000404,1763,diprotic,near,base,separated,2,3.891,4.305,0.05879453289926649,0,0,,1,0,0,1,0,1,0,0.07242157658617998,1.51,0.0,1.51,4.23257842341382,4.23,measured_success,202
404,ppo,1000404,1764,triprotic,medium,acid,separated,3,5.479,3.966,0.031971319828996835,2,0,0.315,1,0,0,1,0,2,2,0.060994863627908735,4.5,3.87,0.63,4.026994863627909,4.03,measured_success,202
404,ppo,1000404,1765,monoprotic,near,acid,single,1,4.246,3.618,0.07264960420134187,0,0,,1,0,0,1,0,2,0,0.08581440216925662,3.21,3.21,0.0,3.7038144021692565,3.7,measured_success,202
404,ppo,1000404,1766,monoprotic,far,acid,single,1,8.261,4.95,0.06908004490657203,0,0,,0,0,1,0,0,50,0,2.978048477885797,1.500000000000001,1.500000000000001,0.0,7.928048477885797,7.930000000000001,max_steps,202
404,ppo,1000404,1767,diprotic,far,base,separated,2,3.987,7.567,0.05546463341260948,6,2,0.06,1,0,0,1,0,8,6,0.07729943094685154,16.27,4.37,11.9,7.489700569053149,7.49,measured_success,202
404,ppo,1000404,1768,triprotic,near,base,separated,3,2.395,3.026,0.06878957833520202,0,0,,1,1,0,1,0,2,0,0.001865634625058732,3.1500000000000004,0.0,3.1500000000000004,3.024134365374941,3.02,measured_success,202
404,ppo,1000404,1769,monoprotic,near,base,single,1,3.533,3.883,0.14809416258896094,0,0,,1,0,0,1,0,3,0,0.06578723898087713,2.9899999999999998,0.0,2.9899999999999998,3.817212761019123,3.8200000000000003,measured_success,202
404,ppo,1000404,1770,diprotic,near,acid,separated,2,5.271,4.729,0.14414961684270242,0,0,,1,0,0,1,0,7,0,0.08823467016804987,4.459999999999999,4.459999999999999,0.0,4.81723467016805,4.82,measured_success,202
404,ppo,1000404,1771,diprotic,near,base,separated,2,5.234,5.862,0.032014823649895156,4,0,0.06,1,0,0,1,0,6,4,0.09132752808109856,4.619999999999999,2.0,2.6199999999999997,5.7706724719189015,5.7700000000000005,measured_success,202
404,ppo,1000404,1772,monoprotic,medium,acid,single,1,5.126,3.399,0.03151801803003134,4,2,0.045,1,0,0,1,0,8,4,0.05763164237911589,11.0,5.89,5.109999999999999,3.456631642379116,3.46,measured_success,202
404,ppo,1000404,1773,monoprotic,medium,base,single,1,6.915,7.909,0.048106866157508144,2,0,0.315,1,0,0,1,0,3,2,0.05118002143906164,6.2,2.16,4.04,7.857819978560938,7.86,measured_success,202
404,ppo,1000404,1774,monoprotic,medium,acid,single,1,5.178,3.553,0.17837609728610726,0,0,,1,1,0,1,0,9,0,0.007372311721436375,16.669999999999995,16.669999999999995,0.0,3.5603723117214363,3.56,measured_success,202
404,ppo,1000404,1775,triprotic,near,acid,separated,3,6.897,6.681,0.060739332386183974,0,0,,0,0,0,1,1,23,0,0.10378410106461633,0.23000000000000007,0.23000000000000007,0.0,6.784784101064616,6.78,measured_success,202
404,ppo,1000404,1776,diprotic,near,base,separated,2,6.17,6.732,0.09995069102777764,0,0,,1,0,0,1,0,3,0,0.06501592702550507,4.05,0.0,4.05,6.666984072974495,6.67,measured_success,202
404,ppo,1000404,1777,diprotic,medium,base,separated,2,3.374,5.372,0.14368180559097077,5,1,0.025,1,1,0,1,0,9,5,0.02685587922056243,15.560000000000002,2.89,12.670000000000002,5.398855879220562,5.4,measured_success,202
404,ppo,1000404,1778,monoprotic,medium,acid,single,1,4.159,3.375,0.06288939632265111,1,0,1.935,1,0,0,1,0,3,1,0.08435215741587765,6.7,3.87,2.83,3.2906478425841224,3.29,measured_success,202
404,ppo,1000404,1779,monoprotic,far,acid,single,1,7.753,5.487,0.06681621766374252,2,0,0.9,1,0,0,1,0,4,2,0.09644910359632597,8.48,6.68,1.8,5.583449103596326,5.58,measured_success,202
404,ppo,1000404,1780,diprotic,medium,acid,separated,2,4.309,3.108,0.10892024906849242,0,0,,1,1,0,1,0,8,0,0.04034805139560538,11.140000000000002,11.140000000000002,0.0,3.1483480513956055,3.15,measured_success,202
404,ppo,1000404,1781,triprotic,near,acid,separated,3,8.077,7.403,0.0983931802938132,0,0,,0,0,0,0,0,50,0,0.38672596409056137,0.5000000000000002,0.5000000000000002,0.0,7.789725964090561,7.79,max_steps,202
404,ppo,1000404,1782,monoprotic,far,acid,single,1,5.426,1.814,0.06792523379086562,1,0,3.93,1,1,0,1,0,7,1,0.02653333271228453,11.46,7.86,3.5999999999999996,1.7874666672877155,1.79,measured_success,202
404,ppo,1000404,1783,triprotic,near,base,separated,3,3.404,3.906,0.13548197216035343,0,0,,1,0,0,1,0,8,0,0.08892201996933524,5.169999999999999,0.0,5.169999999999999,3.817077980030665,3.8200000000000003,measured_success,202
404,ppo,1000404,1784,monoprotic,near,acid,single,1,6.755,6.492,0.15296592666010564,0,0,,0,0,0,0,0,50,0,0.1751775244312812,0.5000000000000002,0.5000000000000002,0.0,6.667177524431281,6.67,max_steps,202
404,ppo,1000404,1785,monoprotic,near,base,single,1,3.583,3.871,0.03439265087757102,4,3,0.09,1,1,0,1,0,5,4,0.024650920368968432,3.5599999999999996,1.68,1.88,3.8463490796310316,3.85,measured_success,202
404,ppo,1000404,1786,triprotic,far,acid,separated,3,8.324,5.783,0.10671692628314897,0,0,,0,0,1,0,0,50,0,2.3113490897747093,1.500000000000001,1.500000000000001,0.0,8.09434908977471,8.09,max_steps,202
404,ppo,1000404,1787,monoprotic,medium,base,single,1,2.628,4.308,0.13857597538455493,1,1,0.265,1,1,0,1,0,7,1,0.014530854497994738,13.349999999999998,0.26,13.089999999999998,4.322530854497995,4.32,measured_success,202
404,ppo,1000404,1788,monoprotic,far,base,single,1,8.428,11.33,0.05197764160553795,1,0,3.24,1,0,0,1,0,15,1,0.08560905873116376,11.9,5.42,6.48,11.415609058731164,11.42,measured_success,202
404,ppo,1000404,1789,monoprotic,far,base,single,1,7.194,10.413,0.06643646738356979,3,2,0.155,1,0,0,1,0,6,3,0.07508745586375198,12.31,2.6799999999999997,9.63,10.488087455863752,10.49,measured_success,202
404,ppo,1000404,1790,diprotic,near,base,separated,2,4.0,4.649,0.10154057320961987,0,0,,1,1,0,1,0,2,0,0.030340129051549702,3.29,0.0,3.29,4.61865987094845,4.62,measured_success,202
404,ppo,1000404,1791,monoprotic,far,base,single,1,7.497,11.197,0.1254517353932842,1,0,4.1,1,0,0,1,0,8,1,0.06175927798495451,9.45,1.25,8.2,11.258759277984954,11.26,measured_success,202
404,ppo,1000404,1792,diprotic,medium,acid,separated,2,7.628,5.696,0.057047822722821974,1,0,2.53,1,0,0,1,0,1,1,0.06487738281775535,5.06,5.06,0.0,5.631122617182244,5.63,measured_success,202
404,ppo,1000404,1793,monoprotic,medium,acid,single,1,5.75,3.767,0.039800038503708786,4,2,0.155,1,0,0,1,0,6,4,0.071769659036939,8.59,6.06,2.5300000000000002,3.838769659036939,3.84,measured_success,202
404,ppo,1000404,1794,triprotic,medium,base,separated,3,4.422,5.852,0.11213818636523876,1,0,0.425,1,1,0,1,0,5,1,0.03439772661163332,10.159999999999998,0.36,9.799999999999999,5.886397726611634,5.89,measured_success,202
404,ppo,1000404,1795,diprotic,near,acid,separated,2,3.093,2.465,0.03141597104917787,3,2,0.255,1,0,0,1,0,4,3,0.08624673552509332,6.76,3.99,2.77,2.3787532644749065,2.38,measured_success,202
404,ppo,1000404,1796,diprotic,medium,acid,separated,2,6.483,5.48,0.04760302845000713,1,0,1.935,1,1,0,1,0,2,1,0.014168300765796005,4.5,3.87,0.63,5.465831699234204,5.47,measured_success,202
404,ppo,1000404,1797,diprotic,medium,acid,separated,2,5.127,4.012,0.0957689220111491,1,0,0.315,1,1,0,1,0,5,1,0.019733834799942507,8.91,8.91,0.0,3.992266165200057,3.99,measured_success,202
404,ppo,1000404,1798,triprotic,near,acid,separated,3,6.196,5.713,0.08863142500812089,0,0,,1,0,0,1,0,4,0,0.05298279505339121,2.7600000000000002,2.7600000000000002,0.0,5.765982795053391,5.7700000000000005,measured_success,202
404,ppo,1000404,1799,diprotic,medium,acid,overlapping,2,5.624,4.108,0.060518582403653313,0,0,,1,0,0,1,0,7,0,0.07912110940183137,10.540000000000001,10.540000000000001,0.0,4.187121109401831,4.19,measured_success,202
404,ppo,1000404,1800,monoprotic,near,base,single,1,6.491,6.946,0.10295070759225552,2,0,0.315,1,1,0,1,0,2,2,0.04630620649127515,2.75,0.63,2.12,6.899693793508725,6.9,measured_success,202
404,ppo,1000404,1801,monoprotic,near,acid,single,1,4.326,4.114,0.13631236988303524,0,0,,1,0,0,1,0,1,0,0.07185949233597011,1.51,1.51,0.0,4.18585949233597,4.19,measured_success,202
404,ppo,1000404,1802,triprotic,medium,base,separated,3,1.872,3.201,0.10460109576910304,0,0,,1,0,0,1,0,7,0,0.09022411978122369,8.42,0.0,8.42,3.1107758802187764,3.11,measured_success,202
404,ppo,1000404,1803,monoprotic,near,acid,single,1,2.027,1.572,0.03887677626878068,0,0,,1,1,0,1,0,1,0,0.04545516621167334,3.48,3.48,0.0,1.6174551662116734,1.62,measured_success,202
404,ppo,1000404,1804,triprotic,near,base,separated,3,3.09,3.677,0.04094627900972523,1,0,1.13,1,0,0,1,0,1,1,0.06874255944745444,2.26,0.0,2.26,3.7457425594474545,3.75,measured_success,202
404,ppo,1000404,1805,diprotic,medium,base,separated,2,2.3,3.004,0.17182178602769432,0,0,,1,0,0,1,0,8,0,0.09175110845397105,7.499999999999999,0.0,7.499999999999999,2.912248891546029,2.91,measured_success,202
404,ppo,1000404,1806,diprotic,medium,acid,separated,2,4.034,2.167,0.113906242122367,0,0,,1,0,0,1,0,11,0,0.09570578504130545,21.250000000000007,21.250000000000007,0.0,2.2627057850413053,2.2600000000000002,measured_success,202
404,ppo,1000404,1807,triprotic,near,base,overlapping,3,2.604,2.816,0.12053727158656516,0,0,,1,0,0,1,0,3,0,0.06189810676907914,3.39,0.0,3.39,2.7541018932309207,2.75,measured_success,202
404,ppo,1000404,1808,diprotic,near,acid,separated,2,5.602,5.025,0.048977917461823034,0,0,,1,0,0,1,0,3,0,0.07083175797916752,3.17,3.17,0.0,5.095831757979168,5.1000000000000005,measured_success,202
404,ppo,1000404,1809,diprotic,near,acid,overlapping,2,5.026,4.552,0.1218568557973916,0,0,,0,0,0,1,1,8,0,0.10244975703169246,5.409999999999999,5.409999999999999,0.0,4.654449757031692,4.65,measured_success,202
404,ppo,1000404,1810,monoprotic,medium,base,single,1,2.877,4.453,0.08405178791380864,2,1,1.31,1,1,0,1,0,6,2,0.03785788287166181,9.93,2.62,7.31,4.4151421171283385,4.42,measured_success,202
404,ppo,1000404,1811,triprotic,near,base,separated,3,2.442,3.097,0.14035622379821405,0,0,,1,0,0,1,0,8,0,0.07929099242345972,7.499999999999999,0.0,7.499999999999999,3.0177090075765403,3.02,measured_success,202
404,ppo,1000404,1812,monoprotic,near,acid,single,1,6.324,5.8,0.12598795939556492,0,0,,1,0,0,1,0,5,0,0.06768283610234693,3.0700000000000003,3.0700000000000003,0.0,5.867682836102347,5.87,measured_success,202
404,ppo,1000404,1813,triprotic,far,acid,separated,3,4.357,1.911,0.147598671031064,0,0,,1,0,0,1,0,9,0,0.0549875687008905,24.120000000000005,24.120000000000005,0.0,1.9659875687008905,1.97,measured_success,202
404,ppo,1000404,1814,monoprotic,near,acid,single,1,7.075,6.473,0.057918325610869806,1,0,0.755,1,1,0,1,0,1,1,0.023270261324435104,1.51,1.51,0.0,6.449729738675565,6.45,measured_success,202
404,ppo,1000404,1815,triprotic,far,base,separated,3,6.377,9.329,0.0670343404567741,45,22,0.01,0,0,0,0,0,50,45,0.14084516083335785,15.389999999999992,6.919999999999996,8.469999999999995,9.469845160833358,9.47,max_steps,202
404,ppo,1000404,1816,diprotic,far,acid,overlapping,2,4.875,2.405,0.04185762050218973,2,0,0.27,1,0,0,1,0,3,2,0.07879752822520159,7.24,6.07,1.17,2.4837975282252014,2.48,measured_success,202
404,ppo,1000404,1817,diprotic,medium,base,separated,2,5.166,6.923,0.031582659965288924,4,1,0.075,1,0,0,1,0,7,4,0.08321023712323239,10.64,4.450000000000001,6.1899999999999995,6.839789762876768,6.84,measured_success,202
404,ppo,1000404,1818,monoprotic,near,base,single,1,9.19,9.416,0.03704013799711844,0,0,,1,0,0,1,0,15,0,0.09869404192232167,0.15,0.0,0.15,9.317305958077679,9.32,measured_success,202
404,ppo,1000404,1819,monoprotic,near,acid,single,1,5.533,5.114,0.06557289857977891,2,1,0.375,1,1,0,1,0,2,2,0.03589082103043584,2.26,1.51,0.75,5.149890821030436,5.15,measured_success,202
404,ppo,1000404,1820,triprotic,near,acid,separated,3,7.963,7.618,0.16278618936279032,0,0,,0,0,0,0,0,50,0,0.1788377322044159,0.5000000000000002,0.5000000000000002,0.0,7.796837732204416,7.8,max_steps,202
404,ppo,1000404,1821,monoprotic,near,acid,single,1,6.672,6.124,0.17413673106418565,0,0,,1,0,0,1,0,9,0,0.0826346843735033,4.679999999999999,4.679999999999999,0.0,6.206634684373503,6.21,measured_success,202
404,ppo,1000404,1822,diprotic,medium,acid,separated,2,4.968,3.12,0.03193387902910532,1,0,0.315,1,0,0,1,0,2,1,0.07882757088308345,5.6899999999999995,5.6899999999999995,0.0,3.0411724291169167,3.04,measured_success,202
404,ppo,1000404,1823,triprotic,far,base,separated,3,4.848,8.458,0.051409390634696184,47,22,0.01,0,0,1,0,0,50,47,1.056323681768701,18.86999999999999,8.449999999999996,10.419999999999995,9.514323681768701,9.51,max_steps,202
404,ppo,1000404,1824,monoprotic,medium,base,single,1,5.291,6.658,0.03346964690301066,3,1,0.315,1,0,0,1,0,4,3,0.09436541200202964,10.030000000000001,4.15,5.88,6.75236541200203,6.75,measured_success,202
404,ppo,1000404,1825,diprotic,near,acid,overlapping,2,5.008,4.316,0.04472549060417824,0,0,,1,0,0,1,0,4,0,0.08270043203972843,3.48,3.48,0.0,4.398700432039728,4.4,measured_success,202
404,ppo,1000404,1826,diprotic,far,base,separated,2,2.798,6.091,0.036206441938109735,6,3,0.015,1,1,0,1,0,9,6,0.04042677912888504,16.68,4.380000000000001,12.3,6.050573220871115,6.05,measured_success,202
404,ppo,1000404,1827,diprotic,near,acid,separated,2,6.746,6.16,0.10756454216041055,0,0,,0,0,0,1,1,7,0,0.10306358571983942,3.74,3.74,0.0,6.26306358571984,6.26,measured_success,202
404,ppo,1000404,1828,diprotic,near,base,separated,2,5.488,5.707,0.06309530964864027,0,0,,0,0,0,1,1,41,0,0.10073705395984422,0.4100000000000002,0.0,0.4100000000000002,5.606262946040156,5.61,measured_success,202
404,ppo,1000404,1829,monoprotic,far,acid,single,1,7.921,3.955,0.10162661675257681,7,7,0.035,1,1,0,1,0,11,7,0.03704578293749794,17.68,10.49,7.1899999999999995,3.917954217062502,3.92,measured_success,202
404,ppo,1000404,1830,diprotic,medium,base,separated,2,3.409,5.214,0.11330598071715778,0,0,,1,0,0,1,0,12,0,0.05502764587282627,15.340000000000002,0.0,15.340000000000002,5.158972354127174,5.16,measured_success,202
404,ppo,1000404,1831,monoprotic,medium,acid,single,1,7.134,5.348,0.03228992412083389,45,6,0.01,0,0,0,0,0,50,45,0.2582005455013592,12.45999999999999,6.469999999999995,5.989999999999996,5.089799454498641,5.09,max_steps,202
404,ppo,1000404,1832,monoprotic,near,base,single,1,4.239,4.691,0.035102176746518034,4,1,0.06,1,0,0,1,0,9,4,0.05154305057456465,5.859999999999999,2.82,3.0399999999999996,4.639456949425435,4.64,measured_success,202
404,ppo,1000404,1833,triprotic,near,base,separated,3,2.615,2.849,0.1666498852514129,0,0,,1,0,0,1,0,1,0,0.09415435113980575,1.51,0.0,1.51,2.7548456488601945,2.75,measured_success,202
404,ppo,1000404,1834,diprotic,near,acid,separated,2,4.202,3.58,0.08776344495267875,0,0,,1,0,0,1,0,2,0,0.08295353072886069,3.21,3.21,0.0,3.6629535307288608,3.66,measured_success,202
404,ppo,1000404,1835,monoprotic,near,base,single,1,4.018,4.362,0.05470473990156688,2,1,0.375,1,0,0,1,0,2,2,0.08735852418745615,2.26,0.75,1.51,4.274641475812544,4.2700000000000005,measured_success,202
404,ppo,1000404,1836,diprotic,medium,base,separated,2,4.009,5.616,0.07339687635501242,0,0,,1,1,0,1,0,5,0,0.015440623769915618,7.259999999999999,0.0,7.259999999999999,5.600559376230084,5.6000000000000005,measured_success,202
404,ppo,1000404,1837,monoprotic,far,base,single,1,7.906,10.342,0.03233953730118009,3,1,0.085,1,0,0,1,0,6,3,0.05792069863507798,11.04,4.08,6.96,10.399920698635079,10.4,measured_success,202
404,ppo,1000404,1838,triprotic,near,acid,separated,3,3.696,3.359,0.1388931603842112,0,0,,1,1,0,1,0,3,0,0.030313478501784452,3.39,3.39,0.0,3.3893134785017844,3.39,measured_success,202
404,ppo,1000404,1839,monoprotic,medium,acid,single,1,4.784,2.881,0.061767030612412184,2,1,0.425,1,1,0,1,0,4,2,0.008621070722223845,8.25,7.3999999999999995,0.85,2.8896210707222236,2.89,measured_success,202
404,ppo,1000404,1840,diprotic,near,base,separated,2,4.15,4.605,0.04081435169318156,2,1,0.515,1,1,0,1,0,3,2,0.002344109979214082,3.8,1.03,2.7699999999999996,4.602655890020786,4.6000000000000005,measured_success,202
404,ppo,1000404,1841,diprotic,far,base,separated,2,1.792,5.152,0.05960531372343507,3,1,0.155,1,0,0,1,0,6,3,0.0939408492863345,13.020000000000001,0.85,12.170000000000002,5.245940849286335,5.25,measured_success,202
404,ppo,1000404,1842,triprotic,medium,acid,separated,3,4.857,3.642,0.08459896101760117,0,0,,1,1,0,1,0,2,0,0.0031452906136535397,5.67,5.67,0.0,3.6451452906136534,3.65,measured_success,202
404,ppo,1000404,1843,triprotic,near,acid,separated,3,4.99,4.548,0.09035034744941381,1,0,0.315,1,1,0,1,0,3,1,0.003155456002156498,2.9899999999999998,2.9899999999999998,0.0,4.5448445439978435,4.54,measured_success,202
404,ppo,1000404,1844,triprotic,medium,base,separated,3,6.912,8.465,0.037568117695819074,4,2,0.075,1,1,0,1,0,10,4,0.024073945617910653,12.850000000000001,5.980000000000001,6.87,8.44092605438209,8.44,measured_success,202
404,ppo,1000404,1845,monoprotic,medium,base,single,1,4.033,6.005,0.07512980433025707,1,0,0.155,1,1,0,1,0,5,1,0.03185498111703122,7.259999999999999,0.0,7.259999999999999,6.036854981117031,6.04,measured_success,202
404,ppo,1000404,1846,triprotic,far,base,separated,3,3.057,5.238,0.11650207108894407,0,0,,1,0,0,1,0,10,0,0.06430032052103929,14.670000000000002,0.0,14.670000000000002,5.173699679478961,5.17,measured_success,202
404,ppo,1000404,1847,diprotic,medium,acid,separated,2,5.281,3.837,0.13159995274444403,0,0,,1,0,0,1,0,18,0,0.09113922890652626,21.02999999999999,21.02999999999999,0.0,3.9281392289065264,3.93,measured_success,202
404,ppo,1000404,1848,monoprotic,medium,base,single,1,4.964,5.732,0.0740990422671046,0,0,,1,0,0,1,0,2,0,0.09132228111109608,3.11,0.0,3.11,5.640677718888904,5.64,measured_success,202
404,ppo,1000404,1849,triprotic,near,base,separated,3,3.56,3.843,0.16526226283578865,0,0,,1,1,0,1,0,3,0,0.044126175415539315,2.9899999999999998,0.0,2.9899999999999998,3.7988738245844607,3.8000000000000003,measured_success,202
404,ppo,1000404,1850,triprotic,medium,base,separated,3,1.957,2.997,0.049303042908228796,1,1,0.515,1,0,0,1,0,4,1,0.0727584180037848,5.38,0.51,4.87,3.0697584180037847,3.0700000000000003,measured_success,202
404,ppo,1000404,1851,monoprotic,medium,base,single,1,2.026,3.711,0.03814476670101773,5,3,0.055,1,1,0,1,0,8,5,0.008357754862700073,10.5,2.9,7.6,3.7193577548627,3.72,measured_success,202
404,ppo,1000404,1852,triprotic,near,base,separated,3,5.567,5.797,0.11392523779371116,0,0,,0,0,0,0,0,50,0,0.1753026816131653,0.5000000000000002,0.0,0.5000000000000002,5.621697318386834,5.62,max_steps,202
404,ppo,1000404,1853,triprotic,near,acid,overlapping,3,3.06,2.523,0.059999640435988086,1,0,0.9,1,1,0,1,0,2,1,0.003773767077157597,5.28,5.28,0.0,2.5192262329228425,2.52,measured_success,202
404,ppo,1000404,1854,monoprotic,medium,base,single,1,6.149,7.37,0.05881268661487243,0,0,,1,1,0,1,0,1,0,0.045033368909323634,4.04,0.0,4.04,7.3249666310906765,7.32,measured_success,202
404,ppo,1000404,1855,diprotic,medium,base,separated,2,2.273,3.137,0.1163563694048191,0,0,,1,0,0,1,0,9,0,0.07951853260218256,7.499999999999998,0.0,7.499999999999998,3.0574814673978175,3.06,measured_success,202
404,ppo,1000404,1856,diprotic,near,acid,separated,2,6.164,5.828,0.04151032829693999,2,1,0.375,1,1,0,1,0,2,2,0.0048823353417821735,2.26,1.51,0.75,5.8328823353417825,5.83,measured_success,202
404,ppo,1000404,1857,monoprotic,near,acid,single,1,4.966,4.641,0.05321890150444944,4,3,0.075,1,0,0,1,0,5,4,0.07082359483448641,3.4699999999999998,1.82,1.65,4.711823594834486,4.71,measured_success,202
404,ppo,1000404,1858,diprotic,medium,base,separated,2,2.424,3.81,0.03098535744392533,2,0,0.96,1,1,0,1,0,2,2,0.009283501403125616,7.17,1.92,5.25,3.8007164985968744,3.8000000000000003,measured_success,202
404,ppo,1000404,1859,diprotic,near,base,separated,2,6.785,7.193,0.12232023423306433,0,0,,1,1,0,1,0,1,0,0.012638115069963263,2.12,0.0,2.12,7.180361884930036,7.18,measured_success,202
404,ppo,1000404,1860,monoprotic,medium,base,single,1,4.728,5.738,0.1729584095717116,2,0,0.425,1,1,0,1,0,4,2,0.01614119801576752,3.78,0.85,2.9299999999999997,5.721858801984233,5.72,measured_success,202
404,ppo,1000404,1861,diprotic,medium,base,overlapping,2,3.801,5.474,0.11664749689089343,1,0,0.265,1,0,0,1,0,2,1,0.09470506915915067,5.78,0.0,5.78,5.568705069159151,5.57,measured_success,202
404,ppo,1000404,1862,triprotic,medium,acid,separated,3,3.99,2.751,0.09011187839718655,1,0,0.515,1,0,0,1,0,2,1,0.07186722724734596,4.9,4.9,0.0,2.679132772752654,2.68,measured_success,202
404,ppo,1000404,1863,monoprotic,near,base,single,1,4.13,4.699,0.06740083125251499,0,0,,1,1,0,1,0,1,0,0.011536236094032759,2.26,0.0,2.26,4.687463763905967,4.69,measured_success,202
404,ppo,1000404,1864,monoprotic,medium,base,single,1,2.483,4.351,0.15850889539234306,3,2,0.105,1,1,0,1,0,6,3,0.005145202759217149,10.82,0.42,10.4,4.356145202759217,4.36,measured_success,202
404,ppo,1000404,1865,monoprotic,medium,base,single,1,2.479,3.18,0.06189616587567671,1,1,0.515,1,1,0,1,0,3,1,0.0007856480950105826,3.8,0.51,3.29,3.1807856480950107,3.18,measured_success,202
404,ppo,1000404,1866,monoprotic,medium,base,single,1,3.643,4.587,0.034447012955872665,4,1,0.06,1,0,0,1,0,7,4,0.09252811215933576,4.699999999999999,1.9699999999999998,2.7299999999999995,4.494471887840664,4.49,measured_success,202
404,ppo,1000404,1867,triprotic,near,acid,separated,3,5.429,4.994,0.05596291895727274,2,1,0.375,1,1,0,1,0,2,2,0.041717033664413705,2.26,1.51,0.75,5.0357170336644135,5.04,measured_success,202
404,ppo,1000404,1868,monoprotic,near,base,single,1,6.368,6.654,0.12082401331023873,0,0,,0,0,0,0,0,50,0,0.22356483224093004,0.5000000000000002,0.0,0.5000000000000002,6.43043516775907,6.43,max_steps,202
404,ppo,1000404,1869,triprotic,near,acid,separated,3,5.313,5.094,0.08656024690968125,0,0,,0,0,0,0,0,50,0,0.11292763000122275,0.5000000000000002,0.5000000000000002,0.0,5.206927630001223,5.21,max_steps,202
404,ppo,1000404,1870,diprotic,medium,acid,separated,2,4.182,2.203,0.05797306764721462,1,0,2.53,1,0,0,1,0,6,1,0.09313290377875338,7.619999999999999,5.06,2.56,2.1098670962212465,2.11,measured_success,202
404,ppo,1000404,1871,diprotic,near,acid,separated,2,2.901,2.279,0.03661268819014822,1,0,1.74,1,0,0,1,0,2,1,0.09226763546936301,4.51,3.48,1.03,2.186732364530637,2.19,measured_success,202
404,ppo,1000404,1872,monoprotic,near,acid,single,1,6.359,5.822,0.032407540563574214,3,1,0.155,1,0,0,1,0,3,3,0.08435861460861194,2.5700000000000003,1.82,0.75,5.737641385391388,5.74,measured_success,202
404,ppo,1000404,1873,monoprotic,far,acid,single,1,6.485,3.07,0.09831416409643448,3,1,0.09,1,0,0,1,0,5,3,0.07837301585562839,8.99,8.27,0.72,2.9916269841443714,2.99,measured_success,202
404,ppo,1000404,1874,diprotic,medium,acid,separated,2,4.669,3.105,0.14199585760022612,0,0,,1,0,0,1,0,11,0,0.08313641879197187,17.649999999999995,17.649999999999995,0.0,3.188136418791972,3.19,measured_success,202
404,ppo,1000404,1875,diprotic,far,base,separated,2,3.228,7.084,0.059695081672124145,2,0,0.18,1,0,0,1,0,6,2,0.05240382940998067,16.490000000000002,0.36,16.130000000000003,7.031596170590019,7.03,measured_success,202
404,ppo,1000404,1876,monoprotic,near,base,single,1,3.802,4.101,0.057507984887288345,1,1,0.755,1,0,0,1,0,2,1,0.08042749096855406,2.26,0.75,1.51,4.181427490968554,4.18,measured_success,202
404,ppo,1000404,1877,monoprotic,far,base,single,1,3.508,5.743,0.03701134764069669,3,1,0.425,1,0,0,1,0,3,3,0.0849554589637993,8.719999999999999,2.62,6.1,5.8279554589638,5.83,measured_success,202
404,ppo,1000404,1878,monoprotic,near,acid,single,1,5.25,4.917,0.123382731296683,0,0,,1,0,0,1,0,1,0,0.0820327046992162,1.51,1.51,0.0,4.999032704699216,5.0,measured_success,202
404,ppo,1000404,1879,monoprotic,near,acid,single,1,7.137,6.6,0.09359575893163422,0,0,,1,1,0,1,0,2,0,0.04285701947032017,2.14,2.14,0.0,6.64285701947032,6.640000000000001,measured_success,202
404,ppo,1000404,1880,triprotic,far,base,separated,3,3.705,6.498,0.035847547835793046,2,1,1.62,0,0,0,1,1,3,2,0.10102964221114608,10.350000000000001,3.24,7.11,6.396970357788854,6.4,measured_success,202
404,ppo,1000404,1881,monoprotic,medium,acid,single,1,3.886,3.025,0.10167301791675323,1,0,1.935,1,0,0,1,0,1,1,0.05004030642739332,3.87,3.87,0.0,2.9749596935726066,2.97,measured_success,202
404,ppo,1000404,1882,triprotic,medium,acid,separated,3,5.4,3.978,0.04732707775339383,1,0,0.9,1,1,0,1,0,2,1,0.049023851669729,5.67,5.67,0.0,3.928976148330271,3.93,measured_success,202
404,ppo,1000404,1883,monoprotic,far,base,single,1,6.91,10.446,0.037846799926779674,4,2,0.02,1,0,0,1,0,9,4,0.07404393525714248,11.219999999999999,4.09,7.13,10.371956064742857,10.370000000000001,measured_success,202
404,ppo,1000404,1884,monoprotic,medium,acid,single,1,5.401,4.06,0.1466290159513578,6,1,0.045,1,0,0,1,0,7,6,0.06333944701069871,7.569999999999999,4.8999999999999995,2.67,4.123339447010698,4.12,measured_success,202
404,ppo,1000404,1885,monoprotic,far,base,single,1,4.117,6.432,0.03186506918451497,5,3,0.035,1,1,0,1,0,10,5,0.0269294118729686,9.21,3.1899999999999995,6.0200000000000005,6.458929411872969,6.46,measured_success,202
404,ppo,1000404,1886,monoprotic,near,acid,single,1,6.524,6.103,0.03879683884488734,2,2,0.215,1,0,0,1,0,5,2,0.06126377034946451,3.33,1.72,1.6099999999999999,6.164263770349464,6.16,measured_success,202
404,ppo,1000404,1887,monoprotic,medium,acid,single,1,8.602,7.583,0.05742171425707505,0,0,,0,0,0,0,0,50,0,0.4933463638497724,0.8200000000000005,0.8200000000000005,0.0,8.076346363849773,8.08,max_steps,202
404,ppo,1000404,1888,diprotic,near,acid,separated,2,3.922,3.52,0.041803008713368645,1,1,0.755,1,1,0,1,0,2,2,0.0014461739284725716,2.26,1.51,0.75,3.5214461739284726,3.52,measured_success,202
404,ppo,1000404,1889,monoprotic,far,base,single,1,3.585,7.185,0.03820308425292459,43,24,0.01,0,0,1,0,0,50,43,1.9157051372814662,26.29999999999999,12.749999999999995,13.549999999999997,9.100705137281466,9.1,max_steps,202
404,ppo,1000404,1890,diprotic,near,base,separated,2,4.935,5.219,0.07814756865437196,0,0,,0,0,0,0,0,50,0,0.11443999755551193,0.5000000000000002,0.0,0.5000000000000002,5.104560002444488,5.1000000000000005,max_steps,202
404,ppo,1000404,1891,diprotic,near,base,overlapping,2,3.131,3.534,0.032727396616351385,1,0,0.425,1,0,0,1,0,2,1,0.07476126309099485,2.36,0.0,2.36,3.6087612630909947,3.61,measured_success,202
404,ppo,1000404,1892,diprotic,medium,base,separated,2,6.832,7.911,0.0305071768403669,7,3,0.01,1,0,0,1,0,11,7,0.06634787853352186,9.9,4.86,5.04,7.9773478785335215,7.98,measured_success,202
404,ppo,1000404,1893,triprotic,medium,acid,separated,3,5.491,4.324,0.17207685272275725,0,0,,1,0,0,1,0,11,0,0.08447212415217109,11.530000000000001,11.530000000000001,0.0,4.408472124152171,4.41,measured_success,202
404,ppo,1000404,1894,monoprotic,far,acid,single,1,6.863,4.639,0.15573724240361464,4,0,0.18,1,1,0,1,0,7,4,0.017436090921363778,12.249999999999998,9.729999999999999,2.52,4.656436090921364,4.66,measured_success,202
404,ppo,1000404,1895,monoprotic,medium,base,single,1,1.968,3.622,0.05903324062847452,5,1,0.075,0,0,0,1,1,5,5,0.10294524516454917,7.87,1.84,6.03,3.724945245164549,3.72,measured_success,202
404,ppo,1000404,1896,diprotic,near,base,separated,2,5.089,5.682,0.15261566962629267,0,0,,1,0,0,1,0,4,0,0.06570535824010193,5.22,0.0,5.22,5.6162946417598985,5.62,measured_success,202
404,ppo,1000404,1897,monoprotic,far,acid,single,1,6.78,4.504,0.06083029463016604,8,7,0.015,1,1,0,1,0,13,8,0.036710643111964814,12.559999999999999,7.659999999999999,4.9,4.540710643111964,4.54,measured_success,202
404,ppo,1000404,1898,diprotic,medium,base,separated,2,5.236,6.099,0.10311088173972015,1,0,0.425,1,0,0,1,0,3,1,0.06049454026860701,4.6899999999999995,0.0,4.6899999999999995,6.159494540268607,6.16,measured_success,202
404,ppo,1000404,1899,monoprotic,medium,base,single,1,3.993,5.917,0.13357333111870381,7,5,0.01,1,0,0,1,0,14,7,0.06886866919754375,12.93,6.330000000000001,6.6,5.985868669197544,5.99,measured_success,202
404,ppo,1000404,1900,diprotic,far,acid,separated,2,4.964,2.628,0.03947664874137269,2,0,0.315,1,0,0,1,0,2,2,0.06828705176066929,6.7,6.07,0.63,2.6962870517606694,2.7,measured_success,202
404,ppo,1000404,1901,monoprotic,medium,acid,single,1,3.429,1.9,0.12855290912644485,0,0,,1,0,0,1,0,7,0,0.08557713779928999,14.769999999999998,14.769999999999998,0.0,1.98557713779929,1.99,measured_success,202
404,ppo,1000404,1902,monoprotic,far,acid,single,1,6.079,3.145,0.04363984692378632,5,3,0.075,1,0,0,1,0,8,5,0.09926586022131856,11.850000000000001,7.800000000000001,4.05,3.0457341397786815,3.0500000000000003,measured_success,202
404,ppo,1000404,1903,monoprotic,medium,acid,single,1,5.85,4.697,0.12108826478743974,2,0,0.425,1,0,0,1,0,3,2,0.06643220198167743,6.52,5.67,0.85,4.7634322019816775,4.76,measured_success,202
404,ppo,1000404,1904,monoprotic,near,base,single,1,3.294,3.898,0.0396480518379224,3,0,0.155,1,1,0,1,0,4,3,0.019744902793634278,4.05,1.48,2.57,3.9177449027936344,3.92,measured_success,202
404,ppo,1000404,1905,triprotic,medium,base,separated,3,2.531,4.47,0.03597691444472786,1,0,2.625,1,1,0,1,0,2,1,0.03508707734969985,6.1,0.85,5.25,4.5050870773497,4.51,measured_success,202
404,ppo,1000404,1906,monoprotic,near,base,single,1,6.502,6.995,0.1467667484398757,0,0,,1,0,0,1,0,5,0,0.07150640073351067,3.73,0.0,3.73,6.923493599266489,6.92,measured_success,202
404,ppo,1000404,1907,diprotic,medium,acid,separated,2,4.504,2.571,0.12982972610252688,0,0,,1,1,0,1,0,7,0,0.019737658989587015,18.12,18.12,0.0,2.590737658989587,2.59,measured_success,202
404,ppo,1000404,1908,diprotic,near,acid,separated,2,3.528,3.054,0.06936731682725544,2,1,0.515,1,1,0,1,0,3,2,0.03719794935454468,3.66,2.63,1.03,3.0911979493545445,3.09,measured_success,202
404,ppo,1000404,1909,diprotic,far,acid,separated,2,3.826,1.57,0.13706282877319503,0,0,,1,0,0,1,0,6,0,0.07679302951226608,17.150000000000002,17.150000000000002,0.0,1.6467930295122661,1.6500000000000001,measured_success,202
404,ppo,1000404,1910,monoprotic,near,base,single,1,3.397,3.602,0.17785103207245467,0,0,,1,1,0,1,0,1,0,0.04020850589001457,1.51,0.0,1.51,3.5617914941099853,3.56,measured_success,202
404,ppo,1000404,1911,monoprotic,medium,base,single,1,7.277,8.474,0.0659275037192462,6,4,0.015,1,0,0,1,0,10,6,0.07282702886568515,9.920000000000002,4.9,5.0200000000000005,8.401172971134315,8.4,measured_success,202
404,ppo,1000404,1912,triprotic,medium,acid,separated,3,6.215,5.4,0.1478656795522917,0,0,,0,0,0,1,1,12,0,0.10020272823082088,7.979999999999999,7.979999999999999,0.0,5.500202728230821,5.5,measured_success,202
404,ppo,1000404,1913,triprotic,far,base,separated,3,5.548,9.136,0.14915180603571196,6,3,0.015,1,1,0,1,0,11,6,0.010679359171493985,12.499999999999998,2.84,9.659999999999998,9.125320640828505,9.13,measured_success,202
404,ppo,1000404,1914,monoprotic,medium,acid,single,1,6.503,4.833,0.033343514991612824,1,1,2.53,1,0,0,1,0,2,1,0.08581484910947701,7.59,5.06,2.53,4.747185150890523,4.75,measured_success,202
404,ppo,1000404,1915,monoprotic,far,acid,single,1,7.476,4.235,0.05352616734099522,7,3,0.02,1,0,0,1,0,9,7,0.09084306890349314,15.52,10.65,4.87,4.144156931096507,4.14,measured_success,202
404,ppo,1000404,1916,diprotic,near,base,separated,2,2.577,2.905,0.1138701432541728,0,0,,1,0,0,1,0,1,0,0.07197863372290092,1.51,0.0,1.51,2.833021366277099,2.83,measured_success,202
404,ppo,1000404,1917,diprotic,medium,base,separated,2,2.721,3.879,0.031012793951078785,2,0,0.425,1,0,0,1,0,2,2,0.06126223681681919,4.89,0.85,4.04,3.817737763183181,3.8200000000000003,measured_success,202
404,ppo,1000404,1918,monoprotic,medium,base,single,1,2.801,4.728,0.08452230323327051,0,0,,1,0,0,1,0,3,0,0.08955946978488427,6.64,0.0,6.64,4.6384405302151155,4.64,measured_success,202
404,ppo,1000404,1919,monoprotic,far,acid,single,1,7.415,3.644,0.17078726610396056,6,2,0.045,1,0,0,1,0,12,6,0.05504192306167788,29.080000000000002,25.3,3.78,3.699041923061678,3.7,measured_success,202
404,ppo,1000404,1920,triprotic,far,base,separated,3,3.749,6.218,0.04092645694217298,2,0,0.06,1,0,0,1,0,6,2,0.07773187149908622,6.29,0.5,5.79,6.140268128500914,6.140000000000001,measured_success,202
404,ppo,1000404,1921,monoprotic,near,acid,single,1,3.028,2.604,0.04485970468992225,2,1,0.425,1,1,0,1,0,4,2,0.038861880966868156,4.42,2.54,1.88,2.6428618809668682,2.64,measured_success,202
404,ppo,1000404,1922,monoprotic,medium,base,single,1,3.571,4.956,0.07343087352144652,0,0,,1,0,0,1,0,4,0,0.07167874665253482,6.3999999999999995,0.0,6.3999999999999995,4.884321253347466,4.88,measured_success,202
404,ppo,1000404,1923,triprotic,medium,base,separated,3,6.134,7.635,0.1631527513798419,0,0,,1,1,0,1,0,3,0,0.03607200080295492,6.09,0.0,6.09,7.598927999197045,7.6000000000000005,measured_success,202
404,ppo,1000404,1924,diprotic,far,base,separated,2,4.869,7.879,0.08967215125686974,47,24,0.01,0,0,1,0,0,50,47,1.4675417727204572,14.849999999999994,7.2399999999999975,7.609999999999996,9.346541772720457,9.35,max_steps,202
404,ppo,1000404,1925,triprotic,medium,base,separated,3,2.615,3.425,0.0801564633020997,0,0,,1,0,0,1,0,7,0,0.07516645347287199,6.879999999999999,0.0,6.879999999999999,3.349833546527128,3.35,measured_success,202
404,ppo,1000404,1926,diprotic,medium,base,separated,2,5.957,7.437,0.039638268950915316,5,3,0.035,1,0,0,1,0,8,5,0.09215348144820101,10.510000000000002,4.560000000000001,5.95,7.529153481448201,7.53,measured_success,202
404,ppo,1000404,1927,monoprotic,medium,base,single,1,2.064,3.403,0.07534413287100653,0,0,,1,0,0,1,0,1,0,0.07481167227344221,5.25,0.0,5.25,3.328188327726558,3.33,measured_success,202
404,ppo,1000404,1928,monoprotic,medium,acid,single,1,8.504,7.081,0.08721103354203581,0,0,,0,0,1,0,0,50,0,1.1460946624792454,1.500000000000001,1.500000000000001,0.0,8.227094662479246,8.23,max_steps,202
404,ppo,1000404,1929,monoprotic,far,base,single,1,2.528,4.595,0.04844757305638801,7,6,0.01,1,1,0,1,0,10,7,0.030878925369152377,8.499999999999998,2.6899999999999995,5.809999999999999,4.625878925369152,4.63,measured_success,202
404,ppo,1000404,1930,triprotic,near,acid,separated,3,5.602,5.117,0.05107764623891364,2,1,0.375,1,1,0,1,0,2,2,0.005895453948368434,2.26,1.51,0.75,5.122895453948368,5.12,measured_success,202
404,ppo,1000404,1931,monoprotic,near,acid,single,1,1.836,1.533,0.17299928626324457,0,0,,1,0,0,1,0,2,0,0.09106090578222448,3.1500000000000004,3.1500000000000004,0.0,1.6240609057822244,1.62,measured_success,202
404,ppo,1000404,1932,monoprotic,medium,acid,single,1,5.642,3.809,0.10805576634073252,3,2,0.045,1,0,0,1,0,6,3,0.07148181954621258,6.55,5.93,0.62,3.7375181804537876,3.74,measured_success,202
404,ppo,1000404,1933,triprotic,medium,acid,separated,3,2.715,1.695,0.03695191473932959,0,0,,1,0,0,1,0,1,0,0.05779747270845914,3.87,3.87,0.0,1.7527974727084592,1.75,measured_success,202
404,ppo,1000404,1934,triprotic,medium,base,separated,3,4.804,6.052,0.09715379854681058,0,0,,1,0,0,1,0,8,0,0.056962013709977555,7.13,0.0,7.13,5.995037986290022,6.0,measured_success,202
404,ppo,1000404,1935,monoprotic,medium,acid,single,1,3.414,2.364,0.035099130983182986,1,0,1.935,1,0,0,1,0,2,1,0.05987221605025894,4.9,3.87,1.03,2.304127783949741,2.3000000000000003,measured_success,202
404,ppo,1000404,1936,monoprotic,medium,base,single,1,5.324,6.915,0.14414770013884015,2,1,0.18,1,0,0,1,0,6,2,0.09152170881001975,9.84,0.99,8.85,6.82347829118998,6.82,measured_success,202
404,ppo,1000404,1937,monoprotic,far,base,single,1,4.411,6.524,0.12763963254954613,1,0,0.65,1,1,0,1,0,5,1,0.010697670583577512,14.38,0.63,13.75,6.5346976705835775,6.53,measured_success,202
404,ppo,1000404,1938,diprotic,near,acid,separated,2,2.882,2.202,0.07201273697735408,1,0,0.9,1,1,0,1,0,2,1,0.035830501078305765,5.28,5.28,0.0,2.166169498921694,2.17,measured_success,202
404,ppo,1000404,1939,monoprotic,near,base,single,1,3.797,4.332,0.04408025247244864,3,1,0.155,1,1,0,1,0,5,3,0.01083578847632527,4.199999999999999,1.63,2.57,4.342835788476325,4.34,measured_success,202
404,ppo,1000404,1940,monoprotic,medium,base,single,1,2.568,3.351,0.09132071825974347,0,0,,1,0,0,1,0,2,0,0.09322646850506722,3.29,0.0,3.29,3.2577735314949328,3.2600000000000002,measured_success,202
404,ppo,1000404,1941,triprotic,far,acid,separated,3,8.022,5.819,0.04096015962800147,0,0,,1,1,0,1,0,4,0,0.037044545555798614,6.629999999999999,6.629999999999999,0.0,5.856044545555799,5.86,measured_success,202
404,ppo,1000404,1942,monoprotic,near,base,single,1,2.842,3.414,0.0794433266678967,0,0,,1,0,0,1,0,1,0,0.053646382813762994,1.51,0.0,1.51,3.360353617186237,3.36,measured_success,202
404,ppo,1000404,1943,monoprotic,medium,base,single,1,6.998,8.504,0.10636285105192071,5,3,0.035,1,1,0,1,0,8,5,0.01803125998752897,10.17,2.77,7.4,8.522031259987529,8.52,measured_success,202
404,ppo,1000404,1944,triprotic,near,base,separated,3,2.427,2.637,0.06540273862751342,1,0,0.755,1,1,0,1,0,1,1,0.03904205296471597,1.51,0.0,1.51,2.676042052964716,2.68,measured_success,202
404,ppo,1000404,1945,triprotic,near,acid,separated,3,4.46,3.944,0.08461186884063163,0,0,,1,1,0,1,0,2,0,0.020077437948591736,2.54,2.54,0.0,3.9640774379485917,3.96,measured_success,202
404,ppo,1000404,1946,monoprotic,medium,base,single,1,4.648,5.596,0.04107512797660279,2,0,0.425,1,0,0,1,0,3,2,0.09589771370516154,3.4699999999999998,0.85,2.6199999999999997,5.5001022862948385,5.5,measured_success,202
404,ppo,1000404,1947,triprotic,medium,base,separated,3,2.046,3.063,0.11155010984906953,0,0,,1,1,0,1,0,4,0,0.030210773562089788,5.72,0.0,5.72,3.0327892264379104,3.0300000000000002,measured_success,202
404,ppo,1000404,1948,monoprotic,medium,base,single,1,3.55,5.377,0.1496495695209903,1,0,0.425,1,0,0,1,0,5,1,0.05499140499137933,12.64,0.0,12.64,5.431991404991379,5.43,measured_success,202
404,ppo,1000404,1949,monoprotic,medium,base,single,1,6.438,8.369,0.11431049660202698,6,4,0.01,1,1,0,1,0,11,6,0.014150634302524168,12.71,5.4,7.31,8.354849365697476,8.35,measured_success,202
404,ppo,1000404,1950,monoprotic,far,base,single,1,2.32,5.302,0.05281592681825778,6,3,0.015,1,0,0,1,0,13,6,0.0845906731682291,13.18,3.9499999999999997,9.23,5.2174093268317705,5.22,measured_success,202
404,ppo,1000404,1951,monoprotic,near,acid,single,1,4.161,3.935,0.14493736692168277,0,0,,1,1,0,1,0,1,0,0.04088420234559509,1.51,1.51,0.0,3.975884202345595,3.98,measured_success,202
404,ppo,1000404,1952,monoprotic,medium,base,single,1,3.716,5.18,0.04699438917328568,4,2,0.155,1,1,0,1,0,5,4,0.02085753919996236,8.96,2.93,6.03,5.159142460800037,5.16,measured_success,202
404,ppo,1000404,1953,triprotic,near,base,separated,3,1.833,2.386,0.12769116954409268,0,0,,1,0,0,1,0,6,0,0.09077575346949818,5.47,0.0,5.47,2.295224246530502,2.3000000000000003,measured_success,202
404,ppo,1000404,1954,monoprotic,near,base,single,1,1.886,2.37,0.15790385065293036,0,0,,1,1,0,1,0,3,0,0.04896597463929098,4.0,0.0,4.0,2.321034025360709,2.32,measured_success,202
404,ppo,1000404,1955,monoprotic,medium,base,single,1,8.349,9.146,0.0345063700599655,1,0,0.085,1,1,0,1,0,7,1,0.017452863356812287,1.19,0.0,1.19,9.163452863356813,9.16,measured_success,202
404,ppo,1000404,1956,diprotic,medium,acid,separated,2,3.536,2.207,0.09499355559937675,1,1,0.9,1,1,0,1,0,3,1,0.03314857158050177,6.57,5.67,0.9,2.173851428419498,2.17,measured_success,202
404,ppo,1000404,1957,monoprotic,near,base,single,1,2.846,3.11,0.10557151011613744,0,0,,1,0,0,1,0,1,0,0.07061465188628313,1.51,0.0,1.51,3.0393853481137167,3.04,measured_success,202
404,ppo,1000404,1958,triprotic,medium,acid,overlapping,3,4.868,3.477,0.05568471378664938,0,0,,1,0,0,1,0,5,0,0.05770478541268664,9.129999999999999,9.129999999999999,0.0,3.5347047854126865,3.5300000000000002,measured_success,202
404,ppo,1000404,1959,diprotic,near,acid,separated,2,3.946,3.604,0.05525918802974134,2,2,0.375,1,1,0,1,0,3,2,0.02620895623940811,2.63,1.88,0.75,3.630208956239408,3.63,measured_success,202
404,ppo,1000404,1960,monoprotic,medium,base,single,1,4.52,6.343,0.04105677392362441,6,4,0.015,1,0,0,1,0,12,6,0.09478753577222321,12.910000000000002,6.040000000000002,6.87,6.248212464227777,6.25,measured_success,202
404,ppo,1000404,1961,diprotic,far,acid,separated,2,4.797,2.425,0.08595312716175287,3,1,0.21,1,1,0,1,0,6,3,0.01606114366607958,15.650000000000002,13.770000000000001,1.88,2.4089388563339202,2.41,measured_success,202
404,ppo,1000404,1962,monoprotic,near,acid,single,1,2.387,2.108,0.11639929533908436,2,0,0.515,1,1,0,1,0,2,2,0.04270503064489306,3.1500000000000004,2.12,1.03,2.150705030644893,2.15,measured_success,202
404,ppo,1000404,1963,diprotic,near,base,overlapping,2,3.616,3.955,0.04652086055807652,3,3,0.185,1,0,0,1,0,4,3,0.09203089508025819,3.38,1.5,1.88,4.047030895080258,4.05,measured_success,202
404,ppo,1000404,1964,monoprotic,near,base,single,1,5.93,6.623,0.04031104022893357,1,0,1.06,1,1,0,1,0,2,1,0.03998895362576871,2.97,0.85,2.12,6.662988953625769,6.66,measured_success,202
404,ppo,1000404,1965,monoprotic,near,base,single,1,6.449,6.677,0.13542892600536535,0,0,,0,0,0,0,0,50,0,0.18182160036961292,0.5000000000000002,0.0,0.5000000000000002,6.495178399630387,6.5,max_steps,202
404,ppo,1000404,1966,triprotic,near,base,separated,3,4.935,5.404,0.1666824018210461,0,0,,1,0,0,1,0,4,0,0.09015920356462281,4.68,0.0,4.68,5.313840796435377,5.3100000000000005,measured_success,202
404,ppo,1000404,1967,triprotic,far,base,separated,3,3.243,5.747,0.054424394781730875,1,0,0.425,1,1,0,1,0,5,1,0.042695340804895565,12.64,0.0,12.64,5.7896953408048955,5.79,measured_success,202
404,ppo,1000404,1968,triprotic,medium,base,separated,3,4.165,5.096,0.03251583982996853,0,0,,1,0,0,1,0,1,0,0.07672532542039256,2.26,0.0,2.26,5.0192746745796075,5.0200000000000005,measured_success,202
404,ppo,1000404,1969,monoprotic,near,acid,single,1,8.209,7.896,0.051181491336586685,0,0,,0,0,0,0,0,50,0,0.18161554811440883,0.5000000000000002,0.5000000000000002,0.0,8.077615548114409,8.08,max_steps,202
404,ppo,1000404,1970,monoprotic,near,base,single,1,5.991,6.451,0.042374461857648024,1,0,1.06,1,0,0,1,0,2,1,0.05400497894051082,2.97,0.85,2.12,6.50500497894051,6.51,measured_success,202
404,ppo,1000404,1971,diprotic,near,acid,separated,2,5.602,5.342,0.10279438720450752,0,0,,0,0,0,1,1,47,0,0.10009840811310422,0.47000000000000025,0.47000000000000025,0.0,5.442098408113104,5.44,measured_success,202
404,ppo,1000404,1972,diprotic,medium,base,overlapping,2,1.694,2.587,0.17677240663538127,0,0,,1,0,0,1,0,27,0,0.09526121970941182,18.04999999999999,0.0,18.04999999999999,2.4917387802905884,2.49,measured_success,202
404,ppo,1000404,1973,diprotic,medium,base,separated,2,5.906,7.342,0.05789976464066777,4,1,0.155,1,1,0,1,0,4,4,0.00476105028164131,8.81,2.93,5.88,7.337238949718358,7.34,measured_success,202
404,ppo,1000404,1974,diprotic,far,base,separated,2,8.685,10.994,0.03790399255806973,1,0,0.085,1,0,0,1,0,2,1,0.07360185468399649,0.34,0.0,0.34,11.067601854683996,11.07,measured_success,202
404,ppo,1000404,1975,monoprotic,far,acid,single,1,5.761,3.411,0.04374050632604288,2,0,0.315,1,0,0,1,0,4,2,0.059255502692217465,7.1899999999999995,6.56,0.63,3.4702555026922175,3.47,measured_success,202
404,ppo,1000404,1976,monoprotic,medium,base,single,1,7.976,8.765,0.0942342516329399,1,0,1.06,1,1,0,1,0,1,1,0.012153592650559375,2.12,0.0,2.12,8.77715359265056,8.78,measured_success,202
404,ppo,1000404,1977,triprotic,medium,base,separated,3,3.75,4.862,0.10690702134087413,0,0,,1,0,0,1,0,5,0,0.07749575025414934,5.499999999999999,0.0,5.499999999999999,4.784504249745851,4.78,measured_success,202
404,ppo,1000404,1978,monoprotic,medium,acid,single,1,4.502,3.19,0.10304656698667349,0,0,,1,0,0,1,0,2,0,0.0683744995870943,5.67,5.67,0.0,3.2583744995870942,3.2600000000000002,measured_success,202
404,ppo,1000404,1979,triprotic,near,base,separated,3,4.338,4.718,0.045026370060273976,0,0,,1,0,0,1,0,1,0,0.06482270152686098,1.51,0.0,1.51,4.653177298473139,4.65,measured_success,202
404,ppo,1000404,1980,monoprotic,medium,base,single,1,7.647,8.712,0.16300544135742936,0,0,,0,0,0,0,0,50,0,0.31975104534762266,8.499999999999998,0.0,8.499999999999998,8.392248954652377,8.39,max_steps,202
404,ppo,1000404,1981,triprotic,near,acid,separated,3,6.663,6.02,0.11057079092961357,0,0,,1,0,0,1,0,5,0,0.08184157186521723,3.79,3.79,0.0,6.101841571865217,6.1000000000000005,measured_success,202
404,ppo,1000404,1982,monoprotic,far,base,single,1,2.413,4.623,0.1462511097632999,6,5,0.015,1,1,0,1,0,10,6,0.04885884916375982,10.41,2.09,8.32,4.57414115083624,4.57,measured_success,202
404,ppo,1000404,1983,monoprotic,medium,acid,single,1,6.607,4.609,0.06044188701029367,2,1,0.255,1,0,0,1,0,4,2,0.08115202028905166,8.4,7.89,0.51,4.690152020289052,4.69,measured_success,202
404,ppo,1000404,1984,triprotic,medium,base,separated,3,1.75,3.446,0.16433047785311375,0,0,,1,0,0,1,0,32,0,0.09609539564172165,27.749999999999986,0.0,27.749999999999986,3.3499046043582785,3.35,measured_success,202
404,ppo,1000404,1985,monoprotic,medium,base,single,1,9.191,10.25,0.03687184573714403,0,0,,1,0,0,1,0,2,0,0.050156439477778036,0.34,0.0,0.34,10.199843560522222,10.200000000000001,measured_success,202
404,ppo,1000404,1986,triprotic,far,acid,separated,3,5.296,2.297,0.09367449443472,0,0,,1,0,0,1,0,6,0,0.06294522267603897,21.720000000000002,21.720000000000002,0.0,2.359945222676039,2.36,measured_success,202
404,ppo,1000404,1987,diprotic,medium,base,overlapping,2,4.482,5.301,0.03577498835169663,3,1,0.055,1,0,0,1,0,7,3,0.09029445222449262,4.35,1.98,2.3699999999999997,5.391294452224493,5.39,measured_success,202
404,ppo,1000404,1988,monoprotic,far,base,single,1,7.691,11.197,0.04337148784556002,1,0,3.24,1,0,0,1,0,9,1,0.07803588722050492,8.68,2.2,6.48,11.275035887220504,11.28,measured_success,202
404,ppo,1000404,1989,monoprotic,medium,base,single,1,8.604,9.836,0.16546721354159447,0,0,,1,1,0,1,0,31,0,0.04044497014576898,5.189999999999999,0.0,5.189999999999999,9.795555029854231,9.8,measured_success,202
404,ppo,1000404,1990,triprotic,near,base,separated,3,2.676,3.116,0.053124598866966466,1,0,0.515,1,0,0,1,0,2,1,0.06376786745518759,2.54,0.0,2.54,3.1797678674551877,3.18,measured_success,202
404,ppo,1000404,1991,monoprotic,near,acid,single,1,7.433,6.897,0.13506585296053417,0,0,,1,1,0,1,0,1,0,0.01397890855838746,1.51,1.51,0.0,6.910978908558388,6.91,measured_success,202
404,ppo,1000404,1992,diprotic,medium,acid,separated,2,5.111,3.308,0.09936719615836753,0,0,,1,0,0,1,0,6,0,0.08196463366430962,11.069999999999999,11.069999999999999,0.0,3.3899646336643094,3.39,measured_success,202
404,ppo,1000404,1993,triprotic,far,base,separated,3,5.339,7.739,0.07174011611680987,1,0,0.315,1,1,0,1,0,5,1,0.03342687394681132,13.39,0.31,13.08,7.772426873946811,7.7700000000000005,measured_success,202
404,ppo,1000404,1994,monoprotic,medium,acid,single,1,3.732,2.864,0.1262869642426564,0,0,,1,1,0,1,0,2,0,0.00625466764180338,5.67,5.67,0.0,2.8702546676418033,2.87,measured_success,202
404,ppo,1000404,1995,monoprotic,medium,base,single,1,3.066,4.062,0.07406788237518848,0,0,,1,0,0,1,0,2,0,0.08489988378934754,3.84,0.0,3.84,3.9771001162106527,3.98,measured_success,202
404,ppo,1000404,1996,diprotic,near,base,overlapping,2,1.9,2.462,0.0322413252022352,0,0,,1,1,0,1,0,2,0,0.012146808525912878,3.1500000000000004,0.0,3.1500000000000004,2.4498531914740873,2.45,measured_success,202
404,ppo,1000404,1997,triprotic,medium,acid,separated,3,6.595,5.746,0.042719926882889024,1,0,0.315,1,1,0,1,0,2,1,0.015487336028202847,2.75,2.75,0.0,5.730512663971798,5.73,measured_success,202
404,ppo,1000404,1998,diprotic,near,acid,separated,2,5.71,5.232,0.05821597802792624,0,0,,1,0,0,1,0,1,0,0.07642770876211902,1.51,1.51,0.0,5.308427708762119,5.3100000000000005,measured_success,202
404,ppo,1000404,1999,monoprotic,far,acid,single,1,5.362,2.457,0.11203272054432646,2,0,0.155,1,1,0,1,0,9,2,0.03395328619564619,10.25,6.07,4.18,2.490953286195646,2.49,measured_success,202
404,ppo,1000404,2000,diprotic,near,base,separated,2,4.619,4.926,0.05710677184173339,1,0,0.755,1,0,0,1,0,1,1,0.060401352599338765,1.51,0.0,1.51,4.986401352599339,4.99,measured_success,202
404,ppo,1000404,2001,diprotic,near,acid,separated,2,2.526,2.221,0.10174777685414874,0,0,,1,1,0,1,0,2,0,0.0460384840467194,3.1500000000000004,3.1500000000000004,0.0,2.2670384840467195,2.27,measured_success,202
404,ppo,1000404,2002,diprotic,near,acid,separated,2,4.314,4.062,0.16475182087369064,0,0,,1,1,0,1,0,2,0,0.038706622232006715,2.36,2.36,0.0,4.100706622232007,4.1,measured_success,202
404,ppo,1000404,2003,monoprotic,medium,base,single,1,4.437,6.078,0.0316277651391015,6,4,0.015,1,0,0,1,0,13,6,0.06708630776861302,12.820000000000002,6.120000000000002,6.7,6.010913692231387,6.01,measured_success,202
404,ppo,1000404,2004,triprotic,near,base,overlapping,3,4.097,4.6,0.06599749479802057,1,0,0.515,1,1,0,1,0,2,1,0.008541962017822868,3.29,0.0,3.29,4.6085419620178225,4.61,measured_success,202
404,ppo,1000404,2005,triprotic,medium,base,separated,3,4.27,5.556,0.11840562007464103,0,0,,1,0,0,1,0,11,0,0.09923209150038215,14.080000000000004,0.0,14.080000000000004,5.456767908499618,5.46,measured_success,202
404,ppo,1000404,2006,monoprotic,medium,acid,single,1,5.202,4.089,0.046459485129297456,1,0,1.935,1,1,0,1,0,2,1,0.03613796534115821,4.5,3.87,0.63,4.052862034658842,4.05,measured_success,202
404,ppo,1000404,2007,diprotic,near,acid,overlapping,2,4.807,4.567,0.1565884495424548,0,0,,1,0,0,1,0,1,0,0.08419313497202374,1.51,1.51,0.0,4.651193134972024,4.65,measured_success,202
404,ppo,1000404,2008,monoprotic,far,acid,single,1,7.198,3.771,0.12161192595049616,7,3,0.01,1,0,0,1,0,9,7,0.07403994411532278,14.4,9.58,4.82,3.696960055884677,3.7,measured_success,202
404,ppo,1000404,2009,triprotic,near,acid,separated,3,3.057,2.377,0.12991323440950814,0,0,,1,0,0,1,0,5,0,0.050154232885629924,8.01,8.01,0.0,2.4271542328856297,2.43,measured_success,202
404,ppo,1000404,2010,monoprotic,far,base,single,1,3.979,7.278,0.07547850386577233,45,26,0.01,0,0,1,0,0,50,45,0.7008214883719779,14.109999999999992,6.339999999999996,7.769999999999996,7.9788214883719775,7.98,max_steps,202
404,ppo,1000404,2011,diprotic,medium,base,overlapping,2,2.723,4.326,0.042988072135524885,1,0,0.265,1,1,0,1,0,2,1,0.047575094603215184,5.78,0.0,5.78,4.373575094603215,4.37,measured_success,202
404,ppo,1000404,2012,triprotic,medium,acid,separated,3,4.987,3.785,0.10338122228840839,1,0,0.515,1,0,0,1,0,3,1,0.061576534285121554,6.7,6.7,0.0,3.7234234657148786,3.72,measured_success,202
404,ppo,1000404,2013,triprotic,medium,acid,separated,3,6.194,4.312,0.07096588118080924,0,0,,1,0,0,1,0,9,0,0.07253693330435862,13.930000000000001,13.930000000000001,0.0,4.384536933304359,4.38,measured_success,202
404,ppo,1000404,2014,monoprotic,medium,base,single,1,9.066,10.154,0.05022972327700867,0,0,,1,0,0,1,0,3,0,0.09295960634112177,0.51,0.0,0.51,10.061040393658878,10.06,measured_success,202
404,ppo,1000404,2015,triprotic,medium,acid,separated,3,5.203,4.238,0.12392841804819407,0,0,,1,0,0,1,0,6,0,0.08709787949053105,7.949999999999999,7.949999999999999,0.0,4.3250978794905315,4.33,measured_success,202
404,ppo,1000404,2016,diprotic,medium,base,separated,2,6.952,8.362,0.03332202102470025,7,5,0.01,1,1,0,1,0,13,7,0.03319483401017642,12.559999999999999,5.980000000000001,6.579999999999998,8.395194834010177,8.4,measured_success,202
404,ppo,1000404,2017,monoprotic,near,base,single,1,7.536,8.224,0.0904927537243156,0,0,,1,0,0,1,0,2,0,0.07143317750252365,2.75,0.0,2.75,8.152566822497477,8.15,measured_success,202
404,ppo,1000404,2018,monoprotic,far,base,single,1,7.074,10.462,0.07488314922864828,4,2,0.075,1,0,0,1,0,6,4,0.07026301425555559,10.91,4.12,6.79,10.391736985744444,10.39,measured_success,202
404,ppo,1000404,2019,monoprotic,medium,base,single,1,3.28,4.51,0.1608877686641503,0,0,,1,0,0,1,0,1,0,0.07683883126945723,5.25,0.0,5.25,4.433161168730543,4.43,measured_success,202
404,ppo,1000404,2020,diprotic,medium,acid,separated,2,5.19,4.178,0.052075640043576135,2,0,0.315,1,1,0,1,0,2,2,0.002592835557096329,4.5,3.87,0.63,4.180592835557096,4.18,measured_success,202
404,ppo,1000404,2021,diprotic,medium,base,separated,2,6.803,7.572,0.03392645866803388,1,0,1.06,1,1,0,1,0,7,1,0.02869698390337394,3.97,1.85,2.12,7.600696983903374,7.6000000000000005,measured_success,202
404,ppo,1000404,2022,monoprotic,near,acid,single,1,5.529,4.903,0.05422313022589878,0,0,,1,0,0,1,0,2,0,0.06997932632233894,2.54,2.54,0.0,4.9729793263223385,4.97,measured_success,202
404,ppo,1000404,2023,diprotic,near,acid,separated,2,5.525,4.903,0.08793289736014982,0,0,,1,0,0,1,0,2,0,0.09336466367581142,2.54,2.54,0.0,4.996364663675811,5.0,measured_success,202
404,ppo,1000404,2024,diprotic,medium,acid,separated,2,6.17,5.173,0.1276030767653935,0,0,,1,0,0,1,0,3,0,0.08788056952666246,4.81,4.81,0.0,5.2608805695266625,5.26,measured_success,202
404,ppo,1000404,2025,triprotic,medium,base,separated,3,4.206,4.924,0.04632735780696604,2,0,0.425,1,0,0,1,0,2,2,0.09849133257530607,3.11,0.85,2.26,4.825508667424694,4.83,measured_success,202
404,ppo,1000404,2026,diprotic,medium,acid,overlapping,2,6.167,5.24,0.060903411012331,0,0,,0,0,0,1,1,2,0,0.10497875226831788,2.75,2.75,0.0,5.344978752268318,5.34,measured_success,202
404,ppo,1000404,2027,triprotic,far,acid,separated,3,4.839,2.107,0.0907081998788792,0,0,,1,1,0,1,0,6,0,0.04451167924178101,20.89,20.89,0.0,2.151511679241781,2.15,measured_success,202
404,ppo,1000404,2028,triprotic,medium,acid,separated,3,3.793,2.817,0.17924740156247565,0,0,,1,0,0,1,0,8,0,0.0830012292217237,11.58,11.58,0.0,2.900001229221724,2.9,measured_success,202
404,ppo,1000404,2029,monoprotic,medium,base,single,1,4.81,6.487,0.14806501648896603,5,2,0.055,1,0,0,1,0,9,5,0.08994123612919758,9.66,2.9099999999999997,6.75,6.576941236129198,6.58,measured_success,202
404,ppo,1000404,2030,diprotic,near,base,separated,2,4.047,4.426,0.059364616427953355,3,1,0.18,1,0,0,1,0,3,3,0.09665897857059136,2.62,0.75,1.87,4.5226589785705915,4.5200000000000005,measured_success,202
404,ppo,1000404,2031,diprotic,far,acid,overlapping,2,4.516,2.167,0.11848392044006553,0,0,,1,0,0,1,0,9,0,0.08503917659185589,20.260000000000005,20.260000000000005,0.0,2.2520391765918557,2.25,measured_success,202
404,ppo,1000404,2032,monoprotic,near,base,single,1,6.718,7.319,0.12754209451983278,0,0,,1,0,0,1,0,3,0,0.05701259975697415,4.05,0.0,4.05,7.261987400243026,7.26,measured_success,202
404,ppo,1000404,2033,diprotic,medium,base,separated,2,3.588,5.155,0.032659493155573226,2,1,1.31,1,0,0,1,0,4,2,0.0996847025086085,8.86,2.62,6.24,5.055315297491392,5.0600000000000005,measured_success,202
404,ppo,1000404,2034,diprotic,medium,acid,separated,2,3.495,2.068,0.08611909508775599,0,0,,1,0,0,1,0,4,0,0.06803213878971492,9.78,9.78,0.0,2.136032138789715,2.14,measured_success,202
404,ppo,1000404,2035,diprotic,near,acid,separated,2,8.317,7.804,0.14126039636751433,0,0,,0,0,0,0,0,50,0,0.3489239257633532,0.5000000000000002,0.5000000000000002,0.0,8.152923925763353,8.15,max_steps,202
404,ppo,1000404,2036,diprotic,far,acid,overlapping,2,4.767,2.151,0.08156482347095283,1,0,1.82,1,0,0,1,0,3,1,0.08419482781844234,10.74,9.71,1.03,2.0668051721815575,2.07,measured_success,202
404,ppo,1000404,2037,monoprotic,far,acid,single,1,6.916,3.133,0.04726510033125214,2,0,0.515,1,1,0,1,0,7,2,0.031211759370870062,15.71,8.290000000000001,7.420000000000001,3.16421175937087,3.16,measured_success,202
404,ppo,1000404,2038,monoprotic,medium,acid,single,1,7.54,6.632,0.03199713121418771,1,0,1.06,1,1,0,1,0,1,1,0.04446646729874182,2.12,2.12,0.0,6.587533532701258,6.59,measured_success,202
404,ppo,1000404,2039,diprotic,far,base,separated,2,2.251,4.781,0.07610715496274689,0,0,,1,0,0,1,0,7,0,0.05760512264797146,12.65,0.0,12.65,4.723394877352028,4.72,measured_success,202
404,ppo,1000404,2040,diprotic,near,base,separated,2,2.281,2.486,0.07941992710604032,1,0,0.755,1,1,0,1,0,1,1,0.010752080453347634,1.51,0.0,1.51,2.496752080453348,2.5,measured_success,202
404,ppo,1000404,2041,triprotic,near,base,separated,3,8.879,9.25,0.06445036147890382,0,0,,0,0,0,0,0,50,0,0.13890714488418965,0.5000000000000002,0.0,0.5000000000000002,9.11109285511581,9.11,max_steps,202
404,ppo,1000404,2042,triprotic,medium,acid,separated,3,4.685,2.997,0.05179027025397767,3,0,0.155,1,1,0,1,0,3,3,0.022837273495357024,5.999999999999999,5.369999999999999,0.63,2.974162726504643,2.97,measured_success,202
404,ppo,1000404,2043,monoprotic,medium,acid,single,1,7.638,5.843,0.0464351205720981,6,6,0.035,1,1,0,1,0,10,6,0.04848943404085837,13.209999999999999,7.46,5.749999999999999,5.891489434040858,5.89,measured_success,202
404,ppo,1000404,2044,monoprotic,near,acid,single,1,5.843,5.188,0.06002358705927838,3,2,0.155,0,0,0,1,1,4,3,0.10064807218836958,2.72,1.82,0.9,5.08735192781163,5.09,measured_success,202
404,ppo,1000404,2045,diprotic,near,base,overlapping,2,2.065,2.612,0.05711799308171805,0,0,,1,0,0,1,0,4,0,0.09613377640611365,4.63,0.0,4.63,2.5158662235938865,2.52,measured_success,202
404,ppo,1000404,2046,monoprotic,near,base,single,1,5.357,5.707,0.051950043582149656,2,0,0.425,1,1,0,1,0,3,2,0.0067391961166061165,3.8200000000000003,1.7,2.12,5.700260803883394,5.7,measured_success,202
404,ppo,1000404,2047,diprotic,medium,acid,separated,2,6.867,5.531,0.10345778873921258,0,0,,1,0,0,1,0,6,0,0.06038523589400935,7.949999999999999,7.949999999999999,0.0,5.591385235894009,5.59,measured_success,202
404,ppo,1000404,2048,diprotic,near,acid,separated,2,2.612,2.081,0.05751660677528921,2,0,0.515,1,1,0,1,0,2,2,0.027118448900716796,4.51,3.48,1.03,2.1081184489007168,2.11,measured_success,202
404,ppo,1000404,2049,diprotic,medium,acid,separated,2,5.653,4.135,0.04501720131414321,2,0,0.315,1,1,0,1,0,3,2,0.007623923541069999,4.81,4.18,0.63,4.14262392354107,4.14,measured_success,202
404,ppo,1000404,2050,triprotic,near,acid,overlapping,3,4.297,3.991,0.10826433081896099,0,0,,1,0,0,1,0,7,0,0.09995075100172235,5.17,5.17,0.0,4.0909507510017225,4.09,measured_success,202
404,ppo,1000404,2051,monoprotic,near,base,single,1,4.29,4.856,0.0725188549596679,4,1,0.06,1,0,0,1,0,7,4,0.06287285961828104,5.66,2.67,2.9899999999999998,4.793127140381719,4.79,measured_success,202
404,ppo,1000404,2052,monoprotic,medium,acid,single,1,5.065,3.245,0.14754557385961342,2,1,0.255,1,0,0,1,0,5,2,0.0862320918079078,11.239999999999998,10.729999999999999,0.51,3.331232091807908,3.33,measured_success,202
404,ppo,1000404,2053,triprotic,far,base,separated,3,5.247,8.479,0.09329217892218565,3,2,0.085,1,1,0,1,0,9,3,0.009218499185834617,18.56,1.56,17.0,8.488218499185834,8.49,measured_success,202
404,ppo,1000404,2054,diprotic,medium,base,separated,2,1.665,2.789,0.0923459000537649,0,0,,0,0,0,1,1,11,0,0.1013236425388997,9.200000000000001,0.0,9.200000000000001,2.6876763574611005,2.69,measured_success,202
404,ppo,1000404,2055,diprotic,near,acid,separated,2,4.898,4.474,0.17472085219456998,0,0,,1,0,0,1,0,7,0,0.0976784213052504,4.449999999999999,4.449999999999999,0.0,4.571678421305251,4.57,measured_success,202
404,ppo,1000404,2056,diprotic,medium,acid,separated,2,3.361,2.608,0.03954776725248112,2,0,0.515,1,0,0,1,0,2,2,0.09037616039696372,4.51,3.48,1.03,2.698376160396964,2.7,measured_success,202
404,ppo,1000404,2057,diprotic,medium,acid,separated,2,4.57,3.294,0.04553153827523732,1,0,1.935,1,0,0,1,0,2,1,0.0606242475110661,4.5,3.87,0.63,3.233375752488934,3.23,measured_success,202
404,ppo,1000404,2058,diprotic,near,base,separated,2,5.123,5.742,0.07531532632334652,3,1,0.05,1,1,0,1,0,5,3,0.02661940437459709,3.79,1.43,2.36,5.768619404374597,5.7700000000000005,measured_success,202
404,ppo,1000404,2059,triprotic,medium,acid,separated,3,6.41,5.142,0.15567415241712382,0,0,,0,0,0,1,1,17,0,0.1019535515903387,14.970000000000006,14.970000000000006,0.0,5.243953551590339,5.24,measured_success,202
404,ppo,1000404,2060,triprotic,near,acid,separated,3,3.053,2.619,0.054814610318581605,3,1,0.255,1,1,0,1,0,3,3,0.04260627136145212,3.66,2.63,1.03,2.576393728638548,2.58,measured_success,202
404,ppo,1000404,2061,monoprotic,near,base,single,1,5.035,5.517,0.04680110391541019,1,0,1.06,1,0,0,1,0,2,1,0.08392366968298592,2.97,0.85,2.12,5.600923669682986,5.6000000000000005,measured_success,202
404,ppo,1000404,2062,monoprotic,near,acid,single,1,5.83,5.519,0.06003330994092867,2,1,0.375,1,0,0,1,0,2,2,0.06510146809201345,2.26,1.51,0.75,5.584101468092014,5.58,measured_success,202
404,ppo,1000404,2063,diprotic,medium,base,separated,2,5.264,7.061,0.11622627232175872,6,3,0.015,1,0,0,1,0,10,6,0.09217871129980182,11.41,4.480000000000001,6.93,6.968821288700198,6.97,measured_success,202
404,ppo,1000404,2064,diprotic,medium,base,separated,2,2.901,3.733,0.17530560128770276,0,0,,1,0,0,1,0,7,0,0.07528499225783891,6.879999999999999,0.0,6.879999999999999,3.657715007742161,3.66,measured_success,202
404,ppo,1000404,2065,monoprotic,near,acid,single,1,5.296,5.048,0.05081812556215409,0,0,,1,0,0,1,0,6,0,0.08522566485648575,0.060000000000000005,0.060000000000000005,0.0,5.133225664856486,5.13,measured_success,202
404,ppo,1000404,2066,diprotic,near,base,separated,2,3.645,3.905,0.08872192514480523,1,0,0.755,1,0,0,1,0,1,1,0.07923766475616434,1.51,0.0,1.51,3.984237664756164,3.98,measured_success,202
404,ppo,1000404,2067,monoprotic,far,base,single,1,2.839,6.607,0.09375293377343907,5,1,0.035,1,0,0,1,0,10,5,0.09662899379733769,13.969999999999997,3.6299999999999994,10.339999999999998,6.703628993797338,6.7,measured_success,202
404,ppo,1000404,2068,triprotic,far,base,separated,3,4.478,7.576,0.06312516974038618,0,0,,1,1,0,1,0,3,0,0.032125305475942945,11.440000000000001,0.0,11.440000000000001,7.543874694524057,7.54,measured_success,202
404,ppo,1000404,2069,diprotic,near,acid,separated,2,5.15,4.875,0.0883342368785016,0,0,,1,0,0,1,0,1,0,0.05520827689323404,1.51,1.51,0.0,4.930208276893234,4.93,measured_success,202
404,ppo,1000404,2070,triprotic,near,acid,separated,3,2.106,1.533,0.04167303916324203,0,0,,1,0,0,1,0,2,0,0.06737076824143351,5.28,5.28,0.0,1.6003707682414334,1.6,measured_success,202
404,ppo,1000404,2071,monoprotic,near,acid,single,1,6.382,5.834,0.1291696285344831,0,0,,1,0,0,1,0,5,0,0.06800858554380618,3.0700000000000003,3.0700000000000003,0.0,5.902008585543806,5.9,measured_success,202
404,ppo,1000404,2072,monoprotic,medium,base,single,1,7.619,9.189,0.07583216903200687,3,1,0.085,1,1,0,1,0,5,3,0.012603132150079688,9.030000000000001,2.62,6.41,9.20160313215008,9.200000000000001,measured_success,202
404,ppo,1000404,2073,diprotic,medium,base,separated,2,2.988,4.708,0.04006626531393484,2,1,1.31,1,0,0,1,0,5,2,0.07255643583493487,9.620000000000001,2.62,7.0,4.635443564165065,4.64,measured_success,202
404,ppo,1000404,2074,monoprotic,medium,base,single,1,6.995,8.408,0.17382284920995586,0,0,,1,1,0,1,0,6,0,0.037392960268322284,11.730000000000002,0.0,11.730000000000002,8.370607039731677,8.370000000000001,measured_success,202
404,ppo,1000404,2075,monoprotic,near,base,single,1,6.461,6.702,0.035283605038660557,0,0,,1,0,0,1,0,36,0,0.09656022910072082,0.36000000000000015,0.0,0.36000000000000015,6.605439770899279,6.61,measured_success,202
404,ppo,1000404,2076,monoprotic,near,acid,single,1,5.321,4.728,0.08801996196208749,1,0,0.755,1,0,0,1,0,1,1,0.09646848604656277,1.51,1.51,0.0,4.631531513953437,4.63,measured_success,202
404,ppo,1000404,2077,diprotic,medium,base,separated,2,2.56,4.417,0.0435730360011027,0,0,,1,0,0,1,0,1,0,0.07765270594607188,5.25,0.0,5.25,4.339347294053928,4.34,measured_success,202
404,ppo,1000404,2078,monoprotic,medium,base,single,1,7.471,8.926,0.06740323079313185,4,1,0.04,1,1,0,1,0,10,4,0.007733448906941831,9.96,2.68,7.28,8.918266551093058,8.92,measured_success,202
404,ppo,1000404,2079,diprotic,medium,acid,separated,2,5.297,3.787,0.09487402641295375,1,0,0.515,1,0,0,1,0,3,1,0.05969492798132414,7.89,7.89,0.0,3.727305072018676,3.73,measured_success,202
404,ppo,1000404,2080,diprotic,near,acid,separated,2,3.527,3.08,0.15751721886293635,0,0,,1,0,0,1,0,5,0,0.07149842408384455,4.65,4.65,0.0,3.1514984240838446,3.15,measured_success,202
404,ppo,1000404,2081,monoprotic,medium,base,single,1,5.141,5.878,0.15556634754741117,0,0,,1,0,0,1,0,10,0,0.0782745094810835,7.109999999999998,0.0,7.109999999999998,5.799725490518917,5.8,measured_success,202
404,ppo,1000404,2082,diprotic,near,acid,separated,2,5.591,5.236,0.047106616241891254,2,1,0.375,1,1,0,1,0,2,2,0.03317293719953174,2.26,1.51,0.75,5.2691729371995315,5.2700000000000005,measured_success,202
404,ppo,1000404,2083,diprotic,medium,base,separated,2,7.736,8.814,0.17719807465077123,1,0,0.085,1,1,0,1,0,3,1,0.028362173353798426,0.51,0.0,0.51,8.842362173353798,8.84,measured_success,202
404,ppo,1000404,2084,triprotic,medium,acid,separated,3,6.953,6.17,0.08117995867920276,0,0,,1,0,0,1,0,5,0,0.06856986774141838,3.79,3.79,0.0,6.238569867741418,6.24,measured_success,202
404,ppo,1000404,2085,diprotic,far,acid,separated,2,5.583,2.562,0.036627135577042294,1,0,3.035,1,0,0,1,0,3,1,0.08910013088203028,7.24,6.07,1.17,2.4728998691179696,2.47,measured_success,202
404,ppo,1000404,2086,monoprotic,medium,acid,single,1,6.214,4.596,0.04731601554823636,4,1,0.18,1,1,0,1,0,6,4,0.04541007054054802,11.35,6.089999999999999,5.260000000000001,4.641410070540548,4.64,measured_success,202
404,ppo,1000404,2087,diprotic,near,acid,separated,2,2.678,1.988,0.03438148302175854,1,0,1.74,1,1,0,1,0,1,1,0.00977315523762634,3.48,3.48,0.0,1.9782268447623736,1.98,measured_success,202
404,ppo,1000404,2088,diprotic,medium,acid,separated,2,4.694,3.566,0.08124981785142965,0,0,,1,1,0,1,0,3,0,0.04540005341600928,5.03,5.03,0.0,3.611400053416009,3.61,measured_success,202
404,ppo,1000404,2089,monoprotic,medium,base,single,1,5.814,6.821,0.04467983004131942,4,1,0.075,1,0,0,1,0,6,4,0.07721840747403874,8.19,3.21,4.9799999999999995,6.743781592525961,6.74,measured_success,202
404,ppo,1000404,2090,triprotic,near,acid,separated,3,6.913,6.673,0.13163413658193782,0,0,,0,0,0,0,0,50,0,0.1862957962518781,0.5000000000000002,0.5000000000000002,0.0,6.859295796251878,6.86,max_steps,202
404,ppo,1000404,2091,triprotic,near,base,separated,3,6.391,6.904,0.05797444255608354,2,0,0.28,1,1,0,1,0,3,2,0.04851943790092328,3.5300000000000002,1.4100000000000001,2.12,6.855480562099077,6.86,measured_success,202
404,ppo,1000404,2092,monoprotic,medium,base,single,1,8.231,9.099,0.09208594042186356,2,1,0.04,1,1,0,1,0,9,2,0.036842619452006176,1.44,0.08,1.3599999999999999,9.062157380547994,9.06,measured_success,202
404,ppo,1000404,2093,monoprotic,medium,base,single,1,4.086,5.745,0.038605826780729394,6,3,0.015,1,1,0,1,0,12,6,0.043801588148386195,13.000000000000002,6.010000000000002,6.99,5.701198411851614,5.7,measured_success,202
404,ppo,1000404,2094,monoprotic,medium,acid,single,1,2.359,1.505,0.13217160110995707,0,0,,1,0,0,1,0,8,0,0.07507433493534066,11.719999999999999,11.719999999999999,0.0,1.5800743349353406,1.58,measured_success,202
404,ppo,1000404,2095,monoprotic,medium,base,single,1,2.068,3.175,0.04536056727415525,1,1,0.79,1,1,0,1,0,3,1,0.006078902496996719,4.63,0.79,3.84,3.1810789024969965,3.18,measured_success,202
404,ppo,1000404,2096,triprotic,far,base,overlapping,3,3.948,7.695,0.16122152861058506,5,1,0.01,1,0,0,1,0,11,5,0.05781527856350266,15.75,4.7200000000000015,11.03,7.752815278563503,7.75,measured_success,202
404,ppo,1000404,2097,triprotic,far,acid,separated,3,3.93,1.709,0.07082252837068222,0,0,,1,0,0,1,0,2,0,0.08399443467100509,6.859999999999999,6.859999999999999,0.0,1.7929944346710052,1.79,measured_success,202
404,ppo,1000404,2098,monoprotic,far,base,single,1,3.129,7.044,0.17265434776253227,6,3,0.02,1,0,0,1,0,12,6,0.07807637730803929,23.6,4.340000000000001,19.26,6.96592362269196,6.97,measured_success,202
404,ppo,1000404,2099,monoprotic,medium,acid,single,1,8.91,7.96,0.10109478444583302,0,0,,0,0,1,0,0,50,0,0.6042671097257193,1.1800000000000008,1.1800000000000008,0.0,8.56426710972572,8.56,max_steps,202
404,ppo,1000404,2100,monoprotic,medium,base,single,1,8.66,9.999,0.0677348977367704,1,1,0.085,1,1,0,1,0,6,1,0.011120244065713436,0.93,0.08,0.8500000000000001,10.010120244065714,10.01,measured_success,202
404,ppo,1000404,2101,diprotic,medium,base,overlapping,2,2.549,3.435,0.04416364137573796,0,0,,1,0,0,1,0,4,0,0.07383639057897495,5.72,0.0,5.72,3.361163609421025,3.36,measured_success,202
404,ppo,1000404,2102,diprotic,medium,base,separated,2,3.911,5.57,0.0735675682728268,2,1,0.13,1,1,0,1,0,4,2,0.034279890795678725,6.89,0.26,6.63,5.535720109204322,5.54,measured_success,202
404,ppo,1000404,2103,diprotic,far,acid,separated,2,5.132,2.475,0.12045486947455682,0,0,,1,1,0,1,0,4,0,0.005550390217485823,12.540000000000001,12.540000000000001,0.0,2.480550390217486,2.48,measured_success,202
404,ppo,1000404,2104,triprotic,far,base,separated,3,7.646,10.91,0.1412663856041902,1,0,3.24,0,0,0,1,1,5,1,0.1005045116384089,10.76,4.279999999999999,6.48,11.010504511638409,11.01,measured_success,202
404,ppo,1000404,2105,monoprotic,medium,acid,single,1,3.21,2.173,0.03162671915534114,1,0,1.935,1,0,0,1,0,3,1,0.08162388213833438,5.75,3.87,1.88,2.0913761178616657,2.09,measured_success,202
404,ppo,1000404,2106,diprotic,far,acid,separated,2,4.003,1.671,0.0918720763430825,0,0,,1,0,0,1,0,3,0,0.08750618335730453,10.49,10.49,0.0,1.7585061833573046,1.76,measured_success,202
404,ppo,1000404,2107,diprotic,far,base,separated,2,4.488,7.689,0.03420190976328883,46,23,0.01,0,0,0,0,0,50,46,0.43411660980611266,15.749999999999993,6.859999999999997,8.889999999999995,7.254883390193887,7.25,max_steps,202
404,ppo,1000404,2108,diprotic,near,base,overlapping,2,2.634,2.925,0.11307306308493378,0,0,,1,0,0,1,0,2,0,0.0941353813191057,2.54,0.0,2.54,2.830864618680894,2.83,measured_success,202
404,ppo,1000404,2109,monoprotic,medium,base,single,1,8.066,9.814,0.1225469772051848,1,1,0.085,1,1,0,1,0,13,1,0.03295491797288719,2.1199999999999997,0.08,2.0399999999999996,9.846954917972887,9.85,measured_success,202
404,ppo,1000404,2110,monoprotic,medium,base,single,1,7.669,9.136,0.05211434404485684,2,1,0.04,1,0,0,1,0,9,2,0.07655511166507623,1.12,0.08,1.04,9.059444888334923,9.06,measured_success,202
404,ppo,1000404,2111,diprotic,near,acid,separated,2,6.057,5.796,0.0650173291028621,0,0,,0,0,0,0,0,50,0,0.12426574679537428,0.5000000000000002,0.5000000000000002,0.0,5.9202657467953745,5.92,max_steps,202
404,ppo,1000404,2112,diprotic,near,base,separated,2,3.187,3.631,0.05599508994410798,2,1,0.375,1,0,0,1,0,2,2,0.056526740511038565,2.26,0.75,1.51,3.574473259488961,3.5700000000000003,measured_success,202
404,ppo,1000404,2113,diprotic,medium,acid,separated,2,6.776,6.045,0.06415305268275863,1,0,0.315,1,1,0,1,0,2,1,0.017959350087359383,2.14,2.14,0.0,6.0270406499126405,6.03,measured_success,202
404,ppo,1000404,2114,triprotic,far,base,overlapping,3,3.531,6.336,0.050269822900983197,6,3,0.015,1,1,0,1,0,13,6,0.015896797172858967,17.66,4.400000000000001,13.26,6.320103202827141,6.32,measured_success,202
404,ppo,1000404,2115,diprotic,near,acid,separated,2,2.257,1.91,0.03905566236582225,1,0,1.06,1,1,0,1,0,1,1,0.0430844825095098,2.12,2.12,0.0,1.8669155174904901,1.87,measured_success,202
404,ppo,1000404,2116,triprotic,medium,acid,separated,3,4.275,2.307,0.17205562097786256,0,0,,1,0,0,1,0,8,0,0.07155245054678128,18.570000000000004,18.570000000000004,0.0,2.378552450546781,2.38,measured_success,202
404,ppo,1000404,2117,monoprotic,far,acid,single,1,6.832,4.592,0.09902936533902233,39,6,0.01,0,0,0,0,0,50,39,0.11546340115280973,16.39999999999999,8.769999999999996,7.629999999999995,4.47653659884719,4.48,max_steps,202
404,ppo,1000404,2118,monoprotic,far,acid,single,1,6.038,3.116,0.05435808713829845,3,1,0.395,1,0,0,1,0,4,3,0.07572953522465253,10.24,6.86,3.38,3.0402704647753476,3.04,measured_success,202
404,ppo,1000404,2119,triprotic,medium,acid,separated,3,9.899,8.177,0.054882179845572074,0,0,,0,0,1,0,0,50,0,0.8779764047444267,1.500000000000001,1.500000000000001,0.0,9.054976404744426,9.05,max_steps,202
404,ppo,1000404,2120,monoprotic,near,acid,single,1,3.194,2.887,0.05183156779817774,1,1,0.755,1,1,0,1,0,2,1,0.02991192697747591,2.26,1.51,0.75,2.857088073022524,2.86,measured_success,202
404,ppo,1000404,2121,monoprotic,far,acid,single,1,6.041,3.976,0.1570451467942207,2,2,0.255,1,1,0,1,0,7,2,0.029664376311210994,15.93,15.42,0.51,4.005664376311211,4.01,measured_success,202
404,ppo,1000404,2122,diprotic,medium,base,separated,2,6.567,8.169,0.09308643713678195,4,2,0.085,1,0,0,1,0,6,4,0.05565702395163186,9.11,2.79,6.32,8.113342976048369,8.11,measured_success,202
404,ppo,1000404,2123,triprotic,far,base,separated,3,5.147,7.502,0.034120417100511995,2,0,0.425,1,0,0,1,0,2,2,0.05947625266440415,6.1,0.85,5.25,7.442523747335596,7.44,measured_success,202
404,ppo,1000404,2124,diprotic,medium,base,overlapping,2,2.471,3.221,0.049941320889940764,0,0,,1,1,0,1,0,2,0,0.027381462623053743,3.29,0.0,3.29,3.1936185373769463,3.19,measured_success,202
404,ppo,1000404,2125,monoprotic,medium,acid,single,1,6.694,4.85,0.0509704356192612,2,1,0.075,1,1,0,1,0,4,1,0.004557250488710807,6.1499999999999995,5.999999999999999,0.15,4.845442749511289,4.8500000000000005,measured_success,202
404,ppo,1000404,2126,monoprotic,medium,base,single,1,3.084,4.907,0.043895198939494465,2,1,0.265,1,1,0,1,0,3,2,0.03624366882421626,6.04,0.53,5.51,4.870756331175784,4.87,measured_success,202
404,ppo,1000404,2127,monoprotic,far,base,single,1,6.955,10.473,0.08213506050357249,4,2,0.02,1,1,0,1,0,11,4,0.044115774749956316,12.71,5.93,6.780000000000001,10.428884225250044,10.43,measured_success,202
404,ppo,1000404,2128,triprotic,medium,base,separated,3,2.344,3.368,0.10054248096955022,1,0,0.515,1,0,0,1,0,3,1,0.07855692385114255,4.87,0.0,4.87,3.4465569238511424,3.45,measured_success,202
404,ppo,1000404,2129,diprotic,medium,base,separated,2,4.198,4.959,0.15660498841579537,0,0,,1,0,0,1,0,12,0,0.09832628059050563,7.759999999999997,0.0,7.759999999999997,4.860673719409494,4.86,measured_success,202
404,ppo,1000404,2130,triprotic,medium,base,separated,3,3.853,4.966,0.10677114514458182,0,0,,1,1,0,1,0,5,0,0.045465260149787134,9.12,0.0,9.12,4.920534739850213,4.92,measured_success,202
404,ppo,1000404,2131,monoprotic,medium,acid,single,1,6.46,5.586,0.11785791140788648,2,0,0.155,1,0,0,1,0,3,2,0.08736588850037919,3.06,2.75,0.31,5.6733658885003795,5.67,measured_success,202
404,ppo,1000404,2132,diprotic,far,acid,separated,2,4.14,1.531,0.049551797865276595,0,0,,1,1,0,1,0,3,0,0.014140302179608932,9.56,9.56,0.0,1.5451403021796088,1.55,measured_success,202
404,ppo,1000404,2133,monoprotic,medium,acid,single,1,6.746,4.874,0.07251464141036158,1,0,0.9,1,0,0,1,0,2,1,0.0626347520815953,6.859999999999999,6.859999999999999,0.0,4.811365247918404,4.8100000000000005,measured_success,202
404,ppo,1000404,2134,diprotic,far,base,separated,2,5.405,7.508,0.053420476498253426,3,1,0.155,1,0,0,1,0,9,3,0.08321286276084283,10.11,2.8,7.31,7.591212862760843,7.59,measured_success,202
404,ppo,1000404,2135,diprotic,medium,base,separated,2,3.036,4.757,0.03285100410833463,3,1,0.21,1,1,0,1,0,3,3,0.024646505760360427,6.52,0.85,5.67,4.78164650576036,4.78,measured_success,202
404,ppo,1000404,2136,monoprotic,medium,acid,single,1,6.127,4.614,0.057550725115872496,2,1,0.255,1,1,0,1,0,4,2,0.022289386839946523,7.21,6.7,0.51,4.636289386839946,4.64,measured_success,202
404,ppo,1000404,2137,monoprotic,near,base,single,1,5.585,5.969,0.10159298130949651,0,0,,1,0,0,1,0,1,0,0.07098039109565146,2.12,0.0,2.12,5.898019608904349,5.9,measured_success,202
404,ppo,1000404,2138,triprotic,near,base,separated,3,5.317,5.944,0.04818972647063811,2,0,0.315,1,0,0,1,0,4,2,0.0636120393496098,4.05,1.48,2.57,5.88038796065039,5.88,measured_success,202
404,ppo,1000404,2139,diprotic,medium,acid,separated,2,3.632,2.745,0.07949915492973485,3,1,0.425,1,0,0,1,0,4,3,0.06823075726753736,6.9399999999999995,4.72,2.22,2.6767692427324628,2.68,measured_success,202
404,ppo,1000404,2140,diprotic,near,base,overlapping,2,4.973,5.344,0.04990208783366141,2,0,0.425,1,0,0,1,0,3,2,0.0737505688368083,3.8200000000000003,1.7,2.12,5.270249431163192,5.2700000000000005,measured_success,202
404,ppo,1000404,2141,triprotic,near,acid,separated,3,6.022,5.345,0.044890308267339495,3,1,0.18,1,1,0,1,0,3,3,0.025097833769316402,2.62,1.87,0.75,5.319902166230683,5.32,measured_success,202
404,ppo,1000404,2142,diprotic,medium,base,separated,2,2.165,3.724,0.12380343417360193,0,0,,1,0,0,1,0,13,0,0.09748231254139839,15.47,0.0,15.47,3.626517687458602,3.63,measured_success,202
404,ppo,1000404,2143,triprotic,near,acid,separated,3,4.187,3.911,0.06576953633483683,0,0,,1,0,0,1,0,1,0,0.053408569350623214,1.51,1.51,0.0,3.9644085693506232,3.96,measured_success,202
404,ppo,1000404,2144,triprotic,medium,acid,separated,3,3.323,1.741,0.05623578163840401,0,0,,1,0,0,1,0,6,0,0.08945232280671744,11.609999999999998,11.609999999999998,0.0,1.8304523228067175,1.83,measured_success,202
404,ppo,1000404,2145,triprotic,medium,acid,separated,3,6.102,5.094,0.16517628631277215,0,0,,1,0,0,1,0,17,0,0.08733848100822872,14.650000000000006,14.650000000000006,0.0,5.181338481008229,5.18,measured_success,202
404,ppo,1000404,2146,diprotic,near,acid,overlapping,2,3.888,3.361,0.06992372920022698,0,0,,1,1,0,1,0,2,0,0.03802296393725646,3.21,3.21,0.0,3.3990229639372567,3.4,measured_success,202
404,ppo,1000404,2147,diprotic,near,acid,separated,2,4.256,3.976,0.03924470722546723,2,1,0.375,1,0,0,1,0,2,2,0.06509338446196633,2.26,1.51,0.75,4.041093384461966,4.04,measured_success,202
404,ppo,1000404,2148,monoprotic,far,base,single,1,6.717,9.139,0.0661277992096814,46,23,0.01,0,0,0,0,0,50,46,0.2110722880631144,15.909999999999993,7.429999999999997,8.479999999999995,8.927927711936885,8.93,max_steps,202
404,ppo,1000404,2149,monoprotic,far,acid,single,1,6.579,4.017,0.04366207340938302,6,0,0.045,1,0,0,1,0,7,6,0.05712478780480179,10.12,7.869999999999999,2.25,4.074124787804802,4.07,measured_success,202
404,ppo,1000404,2150,triprotic,medium,base,separated,3,5.673,7.315,0.054297677820512764,0,0,,1,0,0,1,0,2,0,0.077190152667586,5.78,0.0,5.78,7.237809847332414,7.24,measured_success,202
404,ppo,1000404,2151,diprotic,far,base,separated,2,2.383,4.717,0.03285902181164325,1,0,0.265,1,1,0,1,0,2,1,0.024435802278069296,5.78,0.0,5.78,4.741435802278069,4.74,measured_success,202
404,ppo,1000404,2152,diprotic,far,acid,separated,2,6.883,3.003,0.050065961068668126,2,0,0.315,1,1,0,1,0,4,2,0.02217860065417465,8.98,8.35,0.63,3.0251786006541748,3.0300000000000002,measured_success,202
404,ppo,1000404,2153,triprotic,medium,base,separated,3,7.977,8.946,0.0482526160762317,0,0,,1,0,0,1,0,9,0,0.05479936303188815,1.5299999999999998,0.0,1.5299999999999998,8.891200636968112,8.89,measured_success,202
404,ppo,1000404,2154,monoprotic,far,acid,single,1,6.088,2.219,0.05209774107699305,1,0,3.93,1,1,0,1,0,6,1,0.006870495095957718,10.190000000000001,7.86,2.33,2.212129504904042,2.21,measured_success,202
404,ppo,1000404,2155,monoprotic,near,acid,single,1,4.634,3.988,0.08424961103500168,1,0,0.425,1,1,0,1,0,2,1,0.048489890078502906,2.36,2.36,0.0,3.939510109921497,3.94,measured_success,202
404,ppo,1000404,2156,triprotic,medium,acid,separated,3,3.638,2.568,0.15369346435489092,0,0,,1,0,0,1,0,12,0,0.06998265878436749,18.900000000000002,18.900000000000002,0.0,2.6379826587843676,2.64,measured_success,202
404,ppo,1000404,2157,monoprotic,far,base,single,1,7.384,10.607,0.07171772227770858,3,1,0.085,1,0,0,1,0,9,3,0.08063175964424119,13.620000000000001,1.7000000000000002,11.920000000000002,10.68763175964424,10.69,measured_success,202
404,ppo,1000404,2158,monoprotic,far,acid,single,1,5.26,2.286,0.17378670063533372,1,0,2.295,1,0,0,1,0,3,1,0.07328811700599536,14.3,14.3,0.0,2.2127118829940047,2.21,measured_success,202
404,ppo,1000404,2159,monoprotic,medium,base,single,1,4.618,5.724,0.05449338701031258,3,1,0.155,1,0,0,1,0,6,3,0.07272729060407279,6.969999999999999,2.31,4.659999999999999,5.796727290604073,5.8,measured_success,202
404,ppo,1000404,2160,monoprotic,medium,base,single,1,3.226,4.09,0.057419714068438626,1,0,1.13,1,1,0,1,0,2,1,0.030210900838486765,3.11,0.85,2.26,4.120210900838487,4.12,measured_success,202
404,ppo,1000404,2161,diprotic,far,acid,separated,2,5.027,2.64,0.1374869111313568,2,1,0.48,1,0,0,1,0,5,2,0.057189963679617595,17.18,16.22,0.96,2.6971899636796177,2.7,measured_success,202
404,ppo,1000404,2162,diprotic,medium,base,separated,2,4.447,5.485,0.09577814356417562,0,0,,1,0,0,1,0,5,0,0.09496118944152254,9.12,0.0,9.12,5.390038810558478,5.39,measured_success,202
404,ppo,1000404,2163,monoprotic,medium,acid,single,1,2.463,1.751,0.05184900208138598,1,0,1.74,1,0,0,1,0,1,1,0.09425365221265603,3.48,3.48,0.0,1.6567463477873439,1.6600000000000001,measured_success,202
404,ppo,1000404,2164,diprotic,near,acid,separated,2,5.682,5.344,0.03761097809070365,1,1,0.755,1,0,0,1,0,2,1,0.07097866854767698,2.26,1.51,0.75,5.273021331452323,5.2700000000000005,measured_success,202
404,ppo,1000404,2165,triprotic,medium,acid,separated,3,7.31,6.126,0.08210590693302147,1,0,1.935,1,1,0,1,0,5,1,0.03243809199995251,5.48,3.87,1.61,6.093561908000048,6.09,measured_success,202
404,ppo,1000404,2166,diprotic,near,acid,separated,2,3.599,3.23,0.047493892401039316,2,2,0.375,1,1,0,1,0,3,2,0.007523673791463903,2.63,1.88,0.75,3.237523673791464,3.24,measured_success,202
404,ppo,1000404,2167,triprotic,medium,base,separated,3,3.085,4.963,0.06810988935232618,0,0,,1,0,0,1,0,4,0,0.06576129337557912,6.3999999999999995,0.0,6.3999999999999995,4.897238706624421,4.9,measured_success,202
404,ppo,1000404,2168,monoprotic,near,base,single,1,7.636,8.157,0.11294549196156539,0,0,,1,0,0,1,0,3,0,0.05113251343491498,3.6700000000000004,0.0,3.6700000000000004,8.105867486565085,8.11,measured_success,202
404,ppo,1000404,2169,diprotic,far,base,separated,2,2.579,5.9,0.06285564357790448,2,0,0.18,1,0,0,1,0,5,2,0.0541337249745002,11.510000000000002,0.89,10.620000000000001,5.8458662750255,5.8500000000000005,measured_success,202
404,ppo,1000404,2170,monoprotic,medium,base,single,1,6.79,8.0,0.04076641625728684,3,1,0.155,1,1,0,1,0,5,4,0.0041824991040027015,6.66,2.31,4.35,7.995817500895997,8.0,measured_success,202
404,ppo,1000404,2171,diprotic,near,base,separated,2,4.128,4.675,0.04724635820678119,2,0,0.425,1,1,0,1,0,2,2,0.0035661409504692543,3.11,0.85,2.26,4.671433859049531,4.67,measured_success,202
404,ppo,1000404,2172,monoprotic,medium,acid,single,1,3.431,2.069,0.04724609190977337,1,0,2.625,1,1,0,1,0,5,1,0.025368720623935026,7.27,5.25,2.02,2.043631279376065,2.04,measured_success,202
404,ppo,1000404,2173,monoprotic,medium,acid,single,1,4.208,2.899,0.16479212853919298,1,0,0.315,1,1,0,1,0,7,1,0.009728827059564793,10.68,10.68,0.0,2.8892711729404352,2.89,measured_success,202
404,ppo,1000404,2174,diprotic,medium,base,separated,2,4.504,5.556,0.12587272951629622,0,0,,1,0,0,1,0,2,0,0.05517196985726169,6.16,0.0,6.16,5.500828030142738,5.5,measured_success,202
404,ppo,1000404,2175,diprotic,medium,base,separated,2,4.509,5.728,0.06814778199359166,1,0,2.625,1,1,0,1,0,1,1,0.0489322136362631,5.25,0.0,5.25,5.776932213636263,5.78,measured_success,202
404,ppo,1000404,2176,diprotic,near,acid,separated,2,6.803,6.339,0.17980698879975787,0,0,,1,0,0,1,0,2,0,0.0888252192019614,2.14,2.14,0.0,6.427825219201962,6.43,measured_success,202
404,ppo,1000404,2177,monoprotic,near,acid,single,1,5.834,5.252,0.1545143771907278,0,0,,1,0,0,1,0,2,0,0.07311063444275501,2.14,2.14,0.0,5.325110634442755,5.33,measured_success,202
404,ppo,1000404,2178,diprotic,near,acid,separated,2,4.347,3.908,0.04932803873101394,1,0,0.755,1,1,0,1,0,1,1,0.00819530888738873,1.51,1.51,0.0,3.899804691112611,3.9,measured_success,202
404,ppo,1000404,2179,diprotic,medium,base,overlapping,2,5.246,6.796,0.15908504559833478,1,0,1.42,1,1,0,1,0,2,1,0.045383464048412314,8.09,0.0,8.09,6.841383464048413,6.84,measured_success,202
404,ppo,1000404,2180,monoprotic,far,base,single,1,5.316,7.671,0.1193041430111837,1,0,0.65,1,1,0,1,0,5,1,0.03975432484427888,12.140000000000002,0.63,11.510000000000002,7.710754324844279,7.71,measured_success,202
404,ppo,1000404,2181,triprotic,medium,base,separated,3,1.879,3.755,0.08745447739279259,0,0,,1,0,0,1,0,4,0,0.08508299062832769,10.19,0.0,10.19,3.669917009371672,3.67,measured_success,202
404,ppo,1000404,2182,triprotic,far,base,separated,3,5.734,8.737,0.13238767968169884,3,2,0.155,1,1,0,1,0,14,3,0.02288684876665492,18.91,5.330000000000001,13.58,8.759886848766655,8.76,measured_success,202
404,ppo,1000404,2183,diprotic,far,base,separated,2,5.164,7.393,0.03315824487582603,2,1,1.31,1,0,0,1,0,6,2,0.09343145027221045,9.530000000000001,2.62,6.91,7.299568549727789,7.3,measured_success,202
404,ppo,1000404,2184,monoprotic,medium,acid,single,1,5.71,4.295,0.16559244257717776,5,4,0.045,1,0,0,1,0,10,5,0.08022910451811782,9.98,5.59,4.39,4.214770895481882,4.21,measured_success,202
404,ppo,1000404,2185,monoprotic,medium,base,single,1,8.326,9.55,0.037667500387196975,1,0,0.085,1,1,0,1,0,13,2,0.004106165596422073,1.8199999999999998,0.12,1.6999999999999997,9.545893834403579,9.55,measured_success,202
404,ppo,1000404,2186,triprotic,medium,base,separated,3,4.323,5.309,0.07875970336440632,0,0,,1,0,0,1,0,4,0,0.05953746479541788,5.22,0.0,5.22,5.249462535204582,5.25,measured_success,202
404,ppo,1000404,2187,triprotic,medium,base,separated,3,2.739,3.523,0.11104833626544545,0,0,,1,0,0,1,0,14,0,0.07952778892645584,9.1,0.0,9.1,3.4434722110735443,3.44,measured_success,202
404,ppo,1000404,2188,diprotic,near,base,separated,2,5.429,6.016,0.05304950295268308,0,0,,1,0,0,1,0,1,0,0.05863964229456187,2.12,0.0,2.12,5.957360357705438,5.96,measured_success,202
404,ppo,1000404,2189,diprotic,medium,base,separated,2,3.52,5.343,0.054173341184181156,2,2,0.13,1,1,0,1,0,4,2,0.0009094264576781086,6.17,0.26,5.91,5.342090573542322,5.34,measured_success,202
404,ppo,1000404,2190,diprotic,far,base,separated,2,4.946,8.188,0.07541345955374987,46,28,0.01,0,0,0,0,0,50,46,0.4683838381537395,11.719999999999992,3.8399999999999954,7.879999999999997,7.719616161846261,7.72,max_steps,202
404,ppo,1000404,2191,diprotic,medium,acid,separated,2,4.613,3.608,0.04801829299920447,1,0,1.935,1,0,0,1,0,2,1,0.07328384109317598,4.5,3.87,0.63,3.534716158906824,3.5300000000000002,measured_success,202
404,ppo,1000404,2192,monoprotic,near,acid,single,1,4.593,4.185,0.1433253278066076,0,0,,1,1,0,1,0,2,0,0.041527893106414915,2.36,2.36,0.0,4.2265278931064145,4.23,measured_success,202
404,ppo,1000404,2193,diprotic,far,acid,overlapping,2,4.927,2.132,0.04783238936026213,0,0,,1,1,0,1,0,1,0,0.012477099305825856,6.07,6.07,0.0,2.144477099305826,2.14,measured_success,202
404,ppo,1000404,2194,diprotic,medium,base,separated,2,4.769,6.733,0.031191705433149922,6,2,0.015,1,0,0,1,0,9,6,0.09405860300197855,10.660000000000002,4.710000000000002,5.95,6.638941396998021,6.640000000000001,measured_success,202
404,ppo,1000404,2195,triprotic,medium,base,overlapping,3,2.357,3.099,0.06403566209972049,0,0,,1,0,0,1,0,13,0,0.09441680445190226,8.79,0.0,8.79,3.004583195548098,3.0,measured_success,202
404,ppo,1000404,2196,diprotic,medium,acid,separated,2,5.188,4.247,0.058577836863893805,1,0,1.935,1,1,0,1,0,2,1,0.02554541822545353,5.67,3.87,1.8,4.221454581774546,4.22,measured_success,202
404,ppo,1000404,2197,monoprotic,far,base,single,1,3.18,6.47,0.060390153339292034,7,2,0.01,1,0,0,1,0,12,7,0.07509724423337527,12.629999999999999,3.57,9.059999999999999,6.545097244233375,6.55,measured_success,202
404,ppo,1000404,2198,diprotic,medium,acid,separated,2,4.177,3.0,0.09305877534168135,0,0,,1,0,0,1,0,2,0,0.057049132493436794,4.9,4.9,0.0,3.057049132493437,3.06,measured_success,202
404,ppo,1000404,2199,monoprotic,medium,base,single,1,5.694,7.587,0.16610320329430286,5,1,0.035,1,0,0,1,0,8,5,0.08164121739136121,10.64,4.330000000000001,6.3100000000000005,7.668641217391361,7.67,measured_success,202
404,ppo,1000404,2200,diprotic,far,base,separated,2,4.998,7.638,0.038893951721132684,3,1,0.315,1,1,0,1,0,6,3,0.015463819997856731,10.88,3.77,7.11,7.653463819997857,7.65,measured_success,202
404,ppo,1000404,2201,diprotic,near,base,separated,2,2.515,3.17,0.05845356118333135,1,0,0.515,1,0,0,1,0,2,1,0.054545032168023866,3.29,0.0,3.29,3.224545032168024,3.22,measured_success,202
404,ppo,1000404,2202,diprotic,medium,base,separated,2,4.73,5.504,0.03453244055613149,4,4,0.14,1,1,0,1,0,5,4,0.005702775634592427,4.37,1.41,2.96,5.498297224365407,5.5,measured_success,202
404,ppo,1000404,2203,monoprotic,medium,acid,single,1,5.656,3.697,0.053110292867445244,5,1,0.09,1,1,0,1,0,8,5,0.026505920287870133,11.07,6.089999999999999,4.98,3.67049407971213,3.67,measured_success,202
404,ppo,1000404,2204,diprotic,near,acid,separated,2,5.552,5.09,0.08130380714533511,1,0,0.315,1,1,0,1,0,2,1,0.014290670250614923,2.14,2.14,0.0,5.075709329749385,5.08,measured_success,202
404,ppo,1000404,2205,monoprotic,medium,acid,single,1,7.374,6.373,0.11899775127463154,4,3,0.13,1,0,0,1,0,7,4,0.09689828484979213,5.03,2.8600000000000003,2.17,6.469898284849792,6.47,measured_success,202
404,ppo,1000404,2206,monoprotic,near,acid,single,1,7.607,7.285,0.1787131006129087,0,0,,0,0,0,0,0,50,0,0.23037979591620683,0.5000000000000002,0.5000000000000002,0.0,7.515379795916207,7.5200000000000005,max_steps,202
404,ppo,1000404,2207,monoprotic,medium,acid,single,1,8.355,7.569,0.06383410712003557,0,0,,0,0,1,0,0,50,0,0.5953270819511038,0.8400000000000005,0.8400000000000005,0.0,8.164327081951104,8.16,max_steps,202
404,ppo,1000404,2208,monoprotic,far,base,single,1,5.615,9.316,0.11925926246631849,4,0,0.01,1,0,0,1,0,13,4,0.07655725345540354,17.21,2.09,15.12,9.239442746544597,9.24,measured_success,202
404,ppo,1000404,2209,monoprotic,far,acid,single,1,5.963,3.796,0.032520469053575064,4,1,0.18,1,1,0,1,0,6,4,0.0020152600185956437,10.7,7.01,3.69,3.7980152600185955,3.8000000000000003,measured_success,202
404,ppo,1000404,2210,diprotic,near,acid,separated,2,3.034,2.783,0.15774738291744123,0,0,,1,1,0,1,0,2,0,0.021174245390357616,2.54,2.54,0.0,2.8041742453903575,2.8000000000000003,measured_success,202
404,ppo,1000404,2211,diprotic,medium,acid,separated,2,3.391,2.345,0.11588613564644365,2,1,0.255,1,1,0,1,0,4,2,0.01779266626795062,7.33,6.82,0.51,2.362792666267951,2.36,measured_success,202
404,ppo,1000404,2212,diprotic,medium,acid,separated,2,2.696,1.924,0.06188067064968748,1,0,1.74,1,1,0,1,0,1,1,0.022171473035135225,3.48,3.48,0.0,1.9018285269648647,1.9000000000000001,measured_success,202
404,ppo,1000404,2213,monoprotic,near,base,single,1,6.623,6.898,0.05150815818321113,0,0,,0,0,0,1,1,46,0,0.100620438210548,0.46000000000000024,0.0,0.46000000000000024,6.797379561789452,6.8,measured_success,202
404,ppo,1000404,2214,diprotic,medium,base,separated,2,5.013,6.566,0.14299239587474416,0,0,,0,0,0,1,1,9,0,0.1000794826631628,11.65,0.0,11.65,6.465920517336837,6.47,measured_success,202
404,ppo,1000404,2215,diprotic,medium,acid,separated,2,4.955,3.539,0.037657934761477316,3,2,0.225,1,1,0,1,0,4,3,0.01904915394061435,7.0200000000000005,6.12,0.9,3.519950846059386,3.52,measured_success,202
404,ppo,1000404,2216,triprotic,near,base,separated,3,1.89,2.465,0.13023446414233444,0,0,,1,0,0,1,0,6,0,0.08735364702763437,5.47,0.0,5.47,2.3776463529723655,2.38,measured_success,202
404,ppo,1000404,2217,diprotic,medium,base,separated,2,5.712,7.657,0.07434772728536393,1,0,0.425,1,0,0,1,0,18,1,0.0905424445339964,8.73,0.51,8.22,7.747542444533996,7.75,measured_success,202
404,ppo,1000404,2218,triprotic,medium,base,separated,3,3.743,5.155,0.13442862833474767,0,0,,1,0,0,1,0,8,0,0.06656196248072543,7.689999999999999,0.0,7.689999999999999,5.088438037519275,5.09,measured_success,202
404,ppo,1000404,2219,monoprotic,far,acid,single,1,6.889,3.333,0.04947185033143593,5,4,0.075,1,1,0,1,0,12,5,0.02423193454693706,20.1,10.2,9.9,3.308768065453063,3.31,measured_success,202
404,ppo,1000404,2220,monoprotic,near,acid,single,1,3.475,2.875,0.03251127175043389,4,2,0.105,1,0,0,1,0,5,4,0.09413178499568531,4.51,2.6,1.91,2.9691317849956853,2.97,measured_success,202
404,ppo,1000404,2221,monoprotic,far,base,single,1,2.149,5.372,0.13982364892733706,7,3,0.01,1,1,0,1,0,12,7,0.0157684964220266,15.78,3.34,12.44,5.3877684964220265,5.39,measured_success,202
404,ppo,1000404,2222,diprotic,far,base,separated,2,3.233,6.057,0.07297039795773978,0,0,,1,1,0,1,0,7,0,0.02993325205252262,9.160000000000002,0.0,9.160000000000002,6.027066747947478,6.03,measured_success,202
404,ppo,1000404,2223,monoprotic,medium,base,single,1,2.539,3.359,0.15315889427738802,0,0,,0,0,0,1,1,11,0,0.10128020219151601,8.169999999999998,0.0,8.169999999999998,3.257719797808484,3.2600000000000002,measured_success,202
404,ppo,1000404,2224,diprotic,medium,acid,separated,2,6.975,6.173,0.12088649798620694,0,0,,1,0,0,1,0,1,0,0.06628400642198073,2.12,2.12,0.0,6.239284006421981,6.24,measured_success,202
404,ppo,1000404,2225,monoprotic,far,acid,single,1,6.455,3.787,0.08824376163526328,8,7,0.015,1,1,0,1,0,12,8,0.013149374809263037,16.13,8.76,7.37,3.800149374809263,3.8000000000000003,measured_success,202
404,ppo,1000404,2226,triprotic,far,base,separated,3,5.851,9.406,0.06328255241656906,4,1,0.02,1,0,0,1,0,10,4,0.09446226764179677,15.389999999999999,1.01,14.379999999999999,9.311537732358204,9.31,measured_success,202
404,ppo,1000404,2227,triprotic,medium,acid,overlapping,3,4.564,3.851,0.07171077739847503,0,0,,1,1,0,1,0,3,0,0.031008194764819308,4.06,4.06,0.0,3.8820081947648193,3.88,measured_success,202
404,ppo,1000404,2228,monoprotic,medium,acid,single,1,6.173,5.113,0.04937282136434714,3,1,0.21,1,0,0,1,0,4,3,0.06412323633673811,6.9399999999999995,4.29,2.65,5.048876763663262,5.05,measured_success,202
404,ppo,1000404,2229,triprotic,medium,acid,separated,3,6.891,5.226,0.031331739030282045,4,1,0.155,1,1,0,1,0,5,4,0.009884863191403248,8.44,5.909999999999999,2.5300000000000002,5.235884863191403,5.24,measured_success,202
404,ppo,1000404,2230,triprotic,near,acid,separated,3,3.757,3.057,0.06607898115727423,1,0,1.74,1,0,0,1,0,2,1,0.06915252911333036,4.51,3.48,1.03,2.9878474708866696,2.99,measured_success,202
404,ppo,1000404,2231,monoprotic,near,acid,single,1,3.849,3.54,0.10855557749328416,0,0,,1,1,0,1,0,1,0,0.007494352894897638,1.51,1.51,0.0,3.5474943528948977,3.5500000000000003,measured_success,202
404,ppo,1000404,2232,triprotic,far,base,overlapping,3,2.161,5.03,0.049272086222575985,4,1,0.075,1,0,0,1,0,10,4,0.06596667800169964,20.98,1.9999999999999998,18.98,4.964033321998301,4.96,measured_success,202
404,ppo,1000404,2233,diprotic,far,acid,separated,2,4.819,1.518,0.044309885352574234,0,0,,1,0,0,1,0,6,0,0.07620437545631797,12.429999999999998,12.429999999999998,0.0,1.594204375456318,1.59,measured_success,202
404,ppo,1000404,2234,monoprotic,near,acid,single,1,7.032,6.652,0.060803465203686,0,0,,0,0,0,0,0,50,0,0.24825412534733804,0.5000000000000002,0.5000000000000002,0.0,6.900254125347338,6.9,max_steps,202
404,ppo,1000404,2235,diprotic,far,base,separated,2,5.22,7.489,0.05972465387759183,5,2,0.035,1,0,0,1,0,9,5,0.06840803005599394,11.32,4.450000000000001,6.87,7.557408030055994,7.5600000000000005,measured_success,202
404,ppo,1000404,2236,monoprotic,medium,base,single,1,5.608,7.44,0.04039566427213287,43,4,0.01,0,0,0,0,0,50,43,0.11257839567165906,13.349999999999994,6.219999999999998,7.129999999999996,7.5525783956716595,7.55,max_steps,202
404,ppo,1000404,2237,diprotic,near,base,separated,2,1.965,2.229,0.05662360050753571,1,0,1.06,1,0,0,1,0,1,1,0.0659757146162665,2.12,0.0,2.12,2.2949757146162666,2.29,measured_success,202
404,ppo,1000404,2238,diprotic,medium,base,separated,2,4.671,5.581,0.08731253066927686,0,0,,1,0,0,1,0,4,0,0.05908124116669722,5.22,0.0,5.22,5.521918758833303,5.5200000000000005,measured_success,202
404,ppo,1000404,2239,monoprotic,near,acid,single,1,2.445,2.044,0.043098370688818194,1,0,1.06,1,1,0,1,0,1,0,0.0004313663144137614,2.12,2.12,0.0,2.044431366314414,2.04,measured_success,202
404,ppo,1000404,2240,diprotic,far,base,separated,2,4.204,6.619,0.04879916485248978,5,2,0.035,1,1,0,1,0,10,5,0.00851124491111932,10.03,2.9599999999999995,7.07,6.627511244911119,6.63,measured_success,202
404,ppo,1000404,2241,triprotic,far,acid,separated,3,7.623,4.449,0.12387767900122586,0,0,,1,0,0,1,0,7,0,0.054809520167628634,19.88,19.88,0.0,4.5038095201676285,4.5,measured_success,202
404,ppo,1000404,2242,triprotic,medium,base,separated,3,3.114,3.983,0.1291389205565706,0,0,,1,0,0,1,0,4,0,0.08102206926329414,5.5,0.0,5.5,3.901977930736706,3.9,measured_success,202
404,ppo,1000404,2243,monoprotic,medium,acid,single,1,5.969,4.027,0.1226193078437579,6,3,0.025,1,0,0,1,0,11,6,0.09005356187891511,12.45,7.379999999999999,5.069999999999999,4.117053561878915,4.12,measured_success,202
404,ppo,1000404,2244,triprotic,medium,acid,separated,3,4.087,3.302,0.13974035169753957,0,0,,0,0,0,1,1,9,0,0.10007505124134264,11.650000000000002,11.650000000000002,0.0,3.4020750512413427,3.4,measured_success,202
404,ppo,1000404,2245,diprotic,medium,acid,separated,2,5.389,3.984,0.14528452962642419,0,0,,1,0,0,1,0,9,0,0.06697763973036075,11.820000000000002,11.820000000000002,0.0,4.050977639730361,4.05,measured_success,202
404,ppo,1000404,2246,monoprotic,medium,base,single,1,2.615,4.012,0.16411111514227858,0,0,,1,1,0,1,0,10,0,0.04754538923552154,14.49,0.0,14.49,3.964454610764478,3.96,measured_success,202
404,ppo,1000404,2247,diprotic,medium,base,separated,2,4.643,6.08,0.16648401158938841,1,0,0.79,1,1,0,1,0,4,1,0.006468767511289997,11.790000000000001,0.0,11.790000000000001,6.08646876751129,6.09,measured_success,202
404,ppo,1000404,2248,monoprotic,near,base,single,1,4.795,5.397,0.06123509630487754,2,0,0.425,1,0,0,1,0,2,2,0.06349573356263072,3.11,0.85,2.26,5.3335042664373695,5.33,measured_success,202
404,ppo,1000404,2249,monoprotic,far,acid,single,1,5.845,3.096,0.11730555763007341,4,2,0.105,1,1,0,1,0,7,4,0.024296156454034268,17.7,16.64,1.06,3.1202961564540344,3.12,measured_success,202
404,ppo,1000404,2250,triprotic,near,acid,separated,3,7.082,6.749,0.08230558392884872,0,0,,0,0,0,0,0,50,0,0.11792669961142632,0.5000000000000002,0.5000000000000002,0.0,6.866926699611426,6.87,max_steps,202
404,ppo,1000404,2251,triprotic,medium,acid,separated,3,5.171,4.4,0.04635749425200214,2,0,0.315,1,0,0,1,0,2,2,0.058507938397736936,2.75,2.12,0.63,4.458507938397737,4.46,measured_success,202
404,ppo,1000404,2252,monoprotic,medium,acid,single,1,3.915,3.003,0.03572388803683004,2,0,0.9,1,0,0,1,0,2,2,0.06883467568986745,5.67,3.87,1.8,3.0718346756898676,3.0700000000000003,measured_success,202
404,ppo,1000404,2253,triprotic,far,acid,separated,3,5.268,1.964,0.04208142370939848,1,0,0.425,1,1,0,1,0,4,0,0.00029095215682861664,9.87,9.87,0.0,1.9642909521568286,1.96,measured_success,202
404,ppo,1000404,2254,diprotic,medium,acid,separated,2,3.538,2.047,0.09853687156905251,0,0,,1,0,0,1,0,4,0,0.07141253866828245,9.729999999999999,9.729999999999999,0.0,2.1184125386682826,2.12,measured_success,202
404,ppo,1000404,2255,triprotic,near,acid,separated,3,3.737,3.534,0.1595864063297049,0,0,,1,1,0,1,0,1,0,0.04238595429117087,1.51,1.51,0.0,3.5763859542911707,3.58,measured_success,202
404,ppo,1000404,2256,diprotic,medium,base,separated,2,5.315,6.118,0.06404235854238165,1,0,1.13,1,1,0,1,0,1,1,0.02249774720152864,2.26,0.0,2.26,6.140497747201529,6.140000000000001,measured_success,202
404,ppo,1000404,2257,monoprotic,medium,acid,single,1,4.171,2.701,0.03293321401941466,2,0,0.9,1,0,0,1,0,3,2,0.053850132992070865,6.52,4.72,1.8,2.754850132992071,2.75,measured_success,202
404,ppo,1000404,2258,triprotic,near,acid,separated,3,8.722,8.164,0.10531756881220385,0,0,,0,0,0,0,0,50,0,0.4477223077987187,0.5000000000000002,0.5000000000000002,0.0,8.611722307798718,8.61,max_steps,202
404,ppo,1000404,2259,monoprotic,far,base,single,1,6.366,8.435,0.05222200557538119,5,1,0.06,1,0,0,1,0,7,5,0.05713471625321809,9.2,2.98,6.22,8.492134716253219,8.49,measured_success,202
404,ppo,1000404,2260,diprotic,near,base,separated,2,3.532,3.902,0.03031729176165754,2,1,0.375,1,1,0,1,0,2,2,0.03706100260651901,2.26,0.75,1.51,3.864938997393481,3.86,measured_success,202
404,ppo,1000404,2261,monoprotic,medium,base,single,1,8.088,10.003,0.048311004599458154,3,3,0.01,1,0,0,1,0,11,3,0.09165594491052786,0.8900000000000001,0.17,0.7200000000000001,10.094655944910528,10.09,measured_success,202
404,ppo,1000404,2262,monoprotic,far,acid,single,1,7.027,4.416,0.11794619361017068,5,4,0.035,1,1,0,1,0,10,5,0.009276592992643273,14.48,12.450000000000001,2.03,4.406723407007357,4.41,measured_success,202
404,ppo,1000404,2263,triprotic,far,base,overlapping,3,3.549,7.075,0.05066004290883497,46,23,0.01,0,0,0,0,0,50,46,0.1951472906541314,15.399999999999991,3.4499999999999953,11.949999999999996,6.879852709345869,6.88,max_steps,202
404,ppo,1000404,2264,triprotic,near,base,separated,3,2.848,3.195,0.03094251122197252,2,1,0.375,1,0,0,1,0,2,2,0.05644635132623721,2.26,0.75,1.51,3.1385536486737626,3.14,measured_success,202
404,ppo,1000404,2265,diprotic,near,acid,separated,2,2.614,2.026,0.07065211036580923,0,0,,1,1,0,1,0,2,0,0.020406202176922683,4.51,4.51,0.0,2.0464062021769225,2.05,measured_success,202
404,ppo,1000404,2266,monoprotic,far,acid,single,1,7.034,3.672,0.14135081078110084,5,3,0.075,1,1,0,1,0,10,5,0.014655267898584956,20.63,16.68,3.95,3.657344732101415,3.66,measured_success,202
404,ppo,1000404,2267,monoprotic,medium,base,single,1,2.69,4.541,0.09595279718568683,4,2,0.075,1,0,0,1,0,7,4,0.08070249729813384,10.95,0.9400000000000001,10.01,4.4602975027018665,4.46,measured_success,202
404,ppo,1000404,2268,diprotic,medium,acid,overlapping,2,3.84,2.921,0.1735623488464889,0,0,,1,0,0,1,0,7,0,0.09914711815729271,14.14,14.14,0.0,3.0201471181572925,3.02,measured_success,202
404,ppo,1000404,2269,monoprotic,medium,acid,single,1,5.081,3.547,0.0396572066066471,4,1,0.21,1,0,0,1,0,4,4,0.053601106826221656,8.129999999999999,5.909999999999999,2.22,3.600601106826222,3.6,measured_success,202
404,ppo,1000404,2270,monoprotic,medium,base,single,1,4.305,5.327,0.16929323189051085,0,0,,1,0,0,1,0,8,0,0.09005343962154022,7.739999999999998,0.0,7.739999999999998,5.23694656037846,5.24,measured_success,202
404,ppo,1000404,2271,monoprotic,near,acid,single,1,6.505,6.272,0.0970669086829741,0,0,,0,0,0,0,0,50,0,0.12006769070049117,0.5000000000000002,0.5000000000000002,0.0,6.392067690700491,6.390000000000001,max_steps,202
404,ppo,1000404,2272,diprotic,near,acid,separated,2,3.887,3.348,0.049579020778685055,4,3,0.085,1,1,0,1,0,7,4,0.004949558744995031,4.76,2.68,2.08,3.352949558744995,3.35,measured_success,202
404,ppo,1000404,2273,triprotic,near,acid,separated,3,2.246,1.942,0.0406032687743738,1,0,1.06,1,0,0,1,0,1,1,0.0543380946814096,2.12,2.12,0.0,1.8876619053185903,1.8900000000000001,measured_success,202
404,ppo,1000404,2274,monoprotic,medium,base,single,1,8.767,10.33,0.050722205278245946,1,1,0.085,1,0,0,1,0,4,1,0.05614913158508905,0.59,0.08,0.51,10.38614913158509,10.39,measured_success,202
404,ppo,1000404,2275,diprotic,medium,base,separated,2,4.549,5.843,0.1413807239162538,4,2,0.075,1,1,0,1,0,8,4,0.024349333344712676,9.99,2.77,7.22,5.818650666655287,5.82,measured_success,202
404,ppo,1000404,2276,triprotic,near,acid,separated,3,5.192,4.817,0.0508136731434976,0,0,,1,1,0,1,0,1,0,0.034006803893161575,1.51,1.51,0.0,4.851006803893162,4.8500000000000005,measured_success,202
404,ppo,1000404,2277,monoprotic,near,base,single,1,7.154,7.56,0.11535561549664503,2,0,0.18,1,1,0,1,0,3,2,0.020690467702068283,3.33,1.21,2.12,7.539309532297931,7.54,measured_success,202
404,ppo,1000404,2278,diprotic,medium,acid,separated,2,4.25,3.111,0.09945960899232066,2,2,0.45,1,0,0,1,0,4,2,0.08313712936199869,7.0200000000000005,6.12,0.9,3.194137129361999,3.19,measured_success,202
404,ppo,1000404,2279,diprotic,medium,base,separated,2,6.059,7.237,0.07622857421438264,7,3,0.01,1,0,0,1,0,13,7,0.06527203697796757,10.380000000000003,5.070000000000001,5.3100000000000005,7.302272036977968,7.3,measured_success,202
404,ppo,1000404,2280,triprotic,near,acid,separated,3,2.125,1.656,0.06760923571843644,0,0,,1,1,0,1,0,1,0,0.005850590388496668,3.48,3.48,0.0,1.6618505903884966,1.6600000000000001,measured_success,202
404,ppo,1000404,2281,diprotic,far,base,separated,2,3.965,7.866,0.05023047571026128,43,19,0.01,0,0,1,0,0,50,43,1.2707611854511782,19.02999999999999,7.629999999999996,11.399999999999993,9.136761185451178,9.14,max_steps,202
404,ppo,1000404,2282,monoprotic,near,base,single,1,7.901,8.452,0.04526866255725653,2,0,0.315,1,1,0,1,0,3,2,0.027639628035670327,3.6,1.48,2.12,8.42436037196433,8.42,measured_success,202
404,ppo,1000404,2283,monoprotic,medium,acid,single,1,4.238,3.05,0.14597205253610238,5,4,0.095,1,0,0,1,0,7,5,0.06941876861606477,8.71,4.8500000000000005,3.86,2.980581231383935,2.98,measured_success,202
404,ppo,1000404,2284,diprotic,near,acid,overlapping,2,3.246,3.004,0.0485793068236948,1,0,0.755,1,1,0,1,0,1,1,0.023977600877020055,1.51,1.51,0.0,2.98002239912298,2.98,measured_success,202
404,ppo,1000404,2285,monoprotic,far,acid,single,1,5.643,1.835,0.05582799783627323,1,0,3.93,1,0,0,1,0,1,1,0.06809994299357758,7.86,7.86,0.0,1.7669000570064224,1.77,measured_success,202
404,ppo,1000404,2286,monoprotic,far,base,single,1,5.562,9.002,0.12888104014587587,4,1,0.155,1,0,0,1,0,7,4,0.06477125823169239,17.5,5.18,12.32,8.937228741768308,8.94,measured_success,202
404,ppo,1000404,2287,diprotic,medium,base,separated,2,5.627,7.342,0.10600230934425725,0,0,,1,1,0,1,0,6,0,0.047417205012359354,13.540000000000001,0.0,13.540000000000001,7.29458279498764,7.29,measured_success,202
404,ppo,1000404,2288,triprotic,medium,base,overlapping,3,2.265,2.968,0.04577311616873391,0,0,,0,0,0,1,1,6,0,0.10150591522337571,6.88,0.0,6.88,2.8664940847766243,2.87,measured_success,202
404,ppo,1000404,2289,diprotic,far,base,separated,2,2.584,4.627,0.0705803344002231,0,0,,1,0,0,1,0,5,0,0.079652301423498,7.259999999999999,0.0,7.259999999999999,4.547347698576502,4.55,measured_success,202
404,ppo,1000404,2290,diprotic,medium,base,overlapping,2,1.954,3.684,0.15360196909971588,0,0,,1,0,0,1,0,19,0,0.0633823491285268,19.929999999999986,0.0,19.929999999999986,3.6206176508714734,3.62,measured_success,202
404,ppo,1000404,2291,triprotic,near,acid,separated,3,3.777,3.134,0.05966808356595695,2,1,0.255,1,1,0,1,0,3,2,0.02235666720957985,3.7199999999999998,3.21,0.51,3.1563566672095797,3.16,measured_success,202
404,ppo,1000404,2292,diprotic,medium,base,separated,2,3.307,4.599,0.11328784556370647,0,0,,0,0,0,1,1,18,0,0.10040125846259329,14.810000000000006,0.0,14.810000000000006,4.498598741537407,4.5,measured_success,202
404,ppo,1000404,2293,monoprotic,medium,acid,single,1,5.4,4.233,0.08384052522791365,3,1,0.425,1,0,0,1,0,4,3,0.05910684204561978,6.9399999999999995,4.72,2.22,4.17389315795438,4.17,measured_success,202
404,ppo,1000404,2294,diprotic,near,acid,separated,2,6.683,6.409,0.13952210620791025,0,0,,0,0,0,0,0,50,0,0.2249703402205716,0.5000000000000002,0.5000000000000002,0.0,6.633970340220571,6.63,max_steps,202
404,ppo,1000404,2295,monoprotic,far,acid,single,1,5.968,3.763,0.03298903542881279,5,2,0.075,1,1,0,1,0,6,5,0.0006568552763228652,9.600000000000001,7.07,2.5300000000000002,3.762343144723677,3.7600000000000002,measured_success,202
404,ppo,1000404,2296,diprotic,medium,acid,separated,2,5.975,4.647,0.08386314744876981,2,0,0.315,1,0,0,1,0,2,2,0.08680775364375393,4.5,3.87,0.63,4.733807753643754,4.73,measured_success,202
404,ppo,1000404,2297,monoprotic,medium,acid,single,1,7.816,6.085,0.11116618052409862,4,2,0.075,1,1,0,1,0,6,4,0.038410696830273316,8.239999999999998,7.239999999999999,1.0,6.123410696830273,6.12,measured_success,202
404,ppo,1000404,2298,diprotic,near,acid,separated,2,5.052,4.684,0.041382475473774986,2,2,0.265,1,1,0,1,0,4,2,0.010494395911245569,3.05,1.77,1.28,4.694494395911246,4.69,measured_success,202
404,ppo,1000404,2299,triprotic,medium,acid,separated,3,4.177,2.179,0.03873935168647339,0,0,,1,1,0,1,0,3,0,0.017601608093538612,8.01,8.01,0.0,2.1966016080935384,2.2,measured_success,202
404,ppo,1000404,2300,monoprotic,far,acid,single,1,6.963,3.632,0.16568652189667124,6,2,0.045,1,0,0,1,0,10,6,0.09366729473485291,21.17,17.03,4.14,3.725667294734853,3.73,measured_success,202
404,ppo,1000404,2301,diprotic,near,acid,separated,2,3.546,2.943,0.08417498617332328,1,0,0.515,1,0,0,1,0,2,1,0.09783314096997886,3.21,3.21,0.0,2.845166859030021,2.85,measured_success,202
404,ppo,1000404,2302,triprotic,near,acid,overlapping,3,3.21,2.956,0.07079346576165248,0,0,,1,1,0,1,0,1,0,0.035529617784011425,1.51,1.51,0.0,2.9915296177840114,2.99,measured_success,202
404,ppo,1000404,2303,monoprotic,far,acid,single,1,7.092,4.24,0.053677454935879526,1,0,3.035,1,1,0,1,0,2,1,0.036914560985456646,7.87,6.07,1.8,4.203085439014544,4.2,measured_success,202
404,ppo,1000404,2304,triprotic,near,acid,separated,3,4.689,4.269,0.0386055980302443,3,2,0.185,1,1,0,1,0,3,3,0.0141743785182733,2.63,1.88,0.75,4.254825621481727,4.25,measured_success,202
404,ppo,1000404,2305,triprotic,near,acid,overlapping,3,2.19,1.523,0.06692774771251896,0,0,,1,0,0,1,0,9,0,0.07568578473680287,12.069999999999999,12.069999999999999,0.0,1.5986857847368028,1.6,measured_success,202
404,ppo,1000404,2306,monoprotic,far,base,single,1,7.859,11.622,0.031964799084348454,1,0,4.1,1,0,0,1,0,23,1,0.08642514996281037,12.439999999999998,4.239999999999999,8.2,11.70842514996281,11.71,measured_success,202
404,ppo,1000404,2307,monoprotic,medium,base,single,1,5.19,5.904,0.07313336256112665,1,0,1.13,1,0,0,1,0,3,1,0.09733390436235467,3.96,1.7,2.26,6.001333904362355,6.0,measured_success,202
404,ppo,1000404,2308,monoprotic,far,acid,single,1,5.918,2.002,0.12945447692144635,1,0,3.93,1,0,0,1,0,9,1,0.06064631867079129,11.81,7.86,3.95,1.9413536813292085,1.94,measured_success,202
404,ppo,1000404,2309,diprotic,medium,acid,separated,2,3.45,1.855,0.055619262033306756,0,0,,1,0,0,1,0,2,0,0.08690919462794078,6.9799999999999995,6.9799999999999995,0.0,1.9419091946279408,1.94,measured_success,202
404,ppo,1000404,2310,monoprotic,near,base,single,1,7.187,7.502,0.09602194311591272,0,0,,0,0,0,0,0,50,0,0.14321030733475038,0.5000000000000002,0.0,0.5000000000000002,7.358789692665249,7.36,max_steps,202
404,ppo,1000404,2311,monoprotic,medium,base,single,1,6.668,8.182,0.14346117587843887,1,0,0.155,1,0,0,1,0,3,1,0.07527698270765093,6.09,0.0,6.09,8.257276982707651,8.26,measured_success,202
404,ppo,1000404,2312,diprotic,near,base,separated,2,4.785,5.208,0.03194430087914974,2,1,0.315,1,0,0,1,0,6,2,0.08750755834431878,4.93,2.33,2.6,5.120492441655681,5.12,measured_success,202
404,ppo,1000404,2313,triprotic,far,acid,separated,3,5.647,3.014,0.0500336892944418,0,0,,1,0,0,1,0,4,0,0.08834874847842711,12.36,12.36,0.0,3.102348748478427,3.1,measured_success,202
404,ppo,1000404,2314,monoprotic,far,base,single,1,2.987,5.463,0.050978844033292454,41,7,0.01,0,0,1,0,0,50,41,0.6352823997303512,10.299999999999994,4.6199999999999966,5.679999999999996,6.098282399730351,6.1000000000000005,max_steps,202
404,ppo,1000404,2315,monoprotic,far,base,single,1,2.918,5.216,0.1421821791261398,3,0,0.025,1,1,0,1,0,6,3,0.01147943915727101,11.610000000000001,0.38,11.23,5.227479439157271,5.23,measured_success,202
404,ppo,1000404,2316,monoprotic,near,acid,single,1,6.113,5.473,0.13680945673464165,0,0,,1,0,0,1,0,6,0,0.07008955595802302,4.1499999999999995,4.1499999999999995,0.0,5.543089555958023,5.54,measured_success,202
404,ppo,1000404,2317,diprotic,medium,acid,separated,2,3.572,1.698,0.05436214067839689,0,0,,1,1,0,1,0,2,0,0.04810990823323058,5.6899999999999995,5.6899999999999995,0.0,1.7461099082332305,1.75,measured_success,202
404,ppo,1000404,2318,diprotic,near,acid,separated,2,3.067,2.494,0.030517604796084088,2,0,0.425,1,0,0,1,0,3,2,0.08421368803524443,5.359999999999999,3.48,1.88,2.5782136880352446,2.58,measured_success,202
404,ppo,1000404,2319,monoprotic,medium,acid,single,1,6.511,5.807,0.03176823717958936,0,0,,1,1,0,1,0,1,0,0.0012739526031282367,1.51,1.51,0.0,5.808273952603129,5.8100000000000005,measured_success,202
404,ppo,1000404,2320,triprotic,far,base,separated,3,6.407,9.93,0.13560962223788203,3,2,0.075,0,0,0,1,1,9,3,0.10009013861108684,17.730000000000004,1.83,15.900000000000002,10.030090138611087,10.03,measured_success,202
404,ppo,1000404,2321,triprotic,near,base,separated,3,5.353,5.559,0.15182238771674744,0,0,,0,0,0,0,0,50,0,0.116564820414502,0.5000000000000002,0.0,0.5000000000000002,5.442435179585498,5.44,max_steps,202
404,ppo,1000404,2322,triprotic,medium,acid,separated,3,5.715,3.982,0.1480587503007301,0,0,,1,1,0,1,0,6,0,0.04822909909465256,13.86,13.86,0.0,4.030229099094653,4.03,measured_success,202
404,ppo,1000404,2323,monoprotic,medium,base,single,1,4.225,5.458,0.031318135297367725,2,1,0.765,1,1,0,1,0,3,2,0.003914331277458771,9.4,4.15,5.25,5.454085668722541,5.45,measured_success,202
404,ppo,1000404,2324,monoprotic,near,base,single,1,2.69,2.932,0.0665204220783571,2,1,0.375,1,1,0,1,0,2,2,0.01126226304001543,2.26,0.75,1.51,2.9207377369599845,2.92,measured_success,202
404,ppo,1000404,2325,monoprotic,near,base,single,1,2.216,2.513,0.10022862693869958,1,0,0.515,1,1,0,1,0,2,1,0.013382420060822575,2.54,0.0,2.54,2.5263824200608225,2.5300000000000002,measured_success,202
404,ppo,1000404,2326,diprotic,near,acid,separated,2,7.397,7.157,0.08524251859922695,0,0,,1,0,0,1,0,39,0,0.09625981654306237,0.3900000000000002,0.3900000000000002,0.0,7.253259816543062,7.25,measured_success,202
404,ppo,1000404,2327,diprotic,near,acid,separated,2,4.637,3.962,0.031274867560423886,3,1,0.135,1,1,0,1,0,4,3,0.04770391383777772,3.8400000000000003,2.45,1.3900000000000001,3.9142960861622225,3.91,measured_success,202
404,ppo,1000404,2328,diprotic,medium,acid,separated,2,4.304,2.621,0.0824415185518429,0,0,,1,0,0,1,0,7,0,0.09253721005717841,12.089999999999998,12.089999999999998,0.0,2.7135372100571784,2.71,measured_success,202
404,ppo,1000404,2329,diprotic,medium,acid,separated,2,4.626,3.468,0.03707124463428441,3,2,0.155,1,1,0,1,0,6,3,0.006615110703791949,7.3999999999999995,4.6,2.8,3.461384889296208,3.46,measured_success,202
404,ppo,1000404,2330,triprotic,near,acid,separated,3,8.078,7.678,0.15483958312511348,0,0,,0,0,0,0,0,50,0,0.3164024330280677,0.5000000000000002,0.5000000000000002,0.0,7.994402433028068,7.99,max_steps,202
404,ppo,1000404,2331,monoprotic,medium,base,single,1,3.789,4.885,0.09561714234026526,5,1,0.025,1,0,0,1,0,9,5,0.05015277133408169,8.32,3.5,4.819999999999999,4.9351527713340815,4.94,measured_success,202
404,ppo,1000404,2332,monoprotic,medium,acid,single,1,5.769,3.806,0.17813906024302065,5,2,0.09,1,0,0,1,0,8,5,0.06121262694924301,15.8,13.58,2.22,3.744787373050757,3.74,measured_success,202
404,ppo,1000404,2333,monoprotic,medium,acid,single,1,6.41,4.916,0.0808356039967532,8,4,0.01,1,1,0,1,0,11,8,0.021168571885212373,9.149999999999999,4.9399999999999995,4.209999999999999,4.937168571885213,4.94,measured_success,202
404,ppo,1000404,2334,monoprotic,medium,acid,single,1,8.098,6.571,0.04456394989846108,1,0,1.06,1,1,0,1,0,37,0,0.0017756252701772723,3.200000000000001,3.200000000000001,0.0,6.572775625270177,6.57,measured_success,202
404,ppo,1000404,2335,monoprotic,medium,acid,single,1,5.861,4.037,0.15931154131516215,3,1,0.21,1,0,0,1,0,6,3,0.0609793994045047,15.41,14.56,0.85,3.9760206005954952,3.98,measured_success,202
404,ppo,1000404,2336,monoprotic,near,base,single,1,6.278,6.812,0.08957497032250174,0,0,,1,1,0,1,0,2,0,0.013896558030430661,2.75,0.0,2.75,6.79810344196957,6.8,measured_success,202
404,ppo,1000404,2337,diprotic,far,base,separated,2,4.638,8.621,0.13134756941969133,4,2,0.06,1,1,0,1,0,17,4,0.02580929625380257,20.50000000000001,3.11,17.39000000000001,8.595190703746198,8.6,measured_success,202
404,ppo,1000404,2338,triprotic,near,acid,separated,3,3.0,2.375,0.08626082128053872,0,0,,1,0,0,1,0,1,0,0.09878426353935765,3.48,3.48,0.0,2.4737842635393577,2.47,measured_success,202
404,ppo,1000404,2339,triprotic,medium,base,separated,3,6.434,7.14,0.031044220998088425,3,1,0.085,1,0,0,1,0,8,3,0.0852328749512532,4.32,1.86,2.46,7.225232874951253,7.23,measured_success,202
404,ppo,1000404,2340,diprotic,near,acid,separated,2,2.884,2.596,0.0532805416078594,2,2,0.27,1,1,0,1,0,4,2,0.0021101579113604885,3.0700000000000003,1.78,1.29,2.5981101579113606,2.6,measured_success,202
404,ppo,1000404,2341,monoprotic,near,acid,single,1,2.82,2.564,0.1632873323956218,0,0,,1,0,0,1,0,1,0,0.09794512155302648,1.51,1.51,0.0,2.6619451215530265,2.66,measured_success,202
404,ppo,1000404,2342,monoprotic,far,base,single,1,2.344,5.222,0.06180100150227909,6,3,0.015,1,0,0,1,0,12,6,0.08848371506723307,11.129999999999999,2.7599999999999993,8.37,5.133516284932767,5.13,measured_success,202
404,ppo,1000404,2343,triprotic,near,base,separated,3,5.081,5.417,0.0339994729309426,2,0,0.315,1,1,0,1,0,3,2,0.0338613034155415,3.6,1.48,2.12,5.383138696584458,5.38,measured_success,202
404,ppo,1000404,2344,diprotic,medium,base,overlapping,2,5.231,6.596,0.16480381171572522,1,0,0.425,1,1,0,1,0,7,1,0.006084927578232424,16.850000000000005,0.0,16.850000000000005,6.6020849275782325,6.6000000000000005,measured_success,202
404,ppo,1000404,2345,diprotic,near,base,separated,2,4.007,4.284,0.12333863355145663,1,0,0.755,1,0,0,1,0,1,1,0.08786240776854992,1.51,0.0,1.51,4.37186240776855,4.37,measured_success,202
404,ppo,1000404,2346,triprotic,medium,acid,separated,3,5.081,4.36,0.08171829198296184,0,0,,1,0,0,1,0,3,0,0.08447857784882284,3.17,3.17,0.0,4.444478577848823,4.44,measured_success,202
404,ppo,1000404,2347,diprotic,medium,acid,separated,2,4.107,2.42,0.03385432604709621,0,0,,1,0,0,1,0,1,0,0.07063921513456783,5.06,5.06,0.0,2.4906392151345678,2.49,measured_success,202
404,ppo,1000404,2348,triprotic,near,base,separated,3,4.101,4.445,0.04366068889428771,1,1,0.755,1,1,0,1,0,2,1,0.02063918498269146,2.26,0.75,1.51,4.465639184982692,4.47,measured_success,202
404,ppo,1000404,2349,diprotic,near,acid,overlapping,2,6.423,6.055,0.13174005189050744,0,0,,1,0,0,1,0,2,0,0.0954687270655512,2.14,2.14,0.0,6.150468727065551,6.15,measured_success,202
404,ppo,1000404,2350,triprotic,near,acid,separated,3,3.721,3.197,0.051533852590753236,1,0,1.09,1,0,0,1,0,1,1,0.055939980329873684,2.18,2.18,0.0,3.1410600196701264,3.14,measured_success,202
404,ppo,1000404,2351,monoprotic,far,base,single,1,2.414,5.573,0.1335780192003165,41,5,0.01,0,0,0,0,0,50,41,0.16684896755831602,14.549999999999994,4.299999999999997,10.249999999999996,5.739848967558316,5.74,max_steps,202
404,ppo,1000404,2352,triprotic,near,base,separated,3,8.482,8.772,0.03760403482097514,0,0,,1,0,0,1,0,10,0,0.09427766966735796,0.09999999999999999,0.0,0.09999999999999999,8.677722330332642,8.68,measured_success,202
404,ppo,1000404,2353,monoprotic,near,acid,single,1,3.087,2.84,0.07141568244540647,2,1,0.375,1,0,0,1,0,2,2,0.07407621357281702,2.26,1.51,0.75,2.914076213572817,2.91,measured_success,202
404,ppo,1000404,2354,diprotic,far,base,overlapping,2,2.661,6.41,0.09885656350172713,40,23,0.01,0,0,0,0,0,50,40,0.376082792854195,20.879999999999992,5.049999999999998,15.829999999999995,6.033917207145805,6.03,max_steps,202
404,ppo,1000404,2355,diprotic,far,base,overlapping,2,3.467,5.546,0.10127907292277256,0,0,,1,0,0,1,0,31,0,0.09922489255299016,23.250000000000032,0.0,23.250000000000032,5.44677510744701,5.45,measured_success,202
404,ppo,1000404,2356,monoprotic,medium,base,single,1,8.505,10.011,0.0815466219413397,2,1,0.04,1,0,0,1,0,12,2,0.05000257698456423,1.8199999999999998,0.08,1.7399999999999998,9.960997423015435,9.96,measured_success,202
404,ppo,1000404,2357,diprotic,near,base,separated,2,4.38,4.961,0.15309748978752774,0,0,,1,0,0,1,0,10,0,0.09314868319020242,7.089999999999997,0.0,7.089999999999997,4.867851316809798,4.87,measured_success,202
404,ppo,1000404,2358,triprotic,medium,base,separated,3,5.4,6.922,0.13831532115156084,3,0,0.155,1,1,0,1,0,5,3,0.03907466364914658,8.89,0.85,8.040000000000001,6.961074663649146,6.96,measured_success,202
404,ppo,1000404,2359,monoprotic,near,acid,single,1,7.719,7.376,0.15316469473026487,0,0,,0,0,0,0,0,50,0,0.2678898968233385,0.5000000000000002,0.5000000000000002,0.0,7.643889896823339,7.640000000000001,max_steps,202
404,ppo,1000404,2360,triprotic,near,acid,separated,3,5.069,4.412,0.11586104347548229,0,0,,1,0,0,1,0,6,0,0.07678901954172002,4.64,4.64,0.0,4.48878901954172,4.49,measured_success,202
404,ppo,1000404,2361,monoprotic,medium,acid,single,1,5.994,5.201,0.039194089970563686,2,2,0.265,1,1,0,1,0,4,2,0.014390220723540459,3.05,1.77,1.28,5.21539022072354,5.22,measured_success,202
404,ppo,1000404,2362,monoprotic,far,acid,single,1,7.836,5.733,0.10758434507232652,3,1,0.105,1,0,0,1,0,5,3,0.06374031020647575,8.91,7.63,1.28,5.669259689793524,5.67,measured_success,202
404,ppo,1000404,2363,monoprotic,near,acid,single,1,2.172,1.927,0.1559819998462608,1,0,1.06,1,1,0,1,0,1,1,0.04261732594877943,2.12,2.12,0.0,1.8843826740512206,1.8800000000000001,measured_success,202
404,ppo,1000404,2364,monoprotic,medium,acid,single,1,5.918,4.323,0.04210327188449004,1,0,2.53,1,0,0,1,0,2,1,0.08863470628115877,5.6899999999999995,5.06,0.63,4.234365293718842,4.23,measured_success,202
404,ppo,1000404,2365,monoprotic,far,acid,single,1,5.663,2.302,0.034768099495711996,1,0,3.93,1,0,0,1,0,13,1,0.0695226133109057,14.2,7.86,6.34,2.2324773866890943,2.23,measured_success,202
404,ppo,1000404,2366,monoprotic,near,base,single,1,6.228,6.593,0.1691538702584699,0,0,,1,0,0,1,0,5,0,0.09785366641568949,3.73,0.0,3.73,6.4951463335843105,6.5,measured_success,202
404,ppo,1000404,2367,monoprotic,medium,base,single,1,7.779,8.759,0.03154156513934736,0,0,,1,0,0,1,0,7,0,0.08831094471485912,1.19,0.0,1.19,8.670689055285141,8.67,measured_success,202
404,ppo,1000404,2368,triprotic,near,acid,separated,3,4.579,3.922,0.08778549640521055,1,1,0.515,1,1,0,1,0,3,1,0.029873161065354648,3.7199999999999998,3.21,0.51,3.8921268389346455,3.89,measured_success,202
404,ppo,1000404,2369,triprotic,medium,acid,separated,3,3.864,2.885,0.17314324298754255,0,0,,1,1,0,1,0,10,0,0.04271398744121946,13.06,13.06,0.0,2.9277139874412192,2.93,measured_success,202
404,ppo,1000404,2370,monoprotic,medium,base,single,1,5.629,7.438,0.031811233769190664,45,3,0.01,0,0,0,0,0,50,45,0.15191425477893272,12.799999999999994,6.079999999999997,6.719999999999995,7.5899142547789324,7.59,max_steps,202
404,ppo,1000404,2371,diprotic,medium,base,overlapping,2,3.06,3.989,0.06356940573983212,3,1,0.18,1,1,0,1,0,4,3,0.047318901476988806,4.99,0.79,4.2,4.036318901476989,4.04,measured_success,202
404,ppo,1000404,2372,diprotic,near,acid,overlapping,2,3.498,2.959,0.03748545139259014,0,0,,1,1,0,1,0,1,0,0.01409193845012302,2.18,2.18,0.0,2.973091938450123,2.97,measured_success,202
404,ppo,1000404,2373,triprotic,near,acid,separated,3,4.616,4.358,0.03306640480545436,1,1,0.755,1,0,0,1,0,2,1,0.056831493299667635,2.26,1.51,0.75,4.301168506700332,4.3,measured_success,202
404,ppo,1000404,2374,monoprotic,medium,acid,single,1,7.863,7.0,0.12329769378009432,1,0,0.155,1,1,0,1,0,6,1,0.03235180716434627,4.029999999999999,4.029999999999999,0.0,6.967648192835654,6.97,measured_success,202
404,ppo,1000404,2375,monoprotic,far,base,single,1,2.523,5.079,0.10607053011392648,6,4,0.015,1,1,0,1,0,10,6,0.009605128779376138,8.120000000000001,2.09,6.03,5.069394871220624,5.07,measured_success,202
404,ppo,1000404,2376,monoprotic,near,acid,single,1,7.802,7.495,0.14616928465235457,0,0,,0,0,0,0,0,50,0,0.2616284635336479,0.5000000000000002,0.5000000000000002,0.0,7.756628463533648,7.76,max_steps,202
404,ppo,1000404,2377,triprotic,far,base,separated,3,5.127,7.726,0.03824821994148787,7,2,0.01,1,1,0,1,0,10,7,0.018597632855430923,12.590000000000002,4.450000000000001,8.14,7.744597632855431,7.74,measured_success,202
404,ppo,1000404,2378,monoprotic,medium,acid,single,1,6.312,4.794,0.1324487753002627,3,2,0.04,1,1,0,1,0,5,3,0.003809109786403475,5.0600000000000005,4.58,0.48,4.790190890213596,4.79,measured_success,202
404,ppo,1000404,2379,monoprotic,medium,base,single,1,6.197,7.301,0.058546755632267855,3,0,0.155,1,0,0,1,0,14,3,0.08868033643371476,8.589999999999998,3.2499999999999987,5.34,7.389680336433715,7.390000000000001,measured_success,202
404,ppo,1000404,2380,triprotic,medium,acid,overlapping,3,3.461,1.678,0.04248121669645544,0,0,,1,0,0,1,0,6,0,0.05319932734009791,13.349999999999998,13.349999999999998,0.0,1.7311993273400978,1.73,measured_success,202
404,ppo,1000404,2381,triprotic,medium,acid,separated,3,6.225,4.302,0.04799430356788418,1,0,2.53,1,1,0,1,0,1,1,0.014222102704055217,5.06,5.06,0.0,4.287777897295944,4.29,measured_success,202
404,ppo,1000404,2382,diprotic,near,base,separated,2,3.166,3.701,0.06395912839032351,1,0,0.755,1,0,0,1,0,1,1,0.06907994638193893,1.51,0.0,1.51,3.770079946381939,3.77,measured_success,202
404,ppo,1000404,2383,triprotic,far,base,separated,3,6.912,10.758,0.0471474862392919,3,1,0.075,1,1,0,1,0,10,3,0.041122488984594696,14.28,5.93,8.35,10.799122488984594,10.8,measured_success,202
404,ppo,1000404,2384,diprotic,far,base,separated,2,4.239,7.394,0.07406437319333202,3,2,0.215,1,1,0,1,0,8,3,0.024033112152215708,15.25,6.630000000000001,8.62,7.418033112152216,7.42,measured_success,202
404,ppo,1000404,2385,triprotic,medium,acid,separated,3,5.484,4.026,0.04781679933675939,0,0,,1,0,0,1,0,4,0,0.059520272650432915,7.33,7.33,0.0,4.085520272650433,4.09,measured_success,202
404,ppo,1000404,2386,diprotic,near,acid,separated,2,5.483,5.157,0.058852608263473424,0,0,,1,1,0,1,0,1,0,0.029747967618265037,1.51,1.51,0.0,5.186747967618265,5.19,measured_success,202
404,ppo,1000404,2387,monoprotic,near,acid,single,1,4.98,4.365,0.1022535632915607,1,1,0.425,1,0,0,1,0,3,1,0.09131661593922047,2.78,2.36,0.42,4.27368338406078,4.2700000000000005,measured_success,202
404,ppo,1000404,2388,triprotic,near,acid,separated,3,4.863,4.496,0.04251236619429407,3,2,0.185,1,1,0,1,0,3,3,0.023490791558236523,2.63,1.88,0.75,4.472509208441764,4.47,measured_success,202
404,ppo,1000404,2389,monoprotic,near,base,single,1,6.918,7.533,0.06389040008807377,3,0,0.18,1,1,0,1,0,3,3,0.019045520122587867,3.33,0.85,2.48,7.552045520122588,7.55,measured_success,202
404,ppo,1000404,2390,diprotic,near,acid,separated,2,2.749,2.049,0.07209083233382654,0,0,,1,0,0,1,0,2,0,0.07317339738626982,5.28,5.28,0.0,2.1221733973862698,2.12,measured_success,202
404,ppo,1000404,2391,diprotic,medium,base,separated,2,1.891,2.729,0.03225778916071481,2,1,0.21,1,1,0,1,0,4,2,0.018215646810481267,4.56,0.42,4.14,2.710784353189519,2.71,measured_success,202
404,ppo,1000404,2392,diprotic,far,base,overlapping,2,2.227,4.714,0.052914866520204495,2,2,0.395,1,1,0,1,0,7,2,0.001975880791666995,15.91,0.79,15.120000000000001,4.712024119208333,4.71,measured_success,202
404,ppo,1000404,2393,triprotic,medium,base,separated,3,4.834,5.704,0.11869756072284551,0,0,,1,0,0,1,0,28,0,0.08537855663243743,9.639999999999999,0.0,9.639999999999999,5.618621443367562,5.62,measured_success,202
404,ppo,1000404,2394,triprotic,medium,acid,separated,3,5.556,4.028,0.11202513297626372,0,0,,1,0,0,1,0,13,0,0.06594212875510674,15.790000000000003,15.790000000000003,0.0,4.093942128755106,4.09,measured_success,202
404,ppo,1000404,2395,diprotic,medium,acid,separated,2,5.07,3.43,0.07423357410712217,0,0,,1,1,0,1,0,4,0,0.03033610695854927,8.86,8.86,0.0,3.4603361069585494,3.46,measured_success,202
404,ppo,1000404,2396,diprotic,far,acid,separated,2,5.496,2.879,0.11412795169945869,0,0,,1,1,0,1,0,4,0,0.03448429648929929,18.89,18.89,0.0,2.9134842964892993,2.91,measured_success,202
404,ppo,1000404,2397,diprotic,medium,base,separated,2,4.243,5.34,0.08954577071222146,3,0,0.315,1,1,0,1,0,5,3,0.04041006934793323,6.55,1.88,4.67,5.380410069347933,5.38,measured_success,202
404,ppo,1000404,2398,diprotic,medium,acid,separated,2,5.588,4.243,0.15222909795947673,0,0,,1,0,0,1,0,9,0,0.0796220738443072,10.91,10.91,0.0,4.3226220738443075,4.32,measured_success,202
404,ppo,1000404,2399,monoprotic,medium,acid,single,1,6.701,5.741,0.155172351454906,0,0,,1,0,0,1,0,7,0,0.07717945093627598,6.289999999999999,6.289999999999999,0.0,5.818179450936276,5.82,measured_success,202
404,ppo,1000404,2400,monoprotic,far,acid,single,1,7.218,4.825,0.11726519507667627,2,0,0.9,1,0,0,1,0,6,2,0.09593671847882401,15.76,13.959999999999999,1.8,4.920936718478824,4.92,measured_success,202
404,ppo,1000404,2401,monoprotic,far,acid,single,1,4.34,2.329,0.08038801163753762,1,0,2.53,1,0,0,1,0,5,1,0.08707979115695741,7.08,5.06,2.02,2.2419202088430428,2.24,measured_success,202
404,ppo,1000404,2402,monoprotic,near,acid,single,1,5.426,4.817,0.15723773148054265,0,0,,1,0,0,1,0,2,0,0.06758813306228895,2.54,2.54,0.0,4.884588133062289,4.88,measured_success,202
404,ppo,1000404,2403,monoprotic,medium,acid,single,1,3.209,1.7,0.1707781078161469,0,0,,1,1,0,1,0,2,0,0.045666796578853086,5.88,5.88,0.0,1.745666796578853,1.75,measured_success,202
404,ppo,1000404,2404,diprotic,medium,base,separated,2,4.367,5.558,0.11028113479804628,0,0,,1,0,0,1,0,20,0,0.09863176633619197,9.36,0.0,9.36,5.459368233663808,5.46,measured_success,202
404,ppo,1000404,2405,triprotic,far,base,separated,3,6.323,9.89,0.10976321649246235,3,0,0.425,1,1,0,1,0,4,3,0.021097876275447902,13.45,4.4,9.049999999999999,9.911097876275448,9.91,measured_success,202
404,ppo,1000404,2406,monoprotic,near,acid,single,1,4.095,3.818,0.07248671586750176,1,0,0.755,1,0,0,1,0,1,1,0.058536332231847954,1.51,1.51,0.0,3.759463667768152,3.7600000000000002,measured_success,202
404,ppo,1000404,2407,diprotic,medium,base,separated,2,3.673,5.29,0.05871263188520956,2,1,1.31,1,0,0,1,0,6,2,0.07099887774503078,9.71,2.62,7.09,5.219001122254969,5.22,measured_success,202
404,ppo,1000404,2408,diprotic,far,base,separated,2,3.27,6.486,0.11022853992358768,3,1,0.155,1,1,0,1,0,9,3,0.002619206858445189,22.11,1.69,20.419999999999998,6.488619206858445,6.49,measured_success,202
404,ppo,1000404,2409,monoprotic,medium,acid,single,1,9.083,8.092,0.09505681394699332,0,0,,0,0,1,0,0,50,0,0.5480084163577192,1.0200000000000007,1.0200000000000007,0.0,8.64000841635772,8.64,max_steps,202
404,ppo,1000404,2410,monoprotic,medium,base,single,1,7.3,8.675,0.09750675629370961,5,2,0.035,1,0,0,1,0,10,5,0.06061397093698062,10.08,4.78,5.3,8.735613970936981,8.74,measured_success,202
404,ppo,1000404,2411,monoprotic,near,acid,single,1,3.811,3.365,0.038964505076178414,3,2,0.09,1,0,0,1,0,5,3,0.07795414759136765,3.23,1.95,1.28,3.2870458524086326,3.29,measured_success,202
404,ppo,1000404,2412,monoprotic,medium,acid,single,1,5.668,3.893,0.11708149527780279,5,1,0.09,1,1,0,1,0,6,5,0.012831431266129734,8.669999999999998,6.089999999999999,2.58,3.88016856873387,3.88,measured_success,202
404,ppo,1000404,2413,triprotic,far,acid,separated,3,5.774,3.113,0.06752566659061414,0,0,,1,0,0,1,0,3,0,0.06415394781882933,9.57,9.57,0.0,3.1771539478188293,3.18,measured_success,202
404,ppo,1000404,2414,diprotic,far,base,separated,2,4.128,7.054,0.05126967169975792,1,0,0.425,1,0,0,1,0,16,1,0.09692381108391501,10.05,0.6000000000000001,9.450000000000001,7.150923811083915,7.15,measured_success,202
404,ppo,1000404,2415,triprotic,medium,base,separated,3,2.083,3.398,0.035794765724041853,2,0,0.425,1,1,0,1,0,2,2,0.04489771208980953,6.1,0.85,5.25,3.3531022879101906,3.35,measured_success,202
404,ppo,1000404,2416,monoprotic,medium,acid,single,1,4.704,3.216,0.04060333685563633,5,3,0.075,1,0,0,1,0,8,5,0.07373704573957962,8.93,4.930000000000001,4.0,3.1422629542604206,3.14,measured_success,202
404,ppo,1000404,2417,diprotic,near,acid,separated,2,2.536,2.263,0.0644180888847387,1,0,1.06,1,1,0,1,0,1,1,0.027730576230227122,2.12,2.12,0.0,2.235269423769773,2.24,measured_success,202
404,ppo,1000404,2418,triprotic,near,acid,separated,3,7.026,6.417,0.15789771071400358,0,0,,1,0,0,1,0,4,0,0.08015566023309084,2.7600000000000002,2.7600000000000002,0.0,6.497155660233091,6.5,measured_success,202
404,ppo,1000404,2419,triprotic,medium,acid,separated,3,8.508,6.773,0.15053673842674667,0,0,,0,0,1,0,0,50,0,1.5111969199850783,1.500000000000001,1.500000000000001,0.0,8.284196919985078,8.28,max_steps,202
404,ppo,1000404,2420,diprotic,far,acid,separated,2,6.871,4.779,0.10401550826800941,0,0,,1,0,0,1,0,7,0,0.08388511687266842,12.190000000000001,12.190000000000001,0.0,4.862885116872668,4.86,measured_success,202
404,ppo,1000404,2421,diprotic,near,base,overlapping,2,4.195,4.755,0.17837350181173886,0,0,,1,0,0,1,0,25,0,0.09039618884725353,11.790000000000003,0.0,11.790000000000003,4.664603811152746,4.66,measured_success,202
404,ppo,1000404,2422,triprotic,medium,base,separated,3,3.814,5.742,0.14520537770233205,0,0,,1,0,0,1,0,12,0,0.05516853302441316,17.149999999999995,0.0,17.149999999999995,5.686831466975587,5.69,measured_success,202
404,ppo,1000404,2423,monoprotic,medium,base,single,1,2.359,3.956,0.15031831136211415,4,3,0.075,1,1,0,1,0,8,4,0.02102976081260932,11.530000000000001,1.5699999999999998,9.96,3.9349702391873906,3.93,measured_success,202
404,ppo,1000404,2424,diprotic,near,acid,overlapping,2,4.677,4.037,0.0351529809282415,0,0,,1,0,0,1,0,2,0,0.057613547682787036,2.54,2.54,0.0,4.094613547682787,4.09,measured_success,202
404,ppo,1000404,2425,monoprotic,far,base,single,1,7.818,10.93,0.04700480223493347,1,0,3.24,1,1,0,1,0,8,1,0.015113514940427564,11.68,5.199999999999999,6.48,10.945113514940427,10.950000000000001,measured_success,202
404,ppo,1000404,2426,triprotic,near,acid,separated,3,2.549,2.233,0.16505502908996422,3,1,0.255,1,1,0,1,0,3,3,0.008365178789251804,3.66,2.63,1.03,2.2246348212107483,2.22,measured_success,202
404,ppo,1000404,2427,diprotic,near,acid,separated,2,3.62,2.943,0.032057071093142084,2,0,0.425,1,1,0,1,0,3,2,0.026423865854975137,5.359999999999999,3.48,1.88,2.969423865854975,2.97,measured_success,202
404,ppo,1000404,2428,triprotic,medium,base,separated,3,3.216,5.115,0.11287649904528262,0,0,,1,0,0,1,0,16,0,0.08158085082171951,16.330000000000002,0.0,16.330000000000002,5.033419149178281,5.03,measured_success,202
404,ppo,1000404,2429,triprotic,near,base,separated,3,8.308,8.574,0.06412413508506479,0,0,,1,0,0,1,0,37,0,0.09474726826509716,0.37000000000000016,0.0,0.37000000000000016,8.479252731734903,8.48,measured_success,202
404,ppo,1000404,2430,monoprotic,medium,base,single,1,5.028,6.925,0.05359587778385774,0,0,,1,0,0,1,0,2,0,0.0931965292710375,5.78,0.0,5.78,6.831803470728962,6.83,measured_success,202
404,ppo,1000404,2431,triprotic,far,base,overlapping,3,3.779,6.151,0.06270542278019173,5,1,0.035,1,0,0,1,0,8,5,0.07007680449130405,9.25,3.3,5.95,6.221076804491304,6.22,measured_success,202
404,ppo,1000404,2432,monoprotic,near,base,single,1,3.458,3.88,0.12647136171040152,0,0,,1,0,0,1,0,2,0,0.0818028314820074,2.36,0.0,2.36,3.7981971685179925,3.8000000000000003,measured_success,202
404,ppo,1000404,2433,triprotic,far,base,separated,3,3.394,6.003,0.03935529863967694,0,0,,1,1,0,1,0,6,0,0.027024941462954644,7.5699999999999985,0.0,7.5699999999999985,5.9759750585370455,5.98,measured_success,202
404,ppo,1000404,2434,monoprotic,medium,base,single,1,6.39,7.576,0.0952644953357925,3,1,0.085,1,0,0,1,0,5,3,0.05541878168020009,6.68,2.16,4.52,7.6314187816802,7.63,measured_success,202
404,ppo,1000404,2435,diprotic,medium,acid,separated,2,2.727,2.018,0.03185899851889618,2,0,0.425,1,1,0,1,0,3,2,0.018774759491421378,5.359999999999999,3.48,1.88,2.036774759491421,2.04,measured_success,202
404,ppo,1000404,2436,monoprotic,near,acid,single,1,7.438,7.055,0.03916719842681298,0,0,,0,0,0,0,0,50,0,0.23452939889335056,0.5000000000000002,0.5000000000000002,0.0,7.28952939889335,7.29,max_steps,202
404,ppo,1000404,2437,triprotic,medium,base,separated,3,2.104,3.207,0.08361989618483043,0,0,,1,1,0,1,0,5,0,0.041892378277156084,6.35,0.0,6.35,3.1651076217228438,3.17,measured_success,202
404,ppo,1000404,2438,monoprotic,far,acid,single,1,7.432,3.796,0.12196402739108109,5,1,0.06,0,0,0,1,1,10,5,0.1006622633265386,21.730000000000004,17.240000000000002,4.49,3.695337736673461,3.7,measured_success,202
404,ppo,1000404,2439,triprotic,near,base,separated,3,4.737,4.975,0.08797729795179429,0,0,,0,0,0,0,0,50,0,0.17280428103237,0.5000000000000002,0.0,0.5000000000000002,4.80219571896763,4.8,max_steps,202
404,ppo,1000404,2440,diprotic,near,acid,separated,2,3.029,2.776,0.16425200084770417,0,0,,1,0,0,1,0,1,0,0.08891323044167798,1.51,1.51,0.0,2.864913230441678,2.86,measured_success,202
404,ppo,1000404,2441,monoprotic,near,acid,single,1,4.357,3.685,0.03000382897467552,4,1,0.045,1,0,0,1,0,8,4,0.0628377622540559,4.960000000000001,2.6300000000000003,2.33,3.747837762254056,3.75,measured_success,202
404,ppo,1000404,2442,diprotic,medium,acid,separated,2,6.86,5.517,0.0339426893566928,3,1,0.155,1,1,0,1,0,6,3,0.03907205369158806,7.34,4.54,2.8,5.477927946308412,5.48,measured_success,202
404,ppo,1000404,2443,diprotic,far,base,separated,2,4.723,8.511,0.05777894415718936,3,0,0.035,1,0,0,1,0,5,3,0.08621479598211224,9.18,0.38,8.799999999999999,8.597214795982111,8.6,measured_success,202
404,ppo,1000404,2444,diprotic,near,acid,separated,2,5.097,4.633,0.08313793280213284,0,0,,1,1,0,1,0,3,0,0.0470994999440828,2.9899999999999998,2.9899999999999998,0.0,4.680099499944083,4.68,measured_success,202
404,ppo,1000404,2445,triprotic,near,acid,separated,3,2.436,2.05,0.17417553696930227,1,0,1.06,1,0,0,1,0,1,1,0.06267868346829486,2.12,2.12,0.0,1.987321316531705,1.99,measured_success,202
404,ppo,1000404,2446,monoprotic,medium,acid,single,1,7.714,6.45,0.05280035826312928,1,1,0.315,1,1,0,1,0,3,1,0.032641347374084084,4.81,4.5,0.31,6.417358652625916,6.42,measured_success,202
404,ppo,1000404,2447,triprotic,near,base,overlapping,3,4.035,4.596,0.16182183687241064,0,0,,1,0,0,1,0,22,0,0.09630629164241356,10.860000000000001,0.0,10.860000000000001,4.4996937083575865,4.5,measured_success,202
404,ppo,1000404,2448,monoprotic,medium,acid,single,1,3.218,1.508,0.03617284911521227,0,0,,1,0,0,1,0,1,0,0.07932213604934146,5.06,5.06,0.0,1.5873221360493415,1.59,measured_success,202
404,ppo,1000404,2449,monoprotic,medium,base,single,1,8.966,9.834,0.16311821380581687,0,0,,1,0,0,1,0,16,0,0.09587176340091474,2.7199999999999993,0.0,2.7199999999999993,9.738128236599085,9.74,measured_success,202
404,ppo,1000404,2450,diprotic,far,base,separated,2,4.844,7.86,0.1510947596919827,43,3,0.01,0,0,0,0,0,50,43,0.1840884496365467,13.35999999999999,3.599999999999996,9.759999999999994,8.044088449636547,8.040000000000001,max_steps,202
404,ppo,1000404,2451,triprotic,far,base,overlapping,3,4.726,7.11,0.14106323514800528,44,24,0.01,0,0,0,0,0,50,44,0.17640620882075186,11.139999999999993,4.779999999999998,6.359999999999996,6.9335937911792485,6.93,max_steps,202
404,ppo,1000404,2452,monoprotic,near,base,single,1,5.61,6.199,0.12867082554111992,0,0,,1,1,0,1,0,3,0,0.04695908858472464,3.5300000000000002,0.0,3.5300000000000002,6.152040911415275,6.15,measured_success,202
404,ppo,1000404,2453,monoprotic,far,base,single,1,3.941,6.152,0.08178825292226624,44,4,0.01,0,0,0,0,0,50,44,0.20189521860215986,11.549999999999994,5.189999999999997,6.359999999999996,5.95010478139784,5.95,max_steps,202
404,ppo,1000404,2454,monoprotic,near,acid,single,1,4.982,4.483,0.14929108560070872,0,0,,1,0,0,1,0,2,0,0.05655432531381255,2.36,2.36,0.0,4.539554325313812,4.54,measured_success,202
404,ppo,1000404,2455,triprotic,near,acid,separated,3,3.859,3.165,0.051732827595663854,1,0,1.74,1,1,0,1,0,1,1,0.028151926985861664,3.48,3.48,0.0,3.1368480730141384,3.14,measured_success,202
404,ppo,1000404,2456,diprotic,near,acid,separated,2,6.643,6.012,0.050907595915844026,0,0,,1,0,0,1,0,2,0,0.08459349890604084,2.14,2.14,0.0,6.09659349890604,6.1000000000000005,measured_success,202
404,ppo,1000404,2457,diprotic,medium,acid,separated,2,5.165,4.443,0.17531338870765098,0,0,,1,0,0,1,0,10,0,0.07589655415782914,6.989999999999998,6.989999999999998,0.0,4.518896554157829,4.5200000000000005,measured_success,202
404,ppo,1000404,2458,diprotic,medium,acid,overlapping,2,3.759,2.987,0.04883402379728431,1,0,0.425,1,1,0,1,0,4,1,0.00308839155774443,7.16,7.16,0.0,2.9839116084422557,2.98,measured_success,202
404,ppo,1000404,2459,triprotic,far,base,separated,3,3.24,6.896,0.09701490025945886,0,0,,1,0,0,1,0,10,0,0.07973241121526886,27.32,0.0,27.32,6.816267588784731,6.82,measured_success,202
404,ppo,1000404,2460,diprotic,far,acid,overlapping,2,5.328,1.991,0.08923230673408379,0,0,,0,0,0,1,1,4,0,0.10252200661690347,18.96,18.96,0.0,2.0935220066169036,2.09,measured_success,202
404,ppo,1000404,2461,diprotic,medium,acid,separated,2,5.744,4.681,0.03178991600882893,3,1,0.155,1,0,0,1,0,5,3,0.09170535494871235,7.25,4.6,2.65,4.589294645051288,4.59,measured_success,202
404,ppo,1000404,2462,monoprotic,medium,acid,single,1,3.913,2.249,0.06244534041839395,1,0,2.53,1,1,0,1,0,5,1,0.036358136872529645,7.08,5.06,2.02,2.2126418631274705,2.21,measured_success,202
404,ppo,1000404,2463,monoprotic,near,base,single,1,8.081,8.293,0.056242175331367106,0,0,,1,0,0,1,0,27,0,0.09631850299140865,0.2700000000000001,0.0,0.2700000000000001,8.19668149700859,8.2,measured_success,202
404,ppo,1000404,2464,diprotic,far,base,overlapping,2,4.89,8.083,0.03511536423019623,44,43,0.01,0,0,1,0,0,50,44,1.5715168446590457,15.009999999999994,7.409999999999998,7.599999999999996,6.5114831553409545,6.51,max_steps,202
404,ppo,1000404,2465,monoprotic,near,acid,single,1,6.68,5.986,0.05913903900014707,0,0,,1,1,0,1,0,2,0,0.02521848113029801,2.14,2.14,0.0,6.011218481130298,6.01,measured_success,202
404,ppo,1000404,2466,triprotic,far,acid,separated,3,7.076,4.848,0.13893523375325892,0,0,,1,0,0,1,0,18,0,0.08763727795742593,21.849999999999987,21.849999999999987,0.0,4.935637277957426,4.94,measured_success,202
404,ppo,1000404,2467,triprotic,far,base,separated,3,6.811,9.321,0.08698860714550993,5,4,0.04,1,1,0,1,0,12,5,0.02708195174946404,17.21,7.71,9.5,9.348081951749464,9.35,measured_success,202
404,ppo,1000404,2468,monoprotic,near,base,single,1,2.896,3.142,0.10321644569177713,2,1,0.375,1,1,0,1,0,2,2,0.034210942679774536,2.26,0.75,1.51,3.1077890573202254,3.11,measured_success,202
404,ppo,1000404,2469,monoprotic,medium,base,single,1,5.815,7.486,0.07665292490655877,4,1,0.06,1,0,0,1,0,9,4,0.08385224609255904,8.889999999999999,2.97,5.919999999999999,7.402147753907441,7.4,measured_success,202
404,ppo,1000404,2470,triprotic,medium,base,separated,3,8.737,9.709,0.049484441777012396,1,0,0.085,1,1,0,1,0,3,1,0.006246902800135956,0.51,0.0,0.51,9.715246902800136,9.72,measured_success,202
404,ppo,1000404,2471,triprotic,near,acid,separated,3,6.257,5.802,0.1597304406198164,0,0,,1,0,0,1,0,5,0,0.09487973709841668,3.0700000000000003,3.0700000000000003,0.0,5.896879737098416,5.9,measured_success,202
404,ppo,1000404,2472,monoprotic,medium,base,single,1,1.871,3.302,0.052715481447966686,3,1,0.155,1,1,0,1,0,6,3,0.027098963728076075,9.02,2.07,6.949999999999999,3.329098963728076,3.33,measured_success,202
404,ppo,1000404,2473,diprotic,medium,acid,separated,2,5.38,3.973,0.10000758223277503,0,0,,1,0,0,1,0,7,0,0.09074044830047878,10.41,10.41,0.0,4.063740448300479,4.0600000000000005,measured_success,202
404,ppo,1000404,2474,monoprotic,far,acid,single,1,6.059,2.482,0.07854106944980853,2,0,0.155,1,0,0,1,0,10,2,0.05856749321337151,12.35,7.86,4.489999999999999,2.5405674932133717,2.54,measured_success,202
404,ppo,1000404,2475,monoprotic,near,acid,single,1,2.844,2.155,0.10457875764174074,1,0,0.9,1,1,0,1,0,2,1,0.01663974217190356,5.28,5.28,0.0,2.1383602578280962,2.14,measured_success,202
404,ppo,1000404,2476,monoprotic,near,base,single,1,4.242,4.828,0.1659317421663473,0,0,,1,0,0,1,0,3,0,0.05377038357788688,4.6899999999999995,0.0,4.6899999999999995,4.774229616422113,4.7700000000000005,measured_success,202
404,ppo,1000404,2477,monoprotic,far,acid,single,1,8.55,6.105,0.0787647371912956,0,0,,0,0,1,0,0,50,0,2.195868121330488,1.500000000000001,1.500000000000001,0.0,8.300868121330488,8.3,max_steps,202
404,ppo,1000404,2478,diprotic,medium,base,separated,2,4.225,5.227,0.10769322231330779,0,0,,1,0,0,1,0,5,0,0.056234715796209755,5.529999999999999,0.0,5.529999999999999,5.170765284203791,5.17,measured_success,202
404,ppo,1000404,2479,monoprotic,medium,acid,single,1,6.011,4.594,0.04304252284819101,2,0,0.9,1,0,0,1,0,2,2,0.08554707603583278,5.67,3.87,1.8,4.679547076035833,4.68,measured_success,202
404,ppo,1000404,2480,diprotic,medium,base,separated,2,5.436,6.757,0.03837744939719764,6,4,0.015,1,1,0,1,0,11,6,0.040545034143869785,12.430000000000001,6.040000000000002,6.39,6.71645496585613,6.72,measured_success,202
404,ppo,1000404,2481,monoprotic,far,acid,single,1,7.232,5.018,0.04333667175453283,6,3,0.02,1,1,0,1,0,8,6,0.013805562194876053,8.91,6.6899999999999995,2.2199999999999998,5.031805562194876,5.03,measured_success,202
404,ppo,1000404,2482,diprotic,near,acid,separated,2,4.885,4.187,0.05558989211110632,0,0,,1,1,0,1,0,2,0,0.04441733549145699,2.54,2.54,0.0,4.231417335491457,4.23,measured_success,202
404,ppo,1000404,2483,monoprotic,medium,acid,single,1,5.621,4.298,0.08615390922691443,0,0,,1,1,0,1,0,2,1,0.0014178472711030565,5.67,5.67,0.0,4.296582152728897,4.3,measured_success,202
404,ppo,1000404,2484,monoprotic,near,acid,single,1,6.749,6.403,0.0343341120867853,0,0,,1,0,0,1,0,39,0,0.09580483959600539,0.3900000000000002,0.3900000000000002,0.0,6.498804839596005,6.5,measured_success,202
404,ppo,1000404,2485,monoprotic,far,acid,single,1,6.526,3.655,0.13390348450924988,5,1,0.09,1,0,0,1,0,9,5,0.06674736913989454,18.34,14.290000000000001,4.05,3.5882526308601053,3.59,measured_success,202
404,ppo,1000404,2486,diprotic,far,acid,separated,2,5.276,3.115,0.12561087664300216,0,0,,1,0,0,1,0,5,0,0.05733292838900361,13.94,13.94,0.0,3.172332928389004,3.17,measured_success,202
404,ppo,1000404,2487,monoprotic,near,acid,single,1,4.071,3.605,0.10003458050524876,0,0,,1,0,0,1,0,2,0,0.09140224934467556,2.54,2.54,0.0,3.6964022493446755,3.7,measured_success,202
404,ppo,1000404,2488,monoprotic,far,base,single,1,2.329,5.903,0.10600910905103945,7,1,0.01,1,1,0,1,0,10,7,0.04836498297358727,18.099999999999998,2.9599999999999995,15.139999999999999,5.951364982973587,5.95,measured_success,202
404,ppo,1000404,2489,monoprotic,medium,acid,single,1,7.385,5.652,0.10443505414974305,1,0,0.315,1,0,0,1,0,5,1,0.09346575063541263,10.88,10.88,0.0,5.5585342493645875,5.5600000000000005,measured_success,202
404,ppo,1000404,2490,monoprotic,near,base,single,1,7.697,8.179,0.05042842851667777,2,0,0.315,1,1,0,1,0,2,2,0.012377002483239252,2.75,0.63,2.12,8.166622997516761,8.17,measured_success,202
404,ppo,1000404,2491,monoprotic,near,acid,single,1,6.377,5.785,0.04689915519097803,3,3,0.085,1,0,0,1,0,7,3,0.09639598305504293,3.58,1.89,1.69,5.688604016944957,5.69,measured_success,202
404,ppo,1000404,2492,monoprotic,medium,acid,single,1,5.292,3.878,0.16576255564173453,0,0,,1,0,0,1,0,11,0,0.09227719445356009,13.480000000000002,13.480000000000002,0.0,3.97027719445356,3.97,measured_success,202
404,ppo,1000404,2493,diprotic,medium,acid,separated,2,3.835,1.881,0.09507163147728778,0,0,,1,1,0,1,0,1,0,0.04804254252069273,5.06,5.06,0.0,1.9290425425206927,1.93,measured_success,202
404,ppo,1000404,2494,triprotic,near,acid,separated,3,5.289,4.677,0.12995948361257117,0,0,,1,0,0,1,0,4,0,0.06995754775208773,3.48,3.48,0.0,4.746957547752087,4.75,measured_success,202
404,ppo,1000404,2495,diprotic,near,acid,separated,2,3.076,2.437,0.08532273899602019,2,1,0.45,1,1,0,1,0,3,2,0.045808297947228294,6.180000000000001,5.28,0.9,2.482808297947228,2.48,measured_success,202
404,ppo,1000404,2496,diprotic,far,base,separated,2,4.032,8.015,0.1627540801348967,43,20,0.01,0,0,1,0,0,50,43,0.7737648536411683,18.27999999999999,2.3499999999999956,15.929999999999994,8.788764853641169,8.790000000000001,max_steps,202
404,ppo,1000404,2497,monoprotic,medium,base,single,1,7.71,9.389,0.03723365414031373,2,0,0.9,1,0,0,1,0,2,2,0.057046484365159245,7.05,1.8,5.25,9.33195351563484,9.33,measured_success,202
404,ppo,1000404,2498,diprotic,medium,acid,separated,2,5.553,4.368,0.03530001285326108,0,0,,1,1,0,1,0,3,0,0.031004028858129473,4.81,4.81,0.0,4.39900402885813,4.4,measured_success,202
404,ppo,1000404,2499,diprotic,near,acid,overlapping,2,6.032,5.701,0.051452586509451774,1,0,0.755,1,0,0,1,0,1,1,0.0781505934375355,1.51,1.51,0.0,5.622849406562464,5.62,measured_success,202
404,ppo,1000404,2500,monoprotic,medium,acid,single,1,2.972,1.817,0.030269368674115192,1,0,1.935,1,0,0,1,0,1,1,0.09928726281199363,3.87,3.87,0.0,1.7177127371880063,1.72,measured_success,202
404,ppo,1000404,2501,triprotic,near,acid,separated,3,2.726,2.344,0.07999231940416758,3,1,0.255,1,1,0,1,0,3,3,0.018399296129937515,3.66,2.63,1.03,2.3256007038700623,2.33,measured_success,202
404,ppo,1000404,2502,diprotic,near,acid,overlapping,2,3.008,2.508,0.1595376200031675,0,0,,1,0,0,1,0,8,0,0.09272992368561805,8.979999999999999,8.979999999999999,0.0,2.600729923685618,2.6,measured_success,202
404,ppo,1000404,2503,monoprotic,near,acid,single,1,3.7,3.263,0.048140383570957526,3,2,0.185,1,0,0,1,0,3,3,0.08738820339753772,2.63,1.88,0.75,3.175611796602462,3.18,measured_success,202
404,ppo,1000404,2504,monoprotic,medium,base,single,1,9.118,10.488,0.054832298458995433,3,2,0.01,1,1,0,1,0,7,3,0.03452702488591086,0.6900000000000001,0.16,0.53,10.52252702488591,10.52,measured_success,202
404,ppo,1000404,2505,triprotic,far,base,separated,3,2.304,5.258,0.14697567392219013,0,0,,1,1,0,1,0,6,0,0.049434672925779743,17.580000000000002,0.0,17.580000000000002,5.20856532707422,5.21,measured_success,202
404,ppo,1000404,2506,monoprotic,medium,acid,single,1,5.731,5.01,0.16851172025174244,0,0,,1,0,0,1,0,7,0,0.06884115773486243,4.779999999999999,4.779999999999999,0.0,5.078841157734862,5.08,measured_success,202
404,ppo,1000404,2507,monoprotic,far,base,single,1,7.307,10.391,0.03227178151086607,2,0,0.765,1,1,0,1,0,3,2,0.042415881835923486,9.82,3.34,6.48,10.348584118164077,10.35,measured_success,202
404,ppo,1000404,2508,monoprotic,medium,acid,single,1,3.468,2.457,0.09967992323286456,3,1,0.155,1,1,0,1,0,5,3,0.02148607529985025,6.4799999999999995,4.6,1.88,2.4355139247001496,2.44,measured_success,202
404,ppo,1000404,2509,diprotic,medium,base,separated,2,7.902,9.694,0.15812248267069307,6,1,0.02,1,1,0,1,0,12,6,0.0176544156334284,11.53,5.12,6.409999999999999,9.676345584366572,9.68,measured_success,202
404,ppo,1000404,2510,monoprotic,far,base,single,1,3.59,6.066,0.06683704401691273,44,2,0.01,0,0,0,0,0,50,44,0.1504523127796391,10.039999999999992,3.8099999999999956,6.229999999999996,5.915547687220361,5.92,max_steps,202
404,ppo,1000404,2511,monoprotic,medium,acid,single,1,4.195,3.161,0.06761585489176594,3,1,0.155,1,0,0,1,0,5,3,0.08618971662811381,7.25,4.6,2.65,3.074810283371886,3.0700000000000003,measured_success,202
404,ppo,1000404,2512,diprotic,medium,base,separated,2,4.382,6.276,0.07359114142881482,4,1,0.06,1,0,0,1,0,11,4,0.0757051181626629,9.969999999999999,2.89,7.079999999999999,6.200294881837337,6.2,measured_success,202
404,ppo,1000404,2513,monoprotic,medium,acid,single,1,7.517,6.433,0.05850597447143822,0,0,,1,0,0,1,0,1,0,0.09957038699939957,3.87,3.87,0.0,6.532570386999399,6.53,measured_success,202
404,ppo,1000404,2514,diprotic,medium,acid,separated,2,3.475,1.729,0.059844576064304884,0,0,,1,0,0,1,0,5,0,0.06480189519947688,10.389999999999999,10.389999999999999,0.0,1.793801895199477,1.79,measured_success,202
404,ppo,1000404,2515,diprotic,medium,base,separated,2,3.525,4.642,0.06466359456246744,0,0,,1,1,0,1,0,6,0,0.04390777571398541,6.3599999999999985,0.0,6.3599999999999985,4.598092224286015,4.6000000000000005,measured_success,202
404,ppo,1000404,2516,diprotic,far,base,separated,2,3.127,5.937,0.04072559749726881,3,2,0.18,1,1,0,1,0,6,3,0.012458543946064715,12.69,3.4200000000000004,9.27,5.949458543946065,5.95,measured_success,202
404,ppo,1000404,2517,diprotic,medium,base,separated,2,6.614,7.482,0.0595587010140427,2,0,0.075,1,1,0,1,0,6,2,0.00412721204853117,3.98,1.79,2.19,7.477872787951469,7.48,measured_success,202
404,ppo,1000404,2518,monoprotic,medium,base,single,1,4.199,4.986,0.06129032176974656,2,1,0.425,1,1,0,1,0,4,2,0.0018270699909921362,4.38,1.7,2.6799999999999997,4.984172930009008,4.98,measured_success,202
404,ppo,1000404,2519,triprotic,near,acid,overlapping,3,4.05,3.51,0.048723265279649194,0,0,,1,0,0,1,0,8,0,0.06910037287799398,6.44,6.44,0.0,3.5791003728779938,3.58,measured_success,202
404,ppo,1000404,2520,diprotic,medium,acid,separated,2,3.832,2.351,0.04560541505485602,2,0,0.155,1,1,0,1,0,5,2,0.03509053080126723,7.04,5.25,1.79,2.386090530801267,2.39,measured_success,202
404,ppo,1000404,2521,diprotic,medium,acid,separated,2,6.101,4.372,0.16515599398699862,0,0,,0,0,0,1,1,21,0,0.10140452466826666,21.84999999999999,21.84999999999999,0.0,4.4734045246682665,4.47,measured_success,202
404,ppo,1000404,2522,monoprotic,near,base,single,1,7.238,7.823,0.09647041181526943,4,2,0.075,1,0,0,1,0,5,4,0.07169493137446814,4.0600000000000005,1.63,2.43,7.751305068625532,7.75,measured_success,202
404,ppo,1000404,2523,triprotic,near,acid,separated,3,2.92,2.34,0.04928048723313996,2,2,0.515,1,1,0,1,0,4,2,0.0029468561629588663,6.76,3.99,2.77,2.3429468561629587,2.34,measured_success,202
404,ppo,1000404,2524,monoprotic,far,base,single,1,8.734,10.938,0.044764556705445026,0,0,,1,0,0,1,0,4,0,0.05420658033810888,1.46,0.0,1.46,10.883793419661892,10.88,measured_success,202
404,ppo,1000404,2525,monoprotic,medium,base,single,1,3.599,4.83,0.06086581410671637,1,0,2.625,1,0,0,1,0,3,1,0.07214752420322945,6.73,1.48,5.25,4.9021475242032295,4.9,measured_success,202
404,ppo,1000404,2526,diprotic,medium,base,separated,2,7.524,9.229,0.06057550926928873,6,3,0.01,1,1,0,1,0,11,6,0.024901716590832734,12.08,5.9,6.18,9.204098283409166,9.200000000000001,measured_success,202
404,ppo,1000404,2527,monoprotic,near,acid,single,1,9.082,8.671,0.060142002411326057,0,0,,0,0,0,0,0,50,0,0.2454989256989677,0.5000000000000002,0.5000000000000002,0.0,8.916498925698967,8.92,max_steps,202
404,ppo,1000404,2528,triprotic,near,base,separated,3,2.574,3.249,0.123189392203191,0,0,,0,0,0,1,1,4,0,0.10261162354671471,4.77,0.0,4.77,3.1463883764532854,3.15,measured_success,202
404,ppo,1000404,2529,monoprotic,medium,acid,single,1,3.288,2.174,0.07849362532742873,1,0,1.935,1,1,0,1,0,3,1,0.021678397255256332,5.75,3.87,1.88,2.1523216027447436,2.15,measured_success,202
404,ppo,1000404,2530,monoprotic,medium,base,single,1,5.428,7.121,0.07532200359218298,0,0,,1,0,0,1,0,2,0,0.09013566791279182,5.78,0.0,5.78,7.030864332087209,7.03,measured_success,202
404,ppo,1000404,2531,diprotic,near,base,separated,2,6.462,7.099,0.07873856760100476,2,0,0.075,1,0,0,1,0,5,2,0.08831224390750592,3.91,1.79,2.12,7.010687756092494,7.01,measured_success,202
404,ppo,1000404,2532,monoprotic,medium,acid,single,1,5.239,3.721,0.06975804797345762,0,0,,1,0,0,1,0,1,0,0.08377200721119316,5.06,5.06,0.0,3.8047720072111932,3.8000000000000003,measured_success,202
404,ppo,1000404,2533,diprotic,medium,acid,overlapping,2,4.959,3.789,0.13223085113486932,0,0,,1,0,0,1,0,13,0,0.0662292989468738,17.090000000000003,17.090000000000003,0.0,3.855229298946874,3.86,measured_success,202
404,ppo,1000404,2534,triprotic,medium,acid,separated,3,4.972,3.689,0.11689775669309473,0,0,,1,0,0,1,0,12,0,0.06949321595997837,14.610000000000003,14.610000000000003,0.0,3.7584932159599784,3.7600000000000002,measured_success,202
404,ppo,1000404,2535,diprotic,medium,acid,separated,2,6.147,5.078,0.16255835058436974,0,0,,1,0,0,1,0,7,0,0.09609716756275954,8.26,8.26,0.0,5.17409716756276,5.17,measured_success,202
404,ppo,1000404,2536,triprotic,near,base,overlapping,3,3.846,4.447,0.04666929752879512,0,0,,1,0,0,1,0,3,0,0.09260262801887809,4.6899999999999995,0.0,4.6899999999999995,4.354397371981122,4.3500000000000005,measured_success,202
404,ppo,1000404,2537,diprotic,medium,base,separated,2,6.552,7.293,0.042689667138094314,2,0,0.06,1,0,0,1,0,12,2,0.06011202691689821,4.089999999999999,1.9100000000000001,2.179999999999999,7.232887973083102,7.23,measured_success,202
404,ppo,1000404,2538,diprotic,medium,acid,separated,2,4.637,2.987,0.05793349317985547,1,0,0.515,1,1,0,1,0,4,1,0.02428176909175761,9.589999999999998,9.589999999999998,0.0,2.9627182309082425,2.96,measured_success,202
404,ppo,1000404,2539,triprotic,near,acid,separated,3,1.861,1.616,0.14278516598073662,0,0,,1,1,0,1,0,2,0,0.04851622626171448,3.1500000000000004,3.1500000000000004,0.0,1.6645162262617146,1.6600000000000001,measured_success,202
404,ppo,1000404,2540,triprotic,near,acid,separated,3,6.165,5.519,0.050687717258100604,0,0,,1,0,0,1,0,1,0,0.05450289946043618,1.51,1.51,0.0,5.573502899460436,5.57,measured_success,202
404,ppo,1000404,2541,monoprotic,medium,base,single,1,3.046,4.794,0.11697418622609279,0,0,,1,1,0,1,0,7,0,0.021769288975046486,7.929999999999999,0.0,7.929999999999999,4.772230711024953,4.7700000000000005,measured_success,202
404,ppo,1000404,2542,monoprotic,near,acid,single,1,4.659,3.975,0.11543108808208519,0,0,,1,1,0,1,0,4,0,0.002674955213480157,5.42,5.42,0.0,3.9776749552134802,3.98,measured_success,202
404,ppo,1000404,2543,triprotic,near,base,separated,3,5.938,6.335,0.034079771808034565,3,1,0.155,1,0,0,1,0,4,3,0.07866821038131011,4.12,1.69,2.43,6.41366821038131,6.41,measured_success,202
404,ppo,1000404,2544,diprotic,near,base,separated,2,5.362,5.625,0.14277012465444272,0,0,,0,0,0,0,0,50,0,0.2104919902599356,0.5000000000000002,0.0,0.5000000000000002,5.414508009740064,5.41,max_steps,202
404,ppo,1000404,2545,diprotic,far,acid,separated,2,4.207,1.604,0.16268980022344953,0,0,,1,0,0,1,0,1,0,0.075694385177691,6.07,6.07,0.0,1.679694385177691,1.68,measured_success,202
404,ppo,1000404,2546,diprotic,medium,base,separated,2,3.454,4.154,0.15478618482542095,0,0,,1,0,0,1,0,3,0,0.06447608792171167,4.6899999999999995,0.0,4.6899999999999995,4.089523912078288,4.09,measured_success,202
404,ppo,1000404,2547,monoprotic,near,base,single,1,4.06,4.726,0.1093074846319604,1,1,0.515,1,1,0,1,0,3,1,0.034492550662130306,3.8,0.51,3.29,4.76049255066213,4.76,measured_success,202
404,ppo,1000404,2548,triprotic,near,acid,separated,3,5.353,5.098,0.13617808171337878,0,0,,0,0,0,0,0,50,0,0.20692950645613895,0.5000000000000002,0.5000000000000002,0.0,5.304929506456139,5.3,max_steps,202
404,ppo,1000404,2549,monoprotic,medium,base,single,1,3.598,4.826,0.10556743708278926,4,3,0.105,1,0,0,1,0,7,4,0.09979510193107455,9.209999999999999,3.44,5.77,4.726204898068925,4.73,measured_success,202
404,ppo,1000404,2550,monoprotic,near,base,single,1,2.8,3.232,0.03837638421678002,2,1,0.375,1,1,0,1,0,2,2,0.010439160510374634,2.26,0.75,1.51,3.2215608394896256,3.22,measured_success,202
404,ppo,1000404,2551,diprotic,far,acid,separated,2,4.927,2.313,0.05582508898491075,2,0,0.315,1,0,0,1,0,3,2,0.09244975090989671,10.340000000000002,9.71,0.63,2.405449750909897,2.41,measured_success,202
404,ppo,1000404,2552,triprotic,near,acid,separated,3,3.914,3.293,0.03818938951669664,1,0,0.515,1,1,0,1,0,2,1,0.038670519099762046,3.21,3.21,0.0,3.254329480900238,3.25,measured_success,202
404,ppo,1000404,2553,monoprotic,near,base,single,1,5.355,5.604,0.04746731876809948,0,0,,1,0,0,1,0,31,0,0.09788792127683532,0.3100000000000001,0.0,0.3100000000000001,5.506112078723165,5.51,measured_success,202
404,ppo,1000404,2554,triprotic,medium,acid,separated,3,5.548,3.837,0.06568275432457539,0,0,,1,0,0,1,0,1,0,0.09763313202588142,5.06,5.06,0.0,3.9346331320258816,3.93,measured_success,202
404,ppo,1000404,2555,monoprotic,near,acid,single,1,8.023,7.624,0.056553146029917796,0,0,,0,0,0,0,0,50,0,0.1656119514859773,0.5000000000000002,0.5000000000000002,0.0,7.789611951485977,7.79,max_steps,202
404,ppo,1000404,2556,triprotic,near,base,overlapping,3,2.383,2.942,0.04057993632058547,1,0,0.425,1,1,0,1,0,2,1,0.042381433457840956,2.36,0.0,2.36,2.984381433457841,2.98,measured_success,202
404,ppo,1000404,2557,monoprotic,near,base,single,1,2.949,3.367,0.05135105352968908,3,2,0.185,1,1,0,1,0,3,3,0.014305767660421687,2.63,0.75,1.88,3.3813057676604217,3.38,measured_success,202
404,ppo,1000404,2558,monoprotic,medium,acid,single,1,7.594,6.01,0.031729804100195144,7,5,0.01,1,1,0,1,0,10,7,0.022063428657098427,11.819999999999999,6.309999999999999,5.51,5.987936571342901,5.99,measured_success,202
404,ppo,1000404,2559,monoprotic,medium,acid,single,1,6.469,4.921,0.06225280420990974,6,4,0.05,1,0,0,1,0,9,6,0.08111585633977203,7.75,4.97,2.7800000000000002,5.002115856339772,5.0,measured_success,202
404,ppo,1000404,2560,triprotic,near,acid,separated,3,7.214,7.006,0.1777280392145107,0,0,,0,0,0,0,0,50,0,0.14740129073164532,0.5000000000000002,0.5000000000000002,0.0,7.1534012907316455,7.15,max_steps,202
404,ppo,1000404,2561,monoprotic,near,base,single,1,1.998,2.277,0.03298882691602037,2,1,0.375,1,1,0,1,0,2,2,0.017137639928469284,2.26,0.75,1.51,2.259862360071531,2.2600000000000002,measured_success,202
404,ppo,1000404,2562,diprotic,near,base,separated,2,2.797,3.312,0.08996889404898763,1,1,0.425,1,0,0,1,0,3,1,0.05691941138095791,2.78,0.42,2.36,3.3689194113809577,3.37,measured_success,202
404,ppo,1000404,2563,monoprotic,medium,acid,single,1,7.394,6.529,0.07822366042333927,1,0,1.06,1,1,0,1,0,1,1,0.0295770997743805,2.12,2.12,0.0,6.499422900225619,6.5,measured_success,202
404,ppo,1000404,2564,triprotic,near,base,separated,3,3.515,4.022,0.06326885621273404,0,0,,1,0,0,1,0,1,0,0.08411930548805824,2.26,0.0,2.26,3.937880694511942,3.94,measured_success,202
404,ppo,1000404,2565,diprotic,near,base,separated,2,5.555,5.798,0.04611892712273271,0,0,,0,0,0,1,1,43,0,0.10095669175209032,0.4300000000000002,0.0,0.4300000000000002,5.69704330824791,5.7,measured_success,202
404,ppo,1000404,2566,monoprotic,medium,acid,single,1,3.566,1.962,0.0984451251273344,1,0,0.515,1,1,0,1,0,4,1,0.03811702143618034,9.589999999999998,9.589999999999998,0.0,1.9238829785638196,1.92,measured_success,202
404,ppo,1000404,2567,triprotic,near,acid,separated,3,5.145,4.749,0.12293886957968798,0,0,,1,1,0,1,0,2,0,0.002234397731517568,2.36,2.36,0.0,4.751234397731517,4.75,measured_success,202
404,ppo,1000404,2568,monoprotic,near,acid,single,1,5.244,5.039,0.045431722948930275,0,0,,1,0,0,1,0,14,0,0.09054045367499697,0.13999999999999999,0.13999999999999999,0.0,5.129540453674997,5.13,measured_success,202
404,ppo,1000404,2569,monoprotic,far,acid,single,1,5.341,2.267,0.09823035412093457,1,0,1.82,1,0,0,1,0,4,1,0.05897629192182796,14.930000000000001,14.3,0.63,2.208023708078172,2.21,measured_success,202
404,ppo,1000404,2570,monoprotic,near,base,single,1,7.828,8.387,0.17588736468854355,0,0,,1,0,0,1,0,6,0,0.07301687082435038,4.979999999999999,0.0,4.979999999999999,8.31398312917565,8.31,measured_success,202
404,ppo,1000404,2571,triprotic,medium,acid,overlapping,3,4.678,2.681,0.04546282185343544,0,0,,1,0,0,1,0,6,0,0.09319208468891471,11.239999999999998,11.239999999999998,0.0,2.7741920846889148,2.77,measured_success,202
404,ppo,1000404,2572,diprotic,medium,base,separated,2,5.551,7.46,0.08648645791151663,4,1,0.115,1,0,0,1,0,4,4,0.06515646635862904,8.95,2.85,6.1,7.394843533641371,7.390000000000001,measured_success,202
404,ppo,1000404,2573,triprotic,far,acid,separated,3,5.299,1.776,0.09568836090069846,0,0,,1,0,0,1,0,9,0,0.05847102193933673,23.300000000000004,23.300000000000004,0.0,1.8344710219393368,1.83,measured_success,202
404,ppo,1000404,2574,triprotic,far,acid,separated,3,5.036,1.951,0.08649461632726338,0,0,,1,0,0,1,0,12,0,0.07374447696740694,27.98000000000001,27.98000000000001,0.0,2.024744476967407,2.02,measured_success,202
404,ppo,1000404,2575,triprotic,medium,base,overlapping,3,2.915,4.428,0.03812890836073816,3,2,0.155,1,0,0,1,0,6,3,0.061094881590935124,9.719999999999999,2.77,6.949999999999999,4.489094881590935,4.49,measured_success,202
404,ppo,1000404,2576,monoprotic,near,base,single,1,1.783,2.182,0.15479609459580065,0,0,,1,0,0,1,0,4,0,0.06484953506272317,4.63,0.0,4.63,2.1171504649372768,2.12,measured_success,202
404,ppo,1000404,2577,diprotic,near,acid,overlapping,2,2.822,2.385,0.13844166611114841,0,0,,1,0,0,1,0,8,0,0.07817411980701383,8.979999999999999,8.979999999999999,0.0,2.4631741198070136,2.46,measured_success,202
404,ppo,1000404,2578,monoprotic,medium,base,single,1,6.245,7.054,0.03761006844393782,2,1,0.18,1,0,0,1,0,4,2,0.05914871282829637,3.5100000000000002,1.21,2.3000000000000003,6.994851287171704,6.99,measured_success,202
404,ppo,1000404,2579,diprotic,medium,base,separated,2,2.149,3.826,0.09308999092747217,0,0,,1,0,0,1,0,5,0,0.05122856946950316,11.219999999999999,0.0,11.219999999999999,3.774771430530497,3.77,measured_success,202
404,ppo,1000404,2580,monoprotic,medium,acid,single,1,4.58,3.503,0.09869378995767167,1,0,0.315,1,1,0,1,0,3,1,0.029431723666502485,4.81,4.5,0.31,3.4735682763334976,3.47,measured_success,202
404,ppo,1000404,2581,diprotic,near,acid,separated,2,5.948,5.528,0.04146696858828094,2,0,0.315,1,0,0,1,0,2,2,0.06945251425015453,2.14,1.51,0.63,5.597452514250154,5.6000000000000005,measured_success,202
404,ppo,1000404,2582,triprotic,far,base,separated,3,2.133,4.14,0.09598083784731051,0,0,,1,0,0,1,0,19,0,0.072427041789207,21.059999999999988,0.0,21.059999999999988,4.067572958210793,4.07,measured_success,202
404,ppo,1000404,2583,diprotic,near,base,separated,2,7.391,7.691,0.12850979004787394,0,0,,0,0,0,0,0,50,0,0.18845079176675217,0.5000000000000002,0.0,0.5000000000000002,7.502549208233248,7.5,max_steps,202
404,ppo,1000404,2584,diprotic,medium,acid,separated,2,3.381,2.132,0.07695984234416099,1,1,0.515,1,1,0,1,0,3,2,0.001322289679577704,5.41,4.9,0.51,2.133322289679578,2.13,measured_success,202
404,ppo,1000404,2585,monoprotic,far,base,single,1,6.181,8.73,0.05062777954699864,7,3,0.01,1,1,0,1,0,12,7,0.038087573465379165,15.09,6.810000000000001,8.28,8.76808757346538,8.77,measured_success,202
404,ppo,1000404,2586,diprotic,medium,acid,separated,2,2.737,1.603,0.10086126974599546,0,0,,1,0,0,1,0,11,0,0.09964883813308556,18.07,18.07,0.0,1.7026488381330855,1.7,measured_success,202
404,ppo,1000404,2587,monoprotic,medium,base,single,1,7.352,8.602,0.13451222737013668,0,0,,1,0,0,1,0,10,0,0.08767073512482071,11.790000000000003,0.0,11.790000000000003,8.51432926487518,8.51,measured_success,202
404,ppo,1000404,2588,monoprotic,far,acid,single,1,5.271,3.261,0.039204338616209096,6,3,0.02,1,1,0,1,0,9,6,0.02258140970807876,10.129999999999999,5.56,4.569999999999999,3.283581409708079,3.2800000000000002,measured_success,202
404,ppo,1000404,2589,monoprotic,medium,acid,single,1,4.206,3.085,0.16147399505493226,0,0,,1,0,0,1,0,10,0,0.07051765615667094,12.620000000000003,12.620000000000003,0.0,3.155517656156671,3.16,measured_success,202
404,ppo,1000404,2590,diprotic,far,acid,separated,2,6.039,3.718,0.05442009383126928,2,0,0.155,1,1,0,1,0,4,2,0.0054054510209322615,7.37,6.07,1.3,3.7234054510209322,3.72,measured_success,202
404,ppo,1000404,2591,triprotic,medium,base,overlapping,3,3.002,4.336,0.09016847236939364,0,0,,1,1,0,1,0,4,0,0.030850046724010483,10.19,0.0,10.19,4.30514995327599,4.3100000000000005,measured_success,202
404,ppo,1000404,2592,triprotic,near,base,separated,3,2.731,3.168,0.10919582528681109,0,0,,1,0,0,1,0,5,0,0.09873342787030204,4.550000000000001,0.0,4.550000000000001,3.069266572129698,3.0700000000000003,measured_success,202
404,ppo,1000404,2593,diprotic,near,acid,separated,2,3.927,3.45,0.11636801041550217,0,0,,1,0,0,1,0,4,0,0.07456544601384163,4.0200000000000005,4.0200000000000005,0.0,3.524565446013842,3.52,measured_success,202
404,ppo,1000404,2594,monoprotic,near,acid,single,1,4.801,4.416,0.045448512363617535,3,2,0.135,1,1,0,1,0,4,3,0.04728509250483803,3.0700000000000003,1.78,1.29,4.368714907495162,4.37,measured_success,202
404,ppo,1000404,2595,triprotic,medium,acid,separated,3,4.043,2.196,0.10231793562336652,0,0,,1,1,0,1,0,8,0,0.04910584666782514,15.729999999999997,15.729999999999997,0.0,2.2451058466678253,2.25,measured_success,202
404,ppo,1000404,2596,monoprotic,near,base,single,1,4.246,4.803,0.14626436782802077,0,0,,1,1,0,1,0,3,0,0.026620862059615114,4.6899999999999995,0.0,4.6899999999999995,4.776379137940385,4.78,measured_success,202
404,ppo,1000404,2597,triprotic,far,acid,overlapping,3,4.873,1.928,0.04093631355790012,0,0,,1,1,0,1,0,3,0,0.022369005410232567,11.510000000000002,11.510000000000002,0.0,1.9503690054102325,1.95,measured_success,202
404,ppo,1000404,2598,diprotic,near,base,separated,2,2.165,2.382,0.03228425571325126,1,1,0.755,1,1,0,1,0,2,1,0.028769748235891957,2.26,0.75,1.51,2.410769748235892,2.41,measured_success,202
404,ppo,1000404,2599,diprotic,medium,acid,separated,2,5.521,4.678,0.06407804124841701,0,0,,1,1,0,1,0,2,0,0.0032631466042536417,2.75,2.75,0.0,4.681263146604254,4.68,measured_success,202
404,ppo,1000404,2600,monoprotic,medium,base,single,1,1.964,2.785,0.17014095702615453,0,0,,1,0,0,1,0,13,0,0.09877509222837855,9.200000000000001,0.0,9.200000000000001,2.6862249077716216,2.69,measured_success,202
404,ppo,1000404,2601,triprotic,near,acid,overlapping,3,3.082,2.77,0.1305555368467665,0,0,,1,0,0,1,0,7,0,0.07748820713094551,6.13,6.13,0.0,2.8474882071309455,2.85,measured_success,202
404,ppo,1000404,2602,monoprotic,medium,acid,single,1,7.613,5.965,0.04903528736646603,2,1,1.265,1,0,0,1,0,3,2,0.08910200372087118,8.44,5.909999999999999,2.53,6.054102003720871,6.05,measured_success,202
404,ppo,1000404,2603,diprotic,far,acid,separated,2,5.485,3.187,0.04268417126453142,1,0,0.9,1,1,0,1,0,3,1,0.03129156675890998,11.21,11.21,0.0,3.15570843324109,3.16,measured_success,202
404,ppo,1000404,2604,triprotic,near,acid,separated,3,3.385,3.176,0.15612044733834732,0,0,,1,0,0,1,0,1,0,0.080120112969424,1.51,1.51,0.0,3.256120112969424,3.2600000000000002,measured_success,202
404,ppo,1000404,2605,monoprotic,near,base,single,1,4.983,5.381,0.062467854897450534,2,0,0.425,1,1,0,1,0,2,2,0.04139072015419032,2.97,0.85,2.12,5.33960927984581,5.34,measured_success,202
404,ppo,1000404,2606,triprotic,far,acid,separated,3,6.609,3.973,0.10870914412136035,0,0,,1,0,0,1,0,3,0,0.09106448767806885,11.510000000000002,11.510000000000002,0.0,4.064064487678069,4.0600000000000005,measured_success,202
404,ppo,1000404,2607,diprotic,medium,acid,separated,2,5.215,3.548,0.07070012185671641,2,0,0.315,1,0,0,1,0,2,2,0.09621871437838969,5.6899999999999995,5.06,0.63,3.6442187143783897,3.64,measured_success,202
404,ppo,1000404,2608,diprotic,medium,acid,overlapping,2,3.296,2.564,0.17931793750609032,0,0,,1,0,0,1,0,14,0,0.07628256817466283,16.509999999999998,16.509999999999998,0.0,2.640282568174663,2.64,measured_success,202
404,ppo,1000404,2609,triprotic,near,base,separated,3,4.45,4.653,0.10482481980083079,0,0,,1,0,0,1,0,24,0,0.09775577664586965,0.9600000000000003,0.0,0.9600000000000003,4.55524422335413,4.5600000000000005,measured_success,202
404,ppo,1000404,2610,triprotic,medium,acid,separated,3,3.778,2.736,0.11390147006276932,0,0,,1,0,0,1,0,6,0,0.0711653875831062,9.88,9.88,0.0,2.8071653875831064,2.81,measured_success,202
404,ppo,1000404,2611,monoprotic,medium,acid,single,1,6.775,5.142,0.03854074931623919,5,5,0.075,1,1,0,1,0,10,5,0.030667467134755988,12.399999999999999,6.81,5.59,5.111332532865244,5.11,measured_success,202
404,ppo,1000404,2612,monoprotic,far,acid,single,1,8.316,5.57,0.10041656548857827,0,0,,0,0,1,0,0,50,0,2.514730551033363,1.500000000000001,1.500000000000001,0.0,8.084730551033363,8.08,max_steps,202
404,ppo,1000404,2613,diprotic,near,acid,separated,2,2.556,1.895,0.08218076668038983,2,0,0.515,1,0,0,1,0,2,2,0.06774406615828354,4.51,3.48,1.03,1.9627440661582836,1.96,measured_success,202
404,ppo,1000404,2614,monoprotic,near,base,single,1,4.107,4.584,0.06378428665974036,1,0,1.13,1,1,0,1,0,2,1,0.0011807460431381145,3.11,0.85,2.26,4.585180746043138,4.59,measured_success,202
404,ppo,1000404,2615,monoprotic,far,acid,single,1,6.065,2.308,0.04032697582536032,1,0,3.93,1,1,0,1,0,9,1,0.030493894148313494,12.04,7.86,4.18,2.2775061058516863,2.2800000000000002,measured_success,202
404,ppo,1000404,2616,monoprotic,medium,acid,single,1,8.088,7.068,0.08234507071921512,0,0,,1,0,0,1,0,24,0,0.05432741364562865,4.529999999999999,4.529999999999999,0.0,7.122327413645628,7.12,measured_success,202
404,ppo,1000404,2617,diprotic,far,base,separated,2,3.032,6.955,0.08398721300432567,2,0,0.06,1,0,0,1,0,6,2,0.05153701552997525,19.240000000000002,0.35,18.89,6.903462984470025,6.9,measured_success,202
404,ppo,1000404,2618,monoprotic,far,acid,single,1,5.564,2.748,0.12549338173074767,3,0,0.315,1,0,0,1,0,6,3,0.08084362521124433,13.3,11.190000000000001,2.11,2.667156374788756,2.67,measured_success,202
404,ppo,1000404,2619,triprotic,medium,base,separated,3,4.122,5.519,0.047528142828192066,2,0,0.265,1,1,0,1,0,2,2,0.021733544808984817,5.78,0.53,5.25,5.497266455191015,5.5,measured_success,202
404,ppo,1000404,2620,diprotic,medium,acid,overlapping,2,4.513,3.393,0.10609422260867314,1,1,0.515,1,0,0,1,0,4,1,0.05288285744938115,7.33,6.82,0.51,3.3401171425506186,3.34,measured_success,202
404,ppo,1000404,2621,monoprotic,near,acid,single,1,2.176,1.806,0.042665614211433306,0,0,,1,1,0,1,0,1,0,0.0171047140869236,2.12,2.12,0.0,1.8231047140869237,1.82,measured_success,202
404,ppo,1000404,2622,triprotic,near,acid,separated,3,5.735,5.295,0.058058941144083824,1,0,0.755,1,1,0,1,0,1,1,0.03440474586214215,1.51,1.51,0.0,5.260595254137858,5.26,measured_success,202
404,ppo,1000404,2623,monoprotic,near,base,single,1,2.974,3.336,0.11266559398492254,0,0,,1,1,0,1,0,2,0,0.02662261798352583,2.54,0.0,2.54,3.309377382016474,3.31,measured_success,202
404,ppo,1000404,2624,diprotic,medium,base,overlapping,2,4.366,5.668,0.11174170956005566,0,0,,1,0,0,1,0,11,0,0.09110578837368433,14.45,0.0,14.45,5.576894211626316,5.58,measured_success,202
404,ppo,1000404,2625,monoprotic,medium,base,single,1,6.396,8.111,0.11865816286952002,6,4,0.035,1,0,0,1,0,10,6,0.05760311549742525,9.21,3.0,6.21,8.053396884502575,8.05,measured_success,202
404,ppo,1000404,2626,monoprotic,far,base,single,1,3.408,6.995,0.030118470684405527,41,21,0.01,0,0,1,0,0,50,41,2.309687063607961,18.48999999999999,7.809999999999998,10.679999999999994,9.304687063607961,9.3,max_steps,202
404,ppo,1000404,2627,triprotic,near,acid,overlapping,3,2.502,2.046,0.14088605923491734,0,0,,1,0,0,1,0,12,0,0.07854883232085763,12.559999999999999,12.559999999999999,0.0,2.1245488323208574,2.12,measured_success,202
404,ppo,1000404,2628,triprotic,medium,base,separated,3,4.582,5.529,0.17700505886242743,0,0,,0,0,0,1,1,9,0,0.10016494563107159,6.829999999999998,0.0,6.829999999999998,5.428835054368928,5.43,measured_success,202
404,ppo,1000404,2629,triprotic,medium,base,separated,3,7.328,8.101,0.08218283631091068,2,1,0.315,1,0,0,1,0,4,2,0.07769422161987727,3.91,1.48,2.43,8.023305778380124,8.02,measured_success,202
404,ppo,1000404,2630,triprotic,medium,acid,separated,3,5.214,4.181,0.03560630338018489,2,0,0.9,1,1,0,1,0,2,2,0.01833737920905687,5.67,3.87,1.8,4.199337379209057,4.2,measured_success,202
404,ppo,1000404,2631,triprotic,medium,acid,separated,3,4.545,3.53,0.03624119426721062,1,0,1.935,1,0,0,1,0,2,1,0.09676485281407965,4.5,3.87,0.63,3.43323514718592,3.43,measured_success,202
404,ppo,1000404,2632,monoprotic,near,acid,single,1,9.017,8.636,0.07747882472370163,0,0,,0,0,0,0,0,50,0,0.17547902483539346,0.5000000000000002,0.5000000000000002,0.0,8.811479024835393,8.81,max_steps,202
404,ppo,1000404,2633,monoprotic,medium,acid,single,1,2.82,1.73,0.034104159560576684,1,0,1.935,1,1,0,1,0,1,1,0.017958033699350562,3.87,3.87,0.0,1.7120419663006494,1.71,measured_success,202
404,ppo,1000404,2634,monoprotic,near,acid,single,1,7.736,7.059,0.07389887367796834,0,0,,1,1,0,1,0,3,0,0.020392666174960716,3.06,3.06,0.0,7.079392666174961,7.08,measured_success,202
404,ppo,1000404,2635,diprotic,medium,acid,separated,2,3.83,2.676,0.08649260566118179,1,0,0.515,1,1,0,1,0,3,1,0.03697504810075003,6.82,6.82,0.0,2.63902495189925,2.64,measured_success,202
404,ppo,1000404,2636,triprotic,medium,acid,separated,3,5.4,3.478,0.038571811702275124,3,0,0.155,1,0,0,1,0,3,3,0.07740410016568733,5.999999999999999,5.369999999999999,0.63,3.400595899834313,3.4,measured_success,202
404,ppo,1000404,2637,diprotic,far,base,separated,2,4.115,7.994,0.05305767940639341,42,20,0.01,0,0,0,0,0,50,42,0.1135469649417189,16.449999999999992,4.399999999999997,12.049999999999995,7.880453035058281,7.88,max_steps,202
404,ppo,1000404,2638,monoprotic,medium,acid,single,1,5.502,3.819,0.035776689365846985,7,4,0.02,1,1,0,1,0,11,7,0.022457530672951975,11.219999999999999,6.129999999999999,5.09,3.796542469327048,3.8000000000000003,measured_success,202
404,ppo,1000404,2639,monoprotic,medium,acid,single,1,7.967,7.054,0.06804515722961699,0,0,,1,0,0,1,0,20,0,0.07103858804672214,4.739999999999999,4.739999999999999,0.0,7.125038588046722,7.13,measured_success,202
404,ppo,1000404,2640,monoprotic,medium,acid,single,1,5.042,3.855,0.11028170604539105,0,0,,1,0,0,1,0,2,0,0.0726069221845731,5.67,5.67,0.0,3.927606922184573,3.93,measured_success,202
404,ppo,1000404,2641,diprotic,near,base,separated,2,2.533,2.997,0.06632374932011927,0,0,,1,0,0,1,0,1,0,0.06888476646726449,1.51,0.0,1.51,2.9281152335327354,2.93,measured_success,202
404,ppo,1000404,2642,monoprotic,medium,base,single,1,5.211,6.563,0.06753477792422702,3,2,0.155,1,1,0,1,0,8,3,0.028279784103468764,9.99,2.77,7.22,6.5912797841034685,6.59,measured_success,202
404,ppo,1000404,2643,triprotic,medium,acid,separated,3,3.225,2.247,0.035602984479231416,2,1,0.515,1,1,0,1,0,3,2,0.013763090392163058,5.41,4.38,1.03,2.260763090392163,2.2600000000000002,measured_success,202
404,ppo,1000404,2644,triprotic,near,acid,separated,3,3.666,3.077,0.05618085142384209,2,1,0.255,1,1,0,1,0,3,2,0.03357628101042032,3.7199999999999998,3.21,0.51,3.1105762810104203,3.11,measured_success,202
404,ppo,1000404,2645,monoprotic,far,acid,single,1,6.683,3.679,0.1048412811439926,4,3,0.045,1,1,0,1,0,9,4,0.03388859540324285,13.32,10.58,2.7399999999999998,3.7128885954032427,3.71,measured_success,202
404,ppo,1000404,2646,monoprotic,far,acid,single,1,8.795,5.559,0.08647662087304124,0,0,,0,0,1,0,0,50,0,2.942449621455734,1.500000000000001,1.500000000000001,0.0,8.501449621455734,8.5,max_steps,202
404,ppo,1000404,2647,triprotic,far,acid,separated,3,5.648,3.019,0.08370433640803632,2,2,0.45,1,1,0,1,0,5,2,0.03288470069055194,12.860000000000001,11.96,0.9,3.051884700690552,3.0500000000000003,measured_success,202
404,ppo,1000404,2648,monoprotic,near,acid,single,1,6.772,6.57,0.08469940253631077,0,0,,0,0,0,0,0,50,0,0.12841875493246846,0.5000000000000002,0.5000000000000002,0.0,6.698418754932469,6.7,max_steps,202
404,ppo,1000404,2649,monoprotic,medium,base,single,1,8.682,10.134,0.0844653796605993,1,0,0.085,1,0,0,1,0,10,1,0.08682356152822734,1.5699999999999998,0.04,1.5299999999999998,10.220823561528228,10.22,measured_success,202
404,ppo,1000404,2650,triprotic,near,base,separated,3,5.665,6.341,0.05401273267015148,1,0,0.265,1,1,0,1,0,2,1,0.03226357675706826,2.6500000000000004,0.0,2.6500000000000004,6.3732635767570684,6.37,measured_success,202
404,ppo,1000404,2651,diprotic,far,base,separated,2,5.636,8.633,0.13837226526243604,45,24,0.01,0,0,1,0,0,50,45,0.5482729698417579,13.559999999999995,4.859999999999997,8.699999999999998,9.181272969841757,9.18,max_steps,202
404,ppo,1000404,2652,diprotic,medium,base,separated,2,3.091,3.792,0.1350541214054432,0,0,,1,0,0,1,0,4,0,0.07343249561179643,5.72,0.0,5.72,3.7185675043882034,3.72,measured_success,202
404,ppo,1000404,2653,monoprotic,medium,acid,single,1,6.961,6.08,0.06183741511931625,3,0,0.155,1,0,0,1,0,4,3,0.05691087599391942,3.5900000000000003,2.74,0.85,6.023089124006081,6.0200000000000005,measured_success,202
404,ppo,1000404,2654,diprotic,near,acid,separated,2,5.301,4.679,0.1525008539410476,0,0,,1,0,0,1,0,6,0,0.062496092575699436,4.1499999999999995,4.1499999999999995,0.0,4.7414960925757,4.74,measured_success,202
404,ppo,1000404,2655,monoprotic,medium,base,single,1,5.05,6.542,0.03238764319934182,4,2,0.085,1,1,0,1,0,7,4,0.0006293942374551165,10.64,4.32,6.32,6.541370605762545,6.54,measured_success,202
404,ppo,1000404,2656,monoprotic,near,acid,single,1,7.102,6.719,0.08466174496048849,0,0,,0,0,0,0,0,50,0,0.29059204159254026,0.5000000000000002,0.5000000000000002,0.0,7.009592041592541,7.01,max_steps,202
404,ppo,1000404,2657,triprotic,medium,base,separated,3,5.492,7.125,0.13262260012807284,0,0,,1,0,0,1,0,7,0,0.06359963216274878,12.090000000000002,0.0,12.090000000000002,7.061400367837251,7.0600000000000005,measured_success,202
404,ppo,1000404,2658,triprotic,medium,base,separated,3,7.136,8.635,0.14922970340884367,1,0,0.315,1,1,0,1,0,6,1,0.049942001034397165,14.260000000000003,0.0,14.260000000000003,8.684942001034397,8.68,measured_success,202
404,ppo,1000404,2659,diprotic,medium,base,overlapping,2,5.249,6.594,0.04432192913576346,2,1,1.31,1,1,0,1,0,4,2,0.022317131960144287,8.86,2.62,6.24,6.571682868039856,6.57,measured_success,202
404,ppo,1000404,2660,monoprotic,medium,acid,single,1,7.479,5.837,0.08818164258885254,4,3,0.155,1,1,0,1,0,7,4,0.027096370212142062,10.16,7.319999999999999,2.84,5.864096370212142,5.86,measured_success,202
404,ppo,1000404,2661,monoprotic,near,acid,single,1,4.586,4.384,0.12604318432587416,0,0,,1,1,0,1,0,1,0,0.035607669250655505,1.51,1.51,0.0,4.419607669250656,4.42,measured_success,202
404,ppo,1000404,2662,triprotic,far,base,overlapping,3,3.949,7.886,0.1589914992185275,46,22,0.01,0,0,1,0,0,50,46,1.0232910288428103,14.759999999999991,4.149999999999996,10.609999999999994,6.86270897115719,6.86,max_steps,202
404,ppo,1000404,2663,diprotic,medium,base,separated,2,4.859,6.382,0.03753240084358795,7,4,0.01,1,1,0,1,0,13,7,0.04352472083744452,12.680000000000003,6.160000000000002,6.5200000000000005,6.425524720837444,6.43,measured_success,202
404,ppo,1000404,2664,monoprotic,near,base,single,1,7.123,7.74,0.11008166099351814,0,0,,1,0,0,1,0,3,0,0.07952407981426823,4.05,0.0,4.05,7.660475920185732,7.66,measured_success,202
404,ppo,1000404,2665,triprotic,medium,base,separated,3,5.738,6.858,0.15370211034896328,0,0,,1,1,0,1,0,7,0,0.023106813055338016,13.110000000000003,0.0,13.110000000000003,6.834893186944662,6.83,measured_success,202
404,ppo,1000404,2666,triprotic,near,base,separated,3,5.043,5.401,0.054595091948799176,3,1,0.255,1,1,0,1,0,3,3,0.009997410577021526,3.66,1.03,2.63,5.410997410577021,5.41,measured_success,202
404,ppo,1000404,2667,diprotic,medium,acid,separated,2,6.891,5.788,0.08988081488322675,1,0,1.935,1,0,0,1,0,1,1,0.0644274044378399,3.87,3.87,0.0,5.72357259556216,5.72,measured_success,202
404,ppo,1000404,2668,triprotic,medium,base,overlapping,3,3.174,4.655,0.06684716579142805,4,2,0.075,1,1,0,1,0,9,4,0.026276312343852304,9.34,3.59,5.75,4.628723687656148,4.63,measured_success,202
404,ppo,1000404,2669,monoprotic,medium,base,single,1,6.973,8.545,0.07863330634700358,4,2,0.075,1,1,0,1,0,8,4,0.004504340711752874,10.040000000000001,2.77,7.2700000000000005,8.540495659288247,8.540000000000001,measured_success,202
404,ppo,1000404,2670,diprotic,medium,acid,separated,2,5.168,3.29,0.054800240532540324,3,1,0.135,1,1,0,1,0,5,3,0.01303423265085435,8.52,7.129999999999999,1.3900000000000001,3.2769657673491457,3.2800000000000002,measured_success,202
404,ppo,1000404,2671,diprotic,near,acid,separated,2,3.534,2.854,0.042611644955307754,1,0,1.74,1,0,0,1,0,3,1,0.06489438765011535,5.359999999999999,3.48,1.88,2.7891056123498847,2.79,measured_success,202
404,ppo,1000404,2672,diprotic,medium,acid,separated,2,4.552,2.853,0.07684240124152883,1,1,0.515,1,1,0,1,0,4,1,0.0399662615404881,8.52,8.01,0.51,2.813033738459512,2.81,measured_success,202
404,ppo,1000404,2673,monoprotic,far,base,single,1,4.201,7.075,0.060060803934529755,3,1,0.155,1,1,0,1,0,6,3,0.02157055826244214,11.18,3.54,7.64,7.096570558262442,7.1000000000000005,measured_success,202
404,ppo,1000404,2674,diprotic,medium,base,separated,2,7.184,8.008,0.06891078444258257,3,1,0.155,1,0,0,1,0,4,3,0.09199849619633937,3.37,0.63,2.74,8.099998496196338,8.1,measured_success,202
404,ppo,1000404,2675,monoprotic,near,acid,single,1,4.076,3.739,0.15060001701795786,1,1,0.755,1,1,0,1,0,2,1,0.02238922101699714,2.26,1.51,0.75,3.7166107789830027,3.72,measured_success,202
404,ppo,1000404,2676,triprotic,medium,acid,overlapping,3,3.931,2.577,0.04544063311576974,0,0,,1,0,0,1,0,6,0,0.06642848290441172,13.459999999999999,13.459999999999999,0.0,2.6434284829044117,2.64,measured_success,202
404,ppo,1000404,2677,diprotic,near,acid,separated,2,3.393,2.852,0.08064603123319793,0,0,,1,1,0,1,0,2,0,0.029820381958101994,3.21,3.21,0.0,2.881820381958102,2.88,measured_success,202
404,ppo,1000404,2678,triprotic,near,acid,separated,3,4.497,3.955,0.050752237545610826,0,0,,1,0,0,1,0,1,0,0.07387715482354018,1.51,1.51,0.0,4.02887715482354,4.03,measured_success,202
404,ppo,1000404,2679,triprotic,medium,base,separated,3,6.744,7.524,0.07142424204755829,0,0,,1,0,0,1,0,2,0,0.06575784561466147,3.42,0.0,3.42,7.4582421543853386,7.46,measured_success,202
404,ppo,1000404,2680,monoprotic,medium,acid,single,1,3.889,2.763,0.0670984491751523,1,0,0.9,1,0,0,1,0,2,1,0.052578520161389086,5.67,5.67,0.0,2.710421479838611,2.71,measured_success,202
404,ppo,1000404,2681,diprotic,medium,acid,separated,2,6.484,5.758,0.13588599036074683,0,0,,1,0,0,1,0,11,0,0.07524867942218183,6.019999999999998,6.019999999999998,0.0,5.833248679422182,5.83,measured_success,202
404,ppo,1000404,2682,triprotic,far,base,separated,3,2.556,4.625,0.04824458745997001,2,1,0.395,1,0,0,1,0,4,2,0.09957745665187367,10.129999999999999,0.79,9.34,4.525422543348126,4.53,measured_success,202
404,ppo,1000404,2683,monoprotic,far,base,single,1,4.998,7.065,0.05203650019616795,3,2,0.18,1,0,0,1,0,7,3,0.05917464532061434,11.100000000000001,4.300000000000001,6.8,7.124174645320615,7.12,measured_success,202
404,ppo,1000404,2684,diprotic,far,acid,separated,2,4.788,1.859,0.06584317897357159,0,0,,1,0,0,1,0,2,0,0.06164257422305086,9.71,9.71,0.0,1.9206425742230508,1.92,measured_success,202
404,ppo,1000404,2685,triprotic,near,acid,separated,3,3.577,3.194,0.03550055420325956,1,0,0.755,1,0,0,1,0,1,1,0.06422413135050054,1.51,1.51,0.0,3.1297758686494994,3.13,measured_success,202
404,ppo,1000404,2686,triprotic,near,base,separated,3,5.769,6.222,0.1074840454988722,0,0,,1,0,0,1,0,1,0,0.0701378763254068,2.12,0.0,2.12,6.151862123674594,6.15,measured_success,202
404,ppo,1000404,2687,monoprotic,medium,acid,single,1,8.186,6.94,0.04394605956472142,4,2,0.05,1,0,0,1,0,38,4,0.050885647596678574,4.700000000000001,3.3200000000000007,1.3800000000000001,6.990885647596679,6.99,measured_success,202
404,ppo,1000404,2688,triprotic,medium,base,separated,3,4.15,5.053,0.16476215477072068,0,0,,1,0,0,1,0,44,0,0.0892461614301352,15.749999999999996,0.0,15.749999999999996,4.963753838569865,4.96,measured_success,202
404,ppo,1000404,2689,diprotic,medium,acid,separated,2,6.799,5.139,0.13148037978322352,0,0,,1,1,0,1,0,5,0,0.04499448974086473,10.88,10.88,0.0,5.183994489740865,5.18,measured_success,202
404,ppo,1000404,2690,diprotic,far,base,separated,2,3.732,6.461,0.046421137501716184,7,3,0.01,1,0,0,1,0,11,7,0.07673286607757923,11.17,3.6799999999999997,7.49,6.5377328660775795,6.54,measured_success,202
404,ppo,1000404,2691,monoprotic,near,acid,single,1,9.306,8.902,0.042863990991132854,0,0,,1,0,0,1,0,40,0,0.09819017093880156,0.4000000000000002,0.4000000000000002,0.0,9.0001901709388,9.0,measured_success,202
404,ppo,1000404,2692,monoprotic,near,acid,single,1,3.5,3.095,0.03597651030468096,2,2,0.375,1,1,0,1,0,3,2,0.03701890267221364,2.63,1.88,0.75,3.132018902672214,3.13,measured_success,202
404,ppo,1000404,2693,monoprotic,medium,acid,single,1,4.672,3.147,0.040877845022890665,1,0,2.53,1,0,0,1,0,2,1,0.09515531148886547,6.859999999999999,5.06,1.8,3.0518446885111343,3.0500000000000003,measured_success,202
404,ppo,1000404,2694,diprotic,near,acid,separated,2,4.746,4.126,0.10852152258520315,0,0,,1,0,0,1,0,6,0,0.06172548830398039,4.64,4.64,0.0,4.187725488303981,4.19,measured_success,202
404,ppo,1000404,2695,monoprotic,medium,base,single,1,2.309,4.066,0.1344310713794866,3,1,0.21,1,0,0,1,0,4,3,0.07863442249916641,9.03,0.85,8.18,4.144634422499166,4.14,measured_success,202
404,ppo,1000404,2696,monoprotic,near,base,single,1,2.576,3.04,0.14812418419275133,0,0,,1,0,0,1,0,4,0,0.08926240339604252,4.0200000000000005,0.0,4.0200000000000005,2.9507375966039575,2.95,measured_success,202
404,ppo,1000404,2697,diprotic,medium,acid,overlapping,2,6.322,5.564,0.050320765215148604,0,0,,1,1,0,1,0,1,0,0.04173499078602916,1.51,1.51,0.0,5.605734990786029,5.61,measured_success,202
404,ppo,1000404,2698,monoprotic,far,base,single,1,4.814,8.765,0.15083458354191345,45,22,0.01,0,0,1,0,0,50,45,0.6157473088275438,12.72999999999999,2.4199999999999955,10.309999999999993,9.380747308827544,9.38,max_steps,202
404,ppo,1000404,2699,triprotic,near,acid,separated,3,2.661,2.365,0.0732619833330304,1,0,1.06,1,0,0,1,0,2,1,0.09702074173559172,3.1500000000000004,2.12,1.03,2.2679792582644085,2.27,measured_success,202
404,ppo,1000404,2700,diprotic,medium,acid,separated,2,3.427,2.14,0.11611712435730462,1,0,0.515,1,0,0,1,0,4,1,0.09142111083112381,8.4,8.4,0.0,2.0485788891688763,2.05,measured_success,202
404,ppo,1000404,2701,monoprotic,medium,acid,single,1,3.059,1.93,0.1795092826369939,0,0,,1,1,0,1,0,3,0,0.03344512642591213,6.82,6.82,0.0,1.963445126425912,1.96,measured_success,202
404,ppo,1000404,2702,triprotic,medium,acid,overlapping,3,5.844,4.841,0.07615076326897206,1,0,1.935,1,1,0,1,0,2,1,0.02358752634327299,4.5,3.87,0.63,4.817412473656727,4.82,measured_success,202
404,ppo,1000404,2703,diprotic,far,acid,separated,2,3.793,1.631,0.06043684757910025,0,0,,1,1,0,1,0,5,0,0.049179729476222844,9.889999999999999,9.889999999999999,0.0,1.6801797294762228,1.68,measured_success,202
404,ppo,1000404,2704,diprotic,medium,base,separated,2,2.709,4.362,0.05549176589118903,1,0,0.155,1,1,0,1,0,3,1,0.005673119154971928,6.09,0.0,6.09,4.367673119154972,4.37,measured_success,202
404,ppo,1000404,2705,monoprotic,far,base,single,1,1.798,4.923,0.0696804804898796,45,6,0.01,0,0,0,0,0,50,45,0.16250432104382817,13.169999999999991,3.1599999999999953,10.009999999999996,5.085504321043828,5.09,max_steps,202
404,ppo,1000404,2706,monoprotic,medium,acid,single,1,5.141,3.264,0.09654220983598726,4,2,0.105,1,0,0,1,0,6,4,0.08657396449015442,9.19,7.279999999999999,1.91,3.350573964490154,3.35,measured_success,202
404,ppo,1000404,2707,triprotic,medium,acid,overlapping,3,4.064,2.965,0.06661840318398196,0,0,,1,1,0,1,0,6,0,0.0138978399707268,9.88,9.88,0.0,2.9788978399707267,2.98,measured_success,202
404,ppo,1000404,2708,monoprotic,far,base,single,1,8.039,11.723,0.03466425931489017,1,0,4.1,1,0,0,1,0,17,1,0.09429511132625201,11.419999999999998,3.2199999999999993,8.2,11.817295111326253,11.82,measured_success,202
404,ppo,1000404,2709,diprotic,medium,base,separated,2,5.412,6.455,0.15936301182306906,3,0,0.315,1,0,0,1,0,3,3,0.08154754315909152,6.2,1.53,4.67,6.536547543159092,6.54,measured_success,202
404,ppo,1000404,2710,triprotic,near,acid,separated,3,6.74,6.251,0.05122706933508287,1,0,0.755,1,0,0,1,0,1,1,0.06921517374841546,1.51,1.51,0.0,6.181784826251585,6.18,measured_success,202
404,ppo,1000404,2711,triprotic,far,acid,separated,3,5.467,1.714,0.04768866135662499,0,0,,1,0,0,1,0,5,0,0.07705638746404686,15.18,15.18,0.0,1.7910563874640468,1.79,measured_success,202
404,ppo,1000404,2712,diprotic,medium,base,separated,2,5.138,6.86,0.09396127804561796,0,0,,1,0,0,1,0,15,0,0.07858803751695209,8.700000000000001,0.0,8.700000000000001,6.781411962483048,6.78,measured_success,202
404,ppo,1000404,2713,monoprotic,medium,base,single,1,3.792,5.47,0.041617496335757974,7,3,0.01,1,0,0,1,0,15,7,0.07501013421598568,11.36,5.290000000000001,6.069999999999999,5.545010134215985,5.55,measured_success,202
404,ppo,1000404,2714,triprotic,near,base,separated,3,4.141,4.416,0.11163001854067513,0,0,,1,0,0,1,0,2,0,0.06138860701522475,2.36,0.0,2.36,4.354611392984776,4.3500000000000005,measured_success,202
404,ppo,1000404,2715,diprotic,medium,acid,separated,2,5.594,4.792,0.050892738260526316,0,0,,1,0,0,1,0,4,0,0.08197013967692968,3.48,3.48,0.0,4.8739701396769295,4.87,measured_success,202
404,ppo,1000404,2716,diprotic,medium,acid,separated,2,5.567,3.758,0.04469906127759475,4,1,0.155,1,0,0,1,0,5,4,0.07433716346460795,8.44,5.909999999999999,2.5300000000000002,3.832337163464608,3.83,measured_success,202
404,ppo,1000404,2717,triprotic,far,base,separated,3,3.134,5.621,0.05433216105818167,2,1,0.21,1,1,0,1,0,5,2,0.011542886446500589,10.36,0.42,9.94,5.6094571135535,5.61,measured_success,202
404,ppo,1000404,2718,diprotic,near,acid,separated,2,3.075,2.648,0.05425676341512938,1,0,1.06,1,0,0,1,0,1,1,0.06421870720993406,2.12,2.12,0.0,2.583781292790066,2.58,measured_success,202
404,ppo,1000404,2719,monoprotic,medium,base,single,1,5.843,6.945,0.17077145079399406,0,0,,1,0,0,1,0,5,0,0.06843412533596549,8.870000000000001,0.0,8.870000000000001,6.876565874664035,6.88,measured_success,202
404,ppo,1000404,2720,triprotic,medium,base,overlapping,3,3.321,4.776,0.04355993936411741,0,0,,1,0,0,1,0,11,0,0.09927516110272272,12.640000000000002,0.0,12.640000000000002,4.676724838897277,4.68,measured_success,202
404,ppo,1000404,2721,monoprotic,near,base,single,1,6.579,7.04,0.08950528636510467,2,0,0.315,1,1,0,1,0,2,2,0.005791927493256743,2.75,0.63,2.12,7.034208072506743,7.03,measured_success,202
404,ppo,1000404,2722,monoprotic,medium,acid,single,1,5.46,4.456,0.12896335123236696,0,0,,1,0,0,1,0,5,0,0.057318736898433365,7.64,7.64,0.0,4.513318736898434,4.51,measured_success,202
404,ppo,1000404,2723,monoprotic,medium,acid,single,1,2.742,1.632,0.10209999526547384,0,0,,1,0,0,1,0,6,0,0.09919253570932418,10.1,10.1,0.0,1.731192535709324,1.73,measured_success,202
404,ppo,1000404,2724,triprotic,far,base,overlapping,3,2.71,4.998,0.07043701348021673,2,1,0.395,1,0,0,1,0,9,2,0.05751866241862569,23.009999999999998,0.79,22.22,4.9404813375813745,4.94,measured_success,202
404,ppo,1000404,2725,diprotic,medium,acid,separated,2,4.77,4.06,0.0783385634205441,0,0,,1,0,0,1,0,3,0,0.08211580100971982,3.84,3.84,0.0,4.142115801009719,4.14,measured_success,202
404,ppo,1000404,2726,monoprotic,medium,base,single,1,4.353,5.917,0.1113951239592815,4,1,0.06,1,0,0,1,0,7,4,0.08459482113443251,9.09,2.89,6.199999999999999,5.832405178865567,5.83,measured_success,202
404,ppo,1000404,2727,triprotic,near,acid,separated,3,3.419,3.044,0.0650237156747134,1,0,0.755,1,1,0,1,0,1,1,0.04510318177797368,1.51,1.51,0.0,2.9988968182220264,3.0,measured_success,202
404,ppo,1000404,2728,diprotic,near,acid,separated,2,3.645,3.259,0.047819296240779276,2,2,0.375,1,1,0,1,0,3,3,0.0012965609859301175,2.63,1.88,0.75,3.25770343901407,3.2600000000000002,measured_success,202
404,ppo,1000404,2729,monoprotic,far,base,single,1,8.382,11.504,0.10674193445024267,1,0,3.24,1,0,0,1,0,5,1,0.09924514220097969,7.61,1.13,6.48,11.60324514220098,11.6,measured_success,202
404,ppo,1000404,2730,monoprotic,far,acid,single,1,4.95,2.797,0.06233962593799144,3,1,0.09,1,0,0,1,0,8,3,0.053927251569543255,12.059999999999999,6.85,5.21,2.743072748430457,2.74,measured_success,202
404,ppo,1000404,2731,monoprotic,near,base,single,1,7.929,8.413,0.07073876627316612,2,0,0.315,1,0,0,1,0,2,2,0.080804586020367,2.75,0.63,2.12,8.332195413979633,8.33,measured_success,202
404,ppo,1000404,2732,triprotic,near,base,separated,3,6.097,6.58,0.063932419939678,3,0,0.18,1,1,0,1,0,3,3,0.0377724790591909,3.33,0.85,2.48,6.617772479059191,6.62,measured_success,202
404,ppo,1000404,2733,diprotic,near,base,separated,2,3.346,3.856,0.0443337691879148,0,0,,1,0,0,1,0,1,0,0.09075378052796701,1.51,0.0,1.51,3.765246219472033,3.77,measured_success,202
404,ppo,1000404,2734,monoprotic,medium,acid,single,1,4.51,2.963,0.03086522058754658,4,1,0.155,1,0,0,1,0,5,4,0.08144706959753645,8.44,5.909999999999999,2.5300000000000002,3.0444470695975365,3.04,measured_success,202
404,ppo,1000404,2735,diprotic,far,base,separated,2,4.324,6.935,0.03366807656965628,5,2,0.055,1,1,0,1,0,8,5,0.0031740916898028715,13.610000000000001,4.140000000000001,9.47,6.9381740916898025,6.94,measured_success,202
404,ppo,1000404,2736,monoprotic,medium,acid,single,1,4.912,3.695,0.0834015124033605,0,0,,1,0,0,1,0,1,0,0.05154302027390978,3.87,3.87,0.0,3.7465430202739096,3.75,measured_success,202
404,ppo,1000404,2737,monoprotic,near,base,single,1,8.674,8.985,0.037432489354808245,0,0,,1,0,0,1,0,31,0,0.09891100037944511,0.3100000000000001,0.0,0.3100000000000001,8.886088999620554,8.89,measured_success,202
404,ppo,1000404,2738,monoprotic,medium,base,single,1,4.459,5.74,0.16182806637385616,0,0,,1,0,0,1,0,30,0,0.08070065409037852,15.109999999999998,0.0,15.109999999999998,5.659299345909622,5.66,measured_success,202
404,ppo,1000404,2739,monoprotic,medium,acid,single,1,3.575,1.601,0.11701763442174946,0,0,,1,0,0,1,0,2,0,0.08924193638335653,6.859999999999999,6.859999999999999,0.0,1.6902419363833565,1.69,measured_success,202
404,ppo,1000404,2740,monoprotic,far,base,single,1,8.422,11.459,0.051869305594492855,1,0,3.24,1,0,0,1,0,16,1,0.07714566094933417,10.92,4.4399999999999995,6.48,11.536145660949334,11.540000000000001,measured_success,202
404,ppo,1000404,2741,monoprotic,medium,base,single,1,7.078,8.775,0.061876813865592094,1,0,1.06,1,1,0,1,0,2,1,0.015370484588929756,7.37,0.0,7.37,8.79037048458893,8.790000000000001,measured_success,202
404,ppo,1000404,2742,monoprotic,near,base,single,1,4.213,4.888,0.16789121087000528,3,1,0.21,1,0,0,1,0,4,3,0.06143779139464378,4.38,1.7,2.6799999999999997,4.949437791394644,4.95,measured_success,202
404,ppo,1000404,2743,monoprotic,near,base,single,1,3.443,3.834,0.050297936926127655,2,1,0.315,1,1,0,1,0,4,2,0.040118533227738506,3.2,1.38,1.82,3.7938814667722616,3.79,measured_success,202
404,ppo,1000404,2744,monoprotic,near,base,single,1,9.155,9.661,0.038681258111891374,0,0,,1,0,0,1,0,17,0,0.08812400594222503,0.3600000000000001,0.0,0.3600000000000001,9.572875994057775,9.57,measured_success,202
404,ppo,1000404,2745,monoprotic,far,base,single,1,3.782,6.809,0.10582792593516722,6,4,0.015,1,0,0,1,0,10,6,0.08259180287965773,17.1,4.280000000000001,12.82,6.726408197120342,6.73,measured_success,202
404,ppo,1000404,2746,triprotic,medium,acid,separated,3,3.583,1.707,0.03811567444560748,0,0,,1,1,0,1,0,2,0,0.041122015943541035,6.859999999999999,6.859999999999999,0.0,1.748122015943541,1.75,measured_success,202
404,ppo,1000404,2747,triprotic,near,base,separated,3,1.681,2.341,0.09678685521116487,0,0,,1,0,0,1,0,6,0,0.08922360758944681,6.19,0.0,6.19,2.2517763924105534,2.25,measured_success,202
404,ppo,1000404,2748,monoprotic,far,base,single,1,7.904,10.243,0.03077487591013848,6,2,0.02,1,0,0,1,0,11,6,0.07634539922825745,13.73,6.45,7.28,10.166654600771743,10.17,measured_success,202
404,ppo,1000404,2749,diprotic,medium,acid,separated,2,5.11,3.291,0.11721252892669161,2,1,0.21,1,1,0,1,0,6,2,0.023261652788980403,10.859999999999998,10.439999999999998,0.42,3.3142616527889803,3.31,measured_success,202
404,ppo,1000404,2750,diprotic,near,base,separated,2,6.556,6.944,0.06011659494814325,2,0,0.18,1,0,0,1,0,3,2,0.050707586700938556,3.33,1.21,2.12,6.893292413299061,6.890000000000001,measured_success,202
404,ppo,1000404,2751,triprotic,far,base,separated,3,6.282,9.116,0.0650468419855635,4,3,0.075,1,0,0,1,0,10,4,0.0903505096415742,16.36,2.26,14.1,9.025649490358425,9.03,measured_success,202
404,ppo,1000404,2752,diprotic,far,base,separated,2,6.304,8.438,0.12071427751358028,6,3,0.015,1,1,0,1,0,13,6,0.04603456645089743,13.0,5.600000000000001,7.3999999999999995,8.391965433549103,8.39,measured_success,202
404,ppo,1000404,2753,triprotic,medium,acid,separated,3,4.708,3.548,0.06785111107870262,1,0,0.425,1,1,0,1,0,4,1,0.009860512902623242,7.55,7.55,0.0,3.538139487097377,3.54,measured_success,202
404,ppo,1000404,2754,diprotic,far,acid,separated,2,4.241,2.012,0.06563441553784378,0,0,,1,0,0,1,0,2,0,0.06593425065132452,6.7,6.7,0.0,2.0779342506513245,2.08,measured_success,202
404,ppo,1000404,2755,monoprotic,near,acid,single,1,4.332,4.096,0.09913129992105794,1,0,0.755,1,0,0,1,0,1,1,0.06993176679562119,1.51,1.51,0.0,4.026068233204379,4.03,measured_success,202
404,ppo,1000404,2756,diprotic,near,acid,separated,2,7.522,7.003,0.05133725894983247,1,0,1.06,1,1,0,1,0,3,1,0.0022574785561317867,3.06,2.12,0.94,7.000742521443868,7.0,measured_success,202
404,ppo,1000404,2757,monoprotic,near,acid,single,1,2.541,2.209,0.11640667543121175,1,0,1.06,1,0,0,1,0,1,1,0.07482956991466372,2.12,2.12,0.0,2.1341704300853364,2.13,measured_success,202
404,ppo,1000404,2758,diprotic,far,base,separated,2,5.942,9.132,0.03390122074467329,43,21,0.01,0,0,0,0,0,50,43,0.243281057054622,16.30999999999999,6.9899999999999975,9.319999999999995,9.375281057054622,9.38,max_steps,202
404,ppo,1000404,2759,diprotic,near,acid,separated,2,3.996,3.487,0.050505281755258515,1,0,0.515,1,1,0,1,0,2,1,0.04710222818324272,2.54,2.54,0.0,3.4398977718167574,3.44,measured_success,202
404,ppo,1000404,2760,monoprotic,near,base,single,1,2.743,3.438,0.03095501041280159,1,0,1.13,1,0,0,1,0,2,1,0.05039214757700661,3.11,0.85,2.26,3.4883921475770068,3.49,measured_success,202
404,ppo,1000404,2761,diprotic,far,acid,separated,2,4.195,1.657,0.12395317545879714,0,0,,1,1,0,1,0,6,0,0.045743210482753316,14.36,14.36,0.0,1.7027432104827533,1.7,measured_success,202
404,ppo,1000404,2762,diprotic,medium,base,separated,2,6.589,7.591,0.04807590607640065,3,0,0.315,1,0,0,1,0,7,3,0.05578943001930359,8.23,3.56,4.67,7.646789430019304,7.65,measured_success,202
404,ppo,1000404,2763,monoprotic,medium,acid,single,1,6.862,5.935,0.03370706156637465,2,0,0.425,1,1,0,1,0,3,2,0.03452365566829929,3.2800000000000002,2.43,0.85,5.969523655668299,5.97,measured_success,202
404,ppo,1000404,2764,monoprotic,far,base,single,1,4.185,7.816,0.05456189822409949,46,22,0.01,0,0,0,0,0,50,46,0.40388474144705544,18.24999999999999,7.639999999999996,10.609999999999994,7.412115258552944,7.41,max_steps,202
404,ppo,1000404,2765,triprotic,medium,base,separated,3,5.205,6.287,0.04420815401179597,3,1,0.155,1,1,0,1,0,7,3,0.049766350661129444,8.55,3.21,5.34,6.336766350661129,6.34,measured_success,202
404,ppo,1000404,2766,monoprotic,near,acid,single,1,7.487,6.869,0.039618999190292936,2,0,0.315,1,0,0,1,0,2,2,0.06597622642369849,2.75,2.12,0.63,6.934976226423698,6.93,measured_success,202
404,ppo,1000404,2767,diprotic,near,acid,separated,2,2.312,1.795,0.03017620872936075,2,0,0.515,1,1,0,1,0,2,2,0.012905453123841948,4.51,3.48,1.03,1.8079054531238419,1.81,measured_success,202
404,ppo,1000404,2768,diprotic,near,base,overlapping,2,3.747,4.155,0.046988622261562425,0,0,,1,1,0,1,0,2,0,0.03828647033358212,2.36,0.0,2.36,4.116713529666418,4.12,measured_success,202
404,ppo,1000404,2769,monoprotic,near,acid,single,1,3.925,3.573,0.08169860215814749,0,0,,1,1,0,1,0,1,0,0.02284296292833643,1.51,1.51,0.0,3.5958429629283364,3.6,measured_success,202
404,ppo,1000404,2770,triprotic,medium,acid,separated,3,2.836,1.736,0.1175506635242142,0,0,,1,0,0,1,0,1,0,0.09762913031453224,3.87,3.87,0.0,1.8336291303145322,1.83,measured_success,202
404,ppo,1000404,2771,diprotic,near,base,separated,2,4.752,5.053,0.1076143995951762,0,0,,1,0,0,1,0,2,0,0.09373345288306201,2.36,0.0,2.36,4.959266547116938,4.96,measured_success,202
404,ppo,1000404,2772,monoprotic,near,base,single,1,4.184,4.711,0.09195695273339234,2,1,0.515,1,1,0,1,0,3,2,0.0006538566673821578,3.8,1.03,2.7699999999999996,4.710346143332618,4.71,measured_success,202
404,ppo,1000404,2773,diprotic,medium,base,separated,2,3.502,4.254,0.17618569817988552,0,0,,1,0,0,1,0,16,0,0.07759537380616699,9.72,0.0,9.72,4.176404626193833,4.18,measured_success,202
404,ppo,1000404,2774,triprotic,medium,acid,separated,3,6.562,5.329,0.09527487439700784,0,0,,1,0,0,1,0,6,0,0.06311470028557675,7.949999999999999,7.949999999999999,0.0,5.3921147002855765,5.39,measured_success,202
404,ppo,1000404,2775,triprotic,medium,acid,separated,3,2.445,1.588,0.05455305835726851,0,0,,1,1,0,1,0,2,0,0.02118670655124344,4.51,4.51,0.0,1.6091867065512435,1.61,measured_success,202
404,ppo,1000404,2776,diprotic,near,base,separated,2,6.084,6.555,0.09090501726768126,2,0,0.315,1,0,0,1,0,2,2,0.05170367399793818,2.75,0.63,2.12,6.5032963260020615,6.5,measured_success,202
404,ppo,1000404,2777,triprotic,near,base,separated,3,4.256,4.838,0.17937576749824644,1,0,0.425,1,1,0,1,0,3,1,0.00491912459217847,4.6899999999999995,0.0,4.6899999999999995,4.8429191245921785,4.84,measured_success,202
404,ppo,1000404,2778,diprotic,medium,acid,separated,2,4.928,3.908,0.03373705270361764,3,1,0.425,1,0,0,1,0,4,3,0.05787548054438707,6.9399999999999995,4.72,2.22,3.850124519455613,3.85,measured_success,202
404,ppo,1000404,2779,monoprotic,near,base,single,1,2.039,2.693,0.04429949844584409,1,0,0.515,1,0,0,1,0,2,1,0.09821961354039077,3.1500000000000004,0.0,3.1500000000000004,2.791219613540391,2.79,measured_success,202
404,ppo,1000404,2780,monoprotic,medium,acid,single,1,3.682,2.548,0.07456569632820971,2,1,0.515,1,0,0,1,0,4,2,0.06949152872278752,7.21,4.38,2.83,2.6174915287227876,2.62,measured_success,202
404,ppo,1000404,2781,diprotic,medium,acid,separated,2,4.907,3.614,0.06546481551974546,1,0,0.515,1,0,0,1,0,4,1,0.07735667327825535,8.28,8.28,0.0,3.5366433267217445,3.54,measured_success,202
404,ppo,1000404,2782,monoprotic,near,acid,single,1,5.311,4.82,0.11341833126763431,1,0,0.425,1,1,0,1,0,2,1,0.029915377654081254,2.36,2.36,0.0,4.790084622345919,4.79,measured_success,202
404,ppo,1000404,2783,monoprotic,medium,base,single,1,4.621,5.399,0.09155297856181151,0,0,,1,1,0,1,0,3,0,0.04057078004376624,4.6899999999999995,0.0,4.6899999999999995,5.358429219956234,5.36,measured_success,202
404,ppo,1000404,2784,triprotic,medium,base,separated,3,7.622,9.179,0.0631591974587598,6,4,0.035,1,0,0,1,0,7,6,0.05187247268250239,11.870000000000001,5.62,6.25,9.127127527317498,9.13,measured_success,202
404,ppo,1000404,2785,diprotic,far,base,separated,2,3.805,6.457,0.033613043849980956,3,1,0.315,1,0,0,1,0,3,3,0.07202666370187227,10.350000000000001,3.24,7.11,6.529026663701872,6.53,measured_success,202
404,ppo,1000404,2786,triprotic,medium,base,separated,3,5.563,7.075,0.06431370136159191,4,1,0.085,1,1,0,1,0,5,4,0.021571028961873573,9.030000000000001,2.79,6.24,7.053428971038127,7.05,measured_success,202
404,ppo,1000404,2787,monoprotic,near,base,single,1,6.382,7.041,0.08755455743184773,3,1,0.085,1,1,0,1,0,7,3,0.022708786725939234,4.3100000000000005,1.85,2.46,7.06370878672594,7.0600000000000005,measured_success,202
404,ppo,1000404,2788,diprotic,medium,base,overlapping,2,4.024,5.893,0.043076578095094145,4,1,0.06,1,0,0,1,0,11,4,0.0769715400471549,10.73,3.12,7.609999999999999,5.816028459952845,5.82,measured_success,202
404,ppo,1000404,2789,diprotic,far,base,separated,2,6.483,9.256,0.14946225307442834,45,25,0.01,0,0,0,0,0,50,45,0.2659853269695702,15.52999999999999,7.029999999999997,8.499999999999995,9.52198532696957,9.52,max_steps,202
404,ppo,1000404,2790,diprotic,medium,base,separated,2,3.484,5.215,0.09140686234080818,3,1,0.14,1,1,0,1,0,5,3,0.01570586002989849,9.45,1.4100000000000001,8.04,5.230705860029898,5.23,measured_success,202
404,ppo,1000404,2791,monoprotic,far,base,single,1,7.91,10.238,0.14894241836461336,4,2,0.04,1,0,0,1,0,8,4,0.06661614331202159,13.480000000000002,1.56,11.920000000000002,10.171383856687978,10.17,measured_success,202
404,ppo,1000404,2792,monoprotic,medium,acid,single,1,7.988,7.113,0.0485519762412107,0,0,,1,0,0,1,0,7,0,0.0965064838477625,2.3000000000000003,2.3000000000000003,0.0,7.209506483847763,7.21,measured_success,202
404,ppo,1000404,2793,monoprotic,near,base,single,1,7.871,8.123,0.0532648966372335,0,0,,1,0,0,1,0,32,0,0.0937129531809493,0.3200000000000001,0.0,0.3200000000000001,8.02928704681905,8.03,measured_success,202
404,ppo,1000404,2794,diprotic,near,acid,separated,2,4.582,4.005,0.13623905395242417,0,0,,1,0,0,1,0,4,0,0.05526195711850779,4.0200000000000005,4.0200000000000005,0.0,4.060261957118508,4.0600000000000005,measured_success,202
404,ppo,1000404,2795,diprotic,near,base,separated,2,4.755,5.324,0.09260046813825482,1,0,0.425,1,1,0,1,0,3,1,0.024356226878996523,4.6899999999999995,0.0,4.6899999999999995,5.348356226878996,5.3500000000000005,measured_success,202
404,ppo,1000404,2796,diprotic,near,base,separated,2,4.523,4.983,0.0769359950489856,2,0,0.315,1,1,0,1,0,4,2,0.04629643079157564,4.05,1.48,2.57,4.936703569208424,4.94,measured_success,202
404,ppo,1000404,2797,monoprotic,near,base,single,1,3.679,4.041,0.0717266098075227,1,0,0.755,1,0,0,1,0,1,1,0.05823818110595269,1.51,0.0,1.51,4.099238181105953,4.1,measured_success,202
404,ppo,1000404,2798,diprotic,near,acid,separated,2,5.639,5.317,0.1746802197246289,0,0,,1,0,0,1,0,6,0,0.09751258735928658,3.92,3.92,0.0,5.414512587359287,5.41,measured_success,202
404,ppo,1000404,2799,diprotic,medium,base,separated,2,1.907,2.894,0.05990608178832263,2,1,0.21,1,1,0,1,0,5,2,0.0060295372537586545,6.14,0.42,5.72,2.8879704627462415,2.89,measured_success,202
404,ppo,1000404,2800,diprotic,near,acid,separated,2,4.275,4.0,0.12528080773260145,0,0,,1,1,0,1,0,1,0,0.02156129582884958,1.51,1.51,0.0,4.02156129582885,4.0200000000000005,measured_success,202
404,ppo,1000404,2801,monoprotic,medium,acid,single,1,7.116,5.597,0.046620764432270284,1,0,1.935,1,0,0,1,0,1,1,0.05309261449704916,3.87,3.87,0.0,5.543907385502951,5.54,measured_success,202
404,ppo,1000404,2802,triprotic,medium,acid,overlapping,3,3.17,1.676,0.03983526901890504,0,0,,1,0,0,1,0,3,0,0.07328818248566393,8.2,8.2,0.0,1.7492881824856639,1.75,measured_success,202
404,ppo,1000404,2803,monoprotic,medium,acid,single,1,5.894,4.946,0.040370580797982204,3,1,0.21,1,1,0,1,0,4,3,0.03558201787409487,6.9399999999999995,4.29,2.65,4.910417982125905,4.91,measured_success,202
404,ppo,1000404,2804,monoprotic,near,acid,single,1,6.215,5.72,0.07336910239848535,1,0,0.315,1,0,0,1,0,2,1,0.06389914542116681,2.14,2.14,0.0,5.656100854578833,5.66,measured_success,202
404,ppo,1000404,2805,diprotic,near,acid,separated,2,3.04,2.549,0.17637834787342316,0,0,,1,0,0,1,0,3,0,0.06918422194836937,4.0,4.0,0.0,2.6181842219483693,2.62,measured_success,202
404,ppo,1000404,2806,monoprotic,medium,base,single,1,6.51,7.365,0.030332703067180177,3,0,0.18,1,0,0,1,0,3,3,0.09862071053743726,3.33,0.85,2.48,7.4636207105374375,7.46,measured_success,202
404,ppo,1000404,2807,monoprotic,medium,acid,single,1,5.664,4.548,0.07656348239486223,0,0,,1,0,0,1,0,1,0,0.06450078306419904,3.87,3.87,0.0,4.612500783064199,4.61,measured_success,202
404,ppo,1000404,2808,monoprotic,near,base,single,1,2.648,3.316,0.08686257841905466,2,1,0.255,1,1,0,1,0,3,2,0.012486255516775735,3.8,0.51,3.29,3.303513744483224,3.3000000000000003,measured_success,202
404,ppo,1000404,2809,diprotic,near,base,overlapping,2,2.483,2.92,0.03240147279595864,1,0,0.755,1,1,0,1,0,1,1,0.048256879968104904,1.51,0.0,1.51,2.968256879968105,2.97,measured_success,202
404,ppo,1000404,2810,diprotic,medium,base,separated,2,3.133,4.249,0.12851654421886502,0,0,,1,0,0,1,0,13,0,0.07647038710913368,11.660000000000002,0.0,11.660000000000002,4.172529612890866,4.17,measured_success,202
404,ppo,1000404,2811,monoprotic,near,acid,single,1,3.396,3.026,0.03892773599780913,2,1,0.375,1,0,0,1,0,2,2,0.09713625679125482,2.26,1.51,0.75,3.1231362567912546,3.12,measured_success,202
404,ppo,1000404,2812,monoprotic,far,base,single,1,4.624,8.612,0.10615191699143656,6,4,0.015,1,0,0,1,0,12,6,0.0529854802210874,18.31,3.7499999999999996,14.56,8.559014519778913,8.56,measured_success,202
404,ppo,1000404,2813,monoprotic,far,acid,single,1,6.468,3.53,0.14407192867308452,6,2,0.045,1,0,0,1,0,8,6,0.09065312023839,13.41,10.74,2.67,3.62065312023839,3.62,measured_success,202
404,ppo,1000404,2814,monoprotic,medium,acid,single,1,7.077,5.667,0.11581199964948233,0,0,,1,1,0,1,0,7,0,0.04945342745456571,9.58,9.58,0.0,5.7164534274545655,5.72,measured_success,202
404,ppo,1000404,2815,diprotic,medium,acid,separated,2,3.305,1.962,0.1264262908914232,0,0,,1,0,0,1,0,6,0,0.07437863245120702,14.11,14.11,0.0,2.036378632451207,2.04,measured_success,202
404,ppo,1000404,2816,monoprotic,medium,base,single,1,4.283,5.589,0.16286448194279413,0,0,,1,0,0,1,0,9,0,0.07939092207993781,11.580000000000002,0.0,11.580000000000002,5.509609077920063,5.51,measured_success,202
404,ppo,1000404,2817,diprotic,near,base,separated,2,4.469,4.828,0.04462917503445746,2,1,0.375,1,1,0,1,0,3,2,0.005587925374928027,2.62,0.75,1.87,4.822412074625072,4.82,measured_success,202
404,ppo,1000404,2818,diprotic,medium,acid,separated,2,3.498,2.004,0.0918510306683209,0,0,,1,0,0,1,0,2,0,0.07808026069545404,7.17,7.17,0.0,2.082080260695454,2.08,measured_success,202
404,ppo,1000404,2819,triprotic,medium,base,overlapping,3,2.873,4.855,0.10048471599770165,1,1,0.425,1,1,0,1,0,9,1,0.01925759266877236,22.560000000000002,0.42,22.14,4.874257592668773,4.87,measured_success,202
404,ppo,1000404,2820,triprotic,medium,base,separated,3,2.467,4.446,0.1360762032003381,0,0,,1,1,0,1,0,6,0,0.049978486816741,12.52,0.0,12.52,4.396021513183259,4.4,measured_success,202
404,ppo,1000404,2821,triprotic,far,base,separated,3,5.421,7.972,0.04075446100513316,8,3,0.015,1,1,0,1,0,9,8,0.008592341648291146,12.71,4.210000000000001,8.5,7.963407658351709,7.96,measured_success,202
404,ppo,1000404,2822,monoprotic,near,acid,single,1,4.46,4.242,0.03152476196267754,2,1,0.265,1,0,0,1,0,3,2,0.07789487079809287,2.79,1.51,1.28,4.319894870798093,4.32,measured_success,202
404,ppo,1000404,2823,diprotic,near,acid,overlapping,2,5.382,4.712,0.1016771028075597,0,0,,0,0,0,1,1,17,0,0.10101207391406142,10.490000000000002,10.490000000000002,0.0,4.813012073914061,4.8100000000000005,measured_success,202
404,ppo,1000404,2824,monoprotic,medium,acid,single,1,5.136,3.626,0.06663026292207415,3,0,0.155,1,0,0,1,0,3,3,0.0731463620432673,5.999999999999999,5.369999999999999,0.63,3.5528536379567326,3.5500000000000003,measured_success,202
404,ppo,1000404,2825,diprotic,medium,acid,separated,2,5.38,3.54,0.12350108713403496,3,1,0.155,1,1,0,1,0,6,3,0.005868832243700162,12.08,11.23,0.85,3.5341311677563,3.5300000000000002,measured_success,202
404,ppo,1000404,2826,diprotic,medium,acid,separated,2,4.468,2.809,0.046080650981226004,1,0,0.315,1,1,0,1,0,3,1,0.047010824584334365,5.999999999999999,5.6899999999999995,0.31,2.761989175415666,2.7600000000000002,measured_success,202
404,ppo,1000404,2827,diprotic,near,base,separated,2,2.222,2.703,0.17112286219328152,0,0,,1,1,0,1,0,4,0,0.027417389500603573,4.0200000000000005,0.0,4.0200000000000005,2.6755826104993963,2.68,measured_success,202
404,ppo,1000404,2828,monoprotic,near,acid,single,1,3.303,2.706,0.06740723882819488,3,3,0.21,1,0,0,1,0,6,3,0.06371030936718425,7.94,4.32,3.62,2.6422896906328157,2.64,measured_success,202
404,ppo,1000404,2829,triprotic,far,base,separated,3,2.386,4.819,0.06667621748951055,1,0,0.265,1,1,0,1,0,6,1,0.0010253148231749165,15.799999999999999,0.0,15.799999999999999,4.820025314823175,4.82,measured_success,202
404,ppo,1000404,2830,triprotic,medium,base,separated,3,3.031,3.742,0.14915175594580096,0,0,,1,0,0,1,0,4,0,0.0541937268167354,5.5,0.0,5.5,3.6878062731832646,3.69,measured_success,202
404,ppo,1000404,2831,diprotic,near,acid,overlapping,2,6.286,5.82,0.05973862555719676,2,1,0.18,1,0,0,1,0,3,2,0.059274255749244276,2.62,1.51,1.1099999999999999,5.879274255749245,5.88,measured_success,202
404,ppo,1000404,2832,diprotic,near,acid,overlapping,2,2.329,2.063,0.08887090532866249,0,0,,1,0,0,1,0,1,0,0.0973117843617719,2.12,2.12,0.0,2.160311784361772,2.16,measured_success,202
404,ppo,1000404,2833,triprotic,far,acid,overlapping,3,5.282,2.431,0.0529811902323553,0,0,,1,0,0,1,0,4,0,0.0519030895564514,16.990000000000002,16.990000000000002,0.0,2.4829030895564514,2.48,measured_success,202
404,ppo,1000404,2834,monoprotic,medium,base,single,1,5.467,6.182,0.04162900890710285,2,0,0.315,1,0,0,1,0,4,2,0.06703280956615743,4.05,1.48,2.57,6.114967190433843,6.11,measured_success,202
404,ppo,1000404,2835,monoprotic,near,base,single,1,7.031,7.483,0.09828273980490933,1,0,1.06,1,0,0,1,0,1,1,0.07000975520350305,2.12,0.0,2.12,7.553009755203503,7.55,measured_success,202
404,ppo,1000404,2836,monoprotic,near,base,single,1,4.967,5.212,0.03424399682271347,0,0,,1,0,0,1,0,18,0,0.09107928071752447,0.18000000000000002,0.0,0.18000000000000002,5.120920719282475,5.12,measured_success,202
404,ppo,1000404,2837,triprotic,far,acid,separated,3,4.791,1.948,0.03283663772731586,0,0,,1,1,0,1,0,3,0,0.038290351345163565,7.33,7.33,0.0,1.9862903513451635,1.99,measured_success,202
404,ppo,1000404,2838,monoprotic,medium,acid,single,1,7.014,5.989,0.07850115861742882,2,0,0.315,1,1,0,1,0,3,2,0.028030080671416435,4.81,4.18,0.63,6.017030080671416,6.0200000000000005,measured_success,202
404,ppo,1000404,2839,diprotic,medium,base,overlapping,2,5.092,6.812,0.05801187303314571,3,0,0.155,1,0,0,1,0,5,3,0.07718526202007414,8.89,0.85,8.040000000000001,6.889185262020074,6.890000000000001,measured_success,202
404,ppo,1000404,2840,triprotic,medium,acid,separated,3,7.334,6.256,0.08739411106134444,0,0,,1,1,0,1,0,3,0,0.043623858450589026,4.81,4.81,0.0,6.299623858450589,6.3,measured_success,202
404,ppo,1000404,2841,diprotic,medium,base,separated,2,4.436,6.289,0.1346560953791783,0,0,,1,0,0,1,0,20,0,0.09070997248152501,18.11000000000002,0.0,18.11000000000002,6.198290027518475,6.2,measured_success,202
404,ppo,1000404,2842,diprotic,near,acid,separated,2,3.52,3.018,0.08019315607628244,0,0,,1,0,0,1,0,2,0,0.0844685489101602,3.21,3.21,0.0,3.10246854891016,3.1,measured_success,202
404,ppo,1000404,2843,diprotic,medium,acid,separated,2,4.651,3.136,0.09428374062235427,0,0,,1,1,0,1,0,4,0,0.022213726940355727,8.74,8.74,0.0,3.158213726940356,3.16,measured_success,202
404,ppo,1000404,2844,diprotic,medium,base,separated,2,3.824,4.877,0.08522887949246474,3,1,0.155,1,0,0,1,0,5,3,0.08655983073702789,5.3,0.79,4.51,4.963559830737028,4.96,measured_success,202
404,ppo,1000404,2845,monoprotic,medium,base,single,1,4.375,5.808,0.031037488641672942,4,1,0.06,1,0,0,1,0,10,4,0.07279263068101471,10.46,4.500000000000001,5.959999999999999,5.735207369318985,5.74,measured_success,202
404,ppo,1000404,2846,monoprotic,near,base,single,1,5.008,5.64,0.16099896031747163,0,0,,1,0,0,1,0,5,0,0.0686778046585319,5.529999999999999,0.0,5.529999999999999,5.571322195341468,5.57,measured_success,202
404,ppo,1000404,2847,monoprotic,medium,base,single,1,7.252,8.47,0.1340129907076924,0,0,,1,0,0,1,0,10,0,0.09175381170013885,9.44,0.0,9.44,8.378246188299862,8.38,measured_success,202
404,ppo,1000404,2848,monoprotic,far,acid,single,1,6.755,3.201,0.1375424599067792,1,0,3.93,1,0,0,1,0,4,1,0.0933196112294099,12.04,7.86,4.18,3.10768038877059,3.11,measured_success,202
404,ppo,1000404,2849,diprotic,near,acid,overlapping,2,3.942,3.466,0.15082754063520643,0,0,,1,0,0,1,0,13,0,0.0960534243482476,9.690000000000001,9.690000000000001,0.0,3.562053424348248,3.56,measured_success,202
404,ppo,1000404,2850,monoprotic,medium,base,single,1,6.224,7.083,0.13818970430376462,0,0,,1,0,0,1,0,8,0,0.057099548523249055,6.0699999999999985,0.0,6.0699999999999985,7.025900451476751,7.03,measured_success,202
404,ppo,1000404,2851,diprotic,medium,base,separated,2,1.628,3.142,0.08543655807102493,0,0,,1,0,0,1,0,7,0,0.05079239143136993,8.47,0.0,8.47,3.09120760856863,3.09,measured_success,202
404,ppo,1000404,2852,monoprotic,far,base,single,1,2.281,4.46,0.11145688321077883,2,2,0.06,1,0,0,1,0,8,2,0.08756182723652639,11.02,1.29,9.73,4.372438172763474,4.37,measured_success,202
404,ppo,1000404,2853,triprotic,medium,acid,overlapping,3,3.441,2.316,0.04580844297234515,0,0,,1,0,0,1,0,3,0,0.06746039432144624,6.7,6.7,0.0,2.383460394321446,2.38,measured_success,202
404,ppo,1000404,2854,diprotic,near,acid,separated,2,5.14,4.827,0.0986022900528813,1,0,0.755,1,0,0,1,0,1,1,0.051667619091634975,1.51,1.51,0.0,4.775332380908365,4.78,measured_success,202
404,ppo,1000404,2855,monoprotic,medium,acid,single,1,8.275,7.523,0.07739097228551722,0,0,,0,0,1,0,0,50,0,0.558543005290062,0.6600000000000004,0.6600000000000004,0.0,8.081543005290062,8.08,max_steps,202
404,ppo,1000404,2856,monoprotic,near,acid,single,1,4.632,4.234,0.0441424611348937,2,1,0.155,1,0,0,1,0,3,2,0.06795786520545022,2.5700000000000003,1.51,1.06,4.30195786520545,4.3,measured_success,202
404,ppo,1000404,2857,triprotic,far,acid,separated,3,6.069,2.444,0.11542225225038363,0,0,,1,1,0,1,0,4,0,0.03390094822953671,16.94,16.94,0.0,2.4779009482295367,2.48,measured_success,202
404,ppo,1000404,2858,triprotic,medium,base,separated,3,6.584,7.976,0.03887694298009756,3,1,0.18,1,1,0,1,0,5,3,0.03971979875122411,10.39,4.15,6.24,8.015719798751224,8.02,measured_success,202
404,ppo,1000404,2859,monoprotic,medium,base,single,1,4.365,6.01,0.03378697103187213,4,2,0.085,1,0,0,1,0,7,4,0.07809131476760989,10.64,4.32,6.32,5.93190868523239,5.93,measured_success,202
404,ppo,1000404,2860,triprotic,near,base,separated,3,1.755,1.97,0.055016737194741566,1,0,1.06,1,0,0,1,0,1,1,0.06668672716978885,2.12,0.0,2.12,2.036686727169789,2.04,measured_success,202
404,ppo,1000404,2861,diprotic,medium,acid,separated,2,4.675,3.095,0.0982138898901568,2,1,0.27,1,1,0,1,0,5,2,0.03596390248403614,8.64,7.25,1.3900000000000001,3.1309639024840363,3.13,measured_success,202
404,ppo,1000404,2862,diprotic,medium,base,separated,2,5.623,6.445,0.06591879011069593,0,0,,1,0,0,1,0,3,0,0.07315428108218036,4.1899999999999995,0.0,4.1899999999999995,6.37184571891782,6.37,measured_success,202
404,ppo,1000404,2863,triprotic,medium,acid,separated,3,5.246,3.374,0.030140010221344028,1,0,0.315,1,0,0,1,0,2,1,0.08212626616926455,5.6899999999999995,5.6899999999999995,0.0,3.2918737338307356,3.29,measured_success,202
404,ppo,1000404,2864,diprotic,medium,base,separated,2,5.297,6.231,0.04317961142019371,2,0,0.18,1,1,0,1,0,3,2,0.043813600781101414,3.4699999999999998,0.36,3.11,6.1871863992188985,6.19,measured_success,202
404,ppo,1000404,2865,monoprotic,medium,base,single,1,7.569,8.294,0.06741800666400433,0,0,,1,1,0,1,0,2,0,0.030962526260282175,3.1100000000000003,0.0,3.1100000000000003,8.263037473739718,8.26,measured_success,202
404,ppo,1000404,2866,monoprotic,near,acid,single,1,4.251,3.967,0.05423306322518806,2,1,0.375,1,0,0,1,0,2,2,0.05402860448976776,2.26,1.51,0.75,4.021028604489768,4.0200000000000005,measured_success,202
404,ppo,1000404,2867,monoprotic,medium,acid,single,1,3.993,2.982,0.0971736268003515,1,0,0.515,1,0,0,1,0,3,1,0.05025600121979412,6.7,6.7,0.0,2.931743998780206,2.93,measured_success,202
404,ppo,1000404,2868,monoprotic,medium,base,single,1,3.223,5.14,0.04376535355386332,5,2,0.055,1,1,0,1,0,6,5,0.018700129815962363,9.6,2.85,6.75,5.158700129815962,5.16,measured_success,202
404,ppo,1000404,2869,monoprotic,medium,acid,single,1,7.983,7.2,0.12843541106470885,0,0,,1,0,0,1,0,9,0,0.07000401401573253,4.08,4.08,0.0,7.270004014015733,7.2700000000000005,measured_success,202
404,ppo,1000404,2870,diprotic,near,acid,separated,2,4.99,4.379,0.05581894459344328,1,0,0.425,1,1,0,1,0,2,1,0.02740966890182328,2.36,2.36,0.0,4.351590331098176,4.3500000000000005,measured_success,202
404,ppo,1000404,2871,monoprotic,medium,base,single,1,2.3,3.424,0.0711962240416867,2,0,0.09,1,1,0,1,0,6,2,0.0013573568861215968,5.31,0.62,4.6899999999999995,3.4226426431138783,3.42,measured_success,202
404,ppo,1000404,2872,diprotic,near,base,separated,2,2.865,3.182,0.11501427160124722,0,0,,1,0,0,1,0,2,0,0.06812221885243241,2.54,0.0,2.54,3.1138777811475675,3.11,measured_success,202
404,ppo,1000404,2873,triprotic,near,base,separated,3,3.23,3.669,0.10122035708579773,0,0,,1,0,0,1,0,2,0,0.06856452209135311,2.36,0.0,2.36,3.600435477908647,3.6,measured_success,202
404,ppo,1000404,2874,triprotic,near,base,overlapping,3,4.757,5.23,0.06123500590964851,2,0,0.425,1,1,0,1,0,3,2,0.044881354814663155,3.8200000000000003,1.7,2.12,5.185118645185337,5.19,measured_success,202
404,ppo,1000404,2875,triprotic,medium,acid,separated,3,2.839,1.833,0.1551205362896505,0,0,,1,0,0,1,0,12,0,0.09402296495317342,18.92,18.92,0.0,1.9270229649531734,1.93,measured_success,202
404,ppo,1000404,2876,diprotic,near,base,separated,2,4.004,4.642,0.03396388212957881,3,1,0.21,1,1,0,1,0,3,3,0.04056842678939443,3.53,0.85,2.6799999999999997,4.682568426789395,4.68,measured_success,202
404,ppo,1000404,2877,diprotic,near,acid,separated,2,3.82,3.17,0.032679989585882314,3,1,0.255,1,1,0,1,0,3,3,0.011094176391181598,3.7200000000000006,2.6900000000000004,1.03,3.1589058236088183,3.16,measured_success,202
404,ppo,1000404,2878,diprotic,far,base,separated,2,4.464,7.748,0.13014245638622113,6,2,0.015,1,0,0,1,0,9,6,0.07315100198713775,11.69,3.42,8.27,7.6748489980128625,7.67,measured_success,202
404,ppo,1000404,2879,monoprotic,medium,base,single,1,4.055,4.832,0.10201401309948648,0,0,,1,0,0,1,0,2,0,0.09220511088944061,3.84,0.0,3.84,4.739794889110559,4.74,measured_success,202
404,ppo,1000404,2880,monoprotic,medium,base,single,1,5.252,6.056,0.11619161263554045,3,0,0.085,1,0,0,1,0,6,3,0.09092842755738406,4.369999999999999,1.77,2.5999999999999996,6.146928427557384,6.15,measured_success,202
404,ppo,1000404,2881,monoprotic,medium,base,single,1,7.691,8.867,0.13507513121615103,0,0,,1,0,0,1,0,45,0,0.09343307116338195,7.649999999999998,0.0,7.649999999999998,8.773566928836619,8.77,measured_success,202
404,ppo,1000404,2882,triprotic,far,base,separated,3,4.128,8.053,0.06345418347654531,41,23,0.01,0,0,1,0,0,50,41,0.8573762876001148,19.639999999999986,7.699999999999996,11.939999999999992,8.910376287600116,8.91,max_steps,202
404,ppo,1000404,2883,monoprotic,near,acid,single,1,2.246,1.587,0.058428809326696696,0,0,,1,1,0,1,0,2,0,0.00483649447743173,5.28,5.28,0.0,1.5918364944774317,1.59,measured_success,202
404,ppo,1000404,2884,triprotic,near,base,separated,3,4.671,5.29,0.09385232195864594,0,0,,1,0,0,1,0,2,0,0.09443451314389772,3.84,0.0,3.84,5.195565486856102,5.2,measured_success,202
404,ppo,1000404,2885,triprotic,medium,base,separated,3,8.016,10.0,0.060873388849526026,4,2,0.02,1,0,0,1,0,11,4,0.0813266955649965,10.04,4.13,5.909999999999999,9.918673304435004,9.92,measured_success,202
404,ppo,1000404,2886,triprotic,far,base,separated,3,3.186,6.634,0.07277865287858225,0,0,,1,0,0,1,0,8,0,0.06657982681842256,19.54,0.0,19.54,6.567420173181578,6.57,measured_success,202
404,ppo,1000404,2887,monoprotic,medium,acid,single,1,7.661,6.384,0.13596264528642255,2,1,0.965,1,0,0,1,0,3,2,0.06179153246921665,6.6499999999999995,4.72,1.93,6.445791532469217,6.45,measured_success,202
404,ppo,1000404,2888,triprotic,near,base,separated,3,7.489,8.172,0.11597421895255221,0,0,,1,0,0,1,0,4,0,0.07821971962495411,4.359999999999999,0.0,4.359999999999999,8.093780280375046,8.09,measured_success,202
404,ppo,1000404,2889,monoprotic,near,base,single,1,5.897,6.225,0.10305740276801158,1,0,1.06,1,1,0,1,0,2,1,0.026139057369118035,2.75,0.63,2.12,6.251139057369118,6.25,measured_success,202
404,ppo,1000404,2890,monoprotic,medium,base,single,1,6.343,7.354,0.17032055987220107,0,0,,1,0,0,1,0,10,0,0.05493443730813308,10.470000000000002,0.0,10.470000000000002,7.299065562691867,7.3,measured_success,202
404,ppo,1000404,2891,triprotic,medium,base,separated,3,4.869,6.191,0.15182993781035406,0,0,,1,0,0,1,0,23,0,0.0897506923189253,13.749999999999998,0.0,13.749999999999998,6.1012493076810745,6.1000000000000005,measured_success,202
404,ppo,1000404,2892,monoprotic,near,base,single,1,3.913,4.18,0.03436963972238659,1,1,0.755,1,1,0,1,0,2,1,0.0035951365725850337,2.26,0.75,1.51,4.183595136572585,4.18,measured_success,202
404,ppo,1000404,2893,monoprotic,far,base,single,1,2.33,5.074,0.06036900222780854,4,1,0.075,1,1,0,1,0,8,4,0.009002505443389097,13.5,2.6799999999999997,10.82,5.064997494556611,5.0600000000000005,measured_success,202
404,ppo,1000404,2894,diprotic,near,base,separated,2,4.079,4.68,0.048551413813689895,1,0,1.13,1,1,0,1,0,1,1,0.01675640473162865,2.26,0.0,2.26,4.696756404731628,4.7,measured_success,202
404,ppo,1000404,2895,monoprotic,medium,acid,single,1,8.391,6.859,0.050744708503394916,0,0,,0,0,1,0,0,50,0,0.9252323485282687,1.500000000000001,1.500000000000001,0.0,7.784232348528269,7.78,max_steps,202
404,ppo,1000404,2896,monoprotic,far,acid,single,1,9.611,6.836,0.12036655222606918,0,0,,0,0,1,0,0,50,0,2.0728207252090503,1.500000000000001,1.500000000000001,0.0,8.90882072520905,8.91,max_steps,202
404,ppo,1000404,2897,triprotic,near,acid,separated,3,2.383,1.96,0.1637364518543433,0,0,,1,0,0,1,0,2,0,0.08762201450737983,3.1500000000000004,3.1500000000000004,0.0,2.04762201450738,2.05,measured_success,202
404,ppo,1000404,2898,monoprotic,medium,base,single,1,5.757,7.601,0.08256257945576272,0,0,,1,0,0,1,0,13,0,0.0794615430196286,7.9799999999999995,0.0,7.9799999999999995,7.521538456980371,7.5200000000000005,measured_success,202
404,ppo,1000404,2899,triprotic,medium,base,separated,3,4.244,6.029,0.06577617631666446,2,0,0.315,1,1,0,1,0,3,2,0.04177138919679102,6.73,1.48,5.25,5.987228610803209,5.99,measured_success,202
404,ppo,1000404,2900,triprotic,medium,base,separated,3,2.383,3.378,0.03361971989854562,2,1,0.255,1,1,0,1,0,3,2,0.012728447153584455,3.8,0.51,3.29,3.3652715528464157,3.37,measured_success,202
404,ppo,1000404,2901,monoprotic,medium,acid,single,1,5.37,3.784,0.16329173819491513,0,0,,1,0,0,1,0,5,0,0.0554180242904323,12.929999999999998,12.929999999999998,0.0,3.839418024290432,3.84,measured_success,202
404,ppo,1000404,2902,triprotic,medium,acid,separated,3,6.901,5.637,0.14952268484805337,0,0,,1,0,0,1,0,9,0,0.06879619209950416,8.930000000000001,8.930000000000001,0.0,5.705796192099504,5.71,measured_success,202
404,ppo,1000404,2903,monoprotic,near,acid,single,1,3.411,2.898,0.06815793366353479,3,1,0.255,1,0,0,1,0,3,3,0.09992436773895319,3.7200000000000006,2.6900000000000004,1.03,2.798075632261047,2.8000000000000003,measured_success,202
404,ppo,1000404,2904,triprotic,near,base,separated,3,6.044,6.518,0.169560421126422,2,0,0.315,1,0,0,1,0,4,2,0.05273567459230488,3.91,1.48,2.43,6.465264325407695,6.47,measured_success,202
404,ppo,1000404,2905,monoprotic,far,acid,single,1,3.957,1.652,0.1166360672967391,0,0,,1,1,0,1,0,1,0,0.016097319964170298,6.07,6.07,0.0,1.6680973199641702,1.67,measured_success,202
404,ppo,1000404,2906,monoprotic,medium,acid,single,1,5.613,4.889,0.11081094733271994,0,0,,1,1,0,1,0,7,0,0.03626311692463258,5.049999999999999,5.049999999999999,0.0,4.925263116924633,4.93,measured_success,202
404,ppo,1000404,2907,diprotic,near,base,overlapping,2,3.23,3.777,0.1445772007229068,0,0,,1,0,0,1,0,7,0,0.0953249277237509,6.969999999999999,0.0,6.969999999999999,3.6816750722762492,3.68,measured_success,202
404,ppo,1000404,2908,diprotic,medium,acid,separated,2,7.32,6.364,0.030452203105464107,2,0,0.425,1,1,0,1,0,2,2,0.010313738632507174,2.97,2.12,0.85,6.374313738632507,6.37,measured_success,202
404,ppo,1000404,2909,diprotic,near,acid,separated,2,2.644,2.273,0.07469157718896996,2,0,0.515,1,0,0,1,0,2,2,0.08472037342072314,3.1500000000000004,2.12,1.03,2.3577203734207233,2.36,measured_success,202
404,ppo,1000404,2910,monoprotic,near,acid,single,1,7.908,7.4,0.11527326748545841,0,0,,0,0,0,0,0,50,0,0.394483941039379,0.5000000000000002,0.5000000000000002,0.0,7.794483941039379,7.79,max_steps,202
404,ppo,1000404,2911,triprotic,near,base,separated,3,2.776,3.005,0.0828837600640992,2,1,0.375,1,0,0,1,0,2,2,0.052024192763768795,2.26,0.75,1.51,2.952975807236231,2.95,measured_success,202
404,ppo,1000404,2912,triprotic,medium,acid,separated,3,4.554,3.681,0.04729611371831233,1,0,1.935,1,1,0,1,0,2,1,0.04252085611919565,4.5,3.87,0.63,3.6384791438808044,3.64,measured_success,202
404,ppo,1000404,2913,monoprotic,near,base,single,1,7.414,7.791,0.07985397479277227,1,0,1.06,0,0,0,1,1,1,1,0.10278904383967458,2.12,0.0,2.12,7.893789043839675,7.890000000000001,measured_success,202
404,ppo,1000404,2914,diprotic,far,base,overlapping,2,3.971,7.441,0.06945973190665777,4,3,0.015,1,1,0,1,0,10,4,0.048671763421421765,15.509999999999998,3.2699999999999996,12.239999999999998,7.392328236578578,7.390000000000001,measured_success,202
404,ppo,1000404,2915,diprotic,near,acid,separated,2,3.003,2.589,0.1536412711813982,0,0,,1,1,0,1,0,1,0,0.019275990711973723,2.12,2.12,0.0,2.6082759907119737,2.61,measured_success,202
404,ppo,1000404,2916,diprotic,near,base,separated,2,2.375,3.007,0.03433811326949526,1,0,1.06,1,1,0,1,0,1,1,0.04504005705756464,2.12,0.0,2.12,3.0520400570575648,3.0500000000000003,measured_success,202
404,ppo,1000404,2917,monoprotic,medium,base,single,1,2.766,3.65,0.03762183834903296,2,1,0.155,1,1,0,1,0,4,2,0.0350572130288902,4.11,0.8200000000000001,3.29,3.6149427869711097,3.61,measured_success,202
404,ppo,1000404,2918,diprotic,near,acid,separated,2,3.326,2.957,0.03115798116978965,2,2,0.27,1,1,0,1,0,4,2,0.01965879638157464,3.0700000000000003,1.78,1.29,2.9766587963815745,2.98,measured_success,202
404,ppo,1000404,2919,triprotic,near,base,separated,3,5.803,6.396,0.04687929670324524,3,0,0.085,1,0,0,1,0,6,3,0.09302237526961488,4.640000000000001,2.04,2.6,6.489022375269615,6.49,measured_success,202
404,ppo,1000404,2920,monoprotic,far,base,single,1,6.037,9.487,0.07257884977937412,42,28,0.01,0,0,1,0,0,50,42,0.5670263396756692,20.88999999999999,10.349999999999996,10.539999999999994,8.919973660324331,8.92,max_steps,202
404,ppo,1000404,2921,triprotic,near,acid,separated,3,2.291,1.816,0.03169831490390759,2,0,0.515,1,1,0,1,0,2,2,0.049642487371277744,4.51,3.48,1.03,1.8656424873712778,1.87,measured_success,202
404,ppo,1000404,2922,triprotic,far,base,separated,3,6.595,9.349,0.11533160072767469,44,22,0.01,0,0,0,0,0,50,44,0.1862830606288064,17.139999999999993,7.439999999999997,9.699999999999996,9.162716939371194,9.16,max_steps,202
404,ppo,1000404,2923,triprotic,far,base,separated,3,5.325,8.734,0.06399550645205852,3,0,0.18,1,0,0,1,0,8,3,0.051437408504236615,10.77,2.2199999999999998,8.549999999999999,8.785437408504237,8.790000000000001,measured_success,202
404,ppo,1000404,2924,triprotic,medium,acid,separated,3,5.78,4.159,0.10162064103270224,0,0,,1,0,0,1,0,1,0,0.06034550899282021,5.06,5.06,0.0,4.21934550899282,4.22,measured_success,202
404,ppo,1000404,2925,triprotic,far,acid,separated,3,7.152,3.704,0.09658071776005171,1,0,1.82,1,0,0,1,0,3,1,0.08630026662811252,14.84,14.84,0.0,3.6176997333718877,3.62,measured_success,202
404,ppo,1000404,2926,monoprotic,near,acid,single,1,4.126,3.595,0.12864934838015313,0,0,,1,1,0,1,0,4,0,0.04557963353003691,4.0200000000000005,4.0200000000000005,0.0,3.640579633530037,3.64,measured_success,202
404,ppo,1000404,2927,triprotic,near,acid,separated,3,2.262,1.906,0.11037505968178468,0,0,,1,0,0,1,0,2,0,0.08200213363810183,3.1500000000000004,3.1500000000000004,0.0,1.9880021336381017,1.99,measured_success,202
404,ppo,1000404,2928,triprotic,far,acid,separated,3,5.953,3.307,0.12206131855715219,0,0,,1,0,0,1,0,11,0,0.061721068919499356,29.17,29.17,0.0,3.3687210689194993,3.37,measured_success,202
404,ppo,1000404,2929,diprotic,medium,base,separated,2,4.52,5.623,0.06616107520878976,3,0,0.315,1,0,0,1,0,3,3,0.07148520988705176,6.2,1.53,4.67,5.694485209887052,5.69,measured_success,202
404,ppo,1000404,2930,monoprotic,medium,base,single,1,4.48,5.499,0.0497453594774059,4,1,0.06,1,0,0,1,0,11,4,0.067439441336556,4.699999999999998,1.9699999999999998,2.7299999999999986,5.431560558663444,5.43,measured_success,202
404,ppo,1000404,2931,diprotic,medium,acid,separated,2,4.546,2.741,0.11343404917059728,0,0,,1,1,0,1,0,4,0,0.014512992144854575,11.65,11.65,0.0,2.7555129921448547,2.7600000000000002,measured_success,202
404,ppo,1000404,2932,monoprotic,far,base,single,1,4.02,6.509,0.031495369597721666,44,3,0.01,0,0,0,0,0,50,44,0.14328130364295077,11.769999999999992,4.989999999999997,6.779999999999996,6.36571869635705,6.37,max_steps,202
404,ppo,1000404,2933,monoprotic,near,acid,single,1,7.971,7.594,0.09619133488223128,0,0,,0,0,0,0,0,50,0,0.259895852361514,0.5000000000000002,0.5000000000000002,0.0,7.853895852361514,7.8500000000000005,max_steps,202
404,ppo,1000404,2934,diprotic,far,base,separated,2,2.119,5.328,0.14586050820043747,0,0,,1,0,0,1,0,11,0,0.08541689822452891,20.729999999999997,0.0,20.729999999999997,5.242583101775471,5.24,measured_success,202
404,ppo,1000404,2935,monoprotic,medium,base,single,1,8.241,9.217,0.09102745403652393,0,0,,1,1,0,1,0,22,0,0.047159090941230275,3.739999999999999,0.0,3.739999999999999,9.16984090905877,9.17,measured_success,202
404,ppo,1000404,2936,diprotic,far,acid,separated,2,5.689,3.285,0.1002784020521234,2,0,0.27,1,0,0,1,0,6,2,0.06471831980361031,16.540000000000003,15.150000000000002,1.3900000000000001,3.3497183198036105,3.35,measured_success,202
404,ppo,1000404,2937,monoprotic,medium,base,single,1,5.082,7.013,0.06599604164344876,4,3,0.03,1,1,0,1,0,5,4,0.006863942337474782,6.23,0.32,5.91,7.006136057662525,7.01,measured_success,202
404,ppo,1000404,2938,monoprotic,far,base,single,1,2.635,6.127,0.13835196824805118,45,26,0.01,0,0,1,0,0,50,45,2.4746679596350516,11.559999999999992,3.8699999999999957,7.689999999999996,8.601667959635051,8.6,max_steps,202
404,ppo,1000404,2939,monoprotic,near,acid,single,1,6.712,6.129,0.07054174411891787,0,0,,1,1,0,1,0,3,0,0.03141456538609866,2.45,2.45,0.0,6.160414565386098,6.16,measured_success,202
404,ppo,1000404,2940,triprotic,medium,base,separated,3,2.362,4.11,0.1273821082830069,0,0,,1,1,0,1,0,4,0,0.019884192381378618,10.19,0.0,10.19,4.090115807618622,4.09,measured_success,202
404,ppo,1000404,2941,monoprotic,near,acid,single,1,4.811,4.53,0.0372080592614366,2,1,0.155,1,1,0,1,0,3,2,0.04134014392532048,2.5700000000000003,1.51,1.06,4.571340143925321,4.57,measured_success,202
404,ppo,1000404,2942,monoprotic,near,base,single,1,8.139,8.594,0.11456985925171673,0,0,,0,0,0,0,0,50,0,0.3938268826028395,0.5000000000000002,0.0,0.5000000000000002,8.20017311739716,8.2,max_steps,202
404,ppo,1000404,2943,triprotic,far,base,overlapping,3,4.132,6.485,0.14781849680559095,3,2,0.055,1,1,0,1,0,8,3,0.03067541716406108,21.410000000000004,0.28,21.130000000000003,6.515675417164061,6.5200000000000005,measured_success,202
404,ppo,1000404,2944,diprotic,far,acid,overlapping,2,4.307,2.262,0.0460371508253228,1,0,0.425,1,1,0,1,0,6,0,0.0026774586533329092,11.239999999999998,11.239999999999998,0.0,2.264677458653333,2.2600000000000002,measured_success,202
404,ppo,1000404,2945,diprotic,medium,base,separated,2,1.823,2.738,0.08403520315074693,0,0,,1,1,0,1,0,3,0,0.038214987463193406,4.14,0.0,4.14,2.6997850125368066,2.7,measured_success,202
404,ppo,1000404,2946,triprotic,medium,acid,separated,3,5.241,4.136,0.12820157169715363,0,0,,1,0,0,1,0,8,0,0.07901824224691989,9.580000000000002,9.580000000000002,0.0,4.21501824224692,4.22,measured_success,202
404,ppo,1000404,2947,monoprotic,near,acid,single,1,8.164,7.6,0.1514026211332812,0,0,,0,0,0,0,0,50,0,0.4872726982353779,0.5000000000000002,0.5000000000000002,0.0,8.087272698235378,8.09,max_steps,202
404,ppo,1000404,2948,monoprotic,medium,base,single,1,5.289,6.236,0.06510699136135675,0,0,,1,1,0,1,0,1,0,0.025932585794728347,2.26,0.0,2.26,6.210067414205271,6.21,measured_success,202
404,ppo,1000404,2949,monoprotic,medium,base,single,1,3.007,3.947,0.17617605064763528,0,0,,1,0,0,1,0,5,0,0.0900172047447505,6.26,0.0,6.26,3.8569827952552496,3.86,measured_success,202
404,ppo,1000404,2950,triprotic,far,base,separated,3,5.463,8.052,0.11721675833632467,6,4,0.015,1,1,0,1,0,12,6,0.03758433433731767,15.030000000000001,6.690000000000001,8.34,8.014415665662682,8.01,measured_success,202
404,ppo,1000404,2951,triprotic,far,acid,separated,3,5.504,2.686,0.05542656198549491,1,0,0.315,1,0,0,1,0,2,1,0.09281978651595235,6.7,6.7,0.0,2.5931802134840476,2.59,measured_success,202
404,ppo,1000404,2952,diprotic,near,acid,overlapping,2,4.622,4.342,0.06479804111419352,0,0,,1,0,0,1,0,1,0,0.09823460939826756,1.51,1.51,0.0,4.440234609398267,4.44,measured_success,202
404,ppo,1000404,2953,monoprotic,medium,acid,single,1,3.17,1.52,0.06373621723704097,0,0,,1,1,0,1,0,1,0,0.02479997326560124,4.67,4.67,0.0,1.5447999732656013,1.54,measured_success,202
404,ppo,1000404,2954,monoprotic,near,base,single,1,7.722,8.091,0.03761571455349403,0,0,,0,0,0,0,0,50,0,0.18504560920449187,0.5000000000000002,0.0,0.5000000000000002,7.905954390795507,7.91,max_steps,202
404,ppo,1000404,2955,monoprotic,near,acid,single,1,7.422,6.913,0.13691341649157224,0,0,,1,0,0,1,0,2,0,0.07509816610583009,2.14,2.14,0.0,6.98809816610583,6.99,measured_success,202
404,ppo,1000404,2956,triprotic,far,acid,separated,3,5.496,1.622,0.037864636266108094,0,0,,1,0,0,1,0,4,0,0.07637045938121179,12.66,12.66,0.0,1.698370459381212,1.7,measured_success,202
404,ppo,1000404,2957,monoprotic,medium,base,single,1,5.642,6.44,0.06969264858193,0,0,,1,0,0,1,0,2,0,0.05601169706640885,3.5599999999999996,0.0,3.5599999999999996,6.3839883029335915,6.38,measured_success,202
404,ppo,1000404,2958,monoprotic,medium,acid,single,1,7.344,5.605,0.10687276220520545,4,1,0.04,1,1,0,1,0,7,4,0.0395867668121852,9.01,8.08,0.9299999999999999,5.644586766812186,5.64,measured_success,202
404,ppo,1000404,2959,triprotic,near,acid,separated,3,2.702,2.071,0.06805151811713554,2,0,0.425,1,1,0,1,0,3,2,0.01928919137887375,5.359999999999999,3.48,1.88,2.090289191378874,2.09,measured_success,202
404,ppo,1000404,2960,diprotic,medium,base,overlapping,2,3.853,4.673,0.16378842097164817,0,0,,1,0,0,1,0,10,0,0.08207052764843858,7.089999999999997,0.0,7.089999999999997,4.5909294723515615,4.59,measured_success,202
404,ppo,1000404,2961,diprotic,medium,acid,separated,2,3.821,2.283,0.13645932041142028,0,0,,1,0,0,1,0,3,0,0.07972844690061764,8.01,8.01,0.0,2.3627284469006176,2.36,measured_success,202
404,ppo,1000404,2962,monoprotic,near,acid,single,1,4.185,3.523,0.13579979157642424,4,2,0.105,1,1,0,1,0,4,4,0.03340674344335648,3.66,2.6,1.06,3.5564067434433566,3.56,measured_success,202
404,ppo,1000404,2963,monoprotic,far,base,single,1,7.105,10.02,0.12278059286569601,5,1,0.04,1,1,0,1,0,7,5,0.03531064253787619,9.86,2.4499999999999997,7.41,10.055310642537876,10.06,measured_success,202
404,ppo,1000404,2964,diprotic,far,acid,separated,2,5.921,2.465,0.07543091250314826,3,1,0.13,1,1,0,1,0,5,3,0.017220505460372237,12.92,11.76,1.1600000000000001,2.4477794945396276,2.45,measured_success,202
404,ppo,1000404,2965,diprotic,far,acid,overlapping,2,6.159,2.439,0.08422754366625519,0,0,,1,0,0,1,0,4,0,0.09232508402035844,19.73,19.73,0.0,2.5313250840203585,2.5300000000000002,measured_success,202
404,ppo,1000404,2966,diprotic,medium,acid,separated,2,4.602,3.257,0.05150146757934666,3,1,0.315,1,1,0,1,0,5,3,0.04927858343642777,7.459999999999999,5.35,2.11,3.2077214165635723,3.21,measured_success,202
404,ppo,1000404,2967,monoprotic,far,base,single,1,6.018,10.016,0.14066015038188467,5,4,0.03,1,1,0,1,0,10,5,0.024463769241114264,15.2,3.4699999999999998,11.73,10.040463769241114,10.040000000000001,measured_success,202
404,ppo,1000404,2968,monoprotic,near,base,single,1,2.297,2.605,0.03492085838728173,2,1,0.375,1,0,0,1,0,2,2,0.0869031285491002,2.26,0.75,1.51,2.5180968714508998,2.52,measured_success,202
404,ppo,1000404,2969,monoprotic,near,acid,single,1,4.709,4.099,0.05920723772833621,3,1,0.155,1,0,0,1,0,3,3,0.08024941323989054,2.5700000000000003,1.82,0.75,4.01875058676011,4.0200000000000005,measured_success,202
404,ppo,1000404,2970,monoprotic,near,acid,single,1,3.447,3.238,0.13912404597362293,0,0,,1,1,0,1,0,1,0,0.04118082301504744,1.51,1.51,0.0,3.2791808230150474,3.2800000000000002,measured_success,202
404,ppo,1000404,2971,triprotic,medium,base,separated,3,4.857,5.873,0.051050391086143614,2,0,0.265,1,1,0,1,0,2,2,0.04334043162637169,4.57,0.53,4.04,5.8296595683736285,5.83,measured_success,202
404,ppo,1000404,2972,triprotic,medium,base,separated,3,3.674,4.405,0.04507898176607992,1,0,0.515,1,0,0,1,0,2,1,0.08175072410884443,3.29,0.0,3.29,4.486750724108845,4.49,measured_success,202
404,ppo,1000404,2973,triprotic,near,acid,separated,3,3.039,2.635,0.09357703228259823,1,0,0.515,1,1,0,1,0,2,1,0.019272601686194157,3.1500000000000004,3.1500000000000004,0.0,2.6157273983138056,2.62,measured_success,202
404,ppo,1000404,2974,monoprotic,near,acid,single,1,5.354,5.016,0.0590135014632461,2,1,0.375,1,0,0,1,0,2,2,0.07545272940424219,2.26,1.51,0.75,5.091452729404242,5.09,measured_success,202
404,ppo,1000404,2975,monoprotic,far,base,single,1,2.198,5.949,0.06474128316112425,44,23,0.01,0,0,0,0,0,50,44,0.15530121187059542,14.149999999999991,3.9299999999999957,10.219999999999995,5.793698788129404,5.79,max_steps,202
404,ppo,1000404,2976,diprotic,medium,base,separated,2,4.742,5.782,0.14640067939009824,0,0,,1,0,0,1,0,8,0,0.07956290321683035,6.429999999999998,0.0,6.429999999999998,5.70243709678317,5.7,measured_success,202
404,ppo,1000404,2977,triprotic,medium,base,separated,3,5.044,6.948,0.031341630592603385,2,1,1.31,1,1,0,1,0,5,2,0.013113663554715771,9.17,2.62,6.55,6.934886336445285,6.93,measured_success,202
404,ppo,1000404,2978,monoprotic,far,acid,single,1,7.708,4.71,0.12263930194300403,46,8,0.01,0,0,0,0,0,50,46,0.23278980081536904,14.279999999999994,8.819999999999997,5.459999999999997,4.942789800815369,4.94,max_steps,202
404,ppo,1000404,2979,triprotic,near,acid,separated,3,5.11,4.798,0.03591581719838551,2,1,0.375,1,0,0,1,0,2,2,0.06453908044908374,2.26,1.51,0.75,4.862539080449084,4.86,measured_success,202
404,ppo,1000404,2980,triprotic,medium,base,separated,3,6.603,8.174,0.09737569090527941,2,1,0.14,1,0,0,1,0,5,2,0.05467395798289587,9.51,0.28,9.23,8.119326042017104,8.120000000000001,measured_success,202
404,ppo,1000404,2981,monoprotic,near,base,single,1,1.968,2.192,0.1439690806137288,0,0,,1,0,0,1,0,1,0,0.06717697224017627,2.12,0.0,2.12,2.124823027759824,2.12,measured_success,202
404,ppo,1000404,2982,triprotic,medium,base,separated,3,2.697,4.004,0.05305129295880253,3,1,0.21,1,1,0,1,0,3,3,0.014601780795183927,6.52,0.85,5.67,4.0186017807951835,4.0200000000000005,measured_success,202
404,ppo,1000404,2983,monoprotic,medium,acid,single,1,3.672,2.88,0.06072101409902873,3,2,0.155,1,1,0,1,0,5,3,0.007784749216661169,7.07,4.3,2.77,2.8722152507833387,2.87,measured_success,202
404,ppo,1000404,2984,triprotic,far,acid,separated,3,5.588,3.169,0.08261265698140838,1,0,0.515,1,0,0,1,0,4,1,0.08869876561434564,12.66,12.66,0.0,3.0803012343856544,3.08,measured_success,202
404,ppo,1000404,2985,triprotic,medium,acid,separated,3,4.493,2.92,0.14225742295925023,0,0,,1,0,0,1,0,4,0,0.059110328938161594,11.229999999999999,11.229999999999999,0.0,2.9791103289381615,2.98,measured_success,202
404,ppo,1000404,2986,monoprotic,near,base,single,1,7.83,8.306,0.044089119246437866,3,2,0.085,1,0,0,1,0,7,3,0.0630569898511677,4.79,2.19,2.6,8.369056989851167,8.370000000000001,measured_success,202
404,ppo,1000404,2987,monoprotic,medium,base,single,1,4.011,5.645,0.12343718602879857,2,1,0.075,1,1,0,1,0,4,2,0.004834412016453626,6.24,0.15,6.09,5.640165587983546,5.64,measured_success,202
404,ppo,1000404,2988,triprotic,medium,acid,separated,3,4.262,2.415,0.1290379539223973,0,0,,1,1,0,1,0,8,0,0.0021515198960582183,18.520000000000003,18.520000000000003,0.0,2.4171515198960583,2.42,measured_success,202
404,ppo,1000404,2989,diprotic,near,acid,separated,2,4.711,4.189,0.05143793606527768,1,0,0.755,1,1,0,1,0,1,1,0.019159977122592764,1.51,1.51,0.0,4.169840022877407,4.17,measured_success,202
404,ppo,1000404,2990,monoprotic,medium,base,single,1,1.65,3.081,0.16860726543932494,0,0,,1,0,0,1,0,17,0,0.05476226199655043,17.379999999999992,0.0,17.379999999999992,3.0262377380034495,3.0300000000000002,measured_success,202
404,ppo,1000404,2991,diprotic,near,acid,separated,2,4.084,3.797,0.04959422804159043,2,1,0.375,1,0,0,1,0,2,2,0.08314683410754009,2.26,1.51,0.75,3.8801468341075402,3.88,measured_success,202
404,ppo,1000404,2992,monoprotic,near,base,single,1,7.762,8.053,0.05828683956415638,0,0,,1,0,0,1,0,17,0,0.09551125587717557,0.17,0.0,0.17,7.957488744122825,7.96,measured_success,202
404,ppo,1000404,2993,monoprotic,near,acid,single,1,5.661,5.126,0.08123376541599399,0,0,,1,0,0,1,0,2,0,0.08476394523521069,2.14,2.14,0.0,5.210763945235211,5.21,measured_success,202
404,ppo,1000404,2994,diprotic,near,base,separated,2,5.805,6.087,0.1089566525018549,0,0,,0,0,0,0,0,50,0,0.20990269315205623,0.5000000000000002,0.0,0.5000000000000002,5.8770973068479435,5.88,max_steps,202
404,ppo,1000404,2995,monoprotic,near,acid,single,1,4.728,4.506,0.06784944986225117,1,1,0.755,1,1,0,1,0,2,1,0.032485533998638516,2.26,1.51,0.75,4.473514466001362,4.47,measured_success,202
404,ppo,1000404,2996,diprotic,medium,acid,separated,2,3.462,1.524,0.03618667535227595,0,0,,1,1,0,1,0,1,0,0.04023579511313402,5.06,5.06,0.0,1.564235795113134,1.56,measured_success,202
404,ppo,1000404,2997,diprotic,near,acid,separated,2,3.377,2.681,0.08621149898061983,1,0,1.74,1,0,0,1,0,1,1,0.09483347084068061,3.48,3.48,0.0,2.5861665291593194,2.59,measured_success,202
404,ppo,1000404,2998,monoprotic,medium,base,single,1,8.435,9.487,0.03695247417133949,1,0,0.085,1,1,0,1,0,2,1,0.00601895644890682,0.34,0.0,0.34,9.493018956448907,9.49,measured_success,202
404,ppo,1000404,2999,monoprotic,medium,base,single,1,3.969,5.185,0.07249220157678786,2,1,0.765,1,0,0,1,0,5,2,0.061150158137825095,10.39,4.15,6.24,5.1238498418621745,5.12,measured_success,202
404,ppo,1000404,3000,triprotic,near,acid,overlapping,3,3.14,2.799,0.031043351915272348,1,0,0.755,1,1,0,1,0,1,1,0.0277787848784965,1.51,1.51,0.0,2.7712212151215034,2.77,measured_success,202
