benchmark_seed,method,task_seed,task_id,acid_type,difficulty,direction,pka_family,true_pair_count,initial_ph,target_ph,true_concentration_m,overshoot_cap_events,overshoot_cap_applied_steps,overshoot_cap_final_ml,true_success,strict_success,severe_failure,measured_success,false_stop,steps,overshoots,final_abs_error,total_volume_ml,acid_added_ml,base_added_ml,final_true_ph,final_measured_ph,stop_reason,training_seed
303,ppo,1000303,1,diprotic,near,acid,separated,2,4.135,3.816,0.1429192300966741,0,0,,1,0,0,1,0,26,0,0.09353812385948945,1.560000000000001,1.560000000000001,0.0,3.9095381238594893,3.91,measured_success,555
303,ppo,1000303,2,monoprotic,near,acid,single,1,7.899,7.649,0.09434150259050121,0,0,,1,0,0,1,0,34,0,0.09513883247680166,0.6800000000000003,0.6800000000000003,0.0,7.744138832476802,7.74,measured_success,555
303,ppo,1000303,3,diprotic,near,base,overlapping,2,3.66,4.022,0.045252001182061546,0,0,,1,0,0,1,0,5,0,0.06180691038647623,0.41999999999999993,0.0,0.41999999999999993,3.960193089613524,3.96,measured_success,555
303,ppo,1000303,4,diprotic,medium,base,separated,2,7.478,8.185,0.057768737183523454,1,0,0.03,1,0,0,1,0,8,1,0.06522413105022729,0.54,0.0,0.54,8.250224131050228,8.25,measured_success,555
303,ppo,1000303,5,monoprotic,near,base,single,1,6.344,6.564,0.03503274774266933,0,0,,1,1,0,1,0,3,0,0.04672659942554169,0.2,0.0,0.2,6.517273400574458,6.5200000000000005,measured_success,555
303,ppo,1000303,6,triprotic,medium,acid,separated,3,8.045,6.39,0.039322360022950364,1,0,2.65,1,0,0,1,0,2,1,0.07013529277976804,7.52,5.3,2.22,6.319864707220232,6.32,measured_success,555
303,ppo,1000303,7,triprotic,medium,acid,separated,3,3.284,2.334,0.10880714457453611,0,0,,1,1,0,1,0,2,0,0.03338442697162636,5.58,5.58,0.0,2.3673844269716264,2.37,measured_success,555
303,ppo,1000303,8,diprotic,medium,base,separated,2,2.228,3.504,0.035178286486058426,3,1,0.29,1,1,0,1,0,3,3,0.001992502565086429,4.76,1.16,3.6,3.5059925025650864,3.5100000000000002,measured_success,555
303,ppo,1000303,9,diprotic,near,base,separated,2,4.968,5.202,0.08907265628609135,0,0,,1,0,0,1,0,8,0,0.09394668249068339,0.48,0.0,0.48,5.108053317509317,5.11,measured_success,555
303,ppo,1000303,10,monoprotic,medium,acid,single,1,5.232,4.494,0.05400381004757643,2,1,0.145,1,1,0,1,0,4,2,0.016379771950242983,4.09,3.2199999999999998,0.8699999999999999,4.510379771950243,4.51,measured_success,555
303,ppo,1000303,11,triprotic,medium,base,separated,3,4.065,5.503,0.03511326955629592,1,0,2.0,1,1,0,1,0,1,1,0.005142984236810477,4.0,0.0,4.0,5.508142984236811,5.51,measured_success,555
303,ppo,1000303,12,diprotic,medium,acid,overlapping,2,5.315,4.001,0.08146688677326352,0,0,,1,0,0,1,0,8,0,0.09695993720246765,13.210000000000003,13.210000000000003,0.0,4.097959937202468,4.1,measured_success,555
303,ppo,1000303,13,diprotic,near,base,separated,2,5.559,5.824,0.05507163925869282,0,0,,1,0,0,1,0,9,0,0.07997219082770712,0.5800000000000001,0.0,0.5800000000000001,5.744027809172293,5.74,measured_success,555
303,ppo,1000303,14,monoprotic,near,base,single,1,6.389,7.059,0.05151014990294222,3,2,0.225,1,1,0,1,0,5,3,0.04474940048730236,3.8500000000000005,1.34,2.5100000000000002,7.1037494004873025,7.1000000000000005,measured_success,555
303,ppo,1000303,15,monoprotic,near,base,single,1,3.745,4.375,0.03586289060652395,2,1,0.575,1,1,0,1,0,2,2,0.03887779419421378,3.46,1.15,2.31,4.336122205805786,4.34,measured_success,555
303,ppo,1000303,16,triprotic,near,base,separated,3,2.045,2.3,0.1156748160485795,0,0,,1,0,0,1,0,4,0,0.06052192725476058,1.24,0.0,1.24,2.2394780727452392,2.24,measured_success,555
303,ppo,1000303,17,diprotic,medium,acid,separated,2,3.067,1.981,0.04208136561228568,1,0,1.99,1,0,0,1,0,5,1,0.07609274977700253,5.93,3.98,1.95,1.9049072502229976,1.9000000000000001,measured_success,555
303,ppo,1000303,18,monoprotic,medium,acid,single,1,8.025,7.317,0.04334428737302974,0,0,,1,0,0,1,0,43,0,0.09479315103665087,0.8600000000000004,0.8600000000000004,0.0,7.411793151036651,7.41,measured_success,555
303,ppo,1000303,19,triprotic,medium,base,separated,3,3.295,4.161,0.06511000737824425,0,0,,1,1,0,1,0,1,0,0.014439353266341826,2.31,0.0,2.31,4.146560646733658,4.15,measured_success,555
303,ppo,1000303,20,triprotic,far,base,separated,3,6.438,9.346,0.1750416505349195,8,4,0.01,1,0,0,1,0,12,8,0.051302319798647744,17.14,5.029999999999999,12.11,9.294697680201352,9.290000000000001,measured_success,555
303,ppo,1000303,21,monoprotic,far,acid,single,1,7.915,5.844,0.045693241589939135,4,3,0.085,1,0,0,1,0,7,4,0.06200343712914691,11.11,8.07,3.04,5.906003437129147,5.91,measured_success,555
303,ppo,1000303,22,diprotic,near,acid,separated,2,4.639,4.183,0.1328143948691816,0,0,,0,0,0,0,0,50,0,0.16142534948490983,2.960000000000002,2.960000000000002,0.0,4.34442534948491,4.34,max_steps,555
303,ppo,1000303,23,triprotic,near,base,separated,3,6.282,6.673,0.09667598446493282,0,0,,1,0,0,1,0,17,0,0.07873625882843349,1.1400000000000006,0.0,1.1400000000000006,6.5942637411715666,6.59,measured_success,555
303,ppo,1000303,24,monoprotic,medium,base,single,1,3.279,5.0,0.05228071642336971,5,2,0.15,1,0,0,1,0,7,5,0.07152666466437729,10.11,3.2399999999999998,6.87,5.071526664664377,5.07,measured_success,555
303,ppo,1000303,25,diprotic,medium,acid,separated,2,7.419,5.425,0.06286443251873511,1,0,2.65,1,0,0,1,0,2,1,0.06081123840891234,5.7,5.3,0.4,5.3641887615910875,5.36,measured_success,555
303,ppo,1000303,26,monoprotic,medium,base,single,1,3.292,5.14,0.13626115214019424,7,4,0.02,1,0,0,1,0,11,7,0.06938845145566663,12.780000000000001,5.6899999999999995,7.090000000000001,5.209388451455666,5.21,measured_success,555
303,ppo,1000303,27,monoprotic,medium,acid,single,1,6.982,5.885,0.07415160007359821,3,0,0.225,1,0,0,1,0,5,3,0.05173876877260142,5.41,3.71,1.7,5.833261231227398,5.83,measured_success,555
303,ppo,1000303,28,diprotic,medium,base,separated,2,4.161,6.064,0.03127737771675381,2,0,1.21,1,1,0,1,0,2,2,0.010635026071922127,8.11,2.42,5.69,6.053364973928078,6.05,measured_success,555
303,ppo,1000303,29,diprotic,near,base,separated,2,6.327,6.683,0.06097785766073107,0,0,,1,0,0,1,0,19,0,0.08607687062576552,1.3000000000000007,0.0,1.3000000000000007,6.596923129374234,6.6000000000000005,measured_success,555
303,ppo,1000303,30,diprotic,medium,base,separated,2,2.758,4.028,0.06235838026997646,0,0,,1,1,0,1,0,2,0,0.02017097067539364,5.0600000000000005,0.0,5.0600000000000005,4.007829029324606,4.01,measured_success,555
303,ppo,1000303,31,monoprotic,far,acid,single,1,4.589,1.527,0.09114067780298771,0,0,,1,0,0,1,0,5,0,0.08278915160781453,8.520000000000001,8.520000000000001,0.0,1.6097891516078144,1.61,measured_success,555
303,ppo,1000303,32,diprotic,near,acid,overlapping,2,4.091,3.433,0.05814309542878442,0,0,,1,0,0,1,0,3,0,0.06446992096030524,4.38,4.38,0.0,3.497469920960305,3.5,measured_success,555
303,ppo,1000303,33,monoprotic,medium,base,single,1,5.745,7.428,0.1220752494315572,0,0,,0,0,0,1,1,12,0,0.10231590360850884,6.559999999999998,0.0,6.559999999999998,7.325684096391491,7.33,measured_success,555
303,ppo,1000303,34,monoprotic,medium,acid,single,1,3.564,1.646,0.03984322159447412,0,0,,1,1,0,1,0,1,0,0.0354435598774967,5.46,5.46,0.0,1.6814435598774966,1.68,measured_success,555
303,ppo,1000303,35,triprotic,medium,base,separated,3,3.345,4.64,0.13304283686589077,0,0,,1,0,0,1,0,17,0,0.08733802836574167,16.789999999999992,0.0,16.789999999999992,4.552661971634258,4.55,measured_success,555
303,ppo,1000303,36,triprotic,near,base,separated,3,8.415,8.999,0.14753412061793283,0,0,,0,0,0,0,0,50,0,0.20891916309662584,3.000000000000002,0.0,3.000000000000002,8.790080836903375,8.790000000000001,max_steps,555
303,ppo,1000303,37,diprotic,medium,base,separated,2,5.25,6.083,0.04846609734659915,0,0,,1,1,0,1,0,1,0,0.029665469405168565,2.45,0.0,2.45,6.053334530594832,6.05,measured_success,555
303,ppo,1000303,38,triprotic,near,acid,separated,3,6.353,5.706,0.0940272080604758,0,0,,1,0,0,1,0,1,0,0.08603588759435166,2.06,2.06,0.0,5.792035887594352,5.79,measured_success,555
303,ppo,1000303,39,monoprotic,medium,acid,single,1,7.544,6.323,0.04974931980621459,4,1,0.08,1,0,0,1,0,6,4,0.08849812447385119,5.529999999999999,3.69,1.8399999999999999,6.411498124473852,6.41,measured_success,555
303,ppo,1000303,40,diprotic,medium,acid,separated,2,7.008,6.189,0.07760986756134285,0,0,,1,0,0,1,0,4,0,0.08778649528957061,4.2299999999999995,4.2299999999999995,0.0,6.276786495289571,6.28,measured_success,555
303,ppo,1000303,41,monoprotic,medium,base,single,1,6.666,7.796,0.03262479513606772,4,3,0.135,1,0,0,1,0,5,4,0.08509042336805539,8.15,2.89,5.26,7.710909576631945,7.71,measured_success,555
303,ppo,1000303,42,diprotic,medium,base,separated,2,5.237,6.037,0.05182874842420666,0,0,,1,1,0,1,0,2,0,0.035935703831435184,3.59,0.0,3.59,6.001064296168565,6.0,measured_success,555
303,ppo,1000303,43,diprotic,near,acid,overlapping,2,4.445,3.774,0.15408147517078097,0,0,,1,0,0,1,0,11,0,0.07002977237133035,7.169999999999999,7.169999999999999,0.0,3.8440297723713304,3.84,measured_success,555
303,ppo,1000303,44,monoprotic,near,acid,single,1,8.377,7.861,0.08856467658841934,0,0,,0,0,0,0,0,50,0,0.233651009868308,1.0000000000000004,1.0000000000000004,0.0,8.094651009868308,8.09,max_steps,555
303,ppo,1000303,45,triprotic,near,acid,separated,3,3.11,2.873,0.15649666625182793,0,0,,1,0,0,1,0,25,0,0.09822258075233936,2.2500000000000004,2.2500000000000004,0.0,2.9712225807523396,2.97,measured_success,555
303,ppo,1000303,46,monoprotic,medium,acid,single,1,7.982,6.769,0.07555243603471641,2,0,0.73,1,1,0,1,0,12,2,0.002715183840683366,5.6,4.14,1.46,6.7717151838406835,6.7700000000000005,measured_success,555
303,ppo,1000303,47,monoprotic,far,acid,single,1,5.312,2.092,0.17337859471629075,1,0,1.11,1,1,0,1,0,4,1,0.01712718438333516,19.11,19.11,0.0,2.074872815616665,2.07,measured_success,555
303,ppo,1000303,48,monoprotic,medium,base,single,1,7.212,8.145,0.03432678110339597,0,0,,1,0,0,1,0,26,0,0.09729892485697178,1.8100000000000007,0.0,1.8100000000000007,8.047701075143028,8.05,measured_success,555
303,ppo,1000303,49,triprotic,near,base,overlapping,3,4.919,5.251,0.11837996379737342,0,0,,0,0,0,0,0,50,0,0.10860061429608958,3.000000000000002,0.0,3.000000000000002,5.142399385703911,5.14,max_steps,555
303,ppo,1000303,50,triprotic,medium,base,separated,3,8.221,8.996,0.07390894222522518,0,0,,1,0,0,1,0,20,0,0.09690320217475978,1.0800000000000005,0.0,1.0800000000000005,8.89909679782524,8.9,measured_success,555
303,ppo,1000303,51,diprotic,near,base,separated,2,6.739,7.281,0.15349111535042476,0,0,,1,0,0,1,0,45,0,0.09309751607404859,2.8400000000000016,0.0,2.8400000000000016,7.187902483925951,7.19,measured_success,555
303,ppo,1000303,52,monoprotic,far,acid,single,1,4.883,2.339,0.030249749387297922,2,0,0.22,1,1,0,1,0,6,2,0.0435528812157604,11.649999999999999,6.85,4.8,2.3825528812157604,2.38,measured_success,555
303,ppo,1000303,53,triprotic,medium,base,separated,3,8.269,9.236,0.16337428735789086,0,0,,0,0,0,0,0,50,0,0.4842595871376858,3.780000000000001,0.0,3.780000000000001,8.751740412862315,8.75,max_steps,555
303,ppo,1000303,54,diprotic,far,base,overlapping,2,3.704,7.502,0.1064314858190597,44,40,0.01,0,0,1,0,0,50,44,0.5984038573959518,23.39000000000003,6.679999999999995,16.710000000000033,6.903596142604048,6.9,max_steps,555
303,ppo,1000303,55,triprotic,medium,base,separated,3,6.229,7.694,0.1537294937344078,0,0,,1,0,0,1,0,8,0,0.06746727672693087,12.49,0.0,12.49,7.626532723273069,7.63,measured_success,555
303,ppo,1000303,56,diprotic,near,base,separated,2,4.246,4.789,0.1496029266470178,0,0,,1,0,0,1,0,28,0,0.09488954595342669,2.0400000000000005,0.0,2.0400000000000005,4.694110454046573,4.69,measured_success,555
303,ppo,1000303,57,monoprotic,medium,acid,single,1,5.957,4.9,0.05007963370412037,5,3,0.085,1,0,0,1,0,5,5,0.08809273719309729,6.109999999999999,4.13,1.98,4.811907262806903,4.8100000000000005,measured_success,555
303,ppo,1000303,58,diprotic,near,base,separated,2,4.156,4.415,0.049967676163113095,0,0,,1,0,0,1,0,8,0,0.09556319253284595,0.48,0.0,0.48,4.319436807467154,4.32,measured_success,555
303,ppo,1000303,59,triprotic,near,base,separated,3,2.332,2.996,0.07154625874526799,0,0,,1,1,0,1,0,3,0,0.04564528127373313,3.58,0.0,3.58,2.950354718726267,2.95,measured_success,555
303,ppo,1000303,60,triprotic,near,base,separated,3,1.898,2.517,0.03173211351269387,0,0,,1,0,0,1,0,4,0,0.0586551352316218,2.81,0.0,2.81,2.458344864768378,2.46,measured_success,555
303,ppo,1000303,61,triprotic,far,base,separated,3,5.768,9.712,0.13339923154562425,5,1,0.085,1,0,0,1,0,11,5,0.052878313352824335,26.230000000000004,4.409999999999999,21.820000000000004,9.764878313352824,9.76,measured_success,555
303,ppo,1000303,62,monoprotic,medium,base,single,1,3.745,4.636,0.12459546361541009,0,0,,1,0,0,1,0,5,0,0.08165305372805332,5.61,0.0,5.61,4.554346946271947,4.55,measured_success,555
303,ppo,1000303,63,monoprotic,medium,acid,single,1,7.486,6.285,0.03816361323056289,7,4,0.02,1,1,0,1,0,9,7,0.01655333921162594,7.51,4.08,3.43,6.268446660788374,6.2700000000000005,measured_success,555
303,ppo,1000303,64,monoprotic,medium,acid,single,1,2.478,1.504,0.05173250906975257,0,0,,1,0,0,1,0,2,0,0.061205646462731966,4.59,4.59,0.0,1.565205646462732,1.57,measured_success,555
303,ppo,1000303,65,monoprotic,far,acid,single,1,6.34,2.975,0.14829059818814175,2,1,0.36,1,0,0,1,0,6,2,0.059959812849580185,22.61,20.779999999999998,1.83,3.0349598128495803,3.0300000000000002,measured_success,555
303,ppo,1000303,66,diprotic,medium,acid,separated,2,3.392,2.586,0.15119180708318847,1,0,1.47,1,0,0,1,0,1,1,0.05665361707027339,2.94,2.94,0.0,2.5293463829297265,2.5300000000000002,measured_success,555
303,ppo,1000303,67,monoprotic,far,base,single,1,2.487,6.011,0.08005589101244646,5,1,0.035,1,1,0,1,0,12,5,0.029213758009883684,17.060000000000002,3.6799999999999997,13.38,6.040213758009884,6.04,measured_success,555
303,ppo,1000303,68,monoprotic,medium,acid,single,1,7.187,6.081,0.07317712540913295,3,0,0.225,1,1,0,1,0,5,3,0.03683850864523297,5.34,3.62,1.72,6.044161491354767,6.04,measured_success,555
303,ppo,1000303,69,monoprotic,medium,acid,single,1,3.708,2.693,0.05789878670534762,1,0,1.68,1,1,0,1,0,3,1,0.029365816387047605,5.99,3.36,2.63,2.6636341836129525,2.66,measured_success,555
303,ppo,1000303,70,monoprotic,far,base,single,1,5.059,8.857,0.04218351141458892,45,44,0.01,0,0,0,0,0,50,45,0.3174457655545666,15.16999999999999,5.179999999999996,9.989999999999993,9.174445765554566,9.17,max_steps,555
303,ppo,1000303,71,diprotic,near,base,separated,2,6.646,7.241,0.05679957185968127,4,2,0.045,1,1,0,1,0,6,4,0.023645785330783653,4.93,2.15,2.7800000000000002,7.217354214669216,7.22,measured_success,555
303,ppo,1000303,72,triprotic,near,acid,separated,3,4.325,3.777,0.04483164910300796,0,0,,1,1,0,1,0,1,0,0.023381946626440886,2.06,2.06,0.0,3.800381946626441,3.8000000000000003,measured_success,555
303,ppo,1000303,73,monoprotic,medium,acid,single,1,9.035,7.929,0.14021741316350647,0,0,,0,0,1,0,0,50,0,0.9246424247052563,1.500000000000001,1.500000000000001,0.0,8.853642424705257,8.85,max_steps,555
303,ppo,1000303,74,diprotic,medium,base,separated,2,4.388,6.181,0.16553575749207478,4,2,0.07,1,1,0,1,0,8,4,0.04985570347128476,13.209999999999999,1.2400000000000002,11.969999999999999,6.131144296528715,6.13,measured_success,555
303,ppo,1000303,75,monoprotic,medium,acid,single,1,6.727,5.841,0.1740803186549079,0,0,,1,0,0,1,0,10,0,0.07637712804397889,6.390000000000001,6.390000000000001,0.0,5.917377128043979,5.92,measured_success,555
303,ppo,1000303,76,diprotic,far,base,overlapping,2,3.669,6.677,0.036083047040847034,43,41,0.01,0,0,1,0,0,50,43,2.540757334038698,19.69999999999999,8.549999999999994,11.149999999999995,9.217757334038698,9.22,max_steps,555
303,ppo,1000303,77,monoprotic,medium,acid,single,1,5.095,3.937,0.15271949080237068,0,0,,1,0,0,1,0,8,0,0.0757692671136847,8.67,8.67,0.0,4.0127692671136845,4.01,measured_success,555
303,ppo,1000303,78,diprotic,near,base,separated,2,3.152,3.568,0.138680327302134,0,0,,1,0,0,1,0,17,0,0.08909427799776681,1.5300000000000002,0.0,1.5300000000000002,3.4789057220022332,3.48,measured_success,555
303,ppo,1000303,79,triprotic,medium,base,separated,3,4.735,5.971,0.05546011659757928,3,1,0.225,1,0,0,1,0,4,3,0.05618591357873726,6.64,0.92,5.72,6.027185913578737,6.03,measured_success,555
303,ppo,1000303,80,monoprotic,near,acid,single,1,6.533,6.006,0.11740023842792799,0,0,,1,0,0,1,0,2,0,0.05345447956204197,2.71,2.71,0.0,6.059454479562042,6.0600000000000005,measured_success,555
303,ppo,1000303,81,diprotic,near,base,separated,2,2.488,2.981,0.0400356646019537,1,1,0.295,1,1,0,1,0,3,1,0.015192975116190333,1.94,0.29,1.65,2.99619297511619,3.0,measured_success,555
303,ppo,1000303,82,diprotic,medium,base,separated,2,7.341,8.397,0.05025644155117318,0,0,,1,0,0,1,0,26,0,0.09656706820025995,2.0500000000000007,0.0,2.0500000000000007,8.30043293179974,8.3,measured_success,555
303,ppo,1000303,83,monoprotic,medium,base,single,1,6.663,7.693,0.13265482261213268,0,0,,1,1,0,1,0,4,0,0.04473193350265703,9.0,0.0,9.0,7.648268066497343,7.65,measured_success,555
303,ppo,1000303,84,diprotic,medium,acid,separated,2,3.835,2.186,0.057513390960072124,2,0,0.295,1,1,0,1,0,3,2,0.03244258482319751,7.74,7.15,0.59,2.2184425848231974,2.22,measured_success,555
303,ppo,1000303,85,monoprotic,near,acid,single,1,9.344,8.649,0.045174181507933134,0,0,,0,0,0,0,0,50,0,0.127168639812135,1.0000000000000004,1.0000000000000004,0.0,8.776168639812134,8.78,max_steps,555
303,ppo,1000303,86,diprotic,near,base,separated,2,7.507,8.082,0.042740440030910036,0,0,,1,0,0,1,0,10,0,0.06014221259801289,0.6000000000000001,0.0,0.6000000000000001,8.021857787401988,8.02,measured_success,555
303,ppo,1000303,87,triprotic,far,acid,separated,3,6.337,2.496,0.08605998612601928,0,0,,1,1,0,1,0,4,0,0.013187840704340648,16.72,16.72,0.0,2.5091878407043406,2.5100000000000002,measured_success,555
303,ppo,1000303,88,monoprotic,far,base,single,1,4.873,6.968,0.13721131109259965,2,2,1.345,1,0,0,1,0,6,2,0.06575379292011618,16.23,7.859999999999999,8.370000000000001,6.902246207079884,6.9,measured_success,555
303,ppo,1000303,89,triprotic,medium,base,separated,3,3.221,4.793,0.07376983448599149,0,0,,1,0,0,1,0,2,0,0.06156109757688544,6.3100000000000005,0.0,6.3100000000000005,4.731438902423115,4.73,measured_success,555
303,ppo,1000303,90,monoprotic,near,base,single,1,3.504,3.782,0.17524682639706468,0,0,,1,0,0,1,0,27,0,0.09063936265819628,2.4,0.0,2.4,3.6913606373418038,3.69,measured_success,555
303,ppo,1000303,91,monoprotic,medium,acid,single,1,2.713,1.674,0.13821604349874642,0,0,,1,0,0,1,0,13,0,0.09420627569144635,12.360000000000003,12.360000000000003,0.0,1.7682062756914463,1.77,measured_success,555
303,ppo,1000303,92,diprotic,medium,acid,separated,2,3.01,1.598,0.043591220057282935,0,0,,1,1,0,1,0,4,0,0.04398109484921808,7.55,7.55,0.0,1.6419810948492182,1.6400000000000001,measured_success,555
303,ppo,1000303,93,monoprotic,medium,acid,single,1,4.865,2.902,0.11821188691907662,0,0,,1,0,0,1,0,7,0,0.06751062212033965,13.429999999999998,13.429999999999998,0.0,2.96951062212034,2.97,measured_success,555
303,ppo,1000303,94,monoprotic,medium,acid,single,1,6.334,5.384,0.053070320713137324,0,0,,1,0,0,1,0,1,0,0.07423064579996819,2.06,2.06,0.0,5.4582306457999685,5.46,measured_success,555
303,ppo,1000303,95,diprotic,far,base,overlapping,2,4.867,7.662,0.09773037015748344,5,2,0.045,1,1,0,1,0,9,5,0.049882341244290807,16.509999999999998,2.86,13.649999999999999,7.711882341244291,7.71,measured_success,555
303,ppo,1000303,96,diprotic,medium,acid,separated,2,3.792,1.99,0.08395480045180008,1,0,1.43,1,1,0,1,0,3,1,0.044966242209065976,8.77,8.77,0.0,1.945033757790934,1.95,measured_success,555
303,ppo,1000303,97,diprotic,medium,acid,separated,2,4.298,2.727,0.034746510418525715,1,0,2.65,1,0,0,1,0,3,1,0.08646314497727703,6.35,5.3,1.05,2.640536855022723,2.64,measured_success,555
303,ppo,1000303,98,triprotic,far,base,overlapping,3,4.535,7.821,0.03899289327697782,8,4,0.01,1,0,0,1,0,13,8,0.09096842085981116,16.799999999999997,5.579999999999999,11.219999999999999,7.730031579140189,7.73,measured_success,555
303,ppo,1000303,99,diprotic,medium,acid,separated,2,2.854,1.502,0.03588599790745509,0,0,,1,0,0,1,0,6,0,0.06303057311412874,12.450000000000001,12.450000000000001,0.0,1.5650305731141287,1.57,measured_success,555
303,ppo,1000303,100,monoprotic,medium,acid,single,1,7.45,5.518,0.04030193960108828,7,8,0.02,0,0,0,1,1,13,7,0.10215990638227179,12.58,7.17,5.41,5.415840093617728,5.42,measured_success,555
303,ppo,1000303,101,diprotic,far,acid,overlapping,2,5.381,2.361,0.06486831750828245,2,0,0.22,1,1,0,1,0,5,2,0.0350914452925557,17.2,16.15,1.05,2.396091445292556,2.4,measured_success,555
303,ppo,1000303,102,monoprotic,near,base,single,1,2.644,3.151,0.07361114986895988,0,0,,1,0,0,1,0,2,0,0.08332806794462666,1.65,0.0,1.65,3.067671932055373,3.0700000000000003,measured_success,555
303,ppo,1000303,103,monoprotic,medium,base,single,1,2.487,3.482,0.04568932664445495,0,0,,1,0,0,1,0,1,0,0.05548376333513971,2.38,0.0,2.38,3.4265162366648605,3.43,measured_success,555
303,ppo,1000303,104,monoprotic,near,acid,single,1,4.469,4.267,0.042278203870941264,0,0,,1,0,0,1,0,5,0,0.07854503627367304,0.3,0.3,0.0,4.345545036273673,4.3500000000000005,measured_success,555
303,ppo,1000303,105,triprotic,medium,base,separated,3,3.123,4.22,0.044702474601828565,1,0,1.51,1,1,0,1,0,2,1,0.04618238791621909,3.25,0.23,3.02,4.266182387916219,4.2700000000000005,measured_success,555
303,ppo,1000303,106,monoprotic,medium,base,single,1,5.969,7.542,0.03840236863121189,43,42,0.01,0,0,0,0,0,50,43,0.4832747307941485,14.06999999999999,6.889999999999994,7.179999999999996,8.025274730794148,8.03,max_steps,555
303,ppo,1000303,107,triprotic,medium,acid,separated,3,6.672,5.142,0.07241849545169728,0,0,,1,1,0,1,0,3,0,0.045776180665106914,6.83,6.83,0.0,5.187776180665107,5.19,measured_success,555
303,ppo,1000303,108,monoprotic,medium,acid,single,1,7.007,6.211,0.12286980133742575,2,1,0.515,1,0,0,1,0,3,2,0.09111841404312493,3.54,2.5100000000000002,1.03,6.302118414043125,6.3,measured_success,555
303,ppo,1000303,109,diprotic,near,base,overlapping,2,2.735,3.183,0.04346788077152297,1,0,0.295,1,1,0,1,0,2,1,0.03971945786361797,1.65,0.0,1.65,3.222719457863618,3.22,measured_success,555
303,ppo,1000303,110,diprotic,near,acid,separated,2,2.451,1.948,0.030884348703320505,1,0,1.225,1,0,0,1,0,1,1,0.09886282721562578,2.45,2.45,0.0,1.8491371727843742,1.85,measured_success,555
303,ppo,1000303,111,diprotic,far,base,separated,2,4.609,7.364,0.04485734007305421,46,41,0.01,0,0,1,0,0,50,46,1.0605688634286663,20.36999999999999,9.979999999999993,10.389999999999997,6.303431136571334,6.3,max_steps,555
303,ppo,1000303,112,triprotic,near,acid,separated,3,7.049,6.582,0.036078821950940025,0,0,,1,0,0,1,0,27,0,0.0986633126381351,0.5400000000000001,0.5400000000000001,0.0,6.680663312638135,6.68,measured_success,555
303,ppo,1000303,113,triprotic,near,base,separated,3,1.643,1.996,0.11427596275144893,0,0,,0,0,0,1,1,9,0,0.10057778433118347,3.52,0.0,3.52,1.8954222156688165,1.9000000000000001,measured_success,555
303,ppo,1000303,114,diprotic,medium,acid,separated,2,5.4,4.291,0.14582883359431315,0,0,,0,0,0,1,1,15,0,0.10114537327550188,11.959999999999996,11.959999999999996,0.0,4.392145373275502,4.39,measured_success,555
303,ppo,1000303,115,monoprotic,near,acid,single,1,2.321,1.825,0.046255473844981555,0,0,,1,0,0,1,0,1,0,0.08267401740399305,2.45,2.45,0.0,1.907674017403993,1.9100000000000001,measured_success,555
303,ppo,1000303,116,diprotic,near,acid,separated,2,3.441,3.091,0.04031474860973823,2,1,0.515,1,0,0,1,0,2,2,0.06460074408451355,3.09,2.06,1.03,3.1556007440845137,3.16,measured_success,555
303,ppo,1000303,117,triprotic,far,base,separated,3,3.706,7.644,0.042878959471783634,3,1,0.22,1,0,0,1,0,5,3,0.08432343979710133,14.53,0.92,13.61,7.7283234397971015,7.73,measured_success,555
303,ppo,1000303,118,diprotic,medium,acid,separated,2,4.398,2.526,0.057973791943462014,0,0,,1,1,0,1,0,4,0,0.006813747468635611,11.149999999999999,11.149999999999999,0.0,2.5328137474686354,2.5300000000000002,measured_success,555
303,ppo,1000303,119,diprotic,near,acid,separated,2,5.017,4.661,0.09668970370311374,0,0,,0,0,0,1,1,39,0,0.10360253500561178,2.3000000000000016,2.3000000000000016,0.0,4.764602535005611,4.76,measured_success,555
303,ppo,1000303,120,monoprotic,far,base,single,1,5.578,8.906,0.14977451522409035,45,44,0.01,0,0,0,0,0,50,45,0.26133867627385676,18.069999999999993,8.459999999999996,9.609999999999996,9.167338676273857,9.17,max_steps,555
303,ppo,1000303,121,monoprotic,far,acid,single,1,6.038,3.641,0.08884945367357121,5,3,0.145,1,1,0,1,0,8,5,0.009225313128617962,12.47,6.98,5.49,3.631774686871382,3.63,measured_success,555
303,ppo,1000303,122,diprotic,near,base,overlapping,2,2.413,3.026,0.10939392812821348,0,0,,1,0,0,1,0,25,0,0.0913695885210899,11.840000000000005,0.0,11.840000000000005,2.93463041147891,2.93,measured_success,555
303,ppo,1000303,123,triprotic,near,base,separated,3,4.004,4.641,0.04842143603701113,2,2,0.575,1,1,0,1,0,3,2,0.009627025873808037,4.029999999999999,1.15,2.88,4.631372974126192,4.63,measured_success,555
303,ppo,1000303,124,diprotic,far,base,separated,2,6.053,8.199,0.06030658458528663,4,1,0.075,1,0,0,1,0,9,4,0.09772751902283083,14.8,5.95,8.85,8.101272480977169,8.1,measured_success,555
303,ppo,1000303,125,diprotic,far,base,separated,2,2.268,4.745,0.0687141557354375,0,0,,1,0,0,1,0,28,0,0.08757442455427533,8.920000000000005,0.0,8.920000000000005,4.657425575445725,4.66,measured_success,555
303,ppo,1000303,126,diprotic,medium,acid,separated,2,3.245,1.846,0.08079463898017242,0,0,,1,1,0,1,0,4,0,0.034241465868302345,8.13,8.13,0.0,1.8802414658683024,1.8800000000000001,measured_success,555
303,ppo,1000303,127,monoprotic,far,base,single,1,4.244,7.976,0.039744200167282445,41,39,0.01,0,0,1,0,0,50,41,0.9354800568104329,20.22999999999999,8.309999999999997,11.919999999999995,8.911480056810433,8.91,max_steps,555
303,ppo,1000303,128,monoprotic,medium,acid,single,1,6.734,5.118,0.05402500891606729,6,5,0.02,1,1,0,1,0,11,6,0.03816720973633814,12.059999999999999,6.569999999999999,5.49,5.1561672097363385,5.16,measured_success,555
303,ppo,1000303,129,diprotic,far,base,overlapping,2,1.923,4.441,0.035829097486880644,6,3,0.06,1,0,0,1,0,7,6,0.051372736294452714,11.899999999999999,3.04,8.86,4.389627263705547,4.39,measured_success,555
303,ppo,1000303,130,diprotic,medium,acid,separated,2,6.614,5.268,0.14647540721852464,0,0,,1,0,0,1,0,6,0,0.06503470376241882,8.15,8.15,0.0,5.333034703762419,5.33,measured_success,555
303,ppo,1000303,131,triprotic,medium,base,separated,3,5.313,7.039,0.14164087771460496,3,0,0.135,1,1,0,1,0,5,3,0.01412565976581348,9.610000000000001,0.57,9.040000000000001,7.053125659765813,7.05,measured_success,555
303,ppo,1000303,132,diprotic,far,acid,separated,2,4.021,1.915,0.04738420198868906,1,0,2.65,1,0,0,1,0,5,1,0.05769421781504658,7.25,5.3,1.95,1.8573057821849535,1.86,measured_success,555
303,ppo,1000303,133,triprotic,near,base,separated,3,5.933,6.591,0.06999003157285737,0,0,,1,1,0,1,0,2,0,0.03781728940002349,3.2,0.0,3.2,6.553182710599977,6.55,measured_success,555
303,ppo,1000303,134,monoprotic,near,acid,single,1,4.394,4.191,0.05580037569422789,0,0,,1,0,0,1,0,6,0,0.08499420556822468,0.36,0.36,0.0,4.2759942055682245,4.28,measured_success,555
303,ppo,1000303,135,triprotic,near,acid,overlapping,3,5.417,5.035,0.0565781662628578,0,0,,1,0,0,1,0,7,0,0.09294447412217544,0.38,0.38,0.0,5.127944474122176,5.13,measured_success,555
303,ppo,1000303,136,monoprotic,near,base,single,1,6.339,6.808,0.15020769073060267,0,0,,1,0,0,1,0,36,0,0.09904868952375345,2.4200000000000004,0.0,2.4200000000000004,6.708951310476246,6.71,measured_success,555
303,ppo,1000303,137,triprotic,medium,base,separated,3,3.647,5.05,0.06320205674358899,0,0,,1,0,0,1,0,5,0,0.07826577858533579,8.43,0.0,8.43,4.971734221414664,4.97,measured_success,555
303,ppo,1000303,138,triprotic,far,base,separated,3,4.82,8.518,0.15345825047281839,7,4,0.02,1,1,0,1,0,13,7,0.021922136932829517,30.72,3.26,27.459999999999997,8.53992213693283,8.540000000000001,measured_success,555
303,ppo,1000303,139,triprotic,near,base,separated,3,2.902,3.489,0.08310722059275263,0,0,,1,0,0,1,0,5,0,0.05781819561103685,3.02,0.0,3.02,3.431181804388963,3.43,measured_success,555
303,ppo,1000303,140,triprotic,medium,base,separated,3,5.998,7.255,0.17413121403528714,3,2,0.225,1,1,0,1,0,5,3,0.027655560190642525,7.65,1.1400000000000001,6.510000000000001,7.282655560190642,7.28,measured_success,555
303,ppo,1000303,141,diprotic,near,acid,separated,2,2.461,2.019,0.03739541748066487,1,0,1.225,1,1,0,1,0,3,1,0.04313984904645407,3.4800000000000004,2.45,1.03,1.975860150953546,1.98,measured_success,555
303,ppo,1000303,142,diprotic,near,base,separated,2,4.84,5.049,0.07458902609176979,0,0,,1,0,0,1,0,6,0,0.09227911514693954,0.36,0.0,0.36,4.956720884853061,4.96,measured_success,555
303,ppo,1000303,143,monoprotic,near,acid,single,1,5.604,5.145,0.03358704026611744,0,0,,1,1,0,1,0,4,0,0.019904432261384386,0.16,0.16,0.0,5.164904432261384,5.16,measured_success,555
303,ppo,1000303,144,diprotic,far,base,separated,2,5.131,7.562,0.1078339676991781,3,1,0.295,1,1,0,1,0,7,3,0.012963899126778422,13.95,2.27,11.68,7.574963899126779,7.57,measured_success,555
303,ppo,1000303,145,triprotic,medium,acid,separated,3,6.101,5.243,0.1669934514856809,0,0,,1,0,0,1,0,8,0,0.05740693304750266,6.8,6.8,0.0,5.300406933047503,5.3,measured_success,555
303,ppo,1000303,146,monoprotic,far,acid,single,1,6.638,3.532,0.11370303804702303,3,2,0.22,1,0,0,1,0,7,3,0.07946436439900939,11.159999999999998,9.049999999999999,2.11,3.4525356356009906,3.45,measured_success,555
303,ppo,1000303,147,monoprotic,near,acid,single,1,6.688,6.112,0.055806362507408544,2,1,0.515,1,0,0,1,0,2,2,0.07855323543669002,3.09,2.06,1.03,6.19055323543669,6.19,measured_success,555
303,ppo,1000303,148,diprotic,near,base,separated,2,3.483,4.149,0.07224995881583657,0,0,,1,1,0,1,0,1,0,0.023861889524655844,2.31,0.0,2.31,4.125138110475344,4.13,measured_success,555
303,ppo,1000303,149,diprotic,medium,acid,separated,2,4.978,3.048,0.036168861039181786,1,0,2.65,1,1,0,1,0,2,1,0.0414704126253147,5.7,5.3,0.4,3.0065295873746853,3.0100000000000002,measured_success,555
303,ppo,1000303,150,monoprotic,medium,base,single,1,3.796,5.602,0.07784549859951545,0,0,,1,0,0,1,0,26,0,0.08754717140144663,7.519999999999994,0.0,7.519999999999994,5.514452828598554,5.51,measured_success,555
303,ppo,1000303,151,diprotic,near,acid,separated,2,3.106,2.562,0.06048838136024497,2,1,0.295,1,1,0,1,0,4,2,0.04532405587620625,4.54,2.74,1.7999999999999998,2.607324055876206,2.61,measured_success,555
303,ppo,1000303,152,diprotic,far,acid,separated,2,4.375,1.954,0.11316588410133252,1,0,3.425,1,1,0,1,0,1,1,0.042426860385331056,6.85,6.85,0.0,1.911573139614669,1.9100000000000001,measured_success,555
303,ppo,1000303,153,diprotic,medium,base,separated,2,5.278,7.212,0.0769962829313888,0,0,,1,0,0,1,0,4,0,0.07058428901018132,9.360000000000001,0.0,9.360000000000001,7.141415710989818,7.140000000000001,measured_success,555
303,ppo,1000303,154,triprotic,near,acid,separated,3,6.353,5.834,0.06496740024942463,0,0,,1,0,0,1,0,1,0,0.06911443151395247,2.06,2.06,0.0,5.903114431513952,5.9,measured_success,555
303,ppo,1000303,155,diprotic,medium,acid,separated,2,4.682,3.349,0.04236512054878507,0,0,,1,1,0,1,0,2,0,0.035148779761324356,5.56,5.56,0.0,3.3841487797613246,3.38,measured_success,555
303,ppo,1000303,156,monoprotic,near,acid,single,1,4.676,4.015,0.037512768131934375,2,0,0.325,1,0,0,1,0,2,2,0.0606638636663126,2.71,2.06,0.65,4.075663863666312,4.08,measured_success,555
303,ppo,1000303,157,monoprotic,medium,base,single,1,6.509,8.505,0.05141408270849096,6,1,0.015,1,0,0,1,0,11,6,0.09467005778804172,14.18,6.66,7.5200000000000005,8.410329942211959,8.41,measured_success,555
303,ppo,1000303,158,monoprotic,far,acid,single,1,4.612,1.924,0.11053044329131292,0,0,,1,0,0,1,0,3,0,0.0898237205759087,12.39,12.39,0.0,2.0138237205759086,2.0100000000000002,measured_success,555
303,ppo,1000303,159,monoprotic,near,acid,single,1,5.055,4.744,0.09873193342431864,0,0,,1,0,0,1,0,8,0,0.09284634849517381,0.48,0.48,0.0,4.836846348495174,4.84,measured_success,555
303,ppo,1000303,160,triprotic,near,base,overlapping,3,1.994,2.582,0.11766669325067261,0,0,,1,0,0,1,0,20,0,0.09642033392409743,8.889999999999997,0.0,8.889999999999997,2.4855796660759024,2.49,measured_success,555
303,ppo,1000303,161,monoprotic,medium,base,single,1,5.427,6.238,0.06917858868748476,5,4,0.035,1,1,0,1,0,8,5,0.0005178270041463762,5.92,2.7199999999999998,3.1999999999999997,6.238517827004147,6.24,measured_success,555
303,ppo,1000303,162,monoprotic,medium,base,single,1,3.955,5.699,0.08495196406253133,4,2,0.235,1,1,0,1,0,7,4,0.03301396636158138,11.52,3.3899999999999997,8.13,5.6659860336384185,5.67,measured_success,555
303,ppo,1000303,163,monoprotic,near,acid,single,1,8.232,7.997,0.06407297741102369,0,0,,1,0,0,1,0,8,0,0.08824973204351139,0.16,0.16,0.0,8.085249732043511,8.09,measured_success,555
303,ppo,1000303,164,monoprotic,medium,acid,single,1,4.489,3.359,0.11057649062509325,0,0,,1,0,0,1,0,5,0,0.07093830703794168,8.510000000000002,8.510000000000002,0.0,3.4299383070379417,3.43,measured_success,555
303,ppo,1000303,165,monoprotic,medium,base,single,1,2.711,3.858,0.13646758145261945,2,1,0.295,1,0,0,1,0,5,2,0.06877830298952103,7.71,0.59,7.12,3.789221697010479,3.79,measured_success,555
303,ppo,1000303,166,triprotic,near,acid,separated,3,3.171,2.803,0.05327371089432447,2,0,0.295,1,1,0,1,0,2,2,0.007144949987977434,2.65,2.06,0.59,2.8101449499879774,2.81,measured_success,555
303,ppo,1000303,167,monoprotic,medium,base,single,1,7.009,8.25,0.040051472410827745,5,4,0.09,1,1,0,1,0,9,5,0.040415104075911756,10.91,4.64,6.27,8.290415104075912,8.290000000000001,measured_success,555
303,ppo,1000303,168,triprotic,medium,acid,separated,3,6.546,4.942,0.04839217154711263,3,1,0.46,1,0,0,1,0,3,3,0.09024096755083555,8.07,6.22,1.85,4.851759032449165,4.8500000000000005,measured_success,555
303,ppo,1000303,169,monoprotic,medium,acid,single,1,3.904,2.014,0.15801192964043892,0,0,,1,1,0,1,0,2,0,0.02779469027234116,7.72,7.72,0.0,2.041794690272341,2.04,measured_success,555
303,ppo,1000303,170,triprotic,near,acid,separated,3,5.603,4.969,0.08635826449131948,0,0,,1,0,0,1,0,5,0,0.08669787292342424,4.62,4.62,0.0,5.0556978729234245,5.0600000000000005,measured_success,555
303,ppo,1000303,171,monoprotic,medium,acid,single,1,8.468,6.625,0.1420336094662828,0,0,,0,0,0,0,0,50,0,0.4169438191405508,8.350000000000001,8.350000000000001,0.0,7.041943819140551,7.04,max_steps,555
303,ppo,1000303,172,diprotic,medium,acid,separated,2,3.971,2.023,0.03862412284210894,1,0,2.65,1,1,0,1,0,2,1,0.03849576501548535,5.7,5.3,0.4,1.9845042349845148,1.98,measured_success,555
303,ppo,1000303,173,monoprotic,medium,base,single,1,6.081,7.973,0.11835198344457797,0,0,,1,0,0,1,0,6,0,0.09278868501555504,11.760000000000002,0.0,11.760000000000002,7.880211314984445,7.88,measured_success,555
303,ppo,1000303,174,triprotic,medium,base,separated,3,7.421,8.331,0.037030205414813076,1,0,0.03,1,1,0,1,0,6,1,0.01724214078664943,0.48,0.0,0.48,8.348242140786649,8.35,measured_success,555
303,ppo,1000303,175,monoprotic,medium,acid,single,1,4.312,2.584,0.059374642307186955,3,1,0.18,1,0,0,1,0,5,3,0.052792949702902714,10.02,5.66,4.36,2.5312070502970974,2.5300000000000002,measured_success,555
303,ppo,1000303,176,diprotic,near,base,separated,2,3.442,3.822,0.051806799471156254,0,0,,1,0,0,1,0,7,0,0.08423889395417383,0.6299999999999999,0.0,0.6299999999999999,3.7377611060458262,3.74,measured_success,555
303,ppo,1000303,177,monoprotic,near,base,single,1,5.099,5.472,0.05319093463926503,0,0,,1,0,0,1,0,12,0,0.0888822314898361,0.7200000000000002,0.0,0.7200000000000002,5.383117768510164,5.38,measured_success,555
303,ppo,1000303,178,monoprotic,medium,acid,single,1,5.279,4.304,0.10807824251708656,4,1,0.11,1,1,0,1,0,6,4,0.03291776932380941,6.13,4.49,1.64,4.33691776932381,4.34,measured_success,555
303,ppo,1000303,179,diprotic,medium,base,separated,2,3.371,4.387,0.03658456638933418,0,0,,1,1,0,1,0,1,0,0.028532754509133618,2.38,0.0,2.38,4.358467245490866,4.36,measured_success,555
303,ppo,1000303,180,monoprotic,near,base,single,1,6.213,6.447,0.05072420792870141,0,0,,1,0,0,1,0,3,0,0.07289348843180665,0.2,0.0,0.2,6.374106511568193,6.37,measured_success,555
303,ppo,1000303,181,monoprotic,medium,acid,single,1,3.241,2.046,0.07128195559907931,1,0,1.99,1,1,0,1,0,2,1,0.01193776214406883,4.57,3.98,0.59,2.034062237855931,2.0300000000000002,measured_success,555
303,ppo,1000303,182,triprotic,far,acid,separated,3,4.245,1.867,0.059095908367516645,0,0,,1,0,0,1,0,5,0,0.09115249015375415,11.07,11.07,0.0,1.9581524901537541,1.96,measured_success,555
303,ppo,1000303,183,monoprotic,medium,acid,single,1,3.74,2.451,0.07348892968983115,2,0,0.295,1,0,0,1,0,3,2,0.08173826678002127,6.79,6.2,0.59,2.5327382667800213,2.5300000000000002,measured_success,555
303,ppo,1000303,184,diprotic,near,base,separated,2,2.16,2.778,0.15218954808312835,0,0,,1,0,0,1,0,9,0,0.08777229127254538,4.919999999999999,0.0,4.919999999999999,2.6902277087274546,2.69,measured_success,555
303,ppo,1000303,185,diprotic,near,acid,separated,2,4.697,4.361,0.04880264069769533,0,0,,1,0,0,1,0,9,0,0.08636954445747502,0.54,0.54,0.0,4.447369544457475,4.45,measured_success,555
303,ppo,1000303,186,monoprotic,near,base,single,1,5.781,6.154,0.10336673128323726,0,0,,1,1,0,1,0,4,0,0.013229875081073317,0.27,0.0,0.27,6.140770124918927,6.140000000000001,measured_success,555
303,ppo,1000303,187,diprotic,near,acid,overlapping,2,4.039,3.472,0.14911536231919814,0,0,,1,0,0,1,0,3,0,0.05672655570109564,3.99,3.99,0.0,3.5287265557010956,3.5300000000000002,measured_success,555
303,ppo,1000303,188,triprotic,far,base,separated,3,4.846,8.169,0.12435537774586196,8,3,0.01,1,0,0,1,0,13,8,0.06837052642430663,26.94,3.82,23.12,8.100629473575694,8.1,measured_success,555
303,ppo,1000303,189,monoprotic,far,base,single,1,5.633,7.676,0.03345690365583734,5,1,0.13,1,1,0,1,0,8,5,0.02836662352050645,11.32,4.029999999999999,7.29,7.704366623520507,7.7,measured_success,555
303,ppo,1000303,190,diprotic,medium,base,separated,2,5.161,6.278,0.0761124671232143,3,1,0.225,1,0,0,1,0,4,3,0.06117304843902627,6.64,0.92,5.72,6.339173048439026,6.34,measured_success,555
303,ppo,1000303,191,monoprotic,medium,acid,single,1,4.583,3.613,0.037791512100070146,2,1,0.71,1,1,0,1,0,3,2,0.02587221461957734,5.37,3.95,1.42,3.6388722146195773,3.64,measured_success,555
303,ppo,1000303,192,triprotic,medium,base,separated,3,5.069,5.825,0.04556154714819722,1,0,0.57,1,0,0,1,0,3,1,0.05443963896934623,3.9000000000000004,0.45,3.45,5.879439638969346,5.88,measured_success,555
303,ppo,1000303,193,triprotic,near,base,separated,3,5.307,5.805,0.10147272004195956,0,0,,1,0,0,1,0,44,0,0.09375161082327033,2.92,0.0,2.92,5.711248389176729,5.71,measured_success,555
303,ppo,1000303,194,monoprotic,near,acid,single,1,7.04,6.534,0.044709464338694015,3,1,0.145,1,1,0,1,0,4,3,0.006609218473758283,3.97,2.35,1.62,6.5273907815262415,6.53,measured_success,555
303,ppo,1000303,195,diprotic,near,base,overlapping,2,5.473,5.815,0.057825103983474874,0,0,,1,0,0,1,0,11,0,0.08183535440366274,0.6900000000000002,0.0,0.6900000000000002,5.733164645596338,5.73,measured_success,555
303,ppo,1000303,196,triprotic,medium,base,separated,3,1.662,2.398,0.1275887658214086,0,0,,1,0,0,1,0,16,0,0.08529593245164202,9.270000000000001,0.0,9.270000000000001,2.312704067548358,2.31,measured_success,555
303,ppo,1000303,197,triprotic,far,acid,separated,3,7.547,5.276,0.1751137077540734,0,0,,1,0,0,1,0,23,0,0.07476184838381883,29.19999999999999,29.19999999999999,0.0,5.350761848383819,5.3500000000000005,measured_success,555
303,ppo,1000303,198,monoprotic,near,base,single,1,1.895,2.484,0.10448454202593516,0,0,,1,0,0,1,0,11,0,0.07450651298531241,5.8199999999999985,0.0,5.8199999999999985,2.4094934870146876,2.41,measured_success,555
303,ppo,1000303,199,diprotic,medium,acid,separated,2,3.384,2.345,0.0347898036534881,1,0,1.68,1,0,0,1,0,1,1,0.0593583227831469,3.36,3.36,0.0,2.2856416772168533,2.29,measured_success,555
303,ppo,1000303,200,diprotic,near,acid,separated,2,5.665,5.06,0.08190834770921317,1,0,0.58,1,1,0,1,0,2,1,0.02630036794099322,3.2199999999999998,3.2199999999999998,0.0,5.033699632059006,5.03,measured_success,555
303,ppo,1000303,201,diprotic,medium,base,separated,2,4.224,5.161,0.03810988834884367,1,0,1.265,1,1,0,1,0,1,1,0.037299244880374616,2.53,0.0,2.53,5.198299244880374,5.2,measured_success,555
303,ppo,1000303,202,monoprotic,medium,acid,single,1,4.426,2.835,0.03776997226493293,4,3,0.15,1,1,0,1,0,6,4,0.026777263233924486,9.78,6.05,3.73,2.8617772632339245,2.86,measured_success,555
303,ppo,1000303,203,diprotic,near,base,separated,2,2.571,3.199,0.04703605126591053,0,0,,1,1,0,1,0,1,0,0.031070509964473914,1.06,0.0,1.06,3.167929490035526,3.17,measured_success,555
303,ppo,1000303,204,monoprotic,medium,acid,single,1,3.233,1.503,0.09483556180304038,0,0,,0,0,0,1,1,12,0,0.10183984230222953,15.48,15.48,0.0,1.6048398423022294,1.6,measured_success,555
303,ppo,1000303,205,diprotic,medium,acid,separated,2,3.577,2.044,0.1286248049695323,1,0,0.36,1,1,0,1,0,4,1,0.020189191927340477,9.780000000000001,9.780000000000001,0.0,2.0238108080726596,2.02,measured_success,555
303,ppo,1000303,206,monoprotic,medium,acid,single,1,9.004,8.038,0.07540864905846346,0,0,,0,0,1,0,0,50,0,0.6131146369191747,1.2400000000000009,1.2400000000000009,0.0,8.651114636919175,8.65,max_steps,555
303,ppo,1000303,207,diprotic,medium,acid,separated,2,5.327,4.468,0.032959492773537026,1,0,1.63,1,1,0,1,0,3,1,0.017613003018022155,3.9499999999999997,3.26,0.69,4.450386996981978,4.45,measured_success,555
303,ppo,1000303,208,diprotic,near,acid,separated,2,4.868,4.291,0.03426692812595657,2,1,0.515,1,1,0,1,0,2,2,0.04154295074729575,3.09,2.06,1.03,4.332542950747296,4.33,measured_success,555
303,ppo,1000303,209,diprotic,medium,base,separated,2,2.159,3.074,0.1325200512806631,0,0,,1,0,0,1,0,14,0,0.08247142930650053,9.800000000000002,0.0,9.800000000000002,2.9915285706934993,2.99,measured_success,555
303,ppo,1000303,210,triprotic,medium,base,separated,3,5.994,7.469,0.050891198620474726,3,2,0.66,1,0,0,1,0,3,3,0.09565523739251791,9.27,2.65,6.62,7.564655237392518,7.5600000000000005,measured_success,555
303,ppo,1000303,211,monoprotic,near,acid,single,1,7.601,7.226,0.0841285767345028,0,0,,0,0,0,0,0,50,0,0.1517820620192447,1.0000000000000004,1.0000000000000004,0.0,7.377782062019245,7.38,max_steps,555
303,ppo,1000303,212,monoprotic,near,base,single,1,6.507,7.118,0.03807430035496531,2,1,0.515,1,0,0,1,0,2,2,0.07764159335791909,3.09,1.03,2.06,7.040358406642081,7.04,measured_success,555
303,ppo,1000303,213,diprotic,far,base,separated,2,5.416,8.704,0.05578346602411621,45,42,0.01,0,0,0,0,0,50,45,0.29528596204991686,15.96999999999999,5.949999999999996,10.019999999999994,8.999285962049917,9.0,max_steps,555
303,ppo,1000303,214,diprotic,far,acid,separated,2,5.253,3.098,0.07463185288448805,1,1,1.11,1,1,0,1,0,5,1,0.019316768230584813,14.06,12.950000000000001,1.11,3.078683231769415,3.08,measured_success,555
303,ppo,1000303,215,diprotic,near,acid,separated,2,3.066,2.515,0.11044258076227227,0,0,,1,0,0,1,0,2,0,0.09824928368618613,3.66,3.66,0.0,2.6132492836861863,2.61,measured_success,555
303,ppo,1000303,216,monoprotic,near,acid,single,1,7.701,7.275,0.04872337941150499,0,0,,1,0,0,1,0,40,0,0.09750004891238184,0.8000000000000004,0.8000000000000004,0.0,7.372500048912382,7.37,measured_success,555
303,ppo,1000303,217,diprotic,near,acid,separated,2,5.977,5.309,0.059021016602068224,2,1,0.515,1,0,0,1,0,2,2,0.056843151653224844,3.09,2.06,1.03,5.365843151653225,5.37,measured_success,555
303,ppo,1000303,218,diprotic,near,acid,separated,2,3.334,2.94,0.04373352857939868,1,0,1.03,1,1,0,1,0,2,1,0.04771158679123699,2.65,2.06,0.59,2.892288413208763,2.89,measured_success,555
303,ppo,1000303,219,monoprotic,medium,acid,single,1,9.275,8.128,0.12250064909706812,0,0,,0,0,1,0,0,50,0,0.7009534668651085,1.400000000000001,1.400000000000001,0.0,8.828953466865109,8.83,max_steps,555
303,ppo,1000303,220,diprotic,near,acid,separated,2,4.764,4.409,0.0531985907654739,0,0,,1,0,0,1,0,14,0,0.09327070470389831,0.8400000000000003,0.8400000000000003,0.0,4.502270704703898,4.5,measured_success,555
303,ppo,1000303,221,triprotic,far,acid,separated,3,5.785,2.383,0.10285349938635523,0,0,,1,0,0,1,0,7,0,0.0952733083347459,19.840000000000003,19.840000000000003,0.0,2.478273308334746,2.48,measured_success,555
303,ppo,1000303,222,monoprotic,far,acid,single,1,8.378,6.063,0.04597978100282895,5,0,0.11,1,1,0,1,0,7,5,0.042051929664242316,11.209999999999999,7.47,3.7399999999999998,6.020948070335757,6.0200000000000005,measured_success,555
303,ppo,1000303,223,diprotic,medium,acid,separated,2,6.307,4.855,0.07836687279192792,1,0,0.58,1,1,0,1,0,3,1,0.0029988000835139417,7.390000000000001,7.390000000000001,0.0,4.8520011999164865,4.8500000000000005,measured_success,555
303,ppo,1000303,224,monoprotic,far,base,single,1,2.847,5.865,0.04643055190155277,46,42,0.01,0,0,0,0,0,50,46,0.37574797465676646,13.919999999999991,5.709999999999996,8.209999999999996,5.489252025343234,5.49,max_steps,555
303,ppo,1000303,225,diprotic,near,base,separated,2,5.119,5.394,0.08487856973763006,0,0,,1,0,0,1,0,7,0,0.08841173850356832,0.42,0.0,0.42,5.305588261496432,5.3100000000000005,measured_success,555
303,ppo,1000303,226,monoprotic,medium,base,single,1,6.505,7.606,0.07881048457662014,4,2,0.145,1,1,0,1,0,5,4,0.00857505431263128,8.24,2.39,5.85,7.597424945687369,7.6000000000000005,measured_success,555
303,ppo,1000303,227,monoprotic,far,base,single,1,2.232,5.314,0.15294263278015652,5,2,0.115,1,1,0,1,0,10,5,0.0436469983859169,24.889999999999997,5.61,19.279999999999998,5.357646998385917,5.36,measured_success,555
303,ppo,1000303,228,diprotic,medium,acid,separated,2,5.223,4.329,0.043232381553282684,1,0,1.63,1,0,0,1,0,3,1,0.07474097158920845,3.9499999999999997,3.26,0.69,4.254259028410791,4.25,measured_success,555
303,ppo,1000303,229,monoprotic,near,acid,single,1,4.764,4.098,0.10902116813198573,1,1,1.03,0,0,0,1,1,2,1,0.10145483677515355,3.09,2.06,1.03,3.9965451632248463,4.0,measured_success,555
303,ppo,1000303,230,triprotic,far,acid,separated,3,8.296,5.886,0.07311169872165225,0,0,,1,0,0,1,0,6,0,0.057071820949839314,10.879999999999999,10.879999999999999,0.0,5.943071820949839,5.94,measured_success,555
303,ppo,1000303,231,monoprotic,near,base,single,1,3.768,4.29,0.05460547522735881,0,0,,0,0,0,1,1,17,0,0.10146162801233327,1.4400000000000002,0.0,1.4400000000000002,4.188538371987667,4.19,measured_success,555
303,ppo,1000303,232,diprotic,medium,acid,separated,2,3.274,2.26,0.07802897423253469,0,0,,1,0,0,1,0,10,0,0.06826261474739859,9.500000000000002,9.500000000000002,0.0,2.3282626147473984,2.33,measured_success,555
303,ppo,1000303,233,diprotic,near,base,separated,2,4.399,4.855,0.08474563383073896,0,0,,1,0,0,1,0,15,0,0.09612975661523393,1.0500000000000003,0.0,1.0500000000000003,4.7588702433847665,4.76,measured_success,555
303,ppo,1000303,234,diprotic,medium,acid,separated,2,7.053,5.132,0.11812317712889563,0,0,,1,0,0,1,0,16,0,0.09346994912923456,16.869999999999997,16.869999999999997,0.0,5.225469949129234,5.23,measured_success,555
303,ppo,1000303,235,diprotic,far,base,separated,2,3.589,5.881,0.03200496060129778,1,0,3.03,1,0,0,1,0,2,1,0.08847564914692185,7.819999999999999,1.76,6.06,5.969475649146922,5.97,measured_success,555
303,ppo,1000303,236,monoprotic,medium,acid,single,1,6.598,5.159,0.12645516302248427,0,0,,1,0,0,1,0,8,0,0.0931953310407243,9.37,9.37,0.0,5.252195331040724,5.25,measured_success,555
303,ppo,1000303,237,monoprotic,medium,acid,single,1,5.291,3.315,0.038067058182778134,5,2,0.045,1,1,0,1,0,9,5,0.037540932502374336,11.440000000000001,7.02,4.420000000000001,3.2774590674976256,3.2800000000000002,measured_success,555
303,ppo,1000303,238,diprotic,medium,acid,separated,2,4.178,2.359,0.06748957535256558,0,0,,1,0,0,1,0,9,0,0.08362307332047614,14.48,14.48,0.0,2.442623073320476,2.44,measured_success,555
303,ppo,1000303,239,monoprotic,far,acid,single,1,6.323,3.362,0.06309737914329037,5,4,0.045,1,1,0,1,0,9,5,0.0405998284038116,11.69,8.26,3.43,3.3214001715961885,3.3200000000000003,measured_success,555
303,ppo,1000303,240,monoprotic,medium,acid,single,1,3.931,2.306,0.036396990713399184,2,0,0.155,1,1,0,1,0,5,2,0.019954209369705822,7.25,5.3,1.95,2.325954209369706,2.33,measured_success,555
303,ppo,1000303,241,diprotic,near,base,separated,2,7.34,7.943,0.13630285273588796,0,0,,1,0,0,1,0,18,0,0.09469401454176207,1.0800000000000005,0.0,1.0800000000000005,7.8483059854582375,7.8500000000000005,measured_success,555
303,ppo,1000303,242,diprotic,medium,base,separated,2,6.213,6.917,0.04785382878163292,3,1,0.145,1,1,0,1,0,4,3,0.012244915222435537,3.83,1.03,2.8000000000000003,6.929244915222435,6.93,measured_success,555
303,ppo,1000303,243,diprotic,medium,base,separated,2,5.958,7.457,0.13973853360411728,1,1,0.57,1,1,0,1,0,7,1,0.00860592935226645,14.009999999999998,0.8599999999999999,13.149999999999999,7.465605929352266,7.47,measured_success,555
303,ppo,1000303,244,monoprotic,near,acid,single,1,7.427,6.918,0.04059740071373826,0,0,,1,0,0,1,0,44,0,0.09572884339188636,0.8800000000000004,0.8800000000000004,0.0,7.0137288433918865,7.01,measured_success,555
303,ppo,1000303,245,monoprotic,medium,acid,single,1,5.639,4.712,0.11448618397940011,0,0,,1,0,0,1,0,3,0,0.07709464395681032,5.27,5.27,0.0,4.78909464395681,4.79,measured_success,555
303,ppo,1000303,246,triprotic,near,acid,separated,3,6.37,5.8,0.05409098224178111,0,0,,1,1,0,1,0,1,0,0.043502420389395446,2.06,2.06,0.0,5.843502420389395,5.84,measured_success,555
303,ppo,1000303,247,triprotic,medium,acid,overlapping,3,3.37,2.518,0.1590949623751334,0,0,,1,0,0,1,0,9,0,0.06690513069701343,10.490000000000002,10.490000000000002,0.0,2.584905130697013,2.58,measured_success,555
303,ppo,1000303,248,triprotic,near,base,separated,3,1.78,2.325,0.12116028187502705,0,0,,1,0,0,1,0,12,0,0.08054371533109617,5.849999999999998,0.0,5.849999999999998,2.244456284668904,2.24,measured_success,555
303,ppo,1000303,249,diprotic,near,base,overlapping,2,3.288,3.521,0.03767992144690972,0,0,,1,0,0,1,0,8,0,0.08114588855056137,0.7199999999999999,0.0,0.7199999999999999,3.4398541114494385,3.44,measured_success,555
303,ppo,1000303,250,monoprotic,far,acid,single,1,7.266,3.936,0.06668346453440172,5,2,0.02,1,0,0,1,0,11,5,0.06910084628633761,14.249999999999998,8.129999999999999,6.119999999999999,3.8668991537136623,3.87,measured_success,555
303,ppo,1000303,251,diprotic,near,base,separated,2,2.622,2.924,0.06404685433854496,0,0,,1,0,0,1,0,11,0,0.08557760832317074,0.9899999999999998,0.0,0.9899999999999998,2.838422391676829,2.84,measured_success,555
303,ppo,1000303,252,diprotic,near,acid,separated,2,5.498,4.828,0.09928697186335325,1,0,1.03,1,0,0,1,0,2,1,0.08522033497115711,2.71,2.06,0.65,4.742779665028843,4.74,measured_success,555
303,ppo,1000303,253,diprotic,near,acid,overlapping,2,2.055,1.849,0.07399733538753327,1,0,1.43,1,1,0,1,0,1,1,0.01947295107996294,2.86,2.86,0.0,1.829527048920037,1.83,measured_success,555
303,ppo,1000303,254,monoprotic,medium,acid,single,1,5.115,3.211,0.06280771362841579,4,2,0.155,1,0,0,1,0,7,4,0.061265863128435516,10.59,7.5600000000000005,3.0300000000000002,3.2722658631284354,3.27,measured_success,555
303,ppo,1000303,255,monoprotic,medium,acid,single,1,7.958,6.058,0.06843186189186244,4,1,0.18,1,1,0,1,0,6,5,0.001555560097314057,9.719999999999999,6.71,3.01,6.056444439902686,6.0600000000000005,measured_success,555
303,ppo,1000303,256,diprotic,far,acid,separated,2,6.19,3.981,0.04723076656999228,0,0,,1,0,0,1,0,3,0,0.09351142113998812,8.82,8.82,0.0,4.074511421139988,4.07,measured_success,555
303,ppo,1000303,257,monoprotic,medium,base,single,1,7.492,8.781,0.03906415464299605,44,42,0.01,0,0,0,0,0,50,44,0.10687172510434273,13.039999999999992,6.3699999999999966,6.6699999999999955,8.674128274895658,8.67,max_steps,555
303,ppo,1000303,258,triprotic,medium,base,separated,3,2.065,3.277,0.05514575762376513,0,0,,0,0,0,1,1,4,0,0.10198969190132168,7.21,0.0,7.21,3.1750103080986785,3.18,measured_success,555
303,ppo,1000303,259,diprotic,far,base,overlapping,2,2.83,5.03,0.03952729489912889,2,0,0.145,1,0,0,1,0,5,2,0.05049641233679392,9.66,0.29,9.370000000000001,4.979503587663206,4.98,measured_success,555
303,ppo,1000303,260,diprotic,medium,acid,separated,2,4.876,3.267,0.03349139870392475,1,0,2.65,1,0,0,1,0,2,1,0.0862265715375865,7.52,5.3,2.22,3.1807734284624134,3.18,measured_success,555
303,ppo,1000303,261,diprotic,near,acid,separated,2,2.559,1.909,0.04810838163183785,1,0,1.225,1,1,0,1,0,1,1,0.011971004707208577,2.45,2.45,0.0,1.8970289952927915,1.9000000000000001,measured_success,555
303,ppo,1000303,262,triprotic,near,base,separated,3,5.157,5.616,0.14306788018887445,0,0,,0,0,0,0,0,50,0,0.11207860228096322,3.1500000000000017,0.0,3.1500000000000017,5.503921397719036,5.5,max_steps,555
303,ppo,1000303,263,diprotic,medium,base,separated,2,4.409,5.548,0.09878200129944793,0,0,,1,1,0,1,0,4,0,0.04701363285941795,9.01,0.0,9.01,5.500986367140582,5.5,measured_success,555
303,ppo,1000303,264,diprotic,far,acid,separated,2,6.201,3.886,0.038716300502665814,2,0,0.185,1,1,0,1,0,3,2,0.03739157279452865,6.279999999999999,5.3,0.98,3.9233915727945288,3.92,measured_success,555
303,ppo,1000303,265,monoprotic,near,base,single,1,6.479,6.915,0.1317810894183982,0,0,,1,0,0,1,0,31,0,0.09463413696555012,2.0200000000000014,0.0,2.0200000000000014,6.82036586303445,6.82,measured_success,555
303,ppo,1000303,266,diprotic,far,acid,separated,2,6.411,4.185,0.05038922137281464,1,0,0.355,1,1,0,1,0,4,1,0.03653381022728386,9.02,9.02,0.0,4.148466189772716,4.15,measured_success,555
303,ppo,1000303,267,triprotic,medium,base,overlapping,3,2.319,4.063,0.032448384230539265,0,0,,1,0,0,1,0,4,0,0.0806129841274883,6.170000000000001,0.0,6.170000000000001,3.9823870158725114,3.98,measured_success,555
303,ppo,1000303,268,monoprotic,near,acid,single,1,4.989,4.61,0.08093619937509428,0,0,,0,0,0,1,1,34,0,0.10025236529391623,2.0000000000000013,2.0000000000000013,0.0,4.7102523652939166,4.71,measured_success,555
303,ppo,1000303,269,diprotic,near,base,separated,2,3.979,4.477,0.13480781521684296,0,0,,0,0,0,1,1,33,0,0.10134326757734868,2.6700000000000013,0.0,2.6700000000000013,4.375656732422652,4.38,measured_success,555
303,ppo,1000303,270,monoprotic,medium,base,single,1,4.628,6.149,0.11800197310545622,7,5,0.015,1,1,0,1,0,11,7,0.006720652217038214,11.880000000000003,5.28,6.600000000000001,6.155720652217038,6.16,measured_success,555
303,ppo,1000303,271,triprotic,medium,base,separated,3,6.398,7.291,0.07280976582661523,1,0,0.57,1,0,0,1,0,4,1,0.08223028632985141,4.390000000000001,0.81,3.58,7.373230286329852,7.37,measured_success,555
303,ppo,1000303,272,monoprotic,medium,acid,single,1,4.099,3.294,0.07475874796581194,0,0,,1,1,0,1,0,2,0,0.006393556161011116,3.66,3.66,0.0,3.300393556161011,3.3000000000000003,measured_success,555
303,ppo,1000303,273,monoprotic,medium,acid,single,1,2.93,1.792,0.16158767252039413,0,0,,1,0,0,1,0,10,0,0.09859165734338071,11.430000000000001,11.430000000000001,0.0,1.8905916573433807,1.8900000000000001,measured_success,555
303,ppo,1000303,274,monoprotic,far,acid,single,1,8.068,5.989,0.17365741926900266,1,0,0.345,1,0,0,1,0,6,1,0.050898288998623364,15.549999999999999,15.549999999999999,0.0,5.9381017110013765,5.94,measured_success,555
303,ppo,1000303,275,diprotic,medium,base,separated,2,2.494,3.762,0.10170263421596858,0,0,,1,0,0,1,0,4,0,0.0850223168295936,5.749999999999999,0.0,5.749999999999999,3.6769776831704064,3.68,measured_success,555
303,ppo,1000303,276,monoprotic,medium,acid,single,1,6.726,5.386,0.1237363423296113,2,2,0.225,1,1,0,1,0,5,2,0.03458819438780214,7.64,6.04,1.5999999999999999,5.420588194387802,5.42,measured_success,555
303,ppo,1000303,277,monoprotic,far,base,single,1,6.807,9.002,0.0382889750872658,47,45,0.01,0,0,0,0,0,50,47,0.12929586674651894,14.78999999999999,6.819999999999995,7.969999999999995,9.13129586674652,9.13,max_steps,555
303,ppo,1000303,278,monoprotic,medium,base,single,1,3.506,4.263,0.057934596645361956,6,6,0.03,1,1,0,1,0,10,6,0.029833363349000663,5.75,2.6999999999999997,3.05,4.233166636650999,4.23,measured_success,555
303,ppo,1000303,279,monoprotic,near,acid,single,1,6.642,6.295,0.1540278511364967,0,0,,0,0,0,0,0,50,0,0.22714396071059184,1.0000000000000004,1.0000000000000004,0.0,6.522143960710592,6.5200000000000005,max_steps,555
303,ppo,1000303,280,triprotic,near,acid,separated,3,7.56,7.218,0.15704098004672162,0,0,,0,0,0,0,0,50,0,0.26577184770438045,1.0000000000000004,1.0000000000000004,0.0,7.48377184770438,7.48,max_steps,555
303,ppo,1000303,281,monoprotic,near,acid,single,1,6.498,6.213,0.11134026568702639,0,0,,0,0,0,0,0,50,0,0.17289088845379386,1.0000000000000004,1.0000000000000004,0.0,6.385890888453794,6.390000000000001,max_steps,555
303,ppo,1000303,282,triprotic,near,acid,separated,3,4.185,3.664,0.16021887655554387,0,0,,1,1,0,1,0,3,0,0.03741471013523734,3.99,3.99,0.0,3.7014147101352375,3.7,measured_success,555
303,ppo,1000303,283,triprotic,medium,acid,separated,3,8.451,6.912,0.05435464395161326,0,0,,1,1,0,1,0,44,0,0.02091085552677452,5.040000000000001,5.040000000000001,0.0,6.932910855526774,6.93,measured_success,555
303,ppo,1000303,284,monoprotic,medium,acid,single,1,3.413,1.579,0.13234889290153437,0,0,,1,0,0,1,0,3,0,0.09484322279018254,6.510000000000001,6.510000000000001,0.0,1.6738432227901825,1.67,measured_success,555
303,ppo,1000303,285,triprotic,near,acid,separated,3,7.532,7.078,0.12372389217813641,0,0,,1,0,0,1,0,42,0,0.09662070938084977,0.8400000000000004,0.8400000000000004,0.0,7.17462070938085,7.17,measured_success,555
303,ppo,1000303,286,monoprotic,far,base,single,1,8.536,10.846,0.041745389992004125,3,1,0.67,1,0,0,1,0,4,3,0.07476856184036151,12.809999999999999,5.449999999999999,7.359999999999999,10.920768561840362,10.92,measured_success,555
303,ppo,1000303,287,diprotic,medium,base,separated,2,4.415,5.615,0.07754407543077434,0,0,,1,0,0,1,0,3,0,0.09397612766880137,6.970000000000001,0.0,6.970000000000001,5.521023872331199,5.5200000000000005,measured_success,555
303,ppo,1000303,288,monoprotic,medium,base,single,1,5.622,7.536,0.05985700992760457,44,40,0.01,0,0,0,0,0,50,44,0.23426761176284394,14.92999999999999,7.129999999999995,7.799999999999996,7.301732388237156,7.3,max_steps,555
303,ppo,1000303,289,monoprotic,medium,base,single,1,3.711,5.664,0.1323717913424503,6,1,0.015,1,1,0,1,0,9,6,0.03621272682634746,10.399999999999999,3.1099999999999994,7.29,5.627787273173652,5.63,measured_success,555
303,ppo,1000303,290,diprotic,far,base,separated,2,3.306,5.872,0.03104248749922669,7,6,0.015,1,1,0,1,0,12,7,0.0059921071916377855,16.17,6.37,9.8,5.877992107191638,5.88,measured_success,555
303,ppo,1000303,291,monoprotic,near,base,single,1,3.675,4.217,0.10959972772499793,0,0,,1,0,0,1,0,37,0,0.09435588515122273,3.1799999999999997,0.0,3.1799999999999997,4.122644114848777,4.12,measured_success,555
303,ppo,1000303,292,triprotic,near,base,separated,3,5.506,5.846,0.08253141825285376,0,0,,1,0,0,1,0,11,0,0.09397314234689347,0.6900000000000002,0.0,0.6900000000000002,5.752026857653107,5.75,measured_success,555
303,ppo,1000303,293,monoprotic,medium,base,single,1,4.635,6.528,0.046392971890446305,7,4,0.02,1,1,0,1,0,10,7,0.01759776160451043,14.899999999999999,5.9399999999999995,8.959999999999999,6.54559776160451,6.55,measured_success,555
303,ppo,1000303,294,triprotic,near,acid,separated,3,7.031,6.485,0.14750691274162442,0,0,,1,0,0,1,0,2,0,0.05748957482096895,3.2,3.2,0.0,6.542489574820969,6.54,measured_success,555
303,ppo,1000303,295,monoprotic,medium,base,single,1,2.807,4.394,0.12673554366428577,1,0,0.62,1,1,0,1,0,5,1,0.02341709477027898,12.06,0.0,12.06,4.417417094770279,4.42,measured_success,555
303,ppo,1000303,296,monoprotic,near,acid,single,1,6.027,5.67,0.054475712935061926,0,0,,1,0,0,1,0,9,0,0.08887524681128411,0.5,0.5,0.0,5.758875246811284,5.76,measured_success,555
303,ppo,1000303,297,diprotic,medium,acid,separated,2,3.74,2.993,0.16165730926333943,0,0,,1,0,0,1,0,5,0,0.06482185627825965,5.94,5.94,0.0,3.0578218562782595,3.06,measured_success,555
303,ppo,1000303,298,monoprotic,near,acid,single,1,2.55,2.166,0.07877792570085096,1,0,1.225,1,0,0,1,0,1,1,0.09461213719131267,2.45,2.45,0.0,2.0713878628086873,2.07,measured_success,555
303,ppo,1000303,299,diprotic,far,base,overlapping,2,2.502,5.404,0.03653906504167016,5,4,0.15,1,0,0,1,0,8,5,0.088930990376209,12.570000000000002,3.15,9.420000000000002,5.492930990376209,5.49,measured_success,555
303,ppo,1000303,300,monoprotic,far,base,single,1,2.402,6.377,0.062058245716559705,45,45,0.01,0,0,1,0,0,50,45,3.1120086784255987,17.00999999999999,6.549999999999997,10.459999999999996,9.489008678425598,9.49,max_steps,555
303,ppo,1000303,301,triprotic,medium,acid,separated,3,8.441,6.922,0.09906831799946951,0,0,,0,0,1,0,0,50,0,1.0747314196155253,1.500000000000001,1.500000000000001,0.0,7.996731419615525,8.0,max_steps,555
303,ppo,1000303,302,triprotic,near,acid,separated,3,3.156,2.729,0.12939284260603828,0,0,,1,0,0,1,0,5,0,0.08041602409091997,5.13,5.13,0.0,2.80941602409092,2.81,measured_success,555
303,ppo,1000303,303,diprotic,near,base,separated,2,5.143,5.793,0.04682252208093723,0,0,,1,0,0,1,0,1,0,0.07146616315617305,2.06,0.0,2.06,5.721533836843827,5.72,measured_success,555
303,ppo,1000303,304,monoprotic,far,base,single,1,7.815,9.85,0.1374721651203827,6,4,0.01,1,1,0,1,0,14,6,0.009848854381969474,14.729999999999997,6.519999999999999,8.209999999999999,9.84015114561803,9.84,measured_success,555
303,ppo,1000303,305,diprotic,near,acid,separated,2,4.944,4.299,0.07825581474370104,1,0,0.58,1,0,0,1,0,2,1,0.06670946987139548,3.2199999999999998,3.2199999999999998,0.0,4.232290530128605,4.23,measured_success,555
303,ppo,1000303,306,monoprotic,far,base,single,1,4.624,7.939,0.1300572946960064,40,37,0.01,0,0,0,0,0,50,40,0.33443224826744,18.999999999999993,5.579999999999997,13.419999999999996,7.60456775173256,7.6000000000000005,max_steps,555
303,ppo,1000303,307,triprotic,near,acid,separated,3,3.117,2.669,0.06246080811786874,1,0,1.225,1,1,0,1,0,1,1,0.023719005437125684,2.45,2.45,0.0,2.6452809945628744,2.65,measured_success,555
303,ppo,1000303,308,monoprotic,medium,base,single,1,4.834,5.759,0.07324469350032031,1,0,1.265,1,1,0,1,0,1,1,0.008686348884488382,2.53,0.0,2.53,5.767686348884489,5.7700000000000005,measured_success,555
303,ppo,1000303,309,diprotic,near,base,separated,2,4.64,5.163,0.05493563947798055,0,0,,1,0,0,1,0,16,0,0.0711611634435414,1.0700000000000005,0.0,1.0700000000000005,5.091838836556459,5.09,measured_success,555
303,ppo,1000303,310,diprotic,medium,acid,separated,2,3.584,2.587,0.047424214233858786,3,2,0.355,1,0,0,1,0,4,3,0.076610865153667,5.84,4.07,1.77,2.510389134846333,2.5100000000000002,measured_success,555
303,ppo,1000303,311,monoprotic,far,acid,single,1,7.219,3.967,0.09008784920109274,8,5,0.01,1,0,0,1,0,10,8,0.06344066039712226,11.73,8.51,3.2199999999999998,4.030440660397122,4.03,measured_success,555
303,ppo,1000303,312,diprotic,near,base,separated,2,5.009,5.551,0.06814187446555042,0,0,,1,0,0,1,0,12,0,0.059487616060534876,0.8100000000000003,0.0,0.8100000000000003,5.491512383939465,5.49,measured_success,555
303,ppo,1000303,313,triprotic,medium,base,separated,3,3.284,4.407,0.04606763476322392,1,0,1.505,1,0,0,1,0,6,1,0.07893405980650314,3.51,0.5,3.01,4.485934059806503,4.49,measured_success,555
303,ppo,1000303,314,triprotic,medium,acid,separated,3,5.294,3.586,0.09327634638748576,0,0,,1,0,0,1,0,16,0,0.07807801980972107,14.850000000000005,14.850000000000005,0.0,3.664078019809721,3.66,measured_success,555
303,ppo,1000303,315,diprotic,medium,base,separated,2,3.451,4.52,0.038134469096950535,1,0,1.505,1,0,0,1,0,5,1,0.07388424630656587,3.4499999999999997,0.44,3.01,4.5938842463065654,4.59,measured_success,555
303,ppo,1000303,316,diprotic,medium,acid,separated,2,3.967,2.403,0.04242087360471865,1,0,2.65,1,0,0,1,0,2,1,0.06788755168324956,5.7,5.3,0.4,2.3351124483167505,2.34,measured_success,555
303,ppo,1000303,317,diprotic,far,base,separated,2,4.234,7.283,0.15475235944295154,0,0,,1,0,0,1,0,9,0,0.055639206519489726,25.259999999999994,0.0,25.259999999999994,7.227360793480511,7.23,measured_success,555
303,ppo,1000303,318,diprotic,near,acid,separated,2,3.212,2.696,0.03128044094095392,1,0,1.225,1,1,0,1,0,2,1,0.04788659832472897,3.66,2.45,1.21,2.648113401675271,2.65,measured_success,555
303,ppo,1000303,319,monoprotic,medium,base,single,1,3.418,5.006,0.03806410468129915,8,6,0.01,1,0,0,1,0,14,8,0.08842304964201375,14.7,7.08,7.62,4.9175769503579865,4.92,measured_success,555
303,ppo,1000303,320,diprotic,medium,acid,separated,2,4.046,2.961,0.04887565338215942,4,3,0.175,1,1,0,1,0,5,4,0.03114843669346934,5.890000000000001,4.12,1.77,2.992148436693469,2.99,measured_success,555
303,ppo,1000303,321,monoprotic,medium,base,single,1,3.127,3.916,0.07509291661739328,3,2,0.145,1,1,0,1,0,6,3,0.0235052678430816,4.84,1.91,2.93,3.9395052678430815,3.94,measured_success,555
303,ppo,1000303,322,monoprotic,medium,base,single,1,9.506,11.2,0.04255889610576742,0,0,,1,1,0,1,0,8,0,0.009437227124315939,0.6900000000000002,0.0,0.6900000000000002,11.190562772875683,11.19,measured_success,555
303,ppo,1000303,323,diprotic,medium,base,separated,2,1.738,3.458,0.05807461368045622,0,0,,1,0,0,1,0,6,0,0.06557716922450929,11.680000000000001,0.0,11.680000000000001,3.392422830775491,3.39,measured_success,555
303,ppo,1000303,324,diprotic,medium,base,separated,2,3.827,5.267,0.07562490593484036,6,4,0.02,1,1,0,1,0,10,6,0.004557298386434816,10.23,4.46,5.77,5.2624427016135655,5.26,measured_success,555
303,ppo,1000303,325,diprotic,medium,acid,separated,2,4.584,2.998,0.03240701996869952,1,0,2.65,1,1,0,1,0,4,1,0.046405898635060616,6.9399999999999995,5.3,1.64,2.9515941013649396,2.95,measured_success,555
303,ppo,1000303,326,monoprotic,far,base,single,1,7.745,10.783,0.15416367821444127,3,2,0.205,1,0,0,1,0,9,3,0.07816916826088693,21.22,1.99,19.23,10.861169168260886,10.86,measured_success,555
303,ppo,1000303,327,diprotic,near,base,separated,2,2.817,3.045,0.03361713311406797,0,0,,1,0,0,1,0,4,0,0.09250902242623305,0.36,0.0,0.36,2.952490977573767,2.95,measured_success,555
303,ppo,1000303,328,monoprotic,far,acid,single,1,5.38,2.342,0.12984584679171912,1,0,3.425,1,1,0,1,0,6,1,0.01143238719366968,11.649999999999999,6.85,4.8,2.3305676128063304,2.33,measured_success,555
303,ppo,1000303,329,diprotic,medium,base,separated,2,2.065,3.992,0.09516006342365643,0,0,,1,0,0,1,0,12,0,0.09482859251150089,18.81,0.0,18.81,3.897171407488499,3.9,measured_success,555
303,ppo,1000303,330,triprotic,far,base,separated,3,3.048,6.181,0.08567762425963998,1,0,0.57,1,1,0,1,0,6,1,0.025246610545907266,19.05,0.0,19.05,6.206246610545907,6.21,measured_success,555
303,ppo,1000303,331,diprotic,medium,acid,separated,2,4.547,3.318,0.17720384884156318,0,0,,1,0,0,1,0,12,0,0.09351798888274265,16.42,16.42,0.0,3.4115179888827427,3.41,measured_success,555
303,ppo,1000303,332,diprotic,far,base,separated,2,1.978,4.337,0.037763105617288774,0,0,,1,0,0,1,0,1,0,0.07101776001506188,6.66,0.0,6.66,4.265982239984938,4.2700000000000005,measured_success,555
303,ppo,1000303,333,monoprotic,medium,base,single,1,6.686,7.944,0.14535169031039263,2,1,0.205,1,0,0,1,0,5,2,0.09452729435380913,8.700000000000001,0.41,8.290000000000001,7.849472705646191,7.8500000000000005,measured_success,555
303,ppo,1000303,334,diprotic,near,base,separated,2,3.705,4.345,0.13975455110604157,0,0,,1,0,0,1,0,6,0,0.09931744354010075,5.4399999999999995,0.0,5.4399999999999995,4.245682556459899,4.25,measured_success,555
303,ppo,1000303,335,diprotic,medium,acid,separated,2,3.481,1.888,0.12082206320269197,0,0,,1,0,0,1,0,2,0,0.07659450326219197,7.15,7.15,0.0,1.9645945032621919,1.96,measured_success,555
303,ppo,1000303,336,diprotic,far,base,separated,2,2.537,5.988,0.045399213185828895,5,2,0.115,1,1,0,1,0,7,5,0.030696139822313562,15.309999999999999,2.4799999999999995,12.83,6.018696139822314,6.0200000000000005,measured_success,555
303,ppo,1000303,337,diprotic,medium,acid,overlapping,2,3.793,2.798,0.14471019919225594,0,0,,1,1,0,1,0,8,0,0.04897104135168462,11.700000000000001,11.700000000000001,0.0,2.8469710413516847,2.85,measured_success,555
303,ppo,1000303,338,monoprotic,medium,acid,single,1,7.218,5.252,0.11954064181627279,3,0,0.13,1,1,0,1,0,5,3,0.037254496753344135,10.0,9.33,0.67,5.214745503246656,5.21,measured_success,555
303,ppo,1000303,339,triprotic,medium,base,separated,3,4.949,5.85,0.1281703464880194,0,0,,1,1,0,1,0,3,0,0.027543154751878518,5.87,0.0,5.87,5.822456845248121,5.82,measured_success,555
303,ppo,1000303,340,monoprotic,near,base,single,1,7.902,8.499,0.12149725767307243,0,0,,0,0,0,0,0,50,0,0.1350454055202679,3.000000000000002,0.0,3.000000000000002,8.363954594479733,8.36,max_steps,555
303,ppo,1000303,341,triprotic,medium,base,separated,3,3.715,4.453,0.03149911998972107,2,1,0.575,1,0,0,1,0,2,2,0.07344906045225219,3.46,1.15,2.31,4.379550939547748,4.38,measured_success,555
303,ppo,1000303,342,diprotic,medium,base,separated,2,5.34,6.903,0.030765775707627407,3,1,0.685,1,1,0,1,0,4,3,0.019065877286402078,12.36,5.3,7.0600000000000005,6.922065877286402,6.92,measured_success,555
303,ppo,1000303,343,monoprotic,near,base,single,1,2.849,3.41,0.10371284104873178,0,0,,1,1,0,1,0,3,0,0.03827042294546956,1.96,0.0,1.96,3.3717295770545306,3.37,measured_success,555
303,ppo,1000303,344,diprotic,medium,base,separated,2,2.296,4.106,0.17789767987983246,0,0,,1,0,0,1,0,11,0,0.09221486712440274,14.709999999999997,0.0,14.709999999999997,4.013785132875597,4.01,measured_success,555
303,ppo,1000303,345,monoprotic,far,base,single,1,7.075,9.769,0.03750065857295245,6,2,0.01,1,1,0,1,0,12,6,0.016656040316975762,13.419999999999998,5.099999999999999,8.32,9.752343959683024,9.75,measured_success,555
303,ppo,1000303,346,monoprotic,near,base,single,1,8.619,8.867,0.044891142811300466,0,0,,1,0,0,1,0,13,0,0.09830137414157747,0.25999999999999995,0.0,0.25999999999999995,8.768698625858423,8.77,measured_success,555
303,ppo,1000303,347,diprotic,medium,acid,overlapping,2,4.631,3.582,0.09973182587697779,0,0,,1,1,0,1,0,6,0,0.04989230713070203,10.600000000000001,10.600000000000001,0.0,3.631892307130702,3.63,measured_success,555
303,ppo,1000303,348,monoprotic,near,base,single,1,3.999,4.371,0.12795329284224724,0,0,,1,0,0,1,0,19,0,0.08987508471936323,1.4700000000000002,0.0,1.4700000000000002,4.281124915280637,4.28,measured_success,555
303,ppo,1000303,349,monoprotic,far,base,single,1,3.836,7.312,0.10278996626263048,8,2,0.01,1,0,0,1,0,12,8,0.05541272759295435,20.1,4.489999999999999,15.610000000000001,7.256587272407046,7.26,measured_success,555
303,ppo,1000303,350,monoprotic,far,base,single,1,5.179,8.255,0.11059178331614017,6,3,0.015,1,0,0,1,0,13,6,0.08208655598588699,16.05,5.0200000000000005,11.03,8.172913444014114,8.17,measured_success,555
303,ppo,1000303,351,triprotic,near,base,separated,3,4.036,4.462,0.08791909572601328,0,0,,1,0,0,1,0,25,0,0.09579842481435286,1.9500000000000006,0.0,1.9500000000000006,4.366201575185647,4.37,measured_success,555
303,ppo,1000303,352,monoprotic,medium,base,single,1,5.75,7.561,0.04824590106955337,6,1,0.015,1,1,0,1,0,12,6,0.02252639897320563,13.940000000000001,6.15,7.790000000000001,7.538473601026794,7.54,measured_success,555
303,ppo,1000303,353,triprotic,far,acid,separated,3,5.371,2.671,0.0873597834793867,0,0,,1,0,0,1,0,5,0,0.06978013894830637,14.9,14.9,0.0,2.740780138948306,2.74,measured_success,555
303,ppo,1000303,354,triprotic,medium,acid,separated,3,4.53,2.854,0.05224960227728312,1,0,2.65,1,0,0,1,0,1,1,0.07243539345307592,5.3,5.3,0.0,2.781564606546924,2.7800000000000002,measured_success,555
303,ppo,1000303,355,diprotic,medium,base,separated,2,3.76,5.639,0.10371635101681674,0,0,,1,0,0,1,0,11,0,0.0952411626756069,12.439999999999996,0.0,12.439999999999996,5.543758837324393,5.54,measured_success,555
303,ppo,1000303,356,diprotic,far,base,overlapping,2,2.006,5.424,0.042190589000339486,43,42,0.01,0,0,0,0,0,50,43,0.15658260281188685,20.489999999999995,5.539999999999997,14.949999999999996,5.580582602811887,5.58,max_steps,555
303,ppo,1000303,357,diprotic,near,acid,separated,2,7.513,7.089,0.04347643552740303,0,0,,1,0,0,1,0,25,0,0.08581575426906518,0.5000000000000001,0.5000000000000001,0.0,7.174815754269066,7.17,measured_success,555
303,ppo,1000303,358,diprotic,near,acid,separated,2,6.59,5.976,0.0469535689233944,1,0,1.03,1,0,0,1,0,1,1,0.09620764605588317,2.06,2.06,0.0,5.879792353944117,5.88,measured_success,555
303,ppo,1000303,359,monoprotic,medium,base,single,1,4.436,6.235,0.032795799010350575,8,5,0.01,1,1,0,1,0,12,8,0.0132540638637062,15.04,6.41,8.629999999999999,6.221745936136294,6.22,measured_success,555
303,ppo,1000303,360,triprotic,medium,acid,separated,3,2.821,1.893,0.05570905093410842,0,0,,1,1,0,1,0,2,0,0.03558428073372544,4.28,4.28,0.0,1.9285842807337255,1.93,measured_success,555
303,ppo,1000303,361,diprotic,medium,base,separated,2,3.659,5.534,0.1774016036507778,0,0,,1,0,0,1,0,7,0,0.06980330497829978,12.659999999999998,0.0,12.659999999999998,5.4641966950217,5.46,measured_success,555
303,ppo,1000303,362,diprotic,near,acid,overlapping,2,4.336,3.645,0.17926662942240398,0,0,,1,0,0,1,0,24,0,0.08172996495872953,12.820000000000006,12.820000000000006,0.0,3.7267299649587295,3.73,measured_success,555
303,ppo,1000303,363,triprotic,medium,base,overlapping,3,2.361,4.342,0.03211563415878011,3,3,0.155,0,0,0,1,1,6,3,0.10093463086324928,10.540000000000001,1.24,9.3,4.442934630863249,4.44,measured_success,555
303,ppo,1000303,364,diprotic,far,base,separated,2,4.854,8.674,0.08448928278566675,47,43,0.01,0,0,1,0,0,50,47,0.770542980081224,17.169999999999987,7.969999999999994,9.199999999999994,9.444542980081224,9.44,max_steps,555
303,ppo,1000303,365,diprotic,near,base,separated,2,5.474,5.791,0.11401502869892427,0,0,,1,0,0,1,0,8,0,0.06248697812110038,0.51,0.0,0.51,5.7285130218789,5.73,measured_success,555
303,ppo,1000303,366,triprotic,far,base,separated,3,3.534,6.002,0.05658094062542272,0,0,,1,0,0,1,0,13,0,0.09694859084884921,7.120000000000003,0.0,7.120000000000003,5.905051409151151,5.91,measured_success,555
303,ppo,1000303,367,triprotic,far,acid,separated,3,6.548,2.695,0.08082766200595862,0,0,,1,0,0,1,0,8,0,0.09887759584094313,24.9,24.9,0.0,2.793877595840943,2.79,measured_success,555
303,ppo,1000303,368,monoprotic,near,base,single,1,6.474,6.712,0.10731611975933393,0,0,,1,0,0,1,0,10,0,0.0796807058067337,0.6900000000000002,0.0,0.6900000000000002,6.632319294193266,6.63,measured_success,555
303,ppo,1000303,369,diprotic,medium,base,separated,2,2.575,3.408,0.05260782261828294,1,0,0.57,1,0,0,1,0,2,1,0.07046770378704759,3.5199999999999996,0.0,3.5199999999999996,3.4784677037870475,3.48,measured_success,555
303,ppo,1000303,370,monoprotic,near,acid,single,1,7.867,7.277,0.05233272503779484,0,0,,0,0,0,0,0,50,0,0.21749361876072637,1.0000000000000004,1.0000000000000004,0.0,7.4944936187607265,7.49,max_steps,555
303,ppo,1000303,371,monoprotic,near,base,single,1,4.151,4.748,0.049577514681933575,0,0,,1,0,0,1,0,23,0,0.09749605502642122,1.7400000000000004,0.0,1.7400000000000004,4.650503944973579,4.65,measured_success,555
303,ppo,1000303,372,diprotic,near,acid,separated,2,2.876,2.311,0.10792702039612863,0,0,,0,0,0,1,1,3,0,0.10010084957528953,4.38,4.38,0.0,2.4111008495752895,2.41,measured_success,555
303,ppo,1000303,373,diprotic,near,base,overlapping,2,5.128,5.525,0.05059689428407887,0,0,,1,0,0,1,0,26,0,0.09751261383927812,1.560000000000001,0.0,1.560000000000001,5.427487386160722,5.43,measured_success,555
303,ppo,1000303,374,monoprotic,medium,base,single,1,4.039,5.631,0.0580431370505312,2,0,1.11,1,1,0,1,0,5,2,0.025148249553687663,11.950000000000001,4.640000000000001,7.3100000000000005,5.605851750446313,5.61,measured_success,555
303,ppo,1000303,375,triprotic,medium,acid,separated,3,2.796,1.976,0.11622428885414224,0,0,,1,1,0,1,0,4,0,0.046236583829252,6.21,6.21,0.0,2.022236583829252,2.02,measured_success,555
303,ppo,1000303,376,monoprotic,medium,acid,single,1,4.326,3.177,0.14776174561516292,0,0,,1,0,0,1,0,4,0,0.05634361220203532,7.390000000000001,7.390000000000001,0.0,3.2333436122020354,3.23,measured_success,555
303,ppo,1000303,377,triprotic,near,acid,separated,3,4.315,3.719,0.1517302569843974,0,0,,1,0,0,1,0,10,0,0.08482047517520241,6.249999999999999,6.249999999999999,0.0,3.8038204751752023,3.8000000000000003,measured_success,555
303,ppo,1000303,378,diprotic,far,acid,separated,2,4.896,2.613,0.14788029495025654,0,0,,0,0,0,1,1,6,0,0.10063117678329503,19.61,19.61,0.0,2.713631176783295,2.71,measured_success,555
303,ppo,1000303,379,triprotic,medium,acid,separated,3,5.344,3.661,0.06754697583394664,1,0,0.605,1,1,0,1,0,4,1,0.03979366388485017,8.95,8.36,0.59,3.62120633611515,3.62,measured_success,555
303,ppo,1000303,380,monoprotic,near,acid,single,1,5.804,5.17,0.04078529139311485,2,0,0.325,1,1,0,1,0,2,2,0.03338803099463661,2.71,2.06,0.65,5.2033880309946365,5.2,measured_success,555
303,ppo,1000303,381,monoprotic,medium,acid,single,1,7.84,5.999,0.06375936589107176,4,2,0.16,1,1,0,1,0,7,4,0.00020253899089173188,10.65,7.33,3.32,5.999202538990891,6.0,measured_success,555
303,ppo,1000303,382,diprotic,medium,base,separated,2,3.762,5.184,0.05915947520990241,1,0,2.0,1,0,0,1,0,6,1,0.07438800684770452,4.5,0.5,4.0,5.258388006847705,5.26,measured_success,555
303,ppo,1000303,383,monoprotic,near,acid,single,1,3.876,3.545,0.0894368739883579,0,0,,1,0,0,1,0,25,0,0.09380855134233634,1.5000000000000009,1.5000000000000009,0.0,3.6388085513423363,3.64,measured_success,555
303,ppo,1000303,384,monoprotic,medium,base,single,1,7.817,8.601,0.08751738557223665,0,0,,1,0,0,1,0,11,0,0.05535226573983998,0.78,0.0,0.78,8.545647734260161,8.55,measured_success,555
303,ppo,1000303,385,triprotic,near,acid,separated,3,3.357,3.074,0.10060018898548136,0,0,,1,0,0,1,0,11,0,0.08342767798622397,0.9899999999999998,0.9899999999999998,0.0,3.157427677986224,3.16,measured_success,555
303,ppo,1000303,386,monoprotic,medium,acid,single,1,5.371,4.633,0.11464449058015085,0,0,,1,1,0,1,0,3,0,0.01625569505988711,3.9299999999999997,3.9299999999999997,0.0,4.649255695059887,4.65,measured_success,555
303,ppo,1000303,387,monoprotic,near,base,single,1,4.527,4.825,0.08206359738754057,0,0,,1,0,0,1,0,11,0,0.09969318666097049,0.6600000000000001,0.0,0.6600000000000001,4.72530681333903,4.73,measured_success,555
303,ppo,1000303,388,monoprotic,medium,acid,single,1,5.133,4.306,0.10340588590353682,4,1,0.045,1,0,0,1,0,7,4,0.06491184932461902,7.76,4.4,3.36,4.370911849324619,4.37,measured_success,555
303,ppo,1000303,389,triprotic,medium,acid,separated,3,6.841,5.933,0.06977462390712616,0,0,,1,0,0,1,0,12,0,0.09552348630772656,7.98,7.98,0.0,6.028523486307726,6.03,measured_success,555
303,ppo,1000303,390,diprotic,far,base,separated,2,3.034,5.828,0.03131241661017572,0,0,,1,1,0,1,0,1,0,0.04875702145001082,6.66,0.0,6.66,5.7792429785499895,5.78,measured_success,555
303,ppo,1000303,391,monoprotic,medium,acid,single,1,5.18,3.54,0.05548086797043718,7,3,0.02,1,0,0,1,0,9,7,0.0941117374422209,12.760000000000002,6.7,6.0600000000000005,3.445888262557779,3.45,measured_success,555
303,ppo,1000303,392,diprotic,medium,acid,separated,2,5.746,4.224,0.09165308918801779,0,0,,1,0,0,1,0,3,0,0.05730405306296227,7.34,7.34,0.0,4.2813040530629625,4.28,measured_success,555
303,ppo,1000303,393,triprotic,near,acid,separated,3,6.265,5.665,0.03983058880351164,2,1,0.515,1,0,0,1,0,2,2,0.050719552323996275,3.09,2.06,1.03,5.715719552323996,5.72,measured_success,555
303,ppo,1000303,394,diprotic,far,acid,separated,2,5.882,2.032,0.03414515249451297,1,0,3.89,1,1,0,1,0,2,2,0.0013176753906565253,8.39,7.78,0.61,2.0333176753906566,2.0300000000000002,measured_success,555
303,ppo,1000303,395,diprotic,near,base,separated,2,4.954,5.377,0.05029111871857428,0,0,,1,0,0,1,0,35,0,0.09814903882196102,2.1000000000000014,0.0,2.1000000000000014,5.278850961178039,5.28,measured_success,555
303,ppo,1000303,396,monoprotic,near,base,single,1,7.392,7.987,0.11926480068776846,0,0,,1,0,0,1,0,46,0,0.08783748931195312,2.760000000000002,0.0,2.760000000000002,7.899162510688047,7.9,measured_success,555
303,ppo,1000303,397,diprotic,near,acid,separated,2,4.036,3.802,0.1735379796330195,0,0,,0,0,0,1,1,16,0,0.10094816000433715,0.9600000000000004,0.9600000000000004,0.0,3.902948160004337,3.9,measured_success,555
303,ppo,1000303,398,triprotic,medium,acid,separated,3,8.423,7.353,0.03809194583728258,0,0,,0,0,0,0,0,50,0,0.47823720625861554,1.2000000000000008,1.2000000000000008,0.0,7.831237206258615,7.83,max_steps,555
303,ppo,1000303,399,diprotic,near,base,separated,2,2.377,2.697,0.04834073569261313,0,0,,1,1,0,1,0,3,0,0.015690809587411536,0.71,0.0,0.71,2.6813091904125885,2.68,measured_success,555
303,ppo,1000303,400,triprotic,medium,acid,separated,3,6.207,5.182,0.039086886236182984,0,0,,1,0,0,1,0,1,0,0.09047590261250349,3.26,3.26,0.0,5.272475902612504,5.2700000000000005,measured_success,555
303,ppo,1000303,401,monoprotic,medium,acid,single,1,7.396,6.011,0.07098314645120107,6,4,0.02,1,0,0,1,0,10,6,0.058273220399514436,8.14,4.4799999999999995,3.66,6.069273220399515,6.07,measured_success,555
303,ppo,1000303,402,triprotic,near,base,overlapping,3,3.782,4.386,0.03664457338213462,0,0,,1,0,0,1,0,41,0,0.09322547622221666,3.42,0.0,3.42,4.2927745237777835,4.29,measured_success,555
303,ppo,1000303,403,monoprotic,medium,acid,single,1,6.579,5.356,0.06450062769622679,2,0,0.57,1,0,0,1,0,4,2,0.08326384352092653,7.41,6.2700000000000005,1.14,5.439263843520926,5.44,measured_success,555
303,ppo,1000303,404,monoprotic,far,base,single,1,6.602,9.318,0.0578789268196177,4,2,0.335,1,1,0,1,0,5,4,0.005359736877354138,12.030000000000001,3.88,8.15,9.312640263122645,9.31,measured_success,555
303,ppo,1000303,405,diprotic,medium,acid,separated,2,3.766,2.103,0.060697624844762356,1,0,2.65,1,0,0,1,0,1,1,0.07910841473196095,5.3,5.3,0.0,2.0238915852680393,2.02,measured_success,555
303,ppo,1000303,406,diprotic,near,base,separated,2,4.284,4.698,0.0775384044805206,0,0,,1,0,0,1,0,10,0,0.07501281288414674,0.6000000000000001,0.0,0.6000000000000001,4.622987187115854,4.62,measured_success,555
303,ppo,1000303,407,diprotic,medium,base,separated,2,7.646,9.063,0.08599333589227812,4,4,0.18,1,1,0,1,0,9,4,0.023020127309008487,13.219999999999999,6.2700000000000005,6.949999999999999,9.039979872690992,9.040000000000001,measured_success,555
303,ppo,1000303,408,monoprotic,far,base,single,1,2.476,5.067,0.07606678784262362,4,1,0.25,1,0,0,1,0,5,4,0.08317823412534153,11.53,2.92,8.61,4.983821765874659,4.98,measured_success,555
303,ppo,1000303,409,triprotic,near,acid,separated,3,2.736,2.468,0.07202648107377448,1,0,1.03,0,0,0,1,1,1,1,0.10249566373776364,2.06,2.06,0.0,2.3655043362622363,2.37,measured_success,555
303,ppo,1000303,410,monoprotic,near,base,single,1,2.664,2.955,0.07995997814183521,0,0,,1,0,0,1,0,14,0,0.08966093022492228,1.26,0.0,1.26,2.865339069775078,2.87,measured_success,555
303,ppo,1000303,411,triprotic,near,acid,separated,3,7.627,7.027,0.04184679442900215,0,0,,1,0,0,1,0,43,0,0.09137196600496278,0.8600000000000004,0.8600000000000004,0.0,7.118371966004963,7.12,measured_success,555
303,ppo,1000303,412,diprotic,medium,base,separated,2,3.521,4.682,0.05059162971194064,0,0,,1,1,0,1,0,2,0,0.005865080810561807,3.2399999999999998,0.0,3.2399999999999998,4.676134919189439,4.68,measured_success,555
303,ppo,1000303,413,diprotic,near,base,separated,2,8.041,8.515,0.10990441812362241,0,0,,1,0,0,1,0,12,0,0.09310236036120045,0.7200000000000002,0.0,0.7200000000000002,8.4218976396388,8.42,measured_success,555
303,ppo,1000303,414,monoprotic,medium,acid,single,1,4.45,3.299,0.03167732621386938,1,0,1.62,1,1,0,1,0,2,1,0.011193636913036986,3.85,3.24,0.61,3.287806363086963,3.29,measured_success,555
303,ppo,1000303,415,diprotic,near,acid,separated,2,6.557,6.247,0.04883034704315115,0,0,,1,0,0,1,0,21,0,0.07220486826360606,0.4700000000000001,0.4700000000000001,0.0,6.319204868263606,6.32,measured_success,555
303,ppo,1000303,416,diprotic,near,acid,separated,2,5.224,4.878,0.03614864953476582,0,0,,1,0,0,1,0,14,0,0.0805121328254863,0.8000000000000003,0.8000000000000003,0.0,4.958512132825486,4.96,measured_success,555
303,ppo,1000303,417,monoprotic,near,acid,single,1,3.673,3.256,0.07922037252317381,1,0,1.03,1,0,0,1,0,1,1,0.06965180351418043,2.06,2.06,0.0,3.1863481964858194,3.19,measured_success,555
303,ppo,1000303,418,monoprotic,far,acid,single,1,7.818,5.482,0.08781819685372017,5,2,0.03,1,0,0,1,0,9,5,0.0713748597323205,12.640000000000002,9.280000000000003,3.36,5.41062514026768,5.41,measured_success,555
303,ppo,1000303,419,diprotic,medium,acid,separated,2,4.552,3.023,0.13399531075956272,2,0,0.155,1,1,0,1,0,6,2,0.012613255989585515,12.049999999999999,11.149999999999999,0.8999999999999999,3.0356132559895856,3.04,measured_success,555
303,ppo,1000303,420,monoprotic,medium,base,single,1,3.08,4.745,0.0522388777808941,4,1,0.18,1,1,0,1,0,5,4,0.04065152682763884,9.95,3.38,6.57,4.704348473172361,4.7,measured_success,555
303,ppo,1000303,421,diprotic,near,acid,separated,2,3.785,3.279,0.13067446079089806,2,1,0.515,1,0,0,1,0,2,2,0.09072352711287035,3.09,2.06,1.03,3.3697235271128703,3.37,measured_success,555
303,ppo,1000303,422,triprotic,medium,base,separated,3,7.963,8.973,0.16676373654432622,0,0,,1,0,0,1,0,31,0,0.0806919763572882,2.1100000000000008,0.0,2.1100000000000008,8.892308023642713,8.89,measured_success,555
303,ppo,1000303,423,diprotic,near,acid,overlapping,2,2.713,2.051,0.05174124812097474,1,0,1.225,1,0,0,1,0,1,1,0.07580561294423749,2.45,2.45,0.0,1.9751943870557627,1.98,measured_success,555
303,ppo,1000303,424,diprotic,near,base,separated,2,6.408,7.074,0.10872778664156059,0,0,,1,0,0,1,0,3,0,0.06818769976499262,4.05,0.0,4.05,7.005812300235007,7.01,measured_success,555
303,ppo,1000303,425,monoprotic,medium,base,single,1,7.416,9.212,0.0754690208295528,1,1,0.57,1,0,0,1,0,4,1,0.07648126390134635,8.860000000000001,0.57,8.290000000000001,9.288481263901346,9.290000000000001,measured_success,555
303,ppo,1000303,426,diprotic,medium,acid,separated,2,4.794,3.938,0.11361195985718897,0,0,,1,0,0,1,0,3,0,0.07466542287465616,5.629999999999999,5.629999999999999,0.0,4.012665422874656,4.01,measured_success,555
303,ppo,1000303,427,triprotic,medium,acid,separated,3,7.308,5.325,0.05814529258694439,0,0,,1,0,0,1,0,4,0,0.09899599020922967,9.48,9.48,0.0,5.42399599020923,5.42,measured_success,555
303,ppo,1000303,428,monoprotic,medium,base,single,1,4.106,5.434,0.03480881247125734,2,0,0.91,1,0,0,1,0,2,2,0.0856354986014809,5.82,1.82,4.0,5.348364501398519,5.3500000000000005,measured_success,555
303,ppo,1000303,429,diprotic,medium,base,separated,2,2.492,4.458,0.048764195521109534,0,0,,1,1,0,1,0,3,0,0.0358526793566476,5.880000000000001,0.0,5.880000000000001,4.422147320643353,4.42,measured_success,555
303,ppo,1000303,430,diprotic,medium,acid,overlapping,2,4.0,2.862,0.10034734937316357,4,3,0.07,1,1,0,1,0,6,4,0.026018669864879662,6.65,4.5,2.15,2.8880186698648798,2.89,measured_success,555
303,ppo,1000303,431,triprotic,far,acid,separated,3,6.984,4.107,0.0961968483683657,0,0,,1,0,0,1,0,10,0,0.08564820271124685,19.419999999999998,19.419999999999998,0.0,4.192648202711247,4.19,measured_success,555
303,ppo,1000303,432,monoprotic,near,base,single,1,2.256,2.515,0.1457174773382329,0,0,,1,0,0,1,0,5,0,0.09531769278344226,1.33,0.0,1.33,2.419682307216558,2.42,measured_success,555
303,ppo,1000303,433,triprotic,medium,acid,separated,3,4.727,2.759,0.047131202057797576,0,0,,1,1,0,1,0,3,0,0.024401709369326507,9.06,9.06,0.0,2.7834017093693264,2.7800000000000002,measured_success,555
303,ppo,1000303,434,triprotic,near,acid,separated,3,3.114,2.863,0.14242324589763464,0,0,,1,0,0,1,0,22,0,0.09994382984801975,1.9800000000000006,1.9800000000000006,0.0,2.9629438298480197,2.96,measured_success,555
303,ppo,1000303,435,monoprotic,medium,base,single,1,3.313,4.401,0.045971436698129337,4,2,0.145,1,0,0,1,0,6,4,0.08372638061683624,7.1899999999999995,2.98,4.21,4.317273619383164,4.32,measured_success,555
303,ppo,1000303,436,diprotic,far,base,overlapping,2,4.838,8.109,0.06753355965076376,45,41,0.01,0,0,1,0,0,50,45,0.8550279715226825,15.88999999999999,5.249999999999996,10.639999999999993,8.964027971522682,8.96,max_steps,555
303,ppo,1000303,437,monoprotic,medium,base,single,1,7.385,8.956,0.03305451464410682,8,5,0.01,1,0,0,1,0,12,8,0.053545607368128856,14.679999999999998,6.619999999999999,8.059999999999999,8.90245439263187,8.9,measured_success,555
303,ppo,1000303,438,triprotic,medium,acid,separated,3,3.33,2.206,0.1683050399990113,0,0,,1,0,0,1,0,7,0,0.08903821978694237,10.22,10.22,0.0,2.2950382197869423,2.3000000000000003,measured_success,555
303,ppo,1000303,439,triprotic,near,acid,separated,3,5.844,5.628,0.09542107950229603,0,0,,1,0,0,1,0,17,0,0.09440550515655488,0.9800000000000004,0.9800000000000004,0.0,5.722405505156555,5.72,measured_success,555
303,ppo,1000303,440,triprotic,near,acid,overlapping,3,4.738,4.33,0.08306892116228788,0,0,,0,0,0,0,0,50,0,0.13109370506117735,2.960000000000002,2.960000000000002,0.0,4.461093705061177,4.46,max_steps,555
303,ppo,1000303,441,triprotic,medium,acid,separated,3,3.046,2.341,0.03568018963259784,2,0,0.605,1,1,0,1,0,2,2,0.03865965551140338,3.66,2.45,1.21,2.3796596555114036,2.38,measured_success,555
303,ppo,1000303,442,monoprotic,near,acid,single,1,8.052,7.553,0.030848945995884513,0,0,,0,0,0,1,1,36,0,0.10112747606328032,0.7200000000000003,0.7200000000000003,0.0,7.65412747606328,7.65,measured_success,555
303,ppo,1000303,443,diprotic,near,base,separated,2,6.06,6.437,0.14443486892371582,0,0,,1,0,0,1,0,33,0,0.093525668249268,2.2800000000000007,0.0,2.2800000000000007,6.343474331750732,6.34,measured_success,555
303,ppo,1000303,444,triprotic,medium,acid,separated,3,4.883,2.97,0.03327407989884419,1,0,2.65,1,1,0,1,0,2,1,0.023145898579061797,5.7,5.3,0.4,2.9468541014209384,2.95,measured_success,555
303,ppo,1000303,445,triprotic,medium,base,separated,3,5.125,6.311,0.12394815898787914,0,0,,1,0,0,1,0,10,0,0.09292786030858657,13.899999999999999,0.0,13.899999999999999,6.218072139691413,6.22,measured_success,555
303,ppo,1000303,446,diprotic,near,base,separated,2,6.193,6.401,0.03580907552671087,0,0,,1,0,0,1,0,6,0,0.07531888636602879,0.41000000000000003,0.0,0.41000000000000003,6.325681113633971,6.33,measured_success,555
303,ppo,1000303,447,monoprotic,medium,base,single,1,4.31,5.55,0.13761464670426277,0,0,,1,0,0,1,0,1,0,0.07024391943284858,3.42,0.0,3.42,5.479756080567151,5.48,measured_success,555
303,ppo,1000303,448,triprotic,far,acid,separated,3,7.81,5.262,0.04864976085050393,0,0,,1,0,0,1,0,1,0,0.05662122350994725,6.11,6.11,0.0,5.318621223509947,5.32,measured_success,555
303,ppo,1000303,449,diprotic,near,base,separated,2,3.023,3.594,0.15328217897344756,0,0,,0,0,0,0,0,50,0,0.2161470955399225,4.499999999999997,0.0,4.499999999999997,3.3778529044600774,3.38,max_steps,555
303,ppo,1000303,450,triprotic,far,base,overlapping,3,3.164,7.098,0.10989941482892507,8,5,0.015,1,0,0,1,0,15,8,0.06143787485261587,24.48,6.97,17.51,7.036562125147384,7.04,measured_success,555
303,ppo,1000303,451,diprotic,far,acid,separated,2,5.008,2.916,0.03438718248580079,0,0,,1,0,0,1,0,1,0,0.06620762590799822,5.3,5.3,0.0,2.982207625907998,2.98,measured_success,555
303,ppo,1000303,452,diprotic,far,base,separated,2,4.034,7.397,0.05110652890851188,5,2,0.13,1,1,0,1,0,8,5,0.040321020567102295,15.23,4.47,10.76,7.4373210205671025,7.44,measured_success,555
303,ppo,1000303,453,monoprotic,far,acid,single,1,8.637,5.193,0.05198985641801971,7,5,0.01,1,0,0,1,0,19,7,0.07091428348536155,12.1,8.61,3.4899999999999998,5.122085716514638,5.12,measured_success,555
303,ppo,1000303,454,monoprotic,medium,base,single,1,4.075,5.785,0.09793680803488714,4,3,0.34,1,0,0,1,0,8,4,0.0945012005728536,14.67,5.85,8.82,5.6904987994271465,5.69,measured_success,555
303,ppo,1000303,455,monoprotic,near,acid,single,1,5.481,4.975,0.10834673749961353,0,0,,1,0,0,1,0,1,0,0.07804155868169893,2.06,2.06,0.0,5.053041558681699,5.05,measured_success,555
303,ppo,1000303,456,monoprotic,far,base,single,1,5.937,7.977,0.04519996615379982,6,2,0.045,1,1,0,1,0,10,6,0.02179750842674366,14.729999999999999,6.17,8.559999999999999,7.955202491573257,7.96,measured_success,555
303,ppo,1000303,457,monoprotic,medium,base,single,1,7.224,8.068,0.16883671666052066,0,0,,1,1,0,1,0,15,0,0.0050779142706591784,1.1300000000000001,0.0,1.1300000000000001,8.06292208572934,8.06,measured_success,555
303,ppo,1000303,458,monoprotic,near,acid,single,1,4.073,3.405,0.15210244978217283,0,0,,1,0,0,1,0,9,0,0.08741286578981411,7.179999999999999,7.179999999999999,0.0,3.492412865789814,3.49,measured_success,555
303,ppo,1000303,459,monoprotic,medium,base,single,1,5.545,7.198,0.037987657326967045,1,0,2.845,1,0,0,1,0,2,1,0.06764656869093066,8.38,2.69,5.69,7.265646568690931,7.2700000000000005,measured_success,555
303,ppo,1000303,460,monoprotic,far,base,single,1,7.682,10.569,0.1651879438718124,5,2,0.03,1,1,0,1,0,9,5,0.0003264205287880628,15.899999999999999,3.8,12.1,10.569326420528789,10.57,measured_success,555
303,ppo,1000303,461,monoprotic,near,acid,single,1,5.962,5.411,0.10640284818587997,0,0,,1,0,0,1,0,2,0,0.05375272106892659,2.46,2.46,0.0,5.464752721068926,5.46,measured_success,555
303,ppo,1000303,462,triprotic,near,acid,separated,3,2.112,1.766,0.036788533980036446,1,0,1.49,1,1,0,1,0,2,1,0.04567912362615534,3.57,2.98,0.59,1.7203208763738447,1.72,measured_success,555
303,ppo,1000303,463,triprotic,near,acid,separated,3,7.676,7.071,0.10073826008041374,0,0,,0,0,0,0,0,50,0,0.45266675062337924,1.0000000000000004,1.0000000000000004,0.0,7.523666750623379,7.5200000000000005,max_steps,555
303,ppo,1000303,464,diprotic,far,base,separated,2,4.064,7.879,0.134746260891875,4,1,0.1,1,1,0,1,0,9,4,0.030535266943012118,25.11,2.02,23.09,7.848464733056987,7.8500000000000005,measured_success,555
303,ppo,1000303,465,diprotic,medium,acid,separated,2,4.266,2.916,0.0478207878933323,0,0,,1,1,0,1,0,1,0,0.03235261646342247,3.92,3.92,0.0,2.9483526164634224,2.95,measured_success,555
303,ppo,1000303,466,diprotic,medium,acid,separated,2,2.626,1.684,0.1308031122692393,0,0,,1,0,0,1,0,4,0,0.09626750321855782,5.59,5.59,0.0,1.7802675032185578,1.78,measured_success,555
303,ppo,1000303,467,monoprotic,near,acid,single,1,6.447,5.794,0.03198056162991791,2,1,0.515,1,0,0,1,0,2,2,0.09549402785119465,3.09,2.06,1.03,5.889494027851194,5.89,measured_success,555
303,ppo,1000303,468,diprotic,near,acid,separated,2,4.96,4.389,0.1384069677261048,1,0,0.58,1,1,0,1,0,2,1,0.010627871193961802,3.2199999999999998,3.2199999999999998,0.0,4.378372128806038,4.38,measured_success,555
303,ppo,1000303,469,diprotic,medium,acid,separated,2,4.226,3.313,0.08245448189564515,1,0,0.71,1,1,0,1,0,3,1,0.0007732379893270469,5.25,4.66,0.59,3.312226762010673,3.31,measured_success,555
303,ppo,1000303,470,monoprotic,near,base,single,1,8.154,8.586,0.08920242906771719,0,0,,1,0,0,1,0,23,0,0.09542181767685243,1.3800000000000008,0.0,1.3800000000000008,8.490578182323148,8.49,measured_success,555
303,ppo,1000303,471,monoprotic,medium,acid,single,1,7.845,6.966,0.04293175936549429,2,2,0.515,1,1,0,1,0,3,2,0.04893193072181656,3.6000000000000005,2.5700000000000003,1.03,7.014931930721817,7.01,measured_success,555
303,ppo,1000303,472,monoprotic,near,acid,single,1,6.875,6.201,0.07098878784876163,1,0,0.57,1,0,0,1,0,3,1,0.08665807919378121,3.6500000000000004,3.2,0.45,6.114341920806218,6.11,measured_success,555
303,ppo,1000303,473,monoprotic,near,base,single,1,6.662,7.148,0.03514565627038722,0,0,,1,0,0,1,0,13,0,0.09152917666333593,0.8000000000000003,0.0,0.8000000000000003,7.056470823336664,7.0600000000000005,measured_success,555
303,ppo,1000303,474,triprotic,medium,acid,separated,3,2.666,1.847,0.15833288326849687,0,0,,1,0,0,1,0,5,0,0.09391606203582281,6.65,6.65,0.0,1.9409160620358228,1.94,measured_success,555
303,ppo,1000303,475,triprotic,medium,acid,separated,3,4.899,3.922,0.110226298850227,1,0,0.58,1,1,0,1,0,3,1,0.026177616623714872,6.4,6.4,0.0,3.8958223833762853,3.9,measured_success,555
303,ppo,1000303,476,monoprotic,far,acid,single,1,6.512,4.182,0.07891506857832964,5,5,0.015,1,1,0,1,0,15,5,0.026265040701199283,13.36,6.840000000000001,6.519999999999998,4.155734959298801,4.16,measured_success,555
303,ppo,1000303,477,monoprotic,medium,acid,single,1,2.769,1.772,0.04518042589998462,1,0,1.99,1,1,0,1,0,3,1,0.02407445125043295,5.01,3.98,1.03,1.747925548749567,1.75,measured_success,555
303,ppo,1000303,478,monoprotic,near,base,single,1,4.837,5.163,0.03241221750543377,0,0,,1,1,0,1,0,4,0,0.03293586885295774,0.24,0.0,0.24,5.1300641311470425,5.13,measured_success,555
303,ppo,1000303,479,monoprotic,medium,acid,single,1,7.118,6.226,0.038698095007713304,3,2,0.135,1,1,0,1,0,5,3,0.028484662083543277,4.84,2.7800000000000002,2.06,6.197515337916457,6.2,measured_success,555
303,ppo,1000303,480,triprotic,medium,base,separated,3,2.931,3.631,0.08148990050502265,0,0,,1,0,0,1,0,2,0,0.08843326378815286,3.55,0.0,3.55,3.542566736211847,3.54,measured_success,555
303,ppo,1000303,481,monoprotic,near,base,single,1,3.28,3.725,0.13284210434925342,0,0,,1,0,0,1,0,37,0,0.09553044272974498,3.3299999999999987,0.0,3.3299999999999987,3.629469557270255,3.63,measured_success,555
303,ppo,1000303,482,monoprotic,medium,base,single,1,4.181,6.06,0.1239495179925578,4,1,0.13,1,1,0,1,0,8,4,0.047417987163961506,11.24,3.1799999999999997,8.06,6.012582012836038,6.01,measured_success,555
303,ppo,1000303,483,diprotic,near,base,separated,2,2.699,3.148,0.05418735862672325,0,0,,1,1,0,1,0,2,0,0.03460082889797311,1.65,0.0,1.65,3.113399171102027,3.11,measured_success,555
303,ppo,1000303,484,monoprotic,near,acid,single,1,4.96,4.555,0.11965462435328106,0,0,,1,0,0,1,0,35,0,0.0972883436346681,2.0600000000000014,2.0600000000000014,0.0,4.652288343634668,4.65,measured_success,555
303,ppo,1000303,485,monoprotic,far,base,single,1,4.591,6.677,0.1716727837345233,0,0,,1,1,0,1,0,7,0,0.04683128366674616,18.2,0.0,18.2,6.630168716333253,6.63,measured_success,555
303,ppo,1000303,486,monoprotic,near,base,single,1,2.017,2.386,0.09520001121114166,0,0,,1,0,0,1,0,4,0,0.07713325133963789,1.97,0.0,1.97,2.3088667486603622,2.31,measured_success,555
303,ppo,1000303,487,diprotic,far,acid,separated,2,6.313,4.045,0.14003766199863613,1,1,0.58,1,1,0,1,0,5,1,0.011704046419504621,12.510000000000002,11.930000000000001,0.58,4.033295953580495,4.03,measured_success,555
303,ppo,1000303,488,monoprotic,medium,base,single,1,2.474,3.452,0.06742078859922519,0,0,,1,0,0,1,0,3,0,0.07779001338646552,4.39,0.0,4.39,3.3742099866135344,3.37,measured_success,555
303,ppo,1000303,489,triprotic,medium,acid,separated,3,5.662,4.607,0.0689946969242232,1,0,1.62,1,0,0,1,0,1,1,0.08542178917713539,3.24,3.24,0.0,4.521578210822865,4.5200000000000005,measured_success,555
303,ppo,1000303,490,triprotic,near,base,separated,3,2.708,3.029,0.038496298023461245,0,0,,1,0,0,1,0,6,0,0.09573949620971423,0.5399999999999999,0.0,0.5399999999999999,2.9332605037902857,2.93,measured_success,555
303,ppo,1000303,491,monoprotic,near,base,single,1,8.075,8.519,0.1766583563944778,0,0,,1,0,0,1,0,20,0,0.08932426452347819,1.2000000000000006,0.0,1.2000000000000006,8.429675735476522,8.43,measured_success,555
303,ppo,1000303,492,monoprotic,near,acid,single,1,2.445,1.884,0.11083403718697384,0,0,,1,0,0,1,0,7,0,0.08389501642815089,5.879999999999999,5.879999999999999,0.0,1.9678950164281508,1.97,measured_success,555
303,ppo,1000303,493,triprotic,far,base,separated,3,5.54,9.393,0.09518966205511066,9,6,0.01,1,0,0,1,0,13,9,0.05602194335071431,22.990000000000002,6.51,16.48,9.449021943350715,9.450000000000001,measured_success,555
303,ppo,1000303,494,diprotic,medium,acid,separated,2,4.278,3.222,0.03742027173568415,3,1,0.225,1,1,0,1,0,4,3,0.014975523541794988,5.33,3.6900000000000004,1.64,3.207024476458205,3.21,measured_success,555
303,ppo,1000303,495,monoprotic,near,acid,single,1,8.394,8.039,0.07011089646701148,0,0,,0,0,0,0,0,50,0,0.18435438939435578,1.0000000000000004,1.0000000000000004,0.0,8.223354389394355,8.22,max_steps,555
303,ppo,1000303,496,monoprotic,near,acid,single,1,7.178,6.605,0.1400046128162007,0,0,,1,0,0,1,0,8,0,0.08465621324928563,5.37,5.37,0.0,6.689656213249286,6.69,measured_success,555
303,ppo,1000303,497,diprotic,medium,acid,separated,2,4.185,2.951,0.04664373461158714,1,0,1.96,1,0,0,1,0,2,1,0.0574640186095583,4.53,3.92,0.61,2.8935359813904418,2.89,measured_success,555
303,ppo,1000303,498,triprotic,medium,base,separated,3,2.812,3.921,0.07789634565845245,0,0,,1,1,0,1,0,3,0,0.03962682584811317,4.39,0.0,4.39,3.8813731741518867,3.88,measured_success,555
303,ppo,1000303,499,monoprotic,medium,acid,single,1,6.953,5.122,0.04000309006004051,6,2,0.045,1,1,0,1,0,8,6,0.014483553431636764,10.45,6.73,3.7199999999999998,5.136483553431637,5.14,measured_success,555
303,ppo,1000303,500,monoprotic,near,acid,single,1,5.193,4.91,0.03527831670357249,0,0,,1,0,0,1,0,5,0,0.08234524128585186,0.3,0.3,0.0,4.992345241285852,4.99,measured_success,555
303,ppo,1000303,501,monoprotic,medium,base,single,1,2.893,4.543,0.045506659472533115,5,1,0.11,1,1,0,1,0,7,5,0.02446919648577417,10.75,2.96,7.79,4.567469196485774,4.57,measured_success,555
303,ppo,1000303,502,diprotic,medium,acid,separated,2,3.418,2.496,0.03231260487749693,1,0,1.68,1,0,0,1,0,2,1,0.08500566636337004,4.779999999999999,3.36,1.42,2.41099433363663,2.41,measured_success,555
303,ppo,1000303,503,triprotic,near,base,separated,3,3.027,3.477,0.10346473150999132,0,0,,1,0,0,1,0,28,0,0.09902102281143277,2.52,0.0,2.52,3.377978977188567,3.38,measured_success,555
303,ppo,1000303,504,monoprotic,near,acid,single,1,8.651,8.02,0.11821126632373453,0,0,,0,0,0,0,0,50,0,0.42320770329957824,1.0000000000000004,1.0000000000000004,0.0,8.443207703299578,8.44,max_steps,555
303,ppo,1000303,505,diprotic,near,base,separated,2,2.127,2.735,0.15900543268685743,0,0,,1,0,0,1,0,10,0,0.09845377549319823,5.509999999999999,0.0,5.509999999999999,2.6365462245068017,2.64,measured_success,555
303,ppo,1000303,506,monoprotic,near,acid,single,1,4.606,4.202,0.12400087513933161,0,0,,1,0,0,1,0,32,0,0.09895368795556791,1.9200000000000013,1.9200000000000013,0.0,4.300953687955568,4.3,measured_success,555
303,ppo,1000303,507,triprotic,medium,acid,separated,3,4.477,2.494,0.09605744000752597,0,0,,1,0,0,1,0,5,0,0.06709972415412002,11.87,11.87,0.0,2.5610997241541202,2.56,measured_success,555
303,ppo,1000303,508,monoprotic,medium,acid,single,1,7.591,6.797,0.16077438972038333,0,0,,1,0,0,1,0,7,0,0.06368316503852345,5.08,5.08,0.0,6.860683165038523,6.86,measured_success,555
303,ppo,1000303,509,diprotic,medium,base,separated,2,3.757,4.556,0.06929368823227566,2,0,0.225,1,1,0,1,0,3,2,0.04354134398677001,4.0,0.45,3.55,4.51245865601323,4.51,measured_success,555
303,ppo,1000303,510,diprotic,medium,base,separated,2,4.631,5.442,0.06609607339510186,0,0,,1,1,0,1,0,3,0,0.020501888636923482,4.14,0.0,4.14,5.421498111363077,5.42,measured_success,555
303,ppo,1000303,511,monoprotic,medium,acid,single,1,4.195,2.431,0.12536102366706664,2,0,0.605,1,0,0,1,0,3,2,0.06074480970973184,8.73,5.3,3.43,2.491744809709732,2.49,measured_success,555
303,ppo,1000303,512,diprotic,medium,acid,separated,2,2.531,1.804,0.14136429277322587,0,0,,1,0,0,1,0,12,0,0.08436605978017009,9.300000000000002,9.300000000000002,0.0,1.8883660597801701,1.8900000000000001,measured_success,555
303,ppo,1000303,513,triprotic,far,base,separated,3,2.934,5.421,0.046870889499640946,2,0,0.225,1,0,0,1,0,5,2,0.06679779174559908,13.159999999999998,0.45,12.709999999999999,5.354202208254401,5.3500000000000005,measured_success,555
303,ppo,1000303,514,diprotic,medium,base,separated,2,4.662,6.178,0.1481430185586716,1,0,0.295,1,1,0,1,0,5,0,0.00023842528099304872,11.700000000000001,0.0,11.700000000000001,6.177761574719007,6.18,measured_success,555
303,ppo,1000303,515,triprotic,medium,base,separated,3,3.912,5.553,0.14184746085585193,0,0,,1,0,0,1,0,5,0,0.06272554585402457,11.540000000000001,0.0,11.540000000000001,5.490274454145975,5.49,measured_success,555
303,ppo,1000303,516,diprotic,near,acid,separated,2,3.237,2.734,0.076827318696592,1,0,1.225,1,1,0,1,0,1,1,0.014828404657379224,2.45,2.45,0.0,2.7191715953426208,2.72,measured_success,555
303,ppo,1000303,517,diprotic,medium,acid,separated,2,4.736,3.087,0.05497287475748154,0,0,,1,0,0,1,0,3,0,0.09375048875146996,6.3500000000000005,6.3500000000000005,0.0,3.18075048875147,3.18,measured_success,555
303,ppo,1000303,518,triprotic,near,acid,overlapping,3,2.097,1.767,0.07320631782765849,0,0,,1,0,0,1,0,3,0,0.09087421477846958,5.04,5.04,0.0,1.8578742147784695,1.86,measured_success,555
303,ppo,1000303,519,triprotic,medium,acid,separated,3,4.712,3.665,0.09785510851075113,0,0,,1,1,0,1,0,3,0,0.03671951816330399,5.609999999999999,5.609999999999999,0.0,3.701719518163304,3.7,measured_success,555
303,ppo,1000303,520,triprotic,medium,base,separated,3,7.028,8.71,0.07384192492432652,45,44,0.01,0,0,1,0,0,50,45,0.5475700630651446,13.949999999999992,6.859999999999995,7.089999999999996,9.257570063065145,9.26,max_steps,555
303,ppo,1000303,521,triprotic,near,acid,separated,3,6.014,5.356,0.035569399406421606,3,1,0.145,1,1,0,1,0,4,3,0.007823413421467862,3.97,2.35,1.62,5.348176586578532,5.3500000000000005,measured_success,555
303,ppo,1000303,522,diprotic,medium,acid,overlapping,2,3.176,2.074,0.10563300316580025,0,0,,1,0,0,1,0,10,0,0.09028662794269504,11.150000000000002,11.150000000000002,0.0,2.164286627942695,2.16,measured_success,555
303,ppo,1000303,523,diprotic,medium,acid,separated,2,3.56,2.25,0.06264632708254923,0,0,,1,1,0,1,0,3,0,0.032800923552811945,7.41,7.41,0.0,2.282800923552812,2.2800000000000002,measured_success,555
303,ppo,1000303,524,triprotic,near,acid,separated,3,6.17,5.668,0.047707183135455834,0,0,,1,1,0,1,0,2,0,0.030881666040714073,2.71,2.71,0.0,5.698881666040714,5.7,measured_success,555
303,ppo,1000303,525,monoprotic,far,base,single,1,6.25,8.511,0.06460114500084882,2,1,0.135,1,1,0,1,0,5,2,0.0029308212713914372,9.85,0.84,9.01,8.508069178728608,8.51,measured_success,555
303,ppo,1000303,526,monoprotic,medium,acid,single,1,8.652,7.298,0.07465605105564761,0,0,,0,0,1,0,0,50,0,0.8861543295900969,1.500000000000001,1.500000000000001,0.0,8.184154329590097,8.18,max_steps,555
303,ppo,1000303,527,monoprotic,medium,acid,single,1,9.216,7.545,0.15553542439247023,0,0,,0,0,1,0,0,50,0,1.4694018186150881,1.500000000000001,1.500000000000001,0.0,9.014401818615088,9.01,max_steps,555
303,ppo,1000303,528,diprotic,medium,base,separated,2,4.351,5.843,0.09138753276820528,0,0,,1,0,0,1,0,6,0,0.08651511844706405,5.8900000000000015,0.0,5.8900000000000015,5.756484881552936,5.76,measured_success,555
303,ppo,1000303,529,diprotic,near,acid,overlapping,2,3.447,3.194,0.10599272035736419,0,0,,1,0,0,1,0,25,0,0.0959128896442758,2.22,2.22,0.0,3.2899128896442758,3.29,measured_success,555
303,ppo,1000303,530,triprotic,medium,acid,separated,3,7.714,6.197,0.06317414211808206,0,0,,1,1,0,1,0,4,0,0.03281278252349917,6.28,6.28,0.0,6.229812782523499,6.23,measured_success,555
303,ppo,1000303,531,triprotic,near,acid,separated,3,8.791,8.342,0.034164363329881896,0,0,,0,0,0,1,1,18,0,0.10089006788886756,0.36000000000000004,0.36000000000000004,0.0,8.442890067888868,8.44,measured_success,555
303,ppo,1000303,532,monoprotic,medium,base,single,1,3.63,4.749,0.10808043436314169,5,1,0.03,1,0,0,1,0,8,5,0.07202725817313915,7.26,2.92,4.34,4.821027258173139,4.82,measured_success,555
303,ppo,1000303,533,diprotic,medium,acid,separated,2,6.692,5.455,0.030181326331669714,2,1,0.875,1,1,0,1,0,3,2,0.04158208492557236,5.71,3.96,1.75,5.496582084925572,5.5,measured_success,555
303,ppo,1000303,534,diprotic,medium,acid,separated,2,6.387,5.372,0.1305784999950783,0,0,,1,0,0,1,0,11,0,0.08384238145628586,10.479999999999997,10.479999999999997,0.0,5.455842381456286,5.46,measured_success,555
303,ppo,1000303,535,diprotic,medium,acid,separated,2,3.141,1.541,0.09688391410594353,0,0,,1,0,0,1,0,6,0,0.09147864222157898,11.58,11.58,0.0,1.632478642221579,1.6300000000000001,measured_success,555
303,ppo,1000303,536,diprotic,far,base,separated,2,5.373,8.456,0.03333097664057053,42,41,0.01,0,0,1,0,0,50,42,0.721388921438443,22.99999999999999,11.359999999999994,11.639999999999995,7.7346110785615565,7.73,max_steps,555
303,ppo,1000303,537,diprotic,near,acid,separated,2,5.408,5.011,0.10389448415127862,0,0,,1,0,0,1,0,21,0,0.09281755208195275,1.2200000000000006,1.2200000000000006,0.0,5.103817552081953,5.1000000000000005,measured_success,555
303,ppo,1000303,538,triprotic,far,base,separated,3,6.568,9.615,0.0427483165444205,46,45,0.01,0,0,0,0,0,50,46,0.109685171379871,20.629999999999992,10.069999999999995,10.559999999999997,9.50531482862013,9.51,max_steps,555
303,ppo,1000303,539,diprotic,far,acid,separated,2,6.089,2.544,0.03335465414110272,3,2,0.185,1,1,0,1,0,6,3,0.022134071891337204,11.879999999999999,8.719999999999999,3.16,2.521865928108663,2.52,measured_success,555
303,ppo,1000303,540,monoprotic,near,acid,single,1,5.463,4.888,0.04105620033700815,6,3,0.015,1,1,0,1,0,8,6,0.02455480230575091,5.01,2.58,2.4299999999999997,4.912554802305751,4.91,measured_success,555
303,ppo,1000303,541,monoprotic,far,base,single,1,2.826,4.959,0.11049239329930363,6,3,0.03,1,1,0,1,0,9,6,0.011618633287749702,11.430000000000001,3.06,8.370000000000001,4.94738136671225,4.95,measured_success,555
303,ppo,1000303,542,monoprotic,medium,acid,single,1,7.71,6.121,0.0530605611051463,6,1,0.015,1,1,0,1,0,10,6,0.014012156346366211,11.54,6.32,5.22,6.135012156346367,6.140000000000001,measured_success,555
303,ppo,1000303,543,monoprotic,medium,acid,single,1,7.458,6.349,0.03729318664584668,1,0,1.585,1,1,0,1,0,2,1,0.02078157215370169,4.63,3.17,1.46,6.3282184278462985,6.33,measured_success,555
303,ppo,1000303,544,monoprotic,medium,acid,single,1,4.56,3.459,0.05990762957636265,4,3,0.175,1,1,0,1,0,5,4,0.045901289318807326,5.890000000000001,4.12,1.77,3.5049012893188074,3.5,measured_success,555
303,ppo,1000303,545,monoprotic,medium,acid,single,1,6.772,5.145,0.1537924901459576,4,2,0.11,1,0,0,1,0,6,4,0.0583103848538471,11.33,10.11,1.22,5.203310384853847,5.2,measured_success,555
303,ppo,1000303,546,monoprotic,medium,acid,single,1,7.871,6.012,0.039225024011018385,4,2,0.175,1,0,0,1,0,5,4,0.07708163477597285,10.17,7.17,3.0,6.089081634775972,6.09,measured_success,555
303,ppo,1000303,547,diprotic,far,acid,separated,2,5.573,3.091,0.05627948931728482,1,1,1.11,1,1,0,1,0,4,1,0.028676331479283057,14.08,12.97,1.11,3.062323668520717,3.06,measured_success,555
303,ppo,1000303,548,monoprotic,near,base,single,1,4.083,4.643,0.145381022852122,0,0,,1,0,0,1,0,38,0,0.08883462817187482,3.060000000000001,0.0,3.060000000000001,4.554165371828125,4.55,measured_success,555
303,ppo,1000303,549,monoprotic,far,base,single,1,4.541,7.336,0.13517649390080003,8,3,0.01,1,1,0,1,0,9,8,0.0496109848068631,14.6,2.25,12.35,7.286389015193137,7.29,measured_success,555
303,ppo,1000303,550,diprotic,medium,base,separated,2,6.003,7.375,0.11399056002870966,2,0,0.185,1,0,0,1,0,3,2,0.07879939600855579,7.170000000000001,0.37,6.800000000000001,7.296200603991444,7.3,measured_success,555
303,ppo,1000303,551,diprotic,medium,acid,separated,2,3.373,2.311,0.09441835989935805,1,0,1.99,1,0,0,1,0,1,1,0.08217649258341009,3.98,3.98,0.0,2.22882350741659,2.23,measured_success,555
303,ppo,1000303,552,monoprotic,medium,acid,single,1,6.796,5.305,0.05714588404464512,3,2,0.11,1,1,0,1,0,5,3,0.013645521643603331,7.77,6.3999999999999995,1.37,5.291354478356396,5.29,measured_success,555
303,ppo,1000303,553,monoprotic,far,base,single,1,7.873,9.944,0.14682643902429485,6,1,0.045,1,1,0,1,0,7,6,0.005288364767904952,13.229999999999999,2.28,10.95,9.938711635232096,9.94,measured_success,555
303,ppo,1000303,554,monoprotic,medium,acid,single,1,5.338,3.394,0.04105357044700518,3,2,0.595,1,0,0,1,0,5,3,0.06613497585851835,11.690000000000001,6.49,5.2,3.3278650241414818,3.33,measured_success,555
303,ppo,1000303,555,diprotic,medium,acid,separated,2,4.197,3.289,0.09359854246717653,1,0,0.605,1,0,0,1,0,3,1,0.08265311633204186,6.670000000000001,6.670000000000001,0.0,3.2063468836679583,3.21,measured_success,555
303,ppo,1000303,556,triprotic,near,acid,separated,3,6.043,5.585,0.12209665174065755,0,0,,0,0,0,0,0,50,0,0.27354713574774703,1.600000000000001,1.600000000000001,0.0,5.858547135747747,5.86,max_steps,555
303,ppo,1000303,557,diprotic,medium,base,separated,2,2.553,3.695,0.13740044653679548,1,0,0.295,1,1,0,1,0,4,1,0.019183395153578697,6.86,0.0,6.86,3.7141833951535785,3.71,measured_success,555
303,ppo,1000303,558,monoprotic,near,base,single,1,6.243,6.548,0.08089091750499597,0,0,,1,0,0,1,0,5,0,0.06963082017404609,0.34,0.0,0.34,6.478369179825954,6.48,measured_success,555
303,ppo,1000303,559,diprotic,near,acid,separated,2,3.058,2.4,0.11908380427385644,3,1,0.3,1,0,0,1,0,3,3,0.09010212061517864,4.26,3.0500000000000003,1.21,2.3098978793848213,2.31,measured_success,555
303,ppo,1000303,560,diprotic,medium,base,separated,2,4.084,5.314,0.03930370058699093,1,0,1.71,1,0,0,1,0,5,1,0.08762676242447753,3.86,0.44,3.42,5.401626762424478,5.4,measured_success,555
303,ppo,1000303,561,monoprotic,far,acid,single,1,7.907,5.503,0.06381893828907963,7,2,0.025,1,1,0,1,0,9,7,0.016349986562801178,11.42,7.54,3.88,5.486650013437199,5.49,measured_success,555
303,ppo,1000303,562,diprotic,near,base,separated,2,3.869,4.521,0.10761468097889507,0,0,,1,0,0,1,0,7,0,0.08326384063910819,5.84,0.0,5.84,4.437736159360892,4.44,measured_success,555
303,ppo,1000303,563,diprotic,near,acid,separated,2,3.003,2.378,0.10187792499925831,0,0,,1,0,0,1,0,2,0,0.08164866209423405,3.66,3.66,0.0,2.459648662094234,2.46,measured_success,555
303,ppo,1000303,564,triprotic,medium,base,separated,3,3.165,3.899,0.03553848593355923,0,0,,1,1,0,1,0,1,0,0.008521989281550901,2.31,0.0,2.31,3.890478010718449,3.89,measured_success,555
303,ppo,1000303,565,diprotic,medium,base,separated,2,1.958,3.596,0.08237642158718493,0,0,,1,1,0,1,0,4,0,0.03901457428414279,8.72,0.0,8.72,3.5569854257158573,3.56,measured_success,555
303,ppo,1000303,566,diprotic,medium,base,separated,2,3.66,4.528,0.05833405935475093,2,1,0.575,1,0,0,1,0,2,2,0.06724940654806932,3.46,1.15,2.31,4.46075059345193,4.46,measured_success,555
303,ppo,1000303,567,monoprotic,near,base,single,1,5.469,6.101,0.0944782437459172,0,0,,1,0,0,1,0,1,0,0.08782121033767876,2.06,0.0,2.06,6.013178789662321,6.01,measured_success,555
303,ppo,1000303,568,monoprotic,near,acid,single,1,4.36,4.098,0.05145229108855473,0,0,,1,0,0,1,0,8,0,0.08508924524964012,0.48,0.48,0.0,4.18308924524964,4.18,measured_success,555
303,ppo,1000303,569,monoprotic,near,base,single,1,6.727,7.393,0.04427205185953125,0,0,,1,1,0,1,0,1,0,0.028411123804874983,2.06,0.0,2.06,7.364588876195125,7.36,measured_success,555
303,ppo,1000303,570,monoprotic,far,base,single,1,8.057,11.836,0.055326483204086715,1,0,3.8,1,1,0,1,0,3,1,0.037735892410504235,11.739999999999998,4.14,7.6,11.873735892410505,11.870000000000001,measured_success,555
303,ppo,1000303,571,diprotic,medium,acid,separated,2,4.078,2.974,0.05634066520467818,1,0,1.62,1,1,0,1,0,1,1,0.048879101591388086,3.24,3.24,0.0,2.925120898408612,2.93,measured_success,555
303,ppo,1000303,572,monoprotic,near,acid,single,1,2.91,2.579,0.04581075605091935,1,0,1.03,1,0,0,1,0,2,1,0.074276739412936,2.65,2.06,0.59,2.504723260587064,2.5,measured_success,555
303,ppo,1000303,573,monoprotic,near,base,single,1,7.448,8.052,0.13587283941566075,0,0,,0,0,0,0,0,50,0,0.2737370542945481,3.000000000000002,0.0,3.000000000000002,7.7782629457054515,7.78,max_steps,555
303,ppo,1000303,574,monoprotic,medium,base,single,1,5.499,7.496,0.11683908748683572,3,1,0.045,1,1,0,1,0,6,3,0.013786286583341578,9.260000000000002,0.92,8.340000000000002,7.509786286583342,7.51,measured_success,555
303,ppo,1000303,575,diprotic,medium,acid,separated,2,4.932,3.251,0.09533013133929497,0,0,,1,0,0,1,0,4,0,0.07827452214139763,6.319999999999999,6.319999999999999,0.0,3.3292745221413975,3.33,measured_success,555
303,ppo,1000303,576,monoprotic,medium,base,single,1,6.644,7.999,0.038174076449125946,7,5,0.02,1,0,0,1,0,13,7,0.05390388103085453,13.05,6.3,6.75,8.052903881030854,8.05,measured_success,555
303,ppo,1000303,577,monoprotic,medium,base,single,1,3.85,4.775,0.10524125362063183,3,1,0.145,1,0,0,1,0,4,3,0.08790612631441697,4.46,0.62,3.84,4.862906126314417,4.86,measured_success,555
303,ppo,1000303,578,monoprotic,medium,base,single,1,6.459,7.266,0.04450077663148517,4,2,0.11,1,0,0,1,0,4,4,0.0860627259160367,4.33,1.44,2.89,7.179937274083963,7.18,measured_success,555
303,ppo,1000303,579,monoprotic,far,base,single,1,4.076,7.078,0.047140365433001985,9,3,0.01,1,0,0,1,0,11,9,0.07547382467382402,15.559999999999999,5.6000000000000005,9.959999999999999,7.153473824673824,7.15,measured_success,555
303,ppo,1000303,580,monoprotic,medium,base,single,1,5.824,7.0,0.08393195989495757,0,0,,1,1,0,1,0,1,0,0.031453786039365994,4.21,0.0,4.21,6.968546213960634,6.97,measured_success,555
303,ppo,1000303,581,monoprotic,medium,acid,single,1,7.275,6.337,0.1329200288342966,1,0,0.2,1,1,0,1,0,4,1,0.024536714139181015,4.53,4.53,0.0,6.312463285860819,6.3100000000000005,measured_success,555
303,ppo,1000303,582,monoprotic,far,base,single,1,6.492,10.174,0.17724119261556132,7,4,0.01,1,1,0,1,0,11,7,0.024172835131217596,17.0,6.739999999999999,10.26,10.198172835131217,10.200000000000001,measured_success,555
303,ppo,1000303,583,triprotic,medium,base,separated,3,2.542,4.11,0.08698611851628274,1,0,0.225,1,1,0,1,0,3,1,0.01966897742560736,6.3,0.0,6.3,4.129668977425608,4.13,measured_success,555
303,ppo,1000303,584,monoprotic,medium,base,single,1,4.266,5.884,0.03045451367500404,2,1,0.625,1,0,0,1,0,5,2,0.0715853086317626,10.48,3.8,6.680000000000001,5.812414691368238,5.8100000000000005,measured_success,555
303,ppo,1000303,585,diprotic,medium,base,separated,2,6.615,8.366,0.1381540606918108,8,5,0.01,1,1,0,1,0,14,8,0.014753015831239225,14.829999999999998,6.54,8.289999999999997,8.35124698416876,8.35,measured_success,555
303,ppo,1000303,586,diprotic,near,base,separated,2,5.097,5.506,0.05595917052583642,0,0,,1,0,0,1,0,20,0,0.09637817844777352,1.2000000000000006,0.0,1.2000000000000006,5.409621821552227,5.41,measured_success,555
303,ppo,1000303,587,triprotic,medium,acid,separated,3,7.022,5.265,0.05710731211679989,0,0,,1,0,0,1,0,3,0,0.05641876522872469,5.99,5.99,0.0,5.321418765228724,5.32,measured_success,555
303,ppo,1000303,588,diprotic,medium,base,separated,2,4.76,6.485,0.03009743963676536,6,2,0.045,1,1,0,1,0,8,6,0.03481815587721737,14.55,6.0,8.55,6.450181844122783,6.45,measured_success,555
303,ppo,1000303,589,monoprotic,far,base,single,1,2.431,5.018,0.10207967435607772,4,0,0.03,1,0,0,1,0,8,4,0.050891544485977214,11.049999999999999,1.77,9.28,4.967108455514023,4.97,measured_success,555
303,ppo,1000303,590,diprotic,medium,acid,separated,2,5.144,3.241,0.04897679693293534,1,0,2.65,1,0,0,1,0,1,1,0.09341191051224262,5.3,5.3,0.0,3.1475880894877575,3.15,measured_success,555
303,ppo,1000303,591,monoprotic,near,acid,single,1,6.421,5.944,0.035189365679271944,5,3,0.045,1,1,0,1,0,6,5,0.01708796840619531,4.880000000000001,2.6,2.2800000000000002,5.926912031593805,5.93,measured_success,555
303,ppo,1000303,592,monoprotic,far,acid,single,1,6.751,4.097,0.06903199835604984,2,1,0.46,1,0,0,1,0,4,2,0.08875399311157484,9.91,8.99,0.92,4.185753993111575,4.19,measured_success,555
303,ppo,1000303,593,triprotic,far,base,separated,3,7.015,10.05,0.09590527471511133,7,6,0.015,1,1,0,1,0,13,7,0.029461536561246504,17.049999999999997,7.72,9.329999999999998,10.079461536561247,10.08,measured_success,555
303,ppo,1000303,594,monoprotic,medium,base,single,1,8.676,10.421,0.030266762786856107,5,5,0.03,1,1,0,1,0,11,5,0.045985035389684015,13.71,6.78,6.93,10.466985035389683,10.47,measured_success,555
303,ppo,1000303,595,diprotic,far,base,separated,2,4.499,7.852,0.0455788055809283,4,1,0.03,1,1,0,1,0,8,4,0.03618588803070111,11.92,1.9700000000000002,9.95,7.815814111969299,7.82,measured_success,555
303,ppo,1000303,596,triprotic,near,base,separated,3,3.126,3.587,0.09932130804223459,0,0,,0,0,0,1,1,20,0,0.10063141241762041,1.8000000000000005,0.0,1.8000000000000005,3.4863685875823798,3.49,measured_success,555
303,ppo,1000303,597,diprotic,near,acid,separated,2,5.406,4.84,0.06871224762600826,1,0,0.325,1,1,0,1,0,2,1,0.0073981402909186755,2.71,2.71,0.0,4.832601859709081,4.83,measured_success,555
303,ppo,1000303,598,diprotic,far,base,separated,2,5.913,8.714,0.036997936231771736,44,44,0.01,0,0,1,0,0,50,44,0.7033645709065315,20.64999999999999,10.089999999999995,10.559999999999995,8.010635429093469,8.01,max_steps,555
303,ppo,1000303,599,monoprotic,near,base,single,1,6.468,7.065,0.07367110595582015,2,1,0.285,1,0,0,1,0,3,2,0.0632391186811363,3.77,0.57,3.2,7.001760881318864,7.0,measured_success,555
303,ppo,1000303,600,monoprotic,near,acid,single,1,6.512,5.823,0.054945368213295896,6,4,0.015,1,1,0,1,0,10,6,0.040430733050319745,5.08,2.65,2.4299999999999997,5.86343073305032,5.86,measured_success,555
303,ppo,1000303,601,diprotic,far,base,separated,2,3.679,6.194,0.07871335547523564,2,3,0.575,1,0,0,1,0,7,2,0.08318885418443589,15.509999999999998,2.3,13.209999999999999,6.110811145815564,6.11,measured_success,555
303,ppo,1000303,602,triprotic,near,acid,overlapping,3,2.856,2.425,0.15253613188778878,0,0,,1,0,0,1,0,4,0,0.09142096314710013,4.82,4.82,0.0,2.5164209631471,2.52,measured_success,555
303,ppo,1000303,603,monoprotic,far,base,single,1,3.518,5.933,0.06806890201155322,6,1,0.045,1,0,0,1,0,9,6,0.05459912647756049,13.719999999999999,5.34,8.379999999999999,5.878400873522439,5.88,measured_success,555
303,ppo,1000303,604,monoprotic,far,base,single,1,6.296,8.681,0.05699488478750323,8,4,0.01,1,1,0,1,0,11,8,0.0037993815967372058,12.029999999999998,4.3599999999999985,7.67,8.677200618403262,8.68,measured_success,555
303,ppo,1000303,605,monoprotic,near,base,single,1,5.043,5.262,0.04348156403770738,0,0,,1,0,0,1,0,1,0,0.09347234650270853,0.06,0.0,0.06,5.168527653497291,5.17,measured_success,555
303,ppo,1000303,606,diprotic,near,base,separated,2,3.244,3.479,0.05963152800315083,0,0,,1,0,0,1,0,5,0,0.07972599282567394,0.44999999999999996,0.0,0.44999999999999996,3.399274007174326,3.4,measured_success,555
303,ppo,1000303,607,triprotic,far,acid,separated,3,8.237,4.247,0.030498140712635236,3,1,0.145,1,1,0,1,0,4,3,0.04994352155849846,9.489999999999998,8.899999999999999,0.59,4.197056478441501,4.2,measured_success,555
303,ppo,1000303,608,diprotic,near,acid,separated,2,6.882,6.557,0.06819571931723012,0,0,,1,0,0,1,0,34,0,0.09313398341154233,0.6800000000000003,0.6800000000000003,0.0,6.650133983411543,6.65,measured_success,555
303,ppo,1000303,609,diprotic,far,base,separated,2,4.497,6.94,0.14814527826137572,2,2,0.225,1,1,0,1,0,8,2,0.028529951719067803,20.119999999999997,1.55,18.569999999999997,6.911470048280933,6.91,measured_success,555
303,ppo,1000303,610,diprotic,near,base,overlapping,2,3.007,3.59,0.030223158029036707,0,0,,1,0,0,1,0,14,0,0.08988193150657775,1.26,0.0,1.26,3.500118068493422,3.5,measured_success,555
303,ppo,1000303,611,diprotic,medium,acid,separated,2,3.306,1.534,0.044476438804199214,0,0,,1,0,0,1,0,2,0,0.07929447182977722,5.91,5.91,0.0,1.6132944718297773,1.61,measured_success,555
303,ppo,1000303,612,monoprotic,medium,acid,single,1,6.347,4.704,0.05576242369838808,4,1,0.115,1,1,0,1,0,7,4,0.020777090724261704,10.92,7.55,3.3699999999999997,4.724777090724261,4.72,measured_success,555
303,ppo,1000303,613,diprotic,near,base,overlapping,2,4.611,5.001,0.14756129725363273,0,0,,0,0,0,0,0,50,0,0.18578243811944883,3.000000000000002,0.0,3.000000000000002,4.8152175618805515,4.82,max_steps,555
303,ppo,1000303,614,triprotic,near,acid,separated,3,7.031,6.725,0.04152382420157155,0,0,,1,0,0,1,0,10,0,0.08776520797790432,0.19999999999999998,0.19999999999999998,0.0,6.812765207977904,6.8100000000000005,measured_success,555
303,ppo,1000303,615,triprotic,medium,base,separated,3,7.084,8.632,0.10357404438811588,5,2,0.13,1,1,0,1,0,8,5,0.023615913194214855,10.84,3.9599999999999995,6.88,8.655615913194215,8.66,measured_success,555
303,ppo,1000303,616,triprotic,medium,base,separated,3,3.242,4.787,0.15454394356680318,0,0,,0,0,0,1,1,16,0,0.10180771247736953,16.199999999999992,0.0,16.199999999999992,4.68519228752263,4.69,measured_success,555
303,ppo,1000303,617,diprotic,far,base,overlapping,2,3.881,5.958,0.05017311679763988,1,0,0.57,1,0,0,1,0,5,1,0.09691967156649106,11.89,0.55,11.34,6.054919671566491,6.05,measured_success,555
303,ppo,1000303,618,diprotic,medium,base,separated,2,3.02,4.855,0.06406511985876623,0,0,,1,0,0,1,0,13,0,0.08674065318249902,6.279999999999997,0.0,6.279999999999997,4.768259346817501,4.7700000000000005,measured_success,555
303,ppo,1000303,619,monoprotic,far,base,single,1,4.715,7.096,0.03712524315869599,6,3,0.045,1,1,0,1,0,8,6,0.02708604575033391,11.93,4.07,7.859999999999999,7.068913954249666,7.07,measured_success,555
303,ppo,1000303,620,diprotic,far,base,separated,2,2.566,6.402,0.039204115137856,1,0,0.035,1,1,0,1,0,4,1,0.015980388228705955,8.180000000000001,0.0,8.180000000000001,6.417980388228706,6.42,measured_success,555
303,ppo,1000303,621,monoprotic,near,base,single,1,3.215,3.663,0.057030449231291476,0,0,,1,0,0,1,0,14,0,0.08887552851408076,1.26,0.0,1.26,3.574124471485919,3.5700000000000003,measured_success,555
303,ppo,1000303,622,monoprotic,far,acid,single,1,7.174,4.966,0.11742697460852619,7,9,0.02,1,1,0,1,0,12,7,0.024443773709543315,12.54,7.13,5.41,4.941556226290457,4.94,measured_success,555
303,ppo,1000303,623,diprotic,medium,acid,separated,2,3.277,1.999,0.16125354517566157,0,0,,1,0,0,1,0,12,0,0.07997118815838755,20.59,20.59,0.0,2.0789711881583877,2.08,measured_success,555
303,ppo,1000303,624,monoprotic,medium,acid,single,1,5.59,3.807,0.04178029892993245,7,4,0.02,1,1,0,1,0,10,7,0.010826225438819836,12.49,6.99,5.5,3.79617377456118,3.8000000000000003,measured_success,555
303,ppo,1000303,625,diprotic,far,base,overlapping,2,2.683,5.749,0.10551857506725279,1,0,2.61,1,1,0,1,0,2,1,0.003483987485277673,11.879999999999999,0.0,11.879999999999999,5.752483987485277,5.75,measured_success,555
303,ppo,1000303,626,diprotic,medium,acid,separated,2,7.461,6.632,0.13370339677287724,0,0,,1,1,0,1,0,1,0,0.04633332719823535,2.06,2.06,0.0,6.678333327198235,6.68,measured_success,555
303,ppo,1000303,627,monoprotic,medium,base,single,1,3.617,4.546,0.0615412865464458,3,2,0.145,1,0,0,1,0,4,3,0.08898375479719878,4.32,1.15,3.17,4.634983754797199,4.63,measured_success,555
303,ppo,1000303,628,monoprotic,medium,acid,single,1,7.191,5.935,0.043400905588685215,5,3,0.035,1,1,0,1,0,11,5,0.03569586359604049,8.83,5.06,3.77,5.899304136403959,5.9,measured_success,555
303,ppo,1000303,629,triprotic,far,acid,separated,3,4.855,1.748,0.05392856009089787,0,0,,1,0,0,1,0,8,0,0.08455627694394452,18.52,18.52,0.0,1.8325562769439445,1.83,measured_success,555
303,ppo,1000303,630,diprotic,far,acid,separated,2,5.008,2.948,0.1244611098218621,0,0,,1,0,0,1,0,5,0,0.09316882051326703,11.87,11.87,0.0,3.041168820513267,3.04,measured_success,555
303,ppo,1000303,631,diprotic,medium,base,separated,2,5.303,6.068,0.17869203419018415,0,0,,1,0,0,1,0,7,0,0.09641498982681185,8.35,0.0,8.35,5.971585010173188,5.97,measured_success,555
303,ppo,1000303,632,monoprotic,far,acid,single,1,7.613,3.977,0.04376434453172055,7,3,0.01,1,0,0,1,0,12,7,0.05764377963055045,14.87,7.869999999999999,7.0,3.9193562203694494,3.92,measured_success,555
303,ppo,1000303,633,triprotic,medium,base,separated,3,9.219,10.386,0.05606632890081345,1,0,0.01,1,1,0,1,0,5,1,0.03073690347097724,0.32,0.0,0.32,10.416736903470976,10.42,measured_success,555
303,ppo,1000303,634,triprotic,medium,acid,separated,3,7.153,5.488,0.04706264143205541,0,0,,1,1,0,1,0,4,0,0.04960440729509319,8.9,8.9,0.0,5.537604407295094,5.54,measured_success,555
303,ppo,1000303,635,monoprotic,medium,acid,single,1,6.206,5.439,0.031170786098592057,3,2,0.225,1,1,0,1,0,4,3,0.049238822490936585,3.7600000000000002,2.5100000000000002,1.25,5.3897611775090635,5.39,measured_success,555
303,ppo,1000303,636,diprotic,medium,acid,overlapping,2,4.709,3.371,0.15507185248277716,2,1,0.185,1,1,0,1,0,7,2,0.01893992864592553,13.24,12.27,0.97,3.3899399286459255,3.39,measured_success,555
303,ppo,1000303,637,triprotic,near,acid,overlapping,3,2.653,2.129,0.06473999552715744,0,0,,1,0,0,1,0,7,0,0.09527907684301917,5.879999999999999,5.879999999999999,0.0,2.224279076843019,2.22,measured_success,555
303,ppo,1000303,638,monoprotic,medium,acid,single,1,8.257,7.099,0.14776540645560948,0,0,,0,0,1,0,0,50,0,1.029986055122535,1.500000000000001,1.500000000000001,0.0,8.128986055122535,8.13,max_steps,555
303,ppo,1000303,639,monoprotic,medium,acid,single,1,7.605,5.735,0.041853832420841404,5,1,0.11,1,0,0,1,0,7,5,0.0612627656349245,10.379999999999999,6.659999999999999,3.7199999999999998,5.673737234365076,5.67,measured_success,555
303,ppo,1000303,640,triprotic,far,base,separated,3,4.77,8.722,0.044626145260743016,42,43,0.01,0,0,0,0,0,50,42,0.22724304920145322,17.39999999999999,7.499999999999995,9.899999999999995,8.494756950798546,8.49,max_steps,555
303,ppo,1000303,641,monoprotic,near,base,single,1,5.566,5.828,0.11774998982611372,0,0,,1,0,0,1,0,12,0,0.08527421699451931,0.7800000000000002,0.0,0.7800000000000002,5.742725783005481,5.74,measured_success,555
303,ppo,1000303,642,monoprotic,medium,acid,single,1,7.312,5.53,0.13223733884807742,0,0,,1,1,0,1,0,1,0,0.041041550557115336,5.3,5.3,0.0,5.571041550557116,5.57,measured_success,555
303,ppo,1000303,643,monoprotic,medium,base,single,1,4.705,5.792,0.03734640869787534,2,0,0.115,1,1,0,1,0,2,2,0.015535418898668496,3.65,0.23,3.42,5.776464581101331,5.78,measured_success,555
303,ppo,1000303,644,monoprotic,medium,base,single,1,2.94,3.646,0.11396693521771299,2,2,0.575,1,0,0,1,0,3,2,0.09434088158353315,4.029999999999999,1.15,2.88,3.5516591184164668,3.5500000000000003,measured_success,555
303,ppo,1000303,645,monoprotic,near,base,single,1,6.896,7.449,0.16515757586152216,0,0,,1,1,0,1,0,11,0,0.02989981109275952,0.6600000000000001,0.0,0.6600000000000001,7.41910018890724,7.42,measured_success,555
303,ppo,1000303,646,triprotic,medium,acid,separated,3,4.828,4.003,0.0702015615043814,0,0,,1,1,0,1,0,3,0,0.04137806832827273,5.629999999999999,5.629999999999999,0.0,4.044378068328273,4.04,measured_success,555
303,ppo,1000303,647,monoprotic,medium,base,single,1,1.955,3.328,0.0995886946244594,2,1,0.285,1,1,0,1,0,4,2,0.04157793101560303,7.12,0.57,6.55,3.286422068984397,3.29,measured_success,555
303,ppo,1000303,648,diprotic,medium,base,separated,2,2.847,3.722,0.08595792740446528,0,0,,1,0,0,1,0,5,0,0.0882826794533993,5.699999999999999,0.0,5.699999999999999,3.6337173205466007,3.63,measured_success,555
303,ppo,1000303,649,diprotic,far,base,separated,2,3.125,5.465,0.10909302619234541,0,0,,1,0,0,1,0,12,0,0.05891085316722133,20.709999999999997,0.0,20.709999999999997,5.4060891468327785,5.41,measured_success,555
303,ppo,1000303,650,diprotic,near,acid,separated,2,3.797,3.397,0.0875370687599287,0,0,,1,1,0,1,0,2,0,0.022887517163356907,3.27,3.27,0.0,3.4198875171633567,3.42,measured_success,555
303,ppo,1000303,651,monoprotic,medium,base,single,1,7.623,8.935,0.0967422979303678,1,1,0.925,1,1,0,1,0,4,1,0.018233652086527385,8.700000000000001,1.55,7.15,8.953233652086528,8.950000000000001,measured_success,555
303,ppo,1000303,652,diprotic,medium,base,separated,2,4.154,5.666,0.11651357223147019,3,1,0.295,1,1,0,1,0,4,3,0.00589882286078236,8.59,1.76,6.83,5.671898822860783,5.67,measured_success,555
303,ppo,1000303,653,diprotic,near,base,separated,2,4.802,5.077,0.06811732707483666,0,0,,0,0,0,1,1,12,0,0.10087607467536763,0.7200000000000002,0.0,0.7200000000000002,4.976123925324632,4.98,measured_success,555
303,ppo,1000303,654,monoprotic,medium,base,single,1,4.372,5.918,0.06108878741075107,3,0,0.295,1,0,0,1,0,7,3,0.0643181657945382,11.940000000000001,5.040000000000001,6.9,5.982318165794538,5.98,measured_success,555
303,ppo,1000303,655,triprotic,far,base,separated,3,3.709,6.991,0.037154666920520496,1,0,3.71,1,1,0,1,0,2,1,0.029096569917015813,7.65,0.23,7.42,7.0200965699170155,7.0200000000000005,measured_success,555
303,ppo,1000303,656,triprotic,far,base,separated,3,2.204,6.075,0.0320849378658927,1,0,3.875,1,0,0,1,0,13,1,0.07882140153446482,8.75,1.0000000000000004,7.75,6.153821401534465,6.15,measured_success,555
303,ppo,1000303,657,triprotic,far,base,separated,3,2.107,5.414,0.0730193036674538,0,0,,1,0,0,1,0,4,0,0.06225870758952823,15.200000000000001,0.0,15.200000000000001,5.3517412924104715,5.3500000000000005,measured_success,555
303,ppo,1000303,658,monoprotic,near,acid,single,1,5.588,5.237,0.05911754190062576,0,0,,1,0,0,1,0,14,0,0.0830012447592896,0.8000000000000003,0.8000000000000003,0.0,5.32000124475929,5.32,measured_success,555
303,ppo,1000303,659,monoprotic,medium,acid,single,1,5.381,4.102,0.038625029709183724,6,5,0.035,1,1,0,1,0,8,6,0.03293959409765357,9.23,5.430000000000001,3.8,4.134939594097654,4.13,measured_success,555
303,ppo,1000303,660,monoprotic,far,base,single,1,7.732,11.636,0.1652152633768832,1,0,3.1,1,0,0,1,0,3,1,0.09081249189325646,16.11,2.31,13.8,11.726812491893256,11.73,measured_success,555
303,ppo,1000303,661,triprotic,near,base,separated,3,5.555,6.186,0.09973581900746509,1,1,0.57,1,1,0,1,0,4,1,0.026033013914799952,4.03,0.83,3.2,6.2120330139148,6.21,measured_success,555
303,ppo,1000303,662,monoprotic,medium,base,single,1,5.055,5.779,0.1624658889820067,0,0,,1,0,0,1,0,1,0,0.08018538753497317,2.31,0.0,2.31,5.698814612465027,5.7,measured_success,555
303,ppo,1000303,663,diprotic,near,acid,separated,2,5.277,4.841,0.15511594679278629,0,0,,1,0,0,1,0,33,0,0.09985887359245016,1.7800000000000011,1.7800000000000011,0.0,4.94085887359245,4.94,measured_success,555
303,ppo,1000303,664,monoprotic,far,acid,single,1,5.011,2.788,0.06383200639009713,4,1,0.22,1,1,0,1,0,8,4,0.03650345810719946,12.420000000000002,6.78,5.640000000000001,2.8245034581071993,2.82,measured_success,555
303,ppo,1000303,665,diprotic,medium,acid,separated,2,3.838,2.194,0.09431109895227704,0,0,,1,0,0,1,0,7,0,0.0730932057475302,12.62,12.62,0.0,2.26709320574753,2.27,measured_success,555
303,ppo,1000303,666,diprotic,medium,base,separated,2,4.025,5.888,0.03266431225436216,6,2,0.035,1,0,0,1,0,9,6,0.05633789189132088,12.170000000000002,5.2700000000000005,6.900000000000001,5.831662108108679,5.83,measured_success,555
303,ppo,1000303,667,monoprotic,medium,base,single,1,7.607,9.374,0.07856477148649378,6,2,0.045,1,1,0,1,0,8,6,0.03470634101599579,10.27,3.3499999999999996,6.919999999999999,9.339293658984005,9.34,measured_success,555
303,ppo,1000303,668,triprotic,near,acid,overlapping,3,3.846,3.386,0.11910815176279739,0,0,,1,0,0,1,0,33,0,0.09256861443411957,14.110000000000007,14.110000000000007,0.0,3.4785686144341197,3.48,measured_success,555
303,ppo,1000303,669,monoprotic,medium,base,single,1,4.627,6.609,0.09255957438560632,7,3,0.02,1,0,0,1,0,9,7,0.0748406977703926,10.82,3.5799999999999996,7.24,6.683840697770393,6.68,measured_success,555
303,ppo,1000303,670,triprotic,medium,base,separated,3,4.19,5.173,0.03808658800000608,1,0,1.265,1,0,0,1,0,2,1,0.06870759463712162,2.76,0.23,2.53,5.241707594637122,5.24,measured_success,555
303,ppo,1000303,671,triprotic,far,base,separated,3,4.469,7.685,0.08936286481036924,1,0,0.925,1,1,0,1,0,3,1,0.007450365136933534,13.17,0.0,13.17,7.692450365136933,7.69,measured_success,555
303,ppo,1000303,672,diprotic,near,acid,separated,2,3.829,3.568,0.03563977302455877,0,0,,1,0,0,1,0,9,0,0.09043808182127533,0.54,0.54,0.0,3.6584380818212754,3.66,measured_success,555
303,ppo,1000303,673,triprotic,near,base,separated,3,4.32,4.584,0.043620050211339294,0,0,,1,0,0,1,0,9,0,0.09849589907345013,0.54,0.0,0.54,4.4855041009265495,4.49,measured_success,555
303,ppo,1000303,674,triprotic,far,base,separated,3,4.971,7.227,0.12999038160753068,0,0,,1,1,0,1,0,8,0,0.04312670985157396,20.249999999999996,0.0,20.249999999999996,7.183873290148426,7.18,measured_success,555
303,ppo,1000303,675,triprotic,medium,acid,separated,3,4.895,3.469,0.13024078215636656,0,0,,1,0,0,1,0,10,0,0.07449165841463445,13.880000000000004,13.880000000000004,0.0,3.5434916584146343,3.54,measured_success,555
303,ppo,1000303,676,triprotic,medium,acid,separated,3,5.602,4.54,0.10029877616849692,0,0,,1,0,0,1,0,3,0,0.08137840893133319,6.4,6.4,0.0,4.621378408931333,4.62,measured_success,555
303,ppo,1000303,677,diprotic,medium,base,separated,2,4.494,5.833,0.07710419042710653,4,1,0.115,1,1,0,1,0,5,4,0.02581762679047017,7.77,2.23,5.54,5.80718237320953,5.8100000000000005,measured_success,555
303,ppo,1000303,678,monoprotic,near,acid,single,1,3.088,2.499,0.050901447010254265,2,1,0.295,1,1,0,1,0,4,3,0.0035174819487067133,4.54,2.74,1.7999999999999998,2.4954825180512934,2.5,measured_success,555
303,ppo,1000303,679,monoprotic,medium,acid,single,1,3.668,2.324,0.03649922122720606,1,0,1.99,1,1,0,1,0,5,1,0.005871049875143974,5.93,3.98,1.95,2.318128950124856,2.32,measured_success,555
303,ppo,1000303,680,triprotic,near,acid,separated,3,3.438,2.834,0.09738381662024492,0,0,,1,0,0,1,0,6,0,0.07673042233880656,5.569999999999999,5.569999999999999,0.0,2.9107304223388066,2.91,measured_success,555
303,ppo,1000303,681,diprotic,medium,acid,separated,2,5.251,4.04,0.09261623609886338,1,0,0.58,1,0,0,1,0,3,1,0.06598270401593176,6.4,6.4,0.0,3.9740172959840683,3.97,measured_success,555
303,ppo,1000303,682,diprotic,near,base,separated,2,4.294,4.557,0.16943041157442917,0,0,,0,0,0,1,1,25,0,0.10059507460802308,1.5000000000000009,0.0,1.5000000000000009,4.456404925391977,4.46,measured_success,555
303,ppo,1000303,683,monoprotic,medium,base,single,1,6.912,7.648,0.04138384410027954,0,0,,1,0,0,1,0,14,0,0.0737686263392554,0.9500000000000004,0.0,0.9500000000000004,7.574231373660744,7.57,measured_success,555
303,ppo,1000303,684,diprotic,near,base,separated,2,3.0,3.512,0.12394101579377174,0,0,,1,0,0,1,0,47,0,0.08979203498465127,4.229999999999998,0.0,4.229999999999998,3.4222079650153487,3.42,measured_success,555
303,ppo,1000303,685,monoprotic,far,acid,single,1,7.266,4.945,0.0651074328943873,6,6,0.035,1,1,0,1,0,10,6,0.007443187768870985,11.899999999999999,8.36,3.54,4.952443187768871,4.95,measured_success,555
303,ppo,1000303,686,monoprotic,far,base,single,1,6.233,8.932,0.03479875507139302,48,44,0.01,0,0,0,0,0,50,48,0.1869135566341793,15.319999999999993,6.949999999999997,8.369999999999996,8.745086443365821,8.75,max_steps,555
303,ppo,1000303,687,monoprotic,near,acid,single,1,7.749,7.265,0.1662404553006201,0,0,,0,0,0,0,0,50,0,0.265490628431313,1.0000000000000004,1.0000000000000004,0.0,7.530490628431313,7.53,max_steps,555
303,ppo,1000303,688,triprotic,near,acid,separated,3,4.956,4.327,0.04059479130782415,1,0,1.03,1,1,0,1,0,1,1,0.04251621975307884,2.06,2.06,0.0,4.284483780246921,4.28,measured_success,555
303,ppo,1000303,689,diprotic,medium,acid,separated,2,3.336,2.491,0.057140568208660286,2,0,0.605,1,1,0,1,0,2,2,0.019394273117784966,4.15,2.94,1.21,2.510394273117785,2.5100000000000002,measured_success,555
303,ppo,1000303,690,triprotic,near,base,separated,3,7.009,7.216,0.0827111740386844,0,0,,1,1,0,1,0,2,0,0.04434723308548971,0.13,0.0,0.13,7.1716527669145105,7.17,measured_success,555
303,ppo,1000303,691,diprotic,medium,acid,separated,2,3.111,2.342,0.05060742884673561,1,0,0.605,1,0,0,1,0,2,1,0.08311931616985335,3.66,3.66,0.0,2.2588806838301467,2.2600000000000002,measured_success,555
303,ppo,1000303,692,monoprotic,medium,base,single,1,7.972,9.382,0.03186018058615052,7,3,0.01,1,0,0,1,0,11,7,0.06531650209148232,13.549999999999999,6.52,7.029999999999999,9.447316502091482,9.450000000000001,measured_success,555
303,ppo,1000303,693,triprotic,medium,base,separated,3,3.178,4.553,0.06507575680314469,0,0,,1,0,0,1,0,5,0,0.0878612225870894,8.860000000000001,0.0,8.860000000000001,4.4651387774129105,4.47,measured_success,555
303,ppo,1000303,694,monoprotic,near,acid,single,1,4.132,3.711,0.031713553969608246,1,0,0.03,1,1,0,1,0,4,1,0.04328128169956136,0.24,0.24,0.0,3.6677187183004385,3.67,measured_success,555
303,ppo,1000303,695,diprotic,medium,acid,separated,2,3.062,1.769,0.03215312526143801,1,0,1.99,1,1,0,1,0,2,1,0.04274986634265798,4.57,3.98,0.59,1.726250133657342,1.73,measured_success,555
303,ppo,1000303,696,monoprotic,far,base,single,1,1.967,5.186,0.03489334332288407,46,42,0.01,0,0,0,0,0,50,46,0.15228419486131628,14.009999999999991,5.7899999999999965,8.219999999999995,5.033715805138684,5.03,max_steps,555
303,ppo,1000303,697,triprotic,near,acid,separated,3,2.205,1.907,0.13835162970368634,0,0,,1,1,0,1,0,1,0,0.0022735285064827693,2.98,2.98,0.0,1.9092735285064828,1.9100000000000001,measured_success,555
303,ppo,1000303,698,monoprotic,medium,acid,single,1,4.786,3.059,0.09940627089820432,3,3,0.335,1,0,0,1,0,6,3,0.051174601340599146,10.530000000000001,6.64,3.8900000000000006,3.007825398659401,3.0100000000000002,measured_success,555
303,ppo,1000303,699,triprotic,near,base,separated,3,2.161,2.639,0.07199734075565035,0,0,,1,0,0,1,0,4,0,0.055751796641346996,2.4,0.0,2.4,2.583248203358653,2.58,measured_success,555
303,ppo,1000303,700,monoprotic,far,base,single,1,5.382,9.157,0.03386624476658955,9,8,0.01,1,1,0,1,0,13,9,0.03805164602524158,20.5,9.829999999999998,10.670000000000002,9.195051646025242,9.200000000000001,measured_success,555
303,ppo,1000303,701,diprotic,near,base,separated,2,3.076,3.318,0.0612735485652205,0,0,,1,0,0,1,0,9,0,0.08690632432894452,0.8099999999999998,0.0,0.8099999999999998,3.2310936756710555,3.23,measured_success,555
303,ppo,1000303,702,triprotic,far,acid,separated,3,5.804,2.555,0.08128503909086637,0,0,,1,0,0,1,0,6,0,0.0832141637392474,17.32,17.32,0.0,2.6382141637392476,2.64,measured_success,555
303,ppo,1000303,703,monoprotic,medium,acid,single,1,7.199,5.475,0.0647755935307293,5,2,0.035,1,1,0,1,0,8,5,0.03203645130539279,10.56,7.33,3.23,5.442963548694607,5.44,measured_success,555
303,ppo,1000303,704,triprotic,far,base,separated,3,5.151,9.007,0.11316525557575258,7,2,0.02,1,1,0,1,0,11,7,0.022536500898644007,32.81,3.8,29.01,9.029536500898644,9.03,measured_success,555
303,ppo,1000303,705,triprotic,medium,acid,separated,3,6.083,4.667,0.03959077667835739,3,1,0.225,1,1,0,1,0,3,3,0.00509646088161908,6.33,4.37,1.96,4.661903539118381,4.66,measured_success,555
303,ppo,1000303,706,diprotic,near,acid,overlapping,2,4.474,4.062,0.051119865317941736,0,0,,0,0,0,1,1,27,0,0.10143845967354093,1.620000000000001,1.620000000000001,0.0,4.163438459673541,4.16,measured_success,555
303,ppo,1000303,707,diprotic,medium,acid,separated,2,4.094,2.192,0.033935615772014885,2,0,0.22,1,1,0,1,0,6,2,0.02344612014231018,8.12,5.3,2.82,2.2154461201423103,2.22,measured_success,555
303,ppo,1000303,708,diprotic,far,base,separated,2,5.634,9.125,0.16051125858542067,43,40,0.01,0,0,0,0,0,50,43,0.11787475298820027,17.589999999999993,5.139999999999997,12.449999999999996,9.2428747529882,9.24,max_steps,555
303,ppo,1000303,709,triprotic,medium,base,separated,3,4.02,4.998,0.15225291654420645,0,0,,0,0,0,1,1,11,0,0.10175794024120588,9.249999999999996,0.0,9.249999999999996,4.896242059758794,4.9,measured_success,555
303,ppo,1000303,710,triprotic,medium,acid,separated,3,5.903,4.382,0.09088806719858862,0,0,,1,0,0,1,0,5,0,0.05044778741888756,8.860000000000001,8.860000000000001,0.0,4.432447787418887,4.43,measured_success,555
303,ppo,1000303,711,monoprotic,near,base,single,1,8.363,8.602,0.03394411647488576,0,0,,1,0,0,1,0,11,0,0.08976225058252041,0.21999999999999997,0.0,0.21999999999999997,8.51223774941748,8.51,measured_success,555
303,ppo,1000303,712,triprotic,near,acid,separated,3,2.654,2.033,0.053066367815283406,0,0,,1,1,0,1,0,3,0,0.03359736415127346,4.38,4.38,0.0,2.0665973641512734,2.07,measured_success,555
303,ppo,1000303,713,triprotic,far,base,separated,3,7.344,10.623,0.10661610302916455,5,4,0.045,1,1,0,1,0,9,5,0.027161037577746683,16.9,7.91,8.99,10.650161037577746,10.65,measured_success,555
303,ppo,1000303,714,triprotic,medium,acid,separated,3,4.704,2.927,0.15702817162019136,0,0,,1,1,0,1,0,5,0,0.030061078907247296,10.57,10.57,0.0,2.9570610789072473,2.96,measured_success,555
303,ppo,1000303,715,triprotic,near,base,separated,3,4.477,5.163,0.07111446261687936,1,0,1.155,1,0,0,1,0,1,1,0.059189717194458424,2.31,0.0,2.31,5.222189717194459,5.22,measured_success,555
303,ppo,1000303,716,monoprotic,near,acid,single,1,3.56,3.318,0.06979718541046265,0,0,,1,0,0,1,0,11,0,0.09346266942471226,0.9599999999999997,0.9599999999999997,0.0,3.4114626694247123,3.41,measured_success,555
303,ppo,1000303,717,triprotic,medium,acid,separated,3,4.241,2.535,0.04338263140130947,1,0,2.65,1,0,0,1,0,4,1,0.07407663003559506,6.9399999999999995,5.3,1.64,2.460923369964405,2.46,measured_success,555
303,ppo,1000303,718,diprotic,near,acid,overlapping,2,2.921,2.714,0.1599156331112818,0,0,,1,0,0,1,0,24,0,0.09653255270858052,2.1600000000000006,2.1600000000000006,0.0,2.8105325527085805,2.81,measured_success,555
303,ppo,1000303,719,diprotic,far,base,separated,2,2.872,4.967,0.05727551430261445,0,0,,1,1,0,1,0,4,0,0.0029588870147909674,11.28,0.0,11.28,4.964041112985209,4.96,measured_success,555
303,ppo,1000303,720,monoprotic,medium,acid,single,1,5.77,3.87,0.03429175213150288,4,1,0.145,1,0,0,1,0,9,4,0.08722394536962064,13.100000000000001,7.64,5.460000000000001,3.9572239453696207,3.96,measured_success,555
303,ppo,1000303,721,diprotic,medium,base,separated,2,3.878,4.881,0.1327224512291265,0,0,,1,0,0,1,0,6,0,0.09128110581728244,6.98,0.0,6.98,4.789718894182718,4.79,measured_success,555
303,ppo,1000303,722,monoprotic,medium,base,single,1,7.296,8.083,0.053339960605637025,0,0,,1,0,0,1,0,35,0,0.08477391742327711,2.340000000000001,0.0,2.340000000000001,7.998226082576723,8.0,measured_success,555
303,ppo,1000303,723,monoprotic,near,base,single,1,3.022,3.499,0.13585438351078283,0,0,,1,0,0,1,0,13,0,0.06074321107280456,1.17,0.0,1.17,3.4382567889271956,3.44,measured_success,555
303,ppo,1000303,724,diprotic,far,acid,separated,2,7.49,4.677,0.10307974798754442,0,0,,1,0,0,1,0,12,0,0.07737671965052506,18.979999999999997,18.979999999999997,0.0,4.754376719650525,4.75,measured_success,555
303,ppo,1000303,725,diprotic,medium,acid,overlapping,2,4.201,3.397,0.17488982880145212,0,0,,1,0,0,1,0,9,0,0.09505381977836835,8.51,8.51,0.0,3.492053819778368,3.49,measured_success,555
303,ppo,1000303,726,diprotic,near,base,separated,2,6.93,7.296,0.047685398926269565,0,0,,1,1,0,1,0,6,0,0.047532148918153716,0.36,0.0,0.36,7.2484678510818465,7.25,measured_success,555
303,ppo,1000303,727,diprotic,near,acid,separated,2,4.251,4.013,0.08678919222401722,0,0,,1,0,0,1,0,8,0,0.09933110281771995,0.48,0.48,0.0,4.11233110281772,4.11,measured_success,555
303,ppo,1000303,728,monoprotic,medium,acid,single,1,3.226,2.158,0.1079535969096889,0,0,,1,0,0,1,0,2,0,0.07435700258241562,5.59,5.59,0.0,2.2323570025824155,2.23,measured_success,555
303,ppo,1000303,729,monoprotic,near,base,single,1,9.231,9.706,0.05598843047394912,0,0,,1,0,0,1,0,19,0,0.09253691065582714,0.38000000000000006,0.0,0.38000000000000006,9.613463089344172,9.61,measured_success,555
303,ppo,1000303,730,diprotic,far,base,separated,2,2.688,4.811,0.07783047461567554,0,0,,1,0,0,1,0,21,0,0.07926627730674696,7.3799999999999955,0.0,7.3799999999999955,4.731733722693253,4.73,measured_success,555
303,ppo,1000303,731,triprotic,near,acid,overlapping,3,5.485,5.151,0.10104648892666616,0,0,,1,0,0,1,0,15,0,0.09868389671162348,0.8600000000000003,0.8600000000000003,0.0,5.249683896711623,5.25,measured_success,555
303,ppo,1000303,732,diprotic,medium,acid,separated,2,7.093,5.62,0.030726301939784532,2,0,0.2,1,0,0,1,0,2,2,0.09763379366219294,3.9099999999999997,3.51,0.4,5.717633793662193,5.72,measured_success,555
303,ppo,1000303,733,monoprotic,near,base,single,1,5.369,5.985,0.12193866767240767,0,0,,1,0,0,1,0,1,0,0.08031045171174345,2.06,0.0,2.06,5.904689548288257,5.9,measured_success,555
303,ppo,1000303,734,diprotic,medium,acid,separated,2,5.966,4.971,0.1503273148001283,0,0,,1,1,0,1,0,3,0,0.02692489466940806,5.76,5.76,0.0,4.997924894669408,5.0,measured_success,555
303,ppo,1000303,735,monoprotic,medium,base,single,1,2.345,3.059,0.03284034781872681,2,0,0.58,1,1,0,1,0,2,2,0.04647309155292856,3.54,1.16,2.38,3.0125269084470716,3.0100000000000002,measured_success,555
303,ppo,1000303,736,triprotic,near,acid,separated,3,2.421,2.062,0.06142974858782826,1,0,1.225,1,1,0,1,0,1,0,0.0020037773375842782,2.45,2.45,0.0,2.064003777337584,2.06,measured_success,555
303,ppo,1000303,737,monoprotic,medium,base,single,1,7.938,8.822,0.07834715706847174,0,0,,1,0,0,1,0,46,0,0.09070212084947826,2.700000000000001,0.0,2.700000000000001,8.731297879150521,8.73,measured_success,555
303,ppo,1000303,738,monoprotic,medium,acid,single,1,8.243,7.525,0.040400721823601674,0,0,,0,0,0,0,0,50,0,0.19213914289975165,1.0000000000000004,1.0000000000000004,0.0,7.717139142899752,7.72,max_steps,555
303,ppo,1000303,739,monoprotic,medium,base,single,1,5.975,7.478,0.1160320327932045,0,0,,1,0,0,1,0,3,0,0.0709711245612521,8.55,0.0,8.55,7.407028875438748,7.41,measured_success,555
303,ppo,1000303,740,diprotic,medium,base,separated,2,5.663,6.493,0.03414522159238796,3,0,0.225,1,1,0,1,0,3,3,0.021396257687330333,4.04,1.14,2.9000000000000004,6.514396257687331,6.51,measured_success,555
303,ppo,1000303,741,triprotic,near,base,overlapping,3,2.973,3.305,0.10873224103966789,0,0,,0,0,0,0,0,50,0,0.12103991300738715,4.499999999999997,0.0,4.499999999999997,3.183960086992613,3.18,max_steps,555
303,ppo,1000303,742,diprotic,near,acid,separated,2,5.715,5.242,0.09476370405519052,0,0,,1,0,0,1,0,1,0,0.09619264777349468,2.06,2.06,0.0,5.338192647773495,5.34,measured_success,555
303,ppo,1000303,743,monoprotic,medium,acid,single,1,3.709,1.789,0.046665946273823256,1,0,2.73,1,0,0,1,0,3,1,0.053391610780466836,6.51,5.46,1.05,1.735608389219533,1.74,measured_success,555
303,ppo,1000303,744,diprotic,far,acid,separated,2,6.419,3.529,0.0312951138863786,4,1,0.29,1,1,0,1,0,7,5,0.002971914514739993,11.23,8.23,3.0,3.52602808548526,3.5300000000000002,measured_success,555
303,ppo,1000303,745,diprotic,medium,acid,separated,2,6.032,5.274,0.06262086828297385,0,0,,1,1,0,1,0,2,0,0.01912374778920256,3.2199999999999998,3.2199999999999998,0.0,5.293123747789203,5.29,measured_success,555
303,ppo,1000303,746,triprotic,medium,acid,separated,3,3.271,2.235,0.0323168943003732,0,0,,1,1,0,1,0,2,0,0.03765644243221411,3.9699999999999998,3.9699999999999998,0.0,2.272656442432214,2.27,measured_success,555
303,ppo,1000303,747,monoprotic,near,acid,single,1,5.75,5.202,0.17774624761511934,0,0,,1,0,0,1,0,13,0,0.08910394750567185,7.24,7.24,0.0,5.291103947505672,5.29,measured_success,555
303,ppo,1000303,748,diprotic,medium,acid,separated,2,5.958,4.281,0.032786088675342266,3,1,0.31,1,1,0,1,0,4,3,0.004189130786458328,9.379999999999999,5.92,3.46,4.276810869213541,4.28,measured_success,555
303,ppo,1000303,749,monoprotic,medium,acid,single,1,6.091,4.297,0.07475577699895634,5,3,0.03,1,0,0,1,0,8,5,0.08193986394103181,10.389999999999999,6.789999999999999,3.6,4.215060136058968,4.22,measured_success,555
303,ppo,1000303,750,monoprotic,near,acid,single,1,4.247,3.828,0.03790933460854412,0,0,,1,0,0,1,0,4,0,0.05984698109094877,0.24,0.24,0.0,3.8878469810909486,3.89,measured_success,555
303,ppo,1000303,751,triprotic,near,acid,separated,3,3.993,3.629,0.10783841067076703,0,0,,1,0,0,1,0,24,0,0.09419310838771677,1.4400000000000008,1.4400000000000008,0.0,3.7231931083877168,3.72,measured_success,555
303,ppo,1000303,752,monoprotic,near,base,single,1,5.811,6.244,0.060079173854617675,0,0,,1,0,0,1,0,15,0,0.07879692411006367,1.0600000000000005,0.0,1.0600000000000005,6.165203075889936,6.17,measured_success,555
303,ppo,1000303,753,triprotic,far,base,separated,3,5.934,9.166,0.05599852213749811,48,43,0.01,0,0,0,0,0,50,48,0.14677582520218735,14.819999999999991,4.929999999999996,9.889999999999995,9.019224174797813,9.02,max_steps,555
303,ppo,1000303,754,diprotic,far,acid,separated,2,5.256,2.513,0.12853267900296497,0,0,,1,0,0,1,0,11,0,0.09032080280483434,20.029999999999998,20.029999999999998,0.0,2.6033208028048342,2.6,measured_success,555
303,ppo,1000303,755,triprotic,medium,base,separated,3,3.49,4.899,0.12170381554392895,0,0,,1,0,0,1,0,10,0,0.08242448969725036,12.249999999999998,0.0,12.249999999999998,4.81657551030275,4.82,measured_success,555
303,ppo,1000303,756,diprotic,medium,acid,separated,2,3.643,2.591,0.08657198694094813,0,0,,1,1,0,1,0,3,0,0.010608544511163664,6.21,6.21,0.0,2.601608544511164,2.6,measured_success,555
303,ppo,1000303,757,monoprotic,near,base,single,1,7.277,7.957,0.15167612943190678,0,0,,0,0,0,0,0,50,0,0.36748552882952,3.660000000000002,0.0,3.660000000000002,7.58951447117048,7.59,max_steps,555
303,ppo,1000303,758,monoprotic,far,base,single,1,3.702,7.198,0.09176067553567,42,39,0.01,0,0,0,0,0,50,42,0.1560674751555311,22.78000000000003,5.989999999999997,16.790000000000035,7.041932524844469,7.04,max_steps,555
303,ppo,1000303,759,triprotic,near,base,separated,3,5.029,5.351,0.06583471693830951,0,0,,1,0,0,1,0,21,0,0.09205346785068347,1.2600000000000007,0.0,1.2600000000000007,5.2589465321493165,5.26,measured_success,555
303,ppo,1000303,760,monoprotic,medium,acid,single,1,6.469,4.658,0.03419621052395985,5,3,0.1,1,1,0,1,0,9,5,0.04128039858013732,14.74,7.41,7.33,4.616719601419863,4.62,measured_success,555
303,ppo,1000303,761,diprotic,medium,acid,separated,2,5.706,3.895,0.12810820015465127,0,0,,1,0,0,1,0,9,0,0.06311131007514481,13.09,13.09,0.0,3.958111310075145,3.96,measured_success,555
303,ppo,1000303,762,triprotic,medium,acid,separated,3,7.222,5.868,0.03697174430039266,3,1,0.225,1,1,0,1,0,3,3,0.030140309575493518,5.71,3.96,1.75,5.837859690424507,5.84,measured_success,555
303,ppo,1000303,763,monoprotic,near,acid,single,1,3.986,3.287,0.0602968359475424,3,1,0.155,1,1,0,1,0,6,3,0.008097719313734153,5.57,3.2100000000000004,2.36,3.2789022806862658,3.2800000000000002,measured_success,555
303,ppo,1000303,764,triprotic,far,acid,separated,3,5.95,3.457,0.05472095753375135,0,0,,1,0,0,1,0,2,0,0.08978690449380622,7.630000000000001,7.630000000000001,0.0,3.546786904493806,3.5500000000000003,measured_success,555
303,ppo,1000303,765,diprotic,near,base,separated,2,5.714,6.262,0.05149778922625112,2,2,0.515,1,1,0,1,0,4,2,0.024798264650384816,4.57,2.06,2.5100000000000002,6.237201735349615,6.24,measured_success,555
303,ppo,1000303,766,monoprotic,medium,acid,single,1,5.346,3.499,0.1102585626261426,2,1,0.555,1,0,0,1,0,5,2,0.05119977622456906,11.44,10.33,1.11,3.550199776224569,3.5500000000000003,measured_success,555
303,ppo,1000303,767,monoprotic,near,acid,single,1,4.619,4.287,0.067656561468779,0,0,,1,0,0,1,0,21,0,0.09649942475693774,1.2600000000000007,1.2600000000000007,0.0,4.383499424756938,4.38,measured_success,555
303,ppo,1000303,768,diprotic,far,base,separated,2,6.681,9.812,0.11017956832267227,7,5,0.02,1,0,0,1,0,11,7,0.07203003733276425,15.519999999999996,5.569999999999999,9.949999999999998,9.884030037332764,9.88,measured_success,555
303,ppo,1000303,769,diprotic,medium,base,separated,2,7.636,9.635,0.16945339893547984,7,2,0.01,1,1,0,1,0,10,7,0.009392754472473896,10.779999999999998,3.8999999999999995,6.879999999999999,9.644392754472474,9.64,measured_success,555
303,ppo,1000303,770,diprotic,medium,acid,separated,2,3.284,2.332,0.06504481202745273,1,0,0.36,1,1,0,1,0,3,1,0.02783704607053128,5.72,5.72,0.0,2.3041629539294686,2.3000000000000003,measured_success,555
303,ppo,1000303,771,monoprotic,medium,base,single,1,2.155,3.945,0.09015642558387463,3,1,0.11,1,1,0,1,0,5,3,0.006338958140992279,9.84,0.45,9.39,3.951338958140992,3.95,measured_success,555
303,ppo,1000303,772,monoprotic,medium,base,single,1,2.884,4.583,0.04076778744158897,5,3,0.15,1,1,0,1,0,8,5,0.039974662572273445,10.61,3.7399999999999998,6.87,4.622974662572274,4.62,measured_success,555
303,ppo,1000303,773,monoprotic,far,acid,single,1,7.161,3.837,0.046954516823841025,6,4,0.045,1,0,0,1,0,12,6,0.08465569943226248,18.15,9.689999999999998,8.459999999999999,3.9216556994322627,3.92,measured_success,555
303,ppo,1000303,774,monoprotic,medium,acid,single,1,6.587,5.523,0.04674303808368035,2,2,0.225,1,1,0,1,0,6,2,0.018103916524049524,7.07,3.7,3.37,5.541103916524049,5.54,measured_success,555
303,ppo,1000303,775,diprotic,near,acid,separated,2,3.578,3.101,0.030302201764799908,2,1,0.515,1,0,0,1,0,2,2,0.05778070276007696,3.09,2.06,1.03,3.158780702760077,3.16,measured_success,555
303,ppo,1000303,776,monoprotic,medium,acid,single,1,4.423,3.219,0.030893239757889313,4,3,0.185,1,0,0,1,0,5,4,0.07876362621136446,7.720000000000001,4.9,2.8200000000000003,3.2977636262113643,3.3000000000000003,measured_success,555
303,ppo,1000303,777,monoprotic,near,acid,single,1,4.037,3.71,0.0649200487754847,0,0,,1,0,0,1,0,5,0,0.08760945165141276,0.3,0.3,0.0,3.7976094516514127,3.8000000000000003,measured_success,555
303,ppo,1000303,778,monoprotic,medium,acid,single,1,4.306,2.606,0.07838031519361582,1,0,0.605,1,0,0,1,0,3,1,0.08695533566114655,8.93,8.93,0.0,2.5190446643388533,2.52,measured_success,555
303,ppo,1000303,779,diprotic,medium,base,separated,2,3.757,4.994,0.058973226122946844,2,2,0.575,1,1,0,1,0,4,2,0.016783560625432514,7.450000000000001,1.15,6.300000000000001,4.977216439374567,4.98,measured_success,555
303,ppo,1000303,780,diprotic,near,base,separated,2,2.714,3.366,0.0795292288179523,0,0,,1,0,0,1,0,8,0,0.06652233552058329,4.59,0.0,4.59,3.299477664479417,3.3000000000000003,measured_success,555
303,ppo,1000303,781,triprotic,medium,base,separated,3,5.832,6.69,0.0341340459620704,3,1,0.225,1,0,0,1,0,4,3,0.05428767789025546,4.28,1.38,2.9000000000000004,6.744287677890256,6.74,measured_success,555
303,ppo,1000303,782,diprotic,medium,acid,overlapping,2,5.069,3.859,0.13285534122465337,0,0,,1,0,0,1,0,4,0,0.06143871604695228,6.75,6.75,0.0,3.9204387160469523,3.92,measured_success,555
303,ppo,1000303,783,monoprotic,near,acid,single,1,6.661,6.128,0.07547978579534409,1,0,1.03,1,0,0,1,0,1,1,0.055546435042591824,2.06,2.06,0.0,6.072453564957408,6.07,measured_success,555
303,ppo,1000303,784,diprotic,medium,base,separated,2,4.227,5.349,0.15047790224520757,0,0,,1,0,0,1,0,7,0,0.07853866454511937,9.319999999999999,0.0,9.319999999999999,5.270461335454881,5.2700000000000005,measured_success,555
303,ppo,1000303,785,monoprotic,far,acid,single,1,5.887,3.838,0.04358274859009865,4,2,0.25,1,1,0,1,0,5,4,0.04220625229350272,10.13,7.41,2.72,3.880206252293503,3.88,measured_success,555
303,ppo,1000303,786,diprotic,near,base,separated,2,7.338,7.978,0.057827117538266914,0,0,,1,0,0,1,0,10,0,0.06917603257074667,0.6000000000000001,0.0,0.6000000000000001,7.908823967429253,7.91,measured_success,555
303,ppo,1000303,787,monoprotic,near,acid,single,1,5.608,5.291,0.033727289744736724,0,0,,1,0,0,1,0,5,0,0.09641505431227415,0.26,0.26,0.0,5.3874150543122745,5.39,measured_success,555
303,ppo,1000303,788,triprotic,medium,acid,separated,3,4.637,2.871,0.06507071764196606,2,0,0.22,1,1,0,1,0,5,2,0.04816149119013824,9.389999999999999,8.36,1.03,2.9191614911901382,2.92,measured_success,555
303,ppo,1000303,789,diprotic,far,acid,separated,2,5.105,1.507,0.03337406279503529,0,0,,1,0,0,1,0,5,0,0.08479431389117198,8.680000000000001,8.680000000000001,0.0,1.5917943138911719,1.59,measured_success,555
303,ppo,1000303,790,diprotic,near,acid,separated,2,2.52,2.018,0.14885456516877088,0,0,,1,0,0,1,0,9,0,0.08662339094850946,7.399999999999999,7.399999999999999,0.0,2.1046233909485093,2.1,measured_success,555
303,ppo,1000303,791,diprotic,medium,base,separated,2,3.787,4.536,0.03912976307099802,1,0,1.155,1,1,0,1,0,2,1,0.03536163962512617,2.54,0.23,2.31,4.571361639625126,4.57,measured_success,555
303,ppo,1000303,792,monoprotic,far,acid,single,1,8.421,6.05,0.1735269881449666,1,0,0.2,1,0,0,1,0,8,1,0.061608197726601865,19.689999999999998,19.689999999999998,0.0,5.988391802273398,5.99,measured_success,555
303,ppo,1000303,793,triprotic,near,acid,separated,3,5.19,4.682,0.1662708947010184,1,0,0.325,1,1,0,1,0,2,1,0.001505533904804679,2.71,2.71,0.0,4.680494466095196,4.68,measured_success,555
303,ppo,1000303,794,diprotic,medium,base,separated,2,2.704,4.057,0.03523857099788994,3,1,0.295,1,1,0,1,0,4,3,0.03990559917689929,6.699999999999999,2.11,4.59,4.0969055991769,4.1,measured_success,555
303,ppo,1000303,795,monoprotic,medium,acid,single,1,6.854,5.887,0.0820559146065038,0,0,,1,1,0,1,0,3,0,0.027708125223571578,3.8099999999999996,3.8099999999999996,0.0,5.914708125223571,5.91,measured_success,555
303,ppo,1000303,796,monoprotic,far,base,single,1,2.726,5.643,0.04536707056800333,7,2,0.02,1,1,0,1,0,8,7,0.023279027811242692,12.920000000000002,5.090000000000001,7.83,5.6662790278112425,5.67,measured_success,555
303,ppo,1000303,797,monoprotic,far,base,single,1,6.809,9.386,0.1363626325730343,43,41,0.01,0,0,0,0,0,50,43,0.1629577980649195,15.469999999999992,6.899999999999996,8.569999999999995,9.548957798064919,9.55,max_steps,555
303,ppo,1000303,798,triprotic,far,base,separated,3,5.36,7.909,0.06017846683030385,4,3,0.13,1,0,0,1,0,6,4,0.07076323871896673,13.78,2.6899999999999995,11.09,7.838236761281033,7.84,measured_success,555
303,ppo,1000303,799,monoprotic,near,acid,single,1,6.571,6.355,0.11281312178053716,0,0,,1,0,0,1,0,26,0,0.0932115073922617,0.56,0.56,0.0,6.448211507392262,6.45,measured_success,555
303,ppo,1000303,800,monoprotic,medium,acid,single,1,7.149,5.206,0.07346436122989528,6,2,0.02,1,1,0,1,0,7,6,0.01906164978091507,9.93,6.75,3.1799999999999997,5.2250616497809155,5.23,measured_success,555
303,ppo,1000303,801,monoprotic,medium,acid,single,1,7.18,5.343,0.03380500919407462,4,3,0.1,1,1,0,1,0,7,4,0.04212495115315207,11.600000000000001,6.66,4.94,5.385124951153152,5.39,measured_success,555
303,ppo,1000303,802,diprotic,near,acid,separated,2,3.971,3.474,0.07706869378575325,0,0,,1,1,0,1,0,2,0,0.041987553891327245,3.27,3.27,0.0,3.5159875538913274,3.52,measured_success,555
303,ppo,1000303,803,triprotic,medium,acid,separated,3,6.999,5.713,0.10132316599649108,1,0,1.155,1,1,0,1,0,2,1,0.012896853104090944,5.82,5.82,0.0,5.700103146895909,5.7,measured_success,555
303,ppo,1000303,804,triprotic,medium,acid,separated,3,5.988,4.439,0.03399723895074506,2,0,0.57,1,1,0,1,0,4,2,0.02927302944265442,9.11,5.75,3.3600000000000003,4.4682730294426545,4.47,measured_success,555
303,ppo,1000303,805,monoprotic,far,base,single,1,3.152,5.363,0.06946610706734227,8,6,0.01,1,1,0,1,0,12,8,0.021184229904585017,12.04,5.13,6.91,5.341815770095415,5.34,measured_success,555
303,ppo,1000303,806,monoprotic,medium,acid,single,1,6.004,4.73,0.06297751362505204,1,0,1.755,1,1,0,1,0,1,1,0.009533831494479728,3.51,3.51,0.0,4.720466168505521,4.72,measured_success,555
303,ppo,1000303,807,triprotic,near,acid,separated,3,3.682,2.997,0.08514375861484329,1,0,1.225,1,0,0,1,0,1,1,0.05591083815274178,2.45,2.45,0.0,2.941089161847258,2.94,measured_success,555
303,ppo,1000303,808,diprotic,medium,acid,overlapping,2,3.729,2.223,0.17938502122711936,0,0,,1,0,0,1,0,13,0,0.07106596628647388,25.65,25.65,0.0,2.2940659662864737,2.29,measured_success,555
303,ppo,1000303,809,monoprotic,near,base,single,1,6.049,6.46,0.06287755243125501,0,0,,1,0,0,1,0,15,0,0.08955147651705797,1.0200000000000005,0.0,1.0200000000000005,6.370448523482942,6.37,measured_success,555
303,ppo,1000303,810,triprotic,medium,base,separated,3,2.246,2.951,0.046638423822516706,1,0,0.605,1,1,0,1,0,2,1,0.030363958919183975,2.99,0.0,2.99,2.981363958919184,2.98,measured_success,555
303,ppo,1000303,811,diprotic,medium,base,separated,2,3.719,4.527,0.03402820993595439,1,0,1.155,1,0,0,1,0,1,1,0.0784385292892198,2.31,0.0,2.31,4.60543852928922,4.61,measured_success,555
303,ppo,1000303,812,monoprotic,near,acid,single,1,3.928,3.669,0.08164383488444885,0,0,,1,0,0,1,0,12,0,0.0848450770905882,0.7200000000000002,0.7200000000000002,0.0,3.7538450770905882,3.75,measured_success,555
303,ppo,1000303,813,diprotic,far,base,separated,2,2.126,5.491,0.07132039754442152,2,0,0.145,1,1,0,1,0,7,2,0.03068938159377055,18.2,0.29,17.91,5.460310618406229,5.46,measured_success,555
303,ppo,1000303,814,diprotic,medium,base,separated,2,2.679,3.581,0.031225294229397228,2,1,0.285,1,1,0,1,0,3,2,0.03202191201192095,4.09,0.57,3.5199999999999996,3.548978087988079,3.5500000000000003,measured_success,555
303,ppo,1000303,815,diprotic,near,acid,separated,2,5.864,5.198,0.042318750593472655,3,1,0.225,1,0,0,1,0,3,3,0.0512994475199573,3.54,2.5100000000000002,1.03,5.146700552480043,5.15,measured_success,555
303,ppo,1000303,816,triprotic,far,base,separated,3,4.91,7.909,0.12265481018418956,6,4,0.01,1,1,0,1,0,14,6,0.0378054203171212,15.819999999999999,1.9600000000000002,13.859999999999998,7.871194579682879,7.87,measured_success,555
303,ppo,1000303,817,triprotic,near,base,separated,3,6.743,7.104,0.153476290294143,0,0,,1,0,0,1,0,11,0,0.08057074431634437,0.6800000000000002,0.0,0.6800000000000002,7.023429255683656,7.0200000000000005,measured_success,555
303,ppo,1000303,818,triprotic,medium,acid,separated,3,5.992,4.037,0.050138986993491834,1,0,2.65,1,1,0,1,0,4,1,0.04085924708568012,6.279999999999999,5.3,0.98,3.99614075291432,4.0,measured_success,555
303,ppo,1000303,819,diprotic,near,base,separated,2,5.455,6.054,0.05920005225306611,4,2,0.1,1,1,0,1,0,6,4,0.009543369535402135,4.84,2.2600000000000002,2.58,6.044456630464598,6.04,measured_success,555
303,ppo,1000303,820,monoprotic,medium,acid,single,1,8.669,6.855,0.07143908808437045,0,0,,0,0,1,0,0,50,0,1.522088733064578,1.500000000000001,1.500000000000001,0.0,8.377088733064578,8.38,max_steps,555
303,ppo,1000303,821,triprotic,far,base,separated,3,8.154,10.825,0.030385810657352415,4,2,0.03,1,1,0,1,0,9,4,0.008277453326783757,16.11,7.739999999999999,8.37,10.816722546673216,10.82,measured_success,555
303,ppo,1000303,822,diprotic,medium,acid,separated,2,2.609,1.582,0.1270707440317625,0,0,,1,0,0,1,0,8,0,0.07738317385491178,15.000000000000002,15.000000000000002,0.0,1.6593831738549119,1.6600000000000001,measured_success,555
303,ppo,1000303,823,diprotic,medium,acid,separated,2,4.576,3.866,0.04276935067937257,0,0,,1,0,0,1,0,1,0,0.05607339600197436,2.06,2.06,0.0,3.9220733960019745,3.92,measured_success,555
303,ppo,1000303,824,monoprotic,medium,acid,single,1,5.486,4.557,0.03816245765012493,2,2,0.225,1,1,0,1,0,4,2,0.04767291008877095,5.5600000000000005,3.48,2.08,4.604672910088771,4.6000000000000005,measured_success,555
303,ppo,1000303,825,diprotic,near,acid,overlapping,2,4.014,3.634,0.05453609605481526,0,0,,1,0,0,1,0,26,0,0.08855545810029364,1.560000000000001,1.560000000000001,0.0,3.7225554581002935,3.72,measured_success,555
303,ppo,1000303,826,diprotic,medium,acid,separated,2,2.599,1.585,0.12086932160002625,0,0,,1,0,0,1,0,11,0,0.09399811424219529,10.710000000000003,10.710000000000003,0.0,1.6789981142421952,1.68,measured_success,555
303,ppo,1000303,827,diprotic,near,acid,overlapping,2,2.559,2.103,0.1437653488549112,1,0,1.225,1,0,0,1,0,1,1,0.06521977330060702,2.45,2.45,0.0,2.037780226699393,2.04,measured_success,555
303,ppo,1000303,828,triprotic,near,acid,separated,3,4.199,3.869,0.04011577812307242,0,0,,1,0,0,1,0,13,0,0.0945856635041058,0.7800000000000002,0.7800000000000002,0.0,3.963585663504106,3.96,measured_success,555
303,ppo,1000303,829,monoprotic,medium,base,single,1,4.391,5.164,0.03939612262000693,2,2,0.575,1,1,0,1,0,3,3,0.0002896960041987029,4.029999999999999,1.15,2.88,5.164289696004198,5.16,measured_success,555
303,ppo,1000303,830,triprotic,near,acid,separated,3,5.775,5.491,0.03737974850496692,0,0,,1,0,0,1,0,10,0,0.095781522435324,0.56,0.56,0.0,5.586781522435324,5.59,measured_success,555
303,ppo,1000303,831,monoprotic,near,acid,single,1,4.649,4.3,0.03163969329436037,0,0,,1,0,0,1,0,11,0,0.07629511933784716,0.6600000000000001,0.6600000000000001,0.0,4.376295119337847,4.38,measured_success,555
303,ppo,1000303,832,diprotic,near,acid,separated,2,5.824,5.336,0.14784922927274946,1,1,1.03,1,1,0,1,0,2,1,0.029417951423358346,3.09,2.06,1.03,5.306582048576642,5.3100000000000005,measured_success,555
303,ppo,1000303,833,diprotic,medium,base,separated,2,4.174,5.643,0.06573731505971885,4,1,0.235,1,0,0,1,0,4,4,0.05000155580653587,7.34,2.3899999999999997,4.95,5.592998444193464,5.59,measured_success,555
303,ppo,1000303,834,diprotic,medium,base,separated,2,3.053,4.724,0.06470466423008832,5,1,0.03,1,1,0,1,0,8,5,0.006804861467884393,10.809999999999999,2.87,7.9399999999999995,4.730804861467885,4.73,measured_success,555
303,ppo,1000303,835,monoprotic,medium,acid,single,1,5.89,4.713,0.13738872715182482,0,0,,1,1,0,1,0,3,0,0.012959683829966373,6.4,6.4,0.0,4.7259596838299665,4.73,measured_success,555
303,ppo,1000303,836,triprotic,near,base,overlapping,3,3.383,4.008,0.06586621416450072,0,0,,0,0,0,0,0,50,0,0.31809875013058875,4.499999999999997,0.0,4.499999999999997,3.6899012498694113,3.69,max_steps,555
303,ppo,1000303,837,diprotic,near,acid,separated,2,3.155,2.642,0.050648828316241824,2,0,0.295,1,1,0,1,0,2,2,0.022147924511268346,3.04,2.45,0.59,2.6641479245112683,2.66,measured_success,555
303,ppo,1000303,838,monoprotic,medium,base,single,1,7.223,8.894,0.08000687743245316,4,2,0.305,1,0,0,1,0,7,4,0.06803934186287286,10.29,3.26,7.029999999999999,8.825960658137127,8.83,measured_success,555
303,ppo,1000303,839,triprotic,near,acid,separated,3,6.077,5.84,0.06620271756760711,0,0,,1,0,0,1,0,15,0,0.08352920290186994,0.8900000000000003,0.8900000000000003,0.0,5.92352920290187,5.92,measured_success,555
303,ppo,1000303,840,monoprotic,medium,base,single,1,3.343,4.569,0.09118675364824456,2,0,0.82,1,1,0,1,0,2,2,0.0425648839316084,5.06,1.64,3.42,4.5264351160683916,4.53,measured_success,555
303,ppo,1000303,841,monoprotic,near,base,single,1,3.953,4.491,0.1245237998623455,0,0,,1,0,0,1,0,27,0,0.08968272369265406,2.250000000000001,0.0,2.250000000000001,4.401317276307346,4.4,measured_success,555
303,ppo,1000303,842,monoprotic,near,acid,single,1,3.85,3.618,0.05047531290772822,0,0,,1,0,0,1,0,3,0,0.09280827635007105,0.18,0.18,0.0,3.710808276350071,3.71,measured_success,555
303,ppo,1000303,843,monoprotic,far,base,single,1,2.847,5.648,0.10979976343482974,43,41,0.01,0,0,1,0,0,50,43,0.6233840751875981,15.759999999999993,7.099999999999996,8.659999999999997,6.271384075187598,6.2700000000000005,max_steps,555
303,ppo,1000303,844,monoprotic,near,acid,single,1,4.887,4.406,0.040723961021162866,3,2,0.225,1,0,0,1,0,5,3,0.07224693398414406,4.710000000000001,2.5100000000000002,2.2,4.333753066015856,4.33,measured_success,555
303,ppo,1000303,845,monoprotic,near,base,single,1,3.85,4.464,0.11234367331039738,0,0,,0,0,0,0,0,50,0,0.13268868027217096,4.259999999999996,0.0,4.259999999999996,4.3313113197278295,4.33,max_steps,555
303,ppo,1000303,846,diprotic,medium,base,separated,2,6.707,8.145,0.07325947482881347,6,3,0.03,1,0,0,1,0,10,6,0.0977319607307443,14.259999999999998,6.1499999999999995,8.11,8.047268039269255,8.05,measured_success,555
303,ppo,1000303,847,diprotic,far,acid,overlapping,2,4.907,2.736,0.07008552863798158,3,2,0.145,1,0,0,1,0,6,3,0.0973306670152545,12.91,11.209999999999999,1.7000000000000002,2.6386693329847457,2.64,measured_success,555
303,ppo,1000303,848,monoprotic,medium,acid,single,1,6.703,5.96,0.03416439533486658,2,1,0.515,1,1,0,1,0,2,2,0.041100723946896345,3.09,2.06,1.03,6.001100723946896,6.0,measured_success,555
303,ppo,1000303,849,diprotic,medium,base,overlapping,2,2.665,3.702,0.03015125598441193,1,0,0.295,1,0,0,1,0,3,1,0.0787282709697017,4.39,0.0,4.39,3.7807282709697017,3.7800000000000002,measured_success,555
303,ppo,1000303,850,monoprotic,medium,base,single,1,7.677,8.479,0.03210845197420615,0,0,,1,0,0,1,0,28,0,0.07788308588765602,1.8900000000000008,0.0,1.8900000000000008,8.401116914112343,8.4,measured_success,555
303,ppo,1000303,851,monoprotic,near,acid,single,1,5.045,4.823,0.08008168974662679,0,0,,0,0,0,1,1,11,0,0.10035075389753167,0.6600000000000001,0.6600000000000001,0.0,4.923350753897532,4.92,measured_success,555
303,ppo,1000303,852,diprotic,medium,acid,separated,2,3.606,2.285,0.0841260472645689,0,0,,1,1,0,1,0,4,0,0.04056913351480684,8.13,8.13,0.0,2.325569133514807,2.33,measured_success,555
303,ppo,1000303,853,monoprotic,medium,base,single,1,4.454,6.374,0.0654351684536669,6,1,0.035,1,1,0,1,0,7,6,0.03321778514818252,10.29,3.1299999999999994,7.16,6.340782214851817,6.34,measured_success,555
303,ppo,1000303,854,monoprotic,near,base,single,1,4.118,4.745,0.12158460585241833,2,0,0.295,1,0,0,1,0,3,2,0.0960871710832043,4.14,0.59,3.55,4.648912828916796,4.65,measured_success,555
303,ppo,1000303,855,monoprotic,near,acid,single,1,7.563,7.329,0.12618259984079241,0,0,,1,0,0,1,0,40,0,0.09296365192661771,0.8000000000000004,0.8000000000000004,0.0,7.4219636519266174,7.42,measured_success,555
303,ppo,1000303,856,diprotic,medium,base,separated,2,4.512,6.247,0.13743129933775977,2,0,0.045,1,0,0,1,0,3,2,0.0830590561157667,6.010000000000001,0.09,5.920000000000001,6.163940943884233,6.16,measured_success,555
303,ppo,1000303,857,monoprotic,near,acid,single,1,6.583,6.129,0.04725338656751428,2,0,0.325,1,1,0,1,0,3,2,0.014824412854901325,2.73,2.08,0.65,6.143824412854901,6.140000000000001,measured_success,555
303,ppo,1000303,858,triprotic,near,base,separated,3,3.015,3.456,0.08001275119135204,0,0,,1,0,0,1,0,17,0,0.08651026002126683,1.5300000000000002,0.0,1.5300000000000002,3.369489739978733,3.37,measured_success,555
303,ppo,1000303,859,monoprotic,medium,base,single,1,5.764,7.599,0.10171607865408203,0,0,,1,0,0,1,0,7,0,0.07950480084801903,12.05,0.0,12.05,7.519495199151981,7.5200000000000005,measured_success,555
303,ppo,1000303,860,monoprotic,far,base,single,1,5.088,8.937,0.16416540009198421,44,43,0.01,0,0,1,0,0,50,44,0.6684032814664409,15.64999999999999,4.699999999999996,10.949999999999994,8.268596718533558,8.27,max_steps,555
303,ppo,1000303,861,monoprotic,medium,base,single,1,8.193,9.458,0.037168942598855594,0,0,,1,0,0,1,0,35,0,0.09001605458804995,2.2600000000000007,0.0,2.2600000000000007,9.36798394541195,9.370000000000001,measured_success,555
303,ppo,1000303,862,triprotic,near,acid,separated,3,8.653,8.364,0.16021911483245085,0,0,,1,0,0,1,0,21,0,0.09721407086244938,0.4200000000000001,0.4200000000000001,0.0,8.46121407086245,8.46,measured_success,555
303,ppo,1000303,863,monoprotic,near,base,single,1,6.702,7.226,0.06673710739487365,0,0,,1,0,0,1,0,16,0,0.07933337143393171,0.9700000000000004,0.0,0.9700000000000004,7.146666628566068,7.15,measured_success,555
303,ppo,1000303,864,triprotic,near,base,separated,3,2.013,2.488,0.040278936215149545,0,0,,1,0,0,1,0,4,0,0.06438254468327331,2.4,0.0,2.4,2.4236174553167267,2.42,measured_success,555
303,ppo,1000303,865,diprotic,far,base,separated,2,2.323,5.54,0.1435576725013023,0,0,,0,0,0,1,1,10,0,0.10243636957074553,28.759999999999994,0.0,28.759999999999994,5.4375636304292545,5.44,measured_success,555
303,ppo,1000303,866,diprotic,medium,acid,overlapping,2,5.127,3.952,0.08572928915462989,0,0,,1,1,0,1,0,7,0,0.016417965961650793,10.37,10.37,0.0,3.9684179659616508,3.97,measured_success,555
303,ppo,1000303,867,diprotic,medium,acid,separated,2,3.613,2.399,0.15336141450439203,2,1,0.22,1,1,0,1,0,4,2,0.002410023889494184,5.25,4.2,1.05,2.401410023889494,2.4,measured_success,555
303,ppo,1000303,868,triprotic,far,base,separated,3,7.742,10.803,0.08762941999979965,5,2,0.1,1,0,0,1,0,8,5,0.06519421818775584,16.47,6.93,9.54,10.868194218187757,10.870000000000001,measured_success,555
303,ppo,1000303,869,monoprotic,medium,acid,single,1,2.944,2.039,0.07577444510980355,0,0,,1,0,0,1,0,5,0,0.09519798877317465,5.75,5.75,0.0,2.134197988773175,2.13,measured_success,555
303,ppo,1000303,870,monoprotic,far,base,single,1,8.117,10.213,0.10579413335275195,4,3,0.135,1,0,0,1,0,9,4,0.06321051811566925,14.729999999999999,7.129999999999999,7.6,10.14978948188433,10.15,measured_success,555
303,ppo,1000303,871,triprotic,far,base,separated,3,6.273,9.771,0.06092043066188803,44,41,0.01,0,0,0,0,0,50,44,0.14435727903257956,21.32999999999999,10.559999999999995,10.769999999999996,9.626642720967421,9.63,max_steps,555
303,ppo,1000303,872,diprotic,near,acid,separated,2,7.093,6.872,0.03595679288721113,0,0,,0,0,0,1,1,11,0,0.10062814171052459,0.21999999999999997,0.21999999999999997,0.0,6.9726281417105245,6.97,measured_success,555
303,ppo,1000303,873,diprotic,far,base,separated,2,2.409,6.01,0.07820776238952468,1,1,0.57,1,1,0,1,0,7,1,0.04901807729475749,23.169999999999998,0.57,22.599999999999998,6.059018077294757,6.0600000000000005,measured_success,555
303,ppo,1000303,874,triprotic,medium,base,separated,3,4.416,5.286,0.09106504757594507,0,0,,1,0,0,1,0,9,0,0.07420436052985657,8.45,0.0,8.45,5.211795639470143,5.21,measured_success,555
303,ppo,1000303,875,monoprotic,near,base,single,1,7.406,7.786,0.056037623676168255,0,0,,1,0,0,1,0,10,0,0.08722399815175841,0.6000000000000001,0.0,0.6000000000000001,7.698776001848241,7.7,measured_success,555
303,ppo,1000303,876,triprotic,far,acid,separated,3,5.515,3.463,0.030143795729717857,0,0,,1,0,0,1,0,1,0,0.07199668993036656,5.3,5.3,0.0,3.5349966899303666,3.5300000000000002,measured_success,555
303,ppo,1000303,877,monoprotic,medium,base,single,1,3.581,4.94,0.048369303666393894,6,5,0.015,1,0,0,1,0,11,6,0.06953097665411523,10.23,4.48,5.75,4.870469023345885,4.87,measured_success,555
303,ppo,1000303,878,diprotic,near,acid,separated,2,3.514,3.12,0.12282166714713309,0,0,,1,1,0,1,0,2,0,0.01568080238078462,3.27,3.27,0.0,3.1356808023807847,3.14,measured_success,555
303,ppo,1000303,879,diprotic,far,base,overlapping,2,2.51,5.422,0.04929199417446312,5,1,0.09,1,1,0,1,0,7,5,0.027332303519263412,15.89,4.2,11.69,5.449332303519263,5.45,measured_success,555
303,ppo,1000303,880,monoprotic,medium,base,single,1,6.097,7.37,0.13632630170800417,0,0,,1,1,0,1,0,5,0,0.0443921109321197,9.05,0.0,9.05,7.32560788906788,7.33,measured_success,555
303,ppo,1000303,881,triprotic,near,acid,separated,3,5.275,4.748,0.10953602149926304,0,0,,1,0,0,1,0,8,0,0.08548874582503618,5.53,5.53,0.0,4.833488745825036,4.83,measured_success,555
303,ppo,1000303,882,monoprotic,medium,base,single,1,5.5,7.44,0.07775197951528477,3,1,0.135,1,1,0,1,0,8,3,0.012866302263460305,10.230000000000002,1.9700000000000002,8.260000000000002,7.452866302263461,7.45,measured_success,555
303,ppo,1000303,883,diprotic,near,acid,separated,2,5.648,5.425,0.1138898470681923,0,0,,1,0,0,1,0,27,0,0.09986606487537397,1.580000000000001,1.580000000000001,0.0,5.524866064875374,5.5200000000000005,measured_success,555
303,ppo,1000303,884,monoprotic,far,acid,single,1,7.651,3.822,0.1499980310138234,5,2,0.02,1,1,0,1,0,12,5,0.04622084279597782,22.76,19.310000000000002,3.4499999999999993,3.7757791572040222,3.7800000000000002,measured_success,555
303,ppo,1000303,885,diprotic,near,acid,separated,2,3.234,2.936,0.1063622463916652,0,0,,1,1,0,1,0,5,0,0.04005424647091882,0.44999999999999996,0.44999999999999996,0.0,2.9760542464709188,2.98,measured_success,555
303,ppo,1000303,886,diprotic,medium,acid,separated,2,4.718,3.641,0.03331867550174639,4,2,0.11,1,1,0,1,0,4,4,0.03718820510687415,5.53,3.6900000000000004,1.84,3.678188205106874,3.68,measured_success,555
303,ppo,1000303,887,triprotic,medium,acid,separated,3,4.976,3.876,0.04053716113384756,3,0,0.225,1,0,0,1,0,3,3,0.06371437257398638,5.11,3.6900000000000004,1.42,3.8122856274260135,3.81,measured_success,555
303,ppo,1000303,888,monoprotic,near,acid,single,1,2.985,2.326,0.04205943678085374,0,0,,1,1,0,1,0,1,0,0.017588606261089712,2.45,2.45,0.0,2.34358860626109,2.34,measured_success,555
303,ppo,1000303,889,diprotic,far,base,overlapping,2,6.095,8.256,0.1690397969487807,44,39,0.01,0,0,0,0,0,50,44,0.12131061407060884,15.59999999999999,6.9599999999999955,8.639999999999995,8.134689385929391,8.13,max_steps,555
303,ppo,1000303,890,diprotic,near,base,separated,2,5.557,5.903,0.04153807127424989,0,0,,1,0,0,1,0,13,0,0.08828282212727334,0.8700000000000003,0.0,0.8700000000000003,5.814717177872726,5.8100000000000005,measured_success,555
303,ppo,1000303,891,triprotic,near,acid,separated,3,8.071,7.377,0.03593981910197192,0,0,,0,0,0,0,0,50,0,0.11780011325798778,1.0000000000000004,1.0000000000000004,0.0,7.494800113257988,7.49,max_steps,555
303,ppo,1000303,892,monoprotic,near,base,single,1,7.175,7.617,0.15966528541388453,0,0,,0,0,0,0,0,50,0,0.18790553814591693,3.000000000000002,0.0,3.000000000000002,7.429094461854083,7.43,max_steps,555
303,ppo,1000303,893,triprotic,near,base,separated,3,3.833,4.228,0.13402716984898738,0,0,,1,0,0,1,0,28,0,0.09519769009420109,2.3400000000000007,0.0,2.3400000000000007,4.132802309905799,4.13,measured_success,555
303,ppo,1000303,894,diprotic,medium,acid,separated,2,5.827,4.933,0.1138166041818469,0,0,,1,1,0,1,0,4,0,0.04187577385554775,4.33,4.33,0.0,4.974875773855548,4.97,measured_success,555
303,ppo,1000303,895,triprotic,medium,acid,overlapping,3,3.601,2.437,0.03522328101504576,0,0,,1,0,0,1,0,3,0,0.08646496088344291,6.12,6.12,0.0,2.5234649608834427,2.52,measured_success,555
303,ppo,1000303,896,diprotic,medium,acid,separated,2,4.043,2.593,0.030172788616847447,2,0,0.305,1,0,0,1,0,2,2,0.09406637163900111,4.59,3.98,0.61,2.687066371639001,2.69,measured_success,555
303,ppo,1000303,897,monoprotic,medium,acid,single,1,5.592,4.657,0.10420221191716281,1,0,0.325,1,1,0,1,0,3,1,0.007314207396307282,5.76,5.76,0.0,4.649685792603693,4.65,measured_success,555
303,ppo,1000303,898,monoprotic,far,base,single,1,2.321,4.88,0.07578139718844873,9,6,0.01,1,1,0,1,0,13,9,0.009099175269649429,12.589999999999998,3.5199999999999996,9.069999999999999,4.889099175269649,4.89,measured_success,555
303,ppo,1000303,899,diprotic,far,base,separated,2,2.371,5.619,0.10829467644018591,0,0,,1,1,0,1,0,4,0,0.0487149567932299,15.38,0.0,15.38,5.57028504320677,5.57,measured_success,555
303,ppo,1000303,900,monoprotic,near,acid,single,1,4.77,4.34,0.04389864716719635,0,0,,1,0,0,1,0,21,0,0.09006111956202822,1.2200000000000006,1.2200000000000006,0.0,4.430061119562028,4.43,measured_success,555
303,ppo,1000303,901,diprotic,medium,base,separated,2,3.3,4.505,0.1723203478131378,0,0,,1,0,0,1,0,19,0,0.09885964077633869,17.279999999999994,0.0,17.279999999999994,4.406140359223661,4.41,measured_success,555
303,ppo,1000303,902,triprotic,near,base,separated,3,4.415,4.994,0.09726649746825188,0,0,,1,0,0,1,0,32,0,0.0897878327978443,2.310000000000001,0.0,2.310000000000001,4.9042121672021555,4.9,measured_success,555
303,ppo,1000303,903,triprotic,medium,acid,separated,3,3.114,2.084,0.08048592725050933,0,0,,1,1,0,1,0,3,0,0.04975421696712745,5.03,5.03,0.0,2.1337542169671275,2.13,measured_success,555
303,ppo,1000303,904,diprotic,medium,base,separated,2,5.524,6.95,0.031687198353914314,4,1,0.125,1,1,0,1,0,7,4,0.03136866553448048,10.09,4.27,5.82,6.91863133446552,6.92,measured_success,555
303,ppo,1000303,905,monoprotic,medium,base,single,1,9.3,10.005,0.03042514181183172,0,0,,1,0,0,1,0,3,0,0.0867025032846751,0.18,0.0,0.18,9.918297496715326,9.92,measured_success,555
303,ppo,1000303,906,diprotic,medium,base,separated,2,2.997,3.776,0.0356434117074845,0,0,,1,1,0,1,0,1,0,0.021886260681499792,2.31,0.0,2.31,3.7541137393185,3.75,measured_success,555
303,ppo,1000303,907,triprotic,near,acid,overlapping,3,2.566,2.152,0.035267785345684186,0,0,,1,1,0,1,0,1,0,0.011049111998040928,2.45,2.45,0.0,2.163049111998041,2.16,measured_success,555
303,ppo,1000303,908,monoprotic,near,acid,single,1,5.416,4.957,0.049176001129313106,0,0,,1,0,0,1,0,26,0,0.08483104481547254,1.1200000000000006,1.1200000000000006,0.0,5.041831044815472,5.04,measured_success,555
303,ppo,1000303,909,diprotic,far,base,overlapping,2,5.795,9.691,0.07319233261571735,8,6,0.01,1,1,0,1,0,14,8,0.03318713013178787,17.06,7.909999999999999,9.149999999999999,9.657812869868213,9.66,measured_success,555
303,ppo,1000303,910,diprotic,medium,base,separated,2,4.963,6.06,0.08905431631382317,1,0,1.155,1,0,0,1,0,2,1,0.07280505289206918,5.73,0.0,5.73,6.132805052892069,6.13,measured_success,555
303,ppo,1000303,911,triprotic,near,acid,separated,3,6.64,6.204,0.13255617619751975,0,0,,0,0,0,0,0,50,0,0.27763041171010183,1.0000000000000004,1.0000000000000004,0.0,6.481630411710102,6.48,max_steps,555
303,ppo,1000303,912,diprotic,medium,base,separated,2,7.23,9.11,0.09879295193368719,4,5,0.33,1,1,0,1,0,6,4,0.03748783139131717,12.91,5.96,6.95,9.072512168608682,9.07,measured_success,555
303,ppo,1000303,913,monoprotic,medium,base,single,1,8.515,9.43,0.03049430068403703,0,0,,1,0,0,1,0,19,0,0.0900127759761915,0.9400000000000004,0.0,0.9400000000000004,9.339987224023808,9.34,measured_success,555
303,ppo,1000303,914,monoprotic,far,base,single,1,7.164,9.714,0.1259527371416646,6,2,0.01,1,0,0,1,0,9,6,0.05529537106645144,10.59,2.21,8.379999999999999,9.658704628933549,9.66,measured_success,555
303,ppo,1000303,915,monoprotic,far,base,single,1,4.012,7.057,0.07389261471350685,7,2,0.015,1,1,0,1,0,12,6,0.001725067204885633,14.989999999999998,4.82,10.169999999999998,7.055274932795115,7.0600000000000005,measured_success,555
303,ppo,1000303,916,monoprotic,medium,base,single,1,4.158,5.838,0.039539798899706546,2,0,1.11,1,0,0,1,0,5,2,0.09493398212771265,11.870000000000001,4.640000000000001,7.23,5.743066017872287,5.74,measured_success,555
303,ppo,1000303,917,diprotic,far,acid,separated,2,4.582,2.193,0.06770193056221682,0,0,,1,0,0,1,0,3,0,0.07263130700420506,9.91,9.91,0.0,2.265631307004205,2.27,measured_success,555
303,ppo,1000303,918,diprotic,far,acid,separated,2,6.291,3.39,0.03797762269112516,2,1,1.11,1,1,0,1,0,3,3,0.003333725752911132,10.020000000000001,7.800000000000001,2.22,3.386666274247089,3.39,measured_success,555
303,ppo,1000303,919,monoprotic,near,acid,single,1,7.769,7.275,0.03307310366366849,0,0,,1,0,0,1,0,44,0,0.09503891768423323,0.8800000000000004,0.8800000000000004,0.0,7.370038917684234,7.37,measured_success,555
303,ppo,1000303,920,monoprotic,medium,base,single,1,3.111,3.832,0.07281398194718336,5,5,0.045,1,1,0,1,0,9,5,0.02372277258678057,5.77,2.62,3.1499999999999995,3.8557227725867804,3.86,measured_success,555
303,ppo,1000303,921,diprotic,far,acid,separated,2,5.298,2.827,0.0936636550572371,3,1,0.145,1,1,0,1,0,6,3,0.022656626456405426,15.669999999999998,15.079999999999998,0.59,2.8043433735435945,2.8000000000000003,measured_success,555
303,ppo,1000303,922,triprotic,medium,base,separated,3,4.843,6.807,0.04104400177741872,3,0,0.325,1,1,0,1,0,4,3,0.0114414896857582,8.48,2.14,6.340000000000001,6.818441489685759,6.82,measured_success,555
303,ppo,1000303,923,diprotic,near,acid,overlapping,2,4.563,3.911,0.1470193575330652,0,0,,1,0,0,1,0,13,0,0.07666767490784254,7.7299999999999995,7.7299999999999995,0.0,3.9876676749078426,3.99,measured_success,555
303,ppo,1000303,924,monoprotic,near,base,single,1,3.905,4.604,0.05084804988968073,3,2,0.285,1,1,0,1,0,3,3,0.036184866547322336,4.029999999999999,1.15,2.88,4.640184866547322,4.64,measured_success,555
303,ppo,1000303,925,triprotic,medium,acid,separated,3,7.185,6.005,0.09713439480324335,0,0,,1,0,0,1,0,4,0,0.05673967058641427,6.170000000000001,6.170000000000001,0.0,6.061739670586414,6.0600000000000005,measured_success,555
303,ppo,1000303,926,triprotic,near,base,separated,3,5.867,6.471,0.08512245875377107,0,0,,1,0,0,1,0,3,0,0.05879656847512926,3.79,0.0,3.79,6.412203431524871,6.41,measured_success,555
303,ppo,1000303,927,diprotic,medium,base,separated,2,5.874,6.892,0.07712807142860666,2,1,0.315,1,1,0,1,0,4,2,0.04465722977190456,6.569999999999999,1.55,5.02,6.847342770228096,6.8500000000000005,measured_success,555
303,ppo,1000303,928,triprotic,near,acid,separated,3,2.147,1.818,0.07023350295836162,1,0,1.49,1,1,0,1,0,1,1,0.029060779682545057,2.98,2.98,0.0,1.788939220317455,1.79,measured_success,555
303,ppo,1000303,929,monoprotic,far,base,single,1,6.581,9.697,0.10612973064622865,4,2,0.275,1,1,0,1,0,9,4,0.002196847641609878,17.92,7.5600000000000005,10.36,9.69480315235839,9.69,measured_success,555
303,ppo,1000303,930,triprotic,near,base,separated,3,3.627,4.037,0.0915316380268292,0,0,,1,0,0,1,0,23,0,0.09360575687782191,2.0700000000000007,0.0,2.0700000000000007,3.943394243122178,3.94,measured_success,555
303,ppo,1000303,931,diprotic,medium,base,separated,2,5.154,7.041,0.07170738249949878,9,7,0.01,1,1,0,1,0,13,9,0.030868733666178372,13.61,6.199999999999998,7.41,7.071868733666179,7.07,measured_success,555
303,ppo,1000303,932,monoprotic,far,acid,single,1,4.848,2.189,0.16418008321413616,1,0,3.425,1,0,0,1,0,7,1,0.05328104959071833,10.26,6.85,3.4099999999999997,2.1357189504092817,2.14,measured_success,555
303,ppo,1000303,933,triprotic,far,acid,separated,3,5.062,2.566,0.09474198230000078,0,0,,1,0,0,1,0,4,0,0.07442324369596154,10.63,10.63,0.0,2.6404232436959614,2.64,measured_success,555
303,ppo,1000303,934,diprotic,near,acid,separated,2,4.705,4.218,0.15022102845196816,0,0,,1,0,0,1,0,5,0,0.08760354080038546,4.66,4.66,0.0,4.305603540800385,4.3100000000000005,measured_success,555
303,ppo,1000303,935,diprotic,medium,base,separated,2,3.545,5.231,0.10359385807102621,3,2,0.185,1,0,0,1,0,5,3,0.06414974403389095,9.76,1.15,8.61,5.295149744033891,5.3,measured_success,555
303,ppo,1000303,936,diprotic,near,acid,separated,2,3.982,3.695,0.05686069512163409,0,0,,1,0,0,1,0,14,0,0.09917623457056779,0.8400000000000003,0.8400000000000003,0.0,3.7941762345705676,3.79,measured_success,555
303,ppo,1000303,937,diprotic,far,base,separated,2,3.093,5.205,0.0580311380153935,0,0,,1,0,0,1,0,15,0,0.09266932416482732,6.799999999999996,0.0,6.799999999999996,5.112330675835173,5.11,measured_success,555
303,ppo,1000303,938,monoprotic,far,acid,single,1,6.134,3.882,0.15050211941277147,0,0,,1,1,0,1,0,4,0,0.03656111889292957,13.94,13.94,0.0,3.9185611188929297,3.92,measured_success,555
303,ppo,1000303,939,monoprotic,medium,acid,single,1,5.423,4.438,0.03548626131239099,3,2,0.145,1,1,0,1,0,5,3,0.02145754702127345,5.77,4.0,1.77,4.416542452978726,4.42,measured_success,555
303,ppo,1000303,940,diprotic,medium,acid,separated,2,4.458,3.319,0.16712793888092306,0,0,,1,0,0,1,0,8,0,0.09022135611722426,10.000000000000002,10.000000000000002,0.0,3.409221356117224,3.41,measured_success,555
303,ppo,1000303,941,diprotic,medium,acid,separated,2,4.875,2.982,0.09631152143866503,0,0,,1,0,0,1,0,8,0,0.0975949250794308,13.739999999999998,13.739999999999998,0.0,3.079594925079431,3.08,measured_success,555
303,ppo,1000303,942,diprotic,near,base,separated,2,2.66,3.154,0.10688428367868545,0,0,,1,1,0,1,0,3,0,0.04111744326822375,1.96,0.0,1.96,3.112882556731776,3.11,measured_success,555
303,ppo,1000303,943,triprotic,near,acid,separated,3,7.927,7.245,0.054993927152084836,0,0,,0,0,0,0,0,50,0,0.32131057958894527,1.0000000000000004,1.0000000000000004,0.0,7.566310579588945,7.57,max_steps,555
303,ppo,1000303,944,diprotic,near,base,separated,2,5.214,5.824,0.038871925673267214,0,0,,1,1,0,1,0,1,0,0.035772103210167217,2.06,0.0,2.06,5.788227896789833,5.79,measured_success,555
303,ppo,1000303,945,diprotic,medium,acid,separated,2,3.582,2.143,0.09483823081168324,0,0,,1,0,0,1,0,7,0,0.07169979914254654,10.22,10.22,0.0,2.2146997991425463,2.21,measured_success,555
303,ppo,1000303,946,diprotic,near,base,overlapping,2,2.808,3.478,0.09837928600033737,0,0,,1,0,0,1,0,8,0,0.09394470284870637,6.2700000000000005,0.0,6.2700000000000005,3.384055297151294,3.38,measured_success,555
303,ppo,1000303,947,monoprotic,near,acid,single,1,6.991,6.416,0.12026094607471541,3,1,0.145,1,1,0,1,0,4,3,0.04815357869717829,3.83,2.8000000000000003,1.03,6.367846421302822,6.37,measured_success,555
303,ppo,1000303,948,monoprotic,near,acid,single,1,4.683,4.093,0.12462626634182608,0,0,,1,0,0,1,0,2,0,0.08937115625595382,3.2199999999999998,3.2199999999999998,0.0,4.182371156255954,4.18,measured_success,555
303,ppo,1000303,949,diprotic,near,base,overlapping,2,2.137,2.398,0.08162729705310229,0,0,,0,0,0,1,1,6,0,0.10006357731388116,1.6400000000000001,0.0,1.6400000000000001,2.297936422686119,2.3000000000000003,measured_success,555
303,ppo,1000303,950,diprotic,medium,acid,separated,2,5.427,3.846,0.1646030021750712,0,0,,1,0,0,1,0,5,0,0.09205806317338538,12.649999999999999,12.649999999999999,0.0,3.9380580631733855,3.94,measured_success,555
303,ppo,1000303,951,diprotic,near,base,separated,2,3.881,4.347,0.17588084284970823,0,0,,1,0,0,1,0,50,0,0.09896180040603308,4.139999999999998,0.0,4.139999999999998,4.248038199593967,4.25,measured_success,555
303,ppo,1000303,952,diprotic,medium,base,separated,2,2.501,4.28,0.037056055048396354,0,0,,1,1,0,1,0,3,0,0.012903964707045468,5.880000000000001,0.0,5.880000000000001,4.267096035292955,4.2700000000000005,measured_success,555
303,ppo,1000303,953,diprotic,medium,base,separated,2,5.324,7.11,0.038054247578658905,7,3,0.015,1,1,0,1,0,13,7,0.030528573005503823,15.169999999999998,6.569999999999999,8.6,7.140528573005504,7.140000000000001,measured_success,555
303,ppo,1000303,954,monoprotic,medium,acid,single,1,5.749,3.777,0.03226087026982676,2,0,1.11,1,1,0,1,0,2,2,0.0030522252795224247,7.52,5.3,2.22,3.7800522252795226,3.7800000000000002,measured_success,555
303,ppo,1000303,955,diprotic,medium,base,overlapping,2,3.024,4.703,0.03242776735195711,3,1,0.5,1,1,0,1,0,5,3,0.004465608753128514,10.49,2.92,7.57,4.707465608753129,4.71,measured_success,555
303,ppo,1000303,956,monoprotic,medium,base,single,1,7.807,9.658,0.03372470549136196,5,2,0.13,1,1,0,1,0,8,5,0.011661403533862469,10.84,3.9599999999999995,6.88,9.669661403533862,9.67,measured_success,555
303,ppo,1000303,957,monoprotic,medium,base,single,1,5.254,6.349,0.07150702091042554,2,1,0.46,1,1,0,1,0,4,2,0.019981351828951333,6.39,0.92,5.47,6.329018648171049,6.33,measured_success,555
303,ppo,1000303,958,triprotic,near,acid,separated,3,2.714,2.156,0.05784126186467671,1,0,1.225,1,1,0,1,0,3,1,0.014204599498621295,3.4800000000000004,2.45,1.03,2.141795400501379,2.14,measured_success,555
303,ppo,1000303,959,triprotic,medium,acid,separated,3,7.882,6.328,0.0450615451736897,2,0,0.925,1,0,0,1,0,3,2,0.060002106396667365,7.52,5.67,1.85,6.388002106396668,6.390000000000001,measured_success,555
303,ppo,1000303,960,diprotic,medium,acid,separated,2,6.148,5.349,0.031434071311627135,2,1,0.515,1,0,0,1,0,2,2,0.050379395229191104,3.09,2.06,1.03,5.399379395229191,5.4,measured_success,555
303,ppo,1000303,961,triprotic,medium,base,separated,3,7.163,8.637,0.08254302349867623,2,1,1.155,1,0,0,1,0,4,2,0.06559215533717833,9.59,2.31,7.279999999999999,8.571407844662822,8.57,measured_success,555
303,ppo,1000303,962,monoprotic,medium,acid,single,1,5.14,3.869,0.06025276212618852,4,3,0.145,1,0,0,1,0,10,4,0.06410566909922588,9.66,5.59,4.069999999999999,3.933105669099226,3.93,measured_success,555
303,ppo,1000303,963,monoprotic,near,base,single,1,2.727,3.09,0.03388259594393918,0,0,,1,0,0,1,0,10,0,0.08436067057121832,0.8999999999999998,0.0,0.8999999999999998,3.0056393294287815,3.0100000000000002,measured_success,555
303,ppo,1000303,964,diprotic,near,acid,separated,2,5.076,4.488,0.14300659111559189,2,1,0.29,1,1,0,1,0,3,2,0.01795376756600131,3.8,3.2199999999999998,0.58,4.505953767566002,4.51,measured_success,555
303,ppo,1000303,965,diprotic,medium,base,separated,2,5.455,6.439,0.04555915719437927,4,1,0.1,1,0,0,1,0,8,4,0.06145168741268847,7.06,3.14,3.9199999999999995,6.377548312587312,6.38,measured_success,555
303,ppo,1000303,966,monoprotic,medium,base,single,1,4.718,5.718,0.08340612350610621,0,0,,1,0,0,1,0,3,0,0.08920500630550521,5.970000000000001,0.0,5.970000000000001,5.628794993694495,5.63,measured_success,555
303,ppo,1000303,967,monoprotic,near,acid,single,1,3.299,3.024,0.07130499692438488,0,0,,1,0,0,1,0,7,0,0.09724284368738978,0.6299999999999999,0.6299999999999999,0.0,3.12124284368739,3.12,measured_success,555
303,ppo,1000303,968,monoprotic,medium,base,single,1,8.049,9.927,0.04419777031362391,3,2,0.66,1,0,0,1,0,4,3,0.09333207527797782,9.879999999999999,3.26,6.62,10.020332075277977,10.02,measured_success,555
303,ppo,1000303,969,monoprotic,medium,acid,single,1,5.49,3.88,0.05100267702171272,5,3,0.045,1,1,0,1,0,8,5,0.016296808414248964,12.719999999999999,6.7299999999999995,5.99,3.863703191585751,3.86,measured_success,555
303,ppo,1000303,970,monoprotic,medium,acid,single,1,7.007,5.958,0.14282724438783972,0,0,,1,1,0,1,0,2,0,0.043256508284876816,3.6599999999999997,3.6599999999999997,0.0,6.001256508284877,6.0,measured_success,555
303,ppo,1000303,971,triprotic,medium,base,overlapping,3,3.411,4.541,0.038359895012546705,0,0,,1,0,0,1,0,6,0,0.09000971679668623,7.89,0.0,7.89,4.450990283203314,4.45,measured_success,555
303,ppo,1000303,972,diprotic,far,base,separated,2,3.844,6.721,0.033228252892803234,7,3,0.015,1,0,0,1,0,12,7,0.08037958910652065,15.82,6.01,9.81,6.801379589106521,6.8,measured_success,555
303,ppo,1000303,973,diprotic,far,acid,separated,2,4.121,1.779,0.08336883678293931,1,0,3.425,1,0,0,1,0,4,1,0.08478496660837909,7.869999999999999,6.85,1.02,1.6942150333916208,1.69,measured_success,555
303,ppo,1000303,974,monoprotic,medium,base,single,1,7.24,9.119,0.1391103989824092,2,1,0.55,1,0,0,1,0,4,2,0.061924435380962706,11.87,1.1,10.77,9.057075564619037,9.06,measured_success,555
303,ppo,1000303,975,triprotic,medium,base,separated,3,3.534,4.468,0.13659095448074537,0,0,,1,0,0,1,0,13,0,0.08751411099165196,9.789999999999994,0.0,9.789999999999994,4.380485889008348,4.38,measured_success,555
303,ppo,1000303,976,monoprotic,near,base,single,1,3.06,3.674,0.04768260238375839,0,0,,1,0,0,1,0,11,0,0.08882454126612371,0.9899999999999998,0.0,0.9899999999999998,3.585175458733876,3.59,measured_success,555
303,ppo,1000303,977,diprotic,medium,base,separated,2,4.181,5.699,0.0995973897270766,0,0,,0,0,0,1,1,5,0,0.10255751757916265,11.540000000000001,0.0,11.540000000000001,5.596442482420837,5.6000000000000005,measured_success,555
303,ppo,1000303,978,triprotic,near,base,separated,3,3.837,4.207,0.13856115491439086,0,0,,0,0,0,0,0,50,0,0.11127856241097422,4.229999999999997,0.0,4.229999999999997,4.095721437589026,4.1,max_steps,555
303,ppo,1000303,979,triprotic,medium,base,separated,3,5.086,6.889,0.14218214230845438,1,0,1.95,1,1,0,1,0,2,1,0.01194983458057397,9.59,0.0,9.59,6.900949834580574,6.9,measured_success,555
303,ppo,1000303,980,monoprotic,near,base,single,1,6.367,6.823,0.16253613464793154,0,0,,0,0,0,0,0,50,0,0.16928078174870187,3.3299999999999983,0.0,3.3299999999999983,6.6537192182512985,6.65,max_steps,555
303,ppo,1000303,981,monoprotic,medium,acid,single,1,4.422,2.885,0.1290351460207994,0,0,,1,0,0,1,0,8,0,0.07430593580697487,11.13,11.13,0.0,2.9593059358069747,2.96,measured_success,555
303,ppo,1000303,982,monoprotic,medium,acid,single,1,3.129,1.91,0.03326545793954596,1,0,1.99,1,0,0,1,0,1,1,0.0756499293651578,3.98,3.98,0.0,1.8343500706348421,1.83,measured_success,555
303,ppo,1000303,983,monoprotic,far,base,single,1,4.039,7.774,0.1306820796530012,45,44,0.01,0,0,0,0,0,50,45,0.15874978126009953,19.25999999999999,5.569999999999996,13.689999999999994,7.9327497812600996,7.930000000000001,max_steps,555
303,ppo,1000303,984,monoprotic,medium,base,single,1,3.461,4.884,0.14955109910351455,1,0,0.62,1,1,0,1,0,4,1,0.005307162123067144,9.67,0.0,9.67,4.8893071621230675,4.89,measured_success,555
303,ppo,1000303,985,diprotic,near,acid,separated,2,4.274,3.817,0.10194583099453355,1,0,0.605,1,0,0,1,0,2,1,0.07821615693643569,3.27,3.27,0.0,3.7387838430635645,3.74,measured_success,555
303,ppo,1000303,986,diprotic,far,base,separated,2,6.097,9.796,0.04249780088571175,8,7,0.01,1,1,0,1,0,12,8,0.023558156344797965,20.29,9.959999999999999,10.33,9.772441843655201,9.77,measured_success,555
303,ppo,1000303,987,triprotic,near,acid,separated,3,6.899,6.216,0.06967186540993402,0,0,,1,1,0,1,0,2,0,0.04850954797058993,3.2,3.2,0.0,6.26450954797059,6.26,measured_success,555
303,ppo,1000303,988,triprotic,medium,base,separated,3,3.768,5.309,0.032970045071037145,3,2,0.285,1,0,0,1,0,4,3,0.06376306698703704,8.030000000000001,1.15,6.880000000000001,5.372763066987037,5.37,measured_success,555
303,ppo,1000303,989,diprotic,far,base,separated,2,5.484,8.336,0.11287382766703874,6,3,0.015,1,1,0,1,0,11,6,0.04162070996300038,16.97,4.460000000000001,12.51,8.294379290037,8.290000000000001,measured_success,555
303,ppo,1000303,990,diprotic,medium,base,separated,2,5.999,7.379,0.09589672391583129,4,3,0.18,1,0,0,1,0,9,4,0.07468060039465563,13.48,5.800000000000001,7.68,7.304319399605344,7.3,measured_success,555
303,ppo,1000303,991,triprotic,near,base,separated,3,2.027,2.261,0.172349004401553,0,0,,1,0,0,1,0,6,0,0.08023032733008417,1.86,0.0,1.86,2.180769672669916,2.18,measured_success,555
303,ppo,1000303,992,monoprotic,medium,acid,single,1,7.625,6.311,0.16399389756935698,1,0,0.58,1,1,0,1,0,3,1,0.007033645352475304,6.53,6.53,0.0,6.303966354647525,6.3,measured_success,555
303,ppo,1000303,993,diprotic,medium,base,overlapping,2,2.571,3.478,0.054935921848300935,0,0,,1,0,0,1,0,7,0,0.08077501126604991,6.05,0.0,6.05,3.3972249887339503,3.4,measured_success,555
303,ppo,1000303,994,triprotic,far,base,separated,3,3.54,6.904,0.07812671027983525,2,0,0.185,1,0,0,1,0,5,2,0.08671490679759408,17.88,0.37,17.509999999999998,6.817285093202406,6.82,measured_success,555
303,ppo,1000303,995,monoprotic,medium,base,single,1,8.658,9.976,0.07895234152802082,0,0,,1,0,0,1,0,39,0,0.09808897503698155,2.6700000000000013,0.0,2.6700000000000013,9.87791102496302,9.88,measured_success,555
303,ppo,1000303,996,triprotic,medium,acid,separated,3,7.74,6.69,0.12645179135794438,0,0,,1,0,0,1,0,12,0,0.08197471598874717,9.659999999999997,9.659999999999997,0.0,6.771974715988748,6.7700000000000005,measured_success,555
303,ppo,1000303,997,monoprotic,medium,acid,single,1,3.643,2.232,0.10202310087408403,1,0,0.605,1,0,0,1,0,3,1,0.059429636260930785,7.41,7.41,0.0,2.1725703637390694,2.17,measured_success,555
303,ppo,1000303,998,monoprotic,medium,acid,single,1,5.424,3.485,0.0633457154916543,4,2,0.145,1,0,0,1,0,7,4,0.05621864279291566,10.07,7.21,2.8600000000000003,3.5412186427929155,3.54,measured_success,555
303,ppo,1000303,999,diprotic,medium,base,separated,2,3.104,4.197,0.05184613725507093,0,0,,1,0,0,1,0,2,0,0.055870766013913276,3.62,0.0,3.62,4.141129233986087,4.14,measured_success,555
303,ppo,1000303,1000,monoprotic,near,base,single,1,6.892,7.397,0.04373759227917559,0,0,,1,0,0,1,0,14,0,0.0942423835106041,0.8400000000000003,0.0,0.8400000000000003,7.302757616489396,7.3,measured_success,555
303,ppo,1000303,1001,monoprotic,near,base,single,1,6.774,7.089,0.039970676984007525,0,0,,1,1,0,1,0,4,0,0.04485731010642979,0.26,0.0,0.26,7.044142689893571,7.04,measured_success,555
303,ppo,1000303,1002,monoprotic,far,acid,single,1,6.869,4.256,0.17517450755363928,2,1,0.185,1,0,0,1,0,6,2,0.08518427801266704,15.059999999999999,14.11,0.95,4.341184278012667,4.34,measured_success,555
303,ppo,1000303,1003,diprotic,near,acid,separated,2,4.127,3.675,0.05798644665012375,2,2,0.225,1,1,0,1,0,4,2,0.020449809761483806,3.7600000000000002,2.2800000000000002,1.48,3.6954498097614836,3.7,measured_success,555
303,ppo,1000303,1004,diprotic,near,acid,overlapping,2,4.698,4.482,0.11994863692576792,0,0,,0,0,0,1,1,33,0,0.10248123024499645,1.9800000000000013,1.9800000000000013,0.0,4.584481230244997,4.58,measured_success,555
303,ppo,1000303,1005,diprotic,far,base,separated,2,4.212,7.244,0.16630641358022036,47,43,0.01,0,0,1,0,0,50,47,0.5512707979903269,16.31999999999999,5.309999999999996,11.009999999999994,7.795270797990327,7.8,max_steps,555
303,ppo,1000303,1006,diprotic,near,base,separated,2,6.263,6.631,0.10126066572439658,0,0,,1,0,0,1,0,37,0,0.09546626611811959,2.54,0.0,2.54,6.535533733881881,6.54,measured_success,555
303,ppo,1000303,1007,monoprotic,far,acid,single,1,7.389,4.716,0.04363105311965582,44,40,0.01,0,0,0,0,0,50,44,0.2377888088664859,14.769999999999992,7.599999999999997,7.1699999999999955,4.953788808866486,4.95,max_steps,555
303,ppo,1000303,1008,diprotic,near,base,separated,2,5.255,5.662,0.051242077546786065,0,0,,1,0,0,1,0,9,0,0.09048979245390232,0.55,0.0,0.55,5.571510207546098,5.57,measured_success,555
303,ppo,1000303,1009,diprotic,medium,acid,separated,2,3.419,1.858,0.11248729230596086,0,0,,1,0,0,1,0,1,0,0.06533826958818789,5.3,5.3,0.0,1.923338269588188,1.92,measured_success,555
303,ppo,1000303,1010,diprotic,medium,acid,overlapping,2,5.139,4.39,0.034512392086642946,1,0,1.03,1,0,0,1,0,1,1,0.07406578792657026,2.06,2.06,0.0,4.315934212073429,4.32,measured_success,555
303,ppo,1000303,1011,diprotic,medium,base,overlapping,2,3.882,4.842,0.045378946453019285,1,0,0.57,1,1,0,1,0,2,1,0.010794229316968718,3.45,0.0,3.45,4.852794229316968,4.8500000000000005,measured_success,555
303,ppo,1000303,1012,triprotic,medium,base,separated,3,4.773,6.296,0.1455045523091702,1,0,1.1,1,1,0,1,0,3,1,0.004039465506347817,10.2,0.0,10.2,6.300039465506348,6.3,measured_success,555
303,ppo,1000303,1013,diprotic,medium,base,separated,2,7.177,8.698,0.07955060288305305,3,2,0.66,1,1,0,1,0,4,3,0.008071068317715202,9.879999999999999,3.26,6.62,8.706071068317716,8.71,measured_success,555
303,ppo,1000303,1014,triprotic,near,acid,overlapping,3,2.82,2.442,0.042962191820286925,0,0,,1,0,0,1,0,1,0,0.07381666482324611,2.45,2.45,0.0,2.5158166648232463,2.52,measured_success,555
303,ppo,1000303,1015,triprotic,medium,acid,separated,3,7.294,5.445,0.06314615348509539,1,0,0.58,1,1,0,1,0,3,1,0.01704895134933082,8.31,8.31,0.0,5.4279510486506695,5.43,measured_success,555
303,ppo,1000303,1016,diprotic,medium,base,separated,2,4.938,6.208,0.049790330736199956,3,1,0.225,1,1,0,1,0,4,3,0.01193732263760694,5.23,1.3599999999999999,3.87,6.219937322637607,6.22,measured_success,555
303,ppo,1000303,1017,diprotic,near,base,overlapping,2,4.43,4.846,0.17285322934473651,0,0,,0,0,0,0,0,50,0,0.3050308816479692,3.000000000000002,0.0,3.000000000000002,4.540969118352031,4.54,max_steps,555
303,ppo,1000303,1018,triprotic,medium,base,separated,3,1.962,2.776,0.03639183700861674,0,0,,1,0,0,1,0,2,0,0.07304229504098458,3.59,0.0,3.59,2.702957704959015,2.7,measured_success,555
303,ppo,1000303,1019,monoprotic,medium,base,single,1,4.291,5.776,0.08133646816131912,2,1,0.575,1,0,0,1,0,4,2,0.0804585755004954,7.91,1.15,6.760000000000001,5.695541424499504,5.7,measured_success,555
303,ppo,1000303,1020,monoprotic,far,acid,single,1,5.773,3.145,0.11314932385819612,1,0,1.11,1,0,0,1,0,3,1,0.06099893263723777,12.97,12.97,0.0,3.0840010673627622,3.08,measured_success,555
303,ppo,1000303,1021,monoprotic,medium,acid,single,1,5.254,4.359,0.16003564493547331,0,0,,1,0,0,1,0,3,0,0.07721946062724427,6.06,6.06,0.0,4.436219460627244,4.44,measured_success,555
303,ppo,1000303,1022,monoprotic,near,base,single,1,4.209,4.445,0.036456537962363686,0,0,,1,1,0,1,0,3,0,0.0325932306353387,0.18,0.0,0.18,4.412406769364662,4.41,measured_success,555
303,ppo,1000303,1023,monoprotic,far,acid,single,1,5.895,3.604,0.0879236320323185,3,2,0.145,1,0,0,1,0,6,3,0.06572437892784855,11.89,10.48,1.41,3.5382756210721515,3.54,measured_success,555
303,ppo,1000303,1024,diprotic,medium,base,separated,2,6.095,7.169,0.03620627415585075,5,4,0.045,1,1,0,1,0,8,5,0.013609474140992894,7.67,3.44,4.2299999999999995,7.1826094741409925,7.18,measured_success,555
303,ppo,1000303,1025,triprotic,near,acid,separated,3,4.646,4.131,0.09602514104236341,0,0,,1,0,0,1,0,2,0,0.06495800802396445,3.2199999999999998,3.2199999999999998,0.0,4.195958008023965,4.2,measured_success,555
303,ppo,1000303,1026,diprotic,near,acid,separated,2,4.244,3.973,0.035512591972240916,0,0,,1,0,0,1,0,7,0,0.09283760382564576,0.42,0.42,0.0,4.065837603825646,4.07,measured_success,555
303,ppo,1000303,1027,diprotic,medium,base,separated,2,4.882,6.269,0.03952760323976117,4,2,0.145,1,1,0,1,0,6,4,0.013015645001804188,8.049999999999999,2.32,5.7299999999999995,6.255984354998196,6.26,measured_success,555
303,ppo,1000303,1028,diprotic,medium,base,separated,2,5.977,7.659,0.04952537909974777,4,1,0.335,1,1,0,1,0,6,4,0.02809063619323826,10.85,3.36,7.49,7.6309093638067615,7.63,measured_success,555
303,ppo,1000303,1029,monoprotic,far,base,single,1,4.577,6.644,0.03084282621877954,8,4,0.01,1,0,0,1,0,10,8,0.08973235607866492,13.59,5.959999999999999,7.63,6.554267643921335,6.55,measured_success,555
303,ppo,1000303,1030,monoprotic,medium,base,single,1,5.818,6.751,0.06478300838345052,1,0,0.925,1,0,0,1,0,2,1,0.08271744561937933,5.02,0.0,5.02,6.83371744561938,6.83,measured_success,555
303,ppo,1000303,1031,diprotic,near,acid,separated,2,4.767,4.469,0.11392607679092835,0,0,,1,0,0,1,0,26,0,0.09599972737559792,1.560000000000001,1.560000000000001,0.0,4.564999727375598,4.5600000000000005,measured_success,555
303,ppo,1000303,1032,diprotic,far,base,separated,2,5.362,7.997,0.03388447751087516,8,3,0.015,1,0,0,1,0,11,8,0.071561050038909,14.689999999999998,6.75,7.939999999999999,7.925438949961091,7.930000000000001,measured_success,555
303,ppo,1000303,1033,diprotic,far,base,separated,2,3.917,6.848,0.033785272448759576,42,41,0.01,0,0,0,0,0,50,42,0.1129646975384313,16.26999999999999,5.899999999999995,10.369999999999994,6.735035302461569,6.74,max_steps,555
303,ppo,1000303,1034,diprotic,far,base,separated,2,2.621,5.825,0.04627791086240378,0,0,,1,0,0,1,0,14,0,0.09881533443024626,7.800000000000003,0.0,7.800000000000003,5.726184665569754,5.73,measured_success,555
303,ppo,1000303,1035,monoprotic,medium,base,single,1,5.904,7.353,0.10854165754593731,6,3,0.03,1,0,0,1,0,8,6,0.05168968152096021,10.89,4.01,6.88,7.3013103184790396,7.3,measured_success,555
303,ppo,1000303,1036,triprotic,medium,base,overlapping,3,2.249,2.993,0.12802457686570629,0,0,,1,0,0,1,0,22,0,0.08989643093079325,14.370000000000003,0.0,14.370000000000003,2.9031035690692066,2.9,measured_success,555
303,ppo,1000303,1037,diprotic,medium,base,separated,2,3.59,5.151,0.08259643063660438,0,0,,1,0,0,1,0,11,0,0.08187063468588107,4.799999999999997,0.0,4.799999999999997,5.069129365314119,5.07,measured_success,555
303,ppo,1000303,1038,monoprotic,far,acid,single,1,6.848,3.962,0.07877479319039898,4,1,0.275,0,0,0,1,1,7,4,0.10064128766403746,11.690000000000001,8.14,3.55,4.062641287664038,4.0600000000000005,measured_success,555
303,ppo,1000303,1039,triprotic,near,acid,separated,3,4.704,4.449,0.07798960915251064,0,0,,1,0,0,1,0,11,0,0.09089985389611144,0.6600000000000001,0.6600000000000001,0.0,4.539899853896111,4.54,measured_success,555
303,ppo,1000303,1040,diprotic,medium,acid,overlapping,2,5.594,4.619,0.05581907693631967,0,0,,1,1,0,1,0,4,0,0.03482522652743647,7.01,7.01,0.0,4.653825226527436,4.65,measured_success,555
303,ppo,1000303,1041,monoprotic,near,base,single,1,4.033,4.286,0.10250358032663906,0,0,,1,0,0,1,0,21,0,0.09967257483647884,1.2600000000000007,0.0,1.2600000000000007,4.186327425163521,4.19,measured_success,555
303,ppo,1000303,1042,triprotic,medium,base,separated,3,6.373,8.154,0.06382010139016396,8,6,0.01,1,1,0,1,0,12,8,0.029317658921858225,13.559999999999999,6.179999999999999,7.38,8.124682341078142,8.120000000000001,measured_success,555
303,ppo,1000303,1043,diprotic,medium,base,separated,2,3.712,5.071,0.04747386860706816,0,0,,1,0,0,1,0,11,0,0.09106897325372998,4.799999999999997,0.0,4.799999999999997,4.97993102674627,4.98,measured_success,555
303,ppo,1000303,1044,triprotic,medium,base,separated,3,3.833,5.482,0.04217796840801673,4,0,0.145,1,1,0,1,0,5,4,0.03380510850886598,8.91,2.14,6.7700000000000005,5.448194891491134,5.45,measured_success,555
303,ppo,1000303,1045,diprotic,medium,acid,separated,2,4.149,2.164,0.06055449149148384,0,0,,1,0,0,1,0,4,0,0.08584686963100507,11.149999999999999,11.149999999999999,0.0,2.249846869631005,2.25,measured_success,555
303,ppo,1000303,1046,triprotic,near,acid,overlapping,3,3.402,3.052,0.038771188144561236,2,0,0.295,1,1,0,1,0,2,2,0.041086437032813006,2.65,2.06,0.59,3.093086437032813,3.09,measured_success,555
303,ppo,1000303,1047,monoprotic,far,acid,single,1,7.401,3.821,0.09555713492073535,7,4,0.015,1,1,0,1,0,13,7,0.027685942406943997,14.819999999999997,8.569999999999997,6.25,3.793314057593056,3.79,measured_success,555
303,ppo,1000303,1048,monoprotic,medium,base,single,1,7.692,9.147,0.057956534277060455,8,4,0.01,1,0,0,1,0,12,8,0.06595443751348462,13.559999999999999,6.529999999999999,7.029999999999999,9.081045562486516,9.08,measured_success,555
303,ppo,1000303,1049,monoprotic,near,acid,single,1,6.907,6.69,0.047050656243066154,0,0,,1,0,0,1,0,13,0,0.09760774356485147,0.25999999999999995,0.25999999999999995,0.0,6.787607743564852,6.79,measured_success,555
303,ppo,1000303,1050,diprotic,medium,base,overlapping,2,4.137,5.119,0.10907941099836842,0,0,,1,0,0,1,0,17,0,0.09037137466656553,10.989999999999991,0.0,10.989999999999991,5.028628625333434,5.03,measured_success,555
303,ppo,1000303,1051,triprotic,near,acid,separated,3,4.552,3.944,0.05117323712256368,0,0,,1,0,0,1,0,1,0,0.0742801646554705,2.06,2.06,0.0,4.01828016465547,4.0200000000000005,measured_success,555
303,ppo,1000303,1052,triprotic,far,base,separated,3,6.57,10.392,0.03217073202047077,6,2,0.02,1,0,0,1,0,11,6,0.07750473698666482,18.15,8.779999999999998,9.370000000000001,10.314495263013335,10.31,measured_success,555
303,ppo,1000303,1053,monoprotic,medium,acid,single,1,3.354,1.601,0.09574326301975629,0,0,,0,0,0,1,1,8,0,0.10302054712646758,14.239999999999998,14.239999999999998,0.0,1.7040205471264676,1.7,measured_success,555
303,ppo,1000303,1054,diprotic,medium,acid,separated,2,5.85,4.551,0.03573029981992296,3,2,0.435,1,1,0,1,0,3,3,0.03390765501324289,6.13,4.38,1.75,4.517092344986757,4.5200000000000005,measured_success,555
303,ppo,1000303,1055,monoprotic,near,acid,single,1,6.748,6.092,0.06476124026203076,0,0,,1,1,0,1,0,2,0,0.01345120370658659,2.71,2.71,0.0,6.105451203706586,6.11,measured_success,555
303,ppo,1000303,1056,triprotic,far,base,separated,3,4.267,7.273,0.0643695994486434,6,4,0.02,1,0,0,1,0,9,6,0.08253396211350505,15.55,2.18,13.370000000000001,7.190466037886495,7.19,measured_success,555
303,ppo,1000303,1057,triprotic,near,acid,separated,3,6.968,6.509,0.07259470305838754,0,0,,0,0,0,0,0,50,0,0.30327924787055593,1.0000000000000004,1.0000000000000004,0.0,6.812279247870556,6.8100000000000005,max_steps,555
303,ppo,1000303,1058,monoprotic,near,acid,single,1,5.014,4.734,0.04528483011777415,0,0,,1,0,0,1,0,7,0,0.09142162147293931,0.42,0.42,0.0,4.825421621472939,4.83,measured_success,555
303,ppo,1000303,1059,monoprotic,near,acid,single,1,5.827,5.532,0.13164260690232077,0,0,,0,0,0,1,1,26,0,0.10144853634867701,1.520000000000001,1.520000000000001,0.0,5.633448536348677,5.63,measured_success,555
303,ppo,1000303,1060,monoprotic,near,base,single,1,8.245,8.724,0.05325888202617047,0,0,,1,0,0,1,0,7,0,0.08473052738870024,0.42,0.0,0.42,8.6392694726113,8.64,measured_success,555
303,ppo,1000303,1061,triprotic,medium,acid,separated,3,4.811,3.809,0.04014392164148291,1,0,1.62,1,1,0,1,0,2,1,0.01250032591513417,4.66,3.24,1.42,3.796499674084866,3.8000000000000003,measured_success,555
303,ppo,1000303,1062,monoprotic,near,acid,single,1,4.834,4.16,0.05237080136598922,2,1,0.515,1,0,0,1,0,3,2,0.09934775743562696,3.54,2.5100000000000002,1.03,4.259347757435627,4.26,measured_success,555
303,ppo,1000303,1063,monoprotic,near,base,single,1,7.497,8.134,0.13304952223229496,0,0,,0,0,0,0,0,50,0,0.296470136571676,3.000000000000002,0.0,3.000000000000002,7.837529863428324,7.84,max_steps,555
303,ppo,1000303,1064,triprotic,near,acid,overlapping,3,3.322,2.923,0.09444459372951734,0,0,,1,0,0,1,0,4,0,0.07406430095048488,4.430000000000001,4.430000000000001,0.0,2.997064300950485,3.0,measured_success,555
303,ppo,1000303,1065,monoprotic,far,acid,single,1,6.428,3.578,0.1531347573516035,5,3,0.1,1,0,0,1,0,9,5,0.0914846340737232,15.35,9.27,6.08,3.4865153659262766,3.49,measured_success,555
303,ppo,1000303,1066,diprotic,far,acid,separated,2,8.181,5.352,0.03796043352543934,2,0,1.345,1,1,0,1,0,2,2,0.040812167399703725,8.8,6.11,2.69,5.392812167399704,5.39,measured_success,555
303,ppo,1000303,1067,monoprotic,far,base,single,1,2.099,5.487,0.10107633149283685,43,41,0.01,0,0,0,0,0,50,43,0.2543647394131998,18.059999999999988,4.989999999999996,13.069999999999993,5.7413647394132,5.74,max_steps,555
303,ppo,1000303,1068,monoprotic,far,acid,single,1,5.655,1.936,0.11690540979462508,1,0,3.875,1,0,0,1,0,7,1,0.05492206816485368,10.32,7.75,2.57,1.8810779318351463,1.8800000000000001,measured_success,555
303,ppo,1000303,1069,triprotic,near,base,separated,3,6.29,6.98,0.057213722320660645,3,1,0.145,1,0,0,1,0,4,3,0.05565305533875531,3.83,1.03,2.8000000000000003,7.035653055338756,7.04,measured_success,555
303,ppo,1000303,1070,monoprotic,near,base,single,1,5.905,6.233,0.030848167741299462,0,0,,1,1,0,1,0,6,0,0.04454541406288204,0.41000000000000003,0.0,0.41000000000000003,6.188454585937118,6.19,measured_success,555
303,ppo,1000303,1071,diprotic,medium,base,separated,2,6.544,7.772,0.15473903368511188,0,0,,1,0,0,1,0,5,0,0.052957739105293555,9.05,0.0,9.05,7.719042260894707,7.72,measured_success,555
303,ppo,1000303,1072,monoprotic,far,acid,single,1,5.53,3.079,0.17665304603753607,1,0,0.605,1,0,0,1,0,7,1,0.06232435477437415,23.0,22.41,0.59,3.016675645225626,3.02,measured_success,555
303,ppo,1000303,1073,monoprotic,medium,acid,single,1,6.377,4.426,0.06822576770809242,5,2,0.045,1,1,0,1,0,7,5,0.007652735809481115,10.01,7.21,2.8000000000000003,4.418347264190519,4.42,measured_success,555
303,ppo,1000303,1074,diprotic,near,acid,overlapping,2,4.619,3.998,0.03500122950606262,0,0,,1,0,0,1,0,1,0,0.08515917206074786,2.06,2.06,0.0,4.083159172060748,4.08,measured_success,555
303,ppo,1000303,1075,triprotic,far,base,separated,3,7.973,11.558,0.08750794135549327,2,0,1.155,1,0,0,1,0,3,2,0.051323106908448324,12.34,5.07,7.27,11.506676893091552,11.51,measured_success,555
303,ppo,1000303,1076,monoprotic,near,acid,single,1,2.519,2.114,0.07891163625728201,1,0,1.225,1,0,0,1,0,2,1,0.08752727358505208,3.04,2.45,0.59,2.026472726414948,2.0300000000000002,measured_success,555
303,ppo,1000303,1077,triprotic,near,base,separated,3,3.085,3.371,0.07852873487654836,0,0,,1,0,0,1,0,14,0,0.08540844305923789,1.26,0.0,1.26,3.285591556940762,3.29,measured_success,555
303,ppo,1000303,1078,diprotic,medium,acid,separated,2,4.574,3.167,0.174932451919924,1,0,0.22,1,1,0,1,0,8,1,0.012024848513089381,15.650000000000002,15.650000000000002,0.0,3.1549751514869104,3.15,measured_success,555
303,ppo,1000303,1079,monoprotic,near,base,single,1,7.18,7.4,0.17733889470637187,0,0,,1,0,0,1,0,30,0,0.09211094948083698,1.8000000000000012,0.0,1.8000000000000012,7.307889050519163,7.3100000000000005,measured_success,555
303,ppo,1000303,1080,triprotic,medium,base,separated,3,3.095,4.874,0.07351310616493746,0,0,,1,0,0,1,0,6,0,0.06537714272587447,11.83,0.0,11.83,4.808622857274125,4.8100000000000005,measured_success,555
303,ppo,1000303,1081,triprotic,near,acid,separated,3,4.791,4.233,0.042719980097268045,1,0,1.03,1,0,0,1,0,1,1,0.05943031359724937,2.06,2.06,0.0,4.17356968640275,4.17,measured_success,555
303,ppo,1000303,1082,diprotic,near,base,separated,2,4.045,4.322,0.049668427763012474,0,0,,1,0,0,1,0,13,0,0.08535416482908342,0.7800000000000002,0.0,0.7800000000000002,4.236645835170917,4.24,measured_success,555
303,ppo,1000303,1083,monoprotic,far,base,single,1,6.727,9.411,0.08562363297689546,5,2,0.1,1,0,0,1,0,8,5,0.059352279528896545,15.329999999999998,4.38,10.95,9.470352279528896,9.47,measured_success,555
303,ppo,1000303,1084,monoprotic,medium,acid,single,1,6.591,5.685,0.06423028343988293,1,0,0.2,1,0,0,1,0,4,1,0.09801359676046761,2.67,2.46,0.21000000000000002,5.586986403239532,5.59,measured_success,555
303,ppo,1000303,1085,diprotic,far,acid,separated,2,5.614,2.806,0.034383624090983604,3,1,0.3,0,0,0,1,1,4,3,0.10071455938708862,10.879999999999999,7.449999999999999,3.43,2.7052854406129114,2.71,measured_success,555
303,ppo,1000303,1086,monoprotic,far,base,single,1,6.955,10.461,0.17032089262709846,3,1,0.1,1,0,0,1,0,11,3,0.07192311170958554,22.88,4.409999999999999,18.47,10.532923111709586,10.53,measured_success,555
303,ppo,1000303,1087,diprotic,medium,base,separated,2,2.909,4.312,0.12490430162964956,0,0,,1,0,0,1,0,14,0,0.06892756376334486,13.869999999999994,0.0,13.869999999999994,4.243072436236655,4.24,measured_success,555
303,ppo,1000303,1088,diprotic,near,base,separated,2,2.179,2.669,0.031434390186118114,0,0,,1,1,0,1,0,3,0,0.02961557938541448,2.09,0.0,2.09,2.6393844206145856,2.64,measured_success,555
303,ppo,1000303,1089,diprotic,near,base,separated,2,3.709,4.212,0.036170198040243566,0,0,,1,0,0,1,0,16,0,0.09416833374752898,1.3800000000000001,0.0,1.3800000000000001,4.117831666252471,4.12,measured_success,555
303,ppo,1000303,1090,monoprotic,near,base,single,1,7.035,7.284,0.07938902585024611,0,0,,1,0,0,1,0,8,0,0.09101979721891684,0.48,0.0,0.48,7.192980202781083,7.19,measured_success,555
303,ppo,1000303,1091,diprotic,medium,acid,separated,2,3.506,1.943,0.04135527934668287,0,0,,1,1,0,1,0,1,0,0.007080562954751457,5.3,5.3,0.0,1.9500805629547515,1.95,measured_success,555
303,ppo,1000303,1092,triprotic,medium,base,separated,3,1.971,3.692,0.12475264476011283,0,0,,1,0,0,1,0,12,0,0.05521454105265633,16.02,0.0,16.02,3.636785458947344,3.64,measured_success,555
303,ppo,1000303,1093,monoprotic,medium,base,single,1,2.594,4.043,0.07556609540766897,1,0,0.225,1,0,0,1,0,3,1,0.058993701080749084,6.3,0.0,6.3,4.101993701080749,4.1,measured_success,555
303,ppo,1000303,1094,triprotic,medium,base,overlapping,3,6.338,7.496,0.10183572004652708,6,4,0.045,1,0,0,1,0,9,6,0.06827019884294394,11.02,5.33,5.69,7.4277298011570565,7.43,measured_success,555
303,ppo,1000303,1095,monoprotic,medium,acid,single,1,3.565,2.494,0.09099127794422272,1,0,1.11,1,0,0,1,0,2,1,0.06371537673543992,5.58,5.58,0.0,2.4302846232645603,2.43,measured_success,555
303,ppo,1000303,1096,monoprotic,medium,acid,single,1,5.343,4.14,0.10768929366744819,0,0,,1,1,0,1,0,5,1,0.0029290882719417155,7.770000000000001,7.770000000000001,0.0,4.137070911728058,4.14,measured_success,555
303,ppo,1000303,1097,monoprotic,medium,base,single,1,3.041,4.223,0.037140996340449886,6,6,0.035,1,0,0,1,0,10,6,0.09031285063896188,7.239999999999998,3.4299999999999993,3.8099999999999996,4.132687149361038,4.13,measured_success,555
303,ppo,1000303,1098,monoprotic,medium,acid,single,1,3.637,2.721,0.033782117964477124,4,4,0.15,1,1,0,1,0,7,4,0.023916622162170498,7.22,3.99,3.2299999999999995,2.7449166221621706,2.74,measured_success,555
303,ppo,1000303,1099,monoprotic,near,base,single,1,5.694,6.317,0.054289793471800935,1,0,1.03,1,0,0,1,0,2,1,0.05532155639620484,2.43,0.37,2.06,6.372321556396205,6.37,measured_success,555
303,ppo,1000303,1100,diprotic,medium,acid,separated,2,6.966,5.249,0.04244742145470676,3,2,0.555,1,1,0,1,0,4,3,0.013752925489993295,9.18,6.41,2.7700000000000005,5.235247074510006,5.24,measured_success,555
303,ppo,1000303,1101,monoprotic,medium,acid,single,1,3.095,1.53,0.06374760701719218,0,0,,1,0,0,1,0,13,0,0.0888877424790786,12.360000000000003,12.360000000000003,0.0,1.6188877424790786,1.62,measured_success,555
303,ppo,1000303,1102,triprotic,medium,base,separated,3,3.889,5.889,0.07469919117440497,0,0,,1,0,0,1,0,5,0,0.08265670622510957,11.87,0.0,11.87,5.806343293774891,5.8100000000000005,measured_success,555
303,ppo,1000303,1103,diprotic,medium,acid,separated,2,4.886,3.234,0.12581392145835715,0,0,,1,0,0,1,0,9,0,0.06491876253734397,12.370000000000003,12.370000000000003,0.0,3.298918762537344,3.3000000000000003,measured_success,555
303,ppo,1000303,1104,monoprotic,near,base,single,1,7.604,7.845,0.1645902097163887,0,0,,1,0,0,1,0,30,0,0.09627210645789663,1.7600000000000011,0.0,1.7600000000000011,7.748727893542103,7.75,measured_success,555
303,ppo,1000303,1105,diprotic,near,base,separated,2,4.677,5.066,0.13097100466899916,0,0,,1,0,0,1,0,8,0,0.06694442849291438,0.48,0.0,0.48,4.9990555715070855,5.0,measured_success,555
303,ppo,1000303,1106,diprotic,medium,base,separated,2,2.614,3.737,0.07426201718906171,0,0,,1,0,0,1,0,4,0,0.054681263744869035,3.83,0.0,3.83,3.682318736255131,3.68,measured_success,555
303,ppo,1000303,1107,triprotic,medium,base,separated,3,6.929,8.35,0.12483707853200227,6,3,0.03,1,1,0,1,0,10,6,0.033974840617917224,14.189999999999998,6.06,8.129999999999999,8.316025159382082,8.32,measured_success,555
303,ppo,1000303,1108,monoprotic,medium,acid,single,1,4.512,2.92,0.050215929203836156,2,0,0.2,1,0,0,1,0,2,2,0.08076917588753751,5.7,5.3,0.4,3.0007691758875374,3.0,measured_success,555
303,ppo,1000303,1109,monoprotic,medium,acid,single,1,3.963,2.238,0.04014650091957291,1,0,2.65,1,0,0,1,0,3,1,0.08944080913455599,6.35,5.3,1.05,2.148559190865444,2.15,measured_success,555
303,ppo,1000303,1110,monoprotic,far,acid,single,1,7.143,3.543,0.03806511479592537,7,5,0.015,1,1,0,1,0,10,7,0.023752493372485972,15.2,9.36,5.840000000000001,3.519247506627514,3.52,measured_success,555
303,ppo,1000303,1111,diprotic,near,acid,separated,2,7.683,7.199,0.11528926868334022,0,0,,0,0,0,0,0,50,0,0.21949567917045698,1.0000000000000004,1.0000000000000004,0.0,7.418495679170457,7.42,max_steps,555
303,ppo,1000303,1112,diprotic,far,base,separated,2,3.406,5.744,0.04382180184198893,4,1,0.225,1,1,0,1,0,7,4,0.01769226594898754,11.45,2.87,8.58,5.726307734051012,5.73,measured_success,555
303,ppo,1000303,1113,monoprotic,near,base,single,1,3.161,3.494,0.056639510988322865,0,0,,1,0,0,1,0,10,0,0.09779038130190232,0.8999999999999998,0.0,0.8999999999999998,3.396209618698098,3.4,measured_success,555
303,ppo,1000303,1114,monoprotic,medium,base,single,1,4.277,5.092,0.0802432319486168,0,0,,1,0,0,1,0,3,0,0.05786073981480744,4.14,0.0,4.14,5.034139260185192,5.03,measured_success,555
303,ppo,1000303,1115,triprotic,far,acid,separated,3,4.745,1.6,0.06320002009839104,0,0,,1,0,0,1,0,14,0,0.09158200687020068,19.729999999999993,19.729999999999993,0.0,1.6915820068702008,1.69,measured_success,555
303,ppo,1000303,1116,diprotic,medium,base,overlapping,2,3.165,4.957,0.09557787000905649,4,1,0.1,1,1,0,1,0,9,4,0.007592110834969468,11.889999999999999,1.45,10.44,4.94940788916503,4.95,measured_success,555
303,ppo,1000303,1117,monoprotic,medium,acid,single,1,5.164,4.15,0.07274632363608537,0,0,,1,0,0,1,0,2,0,0.09992882315165552,3.64,3.64,0.0,4.249928823151656,4.25,measured_success,555
303,ppo,1000303,1118,diprotic,medium,acid,overlapping,2,4.88,3.099,0.03303695260082568,2,1,0.555,1,0,0,1,0,4,2,0.060659127186616146,9.08,7.97,1.11,3.1596591271866163,3.16,measured_success,555
303,ppo,1000303,1119,triprotic,medium,acid,separated,3,5.471,4.061,0.0441564194368461,0,0,,1,1,0,1,0,2,0,0.03877410879904275,4.32,4.32,0.0,4.099774108799043,4.1,measured_success,555
303,ppo,1000303,1120,triprotic,near,acid,separated,3,6.829,6.555,0.08733605954835483,0,0,,1,0,0,1,0,26,0,0.09897126451932436,0.5200000000000001,0.5200000000000001,0.0,6.653971264519324,6.65,measured_success,555
303,ppo,1000303,1121,triprotic,medium,acid,separated,3,3.75,2.555,0.06968227021483002,1,0,0.305,1,0,0,1,0,2,1,0.07487917805777888,4.59,4.59,0.0,2.4801208219422213,2.48,measured_success,555
303,ppo,1000303,1122,diprotic,medium,acid,separated,2,4.064,3.345,0.16312281489072886,0,0,,1,0,0,1,0,11,0,0.08402586889295494,7.799999999999998,7.799999999999998,0.0,3.429025868892955,3.43,measured_success,555
303,ppo,1000303,1123,monoprotic,medium,base,single,1,2.337,3.694,0.11845000716073008,2,1,0.225,1,1,0,1,0,5,2,0.005811855239565844,7.5,0.45,7.05,3.688188144760434,3.69,measured_success,555
303,ppo,1000303,1124,triprotic,medium,base,separated,3,2.571,3.638,0.04123123086598472,1,1,0.57,1,0,0,1,0,3,1,0.05793933826967734,4.09,0.57,3.5199999999999996,3.6959393382696772,3.7,measured_success,555
303,ppo,1000303,1125,monoprotic,medium,base,single,1,2.028,3.579,0.044216431736815956,3,1,0.09,1,1,0,1,0,5,3,0.03162023001378822,7.199999999999999,1.17,6.029999999999999,3.6106202300137884,3.61,measured_success,555
303,ppo,1000303,1126,monoprotic,far,base,single,1,5.082,8.927,0.163755080706102,25,18,0.01,1,0,0,1,0,27,25,0.09778975649046373,14.139999999999997,4.77,9.369999999999997,9.024789756490463,9.02,measured_success,555
303,ppo,1000303,1127,monoprotic,far,acid,single,1,7.773,4.16,0.03917898970673845,7,7,0.015,1,0,0,1,0,16,7,0.06627847538988263,17.66,9.280000000000001,8.379999999999999,4.0937215246101175,4.09,measured_success,555
303,ppo,1000303,1128,diprotic,far,base,separated,2,3.548,7.325,0.17908253620981193,46,45,0.01,0,0,0,0,0,50,46,0.35952502130039665,19.439999999999987,5.849999999999995,13.589999999999993,6.9654749786996035,6.97,max_steps,555
303,ppo,1000303,1129,monoprotic,far,base,single,1,2.549,5.284,0.03322582911059087,45,43,0.01,0,0,1,0,0,50,45,2.9182516185148186,15.04999999999999,7.019999999999995,8.029999999999996,8.202251618514818,8.2,max_steps,555
303,ppo,1000303,1130,diprotic,medium,acid,separated,2,3.065,1.975,0.05049007985867295,0,0,,1,0,0,1,0,3,0,0.0561030902438131,5.03,5.03,0.0,2.031103090243813,2.0300000000000002,measured_success,555
303,ppo,1000303,1131,monoprotic,near,acid,single,1,3.476,3.028,0.03469941416820543,5,3,0.045,1,1,0,1,0,8,5,0.041894120262428114,5.16,2.69,2.4700000000000006,2.986105879737572,2.99,measured_success,555
303,ppo,1000303,1132,triprotic,near,acid,separated,3,3.695,3.097,0.13144294200080361,0,0,,1,0,0,1,0,4,0,0.05193452740884874,4.82,4.82,0.0,3.1489345274088487,3.15,measured_success,555
303,ppo,1000303,1133,triprotic,medium,acid,separated,3,4.937,3.715,0.08021517723433981,0,0,,1,0,0,1,0,5,0,0.060115707326335865,8.46,8.46,0.0,3.7751157073263357,3.7800000000000002,measured_success,555
303,ppo,1000303,1134,triprotic,near,base,separated,3,5.977,6.422,0.11485616035388278,0,0,,1,0,0,1,0,20,0,0.09073516409977689,1.4100000000000008,0.0,1.4100000000000008,6.331264835900223,6.33,measured_success,555
303,ppo,1000303,1135,monoprotic,medium,acid,single,1,4.993,4.166,0.046156031633617596,1,0,1.63,1,0,0,1,0,3,1,0.09994545459774073,3.9499999999999997,3.26,0.69,4.06605454540226,4.07,measured_success,555
303,ppo,1000303,1136,diprotic,medium,acid,separated,2,3.168,1.889,0.032002278258265314,0,0,,1,1,0,1,0,1,0,0.001475830297059444,3.98,3.98,0.0,1.8904758302970595,1.8900000000000001,measured_success,555
303,ppo,1000303,1137,diprotic,near,base,separated,2,2.568,2.872,0.0664112747617904,0,0,,1,0,0,1,0,10,0,0.0764979689245191,0.8999999999999998,0.0,0.8999999999999998,2.795502031075481,2.8000000000000003,measured_success,555
303,ppo,1000303,1138,monoprotic,medium,acid,single,1,3.663,2.166,0.11644060019356467,2,0,0.22,1,1,0,1,0,4,2,0.035888782219265725,5.62,3.98,1.64,2.2018887822192657,2.2,measured_success,555
303,ppo,1000303,1139,monoprotic,medium,acid,single,1,4.992,3.071,0.040388568964354096,4,2,0.295,1,1,0,1,0,5,4,0.015175573907213025,11.690000000000001,6.49,5.2,3.086175573907213,3.09,measured_success,555
303,ppo,1000303,1140,diprotic,medium,acid,separated,2,3.638,2.868,0.08802385634632423,0,0,,1,0,0,1,0,7,0,0.08186954917513889,6.56,6.56,0.0,2.9498695491751388,2.95,measured_success,555
303,ppo,1000303,1141,monoprotic,far,acid,single,1,5.37,2.995,0.10485166251942782,5,2,0.09,1,1,0,1,0,8,5,0.039800557994875696,14.61,7.799999999999999,6.8100000000000005,2.9551994420051244,2.96,measured_success,555
303,ppo,1000303,1142,monoprotic,medium,acid,single,1,6.069,4.695,0.0405154509674484,5,2,0.115,1,0,0,1,0,7,5,0.08898371461476451,8.16,5.130000000000001,3.0300000000000002,4.606016285385236,4.61,measured_success,555
303,ppo,1000303,1143,diprotic,far,base,separated,2,5.116,8.147,0.15468869852193165,45,42,0.01,0,0,0,0,0,50,45,0.37243867535646835,16.91999999999999,4.989999999999996,11.929999999999994,8.519438675356469,8.52,max_steps,555
303,ppo,1000303,1144,monoprotic,near,base,single,1,6.437,6.703,0.0341177931638575,0,0,,1,1,0,1,0,4,0,0.041555156374990965,0.27,0.0,0.27,6.661444843625009,6.66,measured_success,555
303,ppo,1000303,1145,monoprotic,far,acid,single,1,4.557,1.666,0.11184775087776656,1,0,1.43,1,1,0,1,0,3,1,0.0024707781244828197,10.32,10.32,0.0,1.663529221875517,1.6600000000000001,measured_success,555
303,ppo,1000303,1146,diprotic,near,base,separated,2,2.735,2.998,0.10785381763362675,0,0,,0,0,0,1,1,14,0,0.10116791604349373,1.26,0.0,1.26,2.8968320839565065,2.9,measured_success,555
303,ppo,1000303,1147,monoprotic,medium,acid,single,1,4.738,3.848,0.03865882218402984,4,3,0.175,1,0,0,1,0,6,4,0.09053214316478808,7.57,4.13,3.44,3.938532143164788,3.94,measured_success,555
303,ppo,1000303,1148,monoprotic,far,acid,single,1,7.738,4.37,0.03037141850166895,48,43,0.01,0,0,0,0,0,50,48,0.12001669380551672,14.45999999999999,8.339999999999995,6.1199999999999966,4.490016693805517,4.49,max_steps,555
303,ppo,1000303,1149,monoprotic,medium,acid,single,1,4.057,2.174,0.04434570663047699,2,0,0.22,1,1,0,1,0,8,2,0.02145796716967796,9.299999999999999,5.3,3.9999999999999996,2.195457967169678,2.2,measured_success,555
303,ppo,1000303,1150,triprotic,medium,base,separated,3,3.113,4.71,0.12683520148202673,0,0,,1,1,0,1,0,5,0,0.014877498182712223,10.790000000000001,0.0,10.790000000000001,4.695122501817288,4.7,measured_success,555
303,ppo,1000303,1151,triprotic,near,acid,separated,3,4.281,3.628,0.061276466875287504,2,0,0.295,1,0,0,1,0,3,2,0.05367208590565298,3.86,3.27,0.59,3.681672085905653,3.68,measured_success,555
303,ppo,1000303,1152,monoprotic,medium,acid,single,1,6.192,4.614,0.10171032938143493,6,4,0.02,1,1,0,1,0,10,6,0.018808624379292205,12.04,6.55,5.49,4.632808624379292,4.63,measured_success,555
303,ppo,1000303,1153,triprotic,medium,base,separated,3,3.984,5.647,0.04922050449743077,2,0,0.13,1,1,0,1,0,5,2,0.025759224150471383,9.110000000000001,0.76,8.350000000000001,5.621240775849529,5.62,measured_success,555
303,ppo,1000303,1154,triprotic,medium,base,separated,3,3.284,4.548,0.06981208534940164,0,0,,1,1,0,1,0,3,0,0.044541444971958555,6.680000000000001,0.0,6.680000000000001,4.5034585550280415,4.5,measured_success,555
303,ppo,1000303,1155,triprotic,medium,base,separated,3,3.64,5.483,0.06613601154323208,0,0,,1,0,0,1,0,7,0,0.0957579717789967,6.290000000000002,0.0,6.290000000000002,5.387242028221003,5.39,measured_success,555
303,ppo,1000303,1156,diprotic,near,base,separated,2,6.011,6.619,0.04593893877489839,3,1,0.225,1,0,0,1,0,3,3,0.05965753862628986,3.54,1.03,2.5100000000000002,6.67865753862629,6.68,measured_success,555
303,ppo,1000303,1157,triprotic,medium,acid,separated,3,7.294,5.943,0.17950616773740966,0,0,,0,0,0,1,1,4,0,0.10001415331861097,4.489999999999999,4.489999999999999,0.0,6.043014153318611,6.04,measured_success,555
303,ppo,1000303,1158,monoprotic,near,base,single,1,2.484,3.155,0.03179653330341536,2,1,0.595,1,1,0,1,0,2,2,0.014092445497240202,3.57,1.19,2.38,3.1409075545027596,3.14,measured_success,555
303,ppo,1000303,1159,triprotic,medium,acid,separated,3,3.774,1.794,0.06760934060370702,1,0,0.605,1,1,0,1,0,3,1,0.038867826862428956,8.89,8.89,0.0,1.755132173137571,1.76,measured_success,555
303,ppo,1000303,1160,monoprotic,near,base,single,1,7.029,7.28,0.042297078450828085,0,0,,1,0,0,1,0,6,0,0.06619564137237166,0.36,0.0,0.36,7.213804358627629,7.21,measured_success,555
303,ppo,1000303,1161,triprotic,medium,base,separated,3,3.118,4.617,0.042562740209035256,0,0,,1,1,0,1,0,1,0,0.007196310155133112,4.0,0.0,4.0,4.609803689844867,4.61,measured_success,555
303,ppo,1000303,1162,triprotic,far,base,separated,3,6.26,8.843,0.1330576830435566,8,3,0.01,1,1,0,1,0,10,8,0.03871649729357429,13.229999999999997,4.279999999999999,8.949999999999998,8.804283502706426,8.8,measured_success,555
303,ppo,1000303,1163,triprotic,near,base,overlapping,3,1.666,1.967,0.052018086236450774,0,0,,0,0,0,1,1,9,0,0.10181219015768006,2.79,0.0,2.79,1.86518780984232,1.87,measured_success,555
303,ppo,1000303,1164,triprotic,near,acid,separated,3,3.441,3.165,0.11587338997451126,0,0,,1,0,0,1,0,25,0,0.0989275260878868,2.22,2.22,0.0,3.263927526087887,3.2600000000000002,measured_success,555
303,ppo,1000303,1165,monoprotic,medium,acid,single,1,6.892,5.518,0.03932817484563714,5,2,0.035,1,1,0,1,0,7,5,0.003899189499402489,6.88,4.54,2.34,5.514100810500597,5.51,measured_success,555
303,ppo,1000303,1166,monoprotic,medium,acid,single,1,7.634,6.707,0.08356360318933496,0,0,,1,0,0,1,0,2,0,0.0799004373473311,3.2,3.2,0.0,6.786900437347331,6.79,measured_success,555
303,ppo,1000303,1167,diprotic,medium,base,separated,2,2.467,3.941,0.10534522620777928,0,0,,1,0,0,1,0,16,0,0.0925793864952178,15.309999999999993,0.0,15.309999999999993,3.848420613504782,3.85,measured_success,555
303,ppo,1000303,1168,triprotic,near,acid,separated,3,8.177,7.782,0.09876791878947067,0,0,,1,0,0,1,0,36,0,0.09701263501299096,0.7200000000000003,0.7200000000000003,0.0,7.879012635012991,7.88,measured_success,555
303,ppo,1000303,1169,diprotic,medium,base,overlapping,2,3.435,4.777,0.06054130923012732,0,0,,0,0,0,1,1,7,0,0.10100183126147488,9.009999999999998,0.0,9.009999999999998,4.675998168738525,4.68,measured_success,555
303,ppo,1000303,1170,monoprotic,medium,acid,single,1,5.868,4.335,0.05177176977111262,4,2,0.13,1,0,0,1,0,9,4,0.08092218478442614,9.02,5.619999999999999,3.4000000000000004,4.415922184784426,4.42,measured_success,555
303,ppo,1000303,1171,monoprotic,near,acid,single,1,4.731,4.056,0.12370277211754968,4,1,0.045,1,1,0,1,0,6,4,0.02510000148713143,4.94,2.8200000000000003,2.12,4.0811000014871315,4.08,measured_success,555
303,ppo,1000303,1172,diprotic,near,base,separated,2,2.54,3.046,0.10914456153817967,0,0,,1,0,0,1,0,8,0,0.08978158490803922,4.05,0.0,4.05,2.9562184150919606,2.96,measured_success,555
303,ppo,1000303,1173,monoprotic,medium,acid,single,1,7.124,5.333,0.10026454604487388,5,3,0.045,1,1,0,1,0,8,5,0.03270368082390007,11.96,6.55,5.41,5.3002963191761,5.3,measured_success,555
303,ppo,1000303,1174,diprotic,medium,acid,separated,2,5.831,4.775,0.04130959684013208,2,0,0.71,1,0,0,1,0,3,2,0.053527034986950994,5.13,3.71,1.42,4.828527034986951,4.83,measured_success,555
303,ppo,1000303,1175,triprotic,medium,base,separated,3,3.833,5.331,0.14196722572499804,0,0,,1,0,0,1,0,10,0,0.07826524217500275,13.859999999999996,0.0,13.859999999999996,5.252734757824998,5.25,measured_success,555
303,ppo,1000303,1176,monoprotic,near,base,single,1,4.024,4.48,0.05164645736516517,0,0,,1,0,0,1,0,11,0,0.0632197489364863,0.8400000000000001,0.0,0.8400000000000001,4.416780251063514,4.42,measured_success,555
303,ppo,1000303,1177,diprotic,far,acid,separated,2,5.998,3.241,0.08260636013049866,0,0,,1,0,0,1,0,9,0,0.058873727861556535,20.41,20.41,0.0,3.2998737278615566,3.3000000000000003,measured_success,555
303,ppo,1000303,1178,monoprotic,near,acid,single,1,4.544,4.031,0.049161414628893584,2,0,0.325,1,1,0,1,0,2,2,0.013866200654615746,2.71,2.06,0.65,4.044866200654615,4.04,measured_success,555
303,ppo,1000303,1179,monoprotic,near,base,single,1,5.087,5.576,0.03832117262526541,0,0,,1,0,0,1,0,19,0,0.07774940749177173,1.2200000000000006,0.0,1.2200000000000006,5.498250592508228,5.5,measured_success,555
303,ppo,1000303,1180,triprotic,medium,base,separated,3,2.601,4.015,0.07942054126204871,0,0,,1,1,0,1,0,4,0,0.04541114187329942,4.8100000000000005,0.0,4.8100000000000005,3.9695888581267003,3.97,measured_success,555
303,ppo,1000303,1181,diprotic,near,acid,separated,2,5.571,4.957,0.1711542868471067,0,0,,1,0,0,1,0,9,0,0.07686882083514757,6.08,6.08,0.0,5.033868820835147,5.03,measured_success,555
303,ppo,1000303,1182,triprotic,medium,acid,separated,3,6.332,4.826,0.07452550247453459,0,0,,1,1,0,1,0,5,0,0.04213889684539307,5.6000000000000005,5.6000000000000005,0.0,4.868138896845393,4.87,measured_success,555
303,ppo,1000303,1183,monoprotic,near,acid,single,1,5.249,4.838,0.15459272538158503,0,0,,1,0,0,1,0,40,0,0.08943997009088189,2.3600000000000017,2.3600000000000017,0.0,4.927439970090882,4.93,measured_success,555
303,ppo,1000303,1184,triprotic,medium,base,separated,3,7.949,9.416,0.05372602750840252,6,3,0.015,1,0,0,1,0,9,6,0.0686956912259511,13.4,6.49,6.91,9.34730430877405,9.35,measured_success,555
303,ppo,1000303,1185,monoprotic,medium,acid,single,1,3.38,1.581,0.17089077472046282,0,0,,0,0,0,1,1,19,0,0.10287975343050437,24.779999999999994,24.779999999999994,0.0,1.6838797534305043,1.68,measured_success,555
303,ppo,1000303,1186,monoprotic,medium,base,single,1,5.642,7.186,0.1305725290342865,2,2,0.225,1,0,0,1,0,5,2,0.08161724133981707,8.74,1.37,7.37,7.104382758660183,7.1000000000000005,measured_success,555
303,ppo,1000303,1187,triprotic,medium,acid,separated,3,3.711,1.873,0.030464834879062968,0,0,,1,1,0,1,0,2,0,0.03472265756409576,5.91,5.91,0.0,1.9077226575640958,1.9100000000000001,measured_success,555
303,ppo,1000303,1188,triprotic,medium,base,separated,3,1.887,3.104,0.11982025889413896,0,0,,1,0,0,1,0,12,0,0.09881577010606435,11.340000000000002,0.0,11.340000000000002,3.0051842298939357,3.0100000000000002,measured_success,555
303,ppo,1000303,1189,monoprotic,near,base,single,1,5.299,5.592,0.11427152692491144,0,0,,1,0,0,1,0,27,0,0.09629388812442752,1.670000000000001,0.0,1.670000000000001,5.495706111875572,5.5,measured_success,555
303,ppo,1000303,1190,monoprotic,medium,acid,single,1,7.588,5.75,0.10125238539390534,2,1,0.1,1,0,0,1,0,4,2,0.08185937681429856,5.99,5.79,0.2,5.831859376814299,5.83,measured_success,555
303,ppo,1000303,1191,triprotic,near,base,separated,3,4.23,4.8,0.10248688860616414,0,0,,0,0,0,0,0,50,0,0.24716810129820477,4.229999999999997,0.0,4.229999999999997,4.552831898701795,4.55,max_steps,555
303,ppo,1000303,1192,triprotic,near,acid,separated,3,2.035,1.628,0.04815755076585099,0,0,,1,0,0,1,0,1,0,0.08282767250033918,2.98,2.98,0.0,1.710827672500339,1.71,measured_success,555
303,ppo,1000303,1193,diprotic,medium,base,separated,2,5.724,7.701,0.16419620459279805,2,1,0.55,1,1,0,1,0,5,2,0.04821161488793546,16.16,1.1,15.059999999999999,7.652788385112064,7.65,measured_success,555
303,ppo,1000303,1194,diprotic,near,acid,separated,2,5.035,4.346,0.17310684489189568,0,0,,1,0,0,1,0,6,0,0.06678564299831713,4.95,4.95,0.0,4.412785642998317,4.41,measured_success,555
303,ppo,1000303,1195,diprotic,near,base,separated,2,2.8,3.438,0.03329727831237192,1,1,0.295,1,1,0,1,0,3,1,0.0358595184670798,1.94,0.29,1.65,3.47385951846708,3.47,measured_success,555
303,ppo,1000303,1196,triprotic,near,acid,separated,3,8.116,7.819,0.11788091739431716,0,0,,1,0,0,1,0,35,0,0.09591731662410918,0.7000000000000003,0.7000000000000003,0.0,7.914917316624109,7.91,measured_success,555
303,ppo,1000303,1197,monoprotic,medium,base,single,1,6.176,7.784,0.04005063557443882,3,2,0.66,1,0,0,1,0,4,3,0.05181624455762357,9.879999999999999,3.26,6.62,7.835816244557623,7.84,measured_success,555
303,ppo,1000303,1198,monoprotic,far,acid,single,1,8.27,5.992,0.1550199464864843,3,2,0.145,1,1,0,1,0,7,2,0.0020219911977799043,14.57,12.27,2.3,5.99402199119778,5.99,measured_success,555
303,ppo,1000303,1199,monoprotic,near,acid,single,1,2.786,2.519,0.1111537455917694,0,0,,1,0,0,1,0,1,0,0.07062342300200886,2.06,2.06,0.0,2.589623423002009,2.59,measured_success,555
303,ppo,1000303,1200,triprotic,medium,base,separated,3,4.272,6.129,0.062402895045148905,0,0,,1,0,0,1,0,1,0,0.06549224719841895,5.69,0.0,5.69,6.063507752801581,6.0600000000000005,measured_success,555
303,ppo,1000303,1201,diprotic,near,acid,separated,2,4.674,4.171,0.11413020911526431,0,0,,1,0,0,1,0,1,0,0.09789342643720378,2.06,2.06,0.0,4.268893426437204,4.2700000000000005,measured_success,555
303,ppo,1000303,1202,monoprotic,near,acid,single,1,2.301,1.698,0.06526137383430232,0,0,,1,1,0,1,0,3,0,0.0491319195694917,4.38,4.38,0.0,1.7471319195694917,1.75,measured_success,555
303,ppo,1000303,1203,diprotic,medium,acid,separated,2,6.183,4.37,0.11656351562283934,0,0,,1,0,0,1,0,7,0,0.07217469780235053,11.56,11.56,0.0,4.442174697802351,4.44,measured_success,555
303,ppo,1000303,1204,diprotic,medium,base,separated,2,3.571,5.111,0.1029671043746761,1,0,0.295,1,1,0,1,0,6,1,0.014972168499533645,12.299999999999999,0.0,12.299999999999999,5.125972168499533,5.13,measured_success,555
303,ppo,1000303,1205,triprotic,near,acid,separated,3,4.167,3.723,0.17902807969979492,0,0,,1,0,0,1,0,12,0,0.09411896551351795,6.799999999999998,6.799999999999998,0.0,3.817118965513518,3.8200000000000003,measured_success,555
303,ppo,1000303,1206,monoprotic,medium,acid,single,1,8.514,7.004,0.0764342393671525,0,0,,0,0,1,0,0,50,0,1.187601329938511,1.500000000000001,1.500000000000001,0.0,8.19160132993851,8.19,max_steps,555
303,ppo,1000303,1207,triprotic,near,base,overlapping,3,4.785,4.997,0.03491376107243152,0,0,,1,0,0,1,0,5,0,0.09421787395321601,0.3,0.0,0.3,4.902782126046784,4.9,measured_success,555
303,ppo,1000303,1208,diprotic,near,base,separated,2,3.378,3.912,0.06192682813156,0,0,,1,0,0,1,0,32,0,0.08640456829171672,2.8799999999999994,0.0,2.8799999999999994,3.825595431708283,3.83,measured_success,555
303,ppo,1000303,1209,triprotic,medium,base,separated,3,4.018,5.125,0.08004457755208463,0,0,,1,0,0,1,0,8,0,0.08846538960684924,10.539999999999997,0.0,10.539999999999997,5.036534610393151,5.04,measured_success,555
303,ppo,1000303,1210,monoprotic,medium,base,single,1,4.988,6.669,0.07993216466739328,1,0,2.845,1,0,0,1,0,1,1,0.09376202175600579,5.69,0.0,5.69,6.762762021756005,6.76,measured_success,555
303,ppo,1000303,1211,diprotic,near,base,separated,2,3.002,3.331,0.038957236486335284,0,0,,1,0,0,1,0,11,0,0.07693631105424847,0.9899999999999998,0.0,0.9899999999999998,3.2540636889457515,3.25,measured_success,555
303,ppo,1000303,1212,monoprotic,near,acid,single,1,4.09,3.493,0.04364223138338065,3,1,0.225,1,0,0,1,0,3,3,0.07011195245930102,3.54,2.5100000000000002,1.03,3.422888047540699,3.42,measured_success,555
303,ppo,1000303,1213,triprotic,near,acid,separated,3,5.36,5.073,0.03251892464271753,0,0,,1,0,0,1,0,7,0,0.09408277090143358,0.38,0.38,0.0,5.167082770901434,5.17,measured_success,555
303,ppo,1000303,1214,diprotic,far,base,separated,2,5.293,9.009,0.043452471390282126,43,41,0.01,0,0,1,0,0,50,43,0.5009203869094385,20.61999999999999,10.059999999999993,10.559999999999997,9.509920386909439,9.51,max_steps,555
303,ppo,1000303,1215,monoprotic,medium,acid,single,1,5.518,3.891,0.07733408606242854,5,2,0.115,1,0,0,1,0,6,5,0.07497327197168335,9.5,6.640000000000001,2.8600000000000003,3.8160267280283167,3.8200000000000003,measured_success,555
303,ppo,1000303,1216,triprotic,near,base,separated,3,2.183,2.546,0.05938768467887994,0,0,,1,0,0,1,0,3,0,0.05518948838620075,1.3800000000000001,0.0,1.3800000000000001,2.490810511613799,2.49,measured_success,555
303,ppo,1000303,1217,diprotic,near,acid,separated,2,5.852,5.231,0.06021235095950515,1,0,1.03,1,0,0,1,0,1,1,0.057322856642143094,2.06,2.06,0.0,5.173677143357857,5.17,measured_success,555
303,ppo,1000303,1218,monoprotic,near,acid,single,1,4.874,4.2,0.06941952692963532,0,0,,1,1,0,1,0,1,0,0.044256568273081776,2.06,2.06,0.0,4.244256568273082,4.24,measured_success,555
303,ppo,1000303,1219,monoprotic,far,acid,single,1,5.511,2.908,0.0823730671512779,5,2,0.075,1,1,0,1,0,7,5,0.011820336863146874,12.209999999999999,7.71,4.499999999999999,2.896179663136853,2.9,measured_success,555
303,ppo,1000303,1220,diprotic,near,base,separated,2,5.777,6.331,0.08084251458302519,1,0,0.57,1,1,0,1,0,2,1,0.024878634135400368,3.2,0.0,3.2,6.355878634135401,6.36,measured_success,555
303,ppo,1000303,1221,monoprotic,medium,base,single,1,6.159,7.926,0.15807651091609606,4,1,0.22,1,0,0,1,0,8,4,0.07829804855304268,11.95,3.28,8.67,7.8477019514469575,7.8500000000000005,measured_success,555
303,ppo,1000303,1222,monoprotic,far,base,single,1,7.606,11.198,0.1462789808645859,4,1,0.22,1,0,0,1,0,6,4,0.05865858592544981,17.72,2.75,14.97,11.13934141407455,11.14,measured_success,555
303,ppo,1000303,1223,diprotic,medium,base,separated,2,3.048,4.758,0.05853203903843778,0,0,,1,0,0,1,0,5,0,0.09904886815388192,9.33,0.0,9.33,4.658951131846118,4.66,measured_success,555
303,ppo,1000303,1224,diprotic,far,base,separated,2,3.847,6.155,0.1690660473239177,0,0,,1,0,0,1,0,5,0,0.07531702935898732,15.61,0.0,15.61,6.079682970641013,6.08,measured_success,555
303,ppo,1000303,1225,monoprotic,medium,acid,single,1,4.621,3.124,0.054381796706362506,5,1,0.045,1,0,0,1,0,7,5,0.05059977551374795,11.940000000000001,6.75,5.19,3.073400224486252,3.0700000000000003,measured_success,555
303,ppo,1000303,1226,diprotic,medium,base,separated,2,4.681,6.577,0.05796856819097625,1,0,2.845,1,0,0,1,0,2,1,0.0860428650766849,5.920000000000001,0.23,5.69,6.663042865076685,6.66,measured_success,555
303,ppo,1000303,1227,triprotic,medium,acid,separated,3,3.418,2.573,0.06476949630969157,1,0,0.71,1,0,0,1,0,2,1,0.07393277909195684,4.359999999999999,4.359999999999999,0.0,2.499067220908043,2.5,measured_success,555
303,ppo,1000303,1228,monoprotic,near,acid,single,1,2.226,1.923,0.13675477969567795,0,0,,1,0,0,1,0,1,0,0.09391869216354909,2.98,2.98,0.0,2.016918692163549,2.02,measured_success,555
303,ppo,1000303,1229,diprotic,near,base,separated,2,2.103,2.356,0.06555773548580629,0,0,,1,0,0,1,0,4,0,0.057738128523678434,1.02,0.0,1.02,2.2982618714763214,2.3000000000000003,measured_success,555
303,ppo,1000303,1230,monoprotic,near,base,single,1,8.142,8.761,0.13718235395431355,0,0,,0,0,0,0,0,50,0,0.20694609122876173,3.000000000000002,0.0,3.000000000000002,8.554053908771238,8.55,max_steps,555
303,ppo,1000303,1231,diprotic,near,base,separated,2,3.725,4.092,0.1201112397872438,0,0,,1,0,0,1,0,30,0,0.09520988262546659,2.6399999999999997,0.0,2.6399999999999997,3.996790117374533,4.0,measured_success,555
303,ppo,1000303,1232,monoprotic,near,acid,single,1,7.015,6.442,0.117847352547359,0,0,,1,0,0,1,0,3,0,0.09577774715975984,3.81,3.81,0.0,6.53777774715976,6.54,measured_success,555
303,ppo,1000303,1233,monoprotic,far,base,single,1,6.952,10.714,0.055332073012540096,3,1,0.11,1,0,0,1,0,7,3,0.06543928908235408,12.989999999999998,4.2299999999999995,8.76,10.779439289082354,10.78,measured_success,555
303,ppo,1000303,1234,diprotic,near,base,separated,2,2.943,3.583,0.17103103322282445,0,0,,1,0,0,1,0,10,0,0.07942080452893663,6.8500000000000005,0.0,6.8500000000000005,3.5035791954710636,3.5,measured_success,555
303,ppo,1000303,1235,diprotic,medium,base,separated,2,4.338,5.223,0.04565102208600904,1,0,0.62,1,0,0,1,0,2,1,0.07321146574566395,3.55,0.0,3.55,5.296211465745664,5.3,measured_success,555
303,ppo,1000303,1236,triprotic,medium,acid,separated,3,4.648,3.709,0.1132347394976826,0,0,,1,0,0,1,0,9,0,0.07140458019508378,8.98,8.98,0.0,3.780404580195084,3.7800000000000002,measured_success,555
303,ppo,1000303,1237,monoprotic,medium,acid,single,1,8.788,7.048,0.04627842587216041,0,0,,0,0,1,0,0,50,0,1.2246243146654958,1.500000000000001,1.500000000000001,0.0,8.272624314665496,8.27,max_steps,555
303,ppo,1000303,1238,monoprotic,medium,base,single,1,6.619,7.59,0.1440548296602694,2,0,0.22,1,1,0,1,0,4,2,0.01833660472862242,7.24,0.44,6.8,7.571663395271377,7.57,measured_success,555
303,ppo,1000303,1239,diprotic,medium,acid,separated,2,4.823,3.773,0.050784183800523956,0,0,,1,0,0,1,0,1,0,0.05862501210729887,3.24,3.24,0.0,3.831625012107299,3.83,measured_success,555
303,ppo,1000303,1240,diprotic,far,base,separated,2,2.504,4.856,0.04388031288516333,0,0,,1,0,0,1,0,4,0,0.08293399272966084,7.470000000000001,0.0,7.470000000000001,4.773066007270339,4.7700000000000005,measured_success,555
303,ppo,1000303,1241,diprotic,medium,base,separated,2,5.95,7.816,0.10784280014395377,0,0,,1,0,0,1,0,2,0,0.07481567578728932,9.59,0.0,9.59,7.7411843242127105,7.74,measured_success,555
303,ppo,1000303,1242,diprotic,medium,acid,separated,2,4.304,3.289,0.05645118528276965,1,0,1.62,1,1,0,1,0,1,1,0.025362205655407255,3.24,3.24,0.0,3.263637794344593,3.2600000000000002,measured_success,555
303,ppo,1000303,1243,triprotic,medium,acid,separated,3,3.026,1.742,0.03192199263954084,0,0,,1,0,0,1,0,1,0,0.08338713570696044,3.98,3.98,0.0,1.8253871357069604,1.83,measured_success,555
303,ppo,1000303,1244,diprotic,medium,base,separated,2,6.632,7.833,0.12938146041430199,1,0,0.57,1,1,0,1,0,3,1,0.013341710141345331,7.2,0.0,7.2,7.8463417101413455,7.8500000000000005,measured_success,555
303,ppo,1000303,1245,monoprotic,far,base,single,1,5.761,8.219,0.03926485824196027,7,3,0.02,1,1,0,1,0,10,6,0.0037322782158373258,15.859999999999998,6.5,9.359999999999998,8.215267721784162,8.22,measured_success,555
303,ppo,1000303,1246,diprotic,far,base,separated,2,7.415,11.139,0.08557714577280943,3,0,0.415,1,1,0,1,0,6,3,0.010672937608454447,15.84,7.589999999999999,8.25,11.149672937608454,11.15,measured_success,555
303,ppo,1000303,1247,monoprotic,medium,base,single,1,7.186,8.21,0.03898265126162099,1,0,0.03,1,0,0,1,0,12,1,0.08280834799829861,0.99,0.0,0.99,8.2928083479983,8.290000000000001,measured_success,555
303,ppo,1000303,1248,monoprotic,medium,acid,single,1,3.208,1.732,0.061481445687958686,0,0,,1,0,0,1,0,3,0,0.07860721160611983,7.41,7.41,0.0,1.8106072116061198,1.81,measured_success,555
303,ppo,1000303,1249,diprotic,near,base,separated,2,4.353,4.773,0.12646037019908743,0,0,,1,0,0,1,0,42,0,0.0919950534445153,2.8800000000000012,0.0,2.8800000000000012,4.681004946555484,4.68,measured_success,555
303,ppo,1000303,1250,diprotic,near,acid,separated,2,4.792,4.362,0.05013823848794473,0,0,,1,0,0,1,0,17,0,0.09411579615615473,0.9800000000000004,0.9800000000000004,0.0,4.456115796156155,4.46,measured_success,555
303,ppo,1000303,1251,triprotic,medium,base,overlapping,3,4.256,5.91,0.03641284654786565,5,1,0.13,1,1,0,1,0,7,6,0.0015255044078248403,10.469999999999999,3.3099999999999996,7.16,5.908474495592175,5.91,measured_success,555
303,ppo,1000303,1252,monoprotic,medium,base,single,1,9.718,11.549,0.1621472663681771,0,0,,1,0,0,1,0,12,0,0.06506224712448017,0.9500000000000004,0.0,0.9500000000000004,11.48393775287552,11.48,measured_success,555
303,ppo,1000303,1253,monoprotic,near,acid,single,1,4.194,3.52,0.035506511161856096,1,0,1.225,1,1,0,1,0,2,1,0.0009824744265762853,3.04,2.45,0.59,3.5190175255734237,3.52,measured_success,555
303,ppo,1000303,1254,monoprotic,medium,base,single,1,2.299,3.569,0.030633008834940283,3,0,0.22,1,1,0,1,0,6,3,0.037219262519481155,5.88,1.75,4.13,3.606219262519481,3.61,measured_success,555
303,ppo,1000303,1255,diprotic,near,acid,separated,2,4.204,3.658,0.030355330645796746,1,0,1.03,1,0,0,1,0,1,1,0.09300514031194806,2.06,2.06,0.0,3.564994859688052,3.56,measured_success,555
303,ppo,1000303,1256,diprotic,near,base,separated,2,2.312,2.622,0.03166852918793621,0,0,,1,1,0,1,0,3,0,0.01919370721820446,0.71,0.0,0.71,2.6028062927817954,2.6,measured_success,555
303,ppo,1000303,1257,triprotic,medium,base,separated,3,5.493,6.931,0.06331955194184603,0,0,,1,0,0,1,0,5,0,0.06100963145622185,9.17,0.0,9.17,6.869990368543778,6.87,measured_success,555
303,ppo,1000303,1258,triprotic,medium,acid,separated,3,3.964,2.883,0.06866325210889172,1,0,0.36,1,1,0,1,0,3,1,0.029984581141612843,5.6,5.6,0.0,2.853015418858387,2.85,measured_success,555
303,ppo,1000303,1259,triprotic,near,base,separated,3,5.677,6.227,0.09152881083587187,0,0,,0,0,0,1,1,1,0,0.1008385185969356,2.06,0.0,2.06,6.126161481403065,6.13,measured_success,555
303,ppo,1000303,1260,diprotic,near,base,separated,2,5.729,6.255,0.03331790861911868,0,0,,1,0,0,1,0,15,0,0.0702153031095536,1.1000000000000005,0.0,1.1000000000000005,6.184784696890446,6.18,measured_success,555
303,ppo,1000303,1261,monoprotic,near,base,single,1,7.276,7.712,0.055904588278016226,0,0,,1,0,0,1,0,16,0,0.08577134457926583,0.9600000000000004,0.0,0.9600000000000004,7.626228655420734,7.63,measured_success,555
303,ppo,1000303,1262,triprotic,near,base,separated,3,7.806,8.397,0.10539651654276942,0,0,,1,0,0,1,0,13,0,0.05229856873958205,0.7800000000000002,0.0,0.7800000000000002,8.344701431260418,8.34,measured_success,555
303,ppo,1000303,1263,triprotic,medium,acid,separated,3,4.804,4.02,0.03436572713805833,1,0,1.63,1,0,0,1,0,3,1,0.06208770125996477,3.9499999999999997,3.26,0.69,3.957912298740035,3.96,measured_success,555
303,ppo,1000303,1264,triprotic,near,acid,separated,3,4.275,3.92,0.030189539759761057,0,0,,1,0,0,1,0,11,0,0.08213398773660252,0.6600000000000001,0.6600000000000001,0.0,4.0021339877366024,4.0,measured_success,555
303,ppo,1000303,1265,diprotic,far,base,separated,2,6.707,9.667,0.061980256714315785,7,5,0.01,1,1,0,1,0,12,7,0.02295548126360991,14.889999999999999,5.17,9.719999999999999,9.68995548126361,9.69,measured_success,555
303,ppo,1000303,1266,diprotic,near,base,separated,2,4.718,4.975,0.08852044975390398,0,0,,1,0,0,1,0,19,0,0.0962077895643958,1.1400000000000006,0.0,1.1400000000000006,4.878792210435604,4.88,measured_success,555
303,ppo,1000303,1267,diprotic,medium,acid,separated,2,4.546,2.637,0.11063863473598085,0,0,,1,0,0,1,0,4,0,0.09760783565710218,11.98,11.98,0.0,2.734607835657102,2.73,measured_success,555
303,ppo,1000303,1268,monoprotic,medium,acid,single,1,3.461,2.091,0.035268111756882554,1,0,1.99,1,0,0,1,0,2,1,0.05556389165848685,4.59,3.98,0.61,2.0354361083415133,2.04,measured_success,555
303,ppo,1000303,1269,triprotic,near,acid,separated,3,1.954,1.665,0.08692595905695437,0,0,,1,1,0,1,0,1,0,0.022413364483836684,2.98,2.98,0.0,1.6874133644838367,1.69,measured_success,555
303,ppo,1000303,1270,diprotic,near,base,separated,2,5.276,5.832,0.04367011197448951,0,0,,1,0,0,1,0,21,0,0.0922909877779281,1.4400000000000008,0.0,1.4400000000000008,5.739709012222072,5.74,measured_success,555
303,ppo,1000303,1271,triprotic,far,base,separated,3,4.085,6.586,0.0717757526280293,0,0,,1,0,0,1,0,4,0,0.06460849366405341,13.41,0.0,13.41,6.521391506335947,6.5200000000000005,measured_success,555
303,ppo,1000303,1272,diprotic,medium,base,separated,2,5.65,6.979,0.03315674424539344,2,1,0.57,1,0,0,1,0,6,2,0.0716339161455517,8.4,3.24,5.16,6.907366083854448,6.91,measured_success,555
303,ppo,1000303,1273,monoprotic,medium,base,single,1,5.706,7.607,0.05727502856068582,6,4,0.015,1,0,0,1,0,15,6,0.06374489841178477,14.919999999999998,7.319999999999999,7.6,7.543255101588215,7.54,measured_success,555
303,ppo,1000303,1274,triprotic,medium,acid,overlapping,3,4.996,3.938,0.06428408981880011,1,0,1.62,1,0,0,1,0,4,1,0.07005226892435124,4.220000000000001,3.24,0.98,3.867947731075649,3.87,measured_success,555
303,ppo,1000303,1275,monoprotic,far,acid,single,1,8.36,5.289,0.15917911617152058,3,1,0.2,1,1,0,1,0,11,3,0.005780165889921918,21.51,18.48,3.03,5.283219834110078,5.28,measured_success,555
303,ppo,1000303,1276,diprotic,far,acid,separated,2,4.215,1.681,0.1666462245479591,0,0,,1,0,0,1,0,2,0,0.05356904620402547,7.46,7.46,0.0,1.7345690462040255,1.73,measured_success,555
303,ppo,1000303,1277,triprotic,near,acid,separated,3,4.097,3.776,0.063939044141112,0,0,,1,0,0,1,0,18,0,0.09009545565073118,1.0800000000000005,1.0800000000000005,0.0,3.866095455650731,3.87,measured_success,555
303,ppo,1000303,1278,triprotic,medium,base,separated,3,8.1,9.584,0.04283725848710344,5,3,0.1,1,1,0,1,0,7,5,0.015228481612641787,13.280000000000001,6.46,6.82,9.599228481612641,9.6,measured_success,555
303,ppo,1000303,1279,monoprotic,medium,acid,single,1,9.681,7.804,0.12652211466213412,0,0,,0,0,1,0,0,50,0,1.3376821501757181,1.500000000000001,1.500000000000001,0.0,9.141682150175718,9.14,max_steps,555
303,ppo,1000303,1280,monoprotic,medium,acid,single,1,4.759,2.783,0.14503589677990153,5,3,0.075,1,1,0,1,0,6,5,0.020220290233929905,9.98,8.47,1.51,2.76277970976607,2.7600000000000002,measured_success,555
303,ppo,1000303,1281,diprotic,medium,base,separated,2,3.978,5.3,0.09874952468092331,0,0,,1,0,0,1,0,4,0,0.06001509623431911,8.73,0.0,8.73,5.239984903765681,5.24,measured_success,555
303,ppo,1000303,1282,diprotic,medium,base,separated,2,1.956,2.87,0.048678754320591516,1,0,0.57,1,1,0,1,0,2,1,0.035059442041180944,3.5199999999999996,0.0,3.5199999999999996,2.905059442041181,2.91,measured_success,555
303,ppo,1000303,1283,diprotic,medium,acid,separated,2,5.533,3.704,0.03265977792585306,1,0,2.65,1,1,0,1,0,2,1,0.021718231409857847,7.52,5.3,2.22,3.6822817685901423,3.68,measured_success,555
303,ppo,1000303,1284,triprotic,far,base,separated,3,5.916,9.084,0.15205567062420544,5,1,0.1,0,0,0,1,1,9,5,0.10074383025841271,20.86,4.35,16.51,9.184743830258412,9.18,measured_success,555
303,ppo,1000303,1285,diprotic,near,acid,overlapping,2,3.135,2.927,0.08092873260521165,0,0,,1,0,0,1,0,8,0,0.08487865794078564,0.7199999999999999,0.7199999999999999,0.0,3.0118786579407857,3.0100000000000002,measured_success,555
303,ppo,1000303,1286,triprotic,medium,acid,separated,3,4.171,3.202,0.133267811060385,0,0,,1,0,0,1,0,4,0,0.07085521355003799,7.390000000000001,7.390000000000001,0.0,3.272855213550038,3.27,measured_success,555
303,ppo,1000303,1287,monoprotic,medium,base,single,1,8.415,10.061,0.08712756218458649,5,5,0.1,1,0,0,1,0,10,5,0.09708921333649556,13.89,6.239999999999999,7.65,10.158089213336496,10.16,measured_success,555
303,ppo,1000303,1288,monoprotic,near,acid,single,1,6.621,5.97,0.06979577721297442,3,3,0.145,1,1,0,1,0,7,3,0.00886293495682633,5.09,2.8000000000000003,2.29,5.961137065043173,5.96,measured_success,555
303,ppo,1000303,1289,diprotic,medium,base,separated,2,3.122,4.472,0.12325312742319902,0,0,,1,0,0,1,0,8,0,0.09080711561737242,10.189999999999998,0.0,10.189999999999998,4.381192884382628,4.38,measured_success,555
303,ppo,1000303,1290,diprotic,medium,acid,separated,2,2.798,1.961,0.051189954270050804,0,0,,1,0,0,1,0,3,0,0.08139932004327144,5.0,5.0,0.0,2.0423993200432715,2.04,measured_success,555
303,ppo,1000303,1291,triprotic,near,acid,separated,3,4.941,4.27,0.04134880142188637,2,0,0.325,1,1,0,1,0,2,2,0.009587326055280343,2.71,2.06,0.65,4.27958732605528,4.28,measured_success,555
303,ppo,1000303,1292,monoprotic,medium,base,single,1,2.504,3.729,0.03965582315211462,4,1,0.13,1,0,0,1,0,7,4,0.05746593481075646,5.92,2.05,3.8699999999999997,3.6715340651892436,3.67,measured_success,555
303,ppo,1000303,1293,triprotic,far,base,separated,3,7.263,10.317,0.12202664956069312,5,5,0.045,1,1,0,1,0,10,5,0.01020969004132155,16.87,6.92,9.950000000000001,10.327209690041322,10.33,measured_success,555
303,ppo,1000303,1294,diprotic,near,base,overlapping,2,3.879,4.123,0.11264316276648033,0,0,,1,0,0,1,0,24,0,0.09572117096115296,2.0100000000000007,0.0,2.0100000000000007,4.027278829038847,4.03,measured_success,555
303,ppo,1000303,1295,monoprotic,medium,acid,single,1,4.605,2.96,0.036986849491911854,5,4,0.145,1,1,0,1,0,8,5,0.04817694427466179,12.66,6.75,5.91,2.911823055725338,2.91,measured_success,555
303,ppo,1000303,1296,monoprotic,near,base,single,1,6.833,7.521,0.0555277839247578,1,0,0.57,1,0,0,1,0,2,1,0.08113332256267025,3.2,0.0,3.2,7.60213332256267,7.6000000000000005,measured_success,555
303,ppo,1000303,1297,diprotic,far,acid,separated,2,5.707,2.859,0.043421372117811496,0,0,,1,0,0,1,0,5,0,0.08839796948008516,8.520000000000001,8.520000000000001,0.0,2.947397969480085,2.95,measured_success,555
303,ppo,1000303,1298,diprotic,near,base,separated,2,3.987,4.565,0.0668675665115101,0,0,,1,0,0,1,0,25,0,0.09491286473347227,2.0100000000000007,0.0,2.0100000000000007,4.470087135266528,4.47,measured_success,555
303,ppo,1000303,1299,triprotic,medium,acid,separated,3,3.016,2.142,0.046213921955014066,2,0,0.295,1,0,0,1,0,2,2,0.06687298335807368,3.53,2.94,0.59,2.2088729833580736,2.21,measured_success,555
303,ppo,1000303,1300,monoprotic,near,base,single,1,4.996,5.543,0.06032284854391873,0,0,,1,0,0,1,0,21,0,0.09762151168032762,1.3600000000000008,0.0,1.3600000000000008,5.4453784883196725,5.45,measured_success,555
303,ppo,1000303,1301,triprotic,medium,base,separated,3,5.155,7.129,0.03365886098279517,4,2,0.335,1,1,0,1,0,4,4,0.02682886292923925,10.39,3.36,7.03,7.10217113707076,7.1000000000000005,measured_success,555
303,ppo,1000303,1302,diprotic,near,base,separated,2,5.448,6.094,0.16043908819319425,0,0,,1,1,0,1,0,4,0,0.012153136367017758,5.05,0.0,5.05,6.0818468636329825,6.08,measured_success,555
303,ppo,1000303,1303,monoprotic,medium,base,single,1,7.628,9.297,0.039697264451212994,8,5,0.01,1,0,0,1,0,13,8,0.0696563699168884,13.629999999999999,6.51,7.119999999999999,9.227343630083112,9.23,measured_success,555
303,ppo,1000303,1304,triprotic,medium,acid,separated,3,6.035,4.172,0.09169565189012575,0,0,,1,0,0,1,0,8,0,0.06541910650949756,14.67,14.67,0.0,4.237419106509497,4.24,measured_success,555
303,ppo,1000303,1305,diprotic,near,acid,separated,2,3.521,2.846,0.16380732639383805,1,0,0.605,1,1,0,1,0,2,1,0.046725246389562436,3.66,3.66,0.0,2.7992747536104376,2.8000000000000003,measured_success,555
303,ppo,1000303,1306,diprotic,near,base,separated,2,5.327,5.559,0.15525323508467812,0,0,,1,0,0,1,0,10,0,0.09471984616573348,0.6100000000000001,0.0,0.6100000000000001,5.464280153834267,5.46,measured_success,555
303,ppo,1000303,1307,monoprotic,far,acid,single,1,6.923,3.176,0.043854387361776014,6,2,0.045,1,0,0,1,0,8,6,0.09496677791812225,17.05,9.17,7.880000000000001,3.2709667779181224,3.27,measured_success,555
303,ppo,1000303,1308,monoprotic,near,base,single,1,2.148,2.611,0.05571177701870584,1,0,0.22,1,1,0,1,0,3,1,0.018307430352036302,2.09,0.0,2.09,2.6293074303520365,2.63,measured_success,555
303,ppo,1000303,1309,monoprotic,near,acid,single,1,6.711,6.44,0.043917544613135705,0,0,,0,0,0,1,1,20,0,0.10219906652559008,0.4000000000000001,0.4000000000000001,0.0,6.5421990665255905,6.54,measured_success,555
303,ppo,1000303,1310,monoprotic,near,base,single,1,9.026,9.33,0.06716142226337199,0,0,,0,0,0,1,1,6,0,0.10278339593797803,0.12000000000000001,0.0,0.12000000000000001,9.227216604062022,9.23,measured_success,555
303,ppo,1000303,1311,diprotic,medium,acid,separated,2,3.011,2.101,0.13868352015756225,0,0,,1,0,0,1,0,4,0,0.08590515724845549,7.09,7.09,0.0,2.1869051572484555,2.19,measured_success,555
303,ppo,1000303,1312,monoprotic,near,acid,single,1,6.752,6.437,0.04575713252086114,0,0,,1,0,0,1,0,22,0,0.09730157627971447,0.4400000000000001,0.4400000000000001,0.0,6.534301576279715,6.53,measured_success,555
303,ppo,1000303,1313,monoprotic,far,base,single,1,7.276,10.645,0.04760462193578094,5,3,0.215,1,0,0,1,0,7,5,0.0711680641341701,14.68,4.98,9.7,10.71616806413417,10.72,measured_success,555
303,ppo,1000303,1314,triprotic,medium,base,separated,3,2.363,3.515,0.05271441637712446,0,0,,1,1,0,1,0,2,0,0.03786336911502319,4.16,0.0,4.16,3.477136630884977,3.48,measured_success,555
303,ppo,1000303,1315,triprotic,near,acid,separated,3,4.982,4.678,0.04123019413996844,0,0,,1,0,0,1,0,18,0,0.09198709599130961,1.0800000000000005,1.0800000000000005,0.0,4.7699870959913095,4.7700000000000005,measured_success,555
303,ppo,1000303,1316,triprotic,near,base,separated,3,6.024,6.242,0.10395722455229395,0,0,,1,0,0,1,0,17,0,0.09056603863411272,1.1800000000000006,0.0,1.1800000000000006,6.151433961365887,6.15,measured_success,555
303,ppo,1000303,1317,monoprotic,far,base,single,1,2.824,6.012,0.040765707884942895,41,40,0.01,0,0,1,0,0,50,41,2.9104984552094857,23.13999999999999,11.269999999999994,11.869999999999996,8.922498455209485,8.92,max_steps,555
303,ppo,1000303,1318,triprotic,medium,acid,separated,3,5.468,4.2,0.17693071464283588,0,0,,1,0,0,1,0,15,0,0.0812693180957238,12.709999999999994,12.709999999999994,0.0,4.281269318095724,4.28,measured_success,555
303,ppo,1000303,1319,monoprotic,medium,base,single,1,6.182,7.787,0.13729563190159813,0,0,,1,1,0,1,0,2,0,0.005232391090189914,7.15,0.0,7.15,7.78176760890981,7.78,measured_success,555
303,ppo,1000303,1320,monoprotic,far,base,single,1,8.031,11.965,0.15642824501328803,1,0,2.48,1,0,0,1,0,3,1,0.08926887409666762,13.7,1.14,12.559999999999999,12.054268874096667,12.05,measured_success,555
303,ppo,1000303,1321,triprotic,near,acid,separated,3,2.392,1.977,0.043572255006381407,1,0,1.225,1,1,0,1,0,2,1,0.04795821644447762,3.04,2.45,0.59,1.9290417835555225,1.93,measured_success,555
303,ppo,1000303,1322,triprotic,near,acid,separated,3,3.219,2.827,0.12150948065243462,0,0,,1,0,0,1,0,1,0,0.0679616856551899,2.06,2.06,0.0,2.89496168565519,2.89,measured_success,555
303,ppo,1000303,1323,monoprotic,medium,base,single,1,7.442,8.847,0.05292346549721287,6,4,0.045,1,0,0,1,0,9,6,0.0857352157278779,13.01,6.09,6.92,8.761264784272122,8.76,measured_success,555
303,ppo,1000303,1324,monoprotic,near,acid,single,1,4.642,4.346,0.07397704270791589,0,0,,1,0,0,1,0,21,0,0.09517776556005053,1.2600000000000007,1.2600000000000007,0.0,4.441177765560051,4.44,measured_success,555
303,ppo,1000303,1325,diprotic,near,acid,separated,2,5.194,4.741,0.07517972646999099,0,0,,0,0,0,1,1,39,0,0.10285236892098304,2.0600000000000014,2.0600000000000014,0.0,4.843852368920983,4.84,measured_success,555
303,ppo,1000303,1326,diprotic,near,base,separated,2,2.926,3.371,0.0929326306192985,0,0,,1,0,0,1,0,24,0,0.08786034336977133,2.1600000000000006,0.0,2.1600000000000006,3.2831396566302287,3.2800000000000002,measured_success,555
303,ppo,1000303,1327,triprotic,medium,base,separated,3,6.837,8.631,0.1314709681781241,1,0,0.925,1,0,0,1,0,2,1,0.06703146383938119,7.15,0.0,7.15,8.698031463839381,8.700000000000001,measured_success,555
303,ppo,1000303,1328,diprotic,medium,base,overlapping,2,2.353,4.334,0.034159713088043685,2,1,0.225,1,1,0,1,0,5,2,0.045386450329095496,7.970000000000001,0.45,7.5200000000000005,4.288613549670904,4.29,measured_success,555
303,ppo,1000303,1329,monoprotic,medium,acid,single,1,5.422,3.85,0.07199783932451982,3,2,0.225,1,0,0,1,0,5,3,0.07029649423471485,8.74,7.6000000000000005,1.1400000000000001,3.7797035057652852,3.7800000000000002,measured_success,555
303,ppo,1000303,1330,diprotic,medium,acid,separated,2,5.175,3.271,0.11553084490940074,0,0,,1,0,0,1,0,7,0,0.09277821965613509,12.56,12.56,0.0,3.363778219656135,3.36,measured_success,555
303,ppo,1000303,1331,diprotic,far,base,separated,2,2.365,5.76,0.1384101580780896,0,0,,1,0,0,1,0,8,0,0.059090782199344716,20.26,0.0,20.26,5.700909217800655,5.7,measured_success,555
303,ppo,1000303,1332,diprotic,near,base,separated,2,5.86,6.517,0.09163861775215583,0,0,,1,0,0,1,0,4,0,0.0529092514942322,5.05,0.0,5.05,6.464090748505768,6.46,measured_success,555
303,ppo,1000303,1333,diprotic,far,acid,separated,2,5.727,2.084,0.06809859266271863,1,0,0.71,1,1,0,1,0,3,1,0.024116598628884045,13.1,13.1,0.0,2.059883401371116,2.06,measured_success,555
303,ppo,1000303,1334,diprotic,medium,acid,separated,2,4.183,2.916,0.10031638774060939,0,0,,1,1,0,1,0,3,0,0.008017037916984382,7.3500000000000005,7.3500000000000005,0.0,2.9240170379169843,2.92,measured_success,555
303,ppo,1000303,1335,diprotic,far,base,separated,2,5.78,8.905,0.038176422773955186,44,44,0.01,0,0,0,0,0,50,44,0.2835388754040462,20.59999999999999,10.039999999999994,10.559999999999997,8.621461124595953,8.620000000000001,max_steps,555
303,ppo,1000303,1336,diprotic,medium,base,separated,2,5.374,6.472,0.05620761830245426,2,1,0.09,1,1,0,1,0,3,2,0.008823004533335954,3.72,0.18,3.54,6.4631769954666645,6.46,measured_success,555
303,ppo,1000303,1337,triprotic,medium,base,separated,3,1.812,3.072,0.1267940744794568,0,0,,1,0,0,1,0,12,0,0.09603437520859526,11.620000000000001,0.0,11.620000000000001,2.975965624791405,2.98,measured_success,555
303,ppo,1000303,1338,triprotic,far,base,separated,3,5.956,8.451,0.07387888473661171,7,2,0.02,1,0,0,1,0,10,7,0.07350349331388628,12.109999999999998,3.8599999999999994,8.249999999999998,8.524503493313887,8.52,measured_success,555
303,ppo,1000303,1339,monoprotic,medium,acid,single,1,4.701,3.743,0.057493946029964764,0,0,,1,1,0,1,0,1,0,0.044044182632418494,3.24,3.24,0.0,3.7870441826324184,3.79,measured_success,555
303,ppo,1000303,1340,triprotic,near,acid,separated,3,2.183,1.715,0.0308813038242809,1,0,1.225,1,1,0,1,0,1,1,0.0018261651706736881,2.45,2.45,0.0,1.7131738348293264,1.71,measured_success,555
303,ppo,1000303,1341,monoprotic,medium,base,single,1,3.205,4.843,0.052430948818533316,0,0,,1,0,0,1,0,2,0,0.05028831857935856,5.590000000000001,0.0,5.590000000000001,4.792711681420641,4.79,measured_success,555
303,ppo,1000303,1342,diprotic,far,acid,separated,2,5.658,3.041,0.0963978465430488,1,0,0.605,1,1,0,1,0,7,1,0.023020607504718793,22.150000000000002,22.150000000000002,0.0,3.017979392495281,3.02,measured_success,555
303,ppo,1000303,1343,triprotic,medium,base,separated,3,2.018,3.779,0.05377690760278215,0,0,,1,1,0,1,0,3,0,0.041524944556377896,4.840000000000001,0.0,4.840000000000001,3.737475055443622,3.74,measured_success,555
303,ppo,1000303,1344,monoprotic,far,acid,single,1,4.981,2.574,0.1527264377742845,0,0,,1,1,0,1,0,4,0,0.037506224746490346,14.18,14.18,0.0,2.61150622474649,2.61,measured_success,555
303,ppo,1000303,1345,monoprotic,near,acid,single,1,2.478,2.014,0.11074238585058907,2,0,0.295,1,1,0,1,0,2,2,0.029650768929491367,3.04,2.45,0.59,2.043650768929491,2.04,measured_success,555
303,ppo,1000303,1346,monoprotic,near,base,single,1,8.523,8.784,0.04740650233268005,0,0,,1,0,0,1,0,9,0,0.09281028739716923,0.18,0.0,0.18,8.691189712602831,8.69,measured_success,555
303,ppo,1000303,1347,monoprotic,near,acid,single,1,4.379,4.007,0.10949505953530528,0,0,,1,0,0,1,0,34,0,0.09722826014809272,2.0400000000000014,2.0400000000000014,0.0,4.104228260148092,4.1,measured_success,555
303,ppo,1000303,1348,monoprotic,medium,base,single,1,5.529,6.525,0.06253817389655406,2,2,0.225,1,1,0,1,0,5,2,0.01206784304289954,6.609999999999999,1.37,5.239999999999999,6.512932156957101,6.51,measured_success,555
303,ppo,1000303,1349,triprotic,near,acid,separated,3,4.062,3.851,0.07749657860541809,0,0,,0,0,0,1,1,10,0,0.10211018379191916,0.6000000000000001,0.6000000000000001,0.0,3.953110183791919,3.95,measured_success,555
303,ppo,1000303,1350,monoprotic,medium,base,single,1,4.097,6.041,0.06109010364782325,8,5,0.015,1,0,0,1,0,11,8,0.073582227263568,15.02,6.180000000000001,8.84,5.967417772736432,5.97,measured_success,555
303,ppo,1000303,1351,monoprotic,medium,acid,single,1,4.034,2.465,0.04895591885321997,2,0,0.36,1,0,0,1,0,4,2,0.05468498383930509,9.45,5.3,4.15,2.519684983839305,2.52,measured_success,555
303,ppo,1000303,1352,triprotic,near,base,overlapping,3,5.178,5.792,0.03024949653918076,3,3,0.255,1,0,0,1,0,4,3,0.09775749262424682,4.630000000000001,2.06,2.5700000000000003,5.889757492624247,5.89,measured_success,555
303,ppo,1000303,1353,diprotic,medium,acid,separated,2,4.374,2.935,0.04330377033515933,3,1,0.145,1,1,0,1,0,4,3,0.005161381794293707,6.4399999999999995,5.85,0.59,2.9298386182057063,2.93,measured_success,555
303,ppo,1000303,1354,diprotic,near,acid,separated,2,5.851,5.343,0.08871897956069823,1,0,1.03,1,1,0,1,0,2,1,0.03686858312600627,2.71,2.06,0.65,5.306131416873994,5.3100000000000005,measured_success,555
303,ppo,1000303,1355,diprotic,medium,base,separated,2,4.786,6.176,0.04572090538588992,3,1,0.145,1,0,0,1,0,6,3,0.050554661462152595,8.07,2.13,5.9399999999999995,6.226554661462153,6.23,measured_success,555
303,ppo,1000303,1356,triprotic,medium,base,separated,3,7.617,8.378,0.07777543271850877,0,0,,1,0,0,1,0,50,0,0.09254613387622612,3.3600000000000017,0.0,3.3600000000000017,8.285453866123774,8.290000000000001,measured_success,555
303,ppo,1000303,1357,monoprotic,medium,base,single,1,2.536,4.421,0.030411418054195193,7,2,0.02,1,0,0,1,0,9,7,0.07512247356572654,11.36,4.79,6.57,4.496122473565727,4.5,measured_success,555
303,ppo,1000303,1358,diprotic,medium,acid,separated,2,3.777,2.705,0.09535544353834595,1,0,1.68,1,0,0,1,0,2,1,0.06625084745389653,4.779999999999999,3.36,1.42,2.6387491525461035,2.64,measured_success,555
303,ppo,1000303,1359,triprotic,medium,base,separated,3,2.174,3.836,0.06368494395487578,0,0,,1,0,0,1,0,7,0,0.06557706861300217,11.610000000000001,0.0,11.610000000000001,3.7704229313869977,3.77,measured_success,555
303,ppo,1000303,1360,triprotic,near,acid,separated,3,2.125,1.789,0.14470326063853173,0,0,,1,1,0,1,0,1,0,0.03765303590033331,2.98,2.98,0.0,1.8266530359003332,1.83,measured_success,555
303,ppo,1000303,1361,monoprotic,far,acid,single,1,8.657,6.341,0.13761613152352511,0,0,,0,0,1,0,0,50,0,2.0716133504583434,1.7200000000000009,1.7200000000000009,0.0,8.412613350458344,8.41,max_steps,555
303,ppo,1000303,1362,monoprotic,medium,acid,single,1,6.081,5.326,0.03169800510630324,2,1,0.515,1,1,0,1,0,3,2,0.020261137659832507,3.54,2.5100000000000002,1.03,5.346261137659832,5.3500000000000005,measured_success,555
303,ppo,1000303,1363,triprotic,near,acid,separated,3,6.796,6.306,0.03902325878870482,2,1,0.515,1,1,0,1,0,3,3,0.0005100873787098337,3.54,2.5100000000000002,1.03,6.30548991262129,6.3100000000000005,measured_success,555
303,ppo,1000303,1364,monoprotic,medium,base,single,1,5.815,7.627,0.06629670694388776,6,2,0.045,1,1,0,1,0,12,6,0.04880913679115384,15.149999999999999,6.659999999999999,8.489999999999998,7.578190863208846,7.58,measured_success,555
303,ppo,1000303,1365,monoprotic,medium,acid,single,1,5.822,5.071,0.08157714992030672,1,1,1.03,1,1,0,1,0,2,1,0.007026981264852239,3.09,2.06,1.03,5.0639730187351475,5.0600000000000005,measured_success,555
303,ppo,1000303,1366,monoprotic,medium,acid,single,1,5.802,4.879,0.08162445272157431,0,0,,1,0,0,1,0,4,0,0.06532847061795444,4.239999999999999,4.239999999999999,0.0,4.944328470617954,4.94,measured_success,555
303,ppo,1000303,1367,monoprotic,medium,base,single,1,4.541,6.392,0.08477438143523396,5,1,0.115,1,1,0,1,0,6,5,0.037569729380197536,10.57,3.1599999999999997,7.41,6.429569729380198,6.43,measured_success,555
303,ppo,1000303,1368,diprotic,near,base,separated,2,3.282,3.637,0.07549778287476866,0,0,,1,0,0,1,0,13,0,0.09434729647373663,1.17,0.0,1.17,3.5426527035262634,3.54,measured_success,555
303,ppo,1000303,1369,triprotic,medium,acid,overlapping,3,3.921,2.437,0.05638337728540856,0,0,,1,0,0,1,0,14,0,0.07983177424359189,12.390000000000004,12.390000000000004,0.0,2.5168317742435917,2.52,measured_success,555
303,ppo,1000303,1370,diprotic,near,base,separated,2,3.399,3.726,0.10275083782327218,0,0,,1,0,0,1,0,8,0,0.08117631746749066,0.7199999999999999,0.0,0.7199999999999999,3.6448236825325093,3.64,measured_success,555
303,ppo,1000303,1371,monoprotic,medium,acid,single,1,7.035,5.757,0.06105924943750565,6,4,0.035,1,1,0,1,0,9,6,0.023459954517543125,8.61,5.0200000000000005,3.59,5.780459954517543,5.78,measured_success,555
303,ppo,1000303,1372,diprotic,near,base,separated,2,5.432,5.803,0.15404362234026564,0,0,,1,0,0,1,0,39,0,0.0893794573078841,2.4400000000000004,0.0,2.4400000000000004,5.713620542692116,5.71,measured_success,555
303,ppo,1000303,1373,diprotic,medium,base,overlapping,2,5.141,6.981,0.030324521972079996,6,2,0.045,1,0,0,1,0,11,6,0.0951486375337236,14.01,6.1499999999999995,7.86,6.885851362466276,6.890000000000001,measured_success,555
303,ppo,1000303,1374,triprotic,medium,base,separated,3,2.441,3.465,0.03324203801210055,2,1,0.155,1,1,0,1,0,4,2,0.0426103749300486,4.3999999999999995,0.8799999999999999,3.5199999999999996,3.4223896250699513,3.42,measured_success,555
303,ppo,1000303,1375,monoprotic,near,base,single,1,7.48,7.706,0.06139492554151181,0,0,,1,0,0,1,0,8,0,0.08271390776137277,0.44,0.0,0.44,7.623286092238628,7.62,measured_success,555
303,ppo,1000303,1376,triprotic,medium,acid,separated,3,5.387,4.352,0.030092725086001526,2,2,0.225,1,1,0,1,0,4,2,0.039757781409990756,5.530000000000001,3.4600000000000004,2.0700000000000003,4.391757781409991,4.39,measured_success,555
303,ppo,1000303,1377,diprotic,near,base,separated,2,5.936,6.299,0.09793616968699438,0,0,,0,0,0,1,1,30,0,0.10290434498643375,2.090000000000001,0.0,2.090000000000001,6.196095655013567,6.2,measured_success,555
303,ppo,1000303,1378,diprotic,far,base,separated,2,4.155,6.222,0.11375195787695361,1,0,0.57,1,1,0,1,0,6,1,0.0392683722290359,17.19,0.0,17.19,6.261268372229036,6.26,measured_success,555
303,ppo,1000303,1379,diprotic,near,base,separated,2,4.846,5.388,0.0931208657512614,0,0,,0,0,0,0,0,50,0,0.22011994337983332,3.2600000000000016,0.0,3.2600000000000016,5.167880056620167,5.17,max_steps,555
303,ppo,1000303,1380,diprotic,medium,acid,overlapping,2,4.791,3.611,0.03220666795238723,2,1,0.2,1,1,0,1,0,3,2,0.04088526465820008,3.8400000000000003,3.4400000000000004,0.4,3.6518852646582003,3.65,measured_success,555
303,ppo,1000303,1381,monoprotic,medium,base,single,1,4.324,5.249,0.14659609241749175,0,0,,1,1,0,1,0,5,0,0.03679138126124304,6.69,0.0,6.69,5.212208618738757,5.21,measured_success,555
303,ppo,1000303,1382,monoprotic,medium,acid,single,1,5.857,4.204,0.11561355673888905,4,2,0.11,1,1,0,1,0,7,4,0.039516539394662153,10.0,7.21,2.7900000000000005,4.243516539394662,4.24,measured_success,555
303,ppo,1000303,1383,diprotic,far,base,separated,2,6.138,9.612,0.10697458627074653,6,2,0.01,1,1,0,1,0,12,6,0.02062878920912503,17.0,3.9499999999999997,13.05,9.591371210790875,9.59,measured_success,555
303,ppo,1000303,1384,monoprotic,near,base,single,1,5.9,6.334,0.045476942668942234,0,0,,1,1,0,1,0,8,0,0.04105897265583458,0.54,0.0,0.54,6.292941027344165,6.29,measured_success,555
303,ppo,1000303,1385,diprotic,near,acid,separated,2,3.408,2.757,0.051358394802186146,0,0,,1,1,0,1,0,1,0,0.0216832850085118,2.45,2.45,0.0,2.778683285008512,2.7800000000000002,measured_success,555
303,ppo,1000303,1386,triprotic,medium,acid,separated,3,3.576,2.525,0.08892540865011465,0,0,,1,0,0,1,0,8,0,0.07672791547597368,8.88,8.88,0.0,2.6017279154759736,2.6,measured_success,555
303,ppo,1000303,1387,diprotic,medium,acid,separated,2,8.119,6.984,0.10135046915203637,0,0,,1,1,0,1,0,10,0,0.034820077175668374,3.4399999999999995,3.4399999999999995,0.0,7.018820077175668,7.0200000000000005,measured_success,555
303,ppo,1000303,1388,monoprotic,medium,acid,single,1,5.524,3.848,0.08759747665440336,7,4,0.02,1,0,0,1,0,10,7,0.08174000287325445,12.54,6.74,5.8,3.7662599971267454,3.77,measured_success,555
303,ppo,1000303,1389,triprotic,medium,acid,separated,3,7.291,5.816,0.03773552315683584,2,0,0.57,1,1,0,1,0,3,2,0.004253741565364955,6.96,5.82,1.14,5.820253741565365,5.82,measured_success,555
303,ppo,1000303,1390,monoprotic,medium,base,single,1,2.856,3.618,0.06882373925099708,2,2,0.575,1,1,0,1,0,3,2,0.024806373877212184,4.029999999999999,1.15,2.88,3.5931936261227877,3.59,measured_success,555
303,ppo,1000303,1391,diprotic,far,acid,overlapping,2,4.608,2.003,0.036434805398910385,1,0,3.425,1,0,0,1,0,6,1,0.057293637316193635,9.11,6.85,2.26,1.9457063626838065,1.95,measured_success,555
303,ppo,1000303,1392,diprotic,medium,acid,separated,2,4.406,2.597,0.031613897059991715,2,0,0.605,1,1,0,1,0,3,2,0.017785105004523682,8.73,5.3,3.43,2.6147851050045237,2.61,measured_success,555
303,ppo,1000303,1393,monoprotic,medium,base,single,1,4.12,5.806,0.13863309972413915,5,3,0.035,1,1,0,1,0,9,5,0.023156101265738194,14.75,5.85,8.9,5.829156101265738,5.83,measured_success,555
303,ppo,1000303,1394,diprotic,far,base,separated,2,6.117,9.206,0.0724029538974127,7,2,0.01,1,0,0,1,0,12,7,0.08039353764810997,16.009999999999998,4.93,11.079999999999998,9.28639353764811,9.290000000000001,measured_success,555
303,ppo,1000303,1395,diprotic,medium,acid,separated,2,3.967,3.113,0.0718117610478314,0,0,,1,1,0,1,0,1,0,0.04228432939004234,3.24,3.24,0.0,3.1552843293900423,3.16,measured_success,555
303,ppo,1000303,1396,monoprotic,medium,base,single,1,5.006,6.009,0.09446222137646915,0,0,,1,1,0,1,0,1,0,0.03336849280016452,3.17,0.0,3.17,5.975631507199836,5.98,measured_success,555
303,ppo,1000303,1397,diprotic,near,acid,separated,2,2.789,2.153,0.0683144528123472,0,0,,1,1,0,1,0,2,0,0.008470211454830068,3.66,3.66,0.0,2.16147021145483,2.16,measured_success,555
303,ppo,1000303,1398,diprotic,medium,base,separated,2,3.324,4.147,0.0957948167495505,0,0,,1,1,0,1,0,3,0,0.0282631913857454,4.32,0.0,4.32,4.118736808614255,4.12,measured_success,555
303,ppo,1000303,1399,diprotic,medium,base,separated,2,3.964,5.062,0.10424539961589689,5,1,0.035,1,0,0,1,0,7,5,0.061353387771975854,5.889999999999999,2.05,3.8399999999999994,5.123353387771976,5.12,measured_success,555
303,ppo,1000303,1400,monoprotic,far,base,single,1,6.016,9.745,0.051843702890984,9,5,0.01,1,1,0,1,0,12,9,0.043511916435766906,17.57,7.210000000000001,10.360000000000001,9.788511916435766,9.790000000000001,measured_success,555
303,ppo,1000303,1401,diprotic,near,base,separated,2,2.309,2.993,0.03514174243297576,0,0,,1,1,0,1,0,2,0,0.038031982610359893,2.99,0.0,2.99,2.95496801738964,2.95,measured_success,555
303,ppo,1000303,1402,diprotic,medium,acid,separated,2,5.201,4.151,0.0452484789758702,1,0,0.71,1,1,0,1,0,2,1,0.028247107596655496,4.66,4.66,0.0,4.122752892403344,4.12,measured_success,555
303,ppo,1000303,1403,diprotic,medium,acid,separated,2,4.414,3.667,0.07926530022338737,1,0,1.63,1,0,0,1,0,4,1,0.08368352292905623,4.24,3.26,0.98,3.5833164770709436,3.58,measured_success,555
303,ppo,1000303,1404,monoprotic,near,acid,single,1,7.431,6.783,0.17964394185810087,0,0,,1,0,0,1,0,10,0,0.0902082999151661,5.95,5.95,0.0,6.8732082999151665,6.87,measured_success,555
303,ppo,1000303,1405,diprotic,near,base,separated,2,4.138,4.664,0.11740276770790034,0,0,,0,0,0,0,0,50,0,0.1773186903221049,4.02,0.0,4.02,4.486681309677895,4.49,max_steps,555
303,ppo,1000303,1406,diprotic,far,acid,separated,2,4.564,1.616,0.053608593425178645,0,0,,1,0,0,1,0,7,0,0.07950201112170774,12.67,12.67,0.0,1.6955020111217078,1.7,measured_success,555
303,ppo,1000303,1407,triprotic,far,acid,separated,3,4.899,2.068,0.07110269122824088,0,0,,1,0,0,1,0,13,0,0.09668332937363777,24.399999999999995,24.399999999999995,0.0,2.164683329373638,2.16,measured_success,555
303,ppo,1000303,1408,monoprotic,near,acid,single,1,6.705,6.299,0.038317467533775115,0,0,,1,0,0,1,0,33,0,0.05896039294512345,0.7100000000000002,0.7100000000000002,0.0,6.357960392945124,6.36,measured_success,555
303,ppo,1000303,1409,monoprotic,medium,base,single,1,6.674,8.632,0.09097743142432879,3,2,0.445,1,0,0,1,0,5,3,0.09521905624450433,12.700000000000001,2.22,10.48,8.727219056244504,8.73,measured_success,555
303,ppo,1000303,1410,triprotic,medium,acid,overlapping,3,2.861,2.108,0.13847053110352087,0,0,,1,0,0,1,0,23,0,0.09008058559693533,18.449999999999992,18.449999999999992,0.0,2.1980805855969354,2.2,measured_success,555
303,ppo,1000303,1411,diprotic,far,acid,separated,2,6.497,3.533,0.04411671274593051,1,0,0.605,1,1,0,1,0,4,1,0.02649632227008114,10.34,9.75,0.59,3.5065036777299188,3.5100000000000002,measured_success,555
303,ppo,1000303,1412,triprotic,near,base,separated,3,4.156,4.819,0.06867397610635992,0,0,,1,1,0,1,0,3,0,0.02542693780371419,4.14,0.0,4.14,4.793573062196286,4.79,measured_success,555
303,ppo,1000303,1413,diprotic,near,acid,separated,2,4.051,3.384,0.03032819734431774,2,0,0.295,1,0,0,1,0,3,2,0.05013428754902405,4.25,2.45,1.7999999999999998,3.434134287549024,3.43,measured_success,555
303,ppo,1000303,1414,monoprotic,far,acid,single,1,8.305,5.886,0.03118377357895646,6,7,0.035,1,1,0,1,0,12,6,0.010393883605162024,13.280000000000001,7.910000000000001,5.369999999999999,5.896393883605162,5.9,measured_success,555
303,ppo,1000303,1415,monoprotic,medium,acid,single,1,7.82,7.059,0.0429474330193623,2,1,0.295,1,0,0,1,0,3,2,0.06254992707544726,3.68,2.06,1.62,7.121549927075447,7.12,measured_success,555
303,ppo,1000303,1416,triprotic,medium,base,separated,3,3.091,3.933,0.06861614921549736,0,0,,1,0,0,1,0,4,0,0.06938379197886135,4.96,0.0,4.96,3.8636162080211385,3.86,measured_success,555
303,ppo,1000303,1417,triprotic,medium,base,separated,3,3.586,4.644,0.10364010652339509,0,0,,1,1,0,1,0,3,0,0.022086641589448064,6.050000000000001,0.0,6.050000000000001,4.621913358410552,4.62,measured_success,555
303,ppo,1000303,1418,monoprotic,near,acid,single,1,2.323,1.762,0.04807428323283096,0,0,,1,0,0,1,0,2,0,0.05819620515774293,3.66,3.66,0.0,1.820196205157743,1.82,measured_success,555
303,ppo,1000303,1419,triprotic,far,base,separated,3,7.356,9.586,0.037300287253675145,2,1,1.505,1,0,0,1,0,2,2,0.08698630409958419,9.03,3.01,6.02,9.499013695900416,9.5,measured_success,555
303,ppo,1000303,1420,diprotic,near,acid,separated,2,2.248,1.822,0.055352918108178724,0,0,,1,0,0,1,0,2,0,0.06828858658668047,3.66,3.66,0.0,1.8902885865866805,1.8900000000000001,measured_success,555
303,ppo,1000303,1421,monoprotic,far,acid,single,1,5.362,2.752,0.033131028055976224,3,1,0.18,1,1,0,1,0,5,3,0.04533095149433386,11.57,7.21,4.36,2.706669048505666,2.71,measured_success,555
303,ppo,1000303,1422,diprotic,medium,acid,separated,2,3.916,2.333,0.10949471867128201,1,0,2.65,1,0,0,1,0,6,1,0.06629997465661575,8.12,5.3,2.82,2.2667000253433844,2.27,measured_success,555
303,ppo,1000303,1423,diprotic,medium,acid,overlapping,2,5.18,4.164,0.09128510287268951,0,0,,1,0,0,1,0,4,0,0.08703438305879452,7.330000000000001,7.330000000000001,0.0,4.251034383058794,4.25,measured_success,555
303,ppo,1000303,1424,triprotic,far,base,separated,3,4.482,7.083,0.0406151614478822,0,0,,1,1,0,1,0,1,0,0.009271916185783269,6.06,0.0,6.06,7.073728083814217,7.07,measured_success,555
303,ppo,1000303,1425,monoprotic,medium,base,single,1,5.268,6.999,0.040461593933427215,5,1,0.13,1,1,0,1,0,8,5,0.0037665746179511572,14.95,6.3999999999999995,8.55,7.002766574617951,7.0,measured_success,555
303,ppo,1000303,1426,monoprotic,near,acid,single,1,2.673,2.342,0.0891285678170347,1,0,1.385,1,0,0,1,0,2,1,0.06756810501627752,3.36,2.77,0.59,2.2744318949837226,2.27,measured_success,555
303,ppo,1000303,1427,monoprotic,near,acid,single,1,2.321,1.676,0.030834311900737026,0,0,,1,1,0,1,0,1,0,0.012491450006642646,2.45,2.45,0.0,1.6884914500066426,1.69,measured_success,555
303,ppo,1000303,1428,diprotic,near,base,separated,2,2.613,3.267,0.03972063776798914,0,0,,1,0,0,1,0,3,0,0.07049834494578677,2.09,0.0,2.09,3.196501655054213,3.2,measured_success,555
303,ppo,1000303,1429,monoprotic,medium,base,single,1,5.649,6.595,0.0535834734834861,3,0,0.335,1,1,0,1,0,4,3,0.047779949198967664,5.529999999999999,1.69,3.84,6.642779949198967,6.640000000000001,measured_success,555
303,ppo,1000303,1430,monoprotic,medium,base,single,1,6.635,7.376,0.059907932560258295,2,0,0.22,1,1,0,1,0,3,2,0.023745876027910562,4.0200000000000005,0.44,3.58,7.35225412397209,7.3500000000000005,measured_success,555
303,ppo,1000303,1431,triprotic,near,base,separated,3,1.843,2.095,0.050829848561135135,0,0,,1,0,0,1,0,3,0,0.0632374571241221,0.9299999999999999,0.0,0.9299999999999999,2.031762542875878,2.0300000000000002,measured_success,555
303,ppo,1000303,1432,diprotic,far,base,separated,2,2.1,4.723,0.10720334819677368,0,0,,1,0,0,1,0,10,0,0.09495725190051463,20.79,0.0,20.79,4.628042748099485,4.63,measured_success,555
303,ppo,1000303,1433,diprotic,near,acid,overlapping,2,2.416,2.107,0.10519056811266041,0,0,,1,0,0,1,0,3,0,0.0807226490248425,4.83,4.83,0.0,2.1877226490248427,2.19,measured_success,555
303,ppo,1000303,1434,diprotic,medium,base,separated,2,2.33,4.27,0.13860485117447302,0,0,,1,0,0,1,0,16,0,0.08537255730538362,21.519999999999992,0.0,21.519999999999992,4.184627442694616,4.18,measured_success,555
303,ppo,1000303,1435,monoprotic,medium,base,single,1,6.525,7.35,0.12021665232010825,3,1,0.145,1,0,0,1,0,5,3,0.09441353287284393,4.49,1.31,3.18,7.444413532872844,7.44,measured_success,555
303,ppo,1000303,1436,diprotic,medium,base,separated,2,1.947,3.857,0.17063995540028237,0,0,,1,0,0,1,0,17,0,0.07819357560851525,22.659999999999997,0.0,22.659999999999997,3.778806424391485,3.7800000000000002,measured_success,555
303,ppo,1000303,1437,diprotic,near,acid,separated,2,4.771,4.437,0.14142721111373305,0,0,,1,0,0,1,0,32,0,0.09624249793205752,1.9200000000000013,1.9200000000000013,0.0,4.533242497932058,4.53,measured_success,555
303,ppo,1000303,1438,diprotic,medium,acid,separated,2,4.72,3.856,0.07859358250348837,1,0,0.82,1,1,0,1,0,2,1,0.021597401156588703,4.8999999999999995,4.8999999999999995,0.0,3.834402598843411,3.83,measured_success,555
303,ppo,1000303,1439,triprotic,medium,base,separated,3,2.533,3.596,0.031811841633861096,2,1,0.58,1,1,0,1,0,4,2,0.03366296119677692,4.43,1.16,3.27,3.562337038803223,3.56,measured_success,555
303,ppo,1000303,1440,triprotic,medium,base,separated,3,3.569,5.107,0.04125456125505845,0,0,,1,0,0,1,0,5,0,0.08283344766662903,4.45,0.0,4.45,5.024166552333371,5.0200000000000005,measured_success,555
303,ppo,1000303,1441,triprotic,medium,base,separated,3,6.026,7.413,0.056753835174726604,5,0,0.13,1,1,0,1,0,7,5,0.0393269148008315,9.959999999999999,3.6099999999999994,6.35,7.452326914800832,7.45,measured_success,555
303,ppo,1000303,1442,monoprotic,near,base,single,1,7.458,8.083,0.03752472027145274,0,0,,1,0,0,1,0,21,0,0.07755637676790705,1.2600000000000007,0.0,1.2600000000000007,8.005443623232093,8.01,measured_success,555
303,ppo,1000303,1443,monoprotic,near,acid,single,1,3.382,2.83,0.03748468019720568,3,1,0.18,1,0,0,1,0,4,3,0.0853656504385718,4.74,2.81,1.93,2.7446343495614283,2.74,measured_success,555
303,ppo,1000303,1444,monoprotic,far,base,single,1,8.796,11.776,0.030853121810228278,2,1,0.57,1,1,0,1,0,6,2,0.0035434484676386546,14.120000000000001,6.21,7.91,11.772456551532361,11.77,measured_success,555
303,ppo,1000303,1445,monoprotic,medium,base,single,1,3.731,4.804,0.08750836199626642,0,0,,1,0,0,1,0,3,0,0.05747903492336803,3.53,0.0,3.53,4.746520965076632,4.75,measured_success,555
303,ppo,1000303,1446,monoprotic,far,acid,single,1,7.033,4.471,0.04214821129306935,7,2,0.015,1,1,0,1,0,10,7,0.04069225232059637,11.360000000000001,7.530000000000001,3.8299999999999996,4.430307747679404,4.43,measured_success,555
303,ppo,1000303,1447,monoprotic,medium,acid,single,1,6.564,5.758,0.057725436712046455,3,1,0.145,1,0,0,1,0,5,3,0.07786004230896193,3.9600000000000004,2.8000000000000003,1.1600000000000001,5.680139957691038,5.68,measured_success,555
303,ppo,1000303,1448,diprotic,medium,acid,overlapping,2,4.829,3.158,0.05314206832936321,0,0,,1,1,0,1,0,4,0,0.013573938819293918,11.149999999999999,11.149999999999999,0.0,3.171573938819294,3.17,measured_success,555
303,ppo,1000303,1449,triprotic,medium,base,separated,3,2.556,3.791,0.1457903338306262,0,0,,1,0,0,1,0,16,0,0.07377905237539695,14.949999999999996,0.0,14.949999999999996,3.717220947624603,3.72,measured_success,555
303,ppo,1000303,1450,triprotic,medium,acid,overlapping,3,5.013,3.756,0.07479422305275531,0,0,,1,0,0,1,0,4,0,0.05150014442784512,7.6899999999999995,7.6899999999999995,0.0,3.807500144427845,3.81,measured_success,555
303,ppo,1000303,1451,triprotic,near,acid,separated,3,3.058,2.629,0.061832454235638865,1,0,1.225,0,0,0,1,1,2,1,0.10149014902642461,3.04,2.45,0.59,2.5275098509735754,2.5300000000000002,measured_success,555
303,ppo,1000303,1452,monoprotic,medium,base,single,1,4.357,6.274,0.047689759809675665,5,0,0.13,1,1,0,1,0,6,5,0.004044566504522784,10.12,3.03,7.09,6.278044566504523,6.28,measured_success,555
303,ppo,1000303,1453,monoprotic,medium,acid,single,1,5.626,4.303,0.0372669438957188,4,4,0.245,1,1,0,1,0,5,4,0.02381873278989044,7.590000000000001,5.140000000000001,2.45,4.32681873278989,4.33,measured_success,555
303,ppo,1000303,1454,monoprotic,medium,base,single,1,3.356,5.014,0.09813874056136583,6,4,0.02,1,1,0,1,0,10,6,0.03851825279725052,12.290000000000001,5.66,6.630000000000001,4.97548174720275,4.98,measured_success,555
303,ppo,1000303,1455,diprotic,medium,acid,separated,2,5.315,4.284,0.049307108782310455,0,0,,1,1,0,1,0,1,0,0.04779924329913765,3.24,3.24,0.0,4.3317992432991375,4.33,measured_success,555
303,ppo,1000303,1456,diprotic,medium,base,separated,2,5.943,6.646,0.0897842135539848,1,0,0.295,1,1,0,1,0,3,1,0.003835609541646967,3.79,0.0,3.79,6.649835609541647,6.65,measured_success,555
303,ppo,1000303,1457,diprotic,far,base,separated,2,1.694,4.944,0.06326226919562926,8,4,0.01,1,1,0,1,0,10,8,0.014564339226194711,15.259999999999998,2.51,12.749999999999998,4.929435660773805,4.93,measured_success,555
303,ppo,1000303,1458,monoprotic,far,acid,single,1,6.376,2.886,0.043941051460918416,4,2,0.155,1,0,0,1,0,5,4,0.07872402304614301,11.310000000000002,8.700000000000001,2.6100000000000003,2.964724023046143,2.96,measured_success,555
303,ppo,1000303,1459,diprotic,near,base,overlapping,2,2.166,2.39,0.0805907495382153,0,0,,1,0,0,1,0,4,0,0.06081095560072436,1.02,0.0,1.02,2.3291890443992758,2.33,measured_success,555
303,ppo,1000303,1460,triprotic,medium,base,separated,3,5.215,5.952,0.04710446314397661,2,0,0.185,1,0,0,1,0,2,2,0.09243594352502349,2.43,0.37,2.06,5.8595640564749765,5.86,measured_success,555
303,ppo,1000303,1461,diprotic,near,base,overlapping,2,1.861,2.415,0.03177404820019251,0,0,,1,1,0,1,0,4,0,0.00939477903387953,2.81,0.0,2.81,2.4056052209661205,2.41,measured_success,555
303,ppo,1000303,1462,triprotic,near,acid,separated,3,6.296,5.631,0.11185137892434388,0,0,,0,0,0,1,1,9,0,0.10306276128404868,6.1000000000000005,6.1000000000000005,0.0,5.734062761284049,5.73,measured_success,555
303,ppo,1000303,1463,monoprotic,far,base,single,1,5.426,9.194,0.11180021043586888,45,43,0.01,0,0,0,0,0,50,45,0.3095030186609211,20.73999999999999,10.189999999999994,10.549999999999997,9.503503018660922,9.5,max_steps,555
303,ppo,1000303,1464,monoprotic,far,base,single,1,3.378,6.709,0.05088169102385395,7,1,0.035,1,1,0,1,0,8,7,0.03154512892655603,14.34,4.7299999999999995,9.61,6.740545128926556,6.74,measured_success,555
303,ppo,1000303,1465,triprotic,near,acid,separated,3,9.036,8.718,0.15744352932047495,0,0,,1,0,0,1,0,18,0,0.09635788331066664,0.36000000000000004,0.36000000000000004,0.0,8.814357883310667,8.81,measured_success,555
303,ppo,1000303,1466,triprotic,medium,acid,separated,3,4.081,2.8,0.08263477894107693,0,0,,1,0,0,1,0,4,0,0.08000428034904772,8.07,8.07,0.0,2.8800042803490475,2.88,measured_success,555
303,ppo,1000303,1467,diprotic,near,acid,separated,2,2.164,1.943,0.12486986491276036,1,0,1.43,1,1,0,1,0,1,1,0.02581693317747291,2.86,2.86,0.0,1.9171830668225271,1.92,measured_success,555
303,ppo,1000303,1468,triprotic,medium,acid,separated,3,6.243,4.564,0.08716489031055058,0,0,,1,1,0,1,0,1,0,0.022038142476475286,5.3,5.3,0.0,4.586038142476475,4.59,measured_success,555
303,ppo,1000303,1469,monoprotic,medium,base,single,1,6.593,7.857,0.05236891862992962,4,3,0.085,1,1,0,1,0,7,4,0.03724058807603203,10.469999999999999,4.62,5.85,7.819759411923968,7.82,measured_success,555
303,ppo,1000303,1470,triprotic,medium,base,separated,3,5.347,6.83,0.08075736141421468,2,0,0.22,1,1,0,1,0,5,2,0.02149281050060381,9.99,0.44,9.55,6.808507189499396,6.8100000000000005,measured_success,555
303,ppo,1000303,1471,triprotic,medium,acid,separated,3,4.272,2.406,0.033072841700141964,1,0,0.305,1,1,0,1,0,2,1,0.02226726366218701,5.91,5.91,0.0,2.383732736337813,2.38,measured_success,555
303,ppo,1000303,1472,diprotic,far,base,separated,2,3.409,6.465,0.053813673625443856,1,0,0.615,1,1,0,1,0,3,1,0.015575596489924237,9.74,0.0,9.74,6.480575596489924,6.48,measured_success,555
303,ppo,1000303,1473,monoprotic,medium,acid,single,1,2.422,1.59,0.1700882634197807,0,0,,0,0,0,1,1,6,0,0.10253961175620119,8.12,8.12,0.0,1.6925396117562013,1.69,measured_success,555
303,ppo,1000303,1474,monoprotic,medium,acid,single,1,7.619,6.357,0.03274166824562039,3,1,0.2,1,0,0,1,0,5,3,0.08419038906493892,5.930000000000001,4.2700000000000005,1.66,6.272809610935061,6.2700000000000005,measured_success,555
303,ppo,1000303,1475,monoprotic,near,base,single,1,8.628,9.194,0.04755732444828695,0,0,,1,0,0,1,0,23,0,0.09533686994375223,0.9800000000000004,0.0,0.9800000000000004,9.098663130056249,9.1,measured_success,555
303,ppo,1000303,1476,triprotic,far,acid,separated,3,6.176,2.477,0.03568114909178334,0,0,,1,1,0,1,0,2,0,0.03267709465247792,8.39,8.39,0.0,2.509677094652478,2.5100000000000002,measured_success,555
303,ppo,1000303,1477,diprotic,medium,acid,separated,2,5.47,4.373,0.09313671703419547,0,0,,1,0,0,1,0,8,0,0.0996717497834334,8.42,8.42,0.0,4.472671749783434,4.47,measured_success,555
303,ppo,1000303,1478,monoprotic,near,base,single,1,2.975,3.628,0.0482143219699319,0,0,,1,0,0,1,0,1,0,0.09071029687798848,2.31,0.0,2.31,3.5372897031220116,3.54,measured_success,555
303,ppo,1000303,1479,monoprotic,medium,acid,single,1,3.918,2.443,0.038142764977409614,1,0,1.99,1,0,0,1,0,2,1,0.08914730849875463,4.59,3.98,0.61,2.3538526915012454,2.35,measured_success,555
303,ppo,1000303,1480,triprotic,near,base,separated,3,3.087,3.521,0.07306358119787824,0,0,,1,0,0,1,0,20,0,0.08951577132649025,1.8000000000000005,0.0,1.8000000000000005,3.4314842286735097,3.43,measured_success,555
303,ppo,1000303,1481,monoprotic,far,acid,single,1,8.229,6.053,0.16594645721175225,1,0,1.18,1,1,0,1,0,3,1,0.024394234620397803,12.37,12.37,0.0,6.028605765379602,6.03,measured_success,555
303,ppo,1000303,1482,monoprotic,medium,base,single,1,7.264,8.88,0.04633106928040158,4,3,0.305,1,1,0,1,0,8,4,0.028698619937918224,14.11,5.91,8.2,8.851301380062083,8.85,measured_success,555
303,ppo,1000303,1483,triprotic,far,acid,separated,3,7.551,4.595,0.11886446185286072,0,0,,1,0,0,1,0,5,0,0.09216344404072441,14.68,14.68,0.0,4.687163444040724,4.69,measured_success,555
303,ppo,1000303,1484,triprotic,far,acid,separated,3,6.951,4.379,0.10350606929499442,0,0,,1,1,0,1,0,3,0,0.017203343943029026,10.78,10.78,0.0,4.396203343943029,4.4,measured_success,555
303,ppo,1000303,1485,triprotic,far,acid,separated,3,6.456,3.371,0.14852166269780417,0,0,,1,1,0,1,0,7,0,0.012158221234748634,20.169999999999998,20.169999999999998,0.0,3.3831582212347486,3.38,measured_success,555
303,ppo,1000303,1486,diprotic,near,base,separated,2,4.06,4.502,0.09382609930613675,0,0,,1,0,0,1,0,39,0,0.09674553494892724,3.060000000000001,0.0,3.060000000000001,4.4052544650510725,4.41,measured_success,555
303,ppo,1000303,1487,monoprotic,far,acid,single,1,4.029,1.929,0.14505213525079044,1,0,2.65,1,0,0,1,0,3,1,0.09728065578762801,6.35,5.3,1.05,1.831719344212372,1.83,measured_success,555
303,ppo,1000303,1488,monoprotic,medium,base,single,1,5.477,6.575,0.13545794552942803,4,2,0.1,1,1,0,1,0,9,4,0.04600988543577689,8.18,3.49,4.69,6.528990114564223,6.53,measured_success,555
303,ppo,1000303,1489,monoprotic,medium,acid,single,1,2.907,2.111,0.09280189749259427,0,0,,1,1,0,1,0,1,0,0.04373896819200107,2.94,2.94,0.0,2.1547389681920013,2.15,measured_success,555
303,ppo,1000303,1490,triprotic,near,acid,separated,3,7.144,6.741,0.1372927284728337,0,0,,0,0,0,0,0,50,0,0.333067354274851,1.0000000000000004,1.0000000000000004,0.0,7.074067354274851,7.07,max_steps,555
303,ppo,1000303,1491,triprotic,far,base,separated,3,7.717,11.317,0.08771221610477527,3,1,0.11,1,1,0,1,0,5,3,0.009232612318605504,11.96,3.8999999999999995,8.06,11.326232612318606,11.33,measured_success,555
303,ppo,1000303,1492,triprotic,medium,base,separated,3,4.726,6.701,0.13586854086190317,0,0,,1,0,0,1,0,12,0,0.06197327498901384,23.319999999999993,0.0,23.319999999999993,6.639026725010986,6.640000000000001,measured_success,555
303,ppo,1000303,1493,monoprotic,medium,acid,single,1,4.203,3.376,0.15572224573418342,0,0,,1,1,0,1,0,3,0,0.040476031566886395,5.629999999999999,5.629999999999999,0.0,3.4164760315668863,3.42,measured_success,555
303,ppo,1000303,1494,diprotic,far,base,separated,2,6.845,10.363,0.09308528629977218,7,4,0.03,1,0,0,1,0,10,7,0.0759974709048663,16.8,7.71,9.09,10.438997470904866,10.44,measured_success,555
303,ppo,1000303,1495,monoprotic,near,acid,single,1,5.649,5.247,0.16159126519645814,0,0,,0,0,0,0,0,50,0,0.12619852593700998,2.720000000000002,2.720000000000002,0.0,5.37319852593701,5.37,max_steps,555
303,ppo,1000303,1496,monoprotic,far,base,single,1,1.593,4.235,0.17931741361079806,4,3,0.035,1,1,0,1,0,11,4,0.0006891549311172085,22.769999999999996,1.4400000000000002,21.329999999999995,4.234310845068883,4.23,measured_success,555
303,ppo,1000303,1497,monoprotic,medium,acid,single,1,3.659,2.794,0.15584005263616316,0,0,,1,0,0,1,0,7,0,0.09822798117302112,8.450000000000001,8.450000000000001,0.0,2.892227981173021,2.89,measured_success,555
303,ppo,1000303,1498,monoprotic,medium,acid,single,1,8.297,7.13,0.0800145158167289,0,0,,0,0,1,0,0,50,0,0.8717322983108167,1.500000000000001,1.500000000000001,0.0,8.001732298310817,8.0,max_steps,555
303,ppo,1000303,1499,diprotic,medium,acid,separated,2,4.239,2.59,0.07406447973835374,0,0,,1,0,0,1,0,5,0,0.08018558855604585,10.77,10.77,0.0,2.6701855885560457,2.67,measured_success,555
303,ppo,1000303,1500,diprotic,near,base,separated,2,3.956,4.363,0.05018475299709258,0,0,,1,0,0,1,0,17,0,0.08450396394259041,1.35,0.0,1.35,4.27849603605741,4.28,measured_success,555
303,ppo,1000303,1501,monoprotic,medium,acid,single,1,4.873,3.857,0.09213401382840036,0,0,,1,0,0,1,0,2,0,0.07987558968712882,3.64,3.64,0.0,3.936875589687129,3.94,measured_success,555
303,ppo,1000303,1502,monoprotic,near,base,single,1,6.638,7.12,0.06439710111995715,0,0,,1,0,0,1,0,20,0,0.09518285786012814,1.2300000000000006,0.0,1.2300000000000006,7.024817142139872,7.0200000000000005,measured_success,555
303,ppo,1000303,1503,monoprotic,medium,base,single,1,4.941,6.525,0.03202235509956476,5,2,0.115,1,0,0,1,0,8,5,0.06296982680037111,13.620000000000001,6.069999999999999,7.550000000000001,6.5879698268003715,6.59,measured_success,555
303,ppo,1000303,1504,triprotic,near,base,overlapping,3,3.951,4.419,0.12923000970812337,0,0,,0,0,0,0,0,50,0,0.2517750387228377,4.469999999999997,0.0,4.469999999999997,4.167224961277162,4.17,max_steps,555
303,ppo,1000303,1505,monoprotic,medium,acid,single,1,5.341,4.218,0.15229320570767324,4,2,0.18,1,0,0,1,0,6,4,0.055675498041251714,8.11,4.67,3.44,4.273675498041252,4.2700000000000005,measured_success,555
303,ppo,1000303,1506,triprotic,medium,base,separated,3,8.14,9.888,0.12461649742812345,6,4,0.03,1,1,0,1,0,11,6,0.025323190466531642,14.379999999999999,6.21,8.17,9.862676809533468,9.86,measured_success,555
303,ppo,1000303,1507,diprotic,medium,base,separated,2,2.135,3.656,0.1095471714123024,0,0,,1,0,0,1,0,12,0,0.088871643516375,11.799999999999995,0.0,11.799999999999995,3.567128356483625,3.5700000000000003,measured_success,555
303,ppo,1000303,1508,monoprotic,near,acid,single,1,4.064,3.456,0.13737050495369163,0,0,,1,0,0,1,0,8,0,0.0913411047832029,5.669999999999999,5.669999999999999,0.0,3.547341104783203,3.5500000000000003,measured_success,555
303,ppo,1000303,1509,diprotic,near,acid,separated,2,3.086,2.555,0.0894914542180673,0,0,,1,0,0,1,0,2,0,0.0738945135357656,3.66,3.66,0.0,2.6288945135357658,2.63,measured_success,555
303,ppo,1000303,1510,monoprotic,near,acid,single,1,4.767,4.136,0.04721653328790923,3,2,0.145,1,1,0,1,0,6,3,0.036207006347324544,4.95,2.8000000000000003,2.15,4.099792993652676,4.1,measured_success,555
303,ppo,1000303,1511,monoprotic,medium,base,single,1,2.96,3.89,0.09941215600024089,0,0,,1,1,0,1,0,6,0,0.045512117506418814,5.989999999999999,0.0,5.989999999999999,3.8444878824935813,3.84,measured_success,555
303,ppo,1000303,1512,monoprotic,medium,base,single,1,2.212,4.138,0.1107921207001149,0,0,,1,0,0,1,0,7,0,0.0532880629106014,13.089999999999998,0.0,13.089999999999998,4.0847119370893985,4.08,measured_success,555
303,ppo,1000303,1513,diprotic,near,acid,separated,2,3.031,2.36,0.047539688324713635,1,0,1.225,0,0,0,1,1,2,1,0.10007577532168765,3.66,2.45,1.21,2.259924224678312,2.2600000000000002,measured_success,555
303,ppo,1000303,1514,diprotic,far,base,separated,2,5.022,8.939,0.0826439882846959,43,37,0.01,0,0,0,0,0,50,43,0.4553566328522365,17.23999999999999,5.359999999999996,11.879999999999995,9.394356632852237,9.39,max_steps,555
303,ppo,1000303,1515,monoprotic,medium,base,single,1,6.135,8.106,0.11769459859569541,4,2,0.145,1,0,0,1,0,6,4,0.08626757292288012,13.39,2.2399999999999998,11.15,8.01973242707712,8.02,measured_success,555
303,ppo,1000303,1516,monoprotic,medium,base,single,1,2.426,3.931,0.08911719601694963,0,0,,1,1,0,1,0,4,0,0.01698517879562189,8.22,0.0,8.22,3.914014821204378,3.91,measured_success,555
303,ppo,1000303,1517,monoprotic,medium,base,single,1,4.084,5.752,0.08660866715928076,7,3,0.02,1,1,0,1,0,9,7,0.008918889704829347,12.200000000000001,5.29,6.910000000000001,5.760918889704829,5.76,measured_success,555
303,ppo,1000303,1518,monoprotic,far,base,single,1,6.899,10.15,0.12631484305452775,5,3,0.1,1,0,0,1,0,8,5,0.07253663120559928,19.66,3.93,15.73,10.2225366312056,10.22,measured_success,555
303,ppo,1000303,1519,monoprotic,medium,acid,single,1,5.959,5.184,0.14678293707961038,0,0,,1,0,0,1,0,11,0,0.08049878268927291,7.37,7.37,0.0,5.264498782689273,5.26,measured_success,555
303,ppo,1000303,1520,monoprotic,medium,acid,single,1,6.897,5.544,0.06952787500145723,1,0,1.155,1,0,0,1,0,2,1,0.06466508892134026,5.82,5.82,0.0,5.479334911078659,5.48,measured_success,555
303,ppo,1000303,1521,diprotic,near,base,overlapping,2,4.459,4.89,0.15557720363908956,0,0,,0,0,0,0,0,50,0,0.24821539387004687,3.000000000000002,0.0,3.000000000000002,4.641784606129953,4.64,max_steps,555
303,ppo,1000303,1522,triprotic,medium,base,overlapping,3,3.881,5.602,0.076671607914503,8,3,0.01,1,0,0,1,0,9,8,0.07002987289731877,11.97,5.11,6.86,5.5319701271026815,5.53,measured_success,555
303,ppo,1000303,1523,monoprotic,far,acid,single,1,6.799,3.256,0.03772099064548094,5,3,0.145,1,1,0,1,0,8,5,0.026509224473682647,17.25,9.459999999999999,7.790000000000001,3.229490775526317,3.23,measured_success,555
303,ppo,1000303,1524,monoprotic,near,acid,single,1,2.877,2.249,0.12385774183550385,0,0,,1,0,0,1,0,7,0,0.09555780248996415,5.879999999999999,5.879999999999999,0.0,2.3445578024899643,2.34,measured_success,555
303,ppo,1000303,1525,monoprotic,medium,acid,single,1,3.312,1.713,0.036446380532104805,0,0,,1,0,0,1,0,1,0,0.0768507250617656,5.3,5.3,0.0,1.7898507250617657,1.79,measured_success,555
303,ppo,1000303,1526,monoprotic,near,base,single,1,6.116,6.667,0.05994048940525921,2,1,0.515,1,1,0,1,0,3,2,0.03733451555798695,3.54,1.03,2.5100000000000002,6.629665484442013,6.63,measured_success,555
303,ppo,1000303,1527,diprotic,far,base,separated,2,4.709,8.004,0.1106619431749674,47,44,0.01,0,0,1,0,0,50,47,1.3352746819981771,18.13999999999999,8.669999999999995,9.469999999999995,9.339274681998177,9.34,max_steps,555
303,ppo,1000303,1528,monoprotic,near,acid,single,1,2.821,2.248,0.06873114869639978,2,0,0.295,1,0,0,1,0,2,2,0.06687681162193648,3.04,2.45,0.59,2.3148768116219367,2.31,measured_success,555
303,ppo,1000303,1529,monoprotic,near,acid,single,1,6.8,6.125,0.047951521509947734,2,0,0.325,1,0,0,1,0,2,2,0.08943197516007295,2.71,2.06,0.65,6.214431975160073,6.21,measured_success,555
303,ppo,1000303,1530,monoprotic,medium,acid,single,1,7.548,6.522,0.14287993643821567,0,0,,1,0,0,1,0,6,0,0.06549962087227534,5.82,5.82,0.0,6.587499620872276,6.59,measured_success,555
303,ppo,1000303,1531,triprotic,near,acid,separated,3,2.417,1.785,0.06911788617592166,1,0,0.605,1,1,0,1,0,2,1,0.03901449957581593,3.66,3.66,0.0,1.745985500424184,1.75,measured_success,555
303,ppo,1000303,1532,diprotic,medium,acid,overlapping,2,4.53,2.682,0.04003517684607331,4,2,0.155,1,0,0,1,0,5,4,0.07963369797779629,9.49,6.41,3.0800000000000005,2.7616336979777962,2.7600000000000002,measured_success,555
303,ppo,1000303,1533,triprotic,near,base,overlapping,3,2.867,3.29,0.051579038005187185,0,0,,1,0,0,1,0,45,0,0.09152527956000966,4.049999999999998,0.0,4.049999999999998,3.1984747204399904,3.2,measured_success,555
303,ppo,1000303,1534,diprotic,medium,base,separated,2,4.68,5.624,0.03470109062694088,1,0,1.265,1,0,0,1,0,2,1,0.08910826172767816,2.76,0.23,2.53,5.713108261727678,5.71,measured_success,555
303,ppo,1000303,1535,diprotic,medium,base,separated,2,5.002,6.601,0.03376020295442398,2,0,1.345,1,1,0,1,0,2,2,0.040897952732886544,8.38,2.69,5.69,6.560102047267113,6.5600000000000005,measured_success,555
303,ppo,1000303,1536,monoprotic,medium,base,single,1,7.163,8.777,0.036216059449261345,4,3,0.305,1,1,0,1,0,8,4,0.031453418876468575,14.11,5.91,8.2,8.74554658112353,8.75,measured_success,555
303,ppo,1000303,1537,monoprotic,near,base,single,1,7.52,8.141,0.05224840344377507,0,0,,1,0,0,1,0,12,0,0.06229589223515397,0.7200000000000002,0.0,0.7200000000000002,8.078704107764846,8.08,measured_success,555
303,ppo,1000303,1538,monoprotic,far,acid,single,1,7.532,4.711,0.17931323985841593,46,43,0.01,0,0,0,0,0,50,46,0.11508600125925383,14.99999999999999,8.839999999999995,6.159999999999996,4.826086001259254,4.83,max_steps,555
303,ppo,1000303,1539,diprotic,near,acid,separated,2,3.262,2.933,0.05196970298276256,2,1,0.295,1,0,0,1,0,3,2,0.07502311484212143,3.68,2.06,1.62,3.0080231148421213,3.0100000000000002,measured_success,555
303,ppo,1000303,1540,diprotic,near,base,separated,2,3.528,3.97,0.06477747875037668,0,0,,1,0,0,1,0,13,0,0.0935690702531553,1.17,0.0,1.17,3.876430929746845,3.88,measured_success,555
303,ppo,1000303,1541,diprotic,near,acid,separated,2,7.305,6.871,0.08095543857548805,0,0,,0,0,0,0,0,50,0,0.16373565805622547,1.0000000000000004,1.0000000000000004,0.0,7.034735658056226,7.03,max_steps,555
303,ppo,1000303,1542,diprotic,medium,acid,separated,2,6.043,4.345,0.06222490537886585,0,0,,1,1,0,1,0,5,0,0.01615749783451026,9.459999999999999,9.459999999999999,0.0,4.36115749783451,4.36,measured_success,555
303,ppo,1000303,1543,monoprotic,near,base,single,1,6.199,6.693,0.0829529848988645,0,0,,1,1,0,1,0,11,0,0.038313625711715815,0.7900000000000003,0.0,0.7900000000000003,6.654686374288284,6.65,measured_success,555
303,ppo,1000303,1544,monoprotic,near,base,single,1,8.07,8.668,0.03898823098009236,0,0,,0,0,0,1,1,29,0,0.10164401579353921,1.700000000000001,0.0,1.700000000000001,8.56635598420646,8.57,measured_success,555
303,ppo,1000303,1545,triprotic,near,acid,overlapping,3,4.036,3.396,0.0715260135584914,0,0,,1,0,0,1,0,11,0,0.08649575363061501,7.799999999999998,7.799999999999998,0.0,3.482495753630615,3.48,measured_success,555
303,ppo,1000303,1546,monoprotic,near,base,single,1,5.813,6.047,0.07140480652531303,0,0,,1,0,0,1,0,7,0,0.08484355531676702,0.48000000000000004,0.0,0.48000000000000004,5.962156444683233,5.96,measured_success,555
303,ppo,1000303,1547,monoprotic,near,base,single,1,2.401,2.724,0.05530438342663044,0,0,,1,1,0,1,0,4,0,0.0012546759667229068,1.02,0.0,1.02,2.7227453240332773,2.72,measured_success,555
303,ppo,1000303,1548,monoprotic,near,acid,single,1,6.533,5.998,0.05376119699274712,2,2,0.225,1,0,0,1,0,4,2,0.08187281480216857,3.7600000000000002,2.2800000000000002,1.48,6.079872814802169,6.08,measured_success,555
303,ppo,1000303,1549,monoprotic,near,base,single,1,6.054,6.307,0.09775636071887406,0,0,,1,0,0,1,0,12,0,0.0910460437767977,0.8300000000000003,0.0,0.8300000000000003,6.215953956223203,6.22,measured_success,555
303,ppo,1000303,1550,triprotic,medium,base,separated,3,6.966,8.868,0.16510748838514466,1,0,0.925,1,1,0,1,0,5,1,0.03371179320650519,16.52,0.0,16.52,8.901711793206506,8.9,measured_success,555
303,ppo,1000303,1551,diprotic,far,acid,separated,2,7.504,5.318,0.05287088210485721,1,0,0.145,1,1,0,1,0,3,1,0.0031729499866290922,6.800000000000001,6.800000000000001,0.0,5.3148270500133705,5.3100000000000005,measured_success,555
303,ppo,1000303,1552,triprotic,near,base,overlapping,3,2.928,3.155,0.032785953859530974,0,0,,1,0,0,1,0,12,0,0.09548353679268606,1.0799999999999998,0.0,1.0799999999999998,3.0595164632073137,3.06,measured_success,555
303,ppo,1000303,1553,monoprotic,near,acid,single,1,3.987,3.361,0.06735401183895359,0,0,,1,1,0,1,0,1,0,0.01957263469192272,2.45,2.45,0.0,3.380572634691923,3.38,measured_success,555
303,ppo,1000303,1554,diprotic,far,base,separated,2,8.091,11.244,0.0365931144477818,3,0,0.1,1,0,0,1,0,6,3,0.050798894582470666,13.91,6.21,7.7,11.29479889458247,11.290000000000001,measured_success,555
303,ppo,1000303,1555,monoprotic,far,base,single,1,7.786,10.603,0.12898644534304984,2,1,0.925,1,0,0,1,0,4,2,0.07416219098074173,10.649999999999999,1.85,8.799999999999999,10.528837809019258,10.53,measured_success,555
303,ppo,1000303,1556,monoprotic,near,base,single,1,6.476,7.02,0.032214660420106844,2,1,0.22,1,0,0,1,0,3,2,0.08302343988669314,3.5300000000000002,1.47,2.06,6.936976560113306,6.94,measured_success,555
303,ppo,1000303,1557,triprotic,medium,acid,separated,3,7.225,5.51,0.10266475309317209,0,0,,1,1,0,1,0,1,0,0.03400956009200762,5.3,5.3,0.0,5.544009560092007,5.54,measured_success,555
303,ppo,1000303,1558,monoprotic,medium,acid,single,1,3.193,1.612,0.08962899087110694,0,0,,1,1,0,1,0,7,0,0.04781736868952802,13.99,13.99,0.0,1.6598173686895281,1.6600000000000001,measured_success,555
303,ppo,1000303,1559,diprotic,medium,base,separated,2,7.752,9.294,0.05079524265721838,4,3,0.305,1,1,0,1,0,9,4,0.03350734832554636,14.17,5.91,8.26,9.260492651674454,9.26,measured_success,555
303,ppo,1000303,1560,monoprotic,medium,base,single,1,6.799,8.324,0.09767458729285632,0,0,,1,0,0,1,0,6,0,0.08075865547189132,10.24,0.0,10.24,8.243241344528109,8.24,measured_success,555
303,ppo,1000303,1561,diprotic,medium,acid,separated,2,4.62,3.75,0.05323197460841998,1,0,0.71,1,1,0,1,0,2,1,0.016672008477726763,4.68,4.68,0.0,3.7333279915222732,3.73,measured_success,555
303,ppo,1000303,1562,diprotic,far,acid,separated,2,4.989,1.515,0.07884627817841511,0,0,,1,0,0,1,0,7,0,0.09818413254724478,16.6,16.6,0.0,1.6131841325472447,1.61,measured_success,555
303,ppo,1000303,1563,diprotic,far,base,separated,2,6.417,9.733,0.03315418240943613,5,5,0.14,1,0,0,1,0,10,5,0.09106139082325981,20.35,9.8,10.549999999999999,9.82406139082326,9.82,measured_success,555
303,ppo,1000303,1564,diprotic,far,base,separated,2,2.711,5.657,0.11465233653391989,2,1,0.31,1,0,0,1,0,8,2,0.05785177712055045,26.459999999999997,0.62,25.839999999999996,5.59914822287945,5.6000000000000005,measured_success,555
303,ppo,1000303,1565,triprotic,medium,acid,separated,3,4.003,2.61,0.07138603662537146,2,0,0.295,1,1,0,1,0,4,2,0.03073587091222718,8.0,7.41,0.59,2.640735870912227,2.64,measured_success,555
303,ppo,1000303,1566,diprotic,medium,acid,separated,2,2.809,1.721,0.16323329979362655,0,0,,0,0,0,1,1,20,0,0.10266124584408987,17.419999999999998,17.419999999999998,0.0,1.82366124584409,1.82,measured_success,555
303,ppo,1000303,1567,diprotic,medium,acid,separated,2,3.044,1.867,0.051603001044441855,0,0,,1,0,0,1,0,1,0,0.08239424950436325,3.98,3.98,0.0,1.9493942495043632,1.95,measured_success,555
303,ppo,1000303,1568,monoprotic,near,base,single,1,6.355,6.976,0.09570278511412308,2,1,0.285,1,1,0,1,0,3,2,0.009511799900443485,3.77,0.57,3.2,6.9664882000995565,6.97,measured_success,555
303,ppo,1000303,1569,monoprotic,near,acid,single,1,7.736,7.387,0.04425725559720711,0,0,,1,0,0,1,0,30,0,0.09192060436525207,0.6000000000000002,0.6000000000000002,0.0,7.478920604365252,7.48,measured_success,555
303,ppo,1000303,1570,monoprotic,medium,base,single,1,4.773,6.117,0.13637996129200794,3,0,0.035,1,1,0,1,0,8,3,0.03779067124546476,6.910000000000001,2.41,4.500000000000001,6.154790671245465,6.15,measured_success,555
303,ppo,1000303,1571,triprotic,medium,base,separated,3,3.395,4.674,0.04813340772094637,0,0,,1,0,0,1,0,2,0,0.0718070200274381,5.85,0.0,5.85,4.602192979972562,4.6000000000000005,measured_success,555
303,ppo,1000303,1572,triprotic,near,acid,separated,3,6.637,6.391,0.08165611188657097,0,0,,0,0,0,1,1,31,0,0.10170542566226892,0.6200000000000002,0.6200000000000002,0.0,6.492705425662269,6.49,measured_success,555
303,ppo,1000303,1573,triprotic,medium,base,separated,3,3.356,5.278,0.06665411032709762,0,0,,0,0,0,1,1,5,0,0.10255793581182804,6.140000000000001,0.0,6.140000000000001,5.1754420641881715,5.18,measured_success,555
303,ppo,1000303,1574,diprotic,near,base,separated,2,3.325,3.709,0.04969530355436459,0,0,,0,0,0,1,1,6,0,0.10380963053451042,0.5399999999999999,0.0,0.5399999999999999,3.6051903694654897,3.61,measured_success,555
303,ppo,1000303,1575,monoprotic,medium,acid,single,1,2.875,1.817,0.15397686858408885,0,0,,1,0,0,1,0,1,0,0.08991674061720523,3.98,3.98,0.0,1.9069167406172052,1.9100000000000001,measured_success,555
303,ppo,1000303,1576,monoprotic,medium,base,single,1,8.72,9.874,0.031551730380277754,0,0,,1,0,0,1,0,12,0,0.07565705611996343,0.7500000000000002,0.0,0.7500000000000002,9.798342943880037,9.8,measured_success,555
303,ppo,1000303,1577,monoprotic,medium,acid,single,1,5.365,3.65,0.12057583137113834,3,2,0.225,1,1,0,1,0,6,3,0.0461190443724937,12.559999999999999,11.229999999999999,1.33,3.603880955627506,3.6,measured_success,555
303,ppo,1000303,1578,triprotic,medium,base,separated,3,4.637,6.39,0.08439233304071235,1,1,0.925,1,1,0,1,0,3,1,0.04910328622474314,8.46,0.92,7.540000000000001,6.439103286224743,6.44,measured_success,555
303,ppo,1000303,1579,triprotic,medium,base,separated,3,3.719,5.532,0.09742946790394946,0,0,,1,0,0,1,0,1,0,0.06768681270148313,5.69,0.0,5.69,5.464313187298517,5.46,measured_success,555
303,ppo,1000303,1580,diprotic,far,base,separated,2,3.784,6.449,0.10145107848630891,2,1,0.55,1,1,0,1,0,6,2,0.027307305419970618,17.580000000000002,1.1,16.48,6.421692694580029,6.42,measured_success,555
303,ppo,1000303,1581,monoprotic,medium,acid,single,1,8.635,6.821,0.056703141013721245,0,0,,1,0,0,1,0,36,0,0.0732180981117807,4.98,4.98,0.0,6.89421809811178,6.890000000000001,measured_success,555
303,ppo,1000303,1582,diprotic,near,base,separated,2,6.771,7.074,0.04225648555185996,0,0,,1,0,0,1,0,9,0,0.07434040371074957,0.5900000000000001,0.0,0.5900000000000001,6.99965959628925,7.0,measured_success,555
303,ppo,1000303,1583,diprotic,medium,acid,separated,2,4.615,2.992,0.032322135936272055,2,0,1.11,1,0,0,1,0,2,2,0.0675988084251502,7.52,5.3,2.22,3.05959880842515,3.06,measured_success,555
303,ppo,1000303,1584,triprotic,near,acid,overlapping,3,2.758,2.226,0.08853646292669982,0,0,,1,0,0,1,0,21,0,0.0866124944771709,11.810000000000006,11.810000000000006,0.0,2.312612494477171,2.31,measured_success,555
303,ppo,1000303,1585,monoprotic,medium,base,single,1,7.659,8.583,0.06297443321005891,0,0,,1,0,0,1,0,48,0,0.09430818486939252,3.3000000000000016,0.0,3.3000000000000016,8.488691815130608,8.49,measured_success,555
303,ppo,1000303,1586,triprotic,near,base,separated,3,3.403,3.606,0.1401725951061586,0,0,,0,0,0,1,1,19,0,0.10053420348333386,1.6800000000000004,0.0,1.6800000000000004,3.505465796516666,3.5100000000000002,measured_success,555
303,ppo,1000303,1587,monoprotic,medium,base,single,1,6.53,8.086,0.14069324620536153,3,1,0.135,1,1,0,1,0,5,3,0.019199793646498264,8.8,0.92,7.880000000000001,8.105199793646499,8.11,measured_success,555
303,ppo,1000303,1588,diprotic,medium,acid,separated,2,3.635,1.843,0.03397790782414684,1,0,2.65,1,1,0,1,0,1,1,0.04417091874913304,5.3,5.3,0.0,1.798829081250867,1.8,measured_success,555
303,ppo,1000303,1589,diprotic,near,acid,separated,2,4.096,3.545,0.07033352286533902,0,0,,1,0,0,1,0,1,0,0.05142015540647904,2.06,2.06,0.0,3.596420155406479,3.6,measured_success,555
303,ppo,1000303,1590,diprotic,near,acid,separated,2,3.151,2.689,0.0523777289292955,1,0,1.225,1,0,0,1,0,1,1,0.07947466845863094,2.45,2.45,0.0,2.609525331541369,2.61,measured_success,555
303,ppo,1000303,1591,monoprotic,medium,base,single,1,6.671,8.642,0.08997236885009857,8,5,0.01,1,0,0,1,0,13,8,0.07030768978430402,13.969999999999999,6.249999999999999,7.720000000000001,8.571692310215695,8.57,measured_success,555
303,ppo,1000303,1592,monoprotic,far,base,single,1,2.138,5.445,0.03544877966022492,43,44,0.01,0,0,1,0,0,50,43,3.910676444520707,18.929999999999993,8.369999999999996,10.559999999999997,9.355676444520707,9.36,max_steps,555
303,ppo,1000303,1593,diprotic,far,acid,separated,2,6.468,3.637,0.03472505786883604,0,0,,1,0,0,1,0,2,0,0.07292790867390808,7.090000000000001,7.090000000000001,0.0,3.709927908673908,3.71,measured_success,555
303,ppo,1000303,1594,monoprotic,far,acid,single,1,9.513,6.583,0.11113310988780835,0,0,,0,0,1,0,0,50,0,2.241820757854873,2.000000000000001,2.000000000000001,0.0,8.824820757854873,8.82,max_steps,555
303,ppo,1000303,1595,monoprotic,medium,base,single,1,6.308,8.172,0.06965282546585559,1,1,0.925,1,0,0,1,0,3,1,0.09677228225806545,8.46,0.92,7.540000000000001,8.268772282258066,8.27,measured_success,555
303,ppo,1000303,1596,diprotic,near,acid,separated,2,4.696,4.313,0.06314893883024043,0,0,,1,0,0,1,0,14,0,0.08769128131646209,0.8400000000000003,0.8400000000000003,0.0,4.400691281316462,4.4,measured_success,555
303,ppo,1000303,1597,monoprotic,medium,base,single,1,3.267,5.254,0.06857126874893872,7,4,0.02,1,1,0,1,0,11,7,0.035236710402580584,12.430000000000001,5.510000000000001,6.920000000000001,5.28923671040258,5.29,measured_success,555
303,ppo,1000303,1598,triprotic,medium,base,separated,3,2.353,3.237,0.12624781362943255,0,0,,1,0,0,1,0,6,0,0.07643357792158145,6.14,0.0,6.14,3.1605664220784186,3.16,measured_success,555
303,ppo,1000303,1599,diprotic,medium,acid,separated,2,4.97,3.089,0.03443731950470776,5,5,0.135,1,0,0,1,0,7,5,0.060621541139890045,10.129999999999999,6.68,3.45,3.02837845886011,3.0300000000000002,measured_success,555
303,ppo,1000303,1600,monoprotic,far,base,single,1,6.88,9.155,0.10381778552120671,5,2,0.1,1,1,0,1,0,7,5,0.04362477232610651,13.549999999999999,2.6,10.95,9.198624772326106,9.200000000000001,measured_success,555
303,ppo,1000303,1601,triprotic,near,base,overlapping,3,3.069,3.389,0.05974741062588436,0,0,,1,0,0,1,0,20,0,0.09216244677906049,1.8000000000000005,0.0,1.8000000000000005,3.2968375532209393,3.3000000000000003,measured_success,555
303,ppo,1000303,1602,triprotic,far,base,overlapping,3,3.973,7.117,0.10398245698488423,45,42,0.01,0,0,1,0,0,50,45,2.0994625001930745,15.879999999999988,5.239999999999995,10.639999999999993,9.216462500193074,9.22,max_steps,555
303,ppo,1000303,1603,monoprotic,medium,acid,single,1,7.606,5.735,0.15397949280589035,2,1,0.575,1,0,0,1,0,6,2,0.07009163701011278,12.75,11.6,1.15,5.805091637010113,5.8100000000000005,measured_success,555
303,ppo,1000303,1604,monoprotic,near,base,single,1,7.037,7.705,0.03934297249065393,0,0,,1,0,0,1,0,14,0,0.09416152603573913,0.8900000000000003,0.0,0.8900000000000003,7.610838473964261,7.61,measured_success,555
303,ppo,1000303,1605,diprotic,medium,acid,separated,2,3.263,1.708,0.07256966405084882,0,0,,1,0,0,1,0,6,0,0.08027652028124499,10.11,10.11,0.0,1.788276520281245,1.79,measured_success,555
303,ppo,1000303,1606,monoprotic,far,base,single,1,4.8,7.283,0.08616116460013606,5,0,0.115,1,0,0,1,0,8,5,0.061219650621255006,12.02,3.8499999999999996,8.17,7.344219650621255,7.34,measured_success,555
303,ppo,1000303,1607,monoprotic,medium,base,single,1,3.227,4.942,0.14055733359878259,2,1,0.25,1,1,0,1,0,6,3,0.00010011301478840551,10.330000000000002,1.12,9.21,4.942100113014789,4.94,measured_success,555
303,ppo,1000303,1608,diprotic,near,base,separated,2,2.869,3.505,0.10642672856082047,0,0,,1,0,0,1,0,7,0,0.09059549913267073,3.6,0.0,3.6,3.414404500867329,3.41,measured_success,555
303,ppo,1000303,1609,triprotic,medium,base,separated,3,3.003,3.867,0.05346860025001819,0,0,,1,0,0,1,0,4,0,0.07875198984109488,5.109999999999999,0.0,5.109999999999999,3.788248010158905,3.79,measured_success,555
303,ppo,1000303,1610,triprotic,far,base,overlapping,3,3.154,6.136,0.07065330381376446,6,0,0.01,1,1,0,1,0,13,6,0.04892727322100132,22.059999999999995,3.3799999999999994,18.679999999999996,6.087072726778999,6.09,measured_success,555
303,ppo,1000303,1611,monoprotic,near,acid,single,1,5.956,5.321,0.12138266587803574,2,1,0.515,1,0,0,1,0,2,2,0.05542690553232532,3.09,2.06,1.03,5.376426905532325,5.38,measured_success,555
303,ppo,1000303,1612,diprotic,medium,base,separated,2,3.475,4.576,0.07556591046768527,2,2,0.51,1,1,0,1,0,4,2,0.014538801918440036,6.58,1.02,5.56,4.56146119808156,4.5600000000000005,measured_success,555
303,ppo,1000303,1613,triprotic,medium,acid,separated,3,6.648,5.025,0.05288110915308654,1,0,2.65,1,1,0,1,0,2,1,0.04461917441080665,5.7,5.3,0.4,4.980380825589194,4.98,measured_success,555
303,ppo,1000303,1614,monoprotic,near,acid,single,1,8.6,7.92,0.05215163851799906,0,0,,0,0,0,0,0,50,0,0.3320067961787725,1.0000000000000004,1.0000000000000004,0.0,8.252006796178772,8.25,max_steps,555
303,ppo,1000303,1615,triprotic,medium,acid,separated,3,5.185,4.388,0.04595538155539519,2,0,0.325,1,0,0,1,0,2,2,0.06514789000812726,2.71,2.06,0.65,4.453147890008127,4.45,measured_success,555
303,ppo,1000303,1616,monoprotic,far,acid,single,1,7.314,4.755,0.0387734087168205,5,3,0.045,1,1,0,1,0,10,5,0.004091772923957571,12.89,7.36,5.529999999999999,4.750908227076042,4.75,measured_success,555
303,ppo,1000303,1617,monoprotic,medium,base,single,1,5.622,6.643,0.1578911600271442,0,0,,1,1,0,1,0,1,0,0.03298493841784467,3.17,0.0,3.17,6.610015061582155,6.61,measured_success,555
303,ppo,1000303,1618,triprotic,medium,acid,separated,3,7.057,5.933,0.05756221283277547,2,0,0.2,1,1,0,1,0,2,2,0.02300724381205299,3.64,3.24,0.4,5.956007243812053,5.96,measured_success,555
303,ppo,1000303,1619,diprotic,near,acid,separated,2,2.383,1.817,0.08090328246087025,0,0,,1,0,0,1,0,4,0,0.08233031872541585,4.82,4.82,0.0,1.8993303187254158,1.9000000000000001,measured_success,555
303,ppo,1000303,1620,monoprotic,near,base,single,1,4.203,4.465,0.14215584853323635,0,0,,1,0,0,1,0,17,0,0.09031915310912098,1.0200000000000005,0.0,1.0200000000000005,4.374680846890879,4.37,measured_success,555
303,ppo,1000303,1621,diprotic,medium,base,overlapping,2,2.32,3.606,0.037426834180500426,1,0,0.57,1,1,0,1,0,3,1,0.029588263055409847,6.55,0.0,6.55,3.6355882630554097,3.64,measured_success,555
303,ppo,1000303,1622,monoprotic,near,acid,single,1,2.161,1.776,0.07891487144876169,0,0,,1,1,0,1,0,1,0,0.01328147718431505,2.98,2.98,0.0,1.789281477184315,1.79,measured_success,555
303,ppo,1000303,1623,diprotic,medium,acid,separated,2,4.943,3.158,0.03617542612221122,1,0,2.65,1,1,0,1,0,3,1,0.03300136985359492,6.35,5.3,1.05,3.124998630146405,3.12,measured_success,555
303,ppo,1000303,1624,diprotic,near,acid,separated,2,2.309,1.736,0.03092358612351212,0,0,,1,0,0,1,0,1,0,0.09871217934585874,2.45,2.45,0.0,1.8347121793458587,1.83,measured_success,555
303,ppo,1000303,1625,triprotic,medium,acid,separated,3,6.819,5.049,0.05085562353759211,0,0,,1,1,0,1,0,1,0,0.003546054567400425,5.3,5.3,0.0,5.052546054567401,5.05,measured_success,555
303,ppo,1000303,1626,monoprotic,medium,acid,single,1,5.704,4.629,0.03893146435524514,2,0,0.71,1,1,0,1,0,3,2,0.04553274440518251,5.36,3.9400000000000004,1.42,4.674532744405182,4.67,measured_success,555
303,ppo,1000303,1627,triprotic,medium,acid,separated,3,5.461,3.636,0.12964413740964145,0,0,,1,0,0,1,0,9,0,0.0702851630820529,15.960000000000003,15.960000000000003,0.0,3.706285163082053,3.71,measured_success,555
303,ppo,1000303,1628,triprotic,far,acid,separated,3,5.189,3.101,0.10980011552907852,0,0,,1,0,0,1,0,11,0,0.0817637930095314,17.28,17.28,0.0,3.1827637930095314,3.18,measured_success,555
303,ppo,1000303,1629,monoprotic,medium,acid,single,1,6.271,4.989,0.08067328977856335,3,2,0.11,1,1,0,1,0,5,3,0.01779752011286906,6.949999999999999,5.579999999999999,1.37,4.971202479887131,4.97,measured_success,555
303,ppo,1000303,1630,monoprotic,medium,base,single,1,2.864,3.757,0.11701392791722846,0,0,,1,0,0,1,0,4,0,0.09838466361455067,4.93,0.0,4.93,3.6586153363854494,3.66,measured_success,555
303,ppo,1000303,1631,triprotic,medium,base,separated,3,3.876,5.384,0.0838278339173547,0,0,,1,0,0,1,0,5,0,0.09706338681728965,8.43,0.0,8.43,5.286936613182711,5.29,measured_success,555
303,ppo,1000303,1632,diprotic,medium,acid,separated,2,4.684,3.423,0.09310153041695564,0,0,,1,0,0,1,0,3,0,0.09485767303244153,7.3500000000000005,7.3500000000000005,0.0,3.5178576730324416,3.52,measured_success,555
303,ppo,1000303,1633,monoprotic,medium,base,single,1,3.533,4.564,0.09032351437874056,1,0,0.62,1,1,0,1,0,3,1,0.008687117501493091,5.8100000000000005,0.0,5.8100000000000005,4.572687117501493,4.57,measured_success,555
303,ppo,1000303,1634,triprotic,medium,acid,separated,3,3.805,2.398,0.15037799802032967,0,0,,1,0,0,1,0,3,0,0.06804069627091325,8.620000000000001,8.620000000000001,0.0,2.4660406962709134,2.47,measured_success,555
303,ppo,1000303,1635,triprotic,near,acid,separated,3,3.749,3.347,0.13001642786635137,0,0,,1,1,0,1,0,2,0,0.034481829160728505,3.27,3.27,0.0,3.3814818291607285,3.38,measured_success,555
303,ppo,1000303,1636,diprotic,near,base,separated,2,5.301,5.661,0.042986237768937466,0,0,,1,0,0,1,0,17,0,0.08555129263577044,1.0500000000000005,0.0,1.0500000000000005,5.575448707364229,5.58,measured_success,555
303,ppo,1000303,1637,diprotic,near,base,separated,2,5.589,6.219,0.06804923231193996,0,0,,1,1,0,1,0,2,0,0.030255696420860012,3.2,0.0,3.2,6.18874430357914,6.19,measured_success,555
303,ppo,1000303,1638,diprotic,near,acid,separated,2,2.821,2.618,0.03230849414650199,0,0,,1,0,0,1,0,4,0,0.08895329521587714,0.36,0.36,0.0,2.706953295215877,2.71,measured_success,555
303,ppo,1000303,1639,monoprotic,medium,acid,single,1,5.936,4.307,0.1538183127808851,0,0,,1,0,0,1,0,6,0,0.06589963174939939,6.86,6.86,0.0,4.3728996317494,4.37,measured_success,555
303,ppo,1000303,1640,monoprotic,near,acid,single,1,6.735,6.531,0.15766342877410128,0,0,,0,0,0,1,1,21,0,0.10087055395270195,0.4200000000000001,0.4200000000000001,0.0,6.631870553952702,6.63,measured_success,555
303,ppo,1000303,1641,monoprotic,medium,base,single,1,8.553,9.702,0.06072572203565974,0,0,,1,0,0,1,0,49,0,0.07896809162266116,2.9000000000000012,0.0,2.9000000000000012,9.623031908377339,9.620000000000001,measured_success,555
303,ppo,1000303,1642,triprotic,medium,base,separated,3,3.271,5.048,0.16157023938787496,0,0,,1,0,0,1,0,12,0,0.08284261739814447,16.569999999999997,0.0,16.569999999999997,4.965157382601856,4.97,measured_success,555
303,ppo,1000303,1643,triprotic,medium,base,separated,3,3.971,5.066,0.05984242659954697,0,0,,1,0,0,1,0,10,0,0.09564418351138482,3.75,0.0,3.75,4.970355816488615,4.97,measured_success,555
303,ppo,1000303,1644,diprotic,near,base,separated,2,6.836,7.436,0.07397866166630256,3,1,0.135,1,1,0,1,0,7,3,0.012971226477215936,4.960000000000001,2.18,2.7800000000000002,7.448971226477216,7.45,measured_success,555
303,ppo,1000303,1645,triprotic,far,base,separated,3,6.698,8.851,0.036982182380175664,6,2,0.045,1,0,0,1,0,9,6,0.0828718302180409,15.43,6.3999999999999995,9.03,8.76812816978196,8.77,measured_success,555
303,ppo,1000303,1646,diprotic,near,base,separated,2,2.668,3.016,0.07124895092837301,0,0,,1,0,0,1,0,12,0,0.09840049621672531,1.0799999999999998,0.0,1.0799999999999998,2.9175995037832747,2.92,measured_success,555
303,ppo,1000303,1647,triprotic,far,acid,separated,3,5.78,2.706,0.14142871705001267,0,0,,1,0,0,1,0,14,0,0.08963627015771314,26.619999999999994,26.619999999999994,0.0,2.795636270157713,2.8000000000000003,measured_success,555
303,ppo,1000303,1648,diprotic,medium,base,separated,2,5.241,6.204,0.03314937172450923,5,3,0.035,1,1,0,1,0,9,5,0.022294438868265765,7.169999999999999,3.2499999999999996,3.9199999999999995,6.2262944388682655,6.23,measured_success,555
303,ppo,1000303,1649,diprotic,medium,acid,separated,2,5.219,4.436,0.03852944243657938,1,0,0.295,1,1,0,1,0,3,1,0.01959731327355385,3.8099999999999996,3.8099999999999996,0.0,4.416402686726446,4.42,measured_success,555
303,ppo,1000303,1650,monoprotic,near,base,single,1,7.302,7.969,0.15744815526806974,0,0,,0,0,0,0,0,50,0,0.36599396022544983,3.660000000000002,0.0,3.660000000000002,7.6030060397745505,7.6000000000000005,max_steps,555
303,ppo,1000303,1651,monoprotic,medium,acid,single,1,4.88,4.052,0.03668770270833698,2,1,0.73,1,0,0,1,0,4,2,0.09496529537313236,7.05,3.96,3.09,4.146965295373132,4.15,measured_success,555
303,ppo,1000303,1652,triprotic,far,base,separated,3,2.276,4.356,0.07526823662870273,0,0,,1,0,0,1,0,5,0,0.06772942720302666,9.760000000000002,0.0,9.760000000000002,4.288270572796973,4.29,measured_success,555
303,ppo,1000303,1653,diprotic,near,acid,separated,2,5.676,5.294,0.17204791277698925,0,0,,0,0,0,0,0,50,0,0.10349396112060827,2.960000000000002,2.960000000000002,0.0,5.397493961120608,5.4,max_steps,555
303,ppo,1000303,1654,diprotic,medium,acid,separated,2,5.87,4.105,0.044061604133454065,4,3,0.275,1,0,0,1,0,5,4,0.07515983941687487,9.45,6.68,2.7700000000000005,4.180159839416875,4.18,measured_success,555
303,ppo,1000303,1655,diprotic,medium,base,separated,2,5.095,6.808,0.11168834573542819,6,2,0.045,1,1,0,1,0,11,6,0.04509683021343136,14.709999999999999,6.119999999999999,8.59,6.7629031697865685,6.76,measured_success,555
303,ppo,1000303,1656,triprotic,medium,acid,separated,3,3.736,2.759,0.09671929920574533,0,0,,1,0,0,1,0,8,0,0.06860994578986412,9.580000000000002,9.580000000000002,0.0,2.827609945789864,2.83,measured_success,555
303,ppo,1000303,1657,monoprotic,near,base,single,1,8.316,8.699,0.05194301988994967,0,0,,1,0,0,1,0,17,0,0.09874970210977985,0.9000000000000004,0.0,0.9000000000000004,8.60025029789022,8.6,measured_success,555
303,ppo,1000303,1658,diprotic,near,acid,separated,2,3.935,3.42,0.03103346964335275,2,1,0.5,1,0,0,1,0,4,2,0.0750856640363411,4.540000000000001,2.5100000000000002,2.0300000000000002,3.495085664036341,3.5,measured_success,555
303,ppo,1000303,1659,monoprotic,near,acid,single,1,3.29,3.047,0.1152798073961903,0,0,,1,0,0,1,0,16,0,0.0913887561665292,1.4400000000000002,1.4400000000000002,0.0,3.1383887561665293,3.14,measured_success,555
303,ppo,1000303,1660,diprotic,medium,base,separated,2,2.903,4.117,0.05513941356513609,1,1,0.57,1,0,0,1,0,4,1,0.0878649005565082,7.12,0.57,6.55,4.204864900556508,4.2,measured_success,555
303,ppo,1000303,1661,diprotic,medium,acid,separated,2,4.722,3.153,0.06195164329247273,2,0,1.11,1,0,0,1,0,2,2,0.05520267455811867,7.52,5.3,2.22,3.2082026745581187,3.21,measured_success,555
303,ppo,1000303,1662,diprotic,far,base,separated,2,6.84,10.823,0.056177268237946804,5,2,0.1,1,1,0,1,0,10,5,0.0032118136722480983,16.169999999999998,6.759999999999999,9.409999999999998,10.826211813672248,10.83,measured_success,555
303,ppo,1000303,1663,triprotic,far,acid,separated,3,8.637,4.892,0.12965493362130698,0,0,,1,0,0,1,0,16,0,0.07380950437601452,29.279999999999994,29.279999999999994,0.0,4.965809504376015,4.97,measured_success,555
303,ppo,1000303,1664,triprotic,far,base,separated,3,6.692,9.028,0.03823620342666648,7,3,0.015,1,0,0,1,0,12,7,0.05971573072158343,15.849999999999998,7.009999999999999,8.839999999999998,9.087715730721584,9.09,measured_success,555
303,ppo,1000303,1665,diprotic,medium,acid,separated,2,5.813,4.08,0.1521621759097768,0,0,,0,0,0,1,1,14,0,0.10394804174252315,12.099999999999994,12.099999999999994,0.0,4.183948041742523,4.18,measured_success,555
303,ppo,1000303,1666,triprotic,medium,acid,separated,3,5.211,3.401,0.04454021953777666,0,0,,1,1,0,1,0,2,0,0.04167584560165416,5.7,5.7,0.0,3.442675845601654,3.44,measured_success,555
303,ppo,1000303,1667,diprotic,near,acid,separated,2,2.057,1.555,0.04034888585220829,0,0,,1,0,0,1,0,1,0,0.09634595291654446,2.45,2.45,0.0,1.6513459529165444,1.6500000000000001,measured_success,555
303,ppo,1000303,1668,diprotic,medium,acid,separated,2,5.483,4.481,0.07835252705858667,0,0,,1,1,0,1,0,3,0,0.03133397683929395,5.55,5.55,0.0,4.512333976839294,4.51,measured_success,555
303,ppo,1000303,1669,triprotic,near,acid,separated,3,2.562,1.965,0.12027798540127534,0,0,,1,0,0,1,0,7,0,0.09870016102167756,6.779999999999999,6.779999999999999,0.0,2.0637001610216776,2.06,measured_success,555
303,ppo,1000303,1670,triprotic,medium,acid,separated,3,3.57,2.665,0.07978024546058082,0,0,,1,0,0,1,0,4,0,0.0869795800119677,7.390000000000001,7.390000000000001,0.0,2.7519795800119677,2.75,measured_success,555
303,ppo,1000303,1671,diprotic,far,base,separated,2,6.373,8.414,0.12504520809071648,5,1,0.13,1,1,0,1,0,8,5,0.012268787668405778,14.6,6.08,8.52,8.426268787668405,8.43,measured_success,555
303,ppo,1000303,1672,diprotic,medium,base,overlapping,2,3.631,5.072,0.050138376538897106,0,0,,1,0,0,1,0,2,0,0.0958771084898915,6.3100000000000005,0.0,6.3100000000000005,4.976122891510109,4.98,measured_success,555
303,ppo,1000303,1673,monoprotic,far,acid,single,1,6.217,3.86,0.06559455714607601,4,2,0.275,1,1,0,1,0,5,4,0.002264581686046707,9.38,6.61,2.7700000000000005,3.8622645816860466,3.86,measured_success,555
303,ppo,1000303,1674,triprotic,near,base,separated,3,5.426,5.992,0.11673732934619376,0,0,,1,0,0,1,0,9,0,0.09379020495469792,5.74,0.0,5.74,5.898209795045302,5.9,measured_success,555
303,ppo,1000303,1675,diprotic,medium,base,separated,2,4.881,6.072,0.06314624941966403,3,1,0.225,1,1,0,1,0,4,3,0.03285832228836849,7.33,1.15,6.180000000000001,6.1048583222883686,6.1000000000000005,measured_success,555
303,ppo,1000303,1676,diprotic,medium,acid,overlapping,2,3.723,2.735,0.0785450470602256,0,0,,1,1,0,1,0,4,0,0.034229715396224325,7.390000000000001,7.390000000000001,0.0,2.769229715396224,2.77,measured_success,555
303,ppo,1000303,1677,triprotic,near,base,separated,3,3.856,4.14,0.11447885650719537,0,0,,0,0,0,1,1,27,0,0.10284197924008343,2.2800000000000007,0.0,2.2800000000000007,4.037158020759916,4.04,measured_success,555
303,ppo,1000303,1678,diprotic,medium,base,separated,2,6.993,8.829,0.05562717580179512,9,10,0.01,1,0,0,1,0,14,9,0.0548265717053269,13.709999999999999,6.629999999999999,7.08,8.883826571705328,8.88,measured_success,555
303,ppo,1000303,1679,monoprotic,near,acid,single,1,6.127,5.814,0.050340984211497325,0,0,,1,0,0,1,0,13,0,0.09100151601882445,0.7500000000000002,0.7500000000000002,0.0,5.9050015160188245,5.91,measured_success,555
303,ppo,1000303,1680,diprotic,medium,acid,separated,2,4.41,2.786,0.13517730614924747,0,0,,1,0,0,1,0,12,0,0.07624083674747828,17.609999999999996,17.609999999999996,0.0,2.8622408367474783,2.86,measured_success,555
303,ppo,1000303,1681,diprotic,medium,base,separated,2,4.137,5.416,0.07065361603596329,1,0,0.57,1,0,0,1,0,3,1,0.07697004011450836,7.45,0.0,7.45,5.492970040114509,5.49,measured_success,555
303,ppo,1000303,1682,monoprotic,medium,acid,single,1,3.606,2.497,0.07781360377041013,1,0,1.99,1,1,0,1,0,3,1,0.011394255871398862,5.03,3.98,1.05,2.485605744128601,2.49,measured_success,555
303,ppo,1000303,1683,diprotic,medium,base,separated,2,5.73,7.564,0.13902406756826433,5,1,0.13,1,0,0,1,0,9,5,0.08425240637668452,14.629999999999999,6.109999999999999,8.52,7.648252406376685,7.65,measured_success,555
303,ppo,1000303,1684,diprotic,medium,base,separated,2,3.861,5.086,0.13042234183163223,0,0,,1,0,0,1,0,9,0,0.09861363574102633,11.159999999999997,0.0,11.159999999999997,4.987386364258974,4.99,measured_success,555
303,ppo,1000303,1685,diprotic,medium,acid,separated,2,7.039,5.499,0.08332236022549198,0,0,,1,0,0,1,0,4,0,0.08863182883956977,8.200000000000001,8.200000000000001,0.0,5.587631828839569,5.59,measured_success,555
303,ppo,1000303,1686,monoprotic,near,base,single,1,5.548,5.762,0.04655052420547168,0,0,,1,0,0,1,0,7,0,0.08836577460391926,0.46,0.0,0.46,5.67363422539608,5.67,measured_success,555
303,ppo,1000303,1687,triprotic,medium,acid,separated,3,7.372,5.686,0.06608572621495,0,0,,1,0,0,1,0,8,0,0.08673567230236223,7.44,7.44,0.0,5.772735672302362,5.7700000000000005,measured_success,555
303,ppo,1000303,1688,diprotic,medium,acid,separated,2,5.695,4.944,0.04838404621873296,1,0,1.03,1,0,0,1,0,1,1,0.08172978329577862,2.06,2.06,0.0,4.862270216704221,4.86,measured_success,555
303,ppo,1000303,1689,diprotic,medium,acid,separated,2,6.69,4.958,0.05931357205922467,0,0,,1,1,0,1,0,2,0,0.023983364335599333,7.15,7.15,0.0,4.9819833643355995,4.98,measured_success,555
303,ppo,1000303,1690,monoprotic,near,acid,single,1,1.888,1.616,0.0965449294590502,0,0,,1,0,0,1,0,1,0,0.05385712829233524,2.98,2.98,0.0,1.6698571282923353,1.67,measured_success,555
303,ppo,1000303,1691,diprotic,medium,acid,separated,2,2.56,1.68,0.04001638422831071,1,0,0.71,1,1,0,1,0,2,1,0.01181727531526211,4.359999999999999,4.359999999999999,0.0,1.6681827246847378,1.67,measured_success,555
303,ppo,1000303,1692,monoprotic,medium,acid,single,1,4.745,3.184,0.10287179512350086,1,0,0.605,1,1,0,1,0,6,1,0.00625786815962126,12.049999999999999,11.149999999999999,0.8999999999999999,3.177742131840379,3.18,measured_success,555
303,ppo,1000303,1693,triprotic,near,acid,separated,3,2.307,1.608,0.0645591077972044,0,0,,1,0,0,1,0,7,0,0.08069364615208041,6.159999999999999,6.159999999999999,0.0,1.6886936461520805,1.69,measured_success,555
303,ppo,1000303,1694,triprotic,far,base,separated,3,6.652,9.687,0.17691115597978163,6,2,0.02,1,1,0,1,0,10,6,0.0426111872692605,16.97,3.92,13.05,9.644388812730739,9.64,measured_success,555
303,ppo,1000303,1695,diprotic,medium,base,separated,2,4.055,5.866,0.16224567095463813,0,0,,1,0,0,1,0,6,0,0.07431163438036137,15.180000000000001,0.0,15.180000000000001,5.791688365619638,5.79,measured_success,555
303,ppo,1000303,1696,monoprotic,near,base,single,1,4.539,5.18,0.07703869815127068,1,0,1.155,1,1,0,1,0,1,1,0.034658754066150266,2.31,0.0,2.31,5.21465875406615,5.21,measured_success,555
303,ppo,1000303,1697,triprotic,medium,base,separated,3,3.034,3.995,0.06591841349271273,0,0,,1,1,0,1,0,4,0,0.021220459393770597,5.39,0.0,5.39,3.9737795406062295,3.97,measured_success,555
303,ppo,1000303,1698,diprotic,medium,base,overlapping,2,2.803,4.226,0.1185050124733187,1,0,0.22,1,0,0,1,0,8,1,0.09548313706695932,15.610000000000001,0.0,15.610000000000001,4.321483137066959,4.32,measured_success,555
303,ppo,1000303,1699,monoprotic,near,base,single,1,6.603,7.172,0.08996392671938017,2,2,0.225,1,0,0,1,0,4,2,0.08264583896208233,3.7600000000000002,1.48,2.2800000000000002,7.089354161037917,7.09,measured_success,555
303,ppo,1000303,1700,diprotic,medium,acid,separated,2,3.415,1.713,0.04350923991934021,1,0,2.65,1,0,0,1,0,1,1,0.08516959750797914,5.3,5.3,0.0,1.627830402492021,1.6300000000000001,measured_success,555
303,ppo,1000303,1701,monoprotic,medium,acid,single,1,9.031,7.222,0.08920411105307033,0,0,,0,0,1,0,0,50,0,1.3529536321587523,1.500000000000001,1.500000000000001,0.0,8.574953632158753,8.57,max_steps,555
303,ppo,1000303,1702,monoprotic,medium,acid,single,1,9.151,7.761,0.052492774148737535,0,0,,0,0,1,0,0,50,0,0.8562027615689116,1.500000000000001,1.500000000000001,0.0,8.617202761568912,8.620000000000001,max_steps,555
303,ppo,1000303,1703,diprotic,far,base,separated,2,3.328,7.135,0.051260622572674434,6,2,0.015,1,1,0,1,0,13,6,0.046854225915042846,16.36,4.07,12.290000000000001,7.088145774084957,7.09,measured_success,555
303,ppo,1000303,1704,diprotic,medium,acid,separated,2,4.825,4.118,0.07999529630918409,0,0,,1,1,0,1,0,1,0,0.019476101487985176,2.06,2.06,0.0,4.1374761014879855,4.14,measured_success,555
303,ppo,1000303,1705,triprotic,near,acid,separated,3,7.083,6.771,0.07072451701235681,0,0,,0,0,0,0,0,50,0,0.1292357869045988,1.0000000000000004,1.0000000000000004,0.0,6.900235786904599,6.9,max_steps,555
303,ppo,1000303,1706,diprotic,near,acid,separated,2,2.535,1.953,0.0357255402491406,1,0,1.225,1,1,0,1,0,2,1,0.0018292667419756992,3.04,2.45,0.59,1.9511707332580244,1.95,measured_success,555
303,ppo,1000303,1707,monoprotic,near,base,single,1,6.931,7.397,0.06606413233129615,0,0,,1,0,0,1,0,13,0,0.07873526115757024,0.7800000000000002,0.0,0.7800000000000002,7.31826473884243,7.32,measured_success,555
303,ppo,1000303,1708,diprotic,near,base,separated,2,4.363,4.843,0.0634270386107525,0,0,,1,0,0,1,0,18,0,0.09270314198380625,1.2600000000000005,0.0,1.2600000000000005,4.750296858016194,4.75,measured_success,555
303,ppo,1000303,1709,monoprotic,medium,base,single,1,6.186,7.084,0.09329116208248513,0,0,,1,0,0,1,0,3,0,0.061853606976001174,5.78,0.0,5.78,7.0221463930239985,7.0200000000000005,measured_success,555
303,ppo,1000303,1710,triprotic,medium,base,separated,3,5.154,6.838,0.04366041807706247,1,0,2.845,1,0,0,1,0,6,1,0.08962969657569442,6.19,0.5,5.69,6.9276296965756945,6.93,measured_success,555
303,ppo,1000303,1711,triprotic,medium,acid,overlapping,3,3.613,2.841,0.058707137728449287,0,0,,1,0,0,1,0,13,0,0.0959932171924347,9.330000000000002,9.330000000000002,0.0,2.936993217192435,2.94,measured_success,555
303,ppo,1000303,1712,diprotic,medium,acid,separated,2,4.554,3.517,0.04809309538059054,0,0,,1,0,0,1,0,2,0,0.054961217270748985,3.64,3.64,0.0,3.571961217270749,3.5700000000000003,measured_success,555
303,ppo,1000303,1713,diprotic,medium,acid,separated,2,3.764,2.167,0.14283711061359683,1,0,2.65,1,0,0,1,0,2,1,0.06090954015773509,5.7,5.3,0.4,2.1060904598422647,2.11,measured_success,555
303,ppo,1000303,1714,diprotic,medium,base,separated,2,2.066,3.742,0.15557651867935426,0,0,,1,0,0,1,0,14,0,0.086956433190986,17.86,0.0,17.86,3.655043566809014,3.66,measured_success,555
303,ppo,1000303,1715,triprotic,near,base,overlapping,3,5.174,5.753,0.08682713943088974,2,0,0.225,1,0,0,1,0,3,2,0.05028321602786434,3.75,0.45,3.3,5.702716783972136,5.7,measured_success,555
303,ppo,1000303,1716,triprotic,near,acid,separated,3,3.913,3.396,0.1434446571001751,0,0,,1,0,0,1,0,9,0,0.08983911717078463,5.979999999999999,5.979999999999999,0.0,3.4858391171707845,3.49,measured_success,555
303,ppo,1000303,1717,monoprotic,far,acid,single,1,5.698,2.842,0.12073994405819813,2,1,0.555,1,0,0,1,0,5,2,0.08777057618209083,17.65,16.54,1.11,2.929770576182091,2.93,measured_success,555
303,ppo,1000303,1718,triprotic,medium,acid,separated,3,7.945,6.458,0.07268492005257372,0,0,,1,1,0,1,0,9,0,0.046565531966344054,5.220000000000001,5.220000000000001,0.0,6.504565531966344,6.5,measured_success,555
303,ppo,1000303,1719,triprotic,near,acid,separated,3,3.645,3.159,0.12864862488965392,0,0,,1,0,0,1,0,2,0,0.054253911032811075,3.27,3.27,0.0,3.213253911032811,3.21,measured_success,555
303,ppo,1000303,1720,diprotic,near,acid,overlapping,2,5.36,4.781,0.08999641111773221,0,0,,1,0,0,1,0,13,0,0.09043337050505773,7.24,7.24,0.0,4.871433370505057,4.87,measured_success,555
303,ppo,1000303,1721,monoprotic,near,base,single,1,5.396,6.087,0.062278079836289225,2,1,0.515,1,0,0,1,0,2,2,0.06760536897313685,3.09,1.03,2.06,6.019394631026863,6.0200000000000005,measured_success,555
303,ppo,1000303,1722,diprotic,near,acid,overlapping,2,3.714,3.164,0.03588552409311101,0,0,,1,0,0,1,0,1,0,0.05511728431223206,2.45,2.45,0.0,3.219117284312232,3.22,measured_success,555
303,ppo,1000303,1723,monoprotic,medium,acid,single,1,3.427,2.552,0.09227036336924585,0,0,,1,0,0,1,0,3,0,0.09120958962976866,5.0,5.0,0.0,2.6432095896297687,2.64,measured_success,555
303,ppo,1000303,1724,monoprotic,medium,acid,single,1,4.598,2.672,0.08903582317368561,1,0,2.65,1,1,0,1,0,4,1,0.003691470866469704,9.66,5.3,4.36,2.6683085291335304,2.67,measured_success,555
303,ppo,1000303,1725,triprotic,medium,acid,separated,3,4.581,3.306,0.057187019255236234,1,0,0.82,1,1,0,1,0,2,1,0.026931404527517522,5.56,5.56,0.0,3.2790685954724825,3.2800000000000002,measured_success,555
303,ppo,1000303,1726,triprotic,near,acid,separated,3,3.272,2.575,0.1360800387110009,0,0,,1,0,0,1,0,5,0,0.08388501899351208,6.16,6.16,0.0,2.6588850189935123,2.66,measured_success,555
303,ppo,1000303,1727,monoprotic,medium,base,single,1,7.154,9.056,0.030636504344757405,5,3,0.03,1,1,0,1,0,10,5,0.040939575814954665,13.08,5.94,7.14,9.096939575814954,9.1,measured_success,555
303,ppo,1000303,1728,monoprotic,near,base,single,1,2.811,3.233,0.06604772816548225,0,0,,1,0,0,1,0,17,0,0.09212094121794889,1.5300000000000002,0.0,1.5300000000000002,3.140879058782051,3.14,measured_success,555
303,ppo,1000303,1729,diprotic,medium,base,separated,2,4.696,6.334,0.057129521163029495,5,2,0.135,1,0,0,1,0,8,5,0.060958119601483673,14.19,6.6,7.59,6.394958119601483,6.390000000000001,measured_success,555
303,ppo,1000303,1730,monoprotic,medium,acid,single,1,6.338,4.437,0.1226985629148978,3,1,0.045,1,1,0,1,0,6,3,0.04161272699297047,8.81,7.44,1.37,4.39538727300703,4.4,measured_success,555
303,ppo,1000303,1731,triprotic,medium,base,separated,3,5.317,6.95,0.07685468888265565,5,2,0.11,1,1,0,1,0,7,5,0.005725221187362628,11.470000000000002,3.2199999999999998,8.250000000000002,6.955725221187363,6.96,measured_success,555
303,ppo,1000303,1732,triprotic,near,base,separated,3,4.072,4.54,0.11909925394926857,0,0,,0,0,0,0,0,50,0,0.11569152803496952,3.9000000000000004,0.0,3.9000000000000004,4.4243084719650305,4.42,max_steps,555
303,ppo,1000303,1733,diprotic,far,base,separated,2,7.342,10.625,0.05339305778026417,5,3,0.03,1,1,0,1,0,9,5,0.04990886723606636,16.98,8.030000000000001,8.95,10.674908867236066,10.67,measured_success,555
303,ppo,1000303,1734,diprotic,near,acid,separated,2,4.884,4.519,0.030523193299707294,0,0,,1,0,0,1,0,12,0,0.09327939138935548,0.7200000000000002,0.7200000000000002,0.0,4.612279391389356,4.61,measured_success,555
303,ppo,1000303,1735,diprotic,far,base,separated,2,4.633,8.087,0.11862592904606234,43,40,0.01,0,0,0,0,0,50,43,0.4734992093285548,19.309999999999988,8.619999999999994,10.689999999999996,8.560499209328555,8.56,max_steps,555
303,ppo,1000303,1736,monoprotic,far,base,single,1,7.85,10.21,0.06144070929359479,4,1,0.285,1,1,0,1,0,11,4,0.049341547166889654,11.469999999999997,3.5799999999999996,7.889999999999998,10.160658452833111,10.16,measured_success,555
303,ppo,1000303,1737,monoprotic,near,base,single,1,5.828,6.357,0.0993853847376421,0,0,,1,0,0,1,0,45,0,0.09612677784875512,3.2799999999999976,0.0,3.2799999999999976,6.260873222151245,6.26,measured_success,555
303,ppo,1000303,1738,diprotic,medium,acid,overlapping,2,3.469,2.186,0.04077493501647832,1,0,1.11,1,1,0,1,0,2,1,0.02593297585204457,6.2,6.2,0.0,2.1600670241479554,2.16,measured_success,555
303,ppo,1000303,1739,triprotic,medium,base,separated,3,6.015,7.753,0.04564328890445,5,1,0.13,1,0,0,1,0,8,5,0.09922871311326098,11.32,4.029999999999999,7.29,7.852228713113261,7.8500000000000005,measured_success,555
303,ppo,1000303,1740,diprotic,near,base,separated,2,5.0,5.36,0.06387345131378444,0,0,,1,0,0,1,0,22,0,0.0867205325863365,1.3200000000000007,0.0,1.3200000000000007,5.273279467413664,5.2700000000000005,measured_success,555
303,ppo,1000303,1741,monoprotic,near,acid,single,1,3.98,3.311,0.10445566360584847,0,0,,1,0,0,1,0,3,0,0.07424714525003218,4.38,4.38,0.0,3.385247145250032,3.39,measured_success,555
303,ppo,1000303,1742,diprotic,far,acid,separated,2,5.005,1.64,0.04201017693815245,0,0,,1,0,0,1,0,10,0,0.08716603275506496,14.660000000000002,14.660000000000002,0.0,1.7271660327550649,1.73,measured_success,555
303,ppo,1000303,1743,diprotic,near,acid,separated,2,4.876,4.418,0.045719218971724734,0,0,,1,0,0,1,0,9,0,0.0831560190623799,0.5,0.5,0.0,4.50115601906238,4.5,measured_success,555
303,ppo,1000303,1744,diprotic,medium,base,separated,2,2.812,4.098,0.05327699262147117,1,0,1.02,1,0,0,1,0,2,1,0.052592938568021275,5.0600000000000005,0.0,5.0600000000000005,4.150592938568021,4.15,measured_success,555
303,ppo,1000303,1745,diprotic,near,acid,separated,2,3.463,3.114,0.1190368570765427,0,0,,1,0,0,1,0,25,0,0.09253275802893857,2.2500000000000004,2.2500000000000004,0.0,3.2065327580289384,3.21,measured_success,555
303,ppo,1000303,1746,monoprotic,far,base,single,1,5.244,8.265,0.048710835483571836,6,4,0.015,1,0,0,1,0,14,6,0.08052773741503927,18.46,7.8100000000000005,10.649999999999999,8.184472262584961,8.18,measured_success,555
303,ppo,1000303,1747,monoprotic,far,acid,single,1,5.327,1.655,0.04319560094372885,1,0,3.845,1,0,0,1,0,3,1,0.07159218782780674,8.74,7.69,1.05,1.5834078121721933,1.58,measured_success,555
303,ppo,1000303,1748,triprotic,near,acid,overlapping,3,3.634,3.151,0.03252921825484307,2,1,0.515,1,0,0,1,0,2,2,0.09975197158969706,3.09,2.06,1.03,3.250751971589697,3.25,measured_success,555
303,ppo,1000303,1749,diprotic,far,base,separated,2,5.85,8.582,0.05462875102564512,8,5,0.015,1,0,0,1,0,13,8,0.07598059387681388,15.68,5.8900000000000015,9.79,8.506019406123187,8.51,measured_success,555
303,ppo,1000303,1750,diprotic,near,acid,separated,2,2.34,2.047,0.04635690223838443,1,0,1.38,1,1,0,1,0,2,1,0.04238769340539372,3.3499999999999996,2.76,0.59,2.0046123065946064,2.0,measured_success,555
303,ppo,1000303,1751,triprotic,medium,acid,separated,3,4.789,2.839,0.043244860741544565,2,0,0.2,1,1,0,1,0,2,1,0.00313495670272923,5.7,5.3,0.4,2.8358650432972707,2.84,measured_success,555
303,ppo,1000303,1752,diprotic,far,base,separated,2,3.297,5.739,0.03353451156278071,6,0,0.015,0,0,0,1,1,10,6,0.10311175145511253,14.69,6.35,8.34,5.635888248544887,5.64,measured_success,555
303,ppo,1000303,1753,diprotic,medium,acid,separated,2,6.011,4.278,0.06697318123924537,2,1,0.29,1,1,0,1,0,4,2,0.028443283650223528,8.89,8.31,0.58,4.306443283650223,4.3100000000000005,measured_success,555
303,ppo,1000303,1754,monoprotic,near,base,single,1,5.714,6.096,0.03323616156519453,0,0,,1,0,0,1,0,12,0,0.09120178938320578,0.8200000000000003,0.0,0.8200000000000003,6.004798210616794,6.0,measured_success,555
303,ppo,1000303,1755,triprotic,near,acid,separated,3,6.186,5.77,0.07554294590390936,0,0,,1,0,0,1,0,20,0,0.08143251868764523,0.8900000000000003,0.8900000000000003,0.0,5.851432518687645,5.8500000000000005,measured_success,555
303,ppo,1000303,1756,diprotic,near,base,separated,2,5.659,6.192,0.032310905337436344,1,0,0.035,1,1,0,1,0,3,1,0.04454684358945471,0.22000000000000003,0.0,0.22000000000000003,6.236546843589455,6.24,measured_success,555
303,ppo,1000303,1757,monoprotic,medium,acid,single,1,4.078,2.274,0.06473970874198112,1,0,2.65,1,0,0,1,0,1,1,0.07796577130947391,5.3,5.3,0.0,2.196034228690526,2.2,measured_success,555
303,ppo,1000303,1758,monoprotic,near,acid,single,1,2.99,2.346,0.06258716452297755,0,0,,1,0,0,1,0,1,0,0.08947551423209887,2.45,2.45,0.0,2.435475514232099,2.44,measured_success,555
303,ppo,1000303,1759,triprotic,near,base,separated,3,5.679,6.023,0.03252692152320991,0,0,,1,0,0,1,0,14,0,0.09504848621121198,0.9600000000000004,0.0,0.9600000000000004,5.927951513788788,5.93,measured_success,555
303,ppo,1000303,1760,diprotic,medium,base,overlapping,2,2.928,4.662,0.11345690263817787,4,2,0.075,1,1,0,1,0,8,4,0.024231558763957217,10.84,3.96,6.88,4.637768441236043,4.64,measured_success,555
303,ppo,1000303,1761,triprotic,near,base,separated,3,3.167,3.786,0.0724905965993312,0,0,,0,0,0,1,1,32,0,0.10094444625642263,2.8799999999999994,0.0,2.8799999999999994,3.6850555537435774,3.69,measured_success,555
303,ppo,1000303,1762,monoprotic,far,acid,single,1,8.703,6.109,0.08686401743010418,0,0,,1,0,0,1,0,16,0,0.06003218510185526,6.71,6.71,0.0,6.169032185101855,6.17,measured_success,555
303,ppo,1000303,1763,monoprotic,near,acid,single,1,3.936,3.39,0.11108739683931723,0,0,,1,0,0,1,0,1,0,0.06671636357638944,2.06,2.06,0.0,3.4567163635763896,3.46,measured_success,555
303,ppo,1000303,1764,diprotic,near,acid,overlapping,2,2.543,2.128,0.10183835941545478,0,0,,1,0,0,1,0,1,0,0.057364315053341386,2.45,2.45,0.0,2.1853643150533415,2.19,measured_success,555
303,ppo,1000303,1765,monoprotic,medium,base,single,1,5.067,6.906,0.05212403590587214,6,4,0.035,1,1,0,1,0,11,6,0.03329964848655376,13.79,6.14,7.65,6.872700351513446,6.87,measured_success,555
303,ppo,1000303,1766,triprotic,medium,acid,separated,3,4.492,2.76,0.11241997392153387,0,0,,1,1,0,1,0,4,0,0.004837394436168374,9.780000000000001,9.780000000000001,0.0,2.764837394436168,2.7600000000000002,measured_success,555
303,ppo,1000303,1767,monoprotic,medium,acid,single,1,7.846,6.722,0.057395388473483834,0,0,,1,1,0,1,0,2,0,0.04494319561303772,3.7,3.7,0.0,6.766943195613038,6.7700000000000005,measured_success,555
303,ppo,1000303,1768,triprotic,medium,base,separated,3,3.268,5.002,0.08136043227965911,0,0,,1,0,0,1,0,25,0,0.09594534614440153,7.0999999999999925,0.0,7.0999999999999925,4.906054653855598,4.91,measured_success,555
303,ppo,1000303,1769,monoprotic,medium,acid,single,1,7.404,5.823,0.05006603094539889,8,7,0.01,1,0,0,1,0,14,8,0.08330576070287776,13.69,7.1899999999999995,6.5,5.906305760702878,5.91,measured_success,555
303,ppo,1000303,1770,diprotic,medium,base,separated,2,5.889,7.212,0.05947786004450996,3,4,0.5,1,1,0,1,0,6,3,0.04076244634579851,10.96,4.7,6.26,7.252762446345798,7.25,measured_success,555
303,ppo,1000303,1771,triprotic,near,base,separated,3,4.038,4.505,0.0985137673669235,0,0,,1,0,0,1,0,31,0,0.09888482304105839,2.430000000000001,0.0,2.430000000000001,4.4061151769589415,4.41,measured_success,555
303,ppo,1000303,1772,diprotic,near,acid,overlapping,2,3.175,2.853,0.11276869997638436,0,0,,1,0,0,1,0,5,0,0.08809627122468067,4.74,4.74,0.0,2.941096271224681,2.94,measured_success,555
303,ppo,1000303,1773,diprotic,near,base,separated,2,1.619,2.168,0.1684167541035644,0,0,,1,0,0,1,0,12,0,0.0858530244414153,6.129999999999998,0.0,6.129999999999998,2.082146975558585,2.08,measured_success,555
303,ppo,1000303,1774,triprotic,far,base,overlapping,3,2.239,5.406,0.06415273076110892,2,0,0.115,1,0,0,1,0,6,2,0.07974235551417852,18.07,0.23,17.84,5.326257644485821,5.33,measured_success,555
303,ppo,1000303,1775,diprotic,medium,base,overlapping,2,4.796,5.594,0.0992626105466792,0,0,,1,1,0,1,0,6,0,0.0474712602976366,6.76,0.0,6.76,5.546528739702364,5.55,measured_success,555
303,ppo,1000303,1776,monoprotic,medium,base,single,1,5.695,7.588,0.09884051016663717,1,0,0.925,1,0,0,1,0,4,1,0.08308229901466913,12.049999999999999,0.0,12.049999999999999,7.671082299014669,7.67,measured_success,555
303,ppo,1000303,1777,diprotic,medium,base,separated,2,2.434,4.434,0.09182933039522734,0,0,,1,0,0,1,0,3,0,0.0586551547280747,8.99,0.0,8.99,4.3753448452719255,4.38,measured_success,555
303,ppo,1000303,1778,diprotic,near,base,overlapping,2,5.543,5.822,0.05733016206461743,0,0,,1,1,0,1,0,4,0,0.03516193876009499,0.26,0.0,0.26,5.786838061239905,5.79,measured_success,555
303,ppo,1000303,1779,monoprotic,near,base,single,1,3.488,3.859,0.10635743242821448,0,0,,1,0,0,1,0,7,0,0.09077013815895185,0.6299999999999999,0.0,0.6299999999999999,3.768229861841048,3.77,measured_success,555
303,ppo,1000303,1780,diprotic,medium,base,separated,2,3.017,4.638,0.05338061629737453,1,0,1.155,1,1,0,1,0,2,1,0.04309059854600683,6.3100000000000005,0.0,6.3100000000000005,4.681090598546007,4.68,measured_success,555
303,ppo,1000303,1781,diprotic,near,acid,separated,2,4.514,4.085,0.03932121719111812,0,0,,1,0,0,1,0,12,0,0.0967083276897105,0.7200000000000002,0.7200000000000002,0.0,4.1817083276897105,4.18,measured_success,555
303,ppo,1000303,1782,diprotic,near,acid,overlapping,2,3.416,2.747,0.04361691388957504,2,0,0.295,1,1,0,1,0,3,2,0.04261485558547751,4.25,3.66,0.59,2.7896148555854774,2.79,measured_success,555
303,ppo,1000303,1783,monoprotic,medium,acid,single,1,3.848,2.794,0.053641770760140234,2,0,0.71,1,0,0,1,0,2,2,0.054274696208611584,4.779999999999999,3.36,1.42,2.8482746962086116,2.85,measured_success,555
303,ppo,1000303,1784,diprotic,medium,base,separated,2,4.793,5.749,0.05094018970862898,1,0,1.265,1,1,0,1,0,2,1,0.0464341337917924,2.9,0.37,2.53,5.795434133791792,5.8,measured_success,555
303,ppo,1000303,1785,monoprotic,medium,acid,single,1,3.3,2.219,0.08781392583883067,0,0,,1,1,0,1,0,4,0,0.010829686115295,8.13,8.13,0.0,2.229829686115295,2.23,measured_success,555
303,ppo,1000303,1786,monoprotic,medium,acid,single,1,6.272,5.109,0.05735898886825605,3,1,0.295,1,0,0,1,0,4,3,0.05274576808918319,6.15,4.53,1.62,5.056254231910817,5.0600000000000005,measured_success,555
303,ppo,1000303,1787,monoprotic,near,acid,single,1,8.242,7.767,0.040591832060092856,0,0,,1,0,0,1,0,45,0,0.0897868520714864,0.9000000000000005,0.9000000000000005,0.0,7.856786852071487,7.86,measured_success,555
303,ppo,1000303,1788,triprotic,near,acid,separated,3,5.023,4.358,0.08384810945038645,0,0,,1,1,0,1,0,2,0,0.0318276435248217,3.2199999999999998,3.2199999999999998,0.0,4.389827643524821,4.39,measured_success,555
303,ppo,1000303,1789,diprotic,medium,acid,overlapping,2,3.811,3.008,0.1360466461495189,0,0,,1,0,0,1,0,3,0,0.07906342482271267,5.88,5.88,0.0,3.0870634248227127,3.09,measured_success,555
303,ppo,1000303,1790,monoprotic,medium,base,single,1,2.798,4.628,0.04527057471397119,4,1,0.18,1,1,0,1,0,7,4,0.037274547846219974,10.18,3.38,6.8,4.59072545215378,4.59,measured_success,555
303,ppo,1000303,1791,monoprotic,far,acid,single,1,8.553,6.161,0.038701985210324655,8,6,0.01,1,1,0,1,0,45,8,0.01832110977336221,11.61,7.4399999999999995,4.17,6.179321109773362,6.18,measured_success,555
303,ppo,1000303,1792,diprotic,medium,acid,separated,2,3.402,1.9,0.145244546413178,0,0,,1,0,0,1,0,20,0,0.0834157662040691,22.05999999999999,22.05999999999999,0.0,1.983415766204069,1.98,measured_success,555
303,ppo,1000303,1793,monoprotic,medium,acid,single,1,5.705,4.595,0.14922724387897165,0,0,,1,1,0,1,0,3,0,0.0328308115688527,6.4,6.4,0.0,4.6278308115688525,4.63,measured_success,555
303,ppo,1000303,1794,diprotic,medium,acid,separated,2,4.638,3.339,0.08085966157887678,0,0,,1,1,0,1,0,4,0,0.003516187373367341,8.07,8.07,0.0,3.3425161873733673,3.34,measured_success,555
303,ppo,1000303,1795,monoprotic,far,acid,single,1,7.538,5.224,0.09935768918771173,7,4,0.02,1,1,0,1,0,9,7,0.040566418931204495,12.579999999999998,9.129999999999999,3.4499999999999997,5.183433581068796,5.18,measured_success,555
303,ppo,1000303,1796,diprotic,near,acid,overlapping,2,1.989,1.526,0.1346620478301734,0,0,,1,0,0,1,0,13,0,0.09854937856204127,9.450000000000001,9.450000000000001,0.0,1.6245493785620413,1.62,measured_success,555
303,ppo,1000303,1797,triprotic,medium,base,separated,3,3.316,4.348,0.041519622374870266,1,0,1.19,1,0,0,1,0,1,1,0.07977352042248942,2.38,0.0,2.38,4.427773520422489,4.43,measured_success,555
303,ppo,1000303,1798,diprotic,near,acid,separated,2,3.377,2.921,0.04336409697987811,2,0,0.295,1,1,0,1,0,2,2,0.04051325076761847,2.65,2.06,0.59,2.9615132507676183,2.96,measured_success,555
303,ppo,1000303,1799,monoprotic,far,base,single,1,7.874,10.483,0.05333642233889928,5,3,0.045,1,1,0,1,0,9,5,0.026448008126703115,14.52,5.91,8.61,10.509448008126704,10.51,measured_success,555
303,ppo,1000303,1800,monoprotic,medium,acid,single,1,6.637,5.475,0.033410362686488775,2,0,0.615,1,0,0,1,0,8,2,0.06143474720328079,6.91,4.220000000000001,2.69,5.53643474720328,5.54,measured_success,555
303,ppo,1000303,1801,triprotic,far,base,separated,3,5.31,8.127,0.1216659985506509,0,0,,1,1,0,1,0,5,0,0.006726416457288664,15.23,0.0,15.23,8.120273583542712,8.120000000000001,measured_success,555
303,ppo,1000303,1802,diprotic,near,acid,separated,2,2.012,1.71,0.14736675774069588,0,0,,1,0,0,1,0,1,0,0.08295966501301022,2.98,2.98,0.0,1.7929596650130102,1.79,measured_success,555
303,ppo,1000303,1803,triprotic,medium,acid,separated,3,6.706,5.505,0.06987755274101343,1,0,1.155,1,1,0,1,0,3,1,0.017615172373241172,6.220000000000001,5.82,0.4,5.487384827626759,5.49,measured_success,555
303,ppo,1000303,1804,triprotic,far,base,separated,3,2.591,4.684,0.1305178251115989,0,0,,1,0,0,1,0,12,0,0.09461890143459417,28.349999999999998,0.0,28.349999999999998,4.589381098565406,4.59,measured_success,555
303,ppo,1000303,1805,monoprotic,near,acid,single,1,4.623,4.364,0.031175945378879362,0,0,,1,0,0,1,0,6,0,0.08070787716767125,0.36,0.36,0.0,4.444707877167671,4.44,measured_success,555
303,ppo,1000303,1806,diprotic,far,acid,separated,2,5.036,2.863,0.1398730724883281,0,0,,1,0,0,1,0,18,0,0.08689782973253157,22.609999999999992,22.609999999999992,0.0,2.9498978297325316,2.95,measured_success,555
303,ppo,1000303,1807,diprotic,medium,acid,separated,2,5.232,4.469,0.05872066053953435,1,0,0.58,1,1,0,1,0,2,1,0.018392597871785377,3.2199999999999998,3.2199999999999998,0.0,4.450607402128215,4.45,measured_success,555
303,ppo,1000303,1808,diprotic,near,acid,separated,2,3.373,2.82,0.04770184344288763,3,2,0.3,1,1,0,1,0,4,3,0.016278471513221593,4.5600000000000005,3.0500000000000003,1.51,2.8037215284867782,2.8000000000000003,measured_success,555
303,ppo,1000303,1809,triprotic,medium,acid,separated,3,4.3,3.499,0.15907749905681035,0,0,,1,1,0,1,0,3,0,0.032269559139914694,5.629999999999999,5.629999999999999,0.0,3.531269559139915,3.5300000000000002,measured_success,555
303,ppo,1000303,1810,triprotic,far,base,overlapping,3,2.475,5.884,0.07014839968690471,8,3,0.01,1,0,0,1,0,12,8,0.06006804623376638,24.239999999999995,5.2,19.039999999999996,5.823931953766234,5.82,measured_success,555
303,ppo,1000303,1811,triprotic,near,base,separated,3,3.921,4.195,0.05796805684179707,0,0,,1,0,0,1,0,4,0,0.09561436852291649,0.32999999999999996,0.0,0.32999999999999996,4.099385631477084,4.1,measured_success,555
303,ppo,1000303,1812,monoprotic,medium,acid,single,1,8.295,7.578,0.03884187122189306,0,0,,0,0,0,0,0,50,0,0.327599488699442,1.0000000000000004,1.0000000000000004,0.0,7.905599488699442,7.91,max_steps,555
303,ppo,1000303,1813,diprotic,far,base,overlapping,2,3.292,6.625,0.0879403689624423,7,2,0.02,1,1,0,1,0,10,7,0.008547301503540439,23.93,3.5799999999999996,20.35,6.63354730150354,6.63,measured_success,555
303,ppo,1000303,1814,diprotic,medium,acid,separated,2,2.404,1.612,0.057549528205592226,0,0,,1,0,0,1,0,5,0,0.08375880658270018,6.8,6.8,0.0,1.6957588065827003,1.7,measured_success,555
303,ppo,1000303,1815,diprotic,near,acid,separated,2,4.67,4.186,0.12712169435226495,0,0,,1,1,0,1,0,2,1,1.7894668570050953e-05,3.2199999999999998,3.2199999999999998,0.0,4.18598210533143,4.19,measured_success,555
303,ppo,1000303,1816,triprotic,medium,acid,separated,3,5.918,5.027,0.062083485468734316,0,0,,1,1,0,1,0,1,0,0.04517662779095577,2.06,2.06,0.0,5.072176627790956,5.07,measured_success,555
303,ppo,1000303,1817,diprotic,far,base,separated,2,5.086,8.216,0.06213010650967097,6,2,0.02,1,0,0,1,0,9,6,0.05149644566773226,16.98,3.85,13.13,8.164503554332267,8.16,measured_success,555
303,ppo,1000303,1818,triprotic,medium,base,separated,3,3.554,4.802,0.056609531388044365,0,0,,1,0,0,1,0,2,0,0.061161309830310984,4.23,0.0,4.23,4.740838690169689,4.74,measured_success,555
303,ppo,1000303,1819,monoprotic,medium,acid,single,1,4.308,3.579,0.033653477099770866,2,0,0.295,1,0,0,1,0,2,2,0.05267707200466498,3.09,2.5,0.59,3.631677072004665,3.63,measured_success,555
303,ppo,1000303,1820,monoprotic,far,base,single,1,7.895,10.834,0.08699015971774438,7,2,0.03,1,1,0,1,0,8,7,0.02083317835709053,13.540000000000001,3.5199999999999996,10.020000000000001,10.85483317835709,10.85,measured_success,555
303,ppo,1000303,1821,diprotic,near,acid,separated,2,5.773,5.517,0.13173947011272966,0,0,,1,0,0,1,0,29,0,0.09660640996778458,1.700000000000001,1.700000000000001,0.0,5.613606409967785,5.61,measured_success,555
303,ppo,1000303,1822,diprotic,near,acid,separated,2,6.499,6.003,0.09240038989823066,0,0,,1,1,0,1,0,2,0,0.04867824321808456,2.71,2.71,0.0,6.051678243218085,6.05,measured_success,555
303,ppo,1000303,1823,diprotic,medium,acid,separated,2,3.801,2.852,0.031026913610129152,1,0,1.62,1,0,0,1,0,2,1,0.08673124938938104,3.83,3.24,0.59,2.765268750610619,2.77,measured_success,555
303,ppo,1000303,1824,diprotic,medium,acid,separated,2,4.315,2.52,0.10954941426554442,1,0,0.36,1,0,0,1,0,7,1,0.062235652519011087,16.48,16.48,0.0,2.457764347480989,2.46,measured_success,555
303,ppo,1000303,1825,triprotic,medium,acid,separated,3,5.975,4.377,0.03345544616128572,3,1,0.2,1,0,0,1,0,6,3,0.059230135932883066,10.370000000000001,6.4,3.9700000000000006,4.317769864067117,4.32,measured_success,555
303,ppo,1000303,1826,monoprotic,medium,base,single,1,6.685,8.363,0.06841978011761223,46,43,0.01,0,0,0,0,0,50,46,0.19335702487262552,14.04999999999999,6.939999999999995,7.109999999999996,8.169642975127374,8.17,max_steps,555
303,ppo,1000303,1827,monoprotic,near,acid,single,1,3.667,2.993,0.040161517516451556,3,1,0.18,1,1,0,1,0,4,3,0.012807777713223611,4.74,2.81,1.93,2.9801922222867763,2.98,measured_success,555
303,ppo,1000303,1828,triprotic,medium,base,overlapping,3,2.456,4.05,0.06263362864967487,0,0,,1,0,0,1,0,21,0,0.0964424708240843,19.199999999999992,0.0,19.199999999999992,3.9535575291759155,3.95,measured_success,555
303,ppo,1000303,1829,diprotic,medium,base,separated,2,2.587,3.939,0.17629819651407688,0,0,,1,0,0,1,0,28,0,0.09994590227748112,21.079999999999988,0.0,21.079999999999988,3.839054097722519,3.84,measured_success,555
303,ppo,1000303,1830,diprotic,far,base,separated,2,2.633,4.892,0.08299662332110011,0,0,,1,1,0,1,0,6,0,0.03324483441447246,15.69,0.0,15.69,4.858755165585528,4.86,measured_success,555
303,ppo,1000303,1831,diprotic,medium,acid,separated,2,5.8,4.457,0.08569088282657548,1,0,0.58,1,1,0,1,0,3,1,0.00980905619817296,7.300000000000001,7.300000000000001,0.0,4.447190943801827,4.45,measured_success,555
303,ppo,1000303,1832,monoprotic,medium,acid,single,1,2.975,1.961,0.06897510673567948,0,0,,1,0,0,1,0,1,0,0.06828044477868134,3.98,3.98,0.0,2.0292804447786814,2.0300000000000002,measured_success,555
303,ppo,1000303,1833,monoprotic,medium,base,single,1,5.115,6.264,0.14866545434380748,1,0,0.295,1,0,0,1,0,4,1,0.08515433963972452,7.74,0.0,7.74,6.349154339639725,6.3500000000000005,measured_success,555
303,ppo,1000303,1834,monoprotic,medium,base,single,1,5.709,7.185,0.04332008173518591,4,2,0.305,1,1,0,1,0,7,4,0.04679614941268628,13.919999999999998,5.81,8.11,7.138203850587313,7.140000000000001,measured_success,555
303,ppo,1000303,1835,monoprotic,medium,acid,single,1,3.718,2.571,0.04188851523688215,1,0,1.99,1,0,0,1,0,2,1,0.08949256230723845,4.59,3.98,0.61,2.4815074376927617,2.48,measured_success,555
303,ppo,1000303,1836,triprotic,near,base,separated,3,2.789,3.311,0.030349419837197685,1,0,0.53,1,1,0,1,0,1,1,0.04518392533856552,1.06,0.0,1.06,3.3561839253385655,3.36,measured_success,555
303,ppo,1000303,1837,diprotic,medium,base,separated,2,3.048,4.112,0.031130563337670777,3,1,0.29,1,0,0,1,0,7,3,0.06319305092590177,4.5600000000000005,1.6,2.96,4.175193050925902,4.18,measured_success,555
303,ppo,1000303,1838,monoprotic,far,base,single,1,1.968,4.331,0.1533434261605367,3,3,0.155,1,0,0,1,0,8,3,0.08097362292858445,15.830000000000002,1.33,14.500000000000002,4.411973622928585,4.41,measured_success,555
303,ppo,1000303,1839,triprotic,far,acid,separated,3,7.804,4.183,0.0811389865161704,0,0,,1,0,0,1,0,4,0,0.0559863816742876,14.040000000000001,14.040000000000001,0.0,4.238986381674287,4.24,measured_success,555
303,ppo,1000303,1840,monoprotic,medium,acid,single,1,7.294,5.674,0.05335172994779734,5,5,0.045,1,1,0,1,0,10,5,0.035068942622577204,13.080000000000002,7.51,5.570000000000001,5.638931057377423,5.64,measured_success,555
303,ppo,1000303,1841,diprotic,medium,acid,separated,2,4.581,2.625,0.0450919584126075,2,0,0.305,1,1,0,1,0,2,2,0.04992934961539852,5.91,5.3,0.61,2.6749293496153985,2.67,measured_success,555
303,ppo,1000303,1842,diprotic,medium,base,separated,2,2.058,3.688,0.0550676339630214,0,0,,1,0,0,1,0,2,0,0.07846677046100003,6.390000000000001,0.0,6.390000000000001,3.609533229539,3.61,measured_success,555
303,ppo,1000303,1843,triprotic,medium,acid,separated,3,2.356,1.522,0.040446941533203606,0,0,,1,0,0,1,0,3,0,0.07082581215397821,5.0,5.0,0.0,1.5928258121539782,1.59,measured_success,555
303,ppo,1000303,1844,monoprotic,medium,base,single,1,5.307,6.183,0.10620710678008971,0,0,,1,0,0,1,0,3,0,0.06528658996568915,4.18,0.0,4.18,6.117713410034311,6.12,measured_success,555
303,ppo,1000303,1845,triprotic,far,acid,separated,3,4.816,1.941,0.16909739660180578,0,0,,1,0,0,1,0,7,0,0.09025655654724463,18.740000000000002,18.740000000000002,0.0,2.0312565565472447,2.0300000000000002,measured_success,555
303,ppo,1000303,1846,diprotic,medium,base,separated,2,4.236,5.622,0.0410725499178646,3,1,0.325,1,1,0,1,0,4,3,0.0035886521591077525,6.790000000000001,2.14,4.65,5.625588652159108,5.63,measured_success,555
303,ppo,1000303,1847,monoprotic,medium,base,single,1,6.071,7.459,0.05942567946455409,1,0,2.475,1,0,0,1,0,1,1,0.09155839184144376,4.95,0.0,4.95,7.550558391841443,7.55,measured_success,555
303,ppo,1000303,1848,monoprotic,near,base,single,1,2.167,2.835,0.061511502839304684,1,0,0.295,1,0,0,1,0,3,1,0.06749590156094865,3.58,0.0,3.58,2.9024959015609486,2.9,measured_success,555
303,ppo,1000303,1849,triprotic,far,acid,separated,3,5.908,2.614,0.039514734769408276,1,0,1.95,1,1,0,1,0,2,1,0.02452133323843686,11.68,11.68,0.0,2.589478666761563,2.59,measured_success,555
303,ppo,1000303,1850,monoprotic,near,acid,single,1,4.783,4.51,0.042007220224848575,0,0,,1,0,0,1,0,5,0,0.053191105260477656,0.3,0.3,0.0,4.563191105260477,4.5600000000000005,measured_success,555
303,ppo,1000303,1851,monoprotic,medium,base,single,1,3.502,4.826,0.04360772231945578,4,1,0.115,1,0,0,1,0,7,4,0.059744654836792144,8.62,3.36,5.26,4.7662553451632075,4.7700000000000005,measured_success,555
303,ppo,1000303,1852,monoprotic,medium,base,single,1,6.136,7.126,0.05932445085644643,2,0,0.57,1,1,0,1,0,4,2,0.01876402045645076,5.05,1.14,3.91,7.10723597954355,7.11,measured_success,555
303,ppo,1000303,1853,diprotic,medium,acid,separated,2,4.194,3.298,0.12136164342978309,1,0,0.71,1,1,0,1,0,2,1,0.039731976218787324,4.66,4.66,0.0,3.2582680237812127,3.2600000000000002,measured_success,555
303,ppo,1000303,1854,monoprotic,far,acid,single,1,7.021,3.87,0.09154722732332085,5,4,0.08,1,0,0,1,0,10,5,0.08193974171762708,14.84,8.39,6.45,3.788060258282373,3.79,measured_success,555
303,ppo,1000303,1855,monoprotic,far,acid,single,1,7.237,4.124,0.06396214292197878,8,7,0.01,1,1,0,1,0,15,8,0.02631330609571325,14.52,9.24,5.28,4.150313306095713,4.15,measured_success,555
303,ppo,1000303,1856,diprotic,medium,acid,separated,2,4.742,3.175,0.058801070931239825,0,0,,1,1,0,1,0,2,0,0.0456110472573954,5.7,5.7,0.0,3.220611047257395,3.22,measured_success,555
303,ppo,1000303,1857,triprotic,near,base,separated,3,4.743,5.049,0.07173579607879416,0,0,,1,0,0,1,0,24,0,0.09667054418329801,1.4400000000000008,0.0,1.4400000000000008,4.952329455816702,4.95,measured_success,555
303,ppo,1000303,1858,monoprotic,near,acid,single,1,2.694,2.368,0.057819381171396095,1,0,1.385,1,1,0,1,0,2,1,0.01897254126464576,3.36,2.77,0.59,2.349027458735354,2.35,measured_success,555
303,ppo,1000303,1859,triprotic,medium,acid,separated,3,5.697,4.088,0.042938954547750444,2,0,1.11,1,0,0,1,0,2,2,0.08792648295041783,7.52,5.3,2.22,4.175926482950418,4.18,measured_success,555
303,ppo,1000303,1860,triprotic,near,acid,separated,3,5.909,5.455,0.03342449817977999,0,0,,1,0,0,1,0,27,0,0.09668039576001064,1.1800000000000006,1.1800000000000006,0.0,5.551680395760011,5.55,measured_success,555
303,ppo,1000303,1861,diprotic,far,acid,separated,2,4.708,2.522,0.12403316437616403,2,0,0.71,1,1,0,1,0,3,2,0.010199024687274072,9.97,8.55,1.42,2.532199024687274,2.5300000000000002,measured_success,555
303,ppo,1000303,1862,diprotic,medium,base,overlapping,2,4.107,5.356,0.08731466810883418,0,0,,1,1,0,1,0,6,0,0.0475058027673505,12.299999999999999,0.0,12.299999999999999,5.308494197232649,5.3100000000000005,measured_success,555
303,ppo,1000303,1863,diprotic,near,base,separated,2,4.376,4.84,0.03333245632905677,0,0,,1,0,0,1,0,11,0,0.09184821875603966,0.7500000000000002,0.0,0.7500000000000002,4.74815178124396,4.75,measured_success,555
303,ppo,1000303,1864,monoprotic,near,base,single,1,6.272,6.877,0.1217713514857084,3,1,0.145,1,1,0,1,0,4,3,0.04878348893965967,3.83,1.03,2.8000000000000003,6.9257834889396594,6.93,measured_success,555
303,ppo,1000303,1865,diprotic,medium,acid,separated,2,6.096,4.402,0.03301845155144001,0,0,,1,1,0,1,0,1,0,0.013626740269629956,5.3,5.3,0.0,4.41562674026963,4.42,measured_success,555
303,ppo,1000303,1866,triprotic,medium,base,separated,3,7.429,9.091,0.08949284844497116,6,3,0.02,1,1,0,1,0,10,6,0.0423954874519179,13.05,5.95,7.1,9.048604512548081,9.05,measured_success,555
303,ppo,1000303,1867,triprotic,near,base,separated,3,6.699,7.1,0.04338895677043538,1,0,0.035,1,0,0,1,0,4,1,0.06444192939829385,0.26,0.0,0.26,7.1644419293982935,7.16,measured_success,555
303,ppo,1000303,1868,triprotic,medium,base,separated,3,6.794,7.583,0.0513933905738697,3,1,0.145,1,1,0,1,0,4,3,0.007834952748828172,4.58,1.28,3.3000000000000003,7.590834952748828,7.59,measured_success,555
303,ppo,1000303,1869,monoprotic,medium,acid,single,1,9.238,8.185,0.0626475907201371,0,0,,0,0,0,0,0,50,0,0.4426160713361522,1.1600000000000008,1.1600000000000008,0.0,8.627616071336153,8.63,max_steps,555
303,ppo,1000303,1870,monoprotic,near,acid,single,1,6.804,6.473,0.11249846324431978,0,0,,0,0,0,0,0,50,0,0.21985563021328947,1.0000000000000004,1.0000000000000004,0.0,6.692855630213289,6.69,max_steps,555
303,ppo,1000303,1871,triprotic,medium,acid,separated,3,4.966,4.181,0.06414216513584808,0,0,,1,0,0,1,0,4,0,0.06794272869966012,4.37,4.37,0.0,4.24894272869966,4.25,measured_success,555
303,ppo,1000303,1872,triprotic,near,base,separated,3,2.644,3.289,0.04677992195976578,0,0,,1,0,0,1,0,4,0,0.058323875237404454,2.4,0.0,2.4,3.2306761247625957,3.23,measured_success,555
303,ppo,1000303,1873,monoprotic,medium,acid,single,1,8.175,7.445,0.04180979370298323,0,0,,0,0,0,0,0,50,0,0.32613941312908246,1.0000000000000004,1.0000000000000004,0.0,7.771139413129083,7.7700000000000005,max_steps,555
303,ppo,1000303,1874,monoprotic,near,base,single,1,4.091,4.635,0.15117468746670776,0,0,,0,0,0,0,0,50,0,0.1368659897774922,3.99,0.0,3.99,4.498134010222508,4.5,max_steps,555
303,ppo,1000303,1875,monoprotic,far,base,single,1,4.181,6.53,0.09959507798006549,4,1,0.13,1,0,0,1,0,11,4,0.062252228407067456,14.72,4.359999999999999,10.360000000000001,6.467747771592933,6.47,measured_success,555
303,ppo,1000303,1876,diprotic,near,acid,separated,2,7.452,7.041,0.03842431374799394,0,0,,0,0,0,1,1,31,0,0.10359297145459756,0.6200000000000002,0.6200000000000002,0.0,7.144592971454598,7.140000000000001,measured_success,555
303,ppo,1000303,1877,diprotic,near,base,separated,2,5.363,6.002,0.06972151969004207,0,0,,1,0,0,1,0,2,0,0.05044375964188408,3.2,0.0,3.2,5.951556240358116,5.95,measured_success,555
303,ppo,1000303,1878,diprotic,far,base,separated,2,6.103,9.725,0.03660559535130477,9,7,0.01,1,0,0,1,0,11,9,0.09554235432491431,16.79,7.2700000000000005,9.52,9.820542354324914,9.82,measured_success,555
303,ppo,1000303,1879,diprotic,far,base,separated,2,6.898,10.065,0.058841501145960456,2,1,1.345,1,1,0,1,0,3,2,0.006973234284851415,13.82,6.4,7.42,10.058026765715148,10.06,measured_success,555
303,ppo,1000303,1880,monoprotic,far,acid,single,1,7.793,4.584,0.09379996754709817,9,5,0.01,1,1,0,1,0,12,9,0.02946370427966194,12.639999999999997,8.589999999999998,4.049999999999999,4.554536295720338,4.55,measured_success,555
303,ppo,1000303,1881,diprotic,medium,acid,separated,2,7.331,5.532,0.15494881018758927,0,0,,1,0,0,1,0,8,0,0.09940567073004125,12.459999999999999,12.459999999999999,0.0,5.631405670730041,5.63,measured_success,555
303,ppo,1000303,1882,monoprotic,near,acid,single,1,6.873,6.362,0.03427744877947921,1,1,1.03,1,0,0,1,0,2,1,0.09102565993134881,3.09,2.06,1.03,6.270974340068651,6.2700000000000005,measured_success,555
303,ppo,1000303,1883,diprotic,medium,acid,separated,2,4.056,2.653,0.06585042261312776,0,0,,1,1,0,1,0,3,0,0.04409933345112771,7.41,7.41,0.0,2.6970993334511277,2.7,measured_success,555
303,ppo,1000303,1884,diprotic,far,acid,separated,2,6.259,2.678,0.05766253266885753,0,0,,1,1,0,1,0,5,0,0.03299908049879363,9.450000000000001,9.450000000000001,0.0,2.7109990804987936,2.71,measured_success,555
303,ppo,1000303,1885,diprotic,medium,base,separated,2,5.232,6.133,0.03417187752955006,4,3,0.035,1,0,0,1,0,7,4,0.09561419836858942,6.25,2.74,3.51,6.037385801631411,6.04,measured_success,555
303,ppo,1000303,1886,diprotic,near,base,separated,2,5.386,5.955,0.031067113173893175,2,2,0.225,1,1,0,1,0,4,2,0.0007379570071481822,3.7600000000000002,1.48,2.2800000000000002,5.954262042992852,5.95,measured_success,555
303,ppo,1000303,1887,diprotic,medium,base,separated,2,6.673,7.992,0.11665987495630274,5,3,0.13,1,1,0,1,0,7,5,0.01646655262068908,12.08,5.640000000000001,6.4399999999999995,8.008466552620689,8.01,measured_success,555
303,ppo,1000303,1888,monoprotic,medium,base,single,1,6.536,7.471,0.10283167523118197,1,0,0.925,1,0,0,1,0,2,1,0.056592929925885826,5.02,0.0,5.02,7.527592929925886,7.53,measured_success,555
303,ppo,1000303,1889,diprotic,medium,base,separated,2,3.045,4.312,0.13317928850845787,0,0,,1,1,0,1,0,4,0,0.017474833077268492,7.24,0.0,7.24,4.294525166922732,4.29,measured_success,555
303,ppo,1000303,1890,monoprotic,near,acid,single,1,3.691,3.249,0.038097918043843,3,2,0.145,1,0,0,1,0,4,3,0.08905281561721301,3.97,2.35,1.62,3.159947184382787,3.16,measured_success,555
303,ppo,1000303,1891,triprotic,far,acid,separated,3,5.333,1.721,0.034007285296781625,0,0,,1,0,0,1,0,1,0,0.06963138428262461,7.01,7.01,0.0,1.7906313842826247,1.79,measured_success,555
303,ppo,1000303,1892,triprotic,far,base,separated,3,3.717,7.281,0.05524228705217483,6,2,0.07,1,0,0,1,0,7,6,0.08863616584301415,15.52,4.54,10.98,7.1923638341569855,7.19,measured_success,555
303,ppo,1000303,1893,monoprotic,medium,acid,single,1,8.174,6.383,0.07632058536975976,2,1,0.57,1,0,0,1,0,4,2,0.05618222824281194,9.32,8.18,1.14,6.439182228242812,6.44,measured_success,555
303,ppo,1000303,1894,monoprotic,near,acid,single,1,7.329,6.922,0.03622925019164524,0,0,,0,0,0,1,1,22,0,0.10014593657859638,0.4400000000000001,0.4400000000000001,0.0,7.022145936578596,7.0200000000000005,measured_success,555
303,ppo,1000303,1895,diprotic,near,acid,separated,2,4.264,3.929,0.09125094492334315,0,0,,1,0,0,1,0,29,0,0.09186381477311878,1.740000000000001,1.740000000000001,0.0,4.020863814773119,4.0200000000000005,measured_success,555
303,ppo,1000303,1896,monoprotic,medium,base,single,1,6.065,8.018,0.05037084489035632,3,1,0.295,1,0,0,1,0,4,3,0.0718878054712846,9.05,1.85,7.2,8.089887805471285,8.09,measured_success,555
303,ppo,1000303,1897,monoprotic,far,base,single,1,2.497,6.195,0.08800831990670485,5,2,0.035,1,0,0,1,0,14,5,0.0506505850356902,16.89,3.9799999999999995,12.91,6.2456505850356905,6.25,measured_success,555
303,ppo,1000303,1898,diprotic,far,base,separated,2,5.248,9.223,0.10446790057404284,9,8,0.01,1,1,0,1,0,12,9,0.022662338721444186,15.83,4.65,11.18,9.245662338721445,9.25,measured_success,555
303,ppo,1000303,1899,monoprotic,near,base,single,1,2.247,2.923,0.16519486116814996,0,0,,1,0,0,1,0,12,0,0.0719199594303932,7.189999999999998,0.0,7.189999999999998,2.851080040569607,2.85,measured_success,555
303,ppo,1000303,1900,triprotic,medium,acid,separated,3,7.042,5.353,0.04654001581199867,3,0,0.225,1,1,0,1,0,3,3,0.04051355622672048,7.6,5.75,1.85,5.312486443773279,5.3100000000000005,measured_success,555
303,ppo,1000303,1901,monoprotic,medium,acid,single,1,3.098,1.588,0.05540771585784908,0,0,,1,0,0,1,0,9,0,0.08801715855880765,10.090000000000002,10.090000000000002,0.0,1.6760171585588077,1.68,measured_success,555
303,ppo,1000303,1902,monoprotic,near,base,single,1,6.729,7.227,0.16667037285621222,0,0,,0,0,0,0,0,50,0,0.22901453742851352,3.000000000000002,0.0,3.000000000000002,6.997985462571487,7.0,max_steps,555
303,ppo,1000303,1903,monoprotic,near,acid,single,1,7.495,7.081,0.062345358668503804,0,0,,0,0,0,1,1,48,0,0.10030348843942516,0.9600000000000005,0.9600000000000005,0.0,7.181303488439426,7.18,measured_success,555
303,ppo,1000303,1904,monoprotic,medium,base,single,1,4.853,5.998,0.07375171782059099,6,2,0.035,1,0,0,1,0,8,6,0.07010193999371683,8.15,3.7099999999999995,4.44,5.927898060006283,5.93,measured_success,555
303,ppo,1000303,1905,monoprotic,medium,acid,single,1,4.195,3.38,0.10375210760451135,1,0,0.365,1,1,0,1,0,3,1,0.011555899741847675,5.629999999999999,5.629999999999999,0.0,3.368444100258152,3.37,measured_success,555
303,ppo,1000303,1906,triprotic,medium,acid,separated,3,4.777,3.009,0.03785180598136621,0,0,,1,0,0,1,0,2,0,0.08215882510809047,5.91,5.91,0.0,3.0911588251080904,3.09,measured_success,555
303,ppo,1000303,1907,triprotic,near,acid,overlapping,3,2.941,2.267,0.13823851454662836,0,0,,1,0,0,1,0,9,0,0.09772421361593997,8.09,8.09,0.0,2.36472421361594,2.36,measured_success,555
303,ppo,1000303,1908,monoprotic,medium,acid,single,1,7.105,5.32,0.13152548628629737,6,5,0.05,1,1,0,1,0,10,6,0.018532746825682622,12.11,6.51,5.6,5.338532746825683,5.34,measured_success,555
303,ppo,1000303,1909,diprotic,far,base,overlapping,2,2.33,5.154,0.03496842370423576,8,4,0.01,1,0,0,1,0,9,8,0.06945456856147203,10.809999999999999,2.9799999999999995,7.83,5.084545431438528,5.08,measured_success,555
303,ppo,1000303,1910,diprotic,medium,acid,separated,2,2.538,1.657,0.05413464563148318,0,0,,1,0,0,1,0,5,0,0.07307634754424575,6.03,6.03,0.0,1.7300763475442458,1.73,measured_success,555
303,ppo,1000303,1911,monoprotic,near,acid,single,1,3.079,2.571,0.15415813372321394,0,0,,1,0,0,1,0,1,0,0.09540426212993891,2.45,2.45,0.0,2.666404262129939,2.67,measured_success,555
303,ppo,1000303,1912,monoprotic,near,base,single,1,6.645,7.127,0.07806730948181896,0,0,,1,0,0,1,0,34,0,0.09803922708360613,2.080000000000001,0.0,2.080000000000001,7.028960772916394,7.03,measured_success,555
303,ppo,1000303,1913,triprotic,near,base,separated,3,6.834,7.206,0.03640689017995769,0,0,,1,0,0,1,0,7,0,0.08525756746837754,0.43,0.0,0.43,7.120742432531623,7.12,measured_success,555
303,ppo,1000303,1914,triprotic,medium,acid,separated,3,3.34,2.379,0.04212941907750186,0,0,,1,0,0,1,0,1,0,0.08283045110007103,3.36,3.36,0.0,2.461830451100071,2.46,measured_success,555
303,ppo,1000303,1915,diprotic,near,base,separated,2,3.696,4.174,0.05041127067134537,0,0,,1,0,0,1,0,20,0,0.09679854004547739,1.7700000000000005,0.0,1.7700000000000005,4.077201459954523,4.08,measured_success,555
303,ppo,1000303,1916,monoprotic,medium,base,single,1,6.506,8.302,0.05393725302790838,3,1,0.295,1,0,0,1,0,4,3,0.09914341538070559,9.05,1.85,7.2,8.401143415380705,8.4,measured_success,555
303,ppo,1000303,1917,triprotic,medium,acid,separated,3,5.857,4.379,0.03691688724073035,2,1,0.98,1,1,0,1,0,2,2,0.0022683932538214435,5.88,3.92,1.96,4.381268393253821,4.38,measured_success,555
303,ppo,1000303,1918,diprotic,near,base,separated,2,6.451,6.975,0.05707882904588449,4,2,0.03,1,1,0,1,0,8,4,0.013214972936578917,5.07,2.27,2.8000000000000003,6.961785027063421,6.96,measured_success,555
303,ppo,1000303,1919,triprotic,far,base,separated,3,7.957,11.384,0.08604492863840758,3,2,0.285,1,1,0,1,0,6,3,0.015001378039197988,14.33,6.49,7.84,11.399001378039198,11.4,measured_success,555
303,ppo,1000303,1920,monoprotic,medium,acid,single,1,2.539,1.621,0.07166821197299633,0,0,,1,0,0,1,0,5,0,0.07055759886991053,6.03,6.03,0.0,1.6915575988699105,1.69,measured_success,555
303,ppo,1000303,1921,triprotic,near,acid,separated,3,7.469,6.901,0.08642932496475839,1,0,0.57,1,1,0,1,0,2,1,0.008497809415286994,3.2,3.2,0.0,6.892502190584713,6.890000000000001,measured_success,555
303,ppo,1000303,1922,diprotic,medium,acid,separated,2,5.597,3.678,0.1340195460561242,2,0,0.295,1,0,0,1,0,5,2,0.05012656086743128,11.68,11.09,0.59,3.728126560867431,3.73,measured_success,555
303,ppo,1000303,1923,diprotic,near,acid,separated,2,6.947,6.492,0.041487047308625014,0,0,,1,0,0,1,0,22,0,0.09860400403732772,0.4400000000000001,0.4400000000000001,0.0,6.590604004037328,6.59,measured_success,555
303,ppo,1000303,1924,monoprotic,far,acid,single,1,6.087,4.08,0.052309542932913,0,0,,1,1,0,1,0,1,0,0.026435496637331468,5.3,5.3,0.0,4.1064354966373315,4.11,measured_success,555
303,ppo,1000303,1925,diprotic,near,acid,separated,2,4.283,3.958,0.16903897615191843,0,0,,1,0,0,1,0,13,0,0.0940341872085444,0.7800000000000002,0.7800000000000002,0.0,4.052034187208545,4.05,measured_success,555
303,ppo,1000303,1926,monoprotic,far,acid,single,1,7.616,4.702,0.03802314370854729,5,2,0.045,1,0,0,1,0,11,5,0.05957619292788152,15.0,8.030000000000001,6.97,4.642423807072118,4.64,measured_success,555
303,ppo,1000303,1927,triprotic,near,acid,separated,3,5.667,5.169,0.16465286147654687,0,0,,1,0,0,1,0,6,0,0.0776802145779234,4.91,4.91,0.0,5.246680214577923,5.25,measured_success,555
303,ppo,1000303,1928,diprotic,medium,acid,separated,2,3.907,2.184,0.0552392768040575,0,0,,1,1,0,1,0,2,0,0.010849368859272346,7.15,7.15,0.0,2.1948493688592725,2.19,measured_success,555
303,ppo,1000303,1929,monoprotic,near,base,single,1,2.652,2.923,0.03408790973116339,0,0,,1,0,0,1,0,5,0,0.09231669597920344,0.44999999999999996,0.0,0.44999999999999996,2.8306833040207966,2.83,measured_success,555
303,ppo,1000303,1930,diprotic,medium,base,separated,2,5.533,7.18,0.04441670864446073,6,1,0.045,1,0,0,1,0,10,6,0.08135592232896727,15.04,6.579999999999999,8.46,7.0986440776710324,7.1000000000000005,measured_success,555
303,ppo,1000303,1931,monoprotic,near,acid,single,1,7.057,6.816,0.057135517002587816,0,0,,1,0,0,1,0,24,0,0.09705019194182629,0.48000000000000015,0.48000000000000015,0.0,6.913050191941826,6.91,measured_success,555
303,ppo,1000303,1932,triprotic,medium,acid,separated,3,4.535,3.496,0.067322062265521,0,0,,1,0,0,1,0,8,0,0.06849508279163574,9.440000000000001,9.440000000000001,0.0,3.5644950827916357,3.56,measured_success,555
303,ppo,1000303,1933,triprotic,near,base,separated,3,3.596,3.851,0.047453919783376756,0,0,,1,0,0,1,0,10,0,0.08921230509013967,0.8699999999999998,0.0,0.8699999999999998,3.7617876949098603,3.7600000000000002,measured_success,555
303,ppo,1000303,1934,diprotic,near,acid,separated,2,4.153,3.754,0.1380828394753187,0,0,,0,0,0,1,1,38,0,0.10008606070656034,2.2800000000000016,2.2800000000000016,0.0,3.8540860607065603,3.85,measured_success,555
303,ppo,1000303,1935,monoprotic,medium,acid,single,1,4.164,3.024,0.04213934272899868,5,3,0.075,1,1,0,1,0,6,5,0.03339314760239809,6.180000000000001,4.1000000000000005,2.08,2.990606852397602,2.99,measured_success,555
303,ppo,1000303,1936,monoprotic,far,base,single,1,3.517,6.349,0.1483753281566034,45,43,0.01,0,0,0,0,0,50,45,0.251010739925551,16.379999999999992,6.449999999999995,9.929999999999996,6.600010739925551,6.6000000000000005,max_steps,555
303,ppo,1000303,1937,diprotic,far,base,separated,2,4.175,6.855,0.05160645463537268,3,1,0.145,1,1,0,1,0,8,3,0.00512096267593698,10.479999999999997,1.37,9.109999999999998,6.860120962675937,6.86,measured_success,555
303,ppo,1000303,1938,monoprotic,medium,acid,single,1,7.661,6.615,0.08168600111323347,0,0,,1,0,0,1,0,7,0,0.052636971789418396,5.32,5.32,0.0,6.667636971789419,6.67,measured_success,555
303,ppo,1000303,1939,triprotic,medium,acid,separated,3,7.909,6.824,0.08788689023964466,0,0,,1,0,0,1,0,8,0,0.08522451821578869,4.59,4.59,0.0,6.9092245182157885,6.91,measured_success,555
303,ppo,1000303,1940,monoprotic,medium,acid,single,1,6.393,5.221,0.04760164185744023,0,0,,1,1,0,1,0,3,0,0.016019175613925185,3.93,3.93,0.0,5.237019175613925,5.24,measured_success,555
303,ppo,1000303,1941,triprotic,near,acid,separated,3,2.782,2.323,0.03188115609124714,1,0,1.225,1,0,0,1,0,1,1,0.08605800380718032,2.45,2.45,0.0,2.2369419961928196,2.24,measured_success,555
303,ppo,1000303,1942,monoprotic,near,base,single,1,3.608,4.066,0.09345182323067372,0,0,,1,0,0,1,0,18,0,0.09034879140290908,1.6200000000000003,0.0,1.6200000000000003,3.9756512085970908,3.98,measured_success,555
303,ppo,1000303,1943,monoprotic,medium,base,single,1,5.716,6.765,0.15599969292316979,3,1,0.225,1,0,0,1,0,4,3,0.05282424183892953,6.92,1.1,5.82,6.817824241838929,6.82,measured_success,555
303,ppo,1000303,1944,diprotic,near,base,separated,2,3.243,3.869,0.05689799769689438,0,0,,1,0,0,1,0,22,0,0.0882901419105786,1.9800000000000006,0.0,1.9800000000000006,3.7807098580894216,3.7800000000000002,measured_success,555
303,ppo,1000303,1945,monoprotic,medium,base,single,1,2.274,3.779,0.06513958270829527,4,2,0.075,1,1,0,1,0,6,4,0.04118360604345295,8.59,1.3099999999999998,7.28,3.737816393956547,3.74,measured_success,555
303,ppo,1000303,1946,triprotic,near,acid,separated,3,2.301,1.902,0.04937607281235337,0,0,,1,1,0,1,0,1,0,0.027647706256142657,2.45,2.45,0.0,1.9296477062561426,1.93,measured_success,555
303,ppo,1000303,1947,diprotic,medium,acid,separated,2,6.348,4.6,0.10231660646852295,0,0,,1,0,0,1,0,8,0,0.06952001740618385,10.329999999999997,10.329999999999997,0.0,4.6695200174061835,4.67,measured_success,555
303,ppo,1000303,1948,monoprotic,medium,acid,single,1,4.901,3.61,0.08200613891790573,3,3,0.49,1,0,0,1,0,4,3,0.07227977792025309,8.82,4.9,3.92,3.537720222079747,3.54,measured_success,555
303,ppo,1000303,1949,monoprotic,medium,acid,single,1,3.277,1.841,0.17253471238124343,0,0,,1,0,0,1,0,6,0,0.05905635278491306,13.940000000000003,13.940000000000003,0.0,1.900056352784913,1.9000000000000001,measured_success,555
303,ppo,1000303,1950,diprotic,medium,base,overlapping,2,4.326,5.533,0.03207067686503938,6,3,0.015,1,1,0,1,0,11,7,0.0019372626564555517,8.72,4.180000000000001,4.54,5.534937262656456,5.53,measured_success,555
303,ppo,1000303,1951,triprotic,medium,base,separated,3,4.066,5.208,0.04147897796042506,1,0,1.71,1,0,0,1,0,11,1,0.09108562882056681,4.220000000000001,0.8000000000000003,3.42,5.299085628820567,5.3,measured_success,555
303,ppo,1000303,1952,triprotic,near,base,overlapping,3,4.442,5.088,0.0625618384347197,1,0,0.62,1,1,0,1,0,2,1,0.012764798851894632,3.55,0.0,3.55,5.100764798851895,5.1000000000000005,measured_success,555
303,ppo,1000303,1953,monoprotic,far,base,single,1,8.068,11.855,0.09441242760618367,3,1,0.275,1,1,0,1,0,4,3,0.009157685984739317,10.92,1.85,9.07,11.86415768598474,11.86,measured_success,555
303,ppo,1000303,1954,diprotic,near,base,separated,2,2.013,2.693,0.16573924086034797,0,0,,1,0,0,1,0,16,0,0.08209590087808705,8.99,0.0,8.99,2.610904099121913,2.61,measured_success,555
303,ppo,1000303,1955,diprotic,near,base,separated,2,5.65,6.279,0.03351868183107805,5,3,0.035,1,0,0,1,0,7,5,0.06752154824509304,5.01,2.43,2.58,6.346521548245093,6.3500000000000005,measured_success,555
303,ppo,1000303,1956,monoprotic,near,base,single,1,8.411,8.834,0.1341329371584363,0,0,,1,0,0,1,0,6,0,0.09783099125783323,0.32,0.0,0.32,8.736169008742166,8.74,measured_success,555
303,ppo,1000303,1957,triprotic,far,base,separated,3,5.879,8.095,0.07543996841041584,4,2,0.13,1,0,0,1,0,7,4,0.06578004236725299,13.05,2.4800000000000004,10.57,8.029219957632748,8.03,measured_success,555
303,ppo,1000303,1958,monoprotic,near,base,single,1,4.784,5.113,0.07708050993189108,0,0,,1,0,0,1,0,21,0,0.08615208374182526,1.2600000000000007,0.0,1.2600000000000007,5.026847916258175,5.03,measured_success,555
303,ppo,1000303,1959,monoprotic,medium,base,single,1,4.347,5.535,0.09045167231764474,2,0,0.225,1,1,0,1,0,3,2,0.027520162416498906,5.72,0.45,5.27,5.507479837583501,5.51,measured_success,555
303,ppo,1000303,1960,monoprotic,medium,base,single,1,3.521,4.583,0.07811525652541293,7,7,0.015,1,0,0,1,0,11,7,0.05944047883437342,7.259999999999998,3.4299999999999993,3.829999999999999,4.642440478834374,4.64,measured_success,555
303,ppo,1000303,1961,monoprotic,medium,base,single,1,7.875,9.38,0.12172399918766888,2,1,0.25,1,0,0,1,0,7,2,0.05223335990348765,8.92,1.42,7.5,9.327766640096513,9.33,measured_success,555
303,ppo,1000303,1962,monoprotic,far,acid,single,1,8.074,5.311,0.036217752970320816,7,4,0.015,1,1,0,1,0,12,7,0.028863864829510533,14.43,7.930000000000001,6.5,5.282136135170489,5.28,measured_success,555
303,ppo,1000303,1963,monoprotic,near,acid,single,1,2.119,1.785,0.17041520208560926,0,0,,1,0,0,1,0,3,0,0.09681789511966188,5.04,5.04,0.0,1.8818178951196618,1.8800000000000001,measured_success,555
303,ppo,1000303,1964,triprotic,medium,acid,separated,3,3.895,2.082,0.1069215818897048,0,0,,1,0,0,1,0,8,0,0.07791615297186016,12.93,12.93,0.0,2.15991615297186,2.16,measured_success,555
303,ppo,1000303,1965,monoprotic,near,base,single,1,6.051,6.618,0.048331800900877214,3,1,0.225,1,0,0,1,0,3,3,0.06955552408096466,3.54,1.03,2.5100000000000002,6.687555524080965,6.69,measured_success,555
303,ppo,1000303,1966,monoprotic,medium,acid,single,1,8.086,6.283,0.052226604608559,4,2,0.225,1,1,0,1,0,7,4,0.02874267092463345,10.87,7.77,3.1,6.311742670924634,6.3100000000000005,measured_success,555
303,ppo,1000303,1967,monoprotic,far,acid,single,1,4.383,1.997,0.15878262380392227,1,0,3.425,1,0,0,1,0,7,1,0.0640547369626645,9.7,6.85,2.85,1.9329452630373356,1.93,measured_success,555
303,ppo,1000303,1968,triprotic,medium,acid,separated,3,7.74,6.692,0.034829548620648514,1,0,1.585,1,1,0,1,0,2,1,0.024989684573816007,3.57,3.17,0.4,6.667010315426184,6.67,measured_success,555
303,ppo,1000303,1969,monoprotic,medium,base,single,1,6.845,7.714,0.14050314881907675,0,0,,0,0,0,0,0,50,0,0.37755173434198497,4.149999999999999,0.0,4.149999999999999,7.336448265658015,7.34,max_steps,555
303,ppo,1000303,1970,diprotic,near,acid,overlapping,2,2.509,2.14,0.05962832578209353,0,0,,1,1,0,1,0,1,0,0.041124483776961096,2.45,2.45,0.0,2.181124483776961,2.18,measured_success,555
303,ppo,1000303,1971,diprotic,near,base,separated,2,2.036,2.312,0.03174865224988025,0,0,,1,0,0,1,0,2,0,0.0948114894234835,0.62,0.0,0.62,2.2171885105765163,2.22,measured_success,555
303,ppo,1000303,1972,diprotic,far,acid,separated,2,6.918,3.354,0.05331844634413085,2,0,0.305,1,1,0,1,0,2,2,0.012648742126031287,8.39,7.78,0.61,3.3666487421260314,3.37,measured_success,555
303,ppo,1000303,1973,diprotic,medium,base,separated,2,4.179,5.532,0.03105921105124999,3,0,0.2,1,1,0,1,0,3,3,0.022234767918531517,6.220000000000001,1.82,4.4,5.5542347679185315,5.55,measured_success,555
303,ppo,1000303,1974,diprotic,medium,acid,overlapping,2,5.015,3.744,0.138384143192422,0,0,,1,0,0,1,0,16,0,0.09874288400776399,12.47,12.47,0.0,3.842742884007764,3.84,measured_success,555
303,ppo,1000303,1975,triprotic,medium,base,separated,3,6.234,7.207,0.10953087053941273,0,0,,1,0,0,1,0,2,0,0.0767190993877529,5.37,0.0,5.37,7.130280900612247,7.13,measured_success,555
303,ppo,1000303,1976,monoprotic,medium,base,single,1,2.448,3.876,0.056159517460910635,3,1,0.475,1,1,0,1,0,4,3,0.03429532413340075,7.34,2.3899999999999997,4.95,3.9102953241334006,3.91,measured_success,555
303,ppo,1000303,1977,diprotic,medium,base,separated,2,1.949,2.961,0.048484984352780966,0,0,,1,0,0,1,0,5,0,0.06185256947743634,5.419999999999999,0.0,5.419999999999999,2.8991474305225635,2.9,measured_success,555
303,ppo,1000303,1978,monoprotic,far,acid,single,1,6.712,3.922,0.09724506229655507,4,1,0.045,1,0,0,1,0,8,4,0.09930784885290977,14.939999999999998,13.399999999999999,1.54,4.02130784885291,4.0200000000000005,measured_success,555
303,ppo,1000303,1979,triprotic,near,acid,overlapping,3,1.965,1.677,0.07329666548682878,0,0,,1,1,0,1,0,1,0,0.011788747286387569,2.98,2.98,0.0,1.6887887472863876,1.69,measured_success,555
303,ppo,1000303,1980,diprotic,medium,base,separated,2,3.919,5.023,0.04154996029911157,0,0,,1,0,0,1,0,3,0,0.06854222426632184,3.53,0.0,3.53,4.954457775733678,4.95,measured_success,555
303,ppo,1000303,1981,diprotic,near,acid,separated,2,6.066,5.853,0.0350906782387951,0,0,,1,1,0,1,0,3,0,0.03583812351380722,0.15000000000000002,0.15000000000000002,0.0,5.888838123513807,5.89,measured_success,555
303,ppo,1000303,1982,diprotic,medium,base,separated,2,5.428,6.93,0.05166646999359435,3,2,0.66,1,1,0,1,0,3,3,0.005175600799059765,9.27,2.65,6.62,6.9351756007990595,6.94,measured_success,555
303,ppo,1000303,1983,triprotic,medium,base,separated,3,4.729,6.302,0.06719260813186353,4,1,0.145,1,0,0,1,0,5,4,0.06968856289567427,9.34,2.14,7.2,6.232311437104325,6.23,measured_success,555
303,ppo,1000303,1984,triprotic,medium,base,separated,3,4.633,5.86,0.03483709766313606,2,1,0.575,1,0,0,1,0,3,2,0.05276876742812586,6.880000000000001,1.15,5.73,5.8072312325718745,5.8100000000000005,measured_success,555
303,ppo,1000303,1985,diprotic,medium,base,separated,2,3.604,4.644,0.05712587898758708,1,0,0.295,1,1,0,1,0,3,1,0.02285727371818247,4.359999999999999,0.0,4.359999999999999,4.666857273718183,4.67,measured_success,555
303,ppo,1000303,1986,monoprotic,near,base,single,1,5.121,5.33,0.17268974460444841,0,0,,1,0,0,1,0,8,0,0.09947974386988534,0.48,0.0,0.48,5.230520256130115,5.23,measured_success,555
303,ppo,1000303,1987,diprotic,medium,base,separated,2,2.618,3.441,0.03252270004932552,3,1,0.155,1,1,0,1,0,4,3,0.014656792934614415,4.43,1.16,3.27,3.4556567929346143,3.46,measured_success,555
303,ppo,1000303,1988,monoprotic,near,base,single,1,4.935,5.203,0.05985284085690294,0,0,,1,0,0,1,0,7,0,0.06769554729230531,0.42,0.0,0.42,5.135304452707695,5.14,measured_success,555
303,ppo,1000303,1989,diprotic,medium,base,separated,2,5.798,6.658,0.10973964968126947,0,0,,1,1,0,1,0,2,0,0.042451868277473714,4.65,0.0,4.65,6.615548131722527,6.62,measured_success,555
303,ppo,1000303,1990,triprotic,medium,acid,separated,3,3.135,1.843,0.032941109580437215,1,0,1.99,1,0,0,1,0,3,1,0.05525926337296738,5.03,3.98,1.05,1.7877407366270326,1.79,measured_success,555
303,ppo,1000303,1991,monoprotic,far,acid,single,1,4.973,1.908,0.04185365310097226,1,0,3.425,1,0,0,1,0,3,1,0.06377941547575228,7.8999999999999995,6.85,1.05,1.8442205845242476,1.84,measured_success,555
303,ppo,1000303,1992,diprotic,medium,acid,separated,2,4.082,2.682,0.06208569229598069,2,0,0.36,1,0,0,1,0,3,2,0.09805122400766075,6.119999999999999,3.98,2.1399999999999997,2.7800512240076607,2.7800000000000002,measured_success,555
303,ppo,1000303,1993,monoprotic,near,acid,single,1,3.074,2.778,0.08738200104096898,0,0,,1,0,0,1,0,7,0,0.0816110702529822,0.6299999999999999,0.6299999999999999,0.0,2.8596110702529822,2.86,measured_success,555
303,ppo,1000303,1994,triprotic,near,base,separated,3,1.9,2.522,0.04953798419407191,0,0,,1,0,0,1,0,4,0,0.07528378716597528,2.81,0.0,2.81,2.4467162128340245,2.45,measured_success,555
303,ppo,1000303,1995,diprotic,near,acid,separated,2,2.291,1.988,0.08009565040141325,1,0,1.38,1,0,0,1,0,2,1,0.06458604624521946,3.3499999999999996,2.76,0.59,1.9234139537547805,1.92,measured_success,555
303,ppo,1000303,1996,diprotic,far,acid,separated,2,5.227,2.839,0.06953487990891472,0,0,,1,0,0,1,0,5,0,0.08315548891280189,14.9,14.9,0.0,2.922155488912802,2.92,measured_success,555
303,ppo,1000303,1997,diprotic,far,base,separated,2,6.786,9.679,0.10744657665802626,5,3,0.03,1,1,0,1,0,10,5,0.04823549872475219,19.44,3.46,15.98,9.727235498724752,9.73,measured_success,555
303,ppo,1000303,1998,triprotic,far,acid,overlapping,3,5.119,2.529,0.05182278521826012,0,0,,1,1,0,1,0,9,0,0.045672705833825766,21.08,21.08,0.0,2.5746727058338257,2.57,measured_success,555
303,ppo,1000303,1999,triprotic,far,base,separated,3,2.456,6.051,0.051761796580386155,0,0,,1,0,0,1,0,10,0,0.08973888266005936,12.430000000000003,0.0,12.430000000000003,5.961261117339941,5.96,measured_success,555
303,ppo,1000303,2000,monoprotic,medium,acid,single,1,4.545,2.789,0.08600918785072151,3,2,0.075,1,1,0,1,0,4,3,0.01885314647908798,6.36,6.0600000000000005,0.3,2.770146853520912,2.77,measured_success,555
303,ppo,1000303,2001,monoprotic,near,base,single,1,6.862,7.478,0.14496989853125608,0,0,,1,0,0,1,0,3,0,0.06926246853540796,3.79,0.0,3.79,7.408737531464592,7.41,measured_success,555
303,ppo,1000303,2002,diprotic,near,acid,separated,2,4.324,3.768,0.054045308181585504,1,0,1.03,1,0,0,1,0,1,1,0.06373996084509503,2.06,2.06,0.0,3.7042600391549048,3.7,measured_success,555
303,ppo,1000303,2003,monoprotic,medium,base,single,1,7.189,8.213,0.08109546469625172,0,0,,1,0,0,1,0,44,0,0.0633316879977226,3.4800000000000013,0.0,3.4800000000000013,8.149668312002277,8.15,measured_success,555
303,ppo,1000303,2004,monoprotic,medium,acid,single,1,9.139,7.142,0.10398562109852147,0,0,,0,0,1,0,0,50,0,1.5838054274906126,1.500000000000001,1.500000000000001,0.0,8.725805427490613,8.73,max_steps,555
303,ppo,1000303,2005,diprotic,near,base,separated,2,2.704,2.99,0.06190881304860842,0,0,,1,0,0,1,0,9,0,0.07346735935948168,0.8099999999999998,0.0,0.8099999999999998,2.9165326406405185,2.92,measured_success,555
303,ppo,1000303,2006,diprotic,medium,base,separated,2,2.035,3.356,0.03572526040669953,1,0,1.195,1,0,0,1,0,2,1,0.08317274388903595,5.41,0.0,5.41,3.439172743889036,3.44,measured_success,555
303,ppo,1000303,2007,monoprotic,medium,acid,single,1,5.295,3.382,0.08061689350028381,5,3,0.125,1,0,0,1,0,7,5,0.08835000053619302,10.47,7.66,2.81,3.293649999463807,3.29,measured_success,555
303,ppo,1000303,2008,monoprotic,medium,base,single,1,4.13,5.544,0.03309158540026997,3,1,0.145,1,1,0,1,0,8,3,0.032324067870351136,9.46,3.7699999999999996,5.69,5.576324067870351,5.58,measured_success,555
303,ppo,1000303,2009,triprotic,medium,acid,separated,3,4.786,3.069,0.10974625151059354,0,0,,1,1,0,1,0,5,0,0.005745584260797187,10.57,10.57,0.0,3.074745584260797,3.0700000000000003,measured_success,555
303,ppo,1000303,2010,diprotic,near,acid,overlapping,2,2.906,2.307,0.059660852467991264,0,0,,1,0,0,1,0,2,0,0.06734396828659017,3.66,3.66,0.0,2.37434396828659,2.37,measured_success,555
303,ppo,1000303,2011,diprotic,near,acid,separated,2,4.321,3.962,0.05501616640452777,0,0,,1,0,0,1,0,12,0,0.09818074762202533,0.7200000000000002,0.7200000000000002,0.0,4.0601807476220255,4.0600000000000005,measured_success,555
303,ppo,1000303,2012,triprotic,medium,acid,separated,3,6.356,4.583,0.09267307202093926,0,0,,1,0,0,1,0,12,0,0.08401899065756524,14.419999999999996,14.419999999999996,0.0,4.667018990657565,4.67,measured_success,555
303,ppo,1000303,2013,monoprotic,near,acid,single,1,5.784,5.157,0.149634924083168,2,1,0.29,1,0,0,1,0,3,2,0.08201471702681928,3.8,3.2199999999999998,0.58,5.239014717026819,5.24,measured_success,555
303,ppo,1000303,2014,triprotic,medium,acid,separated,3,4.238,2.786,0.06392312774777416,1,0,0.36,1,1,0,1,0,3,1,0.018762228835788708,6.34,6.34,0.0,2.7672377711642113,2.77,measured_success,555
303,ppo,1000303,2015,diprotic,medium,acid,separated,2,4.258,3.119,0.06631299883936459,2,0,0.22,1,1,0,1,0,3,2,0.023072607630637787,4.29,3.24,1.05,3.142072607630638,3.14,measured_success,555
303,ppo,1000303,2016,diprotic,near,base,separated,2,6.453,7.134,0.09733149869675323,3,1,0.145,1,0,0,1,0,4,3,0.06827755248293421,3.83,1.03,2.8000000000000003,7.2022775524829346,7.2,measured_success,555
303,ppo,1000303,2017,monoprotic,medium,base,single,1,5.3,7.093,0.03396686440104863,4,2,0.18,1,1,0,1,0,5,4,0.046336441364390524,10.75,3.7199999999999998,7.03,7.0466635586356094,7.05,measured_success,555
303,ppo,1000303,2018,triprotic,near,base,overlapping,3,2.515,2.789,0.10182395787118638,0,0,,1,1,0,1,0,3,0,0.01647014248067924,0.71,0.0,0.71,2.772529857519321,2.77,measured_success,555
303,ppo,1000303,2019,diprotic,far,base,separated,2,1.893,3.96,0.1495752262152685,0,0,,1,0,0,1,0,15,0,0.09382404611472328,19.919999999999995,0.0,19.919999999999995,3.8661759538852767,3.87,measured_success,555
303,ppo,1000303,2020,monoprotic,near,base,single,1,5.433,6.057,0.1598177715405277,0,0,,1,0,0,1,0,6,0,0.09909087377653236,5.63,0.0,5.63,5.957909126223468,5.96,measured_success,555
303,ppo,1000303,2021,triprotic,far,base,separated,3,4.463,6.861,0.047296666542359506,3,2,0.635,1,0,0,1,0,4,3,0.05720825285449127,10.51,3.1799999999999997,7.33,6.918208252854491,6.92,measured_success,555
303,ppo,1000303,2022,diprotic,medium,base,separated,2,2.703,3.504,0.10811941265391865,0,0,,1,0,0,1,0,4,0,0.0896141852377137,5.109999999999999,0.0,5.109999999999999,3.4143858147622863,3.41,measured_success,555
303,ppo,1000303,2023,diprotic,far,base,separated,2,5.764,8.787,0.10828551242424872,44,41,0.01,0,0,1,0,0,50,44,0.9429650830126324,20.65999999999999,10.149999999999993,10.509999999999994,7.844034916987368,7.84,max_steps,555
303,ppo,1000303,2024,triprotic,medium,acid,separated,3,3.671,1.966,0.11921852564035686,0,0,,1,1,0,1,0,2,0,0.003108605167139844,7.72,7.72,0.0,1.9691086051671398,1.97,measured_success,555
303,ppo,1000303,2025,diprotic,far,base,separated,2,4.783,7.433,0.10349153877074607,5,1,0.13,1,1,0,1,0,6,5,0.026471412831874375,13.2,3.8,9.4,7.459471412831874,7.46,measured_success,555
303,ppo,1000303,2026,diprotic,medium,acid,separated,2,2.893,1.842,0.045849031237105375,0,0,,1,0,0,1,0,1,0,0.09903559301423082,3.98,3.98,0.0,1.941035593014231,1.94,measured_success,555
303,ppo,1000303,2027,monoprotic,near,base,single,1,6.357,6.713,0.057227792446281935,0,0,,1,0,0,1,0,13,0,0.0898798572950108,0.8800000000000003,0.0,0.8800000000000003,6.623120142704989,6.62,measured_success,555
303,ppo,1000303,2028,triprotic,medium,base,separated,3,2.509,4.322,0.0661069866476626,0,0,,1,0,0,1,0,31,0,0.09519430526279837,8.039999999999996,0.0,8.039999999999996,4.226805694737202,4.23,measured_success,555
303,ppo,1000303,2029,diprotic,medium,acid,overlapping,2,5.877,4.679,0.03161798690712168,0,0,,1,0,0,1,0,3,0,0.06279262574248001,3.93,3.93,0.0,4.74179262574248,4.74,measured_success,555
303,ppo,1000303,2030,monoprotic,medium,acid,single,1,7.915,6.879,0.09211288114924682,3,1,0.11,1,0,0,1,0,8,3,0.0649944331712522,3.9900000000000007,3.5400000000000005,0.45,6.814005566828747,6.8100000000000005,measured_success,555
303,ppo,1000303,2031,monoprotic,near,acid,single,1,3.64,3.376,0.1658621893314812,0,0,,1,0,0,1,0,10,0,0.0935809422050462,0.8699999999999998,0.8699999999999998,0.0,3.469580942205046,3.47,measured_success,555
303,ppo,1000303,2032,triprotic,far,acid,separated,3,6.873,3.187,0.127233326037631,1,0,0.605,1,1,0,1,0,6,1,0.007214800181829961,18.4,17.81,0.59,3.17978519981817,3.18,measured_success,555
303,ppo,1000303,2033,monoprotic,medium,base,single,1,6.536,7.805,0.04208092972859995,2,2,1.05,1,0,0,1,0,3,2,0.08019599265612065,7.359999999999999,2.1,5.26,7.724804007343879,7.72,measured_success,555
303,ppo,1000303,2034,monoprotic,medium,acid,single,1,8.096,6.27,0.03625238379316958,3,0,0.2,1,0,0,1,0,6,3,0.06412385621626449,9.95,6.4,3.55,6.205876143783735,6.21,measured_success,555
303,ppo,1000303,2035,triprotic,far,base,separated,3,5.481,7.56,0.03141493922910111,4,1,0.045,1,1,0,1,0,7,4,0.011104353275237067,11.200000000000001,4.16,7.040000000000001,7.5488956467247625,7.55,measured_success,555
303,ppo,1000303,2036,diprotic,far,base,separated,2,2.25,6.119,0.04773788147488369,3,1,0.225,1,1,0,1,0,8,3,0.013553105517786435,15.339999999999998,2.2899999999999996,13.049999999999999,6.132553105517786,6.13,measured_success,555
303,ppo,1000303,2037,diprotic,near,acid,separated,2,6.769,6.474,0.15726652244717979,0,0,,0,0,0,0,0,50,0,0.15910343183510278,1.0000000000000004,1.0000000000000004,0.0,6.633103431835103,6.63,max_steps,555
303,ppo,1000303,2038,triprotic,medium,base,separated,3,6.81,7.955,0.07913061820660199,6,4,0.015,1,0,0,1,0,10,6,0.0504905780855065,10.42,4.750000000000001,5.669999999999999,7.904509421914494,7.9,measured_success,555
303,ppo,1000303,2039,triprotic,medium,acid,separated,3,6.007,4.988,0.057523364236308515,0,0,,1,0,0,1,0,3,0,0.07968057311033849,3.9499999999999997,3.9499999999999997,0.0,5.067680573110339,5.07,measured_success,555
303,ppo,1000303,2040,monoprotic,medium,acid,single,1,4.936,3.715,0.08776970763431312,1,0,1.11,1,1,0,1,0,2,1,0.034022979108460305,6.140000000000001,6.140000000000001,0.0,3.6809770208915396,3.68,measured_success,555
303,ppo,1000303,2041,triprotic,near,acid,separated,3,4.168,3.691,0.04496144704161805,1,0,1.03,1,0,0,1,0,1,1,0.08065771494414076,2.06,2.06,0.0,3.610342285055859,3.61,measured_success,555
303,ppo,1000303,2042,diprotic,near,base,separated,2,5.534,5.856,0.05037245224725365,0,0,,1,0,0,1,0,13,0,0.09133194445022852,0.8300000000000003,0.0,0.8300000000000003,5.764668055549771,5.76,measured_success,555
303,ppo,1000303,2043,monoprotic,medium,base,single,1,7.435,8.437,0.07730725073974007,0,0,,1,1,0,1,0,25,0,0.03755537836627987,1.9800000000000006,0.0,1.9800000000000006,8.39944462163372,8.4,measured_success,555
303,ppo,1000303,2044,diprotic,near,base,separated,2,6.021,6.26,0.031419369538191536,0,0,,1,0,0,1,0,5,0,0.06881397492112207,0.34,0.0,0.34,6.191186025078878,6.19,measured_success,555
303,ppo,1000303,2045,monoprotic,medium,acid,single,1,6.682,4.839,0.03001488702508288,46,45,0.01,0,0,0,0,0,50,46,0.11831480879778589,13.86999999999999,7.179999999999995,6.689999999999996,4.957314808797786,4.96,max_steps,555
303,ppo,1000303,2046,monoprotic,medium,base,single,1,7.499,9.473,0.051385762889376574,3,1,0.215,1,1,0,1,0,4,3,0.045137684212443574,8.5,0.92,7.58,9.518137684212444,9.52,measured_success,555
303,ppo,1000303,2047,monoprotic,near,acid,single,1,8.373,8.131,0.03306740675698953,0,0,,1,0,0,1,0,18,0,0.09955125735852732,0.36000000000000004,0.36000000000000004,0.0,8.230551257358528,8.23,measured_success,555
303,ppo,1000303,2048,diprotic,near,base,separated,2,1.997,2.66,0.04372322304505893,1,1,0.295,1,0,0,1,0,3,1,0.06168295567053761,2.66,0.29,2.37,2.7216829556705378,2.72,measured_success,555
303,ppo,1000303,2049,diprotic,near,acid,separated,2,5.957,5.291,0.07654220261331476,0,0,,1,0,0,1,0,1,0,0.08996434293510625,2.06,2.06,0.0,5.380964342935107,5.38,measured_success,555
303,ppo,1000303,2050,triprotic,near,acid,separated,3,2.966,2.64,0.061509434268998214,1,1,1.03,1,0,0,1,0,2,1,0.08920088867439757,3.09,2.06,1.03,2.5507991113256026,2.5500000000000003,measured_success,555
303,ppo,1000303,2051,diprotic,medium,base,separated,2,2.59,3.806,0.038965894039708515,0,0,,1,1,0,1,0,2,0,0.018335280922166852,4.16,0.0,4.16,3.787664719077833,3.79,measured_success,555
303,ppo,1000303,2052,monoprotic,medium,base,single,1,6.796,8.462,0.07871272251909946,3,1,0.225,1,0,0,1,0,5,3,0.08988936459073216,8.72,1.12,7.6000000000000005,8.551889364590732,8.55,measured_success,555
303,ppo,1000303,2053,diprotic,medium,acid,separated,2,5.339,3.528,0.0704899805149234,0,0,,1,0,0,1,0,6,0,0.06356007046086232,12.25,12.25,0.0,3.5915600704608623,3.59,measured_success,555
303,ppo,1000303,2054,monoprotic,near,acid,single,1,7.237,6.759,0.08179646220152621,0,0,,0,0,0,0,0,50,0,0.24108694579706835,1.0000000000000004,1.0000000000000004,0.0,7.000086945797069,7.0,max_steps,555
303,ppo,1000303,2055,diprotic,medium,acid,separated,2,3.102,1.86,0.04822051415613199,0,0,,1,1,0,1,0,3,0,0.01440104912612905,6.83,6.83,0.0,1.8744010491261291,1.87,measured_success,555
303,ppo,1000303,2056,monoprotic,medium,acid,single,1,2.685,1.689,0.046141445316481115,0,0,,1,1,0,1,0,1,0,0.0069404838385174195,3.98,3.98,0.0,1.6959404838385175,1.7,measured_success,555
303,ppo,1000303,2057,triprotic,medium,acid,separated,3,6.927,4.93,0.07572372115874947,0,0,,1,0,0,1,0,5,0,0.05720241447522412,9.88,9.88,0.0,4.987202414475224,4.99,measured_success,555
303,ppo,1000303,2058,monoprotic,far,acid,single,1,5.316,1.933,0.09368296871502567,1,0,3.505,1,0,0,1,0,6,1,0.07201836877168044,9.27,7.01,2.26,1.8609816312283196,1.86,measured_success,555
303,ppo,1000303,2059,monoprotic,near,acid,single,1,5.599,5.126,0.06173035936477628,0,0,,1,0,0,1,0,32,0,0.08544557183718826,1.4000000000000006,1.4000000000000006,0.0,5.211445571837189,5.21,measured_success,555
303,ppo,1000303,2060,diprotic,medium,base,separated,2,3.284,4.53,0.08314087749187388,0,0,,1,0,0,1,0,5,0,0.09214691334260205,8.82,0.0,8.82,4.437853086657398,4.44,measured_success,555
303,ppo,1000303,2061,diprotic,medium,base,separated,2,2.579,3.389,0.08263899788061344,0,0,,1,1,0,1,0,2,0,0.005583462981125553,2.83,0.0,2.83,3.3834165370188742,3.38,measured_success,555
303,ppo,1000303,2062,diprotic,near,base,separated,2,4.596,5.26,0.11451465507473958,0,0,,1,0,0,1,0,5,0,0.08201720476557206,4.72,0.0,4.72,5.177982795234428,5.18,measured_success,555
303,ppo,1000303,2063,triprotic,medium,base,separated,3,4.993,6.256,0.06841743248081411,2,1,0.285,1,1,0,1,0,4,2,0.017474324741453273,7.44,0.57,6.87,6.238525675258547,6.24,measured_success,555
303,ppo,1000303,2064,monoprotic,near,base,single,1,5.264,5.529,0.03416922753195366,0,0,,1,0,0,1,0,4,0,0.06164165549634326,0.24,0.0,0.24,5.467358344503657,5.47,measured_success,555
303,ppo,1000303,2065,triprotic,medium,acid,separated,3,3.946,3.151,0.05911396164643539,1,0,1.225,1,1,0,1,0,1,1,0.01083233316619392,2.45,2.45,0.0,3.140167666833806,3.14,measured_success,555
303,ppo,1000303,2066,diprotic,far,acid,separated,2,4.394,2.241,0.13614504721377363,0,0,,1,0,0,1,0,3,0,0.08168807285345148,11.790000000000001,11.790000000000001,0.0,2.3226880728534516,2.32,measured_success,555
303,ppo,1000303,2067,diprotic,medium,acid,separated,2,4.975,3.937,0.04591425158331995,2,1,0.1,1,1,0,1,0,3,2,0.011765920504944294,3.8400000000000003,3.64,0.2,3.948765920504944,3.95,measured_success,555
303,ppo,1000303,2068,monoprotic,near,acid,single,1,8.272,7.901,0.16917611399584717,0,0,,0,0,0,0,0,50,0,0.2902459543322564,1.0000000000000004,1.0000000000000004,0.0,8.191245954332256,8.19,max_steps,555
303,ppo,1000303,2069,monoprotic,medium,base,single,1,3.745,5.33,0.04965167919598625,4,0,0.13,1,1,0,1,0,9,4,0.0019009939879648385,11.8,5.260000000000001,6.54,5.328099006012035,5.33,measured_success,555
303,ppo,1000303,2070,diprotic,medium,base,separated,2,3.549,4.959,0.03349774784721678,4,1,0.205,0,0,0,1,1,4,4,0.10278288637107558,7.050000000000001,2.23,4.82,4.856217113628924,4.86,measured_success,555
303,ppo,1000303,2071,monoprotic,far,acid,single,1,7.835,4.808,0.13508644656495214,2,2,0.59,1,1,0,1,0,6,2,0.004126793117297467,16.349999999999998,13.989999999999998,2.36,4.812126793117297,4.8100000000000005,measured_success,555
303,ppo,1000303,2072,monoprotic,far,acid,single,1,4.898,1.901,0.15015896354256378,0,0,,1,1,0,1,0,5,0,0.03384448609446955,20.32,20.32,0.0,1.9348444860944696,1.93,measured_success,555
303,ppo,1000303,2073,monoprotic,near,acid,single,1,4.285,3.7,0.0852295713064088,1,0,0.605,1,1,0,1,0,3,1,0.019368437408635586,3.86,3.27,0.59,3.6806315625913646,3.68,measured_success,555
303,ppo,1000303,2074,diprotic,far,base,separated,2,3.504,6.102,0.05294431287341582,2,1,0.46,1,0,0,1,0,4,2,0.07707405919294885,13.33,0.92,12.41,6.0249259408070515,6.0200000000000005,measured_success,555
303,ppo,1000303,2075,triprotic,near,acid,separated,3,6.197,5.971,0.05886967384862703,0,0,,0,0,0,1,1,9,0,0.1036534164970142,0.51,0.51,0.0,6.074653416497014,6.07,measured_success,555
303,ppo,1000303,2076,triprotic,medium,base,separated,3,4.235,5.277,0.10113800695074705,0,0,,1,0,0,1,0,12,0,0.08727525353320065,11.879999999999995,0.0,11.879999999999995,5.1897247464667995,5.19,measured_success,555
303,ppo,1000303,2077,monoprotic,near,acid,single,1,3.858,3.398,0.038576295324056514,3,2,0.145,1,1,0,1,0,4,3,0.031394546796442935,3.97,2.35,1.62,3.366605453203557,3.37,measured_success,555
303,ppo,1000303,2078,monoprotic,medium,acid,single,1,3.675,2.275,0.0736900173621859,1,0,1.99,1,1,0,1,0,3,1,0.030110788998037652,6.119999999999999,3.98,2.1399999999999997,2.2448892110019623,2.24,measured_success,555
303,ppo,1000303,2079,diprotic,medium,base,separated,2,3.718,4.802,0.1111702307818757,2,1,0.405,1,1,0,1,0,5,2,0.0076146526900444655,7.640000000000001,1.96,5.680000000000001,4.794385347309955,4.79,measured_success,555
303,ppo,1000303,2080,diprotic,near,base,separated,2,5.617,6.086,0.05502054988363033,0,0,,1,0,0,1,0,28,0,0.08977360615996233,2.010000000000001,0.0,2.010000000000001,5.996226393840038,6.0,measured_success,555
303,ppo,1000303,2081,diprotic,near,acid,separated,2,5.145,4.463,0.030483782047046135,1,1,1.03,1,0,0,1,0,2,1,0.07496129770022808,3.09,2.06,1.03,4.388038702299772,4.39,measured_success,555
303,ppo,1000303,2082,monoprotic,near,base,single,1,4.541,4.791,0.03977970821296542,0,0,,1,0,0,1,0,9,0,0.08945381242319073,0.54,0.0,0.54,4.70154618757681,4.7,measured_success,555
303,ppo,1000303,2083,diprotic,medium,base,separated,2,5.337,7.001,0.061162627033412444,5,2,0.115,1,0,0,1,0,8,5,0.0703478697378701,14.690000000000001,5.91,8.780000000000001,7.07134786973787,7.07,measured_success,555
303,ppo,1000303,2084,monoprotic,near,base,single,1,7.001,7.42,0.03422945257059307,0,0,,0,0,0,1,1,8,0,0.10383478946130609,0.48,0.0,0.48,7.316165210538694,7.32,measured_success,555
303,ppo,1000303,2085,triprotic,near,base,separated,3,7.556,7.873,0.09465598805420312,0,0,,1,0,0,1,0,27,0,0.095428069762856,1.620000000000001,0.0,1.620000000000001,7.777571930237144,7.78,measured_success,555
303,ppo,1000303,2086,monoprotic,medium,base,single,1,5.311,6.421,0.04209963538461005,0,0,,1,0,0,1,0,1,0,0.07753201804703291,3.17,0.0,3.17,6.343467981952967,6.34,measured_success,555
303,ppo,1000303,2087,triprotic,medium,base,separated,3,6.351,7.96,0.060013475547130095,5,3,0.085,1,1,0,1,0,8,5,0.0023571907302732953,11.09,3.4699999999999998,7.62,7.962357190730273,7.96,measured_success,555
303,ppo,1000303,2088,triprotic,medium,base,separated,3,6.075,7.09,0.15281241406789514,1,0,0.295,1,1,0,1,0,5,2,0.0023530035259042847,7.6499999999999995,0.29,7.359999999999999,7.087646996474096,7.09,measured_success,555
303,ppo,1000303,2089,monoprotic,medium,base,single,1,5.899,7.532,0.0652357635216074,4,2,0.275,1,1,0,1,0,7,4,0.01131426064386254,11.29,3.91,7.38,7.5206857393561375,7.5200000000000005,measured_success,555
303,ppo,1000303,2090,monoprotic,far,base,single,1,2.53,6.463,0.1352357622394324,46,45,0.01,0,0,1,0,0,50,46,0.9028004968734313,15.299999999999994,5.089999999999997,10.209999999999997,5.560199503126569,5.5600000000000005,max_steps,555
303,ppo,1000303,2091,diprotic,medium,base,separated,2,4.314,6.059,0.06891173475367009,0,0,,1,0,0,1,0,6,0,0.09241076848364838,9.94,0.0,9.94,5.966589231516352,5.97,measured_success,555
303,ppo,1000303,2092,triprotic,far,acid,separated,3,4.573,2.27,0.03082479097461348,1,0,3.425,1,1,0,1,0,6,1,0.014281513044667182,9.67,6.85,2.82,2.255718486955333,2.2600000000000002,measured_success,555
303,ppo,1000303,2093,triprotic,medium,base,separated,3,2.974,3.868,0.08030948105432174,2,1,0.31,1,0,0,1,0,3,2,0.05066952349546883,4.24,0.62,3.62,3.817330476504531,3.8200000000000003,measured_success,555
303,ppo,1000303,2094,diprotic,near,acid,separated,2,2.059,1.547,0.1288724904656463,0,0,,1,0,0,1,0,2,0,0.0914565954651676,3.66,3.66,0.0,1.6384565954651675,1.6400000000000001,measured_success,555
303,ppo,1000303,2095,monoprotic,far,base,single,1,5.824,7.906,0.0939649400139636,8,3,0.01,1,1,0,1,0,11,8,0.039788685030196724,15.209999999999997,6.6499999999999995,8.559999999999999,7.866211314969803,7.87,measured_success,555
303,ppo,1000303,2096,diprotic,medium,acid,separated,2,4.208,2.568,0.03216490557308734,1,0,2.65,0,0,0,1,1,3,1,0.10008848618691024,6.5,5.3,1.2,2.46791151381309,2.47,measured_success,555
303,ppo,1000303,2097,monoprotic,near,acid,single,1,6.69,6.328,0.03566145387000491,0,0,,1,0,0,1,0,28,0,0.061579326973464354,0.6100000000000001,0.6100000000000001,0.0,6.389579326973465,6.390000000000001,measured_success,555
303,ppo,1000303,2098,diprotic,near,base,separated,2,2.688,3.065,0.0309755573447632,0,0,,1,0,0,1,0,12,0,0.08144932533654403,1.0799999999999998,0.0,1.0799999999999998,2.983550674663456,2.98,measured_success,555
303,ppo,1000303,2099,triprotic,near,base,separated,3,2.901,3.384,0.08470446580161682,0,0,,1,0,0,1,0,3,0,0.08772501567206392,1.96,0.0,1.96,3.296274984327936,3.3000000000000003,measured_success,555
303,ppo,1000303,2100,diprotic,near,base,separated,2,4.424,4.818,0.07610612173297614,0,0,,1,0,0,1,0,15,0,0.09029142046672334,0.9000000000000004,0.0,0.9000000000000004,4.727708579533276,4.73,measured_success,555
303,ppo,1000303,2101,monoprotic,medium,base,single,1,3.316,4.853,0.0764706470005891,3,2,0.48,1,1,0,1,0,6,3,0.027785904871480582,10.23,4.32,5.91,4.88078590487148,4.88,measured_success,555
303,ppo,1000303,2102,triprotic,medium,base,separated,3,4.245,5.428,0.05283179904473146,2,0,0.185,1,1,0,1,0,3,2,0.04195029706554099,6.1000000000000005,0.37,5.73,5.386049702934459,5.39,measured_success,555
303,ppo,1000303,2103,monoprotic,medium,base,single,1,7.265,8.179,0.17336491179017693,0,0,,0,0,0,0,0,50,0,0.12708289137423812,3.920000000000001,0.0,3.920000000000001,8.051917108625762,8.05,max_steps,555
303,ppo,1000303,2104,diprotic,near,acid,separated,2,5.07,4.63,0.08847262267784581,0,0,,1,0,0,1,0,39,0,0.09269031137737738,2.3000000000000016,2.3000000000000016,0.0,4.722690311377377,4.72,measured_success,555
303,ppo,1000303,2105,diprotic,near,acid,separated,2,5.003,4.568,0.053716757392589846,0,0,,1,0,0,1,0,20,0,0.09438505985551693,1.1600000000000006,1.1600000000000006,0.0,4.6623850598555165,4.66,measured_success,555
303,ppo,1000303,2106,triprotic,near,base,separated,3,2.155,2.681,0.17805454648253408,0,0,,1,0,0,1,0,17,0,0.08781959047551258,7.959999999999996,0.0,7.959999999999996,2.5931804095244875,2.59,measured_success,555
303,ppo,1000303,2107,monoprotic,near,acid,single,1,6.267,5.94,0.12422788445372868,0,0,,1,0,0,1,0,17,0,0.09472066166800008,0.8700000000000003,0.8700000000000003,0.0,6.0347206616680005,6.03,measured_success,555
303,ppo,1000303,2108,diprotic,medium,acid,separated,2,7.453,5.861,0.08259193398549172,0,0,,1,1,0,1,0,3,0,0.0083137144359684,8.77,8.77,0.0,5.869313714435968,5.87,measured_success,555
303,ppo,1000303,2109,monoprotic,medium,base,single,1,4.29,5.284,0.0409646171616705,4,1,0.115,1,1,0,1,0,7,4,0.00291740023452558,6.489999999999999,2.69,3.7999999999999994,5.281082599765474,5.28,measured_success,555
303,ppo,1000303,2110,triprotic,medium,base,separated,3,7.277,8.516,0.04572793030367521,3,2,0.115,1,0,0,1,0,7,3,0.06793783141658061,9.13,3.57,5.5600000000000005,8.58393783141658,8.58,measured_success,555
303,ppo,1000303,2111,diprotic,medium,base,separated,2,2.652,3.744,0.17888033449342625,0,0,,1,0,0,1,0,14,0,0.09158815108578144,10.709999999999994,0.0,10.709999999999994,3.6524118489142188,3.65,measured_success,555
303,ppo,1000303,2112,monoprotic,near,acid,single,1,7.608,7.205,0.12915550623998545,0,0,,0,0,0,0,0,50,0,0.304335115210554,1.0000000000000004,1.0000000000000004,0.0,7.509335115210554,7.51,max_steps,555
303,ppo,1000303,2113,monoprotic,far,base,single,1,7.888,10.336,0.060887768551257104,4,2,0.045,1,0,0,1,0,7,4,0.08179143020842439,11.01,3.0100000000000002,8.0,10.254208569791576,10.25,measured_success,555
303,ppo,1000303,2114,monoprotic,far,acid,single,1,7.673,3.957,0.03717646669687567,7,8,0.01,1,1,0,1,0,15,7,0.030129244652914444,15.43,9.579999999999998,5.8500000000000005,3.9268707553470854,3.93,measured_success,555
303,ppo,1000303,2115,monoprotic,medium,acid,single,1,7.571,6.275,0.14502579123071627,0,0,,1,0,0,1,0,12,0,0.06884871518418478,10.579999999999995,10.579999999999995,0.0,6.343848715184185,6.34,measured_success,555
303,ppo,1000303,2116,triprotic,near,acid,separated,3,6.381,5.705,0.12115932405750272,0,0,,1,0,0,1,0,7,0,0.0846141069139108,5.2,5.2,0.0,5.789614106913911,5.79,measured_success,555
303,ppo,1000303,2117,triprotic,near,acid,separated,3,4.801,4.108,0.03210427170492573,2,1,0.29,1,1,0,1,0,3,2,0.029149579782969504,3.8,3.2199999999999998,0.58,4.137149579782969,4.14,measured_success,555
303,ppo,1000303,2118,monoprotic,medium,base,single,1,4.73,5.962,0.07077807380651487,3,2,0.165,1,1,0,1,0,5,3,0.012061888022746103,7.1899999999999995,1.59,5.6,5.974061888022746,5.97,measured_success,555
303,ppo,1000303,2119,triprotic,near,acid,separated,3,5.342,4.972,0.09903513876296899,0,0,,0,0,0,1,1,29,0,0.1003347534444119,1.700000000000001,1.700000000000001,0.0,5.072334753444412,5.07,measured_success,555
303,ppo,1000303,2120,triprotic,near,base,separated,3,3.188,3.766,0.08228805960141165,0,0,,1,0,0,1,0,46,0,0.09616687498686893,4.139999999999998,0.0,4.139999999999998,3.669833125013131,3.67,measured_success,555
303,ppo,1000303,2121,monoprotic,far,base,single,1,5.029,8.187,0.11017725474165545,44,40,0.01,0,0,0,0,0,50,44,0.23515268777434706,15.36999999999999,4.989999999999996,10.379999999999994,7.951847312225652,7.95,max_steps,555
303,ppo,1000303,2122,diprotic,medium,base,separated,2,3.988,5.749,0.08167323382749822,0,0,,1,1,0,1,0,4,0,0.046326531761184064,6.080000000000001,0.0,6.080000000000001,5.702673468238816,5.7,measured_success,555
303,ppo,1000303,2123,monoprotic,medium,acid,single,1,3.665,1.87,0.047012967542674526,0,0,,1,0,0,1,0,6,0,0.08026285486936802,7.279999999999999,7.279999999999999,0.0,1.9502628548693681,1.95,measured_success,555
303,ppo,1000303,2124,monoprotic,medium,base,single,1,8.028,8.795,0.06609794950277935,0,0,,1,0,0,1,0,38,0,0.09928879160766435,2.320000000000001,0.0,2.320000000000001,8.695711208392336,8.700000000000001,measured_success,555
303,ppo,1000303,2125,monoprotic,near,acid,single,1,8.24,7.89,0.14489392515442456,0,0,,0,0,0,0,0,50,0,0.23622095360819717,1.0000000000000004,1.0000000000000004,0.0,8.126220953608197,8.13,max_steps,555
303,ppo,1000303,2126,diprotic,near,acid,overlapping,2,1.915,1.71,0.1302191746181358,1,0,1.43,1,1,0,1,0,1,1,0.017136148184342836,2.86,2.86,0.0,1.6928638518156571,1.69,measured_success,555
303,ppo,1000303,2127,monoprotic,near,acid,single,1,4.148,3.572,0.04942209310197378,2,0,0.295,1,0,0,1,0,2,2,0.08804379582741362,2.65,2.06,0.59,3.6600437958274137,3.66,measured_success,555
303,ppo,1000303,2128,triprotic,near,acid,separated,3,2.382,2.057,0.09205865867686294,0,0,,1,0,0,1,0,1,0,0.08668322089323999,2.77,2.77,0.0,2.14368322089324,2.14,measured_success,555
303,ppo,1000303,2129,monoprotic,near,base,single,1,8.717,9.409,0.05662978609696213,0,0,,0,0,0,1,1,38,0,0.1021636305831759,1.640000000000001,0.0,1.640000000000001,9.306836369416825,9.31,measured_success,555
303,ppo,1000303,2130,diprotic,near,base,separated,2,4.731,5.13,0.08159282073383181,0,0,,1,0,0,1,0,35,0,0.09887158057660894,2.1000000000000014,0.0,2.1000000000000014,5.031128419423391,5.03,measured_success,555
303,ppo,1000303,2131,monoprotic,far,base,single,1,6.844,9.432,0.08585524401412273,7,2,0.03,1,0,0,1,0,9,7,0.07596266038673782,11.829999999999998,3.88,7.949999999999998,9.507962660386738,9.51,measured_success,555
303,ppo,1000303,2132,diprotic,medium,base,separated,2,3.537,4.37,0.12675997732302324,0,0,,1,0,0,1,0,7,0,0.0823349655249066,6.19,0.0,6.19,4.2876650344750935,4.29,measured_success,555
303,ppo,1000303,2133,diprotic,far,acid,overlapping,2,5.329,2.289,0.0741394280981456,2,0,0.22,1,1,0,1,0,4,2,0.0005580024855880161,9.729999999999999,8.7,1.03,2.289558002485588,2.29,measured_success,555
303,ppo,1000303,2134,monoprotic,far,base,single,1,5.262,7.554,0.13051015252152334,47,43,0.01,0,0,0,0,0,50,47,0.14183608495304334,13.829999999999991,6.229999999999995,7.599999999999996,7.695836084953044,7.7,max_steps,555
303,ppo,1000303,2135,triprotic,medium,acid,separated,3,7.083,5.688,0.04426172950852155,3,1,0.145,1,1,0,1,0,5,3,0.018751051685261366,7.85,6.11,1.7399999999999998,5.669248948314738,5.67,measured_success,555
303,ppo,1000303,2136,diprotic,far,base,overlapping,2,5.314,8.451,0.08381949999779224,8,7,0.015,1,0,0,1,0,13,8,0.06700598401855729,17.78,7.11,10.670000000000002,8.383994015981443,8.38,measured_success,555
303,ppo,1000303,2137,diprotic,medium,base,separated,2,4.57,5.646,0.09999170397264148,1,0,0.925,1,1,0,1,0,2,1,0.013173827605087673,5.27,0.0,5.27,5.659173827605088,5.66,measured_success,555
303,ppo,1000303,2138,triprotic,medium,base,separated,3,5.464,6.306,0.09320331990651955,1,0,0.57,1,0,0,1,0,3,1,0.0696261442942605,5.79,0.0,5.79,6.3756261442942606,6.38,measured_success,555
303,ppo,1000303,2139,triprotic,near,acid,separated,3,2.891,2.49,0.07232871332987034,2,0,0.295,1,1,0,1,0,2,2,0.025876300745997227,3.04,2.45,0.59,2.5158763007459974,2.52,measured_success,555
303,ppo,1000303,2140,monoprotic,far,acid,single,1,7.25,3.935,0.10801213944630311,7,4,0.01,1,0,0,1,0,10,7,0.08909022759815999,13.579999999999998,8.219999999999999,5.36,3.84590977240184,3.85,measured_success,555
303,ppo,1000303,2141,diprotic,near,acid,separated,2,3.792,3.201,0.09992263194927764,3,1,0.225,1,1,0,1,0,4,3,0.015448137594631373,4.33,2.9000000000000004,1.43,3.1855518624053687,3.19,measured_success,555
303,ppo,1000303,2142,diprotic,far,acid,separated,2,6.771,3.921,0.032256661010833215,5,3,0.125,1,0,0,1,0,8,5,0.05312050660139489,14.129999999999999,9.0,5.13,3.867879493398605,3.87,measured_success,555
303,ppo,1000303,2143,diprotic,near,acid,separated,2,4.479,4.01,0.05572809400058028,1,0,1.03,1,0,0,1,0,2,1,0.05501950110716347,2.71,2.06,0.65,3.9549804988928363,3.95,measured_success,555
303,ppo,1000303,2144,monoprotic,far,base,single,1,2.755,4.854,0.1335928745182274,0,0,,1,1,0,1,0,4,0,0.013442297976502537,13.190000000000001,0.0,13.190000000000001,4.8405577020234976,4.84,measured_success,555
303,ppo,1000303,2145,monoprotic,far,base,single,1,3.009,5.677,0.17813729453725935,4,2,0.045,1,0,0,1,0,9,4,0.061780181419166524,21.509999999999998,1.9300000000000002,19.58,5.615219818580833,5.62,measured_success,555
303,ppo,1000303,2146,diprotic,medium,acid,separated,2,6.554,5.666,0.03891186503617697,1,0,0.58,1,0,0,1,0,2,1,0.09322408147746586,3.2199999999999998,3.2199999999999998,0.0,5.5727759185225345,5.57,measured_success,555
303,ppo,1000303,2147,monoprotic,medium,acid,single,1,7.003,5.503,0.05160614925096323,1,0,2.165,1,1,0,1,0,2,1,0.024659420086711847,6.25,4.33,1.92,5.478340579913288,5.48,measured_success,555
303,ppo,1000303,2148,monoprotic,medium,acid,single,1,6.144,4.148,0.07179825126453594,8,6,0.01,1,0,0,1,0,12,8,0.09158081674229912,14.12,7.18,6.9399999999999995,4.239580816742299,4.24,measured_success,555
303,ppo,1000303,2149,triprotic,near,base,overlapping,3,3.706,4.2,0.06397524574433383,0,0,,0,0,0,0,0,50,0,0.20351294868369418,4.499999999999997,0.0,4.499999999999997,3.996487051316306,4.0,max_steps,555
303,ppo,1000303,2150,diprotic,medium,acid,separated,2,3.718,2.821,0.034788575782120225,3,2,0.3,1,1,0,1,0,5,3,0.035172198284789236,6.77,3.8400000000000003,2.9299999999999997,2.785827801715211,2.79,measured_success,555
303,ppo,1000303,2151,monoprotic,far,acid,single,1,5.969,2.567,0.031664655985472044,2,0,0.22,1,1,0,1,0,6,2,0.029714803922048283,10.6,7.78,2.82,2.5967148039220485,2.6,measured_success,555
303,ppo,1000303,2152,diprotic,near,base,separated,2,3.774,4.004,0.07164465263406401,0,0,,1,0,0,1,0,8,0,0.09502453517867515,0.6899999999999998,0.0,0.6899999999999998,3.9089754648213244,3.91,measured_success,555
303,ppo,1000303,2153,monoprotic,near,acid,single,1,2.513,2.206,0.05190267057268366,1,0,1.385,0,0,0,1,1,2,1,0.10099673297634526,3.36,2.77,0.59,2.1050032670236547,2.11,measured_success,555
303,ppo,1000303,2154,diprotic,medium,base,separated,2,3.342,4.555,0.0318328346287829,4,1,0.09,1,1,0,1,0,5,4,0.004050571436534867,5.6899999999999995,1.64,4.05,4.550949428563465,4.55,measured_success,555
303,ppo,1000303,2155,monoprotic,near,base,single,1,2.938,3.583,0.03800051253887914,4,4,0.14,1,1,0,1,0,7,4,0.041791023156847906,5.64,2.58,3.0599999999999996,3.5412089768431523,3.54,measured_success,555
303,ppo,1000303,2156,triprotic,near,base,separated,3,5.64,6.22,0.05243542179448857,1,0,1.03,1,1,0,1,0,2,1,0.03509428899853351,2.43,0.37,2.06,6.255094288998533,6.26,measured_success,555
303,ppo,1000303,2157,monoprotic,medium,acid,single,1,5.379,3.66,0.1446877536014277,0,0,,1,0,0,1,0,5,0,0.06980673424865813,10.07,10.07,0.0,3.7298067342486583,3.73,measured_success,555
303,ppo,1000303,2158,triprotic,medium,base,separated,3,4.986,6.363,0.06305328640656939,2,1,0.46,1,1,0,1,0,4,2,0.027271408061774416,7.28,0.92,6.36,6.335728591938226,6.34,measured_success,555
303,ppo,1000303,2159,monoprotic,near,base,single,1,2.165,2.441,0.03483472553905535,0,0,,1,1,0,1,0,3,0,0.03997505828480463,0.71,0.0,0.71,2.401024941715195,2.4,measured_success,555
303,ppo,1000303,2160,triprotic,medium,acid,separated,3,6.38,4.493,0.17947882785997232,0,0,,1,0,0,1,0,29,0,0.08496541983014438,28.25999999999998,28.25999999999998,0.0,4.577965419830145,4.58,measured_success,555
303,ppo,1000303,2161,monoprotic,far,acid,single,1,4.784,2.202,0.04402761034354465,1,0,3.425,1,0,0,1,0,6,1,0.07963909858606577,9.67,6.85,2.82,2.122360901413934,2.12,measured_success,555
303,ppo,1000303,2162,monoprotic,near,base,single,1,4.617,5.156,0.05349397778488779,0,0,,1,0,0,1,0,17,0,0.08980105669146088,1.1300000000000006,0.0,1.1300000000000006,5.066198943308539,5.07,measured_success,555
303,ppo,1000303,2163,triprotic,medium,acid,separated,3,6.384,4.991,0.1609861603323089,0,0,,1,0,0,1,0,15,0,0.09957244664581033,12.639999999999995,12.639999999999995,0.0,5.09057244664581,5.09,measured_success,555
303,ppo,1000303,2164,diprotic,medium,base,separated,2,3.095,4.685,0.038343919724063334,5,3,0.115,1,1,0,1,0,8,5,0.013930402711364032,8.219999999999999,3.039999999999999,5.180000000000001,4.698930402711364,4.7,measured_success,555
303,ppo,1000303,2165,triprotic,far,base,separated,3,3.739,6.794,0.038619702011859304,1,0,0.57,1,0,0,1,0,3,1,0.08754302780424883,10.41,0.0,10.41,6.881543027804248,6.88,measured_success,555
303,ppo,1000303,2166,diprotic,medium,base,separated,2,1.988,3.467,0.09762029061093028,0,0,,1,0,0,1,0,11,0,0.0708196376662582,12.569999999999999,0.0,12.569999999999999,3.396180362333742,3.4,measured_success,555
303,ppo,1000303,2167,triprotic,far,acid,separated,3,5.701,3.408,0.11003725750660621,0,0,,1,0,0,1,0,10,0,0.0799653852668647,16.93,16.93,0.0,3.4879653852668646,3.49,measured_success,555
303,ppo,1000303,2168,monoprotic,far,base,single,1,3.076,5.701,0.051426308249640784,3,0,0.475,1,0,0,1,0,5,3,0.05460416807305801,12.610000000000001,5.000000000000001,7.61,5.755604168073058,5.76,measured_success,555
303,ppo,1000303,2169,monoprotic,medium,acid,single,1,7.297,6.535,0.17340729020795467,0,0,,1,0,0,1,0,18,0,0.08822614621252178,8.999999999999998,8.999999999999998,0.0,6.623226146212522,6.62,measured_success,555
303,ppo,1000303,2170,triprotic,near,base,separated,3,4.863,5.131,0.15880404488467537,0,0,,1,0,0,1,0,38,0,0.09174315158203505,2.2800000000000016,0.0,2.2800000000000016,5.039256848417965,5.04,measured_success,555
303,ppo,1000303,2171,diprotic,near,base,overlapping,2,4.636,5.277,0.12201748444740408,0,0,,1,0,0,1,0,12,0,0.09684161584229312,7.750000000000001,0.0,7.750000000000001,5.180158384157707,5.18,measured_success,555
303,ppo,1000303,2172,monoprotic,far,base,single,1,6.629,10.608,0.05045499275435363,6,4,0.09,1,0,0,1,0,8,6,0.07201190034540517,15.36,5.64,9.719999999999999,10.535988099654595,10.540000000000001,measured_success,555
303,ppo,1000303,2173,triprotic,medium,acid,separated,3,3.096,2.064,0.05313230951104833,0,0,,1,1,0,1,0,3,0,0.02539082024197281,6.83,6.83,0.0,2.089390820241973,2.09,measured_success,555
303,ppo,1000303,2174,triprotic,medium,base,separated,3,4.35,5.102,0.1656903332323405,0,0,,1,0,0,1,0,11,0,0.0945347394039775,9.029999999999998,0.0,9.029999999999998,5.007465260596023,5.01,measured_success,555
303,ppo,1000303,2175,diprotic,medium,base,overlapping,2,5.703,7.187,0.046836411926362106,6,4,0.045,1,0,0,1,0,11,6,0.08507471242115638,13.48,6.53,6.95,7.101925287578844,7.1000000000000005,measured_success,555
303,ppo,1000303,2176,monoprotic,medium,acid,single,1,2.331,1.538,0.041519675029590086,0,0,,1,0,0,1,0,5,0,0.07397470027372965,6.03,6.03,0.0,1.6119747002737297,1.61,measured_success,555
303,ppo,1000303,2177,triprotic,near,base,overlapping,3,3.657,3.901,0.16193321315947273,0,0,,1,0,0,1,0,23,0,0.09058128908568985,2.0400000000000005,0.0,2.0400000000000005,3.81041871091431,3.81,measured_success,555
303,ppo,1000303,2178,diprotic,medium,base,separated,2,4.996,6.538,0.13869933309100305,0,0,,1,0,0,1,0,6,0,0.06501258315144831,14.799999999999999,0.0,14.799999999999999,6.472987416848552,6.47,measured_success,555
303,ppo,1000303,2179,monoprotic,medium,acid,single,1,5.082,3.509,0.03331946203841978,2,0,1.11,1,0,0,1,0,2,2,0.05655918405307547,7.52,5.3,2.22,3.5655591840530754,3.5700000000000003,measured_success,555
303,ppo,1000303,2180,monoprotic,near,base,single,1,5.529,6.216,0.08396232932746975,0,0,,1,0,0,1,0,4,0,0.08162682583654846,4.17,0.0,4.17,6.134373174163452,6.13,measured_success,555
303,ppo,1000303,2181,triprotic,medium,base,separated,3,7.699,8.651,0.1367851006951365,0,0,,1,0,0,1,0,46,0,0.07124385658052645,3.450000000000002,0.0,3.450000000000002,8.579756143419473,8.58,measured_success,555
303,ppo,1000303,2182,monoprotic,medium,base,single,1,5.899,7.721,0.0827922069029752,0,0,,1,0,0,1,0,5,0,0.07741507999414132,6.13,0.0,6.13,7.643584920005859,7.640000000000001,measured_success,555
303,ppo,1000303,2183,diprotic,near,acid,overlapping,2,3.221,2.634,0.08204308137179342,0,0,,1,0,0,1,0,9,0,0.0830201511554427,7.189999999999999,7.189999999999999,0.0,2.7170201511554426,2.72,measured_success,555
303,ppo,1000303,2184,monoprotic,medium,base,single,1,3.328,4.844,0.07957364315383236,3,1,0.18,1,1,0,1,0,5,3,0.013952131673939938,7.9399999999999995,1.73,6.21,4.85795213167394,4.86,measured_success,555
303,ppo,1000303,2185,diprotic,medium,base,separated,2,3.46,5.146,0.17258418616366522,0,0,,1,0,0,1,0,8,0,0.0981811614137742,16.34,0.0,16.34,5.047818838586226,5.05,measured_success,555
303,ppo,1000303,2186,triprotic,near,base,separated,3,3.665,3.955,0.1793826846993782,0,0,,1,0,0,1,0,29,0,0.09731962010355844,2.5799999999999996,0.0,2.5799999999999996,3.8576803798964416,3.86,measured_success,555
303,ppo,1000303,2187,triprotic,near,base,separated,3,5.878,6.571,0.10358016632822092,0,0,,1,1,0,1,0,4,0,0.04470718595606549,5.05,0.0,5.05,6.526292814043934,6.53,measured_success,555
303,ppo,1000303,2188,monoprotic,far,base,single,1,6.852,9.771,0.056088718419874915,5,2,0.03,1,0,0,1,0,11,5,0.09640544742310553,14.879999999999999,5.179999999999999,9.7,9.867405447423106,9.870000000000001,measured_success,555
303,ppo,1000303,2189,diprotic,medium,acid,separated,2,5.165,3.335,0.05739075185831435,2,2,0.185,1,1,0,1,0,6,2,0.038692006647204735,10.020000000000001,9.05,0.97,3.3736920066472047,3.37,measured_success,555
303,ppo,1000303,2190,diprotic,medium,base,separated,2,4.915,6.547,0.04451291044316174,2,1,0.57,1,0,0,1,0,4,2,0.0645488898476616,9.71,3.45,6.260000000000001,6.482451110152338,6.48,measured_success,555
303,ppo,1000303,2191,triprotic,far,acid,separated,3,6.38,4.307,0.1540739516080482,0,0,,1,0,0,1,0,5,0,0.083868390036141,14.590000000000002,14.590000000000002,0.0,4.390868390036141,4.39,measured_success,555
303,ppo,1000303,2192,triprotic,medium,acid,separated,3,4.392,3.387,0.07974418306468029,0,0,,1,1,0,1,0,2,0,0.04512583171321927,4.66,4.66,0.0,3.4321258317132193,3.43,measured_success,555
303,ppo,1000303,2193,monoprotic,near,acid,single,1,7.736,7.225,0.09189411534558452,0,0,,0,0,0,0,0,50,0,0.29404059809052896,1.0000000000000004,1.0000000000000004,0.0,7.519040598090529,7.5200000000000005,max_steps,555
303,ppo,1000303,2194,triprotic,medium,acid,separated,3,7.377,6.268,0.03536156925888293,3,2,0.225,1,1,0,1,0,4,3,0.010129619514512633,5.42,3.62,1.8,6.257870380485487,6.26,measured_success,555
303,ppo,1000303,2195,monoprotic,medium,base,single,1,3.477,5.242,0.1593546788938407,3,2,0.145,1,1,0,1,0,7,3,0.008054496125329713,9.83,1.3,8.53,5.25005449612533,5.25,measured_success,555
303,ppo,1000303,2196,triprotic,near,acid,separated,3,5.891,5.313,0.07392903230786019,2,0,0.325,1,0,0,1,0,2,2,0.0574190098700198,2.71,2.06,0.65,5.3704190098700195,5.37,measured_success,555
303,ppo,1000303,2197,monoprotic,medium,base,single,1,3.401,4.427,0.03469882653964468,3,1,0.145,1,0,0,1,0,5,3,0.060049788570637475,4.5,1.25,3.25,4.487049788570637,4.49,measured_success,555
303,ppo,1000303,2198,triprotic,near,acid,overlapping,3,2.565,2.263,0.14137235972158638,0,0,,1,0,0,1,0,2,0,0.07026578837266317,3.98,3.98,0.0,2.333265788372663,2.33,measured_success,555
303,ppo,1000303,2199,triprotic,near,acid,separated,3,7.221,6.807,0.04069929333478815,0,0,,1,0,0,1,0,32,0,0.09325388404221435,0.6400000000000002,0.6400000000000002,0.0,6.900253884042215,6.9,measured_success,555
303,ppo,1000303,2200,monoprotic,medium,base,single,1,6.189,7.94,0.06443044965887385,2,0,0.325,1,0,0,1,0,3,2,0.0880218845341707,8.190000000000001,0.65,7.540000000000001,7.85197811546583,7.8500000000000005,measured_success,555
303,ppo,1000303,2201,monoprotic,medium,acid,single,1,8.562,7.55,0.03897498672812304,0,0,,0,0,1,0,0,50,0,0.5832629830457323,1.260000000000001,1.260000000000001,0.0,8.133262983045732,8.13,max_steps,555
303,ppo,1000303,2202,monoprotic,near,acid,single,1,6.165,5.483,0.09552177540824654,0,0,,1,1,0,1,0,2,0,0.03989288755903875,2.71,2.71,0.0,5.522892887559038,5.5200000000000005,measured_success,555
303,ppo,1000303,2203,monoprotic,far,acid,single,1,5.714,2.104,0.08549099801783394,1,0,3.89,1,1,0,1,0,4,1,0.04593942634631709,9.14,7.78,1.36,2.058060573653683,2.06,measured_success,555
303,ppo,1000303,2204,diprotic,medium,base,separated,2,2.213,3.376,0.09013352543263213,0,0,,1,0,0,1,0,12,0,0.09783581012857434,11.259999999999996,0.0,11.259999999999996,3.2781641898714255,3.2800000000000002,measured_success,555
303,ppo,1000303,2205,diprotic,far,base,separated,2,4.193,6.239,0.08376651502568674,6,4,0.045,1,1,0,1,0,12,6,0.011532526638798224,15.589999999999996,6.56,9.029999999999998,6.227467473361202,6.23,measured_success,555
303,ppo,1000303,2206,diprotic,medium,base,overlapping,2,2.725,3.48,0.16451819663218104,0,0,,1,0,0,1,0,28,0,0.0916460677332025,15.239999999999986,0.0,15.239999999999986,3.3883539322667975,3.39,measured_success,555
303,ppo,1000303,2207,diprotic,medium,base,separated,2,6.153,7.725,0.043144377570411924,4,4,0.275,1,1,0,1,0,7,4,0.012874329989648103,13.39,6.51,6.88,7.7121256700103515,7.71,measured_success,555
303,ppo,1000303,2208,monoprotic,far,base,single,1,6.471,9.529,0.07684833919349603,7,3,0.01,1,0,0,1,0,12,7,0.07052184499405811,15.269999999999998,4.869999999999999,10.399999999999999,9.599521844994058,9.6,measured_success,555
303,ppo,1000303,2209,monoprotic,medium,base,single,1,3.56,5.484,0.10527426729115015,1,0,0.295,1,1,0,1,0,4,1,0.0450152683102214,9.370000000000001,0.0,9.370000000000001,5.529015268310221,5.53,measured_success,555
303,ppo,1000303,2210,diprotic,near,acid,separated,2,4.384,4.133,0.070358278314705,0,0,,1,0,0,1,0,14,0,0.09043178957117437,0.8400000000000003,0.8400000000000003,0.0,4.223431789571174,4.22,measured_success,555
303,ppo,1000303,2211,monoprotic,medium,acid,single,1,6.27,4.433,0.11266561473090311,0,0,,1,0,0,1,0,4,0,0.0913115442428456,9.02,9.02,0.0,4.524311544242845,4.5200000000000005,measured_success,555
303,ppo,1000303,2212,monoprotic,far,base,single,1,4.494,7.299,0.07101440220897334,6,2,0.035,1,0,0,1,0,11,6,0.07594643027048509,14.639999999999999,4.82,9.819999999999999,7.223053569729515,7.22,measured_success,555
303,ppo,1000303,2213,monoprotic,medium,acid,single,1,7.593,5.684,0.06655332076862829,0,0,,1,0,0,1,0,2,0,0.07962332617257584,5.7,5.7,0.0,5.763623326172576,5.76,measured_success,555
303,ppo,1000303,2214,triprotic,medium,base,separated,3,3.71,5.688,0.05797589670270549,0,0,,1,0,0,1,0,6,0,0.08619631395700278,12.159999999999998,0.0,12.159999999999998,5.601803686042997,5.6000000000000005,measured_success,555
303,ppo,1000303,2215,monoprotic,medium,base,single,1,7.604,8.79,0.05800911786515132,0,0,,1,0,0,1,0,23,0,0.055742097637335064,1.9100000000000006,0.0,1.9100000000000006,8.734257902362664,8.73,measured_success,555
303,ppo,1000303,2216,monoprotic,far,base,single,1,6.489,10.02,0.050525256454246874,6,6,0.075,1,1,0,1,0,11,6,0.02169975781601252,20.28,9.85,10.430000000000001,9.998300242183987,10.0,measured_success,555
303,ppo,1000303,2217,triprotic,near,acid,separated,3,4.201,3.798,0.11347293080412174,0,0,,1,0,0,1,0,33,0,0.09061191677864233,1.9800000000000013,1.9800000000000013,0.0,3.8886119167786424,3.89,measured_success,555
303,ppo,1000303,2218,monoprotic,medium,acid,single,1,3.524,1.708,0.05178876263184783,0,0,,1,0,0,1,0,5,0,0.07384195793142756,6.97,6.97,0.0,1.7818419579314275,1.78,measured_success,555
303,ppo,1000303,2219,monoprotic,medium,base,single,1,7.894,9.703,0.0402915508609194,6,3,0.02,1,1,0,1,0,10,6,0.0489630143343085,13.05,5.95,7.1,9.654036985665691,9.65,measured_success,555
303,ppo,1000303,2220,diprotic,medium,base,separated,2,2.954,4.539,0.05583208052347641,3,2,0.285,1,1,0,1,0,4,3,0.021314952581242608,8.030000000000001,1.15,6.880000000000001,4.560314952581242,4.5600000000000005,measured_success,555
303,ppo,1000303,2221,monoprotic,medium,base,single,1,3.372,4.163,0.11093569715049897,0,0,,1,1,0,1,0,2,0,0.013768392998848356,2.7600000000000002,0.0,2.7600000000000002,4.149231607001152,4.15,measured_success,555
303,ppo,1000303,2222,diprotic,near,acid,separated,2,5.578,5.315,0.09234332549514689,0,0,,1,0,0,1,0,10,0,0.09384110789116296,0.56,0.56,0.0,5.408841107891163,5.41,measured_success,555
303,ppo,1000303,2223,monoprotic,far,acid,single,1,6.249,2.999,0.048917656413569315,5,3,0.045,1,1,0,1,0,10,5,0.024012034904182133,15.55,9.24,6.31,2.974987965095818,2.97,measured_success,555
303,ppo,1000303,2224,diprotic,medium,acid,overlapping,2,4.274,3.169,0.032170257875928844,1,0,1.62,1,1,0,1,0,1,1,0.04776861917902986,3.24,3.24,0.0,3.12123138082097,3.12,measured_success,555
303,ppo,1000303,2225,diprotic,far,base,separated,2,2.994,5.222,0.12691782525216497,0,0,,1,0,0,1,0,16,0,0.07211120356576739,21.869999999999994,0.0,21.869999999999994,5.149888796434233,5.15,measured_success,555
303,ppo,1000303,2226,diprotic,medium,base,separated,2,2.6,4.393,0.10179748510205855,0,0,,1,0,0,1,0,26,0,0.08303753857223928,7.649999999999996,0.0,7.649999999999996,4.3099624614277605,4.3100000000000005,measured_success,555
303,ppo,1000303,2227,monoprotic,far,base,single,1,6.483,9.812,0.17102309067018096,7,4,0.01,1,0,0,1,0,11,7,0.079881543173828,16.49,7.38,9.11,9.891881543173827,9.89,measured_success,555
303,ppo,1000303,2228,diprotic,near,acid,overlapping,2,2.893,2.35,0.04691175415837736,0,0,,1,0,0,1,0,1,0,0.07265513838009818,2.45,2.45,0.0,2.4226551383800983,2.42,measured_success,555
303,ppo,1000303,2229,diprotic,medium,base,overlapping,2,4.763,5.613,0.041868936572436254,6,8,0.035,1,1,0,1,0,11,6,0.014920148423990476,6.449999999999999,3.1799999999999993,3.2699999999999996,5.59807985157601,5.6000000000000005,measured_success,555
303,ppo,1000303,2230,monoprotic,far,base,single,1,4.966,8.385,0.09827072863980747,4,3,0.01,1,1,0,1,0,8,4,0.01162926576911083,7.92,0.21999999999999997,7.7,8.373370734230889,8.370000000000001,measured_success,555
303,ppo,1000303,2231,monoprotic,medium,acid,single,1,4.96,3.706,0.13319094083495334,2,0,0.295,1,0,0,1,0,4,2,0.08619277386295865,7.94,7.3500000000000005,0.59,3.7921927738629586,3.79,measured_success,555
303,ppo,1000303,2232,diprotic,medium,base,separated,2,6.26,7.588,0.03854931946530249,7,5,0.02,1,0,0,1,0,9,7,0.06540328232426251,10.89,5.33,5.56,7.653403282324263,7.65,measured_success,555
303,ppo,1000303,2233,triprotic,medium,acid,separated,3,5.725,3.923,0.162727263361523,0,0,,1,0,0,1,0,14,0,0.08705879818898055,18.539999999999996,18.539999999999996,0.0,4.010058798188981,4.01,measured_success,555
303,ppo,1000303,2234,diprotic,medium,acid,separated,2,3.84,2.637,0.16992917415995556,0,0,,1,1,0,1,0,4,0,0.03505109692781305,8.13,8.13,0.0,2.672051096927813,2.67,measured_success,555
303,ppo,1000303,2235,monoprotic,medium,base,single,1,6.591,8.403,0.17767663736136505,1,1,0.57,1,0,0,1,0,7,1,0.06165950842886225,18.62,0.57,18.05,8.464659508428863,8.46,measured_success,555
303,ppo,1000303,2236,triprotic,far,base,overlapping,3,3.908,7.627,0.03681425018020061,45,40,0.01,0,0,1,0,0,50,45,1.7749069165702265,16.239999999999995,4.919999999999997,11.319999999999997,9.401906916570226,9.4,max_steps,555
303,ppo,1000303,2237,triprotic,medium,acid,separated,3,4.62,2.988,0.1468581537198569,0,0,,1,0,0,1,0,22,0,0.09192754610415976,25.559999999999988,25.559999999999988,0.0,3.0799275461041598,3.08,measured_success,555
303,ppo,1000303,2238,monoprotic,far,base,single,1,7.876,10.764,0.16706235101274342,4,3,0.145,1,0,0,1,0,7,4,0.0832439147733659,14.98,6.69,8.29,10.680756085226633,10.68,measured_success,555
303,ppo,1000303,2239,monoprotic,far,base,single,1,4.921,7.019,0.036579012609704135,5,1,0.045,1,1,0,1,0,8,5,0.0010518474805216727,10.739999999999998,3.5599999999999996,7.18,7.020051847480522,7.0200000000000005,measured_success,555
303,ppo,1000303,2240,diprotic,medium,acid,separated,2,3.246,1.558,0.04422794029789764,0,0,,1,1,0,1,0,3,0,0.029581194359383334,8.77,8.77,0.0,1.5875811943593834,1.59,measured_success,555
303,ppo,1000303,2241,triprotic,medium,acid,separated,3,4.187,2.75,0.13657518862054505,0,0,,1,0,0,1,0,4,0,0.08753512809345043,9.629999999999999,9.629999999999999,0.0,2.8375351280934504,2.84,measured_success,555
303,ppo,1000303,2242,diprotic,medium,base,overlapping,2,3.582,4.905,0.0858177817252495,1,0,0.295,1,1,0,1,0,5,1,0.010878289599118851,10.180000000000001,0.0,10.180000000000001,4.915878289599119,4.92,measured_success,555
303,ppo,1000303,2243,diprotic,far,base,separated,2,2.848,5.007,0.08519601316425686,0,0,,1,1,0,1,0,3,0,0.01474773121689843,8.780000000000001,0.0,8.780000000000001,4.992252268783101,4.99,measured_success,555
303,ppo,1000303,2244,monoprotic,near,acid,single,1,6.13,5.571,0.15707771273105692,0,0,,1,0,0,1,0,5,0,0.08883971039236549,4.62,4.62,0.0,5.659839710392365,5.66,measured_success,555
303,ppo,1000303,2245,diprotic,near,base,overlapping,2,4.005,4.42,0.03271446952995511,0,0,,1,0,0,1,0,7,0,0.09550518178171252,0.5699999999999998,0.0,0.5699999999999998,4.324494818218287,4.32,measured_success,555
303,ppo,1000303,2246,triprotic,near,acid,separated,3,4.691,4.415,0.039528206392711866,0,0,,1,0,0,1,0,7,0,0.08356353550534212,0.42,0.42,0.0,4.498563535505342,4.5,measured_success,555
303,ppo,1000303,2247,monoprotic,medium,acid,single,1,2.989,2.047,0.10500870158615591,0,0,,1,0,0,1,0,1,0,0.08415584480198524,2.94,2.94,0.0,2.1311558448019854,2.13,measured_success,555
303,ppo,1000303,2248,monoprotic,near,acid,single,1,7.39,7.138,0.04362491003899009,0,0,,1,0,0,1,0,24,0,0.09376602461215633,0.48000000000000015,0.48000000000000015,0.0,7.231766024612156,7.23,measured_success,555
303,ppo,1000303,2249,monoprotic,far,base,single,1,2.624,4.846,0.04019977802745037,7,4,0.02,1,1,0,1,0,10,7,0.0388176036221104,13.729999999999999,5.23,8.499999999999998,4.8848176036221105,4.88,measured_success,555
303,ppo,1000303,2250,triprotic,near,acid,separated,3,5.587,5.381,0.15417171786210684,0,0,,0,0,0,1,1,10,0,0.10196615718069424,0.56,0.56,0.0,5.4829661571806945,5.48,measured_success,555
303,ppo,1000303,2251,triprotic,medium,acid,separated,3,7.892,6.382,0.04731003801735367,1,0,2.65,1,0,0,1,0,1,1,0.06800520114305897,5.3,5.3,0.0,6.313994798856941,6.3100000000000005,measured_success,555
303,ppo,1000303,2252,triprotic,medium,base,separated,3,7.037,8.276,0.10430014139183254,5,3,0.03,1,0,0,1,0,9,5,0.06381308298848509,10.35,4.74,5.609999999999999,8.339813082988485,8.34,measured_success,555
303,ppo,1000303,2253,diprotic,far,base,separated,2,5.096,7.875,0.05103457404565509,4,1,0.045,1,1,0,1,0,9,4,0.02487345360751725,16.36,3.53,12.83,7.850126546392483,7.8500000000000005,measured_success,555
303,ppo,1000303,2254,monoprotic,medium,base,single,1,6.878,7.677,0.16212342234828905,0,0,,1,0,0,1,0,16,0,0.09540901293584447,1.1700000000000004,0.0,1.1700000000000004,7.581590987064155,7.58,measured_success,555
303,ppo,1000303,2255,diprotic,near,acid,separated,2,2.737,2.406,0.033308463434011566,1,0,1.03,1,1,0,1,0,2,1,0.02171578103627292,2.65,2.06,0.59,2.384284218963727,2.38,measured_success,555
303,ppo,1000303,2256,diprotic,near,acid,separated,2,4.187,3.519,0.05514173744050956,1,0,1.225,1,0,0,1,0,1,1,0.07426776426818638,2.45,2.45,0.0,3.4447322357318138,3.44,measured_success,555
303,ppo,1000303,2257,monoprotic,near,base,single,1,2.768,3.437,0.10638676604343093,1,0,0.57,1,0,0,1,0,2,1,0.051244655943079476,3.45,0.0,3.45,3.4882446559430793,3.49,measured_success,555
303,ppo,1000303,2258,monoprotic,near,base,single,1,8.259,8.578,0.036719720128729934,0,0,,1,0,0,1,0,33,0,0.09992047981588215,0.6600000000000003,0.0,0.6600000000000003,8.478079520184117,8.48,measured_success,555
303,ppo,1000303,2259,monoprotic,medium,base,single,1,8.786,9.622,0.1027170152320499,0,0,,1,0,0,1,0,33,0,0.08349665133562567,1.580000000000001,0.0,1.580000000000001,9.538503348664374,9.540000000000001,measured_success,555
303,ppo,1000303,2260,triprotic,medium,base,separated,3,1.614,2.989,0.1317956222397817,0,0,,1,0,0,1,0,16,0,0.07868952094294901,15.630000000000003,0.0,15.630000000000003,2.910310479057051,2.91,measured_success,555
303,ppo,1000303,2261,monoprotic,medium,acid,single,1,4.32,3.074,0.10171557351441136,4,3,0.185,1,0,0,1,0,5,4,0.05506643574124759,7.720000000000001,4.9,2.8200000000000003,3.1290664357412474,3.13,measured_success,555
303,ppo,1000303,2262,diprotic,near,acid,separated,2,3.976,3.704,0.07131803292479208,0,0,,1,0,0,1,0,13,0,0.0903078591627442,0.7800000000000002,0.7800000000000002,0.0,3.7943078591627444,3.79,measured_success,555
303,ppo,1000303,2263,monoprotic,medium,acid,single,1,4.794,2.991,0.10543479096573216,6,1,0.045,1,1,0,1,0,8,6,0.030062907676370987,12.38,6.66,5.720000000000001,3.021062907676371,3.02,measured_success,555
303,ppo,1000303,2264,triprotic,medium,base,separated,3,1.814,3.783,0.07613075999127701,0,0,,1,0,0,1,0,8,0,0.07828405226559498,12.91,0.0,12.91,3.704715947734405,3.7,measured_success,555
303,ppo,1000303,2265,diprotic,medium,acid,overlapping,2,3.313,1.518,0.0546525719771471,0,0,,1,0,0,1,0,2,0,0.07175857506656702,6.07,6.07,0.0,1.589758575066567,1.59,measured_success,555
303,ppo,1000303,2266,triprotic,far,base,separated,3,5.473,8.128,0.05435722380013881,44,43,0.01,0,0,1,0,0,50,44,0.5922307875775079,15.849999999999994,7.389999999999996,8.459999999999997,7.535769212422492,7.54,max_steps,555
303,ppo,1000303,2267,diprotic,far,base,separated,2,6.745,10.06,0.0664240546092963,6,3,0.02,1,0,0,1,0,11,6,0.06300897576011089,15.45,5.8,9.649999999999999,9.99699102423989,10.0,measured_success,555
303,ppo,1000303,2268,monoprotic,far,base,single,1,3.117,5.163,0.1775841719202615,3,1,0.13,1,0,0,1,0,7,3,0.059627922714934556,16.14,0.62,15.52,5.222627922714935,5.22,measured_success,555
303,ppo,1000303,2269,monoprotic,medium,base,single,1,6.818,7.99,0.06710474342398778,1,0,2.105,1,0,0,1,0,2,1,0.07693205626186916,4.52,0.31,4.21,8.06693205626187,8.07,measured_success,555
303,ppo,1000303,2270,diprotic,far,acid,separated,2,5.208,2.132,0.12716592502476826,2,0,0.295,1,1,0,1,0,4,2,0.010397663751828379,13.15,12.56,0.59,2.1423976637518285,2.14,measured_success,555
303,ppo,1000303,2271,monoprotic,near,acid,single,1,2.499,1.929,0.09881781975815722,0,0,,1,1,0,1,0,2,0,0.02225311770428573,3.66,3.66,0.0,1.9512531177042858,1.95,measured_success,555
303,ppo,1000303,2272,triprotic,medium,acid,separated,3,6.389,4.58,0.05806830542744815,0,0,,1,0,0,1,0,4,0,0.06123788314548584,6.28,6.28,0.0,4.641237883145486,4.64,measured_success,555
303,ppo,1000303,2273,monoprotic,far,base,single,1,6.692,8.956,0.17311465732135894,3,1,0.135,1,1,0,1,0,9,3,0.014127002912704967,23.76,1.1,22.66,8.970127002912704,8.97,measured_success,555
303,ppo,1000303,2274,triprotic,far,base,separated,3,7.501,10.002,0.07142439697599016,7,4,0.01,1,1,0,1,0,13,7,0.04721839271021544,14.349999999999998,6.659999999999998,7.689999999999999,10.049218392710216,10.05,measured_success,555
303,ppo,1000303,2275,diprotic,far,acid,overlapping,2,5.063,1.936,0.12467137316304995,0,0,,1,0,0,1,0,7,0,0.05371862335311217,26.839999999999996,26.839999999999996,0.0,1.9897186233531121,1.99,measured_success,555
303,ppo,1000303,2276,diprotic,near,base,overlapping,2,3.602,4.021,0.17830666889688515,0,0,,0,0,0,0,0,50,0,0.1644603633979589,4.499999999999997,0.0,4.499999999999997,3.856539636602041,3.86,max_steps,555
303,ppo,1000303,2277,monoprotic,far,base,single,1,3.225,5.739,0.046131932664511426,45,43,0.01,0,0,0,0,0,50,45,0.4462699444183178,15.699999999999992,7.639999999999996,8.059999999999997,6.185269944418318,6.19,max_steps,555
303,ppo,1000303,2278,monoprotic,medium,base,single,1,5.007,6.976,0.06707269486444992,6,1,0.035,1,1,0,1,0,8,6,0.035280614217387374,10.469999999999999,3.2599999999999993,7.21,6.940719385782613,6.94,measured_success,555
303,ppo,1000303,2279,triprotic,medium,base,overlapping,3,3.248,4.045,0.09994004982320752,0,0,,1,0,0,1,0,7,0,0.0796878335612563,6.260000000000001,0.0,6.260000000000001,3.9653121664387436,3.97,measured_success,555
303,ppo,1000303,2280,monoprotic,medium,acid,single,1,4.239,3.233,0.04713583337528585,2,1,0.81,1,1,0,1,0,2,2,0.04775937303501765,4.86,3.24,1.62,3.2807593730350177,3.2800000000000002,measured_success,555
303,ppo,1000303,2281,diprotic,medium,acid,separated,2,5.141,3.942,0.11930510808343256,2,1,0.175,1,1,0,1,0,5,2,0.039578369748337394,7.680000000000001,7.330000000000001,0.35,3.9815783697483376,3.98,measured_success,555
303,ppo,1000303,2282,monoprotic,medium,acid,single,1,5.575,4.565,0.10343679148171775,0,0,,1,0,0,1,0,4,0,0.06507871057064474,4.239999999999999,4.239999999999999,0.0,4.630078710570645,4.63,measured_success,555
303,ppo,1000303,2283,monoprotic,medium,base,single,1,7.444,9.202,0.12589314271007943,5,3,0.13,1,0,0,1,0,7,5,0.07370819956389418,11.329999999999998,3.3099999999999996,8.02,9.275708199563894,9.28,measured_success,555
303,ppo,1000303,2284,diprotic,far,base,separated,2,3.614,6.955,0.09037463832368052,45,42,0.01,0,0,0,0,0,50,45,0.11697227449131553,15.819999999999993,4.789999999999997,11.029999999999996,7.071972274491316,7.07,max_steps,555
303,ppo,1000303,2285,diprotic,medium,base,separated,2,5.442,6.176,0.03474612020686292,4,3,0.1,1,0,0,1,0,8,4,0.08927361993151628,5.140000000000001,2.4800000000000004,2.66,6.086726380068484,6.09,measured_success,555
303,ppo,1000303,2286,monoprotic,near,base,single,1,2.743,3.312,0.04788099333681121,1,0,0.53,1,1,0,1,0,1,1,0.0034127889657491473,1.06,0.0,1.06,3.315412788965749,3.3200000000000003,measured_success,555
303,ppo,1000303,2287,diprotic,far,base,separated,2,4.362,6.975,0.0402035122183006,8,4,0.01,1,0,0,1,0,13,8,0.064748879608862,15.119999999999997,5.919999999999999,9.2,6.910251120391138,6.91,measured_success,555
303,ppo,1000303,2288,triprotic,near,acid,separated,3,3.347,3.119,0.06784272857384363,0,0,,1,0,0,1,0,4,0,0.0792434745959576,0.32999999999999996,0.32999999999999996,0.0,3.198243474595958,3.2,measured_success,555
303,ppo,1000303,2289,monoprotic,medium,base,single,1,6.015,7.911,0.0648571077425572,6,2,0.035,1,1,0,1,0,8,6,0.033228933563950847,11.540000000000001,3.51,8.030000000000001,7.877771066436049,7.88,measured_success,555
303,ppo,1000303,2290,monoprotic,medium,base,single,1,3.956,4.784,0.12094398362248812,1,0,0.295,1,0,0,1,0,3,1,0.09906825600063218,4.14,0.0,4.14,4.883068256000632,4.88,measured_success,555
303,ppo,1000303,2291,diprotic,medium,base,separated,2,3.808,5.004,0.08880214013606996,0,0,,1,0,0,1,0,2,0,0.0711839356786097,5.27,0.0,5.27,4.93281606432139,4.93,measured_success,555
303,ppo,1000303,2292,monoprotic,medium,acid,single,1,7.037,5.056,0.17331300729319918,4,3,0.045,1,0,0,1,0,11,4,0.08460528742301232,11.76,6.7299999999999995,5.03,5.140605287423012,5.14,measured_success,555
303,ppo,1000303,2293,monoprotic,near,acid,single,1,7.595,7.387,0.04866810969400742,0,0,,1,0,0,1,0,8,0,0.09472704290714606,0.16,0.16,0.0,7.481727042907146,7.48,measured_success,555
303,ppo,1000303,2294,monoprotic,medium,base,single,1,4.638,6.578,0.0900430273665632,8,6,0.01,1,1,0,1,0,12,8,0.04787158362875221,14.959999999999997,5.959999999999999,8.999999999999998,6.530128416371248,6.53,measured_success,555
303,ppo,1000303,2295,monoprotic,medium,base,single,1,4.042,4.968,0.11241238421399165,3,2,0.145,1,1,0,1,0,6,3,0.001547705730757798,4.47,1.3,3.17,4.969547705730758,4.97,measured_success,555
303,ppo,1000303,2296,monoprotic,medium,base,single,1,3.368,5.055,0.10645577350834548,2,1,0.225,1,1,0,1,0,4,2,0.047226152387928266,7.880000000000001,0.45,7.430000000000001,5.0077738476120714,5.01,measured_success,555
303,ppo,1000303,2297,triprotic,medium,base,separated,3,1.806,2.892,0.09018380837821843,0,0,,1,0,0,1,0,7,0,0.0645478506499928,7.069999999999999,0.0,7.069999999999999,2.827452149350007,2.83,measured_success,555
303,ppo,1000303,2298,monoprotic,medium,base,single,1,3.362,4.542,0.08766059254448809,0,0,,1,0,0,1,0,1,0,0.09143205196786397,3.01,0.0,3.01,4.450567948032136,4.45,measured_success,555
303,ppo,1000303,2299,diprotic,near,base,overlapping,2,4.912,5.378,0.11723020519911771,0,0,,0,0,0,0,0,50,0,0.12039148206711658,3.000000000000002,0.0,3.000000000000002,5.2576085179328835,5.26,max_steps,555
303,ppo,1000303,2300,diprotic,near,base,overlapping,2,5.258,5.572,0.11872059247023624,0,0,,1,0,0,1,0,9,0,0.08319539522138353,0.55,0.0,0.55,5.4888046047786165,5.49,measured_success,555
303,ppo,1000303,2301,triprotic,medium,base,separated,3,5.349,6.239,0.03481879802154962,2,0,0.185,1,1,0,1,0,2,2,0.00531331858461126,2.8200000000000003,0.37,2.45,6.233686681415389,6.23,measured_success,555
303,ppo,1000303,2302,triprotic,near,base,separated,3,3.622,3.834,0.1065488680209375,0,0,,1,0,0,1,0,12,0,0.09110454671725288,1.0499999999999998,0.0,1.0499999999999998,3.742895453282747,3.74,measured_success,555
303,ppo,1000303,2303,monoprotic,near,base,single,1,5.7,6.283,0.1285182145042257,0,0,,1,1,0,1,0,3,0,0.04319984897996232,3.79,0.0,3.79,6.239800151020038,6.24,measured_success,555
303,ppo,1000303,2304,monoprotic,far,acid,single,1,8.715,5.792,0.040580402689433796,7,7,0.02,1,1,0,1,0,23,7,0.04980632274959618,13.899999999999999,8.729999999999999,5.169999999999999,5.742193677250404,5.74,measured_success,555
303,ppo,1000303,2305,triprotic,medium,acid,separated,3,5.125,3.718,0.056591348839216515,1,0,0.605,1,1,0,1,0,3,1,0.01448868346431098,7.3500000000000005,7.3500000000000005,0.0,3.703511316535689,3.7,measured_success,555
303,ppo,1000303,2306,monoprotic,near,acid,single,1,6.268,5.877,0.03310666074595807,0,0,,1,0,0,1,0,9,0,0.08939958824999028,0.38,0.38,0.0,5.96639958824999,5.97,measured_success,555
303,ppo,1000303,2307,diprotic,far,base,separated,2,4.476,6.961,0.13555450512976935,0,0,,1,0,0,1,0,6,0,0.07221536564735409,18.77,0.0,18.77,6.888784634352646,6.890000000000001,measured_success,555
303,ppo,1000303,2308,monoprotic,near,base,single,1,8.55,8.816,0.08035332663346631,0,0,,1,0,0,1,0,45,0,0.0984605899169484,0.9000000000000005,0.0,0.9000000000000005,8.717539410083052,8.72,measured_success,555
303,ppo,1000303,2309,triprotic,near,acid,separated,3,5.657,5.262,0.08806871675821135,0,0,,0,0,0,1,1,43,0,0.10003257672969301,2.4600000000000017,2.4600000000000017,0.0,5.362032576729693,5.36,measured_success,555
303,ppo,1000303,2310,diprotic,near,base,separated,2,3.482,4.116,0.05803027478572516,0,0,,0,0,0,1,1,36,0,0.10058070826423915,3.209999999999999,0.0,3.209999999999999,4.0154192917357605,4.0200000000000005,measured_success,555
303,ppo,1000303,2311,monoprotic,medium,acid,single,1,3.423,2.351,0.04459768786306156,1,0,1.99,1,1,0,1,0,3,1,0.03768959516797299,5.03,3.98,1.05,2.313310404832027,2.31,measured_success,555
303,ppo,1000303,2312,diprotic,medium,base,separated,2,6.08,7.637,0.11363564914338543,7,7,0.02,1,0,0,1,0,12,7,0.05791628238267865,13.35,6.159999999999999,7.19,7.694916282382678,7.69,measured_success,555
303,ppo,1000303,2313,monoprotic,near,acid,single,1,8.058,7.558,0.05797675839222085,0,0,,1,0,0,1,0,32,0,0.0881176862827715,0.6400000000000002,0.6400000000000002,0.0,7.646117686282771,7.65,measured_success,555
303,ppo,1000303,2314,monoprotic,medium,base,single,1,5.57,7.099,0.050091442334330064,6,3,0.045,1,0,0,1,0,11,6,0.07249929337242023,13.91,6.53,7.380000000000001,7.02650070662758,7.03,measured_success,555
303,ppo,1000303,2315,monoprotic,near,acid,single,1,2.866,2.597,0.030540445415432292,0,0,,1,0,0,1,0,4,0,0.0807871989519735,0.36,0.36,0.0,2.6777871989519735,2.68,measured_success,555
303,ppo,1000303,2316,triprotic,far,base,separated,3,2.083,4.826,0.05060834106646747,1,0,0.295,1,1,0,1,0,5,1,9.873395257375961e-05,12.840000000000002,0.0,12.840000000000002,4.826098733952573,4.83,measured_success,555
303,ppo,1000303,2317,diprotic,medium,base,separated,2,3.37,4.388,0.03803237143426776,2,1,0.58,1,0,0,1,0,3,2,0.06234665866990241,4.12,1.16,2.96,4.3256533413300975,4.33,measured_success,555
303,ppo,1000303,2318,monoprotic,near,acid,single,1,3.018,2.675,0.1514863972496887,1,1,1.03,1,0,0,1,0,2,1,0.09681634739829015,3.09,2.06,1.03,2.5781836526017097,2.58,measured_success,555
303,ppo,1000303,2319,triprotic,medium,acid,separated,3,7.009,5.768,0.15203671169908428,0,0,,1,0,0,1,0,5,0,0.08342516611392004,8.09,8.09,0.0,5.85142516611392,5.8500000000000005,measured_success,555
303,ppo,1000303,2320,diprotic,near,acid,separated,2,6.589,6.18,0.12704832139101319,0,0,,0,0,0,0,0,50,0,0.3173615284405855,1.0000000000000004,1.0000000000000004,0.0,6.497361528440585,6.5,max_steps,555
303,ppo,1000303,2321,triprotic,near,acid,separated,3,5.151,4.498,0.036064492562148706,0,0,,1,0,0,1,0,1,0,0.08839352964670599,2.06,2.06,0.0,4.586393529646706,4.59,measured_success,555
303,ppo,1000303,2322,diprotic,medium,acid,separated,2,4.812,3.552,0.0483822882262721,4,3,0.245,1,1,0,1,0,4,4,0.039197979569217,7.3500000000000005,4.9,2.45,3.591197979569217,3.59,measured_success,555
303,ppo,1000303,2323,diprotic,near,base,separated,2,5.91,6.15,0.035399402072949886,0,0,,1,0,0,1,0,6,0,0.08693175687423071,0.41000000000000003,0.0,0.41000000000000003,6.06306824312577,6.0600000000000005,measured_success,555
303,ppo,1000303,2324,monoprotic,far,base,single,1,6.26,9.456,0.06232227381238758,47,43,0.01,0,0,0,0,0,50,47,0.16734643917851955,16.879999999999992,7.429999999999996,9.449999999999996,9.623346439178519,9.620000000000001,max_steps,555
303,ppo,1000303,2325,diprotic,far,acid,separated,2,5.153,1.572,0.05359391879958979,0,0,,1,0,0,1,0,4,0,0.07434623025522358,13.93,13.93,0.0,1.6463462302552236,1.6500000000000001,measured_success,555
303,ppo,1000303,2326,triprotic,medium,base,overlapping,3,4.183,5.869,0.032399716256607265,7,3,0.02,1,1,0,1,0,11,7,0.013670071729080746,14.860000000000001,7.010000000000001,7.8500000000000005,5.8826700717290805,5.88,measured_success,555
303,ppo,1000303,2327,diprotic,far,base,separated,2,2.264,5.963,0.0369202978294105,3,1,0.295,1,1,0,1,0,7,3,0.0031724914674997606,15.459999999999999,2.27,13.19,5.9661724914675,5.97,measured_success,555
303,ppo,1000303,2328,diprotic,near,acid,separated,2,4.392,3.761,0.11172641750958172,1,0,0.605,1,1,0,1,0,2,1,0.04992800762567029,3.27,3.27,0.0,3.71107199237433,3.71,measured_success,555
303,ppo,1000303,2329,monoprotic,medium,acid,single,1,7.128,5.467,0.11738956058900983,5,3,0.045,1,1,0,1,0,7,5,0.04011368729238374,9.75,7.69,2.06,5.426886312707616,5.43,measured_success,555
303,ppo,1000303,2330,monoprotic,near,acid,single,1,3.122,2.536,0.033509670697617205,2,0,0.605,1,1,0,1,0,2,2,0.021541945141255514,3.66,2.45,1.21,2.5575419451412555,2.56,measured_success,555
303,ppo,1000303,2331,monoprotic,medium,base,single,1,6.032,7.896,0.12860850712757207,3,1,0.11,1,1,0,1,0,6,3,0.02230961739636772,13.24,0.44,12.8,7.918309617396368,7.92,measured_success,555
303,ppo,1000303,2332,monoprotic,near,acid,single,1,2.886,2.307,0.11831128701269074,0,0,,1,0,0,1,0,4,0,0.05408573843762321,4.82,4.82,0.0,2.361085738437623,2.36,measured_success,555
303,ppo,1000303,2333,monoprotic,medium,acid,single,1,8.727,6.748,0.03057437360179968,0,0,,0,0,1,0,0,50,0,1.2091448847072916,1.500000000000001,1.500000000000001,0.0,7.957144884707292,7.96,max_steps,555
303,ppo,1000303,2334,monoprotic,far,base,single,1,6.468,9.412,0.07762908380021458,6,2,0.01,1,0,0,1,0,12,6,0.08583768596025187,18.06,7.61,10.45,9.326162314039749,9.33,measured_success,555
303,ppo,1000303,2335,triprotic,medium,base,separated,3,3.517,4.403,0.1429266842854572,0,0,,1,0,0,1,0,7,0,0.0728044270819952,7.4799999999999995,0.0,7.4799999999999995,4.330195572918004,4.33,measured_success,555
303,ppo,1000303,2336,monoprotic,medium,acid,single,1,5.513,3.74,0.14934428092573368,5,3,0.045,1,0,0,1,0,8,5,0.07590631361677946,12.379999999999999,6.719999999999999,5.66,3.6640936863832207,3.66,measured_success,555
303,ppo,1000303,2337,monoprotic,near,acid,single,1,7.313,6.843,0.12065864635662615,0,0,,0,0,0,0,0,50,0,0.1034034701057518,1.0000000000000004,1.0000000000000004,0.0,6.946403470105752,6.95,max_steps,555
303,ppo,1000303,2338,diprotic,far,base,separated,2,3.596,7.193,0.08086141286412295,1,0,1.635,1,1,0,1,0,3,1,0.026398745861042627,14.59,0.0,14.59,7.219398745861042,7.22,measured_success,555
303,ppo,1000303,2339,monoprotic,medium,acid,single,1,4.568,2.948,0.09404687480210287,3,2,0.285,1,0,0,1,0,5,3,0.079492010543873,9.8,6.44,3.3600000000000003,2.868507989456127,2.87,measured_success,555
303,ppo,1000303,2340,monoprotic,far,acid,single,1,4.798,2.205,0.03250525401483895,1,0,3.425,1,0,0,1,0,6,1,0.09446459501415116,9.39,6.85,2.54,2.110535404985849,2.11,measured_success,555
303,ppo,1000303,2341,triprotic,far,acid,separated,3,5.49,1.682,0.09397502317500102,0,0,,0,0,0,1,1,9,0,0.1002848171042392,19.56,19.56,0.0,1.7822848171042391,1.78,measured_success,555
303,ppo,1000303,2342,monoprotic,far,acid,single,1,7.129,4.116,0.03127156782981222,7,4,0.015,1,1,0,1,0,11,7,0.03471683302154993,15.99,8.27,7.720000000000001,4.08128316697845,4.08,measured_success,555
303,ppo,1000303,2343,monoprotic,far,base,single,1,2.367,6.145,0.0723638876934653,46,43,0.01,0,0,0,0,0,50,46,0.36761362150140897,19.01999999999999,5.279999999999996,13.739999999999995,5.777386378498591,5.78,max_steps,555
303,ppo,1000303,2344,monoprotic,near,base,single,1,8.093,8.393,0.036736039945829434,0,0,,1,0,0,1,0,22,0,0.09567711088745412,0.4400000000000001,0.0,0.4400000000000001,8.297322889112547,8.3,measured_success,555
303,ppo,1000303,2345,triprotic,medium,base,separated,3,2.158,3.127,0.08470162874701727,0,0,,1,0,0,1,0,7,0,0.06027712476464586,7.069999999999999,0.0,7.069999999999999,3.066722875235354,3.0700000000000003,measured_success,555
303,ppo,1000303,2346,triprotic,near,acid,separated,3,6.967,6.553,0.08029906207764378,0,0,,0,0,0,0,0,50,0,0.1581622539366796,1.0000000000000004,1.0000000000000004,0.0,6.7111622539366795,6.71,max_steps,555
303,ppo,1000303,2347,monoprotic,medium,base,single,1,3.062,3.783,0.04450849889256795,4,4,0.14,1,0,0,1,0,5,4,0.05478965062808028,5.46,2.58,2.88,3.7282103493719196,3.73,measured_success,555
303,ppo,1000303,2348,monoprotic,medium,base,single,1,3.192,4.857,0.061142389781327376,6,1,0.03,1,0,0,1,0,9,6,0.06435571695876607,12.9,5.2,7.7,4.792644283041234,4.79,measured_success,555
303,ppo,1000303,2349,triprotic,medium,base,separated,3,3.113,4.378,0.050894770096248425,0,0,,1,0,0,1,0,4,0,0.09258265190346826,6.890000000000001,0.0,6.890000000000001,4.285417348096532,4.29,measured_success,555
303,ppo,1000303,2350,monoprotic,near,acid,single,1,4.062,3.676,0.03672533479033746,0,0,,1,0,0,1,0,3,0,0.07243113381181754,0.18,0.18,0.0,3.7484311338118177,3.75,measured_success,555
303,ppo,1000303,2351,triprotic,medium,base,separated,3,4.37,5.37,0.05336570103624985,1,0,0.57,1,0,0,1,0,3,1,0.09341403900345302,4.12,0.45,3.67,5.463414039003453,5.46,measured_success,555
303,ppo,1000303,2352,monoprotic,medium,acid,single,1,3.629,1.785,0.0884694126898342,0,0,,1,1,0,1,0,2,0,0.023131706533996654,6.07,6.07,0.0,1.8081317065339966,1.81,measured_success,555
303,ppo,1000303,2353,diprotic,medium,acid,separated,2,5.365,3.569,0.03149270643221543,1,0,2.65,1,0,0,1,0,2,1,0.09450885049176083,5.7,5.3,0.4,3.474491149508239,3.47,measured_success,555
303,ppo,1000303,2354,diprotic,near,base,separated,2,4.493,4.86,0.07027981992206124,0,0,,1,0,0,1,0,24,0,0.08983186625346473,1.4400000000000008,0.0,1.4400000000000008,4.770168133746536,4.7700000000000005,measured_success,555
303,ppo,1000303,2355,monoprotic,far,base,single,1,5.169,8.081,0.15448424124421598,6,2,0.045,1,1,0,1,0,8,6,0.018672728931374394,21.569999999999997,3.15,18.419999999999998,8.062327271068625,8.06,measured_success,555
303,ppo,1000303,2356,triprotic,medium,base,separated,3,2.206,3.03,0.05125657892508073,0,0,,1,1,0,1,0,3,0,0.021846859150849607,4.18,0.0,4.18,3.00815314084915,3.0100000000000002,measured_success,555
303,ppo,1000303,2357,diprotic,far,acid,separated,2,5.917,2.379,0.14142504269135583,0,0,,1,0,0,1,0,9,0,0.08934243892830507,27.979999999999997,27.979999999999997,0.0,2.468342438928305,2.47,measured_success,555
303,ppo,1000303,2358,diprotic,near,acid,separated,2,5.175,4.631,0.03191184310905808,2,2,0.225,1,1,0,1,0,4,2,0.023212300756295434,3.7600000000000002,2.2800000000000002,1.48,4.654212300756296,4.65,measured_success,555
303,ppo,1000303,2359,monoprotic,near,acid,single,1,2.809,2.424,0.061997685165926915,1,0,1.225,1,1,0,1,0,2,1,0.030109476874873753,3.04,2.45,0.59,2.393890523125126,2.39,measured_success,555
303,ppo,1000303,2360,diprotic,near,acid,separated,2,3.646,3.263,0.053909532530954936,2,0,0.295,1,1,0,1,0,2,2,0.04312703733043133,2.65,2.06,0.59,3.3061270373304312,3.31,measured_success,555
303,ppo,1000303,2361,diprotic,near,acid,separated,2,3.184,2.942,0.03184017660610641,0,0,,1,0,0,1,0,5,0,0.07057185694935164,0.44999999999999996,0.44999999999999996,0.0,3.012571856949352,3.0100000000000002,measured_success,555
303,ppo,1000303,2362,monoprotic,far,acid,single,1,6.562,4.245,0.05411444243639056,6,2,0.02,1,1,0,1,0,10,6,0.0076430776530296285,11.059999999999999,6.82,4.239999999999999,4.25264307765303,4.25,measured_success,555
303,ppo,1000303,2363,triprotic,medium,base,separated,3,4.963,5.738,0.1792422812905349,0,0,,0,0,0,1,1,9,0,0.10202414595802001,8.45,0.0,8.45,5.63597585404198,5.64,measured_success,555
303,ppo,1000303,2364,diprotic,far,base,separated,2,6.335,8.71,0.1413935103742264,46,47,0.01,0,0,0,0,0,50,46,0.2692125791155817,15.15999999999999,6.759999999999995,8.399999999999995,8.44078742088442,8.44,max_steps,555
303,ppo,1000303,2365,triprotic,near,acid,overlapping,3,3.721,3.11,0.08915534113321735,0,0,,1,0,0,1,0,5,0,0.07067686122488803,5.94,5.94,0.0,3.180676861224888,3.18,measured_success,555
303,ppo,1000303,2366,triprotic,medium,acid,separated,3,3.387,1.513,0.046540415439205576,0,0,,1,0,0,1,0,4,0,0.07163874074336984,9.000000000000002,9.000000000000002,0.0,1.5846387407433697,1.58,measured_success,555
303,ppo,1000303,2367,diprotic,medium,acid,separated,2,4.155,3.078,0.04869710422514581,2,0,0.2,1,1,0,1,0,2,2,0.044431526300014124,3.64,3.24,0.4,3.122431526300014,3.12,measured_success,555
303,ppo,1000303,2368,diprotic,near,acid,separated,2,6.0,5.51,0.04005188494624176,1,1,1.03,1,0,0,1,0,2,1,0.0708095636837971,3.09,2.06,1.03,5.439190436316203,5.44,measured_success,555
303,ppo,1000303,2369,monoprotic,medium,acid,single,1,5.15,3.969,0.08291712917611893,2,1,0.1,1,1,0,1,0,3,2,0.028916605773813497,3.8400000000000003,3.64,0.2,3.9979166057738134,4.0,measured_success,555
303,ppo,1000303,2370,monoprotic,medium,base,single,1,6.382,7.578,0.16181002970299066,5,5,0.125,1,1,0,1,0,7,5,0.0027670549599809746,11.21,4.7,6.51,7.580767054959981,7.58,measured_success,555
303,ppo,1000303,2371,monoprotic,far,base,single,1,5.751,8.596,0.17329729142679154,4,2,0.1,1,0,0,1,0,10,4,0.08446695141080696,15.99,2.24,13.75,8.511533048589193,8.51,measured_success,555
303,ppo,1000303,2372,monoprotic,medium,acid,single,1,4.932,3.033,0.10735724669175195,4,2,0.075,1,0,0,1,0,4,4,0.07060339472495825,6.359999999999999,5.6,0.76,3.103603394724958,3.1,measured_success,555
303,ppo,1000303,2373,triprotic,medium,base,separated,3,2.643,4.298,0.123810669178698,0,0,,1,0,0,1,0,7,0,0.09511633448887302,13.089999999999998,0.0,13.089999999999998,4.202883665511127,4.2,measured_success,555
303,ppo,1000303,2374,triprotic,medium,base,separated,3,3.551,4.77,0.12421879173239074,0,0,,1,1,0,1,0,3,0,0.04852587335866332,6.970000000000001,0.0,6.970000000000001,4.721474126641336,4.72,measured_success,555
303,ppo,1000303,2375,monoprotic,medium,base,single,1,7.8,9.35,0.07939460380096718,9,6,0.01,1,0,0,1,0,13,9,0.055026215940012335,13.73,6.78,6.949999999999999,9.405026215940012,9.41,measured_success,555
303,ppo,1000303,2376,triprotic,medium,base,separated,3,1.633,2.397,0.16849090630062016,0,0,,1,0,0,1,0,12,0,0.09028547515778884,7.469999999999998,0.0,7.469999999999998,2.306714524842211,2.31,measured_success,555
303,ppo,1000303,2377,triprotic,medium,base,separated,3,6.095,7.146,0.07879162496812046,4,0,0.115,1,0,0,1,0,4,4,0.07410185059822982,5.529999999999999,1.69,3.84,7.07189814940177,7.07,measured_success,555
303,ppo,1000303,2378,monoprotic,medium,acid,single,1,5.042,3.581,0.08105067710355159,1,0,1.11,1,1,0,1,0,2,1,0.02094737210680675,6.140000000000001,6.140000000000001,0.0,3.560052627893193,3.56,measured_success,555
303,ppo,1000303,2379,triprotic,medium,acid,separated,3,4.918,3.02,0.1588163570296033,0,0,,1,0,0,1,0,9,0,0.07110035586275165,13.24,13.24,0.0,3.0911003558627517,3.09,measured_success,555
303,ppo,1000303,2380,diprotic,near,acid,separated,2,4.539,3.995,0.03482297925893334,1,1,1.03,1,0,0,1,0,2,1,0.055490325216195124,3.09,2.06,1.03,3.939509674783805,3.94,measured_success,555
303,ppo,1000303,2381,diprotic,medium,base,overlapping,2,3.932,5.589,0.11655629783137765,2,1,0.51,1,1,0,1,0,6,2,0.04615526634579048,14.329999999999998,1.02,13.309999999999999,5.54284473365421,5.54,measured_success,555
303,ppo,1000303,2382,diprotic,near,acid,separated,2,7.326,7.054,0.08931439265335558,0,0,,0,0,0,1,1,34,0,0.10094120275221385,0.6800000000000003,0.6800000000000003,0.0,7.154941202752214,7.15,measured_success,555
303,ppo,1000303,2383,monoprotic,near,acid,single,1,7.922,7.407,0.09770104513437443,0,0,,0,0,0,0,0,50,0,0.38858710413961894,1.0000000000000004,1.0000000000000004,0.0,7.795587104139619,7.8,max_steps,555
303,ppo,1000303,2384,triprotic,near,acid,separated,3,2.502,2.158,0.12217505705468842,1,0,1.385,1,1,0,1,0,3,1,0.017636142652914355,3.8,2.77,1.03,2.1403638573470856,2.14,measured_success,555
303,ppo,1000303,2385,monoprotic,medium,base,single,1,7.34,8.665,0.05652778913942045,3,1,0.215,1,1,0,1,0,4,3,0.048986121614472466,8.15,1.85,6.3,8.713986121614472,8.71,measured_success,555
303,ppo,1000303,2386,diprotic,far,base,separated,2,4.856,7.483,0.03569224789795382,42,43,0.01,0,0,0,0,0,50,42,0.1815330589781139,18.809999999999988,9.159999999999993,9.649999999999995,7.301466941021886,7.3,max_steps,555
303,ppo,1000303,2387,diprotic,medium,base,separated,2,7.294,8.802,0.04416436503752915,8,6,0.01,1,1,0,1,0,12,8,0.0009713535839424026,13.559999999999999,6.659999999999999,6.9,8.801028646416057,8.8,measured_success,555
303,ppo,1000303,2388,triprotic,far,base,separated,3,3.106,5.214,0.1345945653936268,0,0,,1,0,0,1,0,12,0,0.07964327577130703,22.259999999999994,0.0,22.259999999999994,5.134356724228693,5.13,measured_success,555
303,ppo,1000303,2389,monoprotic,near,base,single,1,6.18,6.726,0.1583381577997178,0,0,,1,0,0,1,0,1,0,0.09845253400329401,2.06,0.0,2.06,6.627547465996706,6.63,measured_success,555
303,ppo,1000303,2390,diprotic,medium,base,separated,2,2.552,3.989,0.06156686844256072,0,0,,1,1,0,1,0,4,0,0.007437485541021083,8.22,0.0,8.22,3.981562514458979,3.98,measured_success,555
303,ppo,1000303,2391,monoprotic,medium,acid,single,1,4.221,2.39,0.10689008619674516,2,0,0.295,1,0,0,1,0,3,2,0.07713873346001376,8.31,7.72,0.59,2.467138733460014,2.47,measured_success,555
303,ppo,1000303,2392,monoprotic,near,acid,single,1,3.043,2.498,0.1427351908676745,0,0,,1,1,0,1,0,2,0,0.0438442542802413,3.66,3.66,0.0,2.5418442542802415,2.54,measured_success,555
303,ppo,1000303,2393,monoprotic,medium,acid,single,1,4.052,3.28,0.042373537288198704,3,1,0.145,1,1,0,1,0,3,3,0.0074425920499163745,3.33,2.74,0.59,3.2725574079500834,3.27,measured_success,555
303,ppo,1000303,2394,triprotic,medium,acid,separated,3,3.853,2.832,0.045040014405495175,2,0,0.295,1,0,0,1,0,2,2,0.08161781090190523,3.83,3.24,0.59,2.913617810901905,2.91,measured_success,555
303,ppo,1000303,2395,diprotic,near,base,separated,2,3.72,4.018,0.05638210753916471,0,0,,1,0,0,1,0,8,0,0.08654805240907049,0.6899999999999998,0.0,0.6899999999999998,3.9314519475909293,3.93,measured_success,555
303,ppo,1000303,2396,diprotic,near,base,overlapping,2,6.154,6.425,0.06864022796730557,0,0,,1,0,0,1,0,5,0,0.0728811811504686,0.34,0.0,0.34,6.352118818849531,6.3500000000000005,measured_success,555
303,ppo,1000303,2397,monoprotic,medium,acid,single,1,5.206,3.321,0.03163251849216433,4,2,0.295,1,1,0,1,0,7,4,0.03450014843426752,12.18,6.98,5.2,3.3555001484342677,3.36,measured_success,555
303,ppo,1000303,2398,monoprotic,medium,acid,single,1,6.987,5.187,0.07026100410715966,5,1,0.03,1,1,0,1,0,8,5,0.03725588804859736,10.85,7.609999999999999,3.2399999999999998,5.149744111951403,5.15,measured_success,555
303,ppo,1000303,2399,monoprotic,near,acid,single,1,6.793,6.336,0.0491543655265132,0,0,,1,0,0,1,0,37,0,0.07743717062230004,0.7800000000000002,0.7800000000000002,0.0,6.4134371706223,6.41,measured_success,555
303,ppo,1000303,2400,monoprotic,medium,base,single,1,4.437,5.557,0.03931844194542157,4,0,0.185,1,0,0,1,0,4,4,0.08881413575882746,6.24,2.01,4.23,5.468185864241173,5.47,measured_success,555
303,ppo,1000303,2401,monoprotic,medium,acid,single,1,7.476,5.588,0.10963390906083005,3,2,0.11,1,1,0,1,0,6,3,0.03453385214576432,12.680000000000001,11.080000000000002,1.5999999999999999,5.553466147854236,5.55,measured_success,555
303,ppo,1000303,2402,diprotic,medium,acid,overlapping,2,5.145,4.179,0.057979547761238856,0,0,,1,0,0,1,0,5,0,0.07869946289991958,7.57,7.57,0.0,4.25769946289992,4.26,measured_success,555
303,ppo,1000303,2403,diprotic,near,base,separated,2,2.987,3.262,0.15632819708344697,0,0,,1,0,0,1,0,26,0,0.09430450100223142,2.3400000000000003,0.0,2.3400000000000003,3.1676954989977686,3.17,measured_success,555
303,ppo,1000303,2404,monoprotic,near,base,single,1,7.113,7.5,0.0692107894023612,0,0,,1,0,0,1,0,19,0,0.09053051377498278,1.1400000000000006,0.0,1.1400000000000006,7.409469486225017,7.41,measured_success,555
303,ppo,1000303,2405,monoprotic,near,base,single,1,3.719,4.29,0.09376894569040259,0,0,,0,0,0,1,1,40,0,0.10190393171691081,3.4199999999999995,0.0,3.4199999999999995,4.188096068283089,4.19,measured_success,555
303,ppo,1000303,2406,diprotic,medium,acid,separated,2,2.425,1.687,0.03007403970812552,1,0,1.225,1,1,0,1,0,1,1,0.004871542299621945,2.45,2.45,0.0,1.682128457700378,1.68,measured_success,555
303,ppo,1000303,2407,diprotic,medium,acid,separated,2,5.802,4.175,0.030189066781974135,3,2,0.555,1,0,0,1,0,4,3,0.0821056764122412,9.18,6.41,2.7700000000000005,4.092894323587759,4.09,measured_success,555
303,ppo,1000303,2408,diprotic,near,acid,separated,2,4.483,4.019,0.1215904879711709,1,0,0.58,1,0,0,1,0,2,1,0.09519937039254867,3.2199999999999998,3.2199999999999998,0.0,3.9238006296074515,3.92,measured_success,555
303,ppo,1000303,2409,triprotic,near,base,separated,3,3.706,4.179,0.12988981940247354,0,0,,0,0,0,0,0,50,0,0.1795053230449275,4.499999999999997,0.0,4.499999999999997,3.9994946769550728,4.0,max_steps,555
303,ppo,1000303,2410,monoprotic,near,base,single,1,4.835,5.257,0.07090477540696163,0,0,,1,0,0,1,0,32,0,0.09533977823350881,1.9200000000000013,0.0,1.9200000000000013,5.161660221766491,5.16,measured_success,555
303,ppo,1000303,2411,monoprotic,medium,base,single,1,1.983,3.216,0.12886061962296153,0,0,,1,0,0,1,0,7,0,0.07426114500612613,10.280000000000001,0.0,10.280000000000001,3.141738854993874,3.14,measured_success,555
303,ppo,1000303,2412,monoprotic,medium,base,single,1,2.256,3.148,0.11898445150460961,0,0,,1,0,0,1,0,11,0,0.08727276818853946,8.25,0.0,8.25,3.0607272318114607,3.06,measured_success,555
303,ppo,1000303,2413,diprotic,near,base,overlapping,2,2.464,2.833,0.12253212073003866,0,0,,1,0,0,1,0,13,0,0.09689375022327962,3.8100000000000005,0.0,3.8100000000000005,2.7361062497767206,2.74,measured_success,555
303,ppo,1000303,2414,triprotic,near,acid,separated,3,7.333,6.667,0.17636211084145187,0,0,,1,0,0,1,0,2,0,0.08527049890884442,3.2,3.2,0.0,6.752270498908844,6.75,measured_success,555
303,ppo,1000303,2415,diprotic,near,base,separated,2,6.787,7.459,0.062211337259077515,2,2,0.225,1,0,0,1,0,4,2,0.08984515529877868,3.7600000000000002,1.48,2.2800000000000002,7.369154844701221,7.37,measured_success,555
303,ppo,1000303,2416,monoprotic,far,base,single,1,8.654,11.834,0.03134092683802591,2,0,1.155,1,1,0,1,0,3,2,0.017112711915643786,12.120000000000001,5.07,7.05,11.816887288084356,11.82,measured_success,555
303,ppo,1000303,2417,monoprotic,medium,acid,single,1,4.063,3.178,0.03179019922370856,2,0,0.295,1,0,0,1,0,3,2,0.08839664271841396,5.25,3.24,2.01,3.266396642718414,3.27,measured_success,555
303,ppo,1000303,2418,monoprotic,medium,base,single,1,2.561,3.85,0.14020983360727118,0,0,,1,1,0,1,0,5,0,0.045950870075571526,7.99,0.0,7.99,3.8040491299244286,3.8000000000000003,measured_success,555
303,ppo,1000303,2419,triprotic,far,base,separated,3,5.761,7.797,0.0347040612108968,3,1,0.46,1,0,0,1,0,3,3,0.09541124732621586,8.46,1.85,6.61,7.892411247326216,7.890000000000001,measured_success,555
303,ppo,1000303,2420,triprotic,medium,acid,overlapping,3,3.932,2.707,0.10085264653907586,0,0,,1,0,0,1,0,16,0,0.0878215113167764,12.610000000000007,12.610000000000007,0.0,2.7948215113167763,2.79,measured_success,555
303,ppo,1000303,2421,diprotic,far,base,separated,2,6.153,8.327,0.047246063181828224,5,1,0.13,1,0,0,1,0,7,5,0.09509807174069174,14.51,5.99,8.52,8.422098071740692,8.42,measured_success,555
303,ppo,1000303,2422,monoprotic,far,acid,single,1,4.861,2.3,0.0834629919759777,1,0,3.425,1,1,0,1,0,5,1,0.006454683707199926,11.209999999999999,6.85,4.359999999999999,2.2935453162928,2.29,measured_success,555
303,ppo,1000303,2423,monoprotic,far,base,single,1,7.998,10.755,0.03734221595443307,5,3,0.15,1,1,0,1,0,8,5,0.0284222193449839,15.750000000000002,7.0600000000000005,8.690000000000001,10.783422219344985,10.78,measured_success,555
303,ppo,1000303,2424,monoprotic,medium,acid,single,1,8.009,6.586,0.11966209140405576,2,0,0.225,1,0,0,1,0,35,2,0.07051616584409359,10.170000000000002,9.720000000000002,0.45,6.656516165844094,6.66,measured_success,555
303,ppo,1000303,2425,monoprotic,medium,base,single,1,4.449,5.718,0.1613382283212433,2,3,0.575,1,0,0,1,0,5,2,0.07112443862142115,9.18,2.3,6.880000000000001,5.646875561378579,5.65,measured_success,555
303,ppo,1000303,2426,triprotic,far,acid,separated,3,6.078,3.482,0.05847040007784907,1,0,0.605,1,0,0,1,0,3,1,0.07894096518739424,9.91,9.91,0.0,3.403059034812606,3.4,measured_success,555
303,ppo,1000303,2427,diprotic,near,base,separated,2,4.537,4.868,0.038468059502826155,0,0,,1,0,0,1,0,8,0,0.08003535811035256,0.48,0.0,0.48,4.787964641889648,4.79,measured_success,555
303,ppo,1000303,2428,diprotic,medium,base,overlapping,2,3.731,5.562,0.07553408044179952,1,0,0.295,1,1,0,1,0,6,1,0.04568513000080454,13.909999999999998,0.0,13.909999999999998,5.607685130000805,5.61,measured_success,555
303,ppo,1000303,2429,diprotic,far,base,separated,2,6.054,8.591,0.04885136595606042,4,1,0.305,1,0,0,1,0,7,4,0.05717015789880797,12.769999999999998,3.6199999999999997,9.149999999999999,8.533829842101191,8.53,measured_success,555
303,ppo,1000303,2430,monoprotic,far,acid,single,1,5.112,1.527,0.15549608627305359,1,0,3.505,1,1,0,1,0,1,1,0.0021942096057869787,7.01,7.01,0.0,1.524805790394213,1.52,measured_success,555
303,ppo,1000303,2431,triprotic,far,acid,separated,3,4.693,2.625,0.1582508838834978,0,0,,1,0,0,1,0,15,0,0.09880751617722705,24.499999999999996,24.499999999999996,0.0,2.723807516177227,2.72,measured_success,555
303,ppo,1000303,2432,monoprotic,medium,acid,single,1,3.924,2.986,0.036960583415874444,2,0,0.71,1,1,0,1,0,2,2,0.025075997599743882,4.66,3.24,1.42,3.011075997599744,3.0100000000000002,measured_success,555
303,ppo,1000303,2433,monoprotic,medium,base,single,1,1.979,2.777,0.16218280253915118,0,0,,1,0,0,1,0,15,0,0.09650514522526432,10.670000000000002,0.0,10.670000000000002,2.680494854774736,2.68,measured_success,555
303,ppo,1000303,2434,monoprotic,near,acid,single,1,3.257,2.834,0.15313279147749198,0,0,,1,1,0,1,0,2,0,0.02798964042707608,3.27,3.27,0.0,2.861989640427076,2.86,measured_success,555
303,ppo,1000303,2435,triprotic,near,acid,separated,3,5.518,5.237,0.05584510028472402,0,0,,1,0,0,1,0,11,0,0.07934050221159161,0.6200000000000001,0.6200000000000001,0.0,5.316340502211592,5.32,measured_success,555
303,ppo,1000303,2436,monoprotic,near,base,single,1,3.722,4.15,0.09483109151617197,0,0,,1,0,0,1,0,26,0,0.09086614876636823,2.2800000000000007,0.0,2.2800000000000007,4.059133851233632,4.0600000000000005,measured_success,555
303,ppo,1000303,2437,monoprotic,near,base,single,1,6.55,6.768,0.14698888348393419,0,0,,1,0,0,1,0,8,0,0.0965840799885962,0.55,0.0,0.55,6.671415920011404,6.67,measured_success,555
303,ppo,1000303,2438,diprotic,near,acid,separated,2,4.434,3.866,0.03626215369813929,2,0,0.325,1,0,0,1,0,2,2,0.06497960779212741,2.71,2.06,0.65,3.9309796077921275,3.93,measured_success,555
303,ppo,1000303,2439,triprotic,far,acid,separated,3,8.212,4.911,0.11168594586102823,0,0,,1,1,0,1,0,7,0,0.005016244417211269,19.14,19.14,0.0,4.916016244417211,4.92,measured_success,555
303,ppo,1000303,2440,diprotic,near,acid,separated,2,3.576,3.247,0.09510333134984295,0,0,,1,0,0,1,0,16,0,0.08778114812721682,1.4100000000000001,1.4100000000000001,0.0,3.3347811481272167,3.33,measured_success,555
303,ppo,1000303,2441,diprotic,medium,acid,separated,2,6.091,4.158,0.09272929130045598,1,0,0.325,1,1,0,1,0,3,1,0.030442307072147123,7.800000000000001,7.800000000000001,0.0,4.127557692927853,4.13,measured_success,555
303,ppo,1000303,2442,monoprotic,far,acid,single,1,5.246,2.523,0.15612455980784318,1,0,2.51,1,0,0,1,0,3,1,0.08392131051143403,15.94,15.94,0.0,2.439078689488566,2.44,measured_success,555
303,ppo,1000303,2443,triprotic,medium,base,separated,3,5.556,7.249,0.04176882033946428,2,0,1.155,1,0,0,1,0,2,2,0.05182115428697909,8.0,2.31,5.69,7.197178845713021,7.2,measured_success,555
303,ppo,1000303,2444,monoprotic,near,base,single,1,5.506,5.792,0.05393171636856974,0,0,,1,0,0,1,0,7,0,0.07624348719381935,0.45,0.0,0.45,5.7157565128061805,5.72,measured_success,555
303,ppo,1000303,2445,triprotic,near,acid,separated,3,3.925,3.475,0.10504907824526157,0,0,,1,1,0,1,0,2,0,0.03982221737514591,3.27,3.27,0.0,3.514822217375146,3.5100000000000002,measured_success,555
303,ppo,1000303,2446,diprotic,medium,acid,separated,2,4.357,2.626,0.05279100176275803,1,0,0.605,1,0,0,1,0,3,1,0.07281851456383714,8.36,8.36,0.0,2.5531814854361627,2.5500000000000003,measured_success,555
303,ppo,1000303,2447,monoprotic,medium,acid,single,1,6.881,6.176,0.05947673767430234,1,0,0.325,1,0,0,1,0,2,1,0.07867064071321117,2.71,2.71,0.0,6.097329359286789,6.1000000000000005,measured_success,555
303,ppo,1000303,2448,diprotic,far,acid,separated,2,7.315,4.844,0.08092630869450967,1,0,0.58,1,0,0,1,0,3,1,0.0781037644475715,9.120000000000001,9.120000000000001,0.0,4.765896235552429,4.7700000000000005,measured_success,555
303,ppo,1000303,2449,monoprotic,medium,base,single,1,6.867,8.389,0.176730604914741,4,2,0.305,1,0,0,1,0,7,4,0.06376615351043213,11.459999999999999,3.26,8.2,8.325233846489567,8.33,measured_success,555
303,ppo,1000303,2450,monoprotic,far,acid,single,1,6.914,4.711,0.07829242241643221,2,1,1.325,1,1,0,1,0,3,2,0.005808313478079086,9.11,6.46,2.65,4.716808313478079,4.72,measured_success,555
303,ppo,1000303,2451,diprotic,near,acid,separated,2,3.047,2.511,0.11584339195708498,1,0,0.605,1,1,0,1,0,2,1,0.022772425104832905,3.66,3.66,0.0,2.488227574895167,2.49,measured_success,555
303,ppo,1000303,2452,monoprotic,medium,acid,single,1,7.56,5.803,0.0838567543791916,1,0,0.57,1,0,0,1,0,6,1,0.08201070865190996,9.57,8.75,0.82,5.72098929134809,5.72,measured_success,555
303,ppo,1000303,2453,diprotic,medium,acid,separated,2,4.722,3.26,0.03691413008250459,1,0,1.96,1,0,0,1,0,2,1,0.09471858416671441,4.53,3.92,0.61,3.1652814158332854,3.17,measured_success,555
303,ppo,1000303,2454,diprotic,medium,acid,separated,2,3.234,2.281,0.06116085746607588,0,0,,1,1,0,1,0,2,0,0.014813507844194884,4.779999999999999,4.779999999999999,0.0,2.295813507844195,2.3000000000000003,measured_success,555
303,ppo,1000303,2455,monoprotic,near,base,single,1,6.303,6.525,0.07586754392574015,0,0,,1,0,0,1,0,7,0,0.08669414720611535,0.48000000000000004,0.0,0.48000000000000004,6.438305852793885,6.44,measured_success,555
303,ppo,1000303,2456,diprotic,near,acid,separated,2,4.636,4.297,0.17428672195781406,0,0,,0,0,0,0,0,50,0,0.1504819296550961,3.000000000000002,3.000000000000002,0.0,4.447481929655096,4.45,max_steps,555
303,ppo,1000303,2457,monoprotic,medium,base,single,1,8.116,9.066,0.05120728232203398,0,0,,1,0,0,1,0,10,0,0.08054768085573549,0.6799999999999999,0.0,0.6799999999999999,8.985452319144265,8.99,measured_success,555
303,ppo,1000303,2458,triprotic,near,acid,separated,3,3.087,2.82,0.03744888553748274,0,0,,1,0,0,1,0,8,0,0.0828062603718247,0.7199999999999999,0.7199999999999999,0.0,2.9028062603718245,2.9,measured_success,555
303,ppo,1000303,2459,monoprotic,medium,base,single,1,2.649,4.127,0.07308788121572503,1,0,0.145,1,1,0,1,0,4,1,0.029425673284342757,4.61,0.09,4.5200000000000005,4.1564256732843425,4.16,measured_success,555
303,ppo,1000303,2460,diprotic,medium,acid,separated,2,4.199,2.467,0.03351024614216394,3,1,0.18,1,0,0,1,0,5,3,0.08357985818527647,9.81,5.66,4.15,2.3834201418147236,2.38,measured_success,555
303,ppo,1000303,2461,diprotic,far,base,separated,2,4.463,8.337,0.0991546037684679,44,41,0.01,0,0,0,0,0,50,44,0.37585566178223573,24.180000000000028,7.229999999999996,16.95000000000003,7.961144338217764,7.96,max_steps,555
303,ppo,1000303,2462,triprotic,near,base,separated,3,1.881,2.219,0.0853674276624711,0,0,,0,0,0,1,1,4,0,0.1031371841617017,1.97,0.0,1.97,2.115862815838298,2.12,measured_success,555
303,ppo,1000303,2463,diprotic,far,base,separated,2,5.209,7.894,0.038782791986686355,5,3,0.045,1,1,0,1,0,9,5,0.031867218057486824,15.76,4.91,10.85,7.925867218057487,7.930000000000001,measured_success,555
303,ppo,1000303,2464,monoprotic,far,base,single,1,2.56,5.834,0.03310766896298414,45,45,0.01,0,0,1,0,0,50,45,1.0328892519413024,16.67999999999999,7.359999999999996,9.319999999999993,6.866889251941302,6.87,max_steps,555
303,ppo,1000303,2465,monoprotic,near,acid,single,1,2.505,2.125,0.04258986723304951,2,0,0.22,1,1,0,1,0,3,2,0.006470787504487596,3.4800000000000004,2.45,1.03,2.1314707875044876,2.13,measured_success,555
303,ppo,1000303,2466,triprotic,far,base,separated,3,6.253,8.74,0.03268189394877079,46,43,0.01,0,0,1,0,0,50,46,0.6789633886717947,15.11999999999999,7.329999999999994,7.789999999999996,8.061036611328205,8.06,max_steps,555
303,ppo,1000303,2467,triprotic,medium,base,separated,3,6.616,8.271,0.07526052509157463,46,45,0.01,0,0,0,0,0,50,46,0.2006666815179301,13.859999999999992,6.759999999999995,7.099999999999996,8.07033331848207,8.07,max_steps,555
303,ppo,1000303,2468,diprotic,medium,base,separated,2,1.905,3.485,0.05027575276069153,0,0,,1,0,0,1,0,6,0,0.052918504692771595,10.8,0.0,10.8,3.4320814953072283,3.43,measured_success,555
303,ppo,1000303,2469,monoprotic,near,acid,single,1,8.584,7.895,0.09454370055032303,0,0,,0,0,0,0,0,50,0,0.3999109320568124,1.0000000000000004,1.0000000000000004,0.0,8.294910932056812,8.290000000000001,max_steps,555
303,ppo,1000303,2470,diprotic,far,base,separated,2,5.291,8.605,0.030989518771704066,46,43,0.01,0,0,0,0,0,50,46,0.4920664394267753,17.259999999999987,7.859999999999995,9.399999999999993,8.112933560573225,8.11,max_steps,555
303,ppo,1000303,2471,monoprotic,medium,acid,single,1,5.213,3.956,0.09193810868647431,2,1,0.1,1,1,0,1,0,3,2,0.026456186994087805,4.5200000000000005,4.32,0.2,3.9824561869940878,3.98,measured_success,555
303,ppo,1000303,2472,monoprotic,medium,acid,single,1,8.242,7.465,0.06792072999092068,0,0,,1,0,0,1,0,48,0,0.09795093705363911,0.9600000000000005,0.9600000000000005,0.0,7.562950937053639,7.5600000000000005,measured_success,555
303,ppo,1000303,2473,monoprotic,near,acid,single,1,5.491,5.097,0.07394580202229947,0,0,,1,0,0,1,0,14,0,0.07886305653740688,0.8000000000000003,0.8000000000000003,0.0,5.175863056537407,5.18,measured_success,555
303,ppo,1000303,2474,triprotic,medium,base,separated,3,5.88,7.079,0.09321469105284996,0,0,,1,1,0,1,0,4,0,0.025548885199000004,7.79,0.0,7.79,7.053451114801,7.05,measured_success,555
303,ppo,1000303,2475,diprotic,medium,base,separated,2,3.409,5.362,0.06921224635680896,0,0,,1,0,0,1,0,9,0,0.09646350105631285,6.419999999999999,0.0,6.419999999999999,5.265536498943687,5.2700000000000005,measured_success,555
303,ppo,1000303,2476,monoprotic,medium,acid,single,1,7.002,5.211,0.16342863458088389,3,0,0.145,1,1,0,1,0,5,2,0.0035608501201593867,10.0,9.41,0.59,5.21456085012016,5.21,measured_success,555
303,ppo,1000303,2477,diprotic,medium,base,separated,2,2.073,2.966,0.12722246281792557,0,0,,1,0,0,1,0,14,0,0.08218724308651204,9.800000000000002,0.0,9.800000000000002,2.883812756913488,2.88,measured_success,555
303,ppo,1000303,2478,triprotic,near,acid,separated,3,3.113,2.9,0.0685681092307554,0,0,,1,0,0,1,0,6,0,0.09324332529199308,0.5399999999999999,0.5399999999999999,0.0,2.993243325291993,2.99,measured_success,555
303,ppo,1000303,2479,monoprotic,near,base,single,1,8.687,9.258,0.04354368312209645,0,0,,1,0,0,1,0,31,0,0.09447457864732911,1.2600000000000007,0.0,1.2600000000000007,9.16352542135267,9.16,measured_success,555
303,ppo,1000303,2480,diprotic,medium,acid,overlapping,2,3.926,2.562,0.09801310552859822,0,0,,1,1,0,1,0,5,0,0.031933725527653056,11.380000000000003,11.380000000000003,0.0,2.593933725527653,2.59,measured_success,555
303,ppo,1000303,2481,diprotic,medium,base,separated,2,6.089,7.829,0.1069202211653443,6,1,0.015,1,0,0,1,0,11,6,0.05487053124140129,15.21,6.6000000000000005,8.61,7.7741294687585984,7.7700000000000005,measured_success,555
303,ppo,1000303,2482,monoprotic,far,base,single,1,7.645,10.177,0.07402899544211267,3,2,0.67,1,1,0,1,0,4,3,0.026624994322734352,13.059999999999999,5.699999999999999,7.359999999999999,10.203624994322734,10.200000000000001,measured_success,555
303,ppo,1000303,2483,diprotic,near,acid,separated,2,5.008,4.652,0.03209479828494071,0,0,,1,0,0,1,0,7,0,0.09428498049082368,0.38,0.38,0.0,4.746284980490824,4.75,measured_success,555
303,ppo,1000303,2484,monoprotic,near,acid,single,1,5.128,4.609,0.03865025320480111,1,1,1.03,1,1,0,1,0,2,1,0.027587054516006404,3.09,2.06,1.03,4.581412945483994,4.58,measured_success,555
303,ppo,1000303,2485,monoprotic,medium,base,single,1,4.202,5.087,0.09535073792967441,2,0,0.225,1,1,0,1,0,4,2,0.026981872215809943,6.04,0.45,5.59,5.06001812778419,5.0600000000000005,measured_success,555
303,ppo,1000303,2486,diprotic,near,acid,separated,2,3.553,3.165,0.030165793521946472,3,3,0.18,1,0,0,1,0,5,3,0.0671710071298195,4.35,2.42,1.93,3.0978289928701805,3.1,measured_success,555
303,ppo,1000303,2487,monoprotic,far,base,single,1,7.419,9.557,0.12938346321800565,5,1,0.045,1,0,0,1,0,8,5,0.05846481150502747,14.95,3.93,11.02,9.615464811505028,9.620000000000001,measured_success,555
303,ppo,1000303,2488,monoprotic,medium,base,single,1,5.904,7.324,0.08664266646093458,2,0,0.22,1,0,0,1,0,4,2,0.07131402725040736,8.38,0.44,7.94,7.2526859727495925,7.25,measured_success,555
303,ppo,1000303,2489,triprotic,far,acid,overlapping,3,3.807,1.732,0.10697637024480701,0,0,,1,0,0,1,0,11,0,0.09924936900822945,22.81,22.81,0.0,1.8312493690082294,1.83,measured_success,555
303,ppo,1000303,2490,monoprotic,medium,base,single,1,3.358,5.0,0.15214127181695672,3,2,0.145,1,0,0,1,0,7,3,0.06260688542521997,9.83,1.3,8.53,5.06260688542522,5.0600000000000005,measured_success,555
303,ppo,1000303,2491,monoprotic,far,acid,single,1,7.915,4.09,0.08107343325769374,9,7,0.01,1,0,0,1,0,13,9,0.08850467724450084,12.259999999999998,8.479999999999999,3.7800000000000002,4.001495322755499,4.0,measured_success,555
303,ppo,1000303,2492,monoprotic,near,acid,single,1,7.714,7.056,0.05043038363371577,0,0,,1,1,0,1,0,1,0,0.02800409158000594,2.06,2.06,0.0,7.084004091580006,7.08,measured_success,555
303,ppo,1000303,2493,monoprotic,medium,base,single,1,2.4,4.179,0.06567922700484483,5,1,0.045,1,0,0,1,0,8,5,0.06817388934966395,10.05,2.9699999999999998,7.08,4.247173889349664,4.25,measured_success,555
303,ppo,1000303,2494,monoprotic,near,base,single,1,5.113,5.411,0.046564174629594036,0,0,,1,0,0,1,0,5,0,0.09265498802755445,0.3,0.0,0.3,5.318345011972445,5.32,measured_success,555
303,ppo,1000303,2495,triprotic,far,base,overlapping,3,3.258,5.902,0.15507803095921968,3,2,0.015,1,1,0,1,0,9,3,0.044166491841637345,17.64,0.25,17.39,5.9461664918416375,5.95,measured_success,555
303,ppo,1000303,2496,monoprotic,medium,acid,single,1,4.247,2.915,0.14295589865793007,0,0,,1,0,0,1,0,6,0,0.07875675048994246,10.73,10.73,0.0,2.9937567504899425,2.99,measured_success,555
303,ppo,1000303,2497,monoprotic,medium,base,single,1,5.323,6.428,0.0453911383339017,5,3,0.015,1,0,0,1,0,9,5,0.07212741139030943,6.81,3.13,3.6799999999999997,6.500127411390309,6.5,measured_success,555
303,ppo,1000303,2498,triprotic,near,acid,separated,3,2.935,2.24,0.12350459818169168,0,0,,1,1,0,1,0,2,0,0.03893850878571303,3.66,3.66,0.0,2.2789385087857132,2.2800000000000002,measured_success,555
303,ppo,1000303,2499,monoprotic,near,base,single,1,4.246,4.898,0.045931520941164226,6,6,0.03,1,1,0,1,0,9,6,0.0188014121317579,5.75,2.7,3.05,4.879198587868242,4.88,measured_success,555
303,ppo,1000303,2500,diprotic,medium,acid,separated,2,3.514,2.116,0.03143775317896798,2,0,0.305,1,0,0,1,0,2,2,0.08724172462026258,4.59,3.98,0.61,2.2032417246202627,2.2,measured_success,555
303,ppo,1000303,2501,monoprotic,far,base,single,1,7.722,11.493,0.0433192208642659,2,0,1.38,1,1,0,1,0,2,2,0.04159135915977252,10.36,2.76,7.6,11.451408640840228,11.450000000000001,measured_success,555
303,ppo,1000303,2502,monoprotic,far,base,single,1,2.089,5.765,0.17006884097058828,4,2,0.075,1,1,0,1,0,12,4,0.015671941555083002,30.549999999999997,3.02,27.529999999999998,5.749328058444917,5.75,measured_success,555
303,ppo,1000303,2503,diprotic,far,acid,separated,2,4.771,2.705,0.08221673071608263,0,0,,1,0,0,1,0,6,0,0.06295544935171193,16.0,16.0,0.0,2.767955449351712,2.77,measured_success,555
303,ppo,1000303,2504,diprotic,medium,base,separated,2,6.033,7.593,0.06395990256636724,7,4,0.01,1,1,0,1,0,13,7,0.0064641857716409845,13.64,6.47,7.17,7.599464185771641,7.6000000000000005,measured_success,555
303,ppo,1000303,2505,monoprotic,medium,base,single,1,5.151,7.06,0.15856001257795416,3,2,0.225,1,0,0,1,0,6,3,0.050824474300104505,13.03,1.1400000000000001,11.889999999999999,7.110824474300104,7.11,measured_success,555
303,ppo,1000303,2506,triprotic,medium,acid,separated,3,3.116,2.241,0.036242651560519375,0,0,,1,0,0,1,0,1,0,0.08960044858941307,2.94,2.94,0.0,2.330600448589413,2.33,measured_success,555
303,ppo,1000303,2507,triprotic,medium,acid,separated,3,4.328,3.356,0.12568767518790677,0,0,,1,0,0,1,0,4,0,0.0821636487136459,7.390000000000001,7.390000000000001,0.0,3.4381636487136458,3.44,measured_success,555
303,ppo,1000303,2508,monoprotic,near,acid,single,1,2.46,1.974,0.03553892584422814,2,0,0.295,1,1,0,1,0,2,2,0.012617916943486351,3.04,2.45,0.59,1.9866179169434863,1.99,measured_success,555
303,ppo,1000303,2509,monoprotic,medium,acid,single,1,5.287,4.369,0.11547248070739968,1,0,1.63,0,0,0,1,1,2,1,0.1028618051790513,3.6599999999999997,3.26,0.4,4.2661381948209485,4.2700000000000005,measured_success,555
303,ppo,1000303,2510,monoprotic,medium,acid,single,1,7.253,5.53,0.03200715433858457,6,2,0.02,1,0,0,1,0,9,6,0.058212375415110706,11.8,6.51,5.290000000000001,5.588212375415111,5.59,measured_success,555
303,ppo,1000303,2511,monoprotic,medium,acid,single,1,4.609,3.579,0.05895462495534617,2,0,0.295,1,1,0,1,0,3,2,0.046939543274127526,5.25,3.24,2.01,3.6259395432741277,3.63,measured_success,555
303,ppo,1000303,2512,monoprotic,near,acid,single,1,3.913,3.438,0.03895740578821509,1,0,1.03,1,1,0,1,0,2,1,0.02462441153727868,2.65,2.06,0.59,3.4133755884627215,3.41,measured_success,555
303,ppo,1000303,2513,diprotic,medium,base,separated,2,4.341,6.239,0.15934129518375081,6,1,0.045,1,0,0,1,0,11,6,0.07222764890775846,15.200000000000001,6.42,8.780000000000001,6.166772351092241,6.17,measured_success,555
303,ppo,1000303,2514,triprotic,near,acid,separated,3,5.499,5.073,0.09943723394708585,0,0,,0,0,0,1,1,47,0,0.1011581580293619,2.300000000000001,2.300000000000001,0.0,5.174158158029362,5.17,measured_success,555
303,ppo,1000303,2515,triprotic,far,acid,separated,3,5.389,2.107,0.03217637878031238,0,0,,1,0,0,1,0,3,0,0.06354209716334935,10.64,10.64,0.0,2.1705420971633496,2.17,measured_success,555
303,ppo,1000303,2516,monoprotic,near,acid,single,1,6.402,5.891,0.044867068487684375,2,1,0.515,1,1,0,1,0,3,2,0.03792415585295217,3.54,2.5100000000000002,1.03,5.928924155852952,5.93,measured_success,555
303,ppo,1000303,2517,monoprotic,medium,acid,single,1,5.606,4.462,0.08968407718964504,0,0,,1,0,0,1,0,5,0,0.07461391384055993,4.51,4.51,0.0,4.53661391384056,4.54,measured_success,555
303,ppo,1000303,2518,monoprotic,near,acid,single,1,3.138,2.686,0.04697768473644993,1,0,1.225,1,1,0,1,0,3,1,0.019317637768518026,4.38,2.45,1.93,2.666682362231482,2.67,measured_success,555
303,ppo,1000303,2519,triprotic,medium,acid,separated,3,9.854,8.718,0.10167516971677273,0,0,,0,0,1,0,0,50,0,0.5187205686859109,1.2200000000000009,1.2200000000000009,0.0,9.23672056868591,9.24,max_steps,555
303,ppo,1000303,2520,monoprotic,far,acid,single,1,3.804,1.621,0.0593839087740723,0,0,,1,0,0,1,0,3,0,0.05452072309552092,8.89,8.89,0.0,1.675520723095521,1.68,measured_success,555
303,ppo,1000303,2521,diprotic,medium,base,separated,2,1.99,3.589,0.08608371872234358,0,0,,1,0,0,1,0,6,0,0.08616339771769832,10.950000000000001,0.0,10.950000000000001,3.5028366022823016,3.5,measured_success,555
303,ppo,1000303,2522,monoprotic,near,base,single,1,6.744,7.339,0.12026976049753316,0,0,,1,0,0,1,0,4,0,0.07130143686223533,4.34,0.0,4.34,7.267698563137765,7.2700000000000005,measured_success,555
303,ppo,1000303,2523,monoprotic,medium,base,single,1,7.112,8.123,0.13250494007612185,0,0,,1,0,0,1,0,33,0,0.08355467540910944,2.6900000000000013,0.0,2.6900000000000013,8.03944532459089,8.040000000000001,measured_success,555
303,ppo,1000303,2524,diprotic,near,acid,separated,2,5.823,5.472,0.031219057694324915,0,0,,0,0,0,1,1,10,0,0.10214941221771756,0.56,0.56,0.0,5.574149412217718,5.57,measured_success,555
303,ppo,1000303,2525,monoprotic,medium,base,single,1,5.585,7.437,0.0349153498791756,42,39,0.01,0,0,0,0,0,50,42,0.13515203642436635,14.969999999999992,7.139999999999994,7.829999999999997,7.301847963575634,7.3,max_steps,555
303,ppo,1000303,2526,monoprotic,far,acid,single,1,8.612,5.367,0.13758801263897394,8,5,0.01,1,0,0,1,0,34,8,0.05805074222563622,14.499999999999998,10.499999999999998,3.9999999999999996,5.425050742225636,5.43,measured_success,555
303,ppo,1000303,2527,monoprotic,near,acid,single,1,3.957,3.585,0.04325663030657871,0,0,,1,0,0,1,0,11,0,0.09522823036125594,0.6600000000000001,0.6600000000000001,0.0,3.680228230361256,3.68,measured_success,555
303,ppo,1000303,2528,diprotic,medium,base,separated,2,2.607,4.391,0.07099748895068313,2,0,0.045,1,1,0,1,0,3,2,0.02574742466119062,5.680000000000001,0.09,5.590000000000001,4.365252575338809,4.37,measured_success,555
303,ppo,1000303,2529,monoprotic,far,base,single,1,4.568,8.295,0.03651636124314803,43,42,0.01,0,0,0,0,0,50,43,0.25373040284337556,18.789999999999992,8.039999999999997,10.749999999999995,8.548730402843375,8.55,max_steps,555
303,ppo,1000303,2530,diprotic,near,acid,separated,2,3.36,2.81,0.12820505361846496,0,0,,1,0,0,1,0,9,0,0.0793013967968208,6.499999999999998,6.499999999999998,0.0,2.889301396796821,2.89,measured_success,555
303,ppo,1000303,2531,triprotic,far,base,separated,3,4.093,6.47,0.1671840666421005,0,0,,1,0,0,1,0,13,0,0.07820123365151499,25.049999999999994,0.0,25.049999999999994,6.391798766348485,6.390000000000001,measured_success,555
303,ppo,1000303,2532,monoprotic,near,acid,single,1,6.631,6.129,0.08197348976418628,1,1,1.03,1,0,0,1,0,2,1,0.07719240934984839,3.09,2.06,1.03,6.051807590650151,6.05,measured_success,555
303,ppo,1000303,2533,triprotic,near,base,separated,3,4.851,5.184,0.14480809834296854,0,0,,1,0,0,1,0,29,0,0.0936804555586166,1.740000000000001,0.0,1.740000000000001,5.090319544441384,5.09,measured_success,555
303,ppo,1000303,2534,triprotic,far,base,separated,3,6.078,9.183,0.044771397936652586,4,3,0.455,1,1,0,1,0,5,4,0.005362261689576542,14.73,5.48,9.25,9.177637738310423,9.18,measured_success,555
303,ppo,1000303,2535,monoprotic,near,acid,single,1,4.636,4.058,0.03853141328427569,2,2,0.225,1,0,0,1,0,4,2,0.05635547956180709,3.7600000000000002,2.2800000000000002,1.48,4.114355479561807,4.11,measured_success,555
303,ppo,1000303,2536,monoprotic,near,acid,single,1,6.34,6.027,0.03580370620069451,0,0,,1,0,0,1,0,13,0,0.07669004589353268,0.6000000000000001,0.6000000000000001,0.0,6.103690045893533,6.1000000000000005,measured_success,555
303,ppo,1000303,2537,monoprotic,medium,base,single,1,4.224,5.077,0.10233876792004373,0,0,,1,0,0,1,0,2,0,0.06016737937240002,3.55,0.0,3.55,5.0168326206276,5.0200000000000005,measured_success,555
303,ppo,1000303,2538,monoprotic,medium,base,single,1,4.943,6.213,0.11561730560870219,0,0,,1,0,0,1,0,3,0,0.07756534349522415,7.65,0.0,7.65,6.135434656504776,6.140000000000001,measured_success,555
303,ppo,1000303,2539,diprotic,far,acid,separated,2,4.506,1.74,0.030467246870712405,1,0,1.43,1,1,0,1,0,3,1,0.04494146011331135,10.32,10.32,0.0,1.6950585398866886,1.7,measured_success,555
303,ppo,1000303,2540,monoprotic,near,base,single,1,4.289,4.781,0.08402726922093119,0,0,,1,0,0,1,0,21,0,0.08661614474111534,1.5600000000000003,0.0,1.5600000000000003,4.694383855258884,4.69,measured_success,555
303,ppo,1000303,2541,diprotic,medium,acid,separated,2,5.702,4.999,0.12633529686542394,0,0,,1,0,0,1,0,4,0,0.050148538834521084,4.33,4.33,0.0,5.049148538834521,5.05,measured_success,555
303,ppo,1000303,2542,diprotic,medium,acid,overlapping,2,4.145,2.584,0.07361799230889181,2,1,0.22,1,1,0,1,0,6,2,0.017666803257085473,10.18,9.15,1.03,2.6016668032570855,2.6,measured_success,555
303,ppo,1000303,2543,diprotic,medium,base,separated,2,3.367,5.044,0.1079787847449611,6,2,0.045,1,1,0,1,0,7,6,0.0028130903827152665,9.98,3.11,6.87,5.041186909617284,5.04,measured_success,555
303,ppo,1000303,2544,diprotic,medium,acid,separated,2,2.951,1.895,0.0796827761882829,1,0,1.99,1,1,0,1,0,1,1,0.030779409202276398,3.98,3.98,0.0,1.8642205907977236,1.86,measured_success,555
303,ppo,1000303,2545,monoprotic,medium,acid,single,1,7.359,6.437,0.03205657390404592,4,1,0.065,1,0,0,1,0,5,4,0.05279536943486374,3.9600000000000004,2.8000000000000003,1.1600000000000001,6.489795369434864,6.49,measured_success,555
303,ppo,1000303,2546,monoprotic,near,acid,single,1,4.727,4.343,0.13113398555899836,0,0,,1,0,0,1,0,46,0,0.09759327996175138,2.760000000000002,2.760000000000002,0.0,4.440593279961751,4.44,measured_success,555
303,ppo,1000303,2547,diprotic,medium,base,separated,2,4.239,5.365,0.15658022443318326,0,0,,1,1,0,1,0,5,0,0.012744599619471941,8.24,0.0,8.24,5.352255400380528,5.3500000000000005,measured_success,555
303,ppo,1000303,2548,monoprotic,medium,base,single,1,3.087,4.549,0.03692024539656058,5,3,0.12,1,1,0,1,0,9,5,0.024782051916480974,10.59,4.44,6.15,4.573782051916481,4.57,measured_success,555
303,ppo,1000303,2549,triprotic,far,base,separated,3,7.821,9.914,0.08991949884355835,7,3,0.01,1,1,0,1,0,11,7,0.0046642981182447585,12.349999999999998,4.609999999999999,7.739999999999998,9.918664298118244,9.92,measured_success,555
303,ppo,1000303,2550,monoprotic,medium,acid,single,1,8.784,7.145,0.030117183323441668,2,2,0.515,1,0,0,1,0,39,2,0.0968643045370925,5.860000000000001,3.800000000000001,2.06,7.241864304537092,7.24,measured_success,555
303,ppo,1000303,2551,diprotic,medium,acid,separated,2,5.293,3.681,0.07004184938779794,0,0,,1,0,0,1,0,6,0,0.0596297802461363,9.83,9.83,0.0,3.7406297802461363,3.74,measured_success,555
303,ppo,1000303,2552,diprotic,medium,acid,overlapping,2,3.915,2.022,0.11360899249998742,1,0,2.65,1,1,0,1,0,5,1,0.044166155628862835,7.25,5.3,1.95,1.977833844371137,1.98,measured_success,555
303,ppo,1000303,2553,monoprotic,medium,base,single,1,3.953,5.627,0.1478021353287354,2,2,0.18,1,0,0,1,0,7,2,0.06747452078379457,12.110000000000001,0.98,11.13,5.559525479216205,5.5600000000000005,measured_success,555
303,ppo,1000303,2554,triprotic,near,acid,overlapping,3,4.856,4.201,0.10406955044736874,0,0,,1,0,0,1,0,18,0,0.09296527316530767,8.889999999999997,8.889999999999997,0.0,4.293965273165307,4.29,measured_success,555
303,ppo,1000303,2555,diprotic,far,base,overlapping,2,3.087,6.951,0.04595000123742306,3,2,0.225,1,0,0,1,0,6,3,0.062321483429593094,12.09,2.04,10.049999999999999,7.013321483429593,7.01,measured_success,555
303,ppo,1000303,2556,diprotic,near,acid,separated,2,6.189,5.547,0.08746201950189797,0,0,,1,0,0,1,0,4,0,0.06578858530243803,4.33,4.33,0.0,5.612788585302438,5.61,measured_success,555
303,ppo,1000303,2557,monoprotic,medium,base,single,1,3.295,4.961,0.07541496135493596,6,3,0.035,1,0,0,1,0,10,6,0.07728998210199123,12.89,5.300000000000001,7.590000000000001,4.883710017898009,4.88,measured_success,555
303,ppo,1000303,2558,diprotic,medium,acid,separated,2,5.825,4.624,0.13853912008941294,0,0,,1,0,0,1,0,6,0,0.08600877577879462,7.840000000000001,7.840000000000001,0.0,4.710008775778794,4.71,measured_success,555
303,ppo,1000303,2559,monoprotic,near,acid,single,1,6.603,5.941,0.04122270179127757,4,2,0.11,1,1,0,1,0,4,4,0.012087612946463544,3.7600000000000002,2.5100000000000002,1.25,5.953087612946463,5.95,measured_success,555
303,ppo,1000303,2560,triprotic,far,acid,separated,3,6.204,3.607,0.08070667343062535,1,0,0.605,1,1,0,1,0,4,1,0.03330124106349519,13.8,13.8,0.0,3.573698758936505,3.5700000000000003,measured_success,555
303,ppo,1000303,2561,monoprotic,near,base,single,1,6.07,6.693,0.12116927430827998,3,2,0.225,1,0,0,1,0,4,3,0.05010745315316356,3.7600000000000002,1.25,2.5100000000000002,6.743107453153163,6.74,measured_success,555
303,ppo,1000303,2562,monoprotic,far,acid,single,1,5.201,3.075,0.043744209027518556,4,2,0.295,1,0,0,1,0,5,4,0.05083323104901449,11.690000000000001,6.49,5.2,3.1258332310490147,3.13,measured_success,555
303,ppo,1000303,2563,monoprotic,medium,acid,single,1,7.311,6.031,0.06104898675563956,3,0,0.225,1,1,0,1,0,4,3,0.011040619798698081,7.41,6.2700000000000005,1.14,6.019959380201302,6.0200000000000005,measured_success,555
303,ppo,1000303,2564,monoprotic,far,acid,single,1,5.249,2.241,0.03049085161870227,1,0,3.425,1,0,0,1,0,7,1,0.0788743089293038,10.26,6.85,3.4099999999999997,2.1621256910706963,2.16,measured_success,555
303,ppo,1000303,2565,diprotic,far,acid,overlapping,2,4.927,1.757,0.05455640294744164,0,0,,1,0,0,1,0,5,0,0.05017038362531756,18.79,18.79,0.0,1.8071703836253175,1.81,measured_success,555
303,ppo,1000303,2566,monoprotic,medium,base,single,1,3.304,4.289,0.04124552374999809,4,2,0.145,1,0,0,1,0,5,4,0.09574988160207809,4.539999999999999,1.48,3.0599999999999996,4.193250118397922,4.19,measured_success,555
303,ppo,1000303,2567,triprotic,near,base,separated,3,5.645,6.026,0.14560349665307648,0,0,,0,0,0,0,0,50,0,0.19017884468197543,3.3199999999999985,0.0,3.3199999999999985,5.835821155318024,5.84,max_steps,555
303,ppo,1000303,2568,diprotic,medium,base,separated,2,3.765,4.986,0.06188539029822706,0,0,,1,0,0,1,0,5,0,0.0934433987655785,4.52,0.0,4.52,4.892556601234421,4.89,measured_success,555
303,ppo,1000303,2569,triprotic,near,base,separated,3,7.496,8.027,0.17604026249324226,0,0,,1,0,0,1,0,27,0,0.09740016596153644,1.620000000000001,0.0,1.620000000000001,7.929599834038463,7.930000000000001,measured_success,555
303,ppo,1000303,2570,monoprotic,medium,acid,single,1,4.978,3.103,0.1012634732855916,1,0,0.605,1,0,0,1,0,4,1,0.08482142526487157,8.95,8.36,0.59,3.0181785747351286,3.02,measured_success,555
303,ppo,1000303,2571,monoprotic,medium,base,single,1,4.58,5.436,0.039249599604361335,1,0,0.185,1,1,0,1,0,2,1,0.03350567453889575,2.68,0.0,2.68,5.469505674538896,5.47,measured_success,555
303,ppo,1000303,2572,diprotic,far,acid,separated,2,5.988,3.357,0.05051363279087312,3,1,0.145,1,1,0,1,0,4,3,0.028420075945565948,9.579999999999998,8.989999999999998,0.59,3.3285799240544343,3.33,measured_success,555
303,ppo,1000303,2573,diprotic,far,base,separated,2,4.014,7.02,0.06661172339639938,0,0,,1,0,0,1,0,5,0,0.05853069334986216,17.93,0.0,17.93,6.961469306650137,6.96,measured_success,555
303,ppo,1000303,2574,monoprotic,near,acid,single,1,3.205,2.812,0.08414875268397633,1,0,1.03,1,1,0,1,0,1,1,0.0413808919491534,2.06,2.06,0.0,2.7706191080508464,2.77,measured_success,555
303,ppo,1000303,2575,diprotic,medium,acid,separated,2,4.971,4.16,0.07740213314763712,1,0,1.63,1,0,0,1,0,1,1,0.05914110235486447,3.26,3.26,0.0,4.100858897645136,4.1,measured_success,555
303,ppo,1000303,2576,triprotic,medium,acid,separated,3,6.254,5.149,0.10729316188186291,0,0,,1,0,0,1,0,18,0,0.07681005483391434,12.80999999999999,12.80999999999999,0.0,5.225810054833914,5.23,measured_success,555
303,ppo,1000303,2577,triprotic,near,base,separated,3,3.112,3.317,0.04737560843046105,0,0,,1,0,0,1,0,4,0,0.07281769857657494,0.36,0.0,0.36,3.2441823014234252,3.24,measured_success,555
303,ppo,1000303,2578,monoprotic,near,acid,single,1,5.442,5.191,0.1378040725337449,0,0,,0,0,0,1,1,30,0,0.10082735757576788,1.8000000000000012,1.8000000000000012,0.0,5.291827357575768,5.29,measured_success,555
303,ppo,1000303,2579,monoprotic,near,acid,single,1,8.141,7.647,0.05290534721333213,0,0,,0,0,0,0,0,50,0,0.19125786642489118,1.0000000000000004,1.0000000000000004,0.0,7.838257866424891,7.84,max_steps,555
303,ppo,1000303,2580,diprotic,near,acid,separated,2,4.395,4.011,0.04359553073106207,0,0,,1,0,0,1,0,11,0,0.08182402636677022,0.6600000000000001,0.6600000000000001,0.0,4.09282402636677,4.09,measured_success,555
303,ppo,1000303,2581,triprotic,medium,acid,separated,3,4.369,3.54,0.03268747073631295,1,0,1.63,1,0,0,1,0,2,1,0.08502105765551349,3.6599999999999997,3.26,0.4,3.4549789423444865,3.45,measured_success,555
303,ppo,1000303,2582,diprotic,medium,base,overlapping,2,2.786,3.578,0.14222967653935248,0,0,,1,0,0,1,0,4,0,0.07034393286379137,5.39,0.0,5.39,3.5076560671362085,3.5100000000000002,measured_success,555
303,ppo,1000303,2583,monoprotic,medium,acid,single,1,7.77,6.004,0.13669703927460108,0,0,,0,0,0,1,1,11,0,0.10098516290931947,15.569999999999999,15.569999999999999,0.0,6.104985162909319,6.1000000000000005,measured_success,555
303,ppo,1000303,2584,diprotic,medium,acid,separated,2,5.013,3.19,0.03246053857443579,3,2,0.555,1,0,0,1,0,4,3,0.06530805907245663,9.18,6.41,2.7700000000000005,3.1246919409275433,3.12,measured_success,555
303,ppo,1000303,2585,diprotic,near,acid,separated,2,3.204,2.919,0.04830941160726473,0,0,,1,0,0,1,0,11,0,0.08373889904124576,0.9899999999999998,0.9899999999999998,0.0,3.002738899041246,3.0,measured_success,555
303,ppo,1000303,2586,triprotic,medium,acid,separated,3,4.721,3.655,0.08568216310670816,0,0,,1,0,0,1,0,9,0,0.08793189016676495,9.73,9.73,0.0,3.7429318901667648,3.74,measured_success,555
303,ppo,1000303,2587,diprotic,near,acid,separated,2,4.111,3.754,0.10407906786057589,0,0,,1,0,0,1,0,13,0,0.08241605048001377,0.7800000000000002,0.7800000000000002,0.0,3.8364160504800138,3.84,measured_success,555
303,ppo,1000303,2588,triprotic,medium,base,separated,3,5.35,6.4,0.037780288534722116,2,1,0.79,1,1,0,1,0,3,2,0.027132254875935402,5.2,1.58,3.62,6.372867745124065,6.37,measured_success,555
303,ppo,1000303,2589,triprotic,medium,base,separated,3,5.015,5.903,0.06889031054830792,0,0,,1,0,0,1,0,3,0,0.09461316304513101,5.87,0.0,5.87,5.808386836954869,5.8100000000000005,measured_success,555
303,ppo,1000303,2590,monoprotic,medium,base,single,1,5.965,7.401,0.11843302710231123,4,3,0.25,1,1,0,1,0,5,4,0.0038185636610368334,10.15,2.97,7.18,7.397181436338963,7.4,measured_success,555
303,ppo,1000303,2591,diprotic,near,acid,separated,2,3.557,3.094,0.1352702497443632,2,0,0.295,1,1,0,1,0,3,2,0.034955208238164115,3.86,3.27,0.59,3.128955208238164,3.13,measured_success,555
303,ppo,1000303,2592,monoprotic,medium,acid,single,1,4.159,2.486,0.1484309310019366,2,1,0.15,1,1,0,1,0,3,2,0.02919761542864885,6.21,5.91,0.3,2.515197615428649,2.52,measured_success,555
303,ppo,1000303,2593,triprotic,medium,base,separated,3,3.149,4.78,0.09486761600478186,0,0,,1,0,0,1,0,8,0,0.08186373643187306,13.199999999999998,0.0,13.199999999999998,4.698136263568127,4.7,measured_success,555
303,ppo,1000303,2594,monoprotic,near,acid,single,1,7.676,7.316,0.04611275221519468,0,0,,1,0,0,1,0,49,0,0.09830245489156209,0.9800000000000005,0.9800000000000005,0.0,7.414302454891562,7.41,measured_success,555
303,ppo,1000303,2595,monoprotic,medium,base,single,1,5.156,6.066,0.03987153775320212,5,3,0.04,1,1,0,1,0,8,5,0.02289567189288544,6.31,3.02,3.2899999999999996,6.088895671892885,6.09,measured_success,555
303,ppo,1000303,2596,monoprotic,far,base,single,1,7.61,10.57,0.11874160447640224,6,3,0.045,1,1,0,1,0,8,6,0.018617891952160903,12.369999999999997,3.4199999999999995,8.949999999999998,10.55138210804784,10.55,measured_success,555
303,ppo,1000303,2597,diprotic,medium,base,separated,2,4.214,6.009,0.10844478086644528,0,0,,1,0,0,1,0,4,0,0.07838162085638878,9.360000000000001,0.0,9.360000000000001,5.930618379143612,5.93,measured_success,555
303,ppo,1000303,2598,monoprotic,far,acid,single,1,5.463,2.585,0.10670815253906638,3,1,0.18,1,0,0,1,0,5,3,0.05819304385451396,11.57,7.21,4.36,2.526806956145486,2.5300000000000002,measured_success,555
303,ppo,1000303,2599,diprotic,medium,acid,separated,2,6.185,4.756,0.07964434978600918,1,0,0.925,1,1,0,1,0,2,1,0.033151634689293275,5.77,5.77,0.0,4.722848365310707,4.72,measured_success,555
303,ppo,1000303,2600,monoprotic,medium,base,single,1,9.145,9.882,0.037426470611948946,0,0,,1,1,0,1,0,10,0,0.033499799320663826,0.4000000000000001,0.0,0.4000000000000001,9.848500200679336,9.85,measured_success,555
303,ppo,1000303,2601,triprotic,near,base,separated,3,2.638,2.9,0.10175363721171138,0,0,,0,0,0,1,1,10,0,0.10062799256087773,0.8999999999999998,0.0,0.8999999999999998,2.799372007439122,2.8000000000000003,measured_success,555
303,ppo,1000303,2602,monoprotic,far,base,single,1,2.716,6.376,0.06604465864499792,48,44,0.01,0,0,1,0,0,50,48,0.656902932659956,16.11999999999999,5.969999999999995,10.149999999999995,5.719097067340044,5.72,max_steps,555
303,ppo,1000303,2603,triprotic,near,base,separated,3,2.296,2.619,0.10106020342702933,0,0,,1,0,0,1,0,6,0,0.07005925528282608,1.6400000000000001,0.0,1.6400000000000001,2.548940744717174,2.5500000000000003,measured_success,555
303,ppo,1000303,2604,monoprotic,far,acid,single,1,6.79,3.391,0.04838927998710097,6,4,0.045,1,0,0,1,0,11,6,0.07154462624245106,17.53,9.559999999999999,7.970000000000001,3.462544626242451,3.46,measured_success,555
303,ppo,1000303,2605,monoprotic,medium,acid,single,1,4.666,3.319,0.034156971982432324,5,3,0.045,1,0,0,1,0,8,5,0.0899437416833262,8.83,5.09,3.74,3.2290562583166738,3.23,measured_success,555
303,ppo,1000303,2606,monoprotic,near,acid,single,1,5.128,4.561,0.06563772481266263,0,0,,1,1,0,1,0,1,0,0.0212543183233862,2.06,2.06,0.0,4.582254318323386,4.58,measured_success,555
303,ppo,1000303,2607,monoprotic,medium,base,single,1,3.918,4.918,0.039055473533558524,3,1,0.145,1,1,0,1,0,4,3,0.023295023768114653,4.56,1.16,3.4,4.941295023768115,4.94,measured_success,555
303,ppo,1000303,2608,diprotic,near,base,separated,2,4.097,4.5,0.07319082060731553,0,0,,0,0,0,1,1,13,0,0.10175603784025355,0.99,0.0,0.99,4.3982439621597464,4.4,measured_success,555
303,ppo,1000303,2609,monoprotic,medium,base,single,1,3.929,5.055,0.042965047965106286,5,1,0.03,1,1,0,1,0,8,5,0.02197032341368832,7.289999999999999,2.94,4.35,5.076970323413688,5.08,measured_success,555
303,ppo,1000303,2610,monoprotic,far,base,single,1,4.957,8.252,0.12656505166263354,48,41,0.01,0,0,0,0,0,50,48,0.41521610839767753,15.009999999999991,5.129999999999996,9.879999999999995,7.836783891602323,7.84,max_steps,555
303,ppo,1000303,2611,triprotic,near,acid,separated,3,2.198,1.98,0.13272202887822485,1,0,1.43,1,1,0,1,0,1,1,0.008817113260610743,2.86,2.86,0.0,1.9711828867393892,1.97,measured_success,555
303,ppo,1000303,2612,diprotic,near,acid,separated,2,3.997,3.313,0.03197126845649045,2,1,0.295,1,0,0,1,0,4,2,0.0631940336140544,4.54,2.74,1.7999999999999998,3.3761940336140546,3.38,measured_success,555
303,ppo,1000303,2613,diprotic,medium,base,separated,2,6.905,7.857,0.10218177469984431,0,0,,1,0,0,1,0,25,0,0.059582696187566064,2.0500000000000007,0.0,2.0500000000000007,7.797417303812434,7.8,measured_success,555
303,ppo,1000303,2614,diprotic,near,base,separated,2,4.548,5.139,0.12027892465109213,0,0,,0,0,0,0,0,50,0,0.1469186973227954,3.7100000000000017,0.0,3.7100000000000017,4.992081302677205,4.99,max_steps,555
303,ppo,1000303,2615,diprotic,near,base,separated,2,6.333,6.679,0.11766573010194656,0,0,,1,0,0,1,0,27,0,0.09694502843930586,1.8600000000000012,0.0,1.8600000000000012,6.582054971560694,6.58,measured_success,555
303,ppo,1000303,2616,monoprotic,near,base,single,1,7.058,7.454,0.06570544519501943,0,0,,1,0,0,1,0,13,0,0.09157154161064174,0.7800000000000002,0.0,0.7800000000000002,7.362428458389358,7.36,measured_success,555
303,ppo,1000303,2617,monoprotic,medium,base,single,1,7.335,9.266,0.12880527822138776,2,1,0.415,1,0,0,1,0,6,2,0.0774852669073578,16.07,1.75,14.319999999999999,9.188514733092642,9.19,measured_success,555
303,ppo,1000303,2618,diprotic,medium,base,separated,2,1.997,3.983,0.056949319779106354,0,0,,1,0,0,1,0,1,0,0.090515839343007,5.36,0.0,5.36,3.892484160656993,3.89,measured_success,555
303,ppo,1000303,2619,triprotic,medium,acid,separated,3,7.358,5.565,0.15078105622779286,0,0,,1,0,0,1,0,7,0,0.07566811752831715,12.17,12.17,0.0,5.6406681175283175,5.64,measured_success,555
303,ppo,1000303,2620,diprotic,medium,acid,separated,2,6.533,4.903,0.03497690443346407,1,0,2.65,1,0,0,1,0,2,1,0.07905613390521982,7.52,5.3,2.22,4.82394386609478,4.82,measured_success,555
303,ppo,1000303,2621,monoprotic,far,base,single,1,6.569,9.718,0.03752421233573205,7,9,0.03,1,0,0,1,0,13,7,0.06082006324383116,17.810000000000002,8.39,9.42,9.778820063243831,9.78,measured_success,555
303,ppo,1000303,2622,diprotic,near,acid,separated,2,4.284,3.66,0.03335210062761966,0,0,,1,0,0,1,0,1,0,0.09152502872993207,2.06,2.06,0.0,3.751525028729932,3.75,measured_success,555
303,ppo,1000303,2623,triprotic,medium,base,separated,3,2.598,4.303,0.06470242752977753,0,0,,1,1,0,1,0,5,0,0.01115058812826053,6.460000000000001,0.0,6.460000000000001,4.291849411871739,4.29,measured_success,555
303,ppo,1000303,2624,monoprotic,medium,acid,single,1,5.878,4.202,0.09243346726104602,1,0,2.65,1,1,0,1,0,1,1,0.02286138543911953,5.3,5.3,0.0,4.17913861456088,4.18,measured_success,555
303,ppo,1000303,2625,diprotic,far,base,overlapping,2,4.078,6.119,0.07414759337884862,5,3,0.09,1,1,0,1,0,9,5,0.017180170986335952,15.34,6.47,8.87,6.136180170986336,6.140000000000001,measured_success,555
303,ppo,1000303,2626,triprotic,far,acid,separated,3,5.936,3.628,0.08578545255669287,0,0,,1,0,0,1,0,7,0,0.06222904294353615,12.56,12.56,0.0,3.6902290429435363,3.69,measured_success,555
303,ppo,1000303,2627,diprotic,far,acid,separated,2,4.594,1.837,0.1674622853785994,0,0,,1,1,0,1,0,4,0,0.041179175057490136,11.969999999999999,11.969999999999999,0.0,1.87817917505749,1.8800000000000001,measured_success,555
303,ppo,1000303,2628,diprotic,far,acid,overlapping,2,3.935,1.574,0.05616116524204863,0,0,,1,0,0,1,0,13,0,0.09451017143659901,21.909999999999997,21.909999999999997,0.0,1.668510171436599,1.67,measured_success,555
303,ppo,1000303,2629,triprotic,medium,acid,separated,3,3.004,1.871,0.08631727416738497,1,0,1.99,1,1,0,1,0,1,0,0.0002968071436115771,3.98,3.98,0.0,1.8712968071436116,1.87,measured_success,555
303,ppo,1000303,2630,monoprotic,medium,acid,single,1,6.083,4.396,0.1463618884502763,8,3,0.01,1,0,0,1,0,11,8,0.05024559947590834,13.64,7.7,5.94,4.446245599475908,4.45,measured_success,555
303,ppo,1000303,2631,diprotic,medium,base,separated,2,5.161,5.907,0.06578600751884035,0,0,,1,1,0,1,0,1,0,0.030065254723469437,2.45,0.0,2.45,5.876934745276531,5.88,measured_success,555
303,ppo,1000303,2632,diprotic,medium,base,separated,2,7.039,8.709,0.13031627736047505,5,4,0.03,1,1,0,1,0,10,5,0.0008217545014623795,14.45,6.2700000000000005,8.18,8.709821754501462,8.71,measured_success,555
303,ppo,1000303,2633,triprotic,near,acid,overlapping,3,3.284,3.057,0.10421193583292396,0,0,,1,0,0,1,0,15,0,0.09665934131550413,1.35,1.35,0.0,3.153659341315504,3.15,measured_success,555
303,ppo,1000303,2634,diprotic,medium,acid,separated,2,4.36,3.219,0.11274045865785921,0,0,,1,1,0,1,0,2,0,0.0037382377666603794,4.88,4.88,0.0,3.2227382377666602,3.22,measured_success,555
303,ppo,1000303,2635,triprotic,medium,acid,separated,3,7.145,5.428,0.15308263639892983,0,0,,1,0,0,1,0,23,0,0.09302690716992768,20.989999999999988,20.989999999999988,0.0,5.521026907169928,5.5200000000000005,measured_success,555
303,ppo,1000303,2636,triprotic,near,acid,separated,3,5.502,4.956,0.13189862244184095,0,0,,1,0,0,1,0,9,0,0.09803890260250103,5.82,5.82,0.0,5.054038902602501,5.05,measured_success,555
303,ppo,1000303,2637,monoprotic,near,base,single,1,7.273,7.766,0.10280442258180186,0,0,,1,0,0,1,0,29,0,0.09544313878439326,1.740000000000001,0.0,1.740000000000001,7.670556861215607,7.67,measured_success,555
303,ppo,1000303,2638,triprotic,medium,base,separated,3,7.251,8.467,0.17716980565972976,5,3,0.03,1,1,0,1,0,10,5,0.02762203369853289,9.899999999999999,4.59,5.309999999999999,8.494622033698533,8.49,measured_success,555
303,ppo,1000303,2639,monoprotic,far,base,single,1,5.593,7.747,0.07228466376605004,6,4,0.04,1,1,0,1,0,11,6,0.040504816907642294,14.35,6.819999999999999,7.53,7.706495183092358,7.71,measured_success,555
303,ppo,1000303,2640,triprotic,near,base,overlapping,3,4.879,5.553,0.048142587909956805,4,3,0.14,1,0,0,1,0,4,4,0.057880177119804976,4.31,1.43,2.88,5.495119822880195,5.5,measured_success,555
303,ppo,1000303,2641,diprotic,near,base,separated,2,4.305,4.726,0.0645124892355405,0,0,,1,0,0,1,0,21,0,0.08965673133630236,1.4700000000000004,0.0,1.4700000000000004,4.636343268663698,4.64,measured_success,555
303,ppo,1000303,2642,diprotic,medium,acid,separated,2,3.943,2.268,0.11344442073289347,0,0,,1,1,0,1,0,4,0,0.03849082545640048,11.149999999999999,11.149999999999999,0.0,2.3064908254564003,2.31,measured_success,555
303,ppo,1000303,2643,monoprotic,near,base,single,1,6.576,6.994,0.03626620988150081,0,0,,1,0,0,1,0,9,0,0.05251287844069097,0.5800000000000001,0.0,0.5800000000000001,6.941487121559309,6.94,measured_success,555
303,ppo,1000303,2644,diprotic,near,base,overlapping,2,2.094,2.597,0.03620151457374409,0,0,,1,0,0,1,0,4,0,0.07887865771141422,2.4,0.0,2.4,2.5181213422885858,2.52,measured_success,555
303,ppo,1000303,2645,diprotic,near,base,separated,2,7.205,7.88,0.05432591744683382,0,0,,1,1,0,1,0,5,0,0.022490500600865992,0.33,0.0,0.33,7.857509499399134,7.86,measured_success,555
303,ppo,1000303,2646,monoprotic,medium,base,single,1,5.891,7.685,0.09138686658230781,6,1,0.045,1,0,0,1,0,10,6,0.09958685854492888,14.11,6.289999999999999,7.82,7.585413141455071,7.59,measured_success,555
303,ppo,1000303,2647,diprotic,far,base,separated,2,1.732,5.613,0.1426571809917289,5,0,0.035,1,1,0,1,0,10,5,0.03997287123365734,24.37,1.71,22.66,5.652972871233658,5.65,measured_success,555
303,ppo,1000303,2648,triprotic,medium,base,separated,3,4.986,6.306,0.07108165661604915,1,0,0.925,1,1,0,1,0,3,1,0.009536419339769786,6.28,0.37,5.91,6.31553641933977,6.32,measured_success,555
303,ppo,1000303,2649,triprotic,medium,base,separated,3,4.207,4.92,0.07209460728981257,3,2,0.285,1,0,0,1,0,3,3,0.08571919118051419,4.029999999999999,1.15,2.88,5.005719191180514,5.01,measured_success,555
303,ppo,1000303,2650,diprotic,medium,base,separated,2,4.76,6.473,0.14403054431190454,0,0,,1,0,0,1,0,8,0,0.07587343827817339,16.44,0.0,16.44,6.3971265617218265,6.4,measured_success,555
303,ppo,1000303,2651,monoprotic,medium,acid,single,1,6.576,5.159,0.049019144188486755,1,0,0.145,1,1,0,1,0,4,1,0.0432147969964225,4.9,4.9,0.0,5.115785203003577,5.12,measured_success,555
303,ppo,1000303,2652,triprotic,medium,base,separated,3,2.101,3.414,0.04584245776414785,0,0,,1,0,0,1,0,2,0,0.0902428233727739,4.4399999999999995,0.0,4.4399999999999995,3.3237571766272263,3.3200000000000003,measured_success,555
303,ppo,1000303,2653,monoprotic,medium,base,single,1,7.044,8.437,0.0419844026916795,3,2,0.57,1,1,0,1,0,4,3,0.04195902988792888,9.129999999999999,3.04,6.09,8.478959029887928,8.48,measured_success,555
303,ppo,1000303,2654,diprotic,medium,acid,overlapping,2,3.757,2.403,0.05591669951128022,0,0,,1,0,0,1,0,2,0,0.08916734699160989,6.2,6.2,0.0,2.49216734699161,2.49,measured_success,555
303,ppo,1000303,2655,monoprotic,medium,base,single,1,3.835,5.142,0.1334658773957852,1,0,0.295,1,0,0,1,0,4,1,0.08932247217455558,8.14,0.0,8.14,5.231322472174556,5.23,measured_success,555
303,ppo,1000303,2656,monoprotic,near,acid,single,1,8.304,8.095,0.0358948635770698,0,0,,1,0,0,1,0,1,0,0.09799355398677712,0.02,0.02,0.0,8.192993553986778,8.19,measured_success,555
303,ppo,1000303,2657,triprotic,medium,base,separated,3,7.035,8.288,0.16656093536370808,3,3,0.525,1,1,0,1,0,4,3,0.03443500366701713,7.88,2.62,5.26,8.322435003667017,8.32,measured_success,555
303,ppo,1000303,2658,diprotic,near,base,separated,2,3.243,3.484,0.03316854137706736,0,0,,1,0,0,1,0,7,0,0.08163536930067306,0.6299999999999999,0.0,0.6299999999999999,3.402364630699327,3.4,measured_success,555
303,ppo,1000303,2659,diprotic,medium,base,overlapping,2,4.205,5.761,0.049295773594548675,0,0,,1,0,0,1,0,7,0,0.06420994772895217,10.61,0.0,10.61,5.696790052271048,5.7,measured_success,555
303,ppo,1000303,2660,monoprotic,far,acid,single,1,7.097,3.307,0.08014398585383964,3,1,0.605,0,0,0,1,1,3,3,0.10173790759332979,11.41,8.99,2.42,3.20526209240667,3.21,measured_success,555
303,ppo,1000303,2661,monoprotic,medium,acid,single,1,7.419,6.515,0.14164486021308617,0,0,,1,0,0,1,0,9,0,0.08371914843197192,5.68,5.68,0.0,6.598719148431972,6.6000000000000005,measured_success,555
303,ppo,1000303,2662,diprotic,medium,acid,separated,2,3.549,2.626,0.11632139060591067,0,0,,1,0,0,1,0,3,0,0.09280580820633988,6.670000000000001,6.670000000000001,0.0,2.7188058082063398,2.72,measured_success,555
303,ppo,1000303,2663,monoprotic,near,base,single,1,8.57,8.948,0.09906438639001913,0,0,,0,0,0,0,0,50,0,0.11652748181868589,1.0000000000000004,0.0,1.0000000000000004,8.831472518181315,8.83,max_steps,555
303,ppo,1000303,2664,monoprotic,medium,base,single,1,7.195,8.684,0.1488242960651908,0,0,,1,0,0,1,0,6,0,0.08590323074199979,10.790000000000001,0.0,10.790000000000001,8.598096769258,8.6,measured_success,555
303,ppo,1000303,2665,monoprotic,medium,base,single,1,4.51,6.143,0.05438612703310673,3,1,0.625,1,1,0,1,0,4,3,0.010768026920223939,10.11,3.17,6.94,6.153768026920224,6.15,measured_success,555
303,ppo,1000303,2666,diprotic,far,base,separated,2,5.659,9.194,0.042430970409466466,9,6,0.01,1,0,0,1,0,13,9,0.06101622338850454,16.669999999999998,7.249999999999999,9.419999999999998,9.255016223388505,9.26,measured_success,555
303,ppo,1000303,2667,triprotic,medium,acid,separated,3,5.358,3.967,0.03036231343482352,3,3,0.49,1,1,0,1,0,4,3,0.025273198791764262,7.3500000000000005,4.9,2.45,3.941726801208236,3.94,measured_success,555
303,ppo,1000303,2668,triprotic,medium,acid,separated,3,6.012,4.138,0.13051739253834907,0,0,,1,0,0,1,0,22,0,0.09097353155591215,26.799999999999994,26.799999999999994,0.0,4.228973531555912,4.23,measured_success,555
303,ppo,1000303,2669,triprotic,medium,acid,separated,3,5.85,3.956,0.0887083397145314,0,0,,1,0,0,1,0,12,0,0.08896073682022942,15.969999999999999,15.969999999999999,0.0,4.044960736820229,4.04,measured_success,555
303,ppo,1000303,2670,triprotic,near,acid,separated,3,5.229,4.912,0.08264379727323695,0,0,,0,0,0,1,1,38,0,0.10118365473079027,2.2400000000000015,2.2400000000000015,0.0,5.01318365473079,5.01,measured_success,555
303,ppo,1000303,2671,monoprotic,medium,acid,single,1,7.073,6.032,0.10605558166535416,1,0,0.58,1,1,0,1,0,4,1,0.03397534822295967,3.9399999999999995,3.2199999999999998,0.72,5.99802465177704,6.0,measured_success,555
303,ppo,1000303,2672,triprotic,near,acid,separated,3,2.434,2.141,0.12183861655050128,1,0,1.38,1,1,0,1,0,1,0,0.0005920520541291552,2.76,2.76,0.0,2.141592052054129,2.14,measured_success,555
303,ppo,1000303,2673,triprotic,medium,base,separated,3,3.657,5.212,0.03589352431349688,0,0,,1,1,0,1,0,1,0,0.017704846428252097,4.0,0.0,4.0,5.194295153571748,5.19,measured_success,555
303,ppo,1000303,2674,monoprotic,near,base,single,1,8.757,9.041,0.057586377562179596,0,0,,1,0,0,1,0,21,0,0.09516216943068301,0.4200000000000001,0.0,0.4200000000000001,8.945837830569317,8.950000000000001,measured_success,555
303,ppo,1000303,2675,monoprotic,near,acid,single,1,2.36,1.665,0.1757723837133711,0,0,,1,0,0,1,0,7,0,0.08809101210047388,7.06,7.06,0.0,1.753091012100474,1.75,measured_success,555
303,ppo,1000303,2676,triprotic,medium,acid,separated,3,8.355,6.848,0.0521556138989786,0,0,,1,0,0,1,0,18,0,0.07832837435265194,2.5700000000000003,2.5700000000000003,0.0,6.926328374352652,6.93,measured_success,555
303,ppo,1000303,2677,monoprotic,medium,acid,single,1,5.787,4.193,0.16544086363845179,0,0,,1,1,0,1,0,1,0,0.040055572346274104,5.3,5.3,0.0,4.233055572346274,4.23,measured_success,555
303,ppo,1000303,2678,diprotic,near,acid,separated,2,4.365,3.967,0.1344333783606068,0,0,,0,0,0,0,0,50,0,0.21243408342091508,3.000000000000002,3.000000000000002,0.0,4.179434083420915,4.18,max_steps,555
303,ppo,1000303,2679,diprotic,medium,base,separated,2,6.014,7.803,0.07262850968873416,5,1,0.13,1,1,0,1,0,9,5,0.028964577428664207,15.0,6.569999999999999,8.43,7.831964577428664,7.83,measured_success,555
303,ppo,1000303,2680,diprotic,far,base,separated,2,2.707,6.686,0.12096445739411492,3,1,0.225,1,1,0,1,0,6,3,0.025705415764468498,18.67,1.1,17.57,6.711705415764468,6.71,measured_success,555
303,ppo,1000303,2681,monoprotic,near,base,single,1,3.955,4.592,0.11747303083223963,0,0,,1,0,0,1,0,4,0,0.0766482155383903,4.43,0.0,4.43,4.515351784461609,4.5200000000000005,measured_success,555
303,ppo,1000303,2682,monoprotic,near,base,single,1,5.099,5.505,0.03387918176687909,0,0,,1,0,0,1,0,5,0,0.08118478153695019,0.3,0.0,0.3,5.42381521846305,5.42,measured_success,555
303,ppo,1000303,2683,monoprotic,medium,base,single,1,2.518,4.24,0.08835380672895925,0,0,,1,0,0,1,0,2,0,0.09089067272572393,5.590000000000001,0.0,5.590000000000001,4.149109327274276,4.15,measured_success,555
303,ppo,1000303,2684,monoprotic,medium,acid,single,1,8.085,7.098,0.03015383274118093,3,2,0.22,1,1,0,1,0,8,3,0.02381303463069795,3.87,2.62,1.25,7.074186965369302,7.07,measured_success,555
303,ppo,1000303,2685,triprotic,medium,base,separated,3,5.439,6.252,0.17606698039540655,0,0,,1,0,0,1,0,9,0,0.07634918775413002,9.849999999999998,0.0,9.849999999999998,6.17565081224587,6.18,measured_success,555
303,ppo,1000303,2686,diprotic,near,acid,separated,2,3.618,3.356,0.04200235585931865,0,0,,1,0,0,1,0,10,0,0.08139230085408045,0.8699999999999998,0.8699999999999998,0.0,3.4373923008540803,3.44,measured_success,555
303,ppo,1000303,2687,diprotic,near,acid,separated,2,2.996,2.671,0.038551289703995614,2,2,0.295,1,1,0,1,0,4,2,0.04333602543701209,3.97,2.35,1.62,2.714336025437012,2.71,measured_success,555
303,ppo,1000303,2688,monoprotic,near,acid,single,1,5.492,5.086,0.0905074177674334,0,0,,1,0,0,1,0,33,0,0.09151807398724188,1.8600000000000012,1.8600000000000012,0.0,5.177518073987242,5.18,measured_success,555
303,ppo,1000303,2689,diprotic,far,base,separated,2,3.987,6.398,0.070782705557317,0,0,,1,1,0,1,0,4,0,0.024413581307655363,12.469999999999999,0.0,12.469999999999999,6.373586418692344,6.37,measured_success,555
303,ppo,1000303,2690,diprotic,medium,acid,separated,2,3.456,1.699,0.07199824241289637,0,0,,1,0,0,1,0,9,0,0.09544685878171122,12.64,12.64,0.0,1.7944468587817113,1.79,measured_success,555
303,ppo,1000303,2691,monoprotic,far,base,single,1,7.977,10.147,0.04704602669048376,6,2,0.02,1,1,0,1,0,8,6,0.017593465166692468,11.95,4.35,7.6,10.129406534833308,10.13,measured_success,555
303,ppo,1000303,2692,triprotic,medium,acid,separated,3,4.601,3.639,0.08068667360575958,0,0,,1,0,0,1,0,7,0,0.08072619418977345,8.450000000000001,8.450000000000001,0.0,3.7197261941897732,3.72,measured_success,555
303,ppo,1000303,2693,diprotic,medium,base,separated,2,2.546,3.983,0.0949393736851595,0,0,,1,0,0,1,0,4,0,0.06870011950724253,8.22,0.0,8.22,3.9142998804927576,3.91,measured_success,555
303,ppo,1000303,2694,diprotic,near,base,separated,2,3.639,3.963,0.03672646864319966,0,0,,1,0,0,1,0,5,0,0.057823242845527645,0.41999999999999993,0.0,0.41999999999999993,3.9051767571544724,3.91,measured_success,555
303,ppo,1000303,2695,monoprotic,near,base,single,1,7.241,7.743,0.030363913049772342,0,0,,1,1,0,1,0,9,0,0.030296927400161877,0.54,0.0,0.54,7.7127030725998384,7.71,measured_success,555
303,ppo,1000303,2696,diprotic,far,base,separated,2,2.286,4.472,0.04069039878079974,0,0,,1,1,0,1,0,1,0,0.013737150335045634,5.69,0.0,5.69,4.458262849664955,4.46,measured_success,555
303,ppo,1000303,2697,diprotic,near,acid,separated,2,5.857,5.357,0.1739901337502323,0,0,,1,0,0,1,0,10,0,0.07774140105060479,6.07,6.07,0.0,5.434741401050605,5.43,measured_success,555
303,ppo,1000303,2698,diprotic,medium,acid,separated,2,4.638,2.686,0.17169142286044,0,0,,1,0,0,1,0,13,0,0.09662195182368816,16.2,16.2,0.0,2.782621951823688,2.7800000000000002,measured_success,555
303,ppo,1000303,2699,triprotic,far,base,overlapping,3,3.028,5.507,0.04173455018274534,2,1,0.51,1,1,0,1,0,6,2,0.043005115154214124,16.46,1.02,15.440000000000001,5.4639948848457855,5.46,measured_success,555
303,ppo,1000303,2700,monoprotic,near,acid,single,1,5.728,5.321,0.043800333779951975,0,0,,0,0,0,1,1,10,0,0.10107871602266272,0.52,0.52,0.0,5.4220787160226624,5.42,measured_success,555
303,ppo,1000303,2701,monoprotic,near,acid,single,1,5.993,5.419,0.09517990159034197,4,2,0.045,1,1,0,1,0,6,4,0.01961756172760243,4.95,2.8000000000000003,2.15,5.438617561727602,5.44,measured_success,555
303,ppo,1000303,2702,diprotic,medium,base,overlapping,2,1.874,2.809,0.1083833482964214,0,0,,1,0,0,1,0,12,0,0.07897702808036122,10.15,0.0,10.15,2.730022971919639,2.73,measured_success,555
303,ppo,1000303,2703,monoprotic,far,acid,single,1,5.887,2.826,0.05922931136192804,4,2,0.155,1,0,0,1,0,6,4,0.08371553287861344,11.19,8.11,3.0800000000000005,2.9097155328786135,2.91,measured_success,555
303,ppo,1000303,2704,diprotic,near,acid,separated,2,2.768,2.204,0.13972560884783378,0,0,,1,0,0,1,0,2,0,0.051743253597581695,3.66,3.66,0.0,2.255743253597582,2.2600000000000002,measured_success,555
303,ppo,1000303,2705,monoprotic,near,acid,single,1,4.339,3.665,0.04273959821254868,1,0,1.03,1,0,0,1,0,1,1,0.05174014869488275,2.06,2.06,0.0,3.6132598513051173,3.61,measured_success,555
303,ppo,1000303,2706,monoprotic,near,acid,single,1,7.513,7.233,0.0910189085028919,0,0,,1,0,0,1,0,24,0,0.0939017685289647,0.48000000000000015,0.48000000000000015,0.0,7.326901768528964,7.33,measured_success,555
303,ppo,1000303,2707,monoprotic,medium,acid,single,1,5.608,4.761,0.11494882866396464,0,0,,1,1,0,1,0,4,0,0.04920870927134313,4.37,4.37,0.0,4.810208709271343,4.8100000000000005,measured_success,555
303,ppo,1000303,2708,monoprotic,near,base,single,1,3.607,4.278,0.054901557862652384,3,3,0.185,1,0,0,1,0,6,3,0.08698495616643154,5.73,2.48,3.25,4.364984956166431,4.36,measured_success,555
303,ppo,1000303,2709,triprotic,near,base,separated,3,3.191,3.4,0.058005358668236244,0,0,,1,0,0,1,0,4,0,0.07143778934813527,0.36,0.0,0.36,3.3285622106518646,3.33,measured_success,555
303,ppo,1000303,2710,diprotic,medium,base,separated,2,3.657,4.673,0.0727173266204561,1,0,0.295,1,1,0,1,0,3,1,0.01078274917751365,4.359999999999999,0.0,4.359999999999999,4.683782749177514,4.68,measured_success,555
303,ppo,1000303,2711,triprotic,medium,base,overlapping,3,2.949,4.844,0.09978585044860716,2,1,0.31,1,1,0,1,0,10,2,0.016115193154271346,26.63,0.62,26.009999999999998,4.827884806845729,4.83,measured_success,555
303,ppo,1000303,2712,diprotic,medium,acid,separated,2,4.592,2.682,0.1516655784084065,0,0,,1,0,0,1,0,8,0,0.09508753143628779,15.670000000000003,15.670000000000003,0.0,2.7770875314362877,2.7800000000000002,measured_success,555
303,ppo,1000303,2713,diprotic,near,acid,separated,2,4.632,4.331,0.05570892977095207,0,0,,1,0,0,1,0,11,0,0.09906826619346365,0.6600000000000001,0.6600000000000001,0.0,4.430068266193464,4.43,measured_success,555
303,ppo,1000303,2714,monoprotic,medium,acid,single,1,6.794,5.246,0.0788854184473706,4,2,0.11,1,1,0,1,0,5,4,0.013720931449928031,8.74,7.6000000000000005,1.1400000000000001,5.2597209314499285,5.26,measured_success,555
303,ppo,1000303,2715,monoprotic,near,acid,single,1,5.403,4.71,0.10313411994142402,3,1,0.145,1,0,0,1,0,4,3,0.09919304466011969,3.83,2.8000000000000003,1.03,4.61080695533988,4.61,measured_success,555
303,ppo,1000303,2716,diprotic,medium,base,separated,2,2.642,4.076,0.08871330201646843,0,0,,1,0,0,1,0,1,0,0.08688687348483448,4.0,0.0,4.0,3.989113126515165,3.99,measured_success,555
303,ppo,1000303,2717,diprotic,near,acid,overlapping,2,2.447,1.861,0.0322900694220261,1,0,1.225,1,1,0,1,0,1,0,0.00394861643755573,2.45,2.45,0.0,1.8649486164375557,1.86,measured_success,555
303,ppo,1000303,2718,diprotic,near,acid,separated,2,5.049,4.655,0.04235187681629722,0,0,,1,0,0,1,0,8,0,0.07879039098604057,0.44,0.44,0.0,4.733790390986041,4.73,measured_success,555
303,ppo,1000303,2719,triprotic,near,acid,separated,3,4.883,4.563,0.10232296722854381,0,0,,1,0,0,1,0,28,0,0.09898284718422001,1.680000000000001,1.680000000000001,0.0,4.66198284718422,4.66,measured_success,555
303,ppo,1000303,2720,monoprotic,medium,acid,single,1,6.751,5.039,0.08993156336553705,0,0,,1,0,0,1,0,5,0,0.06725267054930306,6.57,6.57,0.0,5.106252670549303,5.11,measured_success,555
303,ppo,1000303,2721,triprotic,medium,acid,separated,3,5.598,4.322,0.06393676743464168,2,0,0.295,1,1,0,1,0,3,2,0.025295244396221328,5.25,4.66,0.59,4.347295244396221,4.3500000000000005,measured_success,555
303,ppo,1000303,2722,monoprotic,medium,acid,single,1,7.378,5.844,0.03651026504182066,4,3,0.11,1,0,0,1,0,9,4,0.06750187484619641,12.530000000000001,7.38,5.15,5.911501874846197,5.91,measured_success,555
303,ppo,1000303,2723,monoprotic,near,acid,single,1,8.212,7.748,0.17998820002017443,0,0,,0,0,0,0,0,50,0,0.25635013929093464,1.0000000000000004,1.0000000000000004,0.0,8.004350139290935,8.0,max_steps,555
303,ppo,1000303,2724,diprotic,medium,base,separated,2,3.296,4.945,0.06531948616569458,2,1,1.03,1,1,0,1,0,4,2,0.01321349245371728,8.68,2.29,6.390000000000001,4.931786507546283,4.93,measured_success,555
303,ppo,1000303,2725,monoprotic,near,acid,single,1,6.513,6.104,0.04511945690224811,1,0,0.01,1,1,0,1,0,4,1,0.014602272396936122,0.08,0.08,0.0,6.089397727603064,6.09,measured_success,555
303,ppo,1000303,2726,monoprotic,medium,base,single,1,2.54,4.183,0.13990746507811047,3,2,0.145,1,1,0,1,0,6,3,0.045153902492700126,10.249999999999998,1.02,9.229999999999999,4.2281539024927,4.23,measured_success,555
303,ppo,1000303,2727,diprotic,near,base,separated,2,4.699,5.084,0.15196043774181786,0,0,,1,0,0,1,0,27,0,0.09618349681143101,1.620000000000001,0.0,1.620000000000001,4.987816503188569,4.99,measured_success,555
303,ppo,1000303,2728,monoprotic,medium,acid,single,1,3.484,1.828,0.031773014996782874,0,0,,1,1,0,1,0,2,0,0.027514296962098728,5.91,5.91,0.0,1.8555142969620988,1.86,measured_success,555
303,ppo,1000303,2729,triprotic,medium,base,separated,3,2.025,3.16,0.04265827825229821,0,0,,1,1,0,1,0,2,0,0.029999107913256218,4.4399999999999995,0.0,4.4399999999999995,3.130000892086744,3.13,measured_success,555
303,ppo,1000303,2730,diprotic,medium,acid,separated,2,3.771,2.525,0.1185691957902169,0,0,,1,0,0,1,0,2,0,0.06307078361817053,6.2,6.2,0.0,2.5880707836181704,2.59,measured_success,555
303,ppo,1000303,2731,triprotic,medium,acid,separated,3,4.178,2.72,0.07747581968739846,1,0,0.71,1,0,0,1,0,2,1,0.06860595545829229,5.4,5.4,0.0,2.651394044541708,2.65,measured_success,555
303,ppo,1000303,2732,monoprotic,near,acid,single,1,8.541,7.996,0.03752421146769012,0,0,,1,0,0,1,0,23,0,0.09483637540480849,0.46000000000000013,0.46000000000000013,0.0,8.090836375404809,8.09,measured_success,555
303,ppo,1000303,2733,monoprotic,medium,acid,single,1,6.306,5.038,0.03845269141403922,8,7,0.01,1,1,0,1,0,10,8,0.0025856498638408,8.66,4.6,4.06,5.040585649863841,5.04,measured_success,555
303,ppo,1000303,2734,triprotic,near,base,separated,3,5.187,5.789,0.1234937581898922,0,0,,1,0,0,1,0,13,0,0.0875906939008928,7.61,0.0,7.61,5.701409306099107,5.7,measured_success,555
303,ppo,1000303,2735,monoprotic,near,acid,single,1,3.118,2.694,0.13551771249730926,1,0,0.605,1,1,0,1,0,3,2,0.0007501090065833438,4.25,3.66,0.59,2.6947501090065833,2.69,measured_success,555
303,ppo,1000303,2736,monoprotic,near,base,single,1,8.372,8.876,0.05676334671873171,0,0,,1,0,0,1,0,43,0,0.09685549717129938,1.9800000000000013,0.0,1.9800000000000013,8.7791445028287,8.78,measured_success,555
303,ppo,1000303,2737,monoprotic,medium,base,single,1,8.21,9.664,0.09384158987876952,2,1,0.46,1,0,0,1,0,3,2,0.07050668994229703,8.07,0.92,7.15,9.593493310057703,9.59,measured_success,555
303,ppo,1000303,2738,diprotic,far,base,separated,2,6.832,9.081,0.16343755380481934,43,39,0.01,0,0,0,0,0,50,43,0.14785510362263565,15.689999999999992,7.679999999999996,8.009999999999996,9.228855103622635,9.23,max_steps,555
303,ppo,1000303,2739,monoprotic,far,base,single,1,6.562,9.172,0.034455273152519054,43,45,0.01,0,0,0,0,0,50,43,0.4449906381179112,18.89999999999999,9.379999999999994,9.519999999999998,9.616990638117912,9.620000000000001,max_steps,555
303,ppo,1000303,2740,monoprotic,near,acid,single,1,6.04,5.603,0.06756244260259471,0,0,,1,0,0,1,0,19,0,0.08276585645119106,0.8600000000000003,0.8600000000000003,0.0,5.685765856451191,5.69,measured_success,555
303,ppo,1000303,2741,monoprotic,medium,acid,single,1,5.482,4.107,0.030840153470979986,5,4,0.12,1,1,0,1,0,5,5,0.02023095684571441,7.590000000000001,5.140000000000001,2.45,4.086769043154286,4.09,measured_success,555
303,ppo,1000303,2742,diprotic,medium,acid,separated,2,5.858,4.84,0.13484053655545136,0,0,,1,0,0,1,0,6,0,0.09334753204004897,4.819999999999999,4.819999999999999,0.0,4.933347532040049,4.93,measured_success,555
303,ppo,1000303,2743,triprotic,far,base,separated,3,2.033,5.793,0.05125413111535747,0,0,,1,0,0,1,0,26,0,0.06530492507303531,10.000000000000004,0.0,10.000000000000004,5.727695074926965,5.73,measured_success,555
303,ppo,1000303,2744,triprotic,medium,base,separated,3,5.013,6.223,0.08505113530724141,0,0,,1,1,0,1,0,2,0,0.005731719810795788,5.73,0.0,5.73,6.217268280189204,6.22,measured_success,555
303,ppo,1000303,2745,triprotic,medium,acid,overlapping,3,4.027,2.902,0.07892375799349909,0,0,,1,0,0,1,0,7,0,0.07312852633320777,10.480000000000002,10.480000000000002,0.0,2.975128526333208,2.98,measured_success,555
303,ppo,1000303,2746,monoprotic,medium,acid,single,1,8.087,6.136,0.17011510069847066,3,2,0.045,1,1,0,1,0,7,3,0.031492768264123505,12.770000000000001,11.170000000000002,1.5999999999999999,6.104507231735877,6.1000000000000005,measured_success,555
303,ppo,1000303,2747,diprotic,medium,base,separated,2,2.915,4.87,0.042719391254002634,0,0,,1,0,0,1,0,23,0,0.09116722466537741,7.409999999999994,0.0,7.409999999999994,4.778832775334623,4.78,measured_success,555
303,ppo,1000303,2748,diprotic,medium,acid,separated,2,4.762,2.871,0.08817628781071754,1,0,0.36,1,1,0,1,0,4,1,0.04588675026020406,9.780000000000001,9.780000000000001,0.0,2.825113249739796,2.83,measured_success,555
303,ppo,1000303,2749,triprotic,near,acid,separated,3,3.472,3.028,0.050584814035462396,2,0,0.295,1,1,0,1,0,2,2,0.03622349136342029,2.65,2.06,0.59,3.0642234913634203,3.06,measured_success,555
303,ppo,1000303,2750,monoprotic,near,acid,single,1,3.819,3.406,0.07896489650119866,0,0,,1,1,0,1,0,1,0,0.0429415300988647,2.06,2.06,0.0,3.448941530098865,3.45,measured_success,555
303,ppo,1000303,2751,monoprotic,far,acid,single,1,6.34,3.059,0.039150800444177146,2,0,0.225,1,1,0,1,0,7,2,0.04689211993036135,13.420000000000002,8.16,5.260000000000001,3.1058921199303615,3.11,measured_success,555
303,ppo,1000303,2752,monoprotic,near,acid,single,1,8.444,8.096,0.08225897031260716,0,0,,1,0,0,1,0,39,0,0.09854115474048086,0.7800000000000004,0.7800000000000004,0.0,8.194541154740481,8.19,measured_success,555
303,ppo,1000303,2753,monoprotic,medium,acid,single,1,6.404,5.355,0.11679986143755842,6,3,0.015,1,0,0,1,0,9,6,0.058821157624166176,7.98,4.19,3.7899999999999996,5.413821157624167,5.41,measured_success,555
303,ppo,1000303,2754,triprotic,near,base,overlapping,3,3.357,3.797,0.049105721822787475,0,0,,1,0,0,1,0,26,0,0.09707680727495971,2.3400000000000003,0.0,2.3400000000000003,3.6999231927250404,3.7,measured_success,555
303,ppo,1000303,2755,diprotic,near,base,separated,2,5.041,5.516,0.13702372531442028,0,0,,1,0,0,1,0,42,0,0.09742687255896954,2.620000000000002,0.0,2.620000000000002,5.4185731274410305,5.42,measured_success,555
303,ppo,1000303,2756,diprotic,medium,acid,separated,2,5.216,3.647,0.030092074792322458,3,0,0.225,1,0,0,1,0,4,3,0.07563681271190204,9.21,5.75,3.46,3.5713631872880978,3.5700000000000003,measured_success,555
303,ppo,1000303,2757,monoprotic,medium,base,single,1,5.344,6.309,0.15216660076988767,2,1,0.09,1,1,0,1,0,3,2,0.023086458401878396,3.72,0.18,3.54,6.285913541598122,6.29,measured_success,555
303,ppo,1000303,2758,diprotic,far,base,separated,2,5.522,8.039,0.054198073796357014,9,5,0.01,1,0,0,1,0,15,9,0.08208813639997636,15.369999999999997,7.1899999999999995,8.179999999999998,8.121088136399976,8.120000000000001,measured_success,555
303,ppo,1000303,2759,monoprotic,medium,base,single,1,3.775,4.647,0.14560791464830372,0,0,,1,0,0,1,0,8,0,0.07860577912108013,6.590000000000001,0.0,6.590000000000001,4.56839422087892,4.57,measured_success,555
303,ppo,1000303,2760,monoprotic,medium,base,single,1,3.399,4.389,0.13748223780202956,2,2,0.335,1,0,0,1,0,5,2,0.08699105607036106,4.84,1.8599999999999999,2.98,4.302008943929639,4.3,measured_success,555
303,ppo,1000303,2761,monoprotic,near,base,single,1,3.621,4.279,0.07034156734344431,1,0,1.155,1,0,0,1,0,1,1,0.0777120064230612,2.31,0.0,2.31,4.356712006423061,4.36,measured_success,555
303,ppo,1000303,2762,triprotic,far,acid,separated,3,6.618,2.94,0.15082539433869485,1,0,0.36,1,1,0,1,0,7,1,0.010029580657684445,20.78,20.78,0.0,2.9299704193423155,2.93,measured_success,555
303,ppo,1000303,2763,diprotic,near,base,separated,2,2.774,3.428,0.035129515755655635,3,2,0.285,1,1,0,1,0,3,3,0.015418139616127036,4.029999999999999,1.15,2.88,3.443418139616127,3.44,measured_success,555
303,ppo,1000303,2764,triprotic,near,acid,separated,3,5.653,4.998,0.14333071540219192,0,0,,1,0,0,1,0,15,0,0.09396604477176762,8.53,8.53,0.0,5.091966044771768,5.09,measured_success,555
303,ppo,1000303,2765,diprotic,near,base,separated,2,6.028,6.497,0.17560286030093453,0,0,,1,0,0,1,0,46,0,0.09630345875076074,3.2899999999999983,0.0,3.2899999999999983,6.400696541249239,6.4,measured_success,555
303,ppo,1000303,2766,triprotic,medium,base,separated,3,3.603,4.696,0.07467248417250441,0,0,,1,0,0,1,0,5,0,0.08580911879632502,7.17,0.0,7.17,4.610190881203675,4.61,measured_success,555
303,ppo,1000303,2767,monoprotic,medium,base,single,1,4.985,6.591,0.09663647415771807,2,1,0.225,1,1,0,1,0,5,2,0.03347748408083984,9.440000000000001,0.45,8.990000000000002,6.55752251591916,6.5600000000000005,measured_success,555
303,ppo,1000303,2768,monoprotic,near,base,single,1,3.746,4.245,0.0671119804513444,0,0,,1,0,0,1,0,10,0,0.09854628596086723,0.8699999999999999,0.0,0.8699999999999999,4.146453714039133,4.15,measured_success,555
303,ppo,1000303,2769,triprotic,medium,base,separated,3,5.328,6.076,0.06236637212914943,1,0,0.57,1,0,0,1,0,2,1,0.088049490167875,3.59,0.0,3.59,6.164049490167875,6.16,measured_success,555
303,ppo,1000303,2770,triprotic,far,base,separated,3,4.885,8.519,0.05204227629141511,3,1,0.225,1,0,0,1,0,5,3,0.08873554831501984,14.54,0.92,13.62,8.60773554831502,8.61,measured_success,555
303,ppo,1000303,2771,triprotic,far,acid,separated,3,4.63,2.4,0.0917484120950699,0,0,,1,0,0,1,0,3,0,0.07498904624232727,10.92,10.92,0.0,2.474989046242327,2.47,measured_success,555
303,ppo,1000303,2772,diprotic,medium,acid,separated,2,4.18,2.616,0.09668025763429584,0,0,,1,0,0,1,0,9,0,0.08684187039025248,13.24,13.24,0.0,2.7028418703902526,2.7,measured_success,555
303,ppo,1000303,2773,triprotic,far,acid,separated,3,5.02,1.624,0.05830583748528928,0,0,,1,0,0,1,0,9,0,0.09767041692748979,16.259999999999998,16.259999999999998,0.0,1.72167041692749,1.72,measured_success,555
303,ppo,1000303,2774,triprotic,medium,base,separated,3,1.682,2.677,0.17851883649850764,0,0,,1,0,0,1,0,11,0,0.09818881438394333,9.280000000000001,0.0,9.280000000000001,2.5788111856160567,2.58,measured_success,555
303,ppo,1000303,2775,triprotic,far,acid,separated,3,6.244,3.28,0.08522298645904604,0,0,,1,1,0,1,0,5,0,0.016957713169512,16.400000000000002,16.400000000000002,0.0,3.296957713169512,3.3000000000000003,measured_success,555
303,ppo,1000303,2776,monoprotic,medium,acid,single,1,5.93,3.977,0.14210836716432215,7,5,0.015,1,1,0,1,0,10,7,0.038227120591458164,12.08,6.71,5.37,3.9387728794085417,3.94,measured_success,555
303,ppo,1000303,2777,diprotic,medium,base,separated,2,2.942,3.748,0.16447830448427087,0,0,,1,0,0,1,0,6,0,0.08577831603729713,5.64,0.0,5.64,3.662221683962703,3.66,measured_success,555
303,ppo,1000303,2778,monoprotic,medium,base,single,1,5.11,5.966,0.10189475313667722,0,0,,1,1,0,1,0,4,0,0.04723371203842763,6.38,0.0,6.38,5.918766287961573,5.92,measured_success,555
303,ppo,1000303,2779,diprotic,medium,acid,separated,2,4.264,3.347,0.06933202628313584,2,0,0.22,1,1,0,1,0,3,2,0.02908247840190681,4.29,3.24,1.05,3.376082478401907,3.38,measured_success,555
303,ppo,1000303,2780,diprotic,far,acid,separated,2,4.912,1.799,0.04855467043005328,1,0,3.425,1,1,0,1,0,1,1,0.018773118748099726,6.85,6.85,0.0,1.7802268812519002,1.78,measured_success,555
303,ppo,1000303,2781,monoprotic,medium,acid,single,1,5.13,4.145,0.036495648752224184,2,2,0.225,1,1,0,1,0,5,2,0.03949053228529564,5.620000000000001,3.5500000000000003,2.0700000000000003,4.184490532285295,4.18,measured_success,555
303,ppo,1000303,2782,monoprotic,medium,acid,single,1,6.974,5.808,0.04954495965562844,2,1,0.2,1,0,0,1,0,3,2,0.05674020777203381,3.8400000000000003,3.4400000000000004,0.4,5.864740207772034,5.86,measured_success,555
303,ppo,1000303,2783,triprotic,medium,base,separated,3,7.105,8.535,0.04823998498547408,5,5,0.1,1,1,0,1,0,9,5,0.022752485854763194,13.86,6.21,7.65,8.557752485854763,8.56,measured_success,555
303,ppo,1000303,2784,triprotic,near,base,separated,3,5.324,5.994,0.13091511029291192,0,0,,1,1,0,1,0,1,0,0.03236877915900216,2.06,0.0,2.06,5.961631220840998,5.96,measured_success,555
303,ppo,1000303,2785,triprotic,far,base,overlapping,3,1.595,4.573,0.057399929399079945,4,2,0.235,1,1,0,1,0,9,4,0.015780672722263134,20.09,2.8599999999999994,17.23,4.557219327277737,4.5600000000000005,measured_success,555
303,ppo,1000303,2786,monoprotic,medium,acid,single,1,5.939,3.951,0.06561255502298954,2,1,0.185,1,1,0,1,0,5,2,0.03927280814547052,9.33,8.36,0.97,3.9902728081454706,3.99,measured_success,555
303,ppo,1000303,2787,diprotic,near,base,separated,2,6.298,6.736,0.1145471411391822,0,0,,1,0,0,1,0,42,0,0.09425284926330679,2.7799999999999994,0.0,2.7799999999999994,6.641747150736693,6.640000000000001,measured_success,555
303,ppo,1000303,2788,monoprotic,near,acid,single,1,3.122,2.596,0.09810276463698182,0,0,,1,0,0,1,0,1,0,0.05605975658304896,2.45,2.45,0.0,2.652059756583049,2.65,measured_success,555
303,ppo,1000303,2789,triprotic,near,acid,overlapping,3,3.256,2.817,0.07778347928858084,0,0,,1,0,0,1,0,6,0,0.08068548007985044,5.4399999999999995,5.4399999999999995,0.0,2.8976854800798506,2.9,measured_success,555
303,ppo,1000303,2790,diprotic,far,base,separated,2,4.474,7.67,0.05059580582493802,44,42,0.01,0,0,0,0,0,50,44,0.14143020445014365,19.31999999999999,8.179999999999994,11.139999999999995,7.528569795549856,7.53,max_steps,555
303,ppo,1000303,2791,diprotic,near,acid,separated,2,2.958,2.524,0.0696491105501915,1,0,1.225,1,1,0,1,0,1,1,0.009873930025402267,2.45,2.45,0.0,2.5141260699745978,2.5100000000000002,measured_success,555
303,ppo,1000303,2792,monoprotic,far,acid,single,1,5.161,2.001,0.16598925996600833,1,0,1.7,1,1,0,1,0,3,1,0.040459328101934755,15.27,15.27,0.0,1.9605406718980651,1.96,measured_success,555
303,ppo,1000303,2793,triprotic,near,base,separated,3,2.271,2.946,0.07523435188667413,0,0,,1,0,0,1,0,5,0,0.08689970223464938,4.74,0.0,4.74,2.859100297765351,2.86,measured_success,555
303,ppo,1000303,2794,monoprotic,near,base,single,1,3.58,4.083,0.0320665206622446,1,0,0.045,1,0,0,1,0,5,1,0.07495356351726556,0.44999999999999996,0.0,0.44999999999999996,4.157953563517266,4.16,measured_success,555
303,ppo,1000303,2795,monoprotic,medium,base,single,1,6.092,7.497,0.1531996885985083,4,2,0.22,1,1,0,1,0,8,4,0.013435335459348607,10.23,2.75,7.4799999999999995,7.483564664540651,7.48,measured_success,555
303,ppo,1000303,2796,monoprotic,medium,acid,single,1,5.98,4.949,0.038055140993054744,3,1,0.225,0,0,0,1,1,3,3,0.1019807808500115,5.34,3.71,1.63,4.847019219149988,4.8500000000000005,measured_success,555
303,ppo,1000303,2797,diprotic,far,base,separated,2,2.459,5.209,0.0568027642030545,4,1,0.235,1,0,0,1,0,5,4,0.06301580752434255,13.899999999999999,2.3899999999999997,11.51,5.145984192475657,5.15,measured_success,555
303,ppo,1000303,2798,triprotic,near,acid,separated,3,6.038,5.625,0.10387837186015898,0,0,,0,0,0,0,0,50,0,0.14979986077284302,2.3600000000000017,2.3600000000000017,0.0,5.774799860772843,5.7700000000000005,max_steps,555
303,ppo,1000303,2799,triprotic,far,base,separated,3,5.176,7.783,0.06475399076146968,5,1,0.13,1,0,0,1,0,8,5,0.0665378984295879,13.07,3.8999999999999995,9.17,7.849537898429588,7.8500000000000005,measured_success,555
303,ppo,1000303,2800,triprotic,far,acid,separated,3,4.78,2.063,0.04857406336709445,0,0,,1,0,0,1,0,3,0,0.062211002951806815,9.91,9.91,0.0,2.125211002951807,2.13,measured_success,555
303,ppo,1000303,2801,monoprotic,medium,acid,single,1,6.217,5.453,0.0856808700950122,1,0,1.03,1,1,0,1,0,2,1,0.014170412137027633,2.71,2.06,0.65,5.438829587862973,5.44,measured_success,555
303,ppo,1000303,2802,monoprotic,medium,base,single,1,4.636,6.086,0.04419988597896936,6,2,0.02,1,0,0,1,0,8,6,0.09289340832107662,8.9,3.82,5.08,5.993106591678924,5.99,measured_success,555
303,ppo,1000303,2803,triprotic,near,acid,separated,3,7.282,6.973,0.060719815913531774,0,0,,0,0,0,1,1,32,0,0.10001303673604145,0.6400000000000002,0.6400000000000002,0.0,7.073013036736041,7.07,measured_success,555
303,ppo,1000303,2804,monoprotic,far,acid,single,1,7.314,3.761,0.03864214418387491,7,4,0.02,1,1,0,1,0,12,7,0.02674097993030422,17.729999999999997,9.27,8.459999999999999,3.734259020069696,3.73,measured_success,555
303,ppo,1000303,2805,diprotic,medium,acid,separated,2,3.4,1.54,0.0673922334995074,0,0,,1,0,0,1,0,10,0,0.08989787452471854,13.99,13.99,0.0,1.6298978745247186,1.6300000000000001,measured_success,555
303,ppo,1000303,2806,diprotic,medium,acid,separated,2,3.404,1.515,0.05221557939111149,0,0,,1,1,0,1,0,3,0,0.049484886289819174,8.93,8.93,0.0,1.564484886289819,1.56,measured_success,555
303,ppo,1000303,2807,diprotic,medium,base,overlapping,2,3.71,5.707,0.06266993322143813,7,5,0.02,1,0,0,1,0,11,7,0.08594283695054461,12.64,5.6899999999999995,6.950000000000001,5.7929428369505445,5.79,measured_success,555
303,ppo,1000303,2808,triprotic,medium,acid,separated,3,5.323,3.747,0.16654379919925627,0,0,,1,0,0,1,0,13,0,0.08398779676294943,17.799999999999997,17.799999999999997,0.0,3.8309877967629493,3.83,measured_success,555
303,ppo,1000303,2809,triprotic,far,base,separated,3,6.389,8.409,0.11161386941224719,4,3,0.045,0,0,0,1,1,8,4,0.10201437041458838,10.16,2.13,8.030000000000001,8.306985629585412,8.31,measured_success,555
303,ppo,1000303,2810,monoprotic,near,acid,single,1,3.07,2.649,0.034702510481186895,2,0,0.605,1,1,0,1,0,2,1,0.003763472500951437,3.66,2.45,1.21,2.6452365274990486,2.65,measured_success,555
303,ppo,1000303,2811,monoprotic,near,base,single,1,6.113,6.525,0.16591483884550032,0,0,,0,0,0,0,0,50,0,0.1274436003774202,3.379999999999998,0.0,3.379999999999998,6.39755639962258,6.4,max_steps,555
303,ppo,1000303,2812,triprotic,far,acid,overlapping,3,5.438,2.798,0.0666610067335468,0,0,,1,0,0,1,0,7,0,0.05622438090994475,20.23,20.23,0.0,2.854224380909945,2.85,measured_success,555
303,ppo,1000303,2813,triprotic,near,acid,separated,3,2.613,2.148,0.15850362529440706,0,0,,1,0,0,1,0,6,0,0.08624857333694402,5.4399999999999995,5.4399999999999995,0.0,2.234248573336944,2.23,measured_success,555
303,ppo,1000303,2814,diprotic,medium,acid,separated,2,2.386,1.661,0.03029792010384339,0,0,,1,1,0,1,0,1,0,0.010600930643736906,2.45,2.45,0.0,1.671600930643737,1.67,measured_success,555
303,ppo,1000303,2815,triprotic,near,acid,separated,3,8.831,8.426,0.16573417970220003,0,0,,1,0,0,1,0,20,0,0.09449200301992455,0.4000000000000001,0.4000000000000001,0.0,8.520492003019925,8.52,measured_success,555
303,ppo,1000303,2816,diprotic,near,base,separated,2,4.925,5.399,0.053254641186288525,0,0,,0,0,0,1,1,20,0,0.10356998794945316,1.2000000000000006,0.0,1.2000000000000006,5.295430012050547,5.3,measured_success,555
303,ppo,1000303,2817,diprotic,medium,base,separated,2,4.894,6.751,0.03933054898493325,8,6,0.01,1,1,0,1,0,12,8,0.004085735083701358,13.439999999999998,6.0699999999999985,7.37,6.746914264916299,6.75,measured_success,555
303,ppo,1000303,2818,diprotic,medium,base,separated,2,4.737,5.569,0.13113835483154412,0,0,,1,1,0,1,0,3,0,0.012367517651472149,4.28,0.0,4.28,5.556632482348528,5.5600000000000005,measured_success,555
303,ppo,1000303,2819,monoprotic,near,acid,single,1,4.754,4.173,0.06467902607142598,2,0,0.325,1,0,0,1,0,2,2,0.0966801082295703,2.71,2.06,0.65,4.26968010822957,4.2700000000000005,measured_success,555
303,ppo,1000303,2820,diprotic,near,acid,overlapping,2,4.31,3.808,0.09188137103009969,1,0,0.605,1,0,0,1,0,2,1,0.05022729537765791,3.27,3.27,0.0,3.757772704622342,3.7600000000000002,measured_success,555
303,ppo,1000303,2821,monoprotic,medium,base,single,1,8.324,10.249,0.06914299979501753,6,1,0.02,1,0,0,1,0,8,6,0.05821537550316869,10.69,3.8,6.89,10.190784624496832,10.19,measured_success,555
303,ppo,1000303,2822,monoprotic,medium,acid,single,1,8.506,7.284,0.10039787059443121,0,0,,0,0,1,0,0,50,0,0.9225771281046873,1.500000000000001,1.500000000000001,0.0,8.206577128104687,8.21,max_steps,555
303,ppo,1000303,2823,diprotic,medium,base,separated,2,3.122,4.599,0.0913403526331019,0,0,,1,0,0,1,0,3,0,0.056280658106828696,7.550000000000001,0.0,7.550000000000001,4.5427193418931715,4.54,measured_success,555
303,ppo,1000303,2824,monoprotic,near,base,single,1,7.061,7.425,0.0518887336215653,0,0,,1,0,0,1,0,17,0,0.08484778662334325,1.0200000000000005,0.0,1.0200000000000005,7.340152213376657,7.34,measured_success,555
303,ppo,1000303,2825,monoprotic,far,acid,single,1,7.918,4.508,0.16029089032431296,7,6,0.015,1,0,0,1,0,12,7,0.08483400331344892,15.939999999999998,13.489999999999998,2.4499999999999993,4.423165996686551,4.42,measured_success,555
303,ppo,1000303,2826,monoprotic,near,acid,single,1,8.912,8.256,0.05424144298218163,0,0,,0,0,0,0,0,50,0,0.2615970728015178,1.0000000000000004,1.0000000000000004,0.0,8.517597072801518,8.52,max_steps,555
303,ppo,1000303,2827,monoprotic,medium,base,single,1,8.141,9.632,0.03547757421712483,5,5,0.1,1,1,0,1,0,11,5,0.04952310729517073,13.94,6.289999999999999,7.65,9.68152310729517,9.68,measured_success,555
303,ppo,1000303,2828,diprotic,medium,base,separated,2,2.562,4.428,0.06792788685041617,3,1,0.11,1,1,0,1,0,6,3,0.036112359164289565,11.7,0.45,11.25,4.4641123591642895,4.46,measured_success,555
303,ppo,1000303,2829,monoprotic,medium,acid,single,1,3.509,1.545,0.07317618315947078,0,0,,1,0,0,1,0,4,0,0.0843145303565116,9.24,9.24,0.0,1.6293145303565115,1.6300000000000001,measured_success,555
303,ppo,1000303,2830,triprotic,far,base,separated,3,3.738,6.552,0.03712702145441529,1,0,3.33,1,0,0,1,0,2,1,0.08858295657952198,6.890000000000001,0.23,6.66,6.640582956579522,6.640000000000001,measured_success,555
303,ppo,1000303,2831,diprotic,far,base,separated,2,3.891,6.284,0.09063865858670919,2,0,0.18,1,0,0,1,0,5,2,0.07690245292202125,10.42,0.91,9.51,6.207097547077979,6.21,measured_success,555
303,ppo,1000303,2832,triprotic,medium,base,separated,3,3.048,3.893,0.09003452219054267,0,0,,1,1,0,1,0,2,0,0.008024517606908255,3.62,0.0,3.62,3.8849754823930915,3.88,measured_success,555
303,ppo,1000303,2833,triprotic,medium,base,separated,3,4.299,5.051,0.03348206672972389,2,0,0.185,1,1,0,1,0,2,2,0.04762064659330001,2.68,0.37,2.31,5.0033793534067,5.0,measured_success,555
303,ppo,1000303,2834,monoprotic,near,base,single,1,2.211,2.597,0.03311267692387539,0,0,,1,1,0,1,0,3,0,0.029920140403663087,1.3800000000000001,0.0,1.3800000000000001,2.567079859596337,2.57,measured_success,555
303,ppo,1000303,2835,monoprotic,far,base,single,1,6.158,8.665,0.0355728552182807,6,2,0.045,1,0,0,1,0,9,6,0.09093413950069618,15.739999999999998,6.949999999999999,8.79,8.574065860499303,8.57,measured_success,555
303,ppo,1000303,2836,triprotic,near,base,overlapping,3,3.704,4.333,0.08009788061939407,0,0,,1,0,0,1,0,22,0,0.09660136171873823,11.54999999999999,0.0,11.54999999999999,4.236398638281262,4.24,measured_success,555
303,ppo,1000303,2837,triprotic,medium,acid,separated,3,3.695,1.732,0.10850450440488893,0,0,,1,0,0,1,0,10,0,0.0893693328738141,13.110000000000001,13.110000000000001,0.0,1.821369332873814,1.82,measured_success,555
303,ppo,1000303,2838,monoprotic,near,base,single,1,7.934,8.166,0.16036693468665308,0,0,,0,0,0,0,0,50,0,0.11317245631950357,1.0000000000000004,0.0,1.0000000000000004,8.052827543680497,8.05,max_steps,555
303,ppo,1000303,2839,diprotic,near,base,overlapping,2,3.781,4.328,0.08532201017912588,0,0,,0,0,0,0,0,50,0,0.24296399473071073,4.499999999999997,0.0,4.499999999999997,4.08503600526929,4.09,max_steps,555
303,ppo,1000303,2840,diprotic,medium,acid,separated,2,3.288,1.818,0.10319284070274395,0,0,,1,1,0,1,0,2,0,0.03841728306826031,5.4,5.4,0.0,1.8564172830682604,1.86,measured_success,555
303,ppo,1000303,2841,monoprotic,medium,base,single,1,1.847,2.578,0.09485589788824554,0,0,,1,0,0,1,0,4,0,0.06404024316207524,4.3,0.0,4.3,2.5139597568379246,2.5100000000000002,measured_success,555
303,ppo,1000303,2842,diprotic,medium,base,separated,2,2.628,3.771,0.07094098651869922,0,0,,1,0,0,1,0,3,0,0.05034591517990794,4.75,0.0,4.75,3.720654084820092,3.72,measured_success,555
303,ppo,1000303,2843,triprotic,medium,acid,separated,3,4.33,2.986,0.04882861623889104,1,0,0.82,1,1,0,1,0,2,1,0.03236668834652745,5.56,5.56,0.0,2.9536333116534728,2.95,measured_success,555
303,ppo,1000303,2844,monoprotic,medium,acid,single,1,2.834,1.882,0.09192547204530685,0,0,,1,1,0,1,0,3,0,0.010859121517336812,6.37,6.37,0.0,1.8928591215173367,1.8900000000000001,measured_success,555
303,ppo,1000303,2845,monoprotic,near,acid,single,1,4.24,3.831,0.10024603257717465,0,0,,1,0,0,1,0,13,0,0.09346519510018991,0.7800000000000002,0.7800000000000002,0.0,3.92446519510019,3.92,measured_success,555
303,ppo,1000303,2846,monoprotic,near,base,single,1,8.149,8.48,0.07334949632834391,0,0,,1,0,0,1,0,9,0,0.06958650698675939,0.5,0.0,0.5,8.410413493013241,8.41,measured_success,555
303,ppo,1000303,2847,triprotic,near,base,overlapping,3,3.725,4.25,0.031194247299780466,0,0,,0,0,0,1,1,36,0,0.10144194947571172,3.09,0.0,3.09,4.148558050524288,4.15,measured_success,555
303,ppo,1000303,2848,diprotic,medium,acid,separated,2,6.244,5.042,0.16128273057379025,0,0,,0,0,0,1,1,7,0,0.10011858554016584,9.32,9.32,0.0,5.142118585540166,5.14,measured_success,555
303,ppo,1000303,2849,monoprotic,near,acid,single,1,7.614,7.073,0.07210711006313274,0,0,,0,0,0,0,0,50,0,0.171026102367005,1.0000000000000004,1.0000000000000004,0.0,7.244026102367005,7.24,max_steps,555
303,ppo,1000303,2850,monoprotic,medium,base,single,1,2.243,3.459,0.03939169138193957,0,0,,1,1,0,1,0,1,0,0.01767538921524059,3.02,0.0,3.02,3.4413246107847595,3.44,measured_success,555
303,ppo,1000303,2851,monoprotic,far,acid,single,1,4.383,2.378,0.06707682057142662,2,0,0.605,1,0,0,1,0,3,2,0.06433618668002605,8.73,5.3,3.43,2.442336186680026,2.44,measured_success,555
303,ppo,1000303,2852,monoprotic,medium,base,single,1,7.228,8.011,0.05997292010762964,0,0,,1,0,0,1,0,23,0,0.08233261768813627,1.6500000000000004,0.0,1.6500000000000004,7.928667382311863,7.930000000000001,measured_success,555
303,ppo,1000303,2853,triprotic,far,base,separated,3,3.985,7.604,0.034846582270787775,3,2,0.925,1,0,0,1,0,3,3,0.09228030900345541,12.98,3.71,9.27,7.6962803090034555,7.7,measured_success,555
303,ppo,1000303,2854,triprotic,far,base,separated,3,4.855,8.197,0.08882412721182274,0,0,,1,0,0,1,0,5,0,0.089535439356073,19.36,0.0,19.36,8.107464560643926,8.11,measured_success,555
303,ppo,1000303,2855,monoprotic,medium,base,single,1,4.694,5.807,0.03389118216504554,4,0,0.185,1,1,0,1,0,4,4,0.03800370102568351,6.24,2.01,4.23,5.768996298974317,5.7700000000000005,measured_success,555
303,ppo,1000303,2856,diprotic,medium,acid,separated,2,4.043,2.995,0.057808622181891894,2,0,0.22,1,1,0,1,0,4,2,0.04160213300330984,5.69,4.66,1.03,3.03660213300331,3.04,measured_success,555
303,ppo,1000303,2857,triprotic,medium,acid,separated,3,6.299,5.356,0.03266421449317478,2,0,0.325,1,1,0,1,0,3,2,0.014375407138437879,3.0,2.35,0.65,5.370375407138438,5.37,measured_success,555
303,ppo,1000303,2858,diprotic,near,base,separated,2,2.251,2.919,0.17818949709994636,0,0,,1,0,0,1,0,15,0,0.09918060340322787,8.399999999999999,0.0,8.399999999999999,2.819819396596772,2.82,measured_success,555
303,ppo,1000303,2859,monoprotic,medium,acid,single,1,6.087,4.963,0.09405746607645006,6,3,0.035,1,0,0,1,0,8,6,0.0807072601371841,8.18,4.720000000000001,3.46,5.043707260137184,5.04,measured_success,555
303,ppo,1000303,2860,monoprotic,far,base,single,1,7.014,10.214,0.07427439469364863,5,3,0.1,1,1,0,1,0,8,5,0.034717690077242125,15.5,4.89,10.61,10.248717690077243,10.25,measured_success,555
303,ppo,1000303,2861,diprotic,medium,base,separated,2,7.515,8.567,0.06358841718654423,2,0,0.01,1,1,0,1,0,8,2,0.022387348057552714,0.6000000000000001,0.02,0.5800000000000001,8.544612651942447,8.540000000000001,measured_success,555
303,ppo,1000303,2862,diprotic,medium,acid,separated,2,4.319,2.777,0.03469479898296929,1,0,2.65,1,0,0,1,0,2,1,0.05884176854502954,7.52,5.3,2.22,2.7181582314549706,2.72,measured_success,555
303,ppo,1000303,2863,diprotic,far,acid,overlapping,2,5.61,2.984,0.05171623597556851,2,1,0.295,1,0,0,1,0,5,2,0.07811804588221616,13.8,12.39,1.41,3.062118045882216,3.06,measured_success,555
303,ppo,1000303,2864,triprotic,near,base,separated,3,3.944,4.575,0.16429944842919927,0,0,,1,0,0,1,0,5,0,0.07265262886160873,5.1499999999999995,0.0,5.1499999999999995,4.5023473711383915,4.5,measured_success,555
303,ppo,1000303,2865,diprotic,medium,acid,overlapping,2,4.148,2.905,0.030688505193066238,1,1,1.96,1,0,0,1,0,2,1,0.061484919686960016,5.88,3.92,1.96,2.84351508031304,2.84,measured_success,555
303,ppo,1000303,2866,triprotic,medium,acid,separated,3,5.129,4.28,0.05980871624417987,1,0,1.63,1,0,0,1,0,2,1,0.08731218488421977,3.6599999999999997,3.26,0.4,4.1926878151157805,4.19,measured_success,555
303,ppo,1000303,2867,triprotic,medium,base,separated,3,5.199,6.016,0.15217955536095168,0,0,,1,0,0,1,0,20,0,0.09707245914166052,13.849999999999989,0.0,13.849999999999989,5.9189275408583395,5.92,measured_success,555
303,ppo,1000303,2868,monoprotic,far,acid,single,1,6.216,4.177,0.09687287891024919,1,1,0.58,1,1,0,1,0,5,1,0.0027700678466811013,11.4,10.82,0.58,4.1742299321533185,4.17,measured_success,555
303,ppo,1000303,2869,diprotic,far,base,separated,2,5.182,7.342,0.03348573805349193,3,1,0.22,1,1,0,1,0,5,3,0.015252347961808077,8.930000000000001,1.98,6.950000000000001,7.357252347961808,7.36,measured_success,555
303,ppo,1000303,2870,monoprotic,medium,acid,single,1,7.888,6.285,0.05683211960512211,4,2,0.225,1,0,0,1,0,5,4,0.0877689316972532,9.76,6.659999999999999,3.1,6.372768931697253,6.37,measured_success,555
303,ppo,1000303,2871,diprotic,medium,base,separated,2,1.713,3.446,0.17401188699416428,0,0,,1,0,0,1,0,19,0,0.08460618625735927,24.189999999999998,0.0,24.189999999999998,3.361393813742641,3.36,measured_success,555
303,ppo,1000303,2872,triprotic,medium,base,separated,3,5.276,6.928,0.10877844824496191,1,0,0.115,1,0,0,1,0,2,1,0.05140620253979744,5.920000000000001,0.0,5.920000000000001,6.979406202539797,6.98,measured_success,555
303,ppo,1000303,2873,triprotic,medium,acid,overlapping,3,3.715,2.427,0.05489178364699043,0,0,,1,0,0,1,0,4,0,0.0757862129268072,8.26,8.26,0.0,2.5027862129268073,2.5,measured_success,555
303,ppo,1000303,2874,triprotic,medium,acid,separated,3,5.725,3.986,0.046012432945856316,0,0,,1,0,0,1,0,2,0,0.09011379788959717,7.15,7.15,0.0,4.076113797889597,4.08,measured_success,555
303,ppo,1000303,2875,monoprotic,medium,acid,single,1,3.919,1.993,0.1406776387278263,1,0,2.65,1,0,0,1,0,6,1,0.06938995036554219,7.56,5.3,2.26,1.923610049634458,1.92,measured_success,555
303,ppo,1000303,2876,monoprotic,near,acid,single,1,5.721,5.171,0.07829844369775833,0,0,,1,0,0,1,0,1,0,0.08449862024991273,2.06,2.06,0.0,5.255498620249913,5.26,measured_success,555
303,ppo,1000303,2877,monoprotic,near,base,single,1,6.175,6.843,0.11795968982179987,0,0,,1,0,0,1,0,6,0,0.06812874707532579,5.63,0.0,5.63,6.774871252924674,6.7700000000000005,measured_success,555
303,ppo,1000303,2878,triprotic,medium,base,separated,3,7.55,8.3,0.10133227345588441,0,0,,1,0,0,1,0,33,0,0.07836651521922988,2.310000000000001,0.0,2.310000000000001,8.22163348478077,8.22,measured_success,555
303,ppo,1000303,2879,monoprotic,medium,base,single,1,3.325,4.73,0.041038111815033224,4,1,0.13,1,0,0,1,0,6,4,0.09343370189483835,7.6899999999999995,2.6499999999999995,5.04,4.636566298105162,4.64,measured_success,555
303,ppo,1000303,2880,monoprotic,medium,acid,single,1,3.912,2.957,0.09319145819394527,0,0,,1,0,0,1,0,2,0,0.07969300384777878,4.88,4.88,0.0,3.0366930038477786,3.04,measured_success,555
303,ppo,1000303,2881,triprotic,medium,base,separated,3,3.163,5.091,0.1400720613292581,0,0,,1,0,0,1,0,15,0,0.08765305622932917,21.02999999999999,0.0,21.02999999999999,5.003346943770671,5.0,measured_success,555
303,ppo,1000303,2882,diprotic,far,acid,separated,2,4.768,1.893,0.07577848994305068,0,0,,1,0,0,1,0,5,0,0.07943551162178797,11.07,11.07,0.0,1.972435511621788,1.97,measured_success,555
303,ppo,1000303,2883,diprotic,medium,base,overlapping,2,2.661,3.857,0.1475272201923243,0,0,,0,0,0,1,1,18,0,0.10003842841892396,18.359999999999996,0.0,18.359999999999996,3.7569615715810762,3.7600000000000002,measured_success,555
303,ppo,1000303,2884,triprotic,medium,acid,separated,3,4.335,3.022,0.05548922472573909,1,0,0.36,1,1,0,1,0,4,1,0.025489259477203152,8.07,8.07,0.0,2.9965107405227966,3.0,measured_success,555
303,ppo,1000303,2885,triprotic,near,base,separated,3,2.74,3.266,0.05485342293859204,0,0,,1,1,0,1,0,2,0,0.04895468158028127,1.65,0.0,1.65,3.2170453184197187,3.22,measured_success,555
303,ppo,1000303,2886,diprotic,medium,acid,separated,2,3.462,1.704,0.08451055677364716,0,0,,1,0,0,1,0,11,0,0.08269581756918698,13.260000000000002,13.260000000000002,0.0,1.786695817569187,1.79,measured_success,555
303,ppo,1000303,2887,diprotic,far,acid,separated,2,4.202,2.195,0.07283940154203915,0,0,,1,0,0,1,0,2,0,0.05332245153402626,7.72,7.72,0.0,2.248322451534026,2.25,measured_success,555
303,ppo,1000303,2888,diprotic,near,base,separated,2,2.306,2.585,0.06413958032691669,0,0,,1,0,0,1,0,5,0,0.09086894598298301,1.33,0.0,1.33,2.494131054017017,2.49,measured_success,555
303,ppo,1000303,2889,triprotic,medium,base,separated,3,4.434,6.4,0.10268918382465432,0,0,,1,1,0,1,0,8,0,0.035768525750759395,20.14,0.0,20.14,6.364231474249241,6.36,measured_success,555
303,ppo,1000303,2890,diprotic,near,acid,separated,2,3.86,3.434,0.0775102960697638,0,0,,1,1,0,1,0,1,0,0.012552359222828713,2.06,2.06,0.0,3.446552359222829,3.45,measured_success,555
303,ppo,1000303,2891,diprotic,near,acid,separated,2,5.891,5.558,0.1417241627431524,0,0,,1,0,0,1,0,15,0,0.08466359257388412,0.8600000000000003,0.8600000000000003,0.0,5.642663592573884,5.64,measured_success,555
303,ppo,1000303,2892,triprotic,medium,acid,separated,3,8.377,6.499,0.041176256402005396,2,1,0.79,1,1,0,1,0,33,2,0.023232454008156544,6.7200000000000015,5.1400000000000015,1.58,6.522232454008156,6.5200000000000005,measured_success,555
303,ppo,1000303,2893,triprotic,far,acid,separated,3,4.834,2.17,0.059119010029001655,1,0,0.605,1,1,0,1,0,4,1,0.020121626948960802,14.18,14.18,0.0,2.149878373051039,2.15,measured_success,555
303,ppo,1000303,2894,diprotic,near,base,separated,2,2.368,2.847,0.08212234906899343,0,0,,1,0,0,1,0,2,0,0.07492923353498648,1.65,0.0,1.65,2.7720707664650135,2.77,measured_success,555
303,ppo,1000303,2895,triprotic,near,acid,separated,3,5.81,5.41,0.04557893019420536,0,0,,0,0,0,1,1,26,0,0.10225614330476063,1.4800000000000009,1.4800000000000009,0.0,5.512256143304761,5.51,measured_success,555
303,ppo,1000303,2896,diprotic,far,base,separated,2,3.713,5.938,0.05571507652850989,3,1,0.09,1,1,0,1,0,5,3,0.0025884272297345134,10.749999999999998,0.37,10.379999999999999,5.940588427229734,5.94,measured_success,555
303,ppo,1000303,2897,diprotic,medium,base,separated,2,2.949,4.083,0.038139480950504755,3,1,0.29,1,1,0,1,0,3,3,0.026335885005989823,4.76,1.16,3.6,4.10933588500599,4.11,measured_success,555
303,ppo,1000303,2898,monoprotic,near,acid,single,1,4.994,4.329,0.09650513291281082,1,1,0.58,1,0,0,1,0,3,1,0.07762407729751875,3.8,3.2199999999999998,0.58,4.251375922702481,4.25,measured_success,555
303,ppo,1000303,2899,diprotic,medium,base,separated,2,2.213,3.951,0.06013272435884117,0,0,,1,0,0,1,0,4,0,0.06484559363332165,8.540000000000001,0.0,8.540000000000001,3.8861544063666784,3.89,measured_success,555
303,ppo,1000303,2900,monoprotic,medium,acid,single,1,3.143,1.603,0.1555710859013309,0,0,,1,0,0,1,0,1,0,0.09761516592283859,3.98,3.98,0.0,1.7006151659228386,1.7,measured_success,555
303,ppo,1000303,2901,triprotic,far,acid,separated,3,4.069,1.631,0.037654690093138585,0,0,,1,0,0,1,0,3,0,0.09428985289443292,7.9,7.9,0.0,1.725289852894433,1.73,measured_success,555
303,ppo,1000303,2902,diprotic,far,base,separated,2,7.078,9.649,0.05084448725863651,8,5,0.02,1,0,0,1,0,10,8,0.09252834466063753,14.36,6.569999999999999,7.789999999999999,9.556471655339362,9.56,measured_success,555
303,ppo,1000303,2903,monoprotic,medium,base,single,1,2.016,3.103,0.10519177050812947,0,0,,1,0,0,1,0,4,0,0.07555654461209693,5.7299999999999995,0.0,5.7299999999999995,3.0274434553879033,3.0300000000000002,measured_success,555
303,ppo,1000303,2904,monoprotic,near,acid,single,1,4.392,3.711,0.08342632193398526,1,1,0.605,1,1,0,1,0,4,1,0.014527183060709437,4.24,3.27,0.97,3.6964728169392904,3.7,measured_success,555
303,ppo,1000303,2905,diprotic,medium,acid,separated,2,2.929,2.22,0.11020114557982018,0,0,,1,0,0,1,0,12,0,0.09137162752541572,9.020000000000001,9.020000000000001,0.0,2.311371627525416,2.31,measured_success,555
303,ppo,1000303,2906,monoprotic,near,acid,single,1,2.009,1.677,0.1420645235007192,0,0,,1,0,0,1,0,2,0,0.07372519402554323,4.32,4.32,0.0,1.7507251940255433,1.75,measured_success,555
303,ppo,1000303,2907,diprotic,near,acid,overlapping,2,3.442,2.977,0.12796360515782806,3,3,0.18,0,0,0,1,1,5,3,0.10151384326616997,4.35,2.42,1.93,2.87548615673383,2.88,measured_success,555
303,ppo,1000303,2908,triprotic,medium,base,separated,3,2.862,4.502,0.1428207128391862,0,0,,1,0,0,1,0,12,0,0.07498531408659392,18.849999999999998,0.0,18.849999999999998,4.427014685913406,4.43,measured_success,555
303,ppo,1000303,2909,diprotic,near,acid,separated,2,3.2,2.94,0.07426797869268578,0,0,,1,0,0,1,0,6,0,0.08972484531056724,0.5399999999999999,0.5399999999999999,0.0,3.029724845310567,3.0300000000000002,measured_success,555
303,ppo,1000303,2910,diprotic,near,acid,separated,2,6.194,5.786,0.12224349833743939,0,0,,0,0,0,0,0,50,0,0.12602131527041038,2.1200000000000014,2.1200000000000014,0.0,5.91202131527041,5.91,max_steps,555
303,ppo,1000303,2911,monoprotic,medium,base,single,1,2.154,3.003,0.13450535499522173,0,0,,1,0,0,1,0,7,0,0.06204923693720499,6.169999999999999,0.0,6.169999999999999,2.940950763062795,2.94,measured_success,555
303,ppo,1000303,2912,monoprotic,far,base,single,1,2.253,4.834,0.05041492620376005,6,3,0.035,1,1,0,1,0,8,6,0.010352126900615488,11.969999999999999,3.11,8.86,4.823647873099384,4.82,measured_success,555
303,ppo,1000303,2913,monoprotic,medium,base,single,1,5.985,6.823,0.043573697970674015,3,3,0.305,1,1,0,1,0,4,3,0.04929498286644218,5.5,2.44,3.06,6.872294982866443,6.87,measured_success,555
303,ppo,1000303,2914,diprotic,medium,acid,separated,2,2.962,2.079,0.06610984764361776,0,0,,1,0,0,1,0,4,0,0.07604984682987093,5.44,5.44,0.0,2.155049846829871,2.16,measured_success,555
303,ppo,1000303,2915,monoprotic,medium,base,single,1,6.226,7.402,0.1781209259847771,5,3,0.035,1,0,0,1,0,8,5,0.09987877834095205,10.34,4.720000000000001,5.62,7.501878778340952,7.5,measured_success,555
303,ppo,1000303,2916,triprotic,far,base,separated,3,1.601,3.741,0.1259453491417277,0,0,,1,0,0,1,0,17,0,0.07947391448890295,25.269999999999996,0.0,25.269999999999996,3.661526085511097,3.66,measured_success,555
303,ppo,1000303,2917,triprotic,medium,base,separated,3,2.637,4.4,0.14124878979355232,0,0,,1,0,0,1,0,23,0,0.07779095199958697,27.089999999999993,0.0,27.089999999999993,4.322209048000413,4.32,measured_success,555
303,ppo,1000303,2918,monoprotic,medium,acid,single,1,8.568,7.026,0.08983256641662252,0,0,,0,0,1,0,0,50,0,1.300092740078977,1.500000000000001,1.500000000000001,0.0,8.326092740078977,8.33,max_steps,555
303,ppo,1000303,2919,diprotic,far,acid,separated,2,6.24,3.035,0.03964232596101504,3,1,0.46,1,0,0,1,0,3,3,0.05074167639913618,10.540000000000001,8.700000000000001,1.84,2.984258323600864,2.98,measured_success,555
303,ppo,1000303,2920,monoprotic,medium,acid,single,1,5.819,4.608,0.1689926490963189,1,1,1.0,1,1,0,1,0,3,1,0.022169162855026237,6.24,5.24,1.0,4.585830837144973,4.59,measured_success,555
303,ppo,1000303,2921,diprotic,medium,acid,separated,2,2.86,2.001,0.16943719129728224,0,0,,1,1,0,1,0,1,0,0.016296536814909945,2.94,2.94,0.0,2.01729653681491,2.02,measured_success,555
303,ppo,1000303,2922,diprotic,medium,acid,separated,2,4.137,3.08,0.11366751815687445,0,0,,1,0,0,1,0,11,0,0.07635979633893264,10.510000000000003,10.510000000000003,0.0,3.1563597963389327,3.16,measured_success,555
303,ppo,1000303,2923,diprotic,far,base,separated,2,3.107,6.034,0.040603163274288825,0,0,,1,0,0,1,0,1,0,0.05133006535161666,6.66,0.0,6.66,5.982669934648383,5.98,measured_success,555
303,ppo,1000303,2924,monoprotic,medium,base,single,1,3.032,3.911,0.061522900953399524,1,0,0.62,1,1,0,1,0,2,1,0.021153994101769324,3.62,0.0,3.62,3.9321539941017694,3.93,measured_success,555
303,ppo,1000303,2925,diprotic,near,acid,separated,2,6.633,6.079,0.06770072338220988,1,1,1.03,1,1,0,1,0,2,1,0.025873758429892924,3.09,2.06,1.03,6.053126241570107,6.05,measured_success,555
303,ppo,1000303,2926,triprotic,medium,acid,separated,3,6.354,5.486,0.05357803786786498,2,1,0.29,1,0,0,1,0,3,2,0.08203581887934686,3.8,3.2199999999999998,0.58,5.568035818879347,5.57,measured_success,555
303,ppo,1000303,2927,diprotic,medium,base,separated,2,4.575,6.311,0.10427563695847406,0,0,,1,0,0,1,0,5,0,0.09567314914763614,10.530000000000001,0.0,10.530000000000001,6.215326850852364,6.22,measured_success,555
303,ppo,1000303,2928,triprotic,medium,base,separated,3,7.458,9.084,0.1665167185264977,5,2,0.045,1,0,0,1,0,7,5,0.0921999794928503,10.719999999999999,3.8099999999999996,6.91,9.17619997949285,9.18,measured_success,555
303,ppo,1000303,2929,diprotic,medium,base,separated,2,2.281,3.086,0.07070641203489238,0,0,,1,0,0,1,0,4,0,0.07984869689162322,5.109999999999999,0.0,5.109999999999999,3.0061513031083766,3.0100000000000002,measured_success,555
303,ppo,1000303,2930,triprotic,medium,base,separated,3,5.093,6.312,0.09681254034160054,0,0,,1,0,0,1,0,5,0,0.08497016952546677,9.66,0.0,9.66,6.2270298304745335,6.23,measured_success,555
303,ppo,1000303,2931,diprotic,near,acid,separated,2,4.553,4.303,0.10031636643719165,0,0,,1,0,0,1,0,14,0,0.09397050732729806,0.8400000000000003,0.8400000000000003,0.0,4.396970507327298,4.4,measured_success,555
303,ppo,1000303,2932,triprotic,far,acid,separated,3,5.423,2.288,0.07887013125382882,0,0,,1,0,0,1,0,7,0,0.07782949262013839,16.15,16.15,0.0,2.365829492620138,2.37,measured_success,555
303,ppo,1000303,2933,monoprotic,medium,acid,single,1,8.578,6.745,0.14127886188097868,0,0,,0,0,1,0,0,50,0,1.7040174264816637,1.500000000000001,1.500000000000001,0.0,8.449017426481664,8.45,max_steps,555
303,ppo,1000303,2934,triprotic,far,base,separated,3,7.41,9.997,0.15008880506626504,3,1,0.1,1,1,0,1,0,9,3,0.023816161126696045,21.209999999999997,2.7699999999999996,18.439999999999998,10.020816161126696,10.02,measured_success,555
303,ppo,1000303,2935,monoprotic,medium,acid,single,1,3.716,1.915,0.17048869139938486,1,0,2.65,1,0,0,1,0,1,1,0.07907889982583693,5.3,5.3,0.0,1.835921100174163,1.84,measured_success,555
303,ppo,1000303,2936,triprotic,medium,acid,separated,3,5.096,3.221,0.09323575024013081,0,0,,1,0,0,1,0,3,0,0.08595264781256606,8.36,8.36,0.0,3.306952647812566,3.31,measured_success,555
303,ppo,1000303,2937,diprotic,medium,base,separated,2,4.84,6.19,0.17248644476602445,5,4,0.12,1,1,0,1,0,8,5,0.0300389122309328,8.33,3.07,5.26,6.220038912230933,6.22,measured_success,555
303,ppo,1000303,2938,diprotic,far,base,separated,2,3.177,6.474,0.08351206024427077,2,1,0.315,1,1,0,1,0,8,2,0.015605908297610327,16.200000000000003,1.7799999999999998,14.420000000000002,6.45839409170239,6.46,measured_success,555
303,ppo,1000303,2939,triprotic,far,base,separated,3,3.457,5.973,0.05452932783258753,0,0,,1,0,0,1,0,5,0,0.08067491457941234,11.33,0.0,11.33,5.8923250854205875,5.89,measured_success,555
303,ppo,1000303,2940,monoprotic,medium,acid,single,1,7.046,5.805,0.058431207821192564,1,0,1.755,1,1,0,1,0,2,1,0.029815122799751848,3.9099999999999997,3.51,0.4,5.775184877200248,5.78,measured_success,555
303,ppo,1000303,2941,triprotic,medium,acid,separated,3,6.79,5.826,0.08812708326743918,0,0,,1,0,0,1,0,6,0,0.06826407585064675,4.91,4.91,0.0,5.894264075850646,5.89,measured_success,555
303,ppo,1000303,2942,diprotic,near,base,separated,2,4.185,4.858,0.1501629880585955,0,0,,1,0,0,1,0,8,0,0.09022905208076448,6.13,0.0,6.13,4.767770947919235,4.7700000000000005,measured_success,555
303,ppo,1000303,2943,monoprotic,near,acid,single,1,3.974,3.447,0.03261649314300923,3,1,0.225,1,0,0,1,0,3,3,0.09588605499249603,3.54,2.5100000000000002,1.03,3.351113945007504,3.35,measured_success,555
303,ppo,1000303,2944,monoprotic,far,base,single,1,4.942,8.243,0.08853778800669318,46,41,0.01,0,0,0,0,0,50,46,0.18749396798745543,16.96999999999999,4.919999999999997,12.049999999999995,8.055506032012545,8.06,max_steps,555
303,ppo,1000303,2945,monoprotic,far,base,single,1,3.38,7.249,0.05716648254546121,7,3,0.03,1,0,0,1,0,10,7,0.07158070069626898,15.580000000000002,4.53,11.05,7.320580700696269,7.32,measured_success,555
303,ppo,1000303,2946,monoprotic,far,acid,single,1,8.721,4.94,0.06457446879261705,33,30,0.01,0,0,0,0,0,50,33,0.4459821443106149,15.459999999999994,10.119999999999996,5.339999999999997,4.4940178556893855,4.49,max_steps,555
303,ppo,1000303,2947,diprotic,far,acid,separated,2,6.375,4.324,0.043114150561510856,0,0,,1,1,0,1,0,3,0,0.0023439616396956353,6.3100000000000005,6.3100000000000005,0.0,4.3263439616396955,4.33,measured_success,555
303,ppo,1000303,2948,diprotic,far,acid,separated,2,4.974,2.111,0.07703475146700192,1,0,1.43,1,1,0,1,0,4,1,0.044836331434366716,10.91,10.32,0.59,2.0661636685656335,2.07,measured_success,555
303,ppo,1000303,2949,triprotic,near,acid,separated,3,4.826,4.152,0.13656199205550312,0,0,,1,0,0,1,0,7,0,0.09052705177767972,5.26,5.26,0.0,4.24252705177768,4.24,measured_success,555
303,ppo,1000303,2950,diprotic,far,acid,separated,2,3.918,1.821,0.15174671799662093,0,0,,1,1,0,1,0,3,0,0.04803983010054336,10.399999999999999,10.399999999999999,0.0,1.8690398301005433,1.87,measured_success,555
303,ppo,1000303,2951,diprotic,near,acid,separated,2,6.31,5.853,0.05477885150418228,0,0,,1,0,0,1,0,32,0,0.08967965034959491,1.2100000000000006,1.2100000000000006,0.0,5.942679650349595,5.94,measured_success,555
303,ppo,1000303,2952,diprotic,near,acid,separated,2,5.151,4.87,0.10304700829140016,0,0,,1,0,0,1,0,21,0,0.09605188255094266,1.2600000000000007,1.2600000000000007,0.0,4.966051882550943,4.97,measured_success,555
303,ppo,1000303,2953,diprotic,near,acid,overlapping,2,3.803,3.284,0.03475911675662736,0,0,,1,1,0,1,0,1,0,0.011390838537973735,2.06,2.06,0.0,3.2953908385379735,3.3000000000000003,measured_success,555
303,ppo,1000303,2954,monoprotic,near,acid,single,1,5.979,5.408,0.033161720314609996,2,2,0.225,1,0,0,1,0,4,2,0.08763968369007902,3.7600000000000002,2.2800000000000002,1.48,5.495639683690079,5.5,measured_success,555
303,ppo,1000303,2955,triprotic,far,acid,separated,3,5.764,2.14,0.039329032938594265,0,0,,1,1,0,1,0,2,0,0.0024055318168128004,8.39,8.39,0.0,2.142405531816813,2.14,measured_success,555
303,ppo,1000303,2956,monoprotic,far,base,single,1,3.211,6.519,0.16830697391117824,5,2,0.05,1,1,0,1,0,7,5,0.04317429105122095,16.27,2.67,13.6,6.562174291051221,6.5600000000000005,measured_success,555
303,ppo,1000303,2957,triprotic,medium,base,separated,3,6.58,7.383,0.07111875041123471,1,0,1.22,1,1,0,1,0,1,1,0.04720862470819309,2.44,0.0,2.44,7.430208624708193,7.43,measured_success,555
303,ppo,1000303,2958,monoprotic,medium,acid,single,1,8.817,7.308,0.1627465611953117,0,0,,0,0,1,0,0,50,0,1.3424942631732542,1.500000000000001,1.500000000000001,0.0,8.650494263173254,8.65,max_steps,555
303,ppo,1000303,2959,monoprotic,near,base,single,1,4.498,5.099,0.09585485537334557,4,3,0.07,1,1,0,1,0,6,4,0.044211941710253555,4.890000000000001,1.96,2.93,5.054788058289747,5.05,measured_success,555
303,ppo,1000303,2960,diprotic,medium,base,separated,2,5.149,6.459,0.11343052871752529,0,0,,1,0,0,1,0,7,0,0.06551516506955579,13.909999999999998,0.0,13.909999999999998,6.393484834930444,6.390000000000001,measured_success,555
303,ppo,1000303,2961,monoprotic,medium,base,single,1,8.361,9.423,0.09768282192427195,0,0,,1,0,0,1,0,17,0,0.08532226981123081,1.1500000000000004,0.0,1.1500000000000004,9.33767773018877,9.34,measured_success,555
303,ppo,1000303,2962,triprotic,far,base,separated,3,1.931,5.494,0.050211100412225214,0,0,,1,1,0,1,0,3,0,0.029997172408858574,10.83,0.0,10.83,5.464002827591141,5.46,measured_success,555
303,ppo,1000303,2963,monoprotic,medium,acid,single,1,2.601,1.85,0.11597699718494915,0,0,,1,0,0,1,0,8,0,0.08689381223476378,7.859999999999999,7.859999999999999,0.0,1.9368938122347639,1.94,measured_success,555
303,ppo,1000303,2964,monoprotic,medium,acid,single,1,7.858,6.932,0.08115558784525619,0,0,,1,0,0,1,0,3,0,0.07196629077983374,4.05,4.05,0.0,7.003966290779834,7.0,measured_success,555
303,ppo,1000303,2965,monoprotic,near,base,single,1,4.722,5.186,0.1640203871207016,0,0,,0,0,0,0,0,50,0,0.18398339135642416,3.000000000000002,0.0,3.000000000000002,5.002016608643576,5.0,max_steps,555
303,ppo,1000303,2966,monoprotic,medium,acid,single,1,3.789,1.825,0.11618467693820074,0,0,,1,1,0,1,0,3,0,0.048700923650641714,6.510000000000001,6.510000000000001,0.0,1.8737009236506417,1.87,measured_success,555
303,ppo,1000303,2967,triprotic,far,base,separated,3,6.8,10.691,0.06351994630300553,5,1,0.045,1,0,0,1,0,8,5,0.07826330755225719,13.240000000000002,4.21,9.030000000000001,10.769263307552258,10.77,measured_success,555
303,ppo,1000303,2968,monoprotic,medium,base,single,1,6.137,7.076,0.04006027083061954,2,1,0.79,1,0,0,1,0,3,2,0.07196182781742788,5.2,1.58,3.62,7.004038172182572,7.0,measured_success,555
303,ppo,1000303,2969,monoprotic,medium,base,single,1,2.406,3.274,0.1506579134031664,0,0,,1,0,0,1,0,12,0,0.08910838669639531,9.119999999999997,0.0,9.119999999999997,3.1848916133036047,3.18,measured_success,555
303,ppo,1000303,2970,triprotic,far,base,separated,3,3.215,5.456,0.0461789862665413,1,0,3.03,1,1,0,1,0,2,1,0.026037058073574038,7.819999999999999,1.76,6.06,5.482037058073574,5.48,measured_success,555
303,ppo,1000303,2971,diprotic,medium,acid,separated,2,3.716,2.505,0.03293376904551096,1,0,1.99,1,1,0,1,0,3,1,0.035395890002785535,5.03,3.98,1.05,2.4696041099972144,2.47,measured_success,555
303,ppo,1000303,2972,diprotic,far,acid,separated,2,5.904,2.196,0.09132448015517947,1,0,1.11,1,0,0,1,0,4,1,0.09581323100799422,17.3,17.3,0.0,2.100186768992006,2.1,measured_success,555
303,ppo,1000303,2973,monoprotic,medium,base,single,1,5.988,7.671,0.07393893609020802,9,3,0.01,1,1,0,1,0,11,9,0.01709565409311775,13.62,6.219999999999999,7.4,7.688095654093118,7.69,measured_success,555
303,ppo,1000303,2974,diprotic,medium,base,separated,2,3.899,5.876,0.05297288988083871,5,3,0.035,1,1,0,1,0,10,5,0.00775624768448413,14.879999999999999,5.85,9.03,5.8837562476844845,5.88,measured_success,555
303,ppo,1000303,2975,diprotic,far,acid,separated,2,6.07,2.415,0.12639229325480184,0,0,,1,0,0,1,0,10,0,0.09805724385774983,23.479999999999997,23.479999999999997,0.0,2.51305724385775,2.5100000000000002,measured_success,555
303,ppo,1000303,2976,diprotic,near,acid,separated,2,4.546,4.284,0.1271209063950548,0,0,,1,0,0,1,0,24,0,0.09504587691662447,1.4400000000000008,1.4400000000000008,0.0,4.379045876916624,4.38,measured_success,555
303,ppo,1000303,2977,monoprotic,near,base,single,1,4.611,5.254,0.11418436921849645,0,0,,1,0,0,1,0,2,0,0.05246661563963251,3.55,0.0,3.55,5.201533384360367,5.2,measured_success,555
303,ppo,1000303,2978,monoprotic,medium,base,single,1,5.955,7.531,0.06352073403865151,2,2,1.325,1,1,0,1,0,3,2,0.0405644334298243,9.27,2.65,6.62,7.490435566570175,7.49,measured_success,555
303,ppo,1000303,2979,monoprotic,far,base,single,1,7.597,10.831,0.03407184901851712,4,2,0.22,1,1,0,1,0,7,4,0.0018463433733799661,15.09,6.38,8.709999999999999,10.82915365662662,10.83,measured_success,555
303,ppo,1000303,2980,diprotic,medium,acid,separated,2,3.462,2.445,0.07710124731318779,1,0,0.82,1,1,0,1,0,2,1,0.006809947087047963,5.0,5.0,0.0,2.438190052912952,2.44,measured_success,555
303,ppo,1000303,2981,diprotic,medium,base,separated,2,2.718,3.75,0.1653215169906483,0,0,,1,0,0,1,0,16,0,0.07686097136664838,11.289999999999992,0.0,11.289999999999992,3.6731390286333516,3.67,measured_success,555
303,ppo,1000303,2982,monoprotic,medium,acid,single,1,8.331,7.014,0.11433932315474872,0,0,,0,0,1,0,0,50,0,1.0463414093160983,1.500000000000001,1.500000000000001,0.0,8.060341409316099,8.06,max_steps,555
303,ppo,1000303,2983,triprotic,medium,acid,separated,3,5.572,4.813,0.07825264421198558,0,0,,0,0,0,1,1,2,0,0.10029843884066114,3.2199999999999998,3.2199999999999998,0.0,4.913298438840661,4.91,measured_success,555
303,ppo,1000303,2984,diprotic,medium,base,separated,2,4.739,6.038,0.14359366863977718,0,0,,1,0,0,1,0,4,0,0.06403582370873906,9.57,0.0,9.57,5.973964176291261,5.97,measured_success,555
303,ppo,1000303,2985,monoprotic,far,base,single,1,7.96,11.733,0.11931103158477442,2,1,0.57,1,1,0,1,0,6,2,0.019278884890280068,14.669999999999998,6.21,8.459999999999999,11.71372111510972,11.71,measured_success,555
303,ppo,1000303,2986,diprotic,medium,acid,separated,2,3.712,2.243,0.08188078591653389,0,0,,1,0,0,1,0,3,0,0.09281073037902532,7.74,7.74,0.0,2.335810730379025,2.34,measured_success,555
303,ppo,1000303,2987,diprotic,medium,base,overlapping,2,3.95,4.794,0.049721078872435785,3,2,0.145,1,0,0,1,0,4,3,0.07596509725334943,4.32,1.15,3.17,4.869965097253349,4.87,measured_success,555
303,ppo,1000303,2988,monoprotic,far,acid,single,1,6.054,2.498,0.09145308038844922,2,0,0.155,1,0,0,1,0,5,2,0.06154513131586459,9.73,7.78,1.95,2.559545131315865,2.56,measured_success,555
303,ppo,1000303,2989,monoprotic,near,base,single,1,5.871,6.309,0.03251103707829098,0,0,,1,0,0,1,0,10,0,0.09888537976697709,0.7000000000000002,0.0,0.7000000000000002,6.210114620233023,6.21,measured_success,555
303,ppo,1000303,2990,triprotic,far,base,separated,3,6.964,10.301,0.11388319665193629,3,2,0.925,1,0,0,1,0,3,3,0.07010234279667493,12.98,3.71,9.27,10.371102342796675,10.370000000000001,measured_success,555
303,ppo,1000303,2991,monoprotic,near,base,single,1,6.246,6.766,0.04260669958084949,3,1,0.145,1,1,0,1,0,4,3,0.047475535308443284,3.97,1.62,2.35,6.813475535308443,6.8100000000000005,measured_success,555
303,ppo,1000303,2992,triprotic,near,acid,separated,3,3.23,2.747,0.0812636704224888,1,0,1.225,1,1,0,1,0,1,1,0.024145725582337185,2.45,2.45,0.0,2.7228542744176627,2.72,measured_success,555
303,ppo,1000303,2993,monoprotic,medium,base,single,1,8.087,9.846,0.03639689945611103,7,3,0.01,1,0,0,1,0,9,7,0.08669210853959797,12.879999999999999,5.95,6.93,9.932692108539598,9.93,measured_success,555
303,ppo,1000303,2994,diprotic,near,acid,separated,2,5.873,5.65,0.13041935216917333,0,0,,0,0,0,1,1,24,0,0.10184488223774046,1.4000000000000008,1.4000000000000008,0.0,5.751844882237741,5.75,measured_success,555
303,ppo,1000303,2995,triprotic,near,base,separated,3,3.469,3.748,0.08096241045285077,0,0,,1,0,0,1,0,8,0,0.09751843310059982,0.6899999999999998,0.0,0.6899999999999998,3.6504815668994004,3.65,measured_success,555
303,ppo,1000303,2996,diprotic,near,base,separated,2,2.096,2.465,0.055719353138960315,0,0,,1,0,0,1,0,2,0,0.08479737525752107,1.07,0.0,1.07,2.380202624742479,2.38,measured_success,555
303,ppo,1000303,2997,triprotic,medium,base,separated,3,6.146,7.914,0.055849415842717194,6,2,0.045,1,1,0,1,0,7,6,0.03986514618305925,10.719999999999999,3.3899999999999997,7.33,7.8741348538169404,7.87,measured_success,555
303,ppo,1000303,2998,triprotic,medium,base,overlapping,3,3.265,4.711,0.14994143712141167,4,3,0.13,1,0,0,1,0,7,4,0.07567562362739721,8.81,1.74,7.07,4.635324376372603,4.64,measured_success,555
303,ppo,1000303,2999,monoprotic,far,base,single,1,2.482,5.911,0.1209383685929916,43,42,0.01,0,0,0,0,0,50,43,0.24841400970598393,16.97999999999999,3.0299999999999954,13.949999999999994,6.1594140097059835,6.16,max_steps,555
303,ppo,1000303,3000,triprotic,medium,base,separated,3,2.325,3.311,0.07118105653668573,0,0,,1,0,0,1,0,6,0,0.06332426489910858,5.709999999999999,0.0,5.709999999999999,3.2476757351008914,3.25,measured_success,555
