benchmark_seed,method,task_seed,task_id,acid_type,difficulty,direction,pka_family,true_pair_count,initial_ph,target_ph,true_concentration_m,overshoot_cap_events,overshoot_cap_applied_steps,overshoot_cap_final_ml,true_success,strict_success,severe_failure,measured_success,false_stop,steps,overshoots,final_abs_error,total_volume_ml,acid_added_ml,base_added_ml,final_true_ph,final_measured_ph,stop_reason,training_seed
555,ppo,1000555,1,triprotic,near,acid,separated,3,5.258,4.769,0.05312122109092176,1,0,0.425,1,1,0,1,0,2,1,0.005786298031120296,2.36,2.36,0.0,4.76321370196888,4.76,measured_success,202
555,ppo,1000555,2,diprotic,medium,acid,overlapping,2,4.986,3.022,0.083421022314722,1,1,0.515,1,1,0,1,0,7,1,0.0036406013361349743,19.44,18.93,0.51,3.018359398663865,3.02,measured_success,202
555,ppo,1000555,3,triprotic,near,base,separated,3,3.651,4.154,0.09006099897182154,0,0,,1,0,0,1,0,5,0,0.08496869060154211,4.989999999999999,0.0,4.989999999999999,4.069031309398458,4.07,measured_success,202
555,ppo,1000555,4,diprotic,far,base,separated,2,4.689,7.99,0.15987905776034128,3,1,0.155,1,0,0,1,0,18,3,0.09356265999780256,31.459999999999994,2.7599999999999985,28.699999999999996,8.083562659997803,8.08,measured_success,202
555,ppo,1000555,5,monoprotic,medium,acid,single,1,5.817,3.99,0.15292408426580573,3,1,0.155,1,0,0,1,0,7,3,0.08438046381671516,11.9,10.05,1.8499999999999999,3.905619536183285,3.91,measured_success,202
555,ppo,1000555,6,diprotic,far,base,separated,2,3.769,6.059,0.061070130358848534,6,2,0.02,1,1,0,1,0,7,6,0.04776501601432681,10.0,2.89,7.11,6.011234983985673,6.01,measured_success,202
555,ppo,1000555,7,triprotic,near,base,separated,3,6.226,6.803,0.0767051279044593,2,1,0.53,1,0,0,1,0,3,2,0.053670571249388566,3.54,1.06,2.48,6.749329428750611,6.75,measured_success,202
555,ppo,1000555,8,diprotic,medium,base,separated,2,3.536,5.188,0.07448429252405944,1,0,0.79,1,0,0,1,0,3,1,0.09602482759314857,9.34,0.0,9.34,5.284024827593148,5.28,measured_success,202
555,ppo,1000555,9,triprotic,medium,acid,overlapping,3,3.013,1.657,0.044098994370705656,0,0,,1,0,0,1,0,9,0,0.057555878968969854,16.84,16.84,0.0,1.7145558789689699,1.71,measured_success,202
555,ppo,1000555,10,diprotic,medium,acid,overlapping,2,3.433,1.907,0.13995563865861854,1,0,2.625,1,0,0,1,0,2,1,0.09504553943508043,5.88,5.25,0.63,1.8119544605649196,1.81,measured_success,202
555,ppo,1000555,11,triprotic,near,acid,separated,3,7.377,7.135,0.039812741644997665,0,0,,1,0,0,1,0,44,0,0.09751391394228648,0.4400000000000002,0.4400000000000002,0.0,7.232513913942286,7.23,measured_success,202
555,ppo,1000555,12,diprotic,near,base,separated,2,4.12,4.502,0.17978862162428721,0,0,,1,1,0,1,0,3,0,0.01602679882141178,2.8899999999999997,0.0,2.8899999999999997,4.485973201178588,4.49,measured_success,202
555,ppo,1000555,13,diprotic,medium,acid,separated,2,5.501,4.619,0.0393834133585964,2,0,0.425,1,1,0,1,0,3,2,0.03671760286769299,6.52,3.87,2.65,4.655717602867693,4.66,measured_success,202
555,ppo,1000555,14,monoprotic,near,acid,single,1,4.972,4.408,0.05224990314752821,4,3,0.075,1,1,0,1,0,5,4,0.025255502124395868,3.4699999999999998,1.82,1.65,4.433255502124396,4.43,measured_success,202
555,ppo,1000555,15,diprotic,medium,acid,separated,2,4.88,3.952,0.03127983354393692,2,1,0.425,1,0,0,1,0,4,2,0.05420075346210851,6.9399999999999995,4.29,2.65,4.0062007534621085,4.01,measured_success,202
555,ppo,1000555,16,diprotic,far,base,separated,2,4.844,8.045,0.11940262576370247,1,0,0.425,1,0,0,1,0,14,1,0.08720123183956652,26.01,0.7200000000000001,25.290000000000003,8.132201231839566,8.13,measured_success,202
555,ppo,1000555,17,monoprotic,medium,acid,single,1,7.692,6.153,0.032121478337168406,7,6,0.01,1,1,0,1,0,14,6,0.00046355588939395176,10.93,5.67,5.26,6.1534635558893935,6.15,measured_success,202
555,ppo,1000555,18,triprotic,medium,acid,separated,3,4.941,3.578,0.031905796091596245,3,0,0.425,1,1,0,1,0,3,3,0.02931652494707615,6.52,4.72,1.8,3.5486834750529237,3.5500000000000003,measured_success,202
555,ppo,1000555,19,monoprotic,near,acid,single,1,4.291,3.856,0.14955914414262161,1,0,0.425,0,0,0,1,1,2,1,0.1008416893576527,2.36,2.36,0.0,3.755158310642347,3.7600000000000002,measured_success,202
555,ppo,1000555,20,diprotic,medium,acid,separated,2,5.328,4.072,0.09285011149423192,0,0,,1,0,0,1,0,6,0,0.0578713564653901,8.64,8.64,0.0,4.12987135646539,4.13,measured_success,202
555,ppo,1000555,21,triprotic,medium,acid,separated,3,4.849,3.929,0.05309886695918877,0,0,,1,0,0,1,0,1,0,0.05296205871465576,3.87,3.87,0.0,3.9819620587146556,3.98,measured_success,202
555,ppo,1000555,22,monoprotic,medium,acid,single,1,9.472,8.636,0.06209828122002076,0,0,,0,0,0,0,0,50,0,0.4001139908667817,0.8300000000000005,0.8300000000000005,0.0,9.036113990866781,9.040000000000001,max_steps,202
555,ppo,1000555,23,monoprotic,medium,acid,single,1,6.509,5.737,0.09466717312559395,0,0,,1,0,0,1,0,3,0,0.07729593620878283,3.17,3.17,0.0,5.814295936208783,5.8100000000000005,measured_success,202
555,ppo,1000555,24,diprotic,near,acid,separated,2,3.879,3.29,0.07947357174912995,3,2,0.21,1,1,0,1,0,4,3,0.03310422460833706,3.66,2.6,1.06,3.256895775391663,3.2600000000000002,measured_success,202
555,ppo,1000555,25,diprotic,near,acid,separated,2,5.708,5.397,0.055679065273635475,2,1,0.375,1,0,0,1,0,2,2,0.06987068049139467,2.26,1.51,0.75,5.466870680491395,5.47,measured_success,202
555,ppo,1000555,26,diprotic,near,acid,separated,2,1.778,1.573,0.13590131759611154,0,0,,1,0,0,1,0,1,0,0.09194040906982037,2.12,2.12,0.0,1.6649404090698203,1.6600000000000001,measured_success,202
555,ppo,1000555,27,diprotic,far,acid,separated,2,6.174,3.997,0.036390394608052046,3,1,0.315,1,1,0,1,0,5,3,0.00756982856881816,9.66,7.55,2.11,3.9894301714311817,3.99,measured_success,202
555,ppo,1000555,28,monoprotic,near,base,single,1,8.804,9.005,0.06115727604614881,0,0,,1,0,0,1,0,38,0,0.09866393378790939,0.38000000000000017,0.0,0.38000000000000017,8.906336066212091,8.91,measured_success,202
555,ppo,1000555,29,diprotic,near,acid,separated,2,5.069,4.702,0.07653452429596751,0,0,,1,1,0,1,0,1,0,0.006824989946180082,1.51,1.51,0.0,4.70882498994618,4.71,measured_success,202
555,ppo,1000555,30,triprotic,medium,base,separated,3,5.991,7.575,0.176851748579433,2,0,0.315,1,0,0,1,0,5,2,0.08241184783346522,12.140000000000002,0.63,11.510000000000002,7.492588152166535,7.49,measured_success,202
555,ppo,1000555,31,diprotic,medium,base,separated,2,2.564,3.611,0.08764848777496131,0,0,,1,1,0,1,0,3,0,0.01843579524397798,4.6899999999999995,0.0,4.6899999999999995,3.5925642047560222,3.59,measured_success,202
555,ppo,1000555,32,triprotic,medium,base,separated,3,8.454,9.499,0.05307172422973437,3,2,0.02,1,0,0,1,0,4,3,0.05957761881475854,0.30000000000000004,0.08,0.22000000000000003,9.558577618814759,9.56,measured_success,202
555,ppo,1000555,33,triprotic,far,base,overlapping,3,2.113,4.497,0.05172698563090833,0,0,,1,1,0,1,0,5,0,0.007485908764770954,17.119999999999997,0.0,17.119999999999997,4.489514091235229,4.49,measured_success,202
555,ppo,1000555,34,diprotic,medium,acid,separated,2,4.325,3.357,0.08231457754561884,0,0,,1,0,0,1,0,2,0,0.06033939762061458,5.67,5.67,0.0,3.417339397620615,3.42,measured_success,202
555,ppo,1000555,35,diprotic,medium,acid,overlapping,2,4.183,2.653,0.05730427940935708,2,0,0.27,1,0,0,1,0,3,2,0.0607682653272037,6.2299999999999995,5.06,1.17,2.7137682653272037,2.71,measured_success,202
555,ppo,1000555,36,diprotic,near,base,overlapping,2,3.057,3.702,0.040638415897395114,0,0,,1,1,0,1,0,1,0,0.02950039185282627,2.26,0.0,2.26,3.6724996081471737,3.67,measured_success,202
555,ppo,1000555,37,monoprotic,near,base,single,1,2.516,3.176,0.035309018262368035,1,0,1.13,1,0,0,1,0,1,1,0.07451575877452221,2.26,0.0,2.26,3.2505157587745224,3.25,measured_success,202
555,ppo,1000555,38,diprotic,medium,acid,separated,2,6.583,4.912,0.07047379298231875,0,0,,1,1,0,1,0,4,0,0.02306786458906185,6.359999999999999,6.359999999999999,0.0,4.935067864589062,4.94,measured_success,202
555,ppo,1000555,39,diprotic,near,acid,separated,2,3.334,3.08,0.15869541315175337,0,0,,1,1,0,1,0,2,0,0.03845283832058577,2.54,2.54,0.0,3.118452838320586,3.12,measured_success,202
555,ppo,1000555,40,diprotic,medium,base,separated,2,2.484,3.361,0.08895007634684711,0,0,,1,0,0,1,0,10,0,0.0900731132799284,7.809999999999998,0.0,7.809999999999998,3.270926886720072,3.27,measured_success,202
555,ppo,1000555,41,triprotic,medium,base,separated,3,5.139,5.95,0.1379520806018832,0,0,,1,0,0,1,0,10,0,0.08885949391539594,7.159999999999998,0.0,7.159999999999998,5.861140506084604,5.86,measured_success,202
555,ppo,1000555,42,monoprotic,medium,acid,single,1,3.257,1.666,0.1032260172457634,0,0,,1,1,0,1,0,5,0,0.04877193892749032,10.579999999999998,10.579999999999998,0.0,1.7147719389274902,1.71,measured_success,202
555,ppo,1000555,43,monoprotic,near,base,single,1,7.893,8.358,0.14997591945804734,0,0,,1,0,0,1,0,4,0,0.06797963040356692,3.9800000000000004,0.0,3.9800000000000004,8.290020369596434,8.290000000000001,measured_success,202
555,ppo,1000555,44,triprotic,near,base,separated,3,7.598,7.877,0.0367129926826534,0,0,,1,0,0,1,0,18,0,0.09662805055034962,0.18000000000000002,0.0,0.18000000000000002,7.78037194944965,7.78,measured_success,202
555,ppo,1000555,45,diprotic,medium,base,separated,2,6.457,7.901,0.030434653298949683,5,2,0.01,1,0,0,1,0,10,5,0.08070208259390199,12.39,6.010000000000002,6.38,7.981702082593902,7.98,measured_success,202
555,ppo,1000555,46,monoprotic,medium,base,single,1,7.889,9.533,0.045363763484806446,0,0,,1,0,0,1,0,16,0,0.08573409006370447,2.7199999999999993,0.0,2.7199999999999993,9.447265909936295,9.450000000000001,measured_success,202
555,ppo,1000555,47,diprotic,far,base,separated,2,6.448,8.722,0.06068968664888186,6,3,0.015,1,0,0,1,0,10,6,0.050543281611473034,12.400000000000002,5.8900000000000015,6.51,8.671456718388526,8.67,measured_success,202
555,ppo,1000555,48,monoprotic,medium,acid,single,1,6.311,5.193,0.1682777541424529,4,1,0.085,1,0,0,1,0,5,4,0.07140287137783119,7.18,4.72,2.46,5.264402871377831,5.26,measured_success,202
555,ppo,1000555,49,monoprotic,near,base,single,1,5.283,5.828,0.06996156556969968,0,0,,1,1,0,1,0,1,0,0.02338322985359209,2.12,0.0,2.12,5.804616770146408,5.8,measured_success,202
555,ppo,1000555,50,triprotic,near,base,separated,3,2.346,2.703,0.10923185434415375,1,0,0.515,1,1,0,1,0,2,1,0.01908588297175351,2.54,0.0,2.54,2.7220858829717534,2.72,measured_success,202
555,ppo,1000555,51,monoprotic,far,base,single,1,2.111,4.465,0.13983259280793,3,2,0.105,1,1,0,1,0,8,3,0.04055030381813651,18.6,0.42,18.18,4.505550303818136,4.51,measured_success,202
555,ppo,1000555,52,diprotic,far,base,separated,2,3.756,6.539,0.07530820118229031,2,0,0.155,1,1,0,1,0,5,2,0.04151659471773428,10.840000000000003,0.31,10.530000000000003,6.497483405282265,6.5,measured_success,202
555,ppo,1000555,53,triprotic,near,base,separated,3,3.155,3.433,0.06744906279220966,2,1,0.375,1,0,0,1,0,2,2,0.06693380192044351,2.26,0.75,1.51,3.3660661980795563,3.37,measured_success,202
555,ppo,1000555,54,monoprotic,medium,acid,single,1,5.204,3.302,0.0325174831787056,2,0,0.9,1,1,0,1,0,2,2,0.015272729459282264,6.859999999999999,5.06,1.8,3.3172727294592823,3.3200000000000003,measured_success,202
555,ppo,1000555,55,triprotic,near,acid,separated,3,5.635,5.358,0.06642682634241759,0,0,,0,0,0,0,0,50,0,0.20244147715777228,0.5000000000000002,0.5000000000000002,0.0,5.560441477157772,5.5600000000000005,max_steps,202
555,ppo,1000555,56,diprotic,medium,acid,separated,2,5.966,4.142,0.033671538577273605,3,1,0.21,1,1,0,1,0,4,3,0.007285497493341175,8.129999999999999,5.4799999999999995,2.65,4.134714502506659,4.13,measured_success,202
555,ppo,1000555,57,triprotic,near,acid,separated,3,5.378,4.927,0.09098345339909568,0,0,,1,1,0,1,0,2,0,0.003243087294425351,2.36,2.36,0.0,4.930243087294425,4.93,measured_success,202
555,ppo,1000555,58,monoprotic,near,base,single,1,4.485,4.803,0.053604724643200596,2,1,0.025,1,1,0,1,0,6,2,0.025159953253823808,2.84,1.3299999999999998,1.51,4.777840046746176,4.78,measured_success,202
555,ppo,1000555,59,monoprotic,near,acid,single,1,6.921,6.332,0.08532762050699656,2,0,0.315,1,0,0,1,0,3,2,0.0924904425083044,2.45,1.82,0.63,6.424490442508304,6.42,measured_success,202
555,ppo,1000555,60,triprotic,near,acid,separated,3,3.038,2.694,0.1564423100835004,0,0,,1,0,0,1,0,1,0,0.08586726418252866,1.51,1.51,0.0,2.7798672641825286,2.7800000000000002,measured_success,202
555,ppo,1000555,61,monoprotic,near,acid,single,1,2.622,2.385,0.144962359632151,1,0,1.06,1,1,0,1,0,1,1,0.018038836905069466,2.12,2.12,0.0,2.3669611630949303,2.37,measured_success,202
555,ppo,1000555,62,diprotic,medium,acid,separated,2,5.87,4.277,0.057701060871494673,0,0,,1,0,0,1,0,1,0,0.057270545456781896,5.06,5.06,0.0,4.334270545456782,4.33,measured_success,202
555,ppo,1000555,63,diprotic,far,base,separated,2,6.411,9.533,0.03894082783453959,41,28,0.01,0,0,0,0,0,50,41,0.1344095730439836,20.86999999999999,10.309999999999997,10.559999999999993,9.667409573043983,9.67,max_steps,202
555,ppo,1000555,64,monoprotic,near,acid,single,1,5.574,5.182,0.16269777137891753,0,0,,1,1,0,1,0,3,0,0.03687641907397854,2.9899999999999998,2.9899999999999998,0.0,5.218876419073979,5.22,measured_success,202
555,ppo,1000555,65,monoprotic,near,base,single,1,6.186,6.672,0.1106128105335188,1,0,1.06,1,0,0,1,0,1,1,0.056545883398430696,2.12,0.0,2.12,6.72854588339843,6.73,measured_success,202
555,ppo,1000555,66,diprotic,medium,base,separated,2,2.477,4.394,0.033309631979415874,1,0,2.625,1,0,0,1,0,3,1,0.06101857197908167,7.41,2.16,5.25,4.455018571979082,4.46,measured_success,202
555,ppo,1000555,67,triprotic,far,acid,separated,3,4.042,1.874,0.0946567319904049,1,0,0.9,1,1,0,1,0,3,1,0.01630726501084112,10.5,10.5,0.0,1.857692734989159,1.86,measured_success,202
555,ppo,1000555,68,diprotic,medium,acid,separated,2,3.371,2.589,0.04843020316531458,2,1,0.425,1,0,0,1,0,4,2,0.07014372423405613,5.779999999999999,3.9,1.88,2.659143724234056,2.66,measured_success,202
555,ppo,1000555,69,triprotic,near,base,separated,3,6.521,6.89,0.0990099325237329,1,0,1.06,1,0,0,1,0,1,1,0.08333671175588453,2.12,0.0,2.12,6.973336711755884,6.97,measured_success,202
555,ppo,1000555,70,diprotic,medium,base,separated,2,7.359,9.284,0.03662904559623369,6,3,0.015,1,0,0,1,0,13,6,0.06529841342224252,11.62,5.170000000000001,6.449999999999998,9.218701586577758,9.22,measured_success,202
555,ppo,1000555,71,triprotic,far,acid,separated,3,7.138,4.819,0.08397672488830703,1,0,0.315,1,1,0,1,0,5,1,0.04461409191459875,13.49,13.49,0.0,4.774385908085401,4.7700000000000005,measured_success,202
555,ppo,1000555,72,diprotic,far,base,separated,2,4.383,8.344,0.165490480839979,43,22,0.01,0,0,1,0,0,50,43,0.6262562667544049,14.57999999999999,4.019999999999996,10.559999999999993,8.970256266754404,8.97,max_steps,202
555,ppo,1000555,73,monoprotic,near,acid,single,1,3.337,2.881,0.03394417979994116,3,1,0.135,1,1,0,1,0,4,3,0.03501064878750482,3.7800000000000002,2.39,1.3900000000000001,2.845989351212495,2.85,measured_success,202
555,ppo,1000555,74,monoprotic,near,acid,single,1,3.029,2.528,0.09472594857039085,0,0,,1,0,0,1,0,3,0,0.06173481201479758,4.0,4.0,0.0,2.5897348120147976,2.59,measured_success,202
555,ppo,1000555,75,diprotic,far,base,separated,2,2.548,6.149,0.032903802340329975,5,3,0.075,1,1,0,1,0,7,5,0.03708419593382839,12.81,3.6799999999999997,9.13,6.186084195933828,6.19,measured_success,202
555,ppo,1000555,76,triprotic,medium,base,separated,3,2.917,4.27,0.07362735521973231,1,0,0.265,1,1,0,1,0,2,1,0.0074452275269258905,5.78,0.0,5.78,4.2774452275269255,4.28,measured_success,202
555,ppo,1000555,77,monoprotic,far,acid,single,1,4.612,2.104,0.09162300238769853,2,1,0.45,1,1,0,1,0,4,2,0.0027048063763901453,12.410000000000002,11.510000000000002,0.9,2.1067048063763902,2.11,measured_success,202
555,ppo,1000555,78,triprotic,near,base,separated,3,5.533,5.854,0.030751456726197463,2,0,0.315,1,1,0,1,0,3,2,0.014587406908028733,3.6,1.48,2.12,5.839412593091971,5.84,measured_success,202
555,ppo,1000555,79,diprotic,medium,acid,separated,2,4.875,3.995,0.06477245518481839,1,0,1.935,1,1,0,1,0,4,1,0.0424056507179138,5.17,3.87,1.3,3.9525943492820863,3.95,measured_success,202
555,ppo,1000555,80,monoprotic,near,base,single,1,3.673,3.979,0.0433567865320269,1,1,0.755,1,0,0,1,0,2,1,0.05640078332856735,2.26,0.75,1.51,4.035400783328567,4.04,measured_success,202
555,ppo,1000555,81,monoprotic,far,base,single,1,5.353,8.334,0.08519404216893074,4,3,0.015,1,0,0,1,0,12,4,0.07496793560397563,19.02,5.220000000000001,13.799999999999999,8.259032064396024,8.26,measured_success,202
555,ppo,1000555,82,triprotic,medium,acid,separated,3,4.517,3.157,0.03176341604719784,4,1,0.21,1,0,0,1,0,4,4,0.08290979027116574,6.9399999999999995,4.72,2.22,3.2399097902711658,3.24,measured_success,202
555,ppo,1000555,83,diprotic,near,base,separated,2,1.919,2.477,0.0816155549081066,0,0,,1,1,0,1,0,3,0,0.006931211379902269,4.0,0.0,4.0,2.4700687886200976,2.47,measured_success,202
555,ppo,1000555,84,monoprotic,near,base,single,1,2.961,3.568,0.04959355745297828,2,0,0.315,1,1,0,1,0,3,2,0.023688109545778158,3.7399999999999998,1.48,2.26,3.544311890454222,3.54,measured_success,202
555,ppo,1000555,85,diprotic,far,base,overlapping,2,2.922,5.896,0.09871451045139137,6,4,0.015,1,1,0,1,0,12,6,0.04686119380845266,17.490000000000002,5.030000000000001,12.46,5.849138806191547,5.8500000000000005,measured_success,202
555,ppo,1000555,86,triprotic,medium,base,overlapping,3,3.527,5.061,0.09236759824517696,2,1,0.315,1,0,0,1,0,6,2,0.06023103602833402,11.07,1.42,9.65,5.000768963971666,5.0,measured_success,202
555,ppo,1000555,87,triprotic,near,acid,separated,3,8.276,7.779,0.03507573776611064,0,0,,0,0,0,0,0,50,0,0.17767679964197214,0.5000000000000002,0.5000000000000002,0.0,7.956676799641972,7.96,max_steps,202
555,ppo,1000555,88,diprotic,far,base,separated,2,5.231,7.916,0.1226493632633114,6,5,0.015,1,0,0,1,0,12,6,0.07211907755101166,14.0,3.1399999999999997,10.860000000000001,7.843880922448989,7.84,measured_success,202
555,ppo,1000555,89,triprotic,medium,acid,separated,3,3.375,2.617,0.1222913127986619,0,0,,1,0,0,1,0,2,0,0.08838198027317556,5.28,5.28,0.0,2.7053819802731756,2.71,measured_success,202
555,ppo,1000555,90,monoprotic,far,base,single,1,7.637,10.614,0.16250452239808638,2,0,0.06,1,0,0,1,0,9,2,0.08403887247834518,14.26,0.77,13.49,10.529961127521656,10.53,measured_success,202
555,ppo,1000555,91,monoprotic,near,acid,single,1,4.323,3.853,0.12101080284690767,0,0,,1,0,0,1,0,3,0,0.06212268089839634,3.39,3.39,0.0,3.9151226808983965,3.92,measured_success,202
555,ppo,1000555,92,monoprotic,medium,base,single,1,5.567,7.036,0.030992487582097543,3,1,0.315,1,1,0,1,0,4,3,0.047286402404980166,10.030000000000001,4.15,5.88,7.08328640240498,7.08,measured_success,202
555,ppo,1000555,93,diprotic,medium,base,overlapping,2,3.609,4.935,0.07944044268104247,5,2,0.03,1,1,0,1,0,12,5,0.0025543446525260194,11.33,5.2,6.13,4.937554344652526,4.94,measured_success,202
555,ppo,1000555,94,monoprotic,far,acid,single,1,4.941,1.95,0.17826209650052247,1,0,1.82,1,1,0,1,0,3,1,0.03656239385918725,10.340000000000002,9.71,0.63,1.9134376061408127,1.9100000000000001,measured_success,202
555,ppo,1000555,95,triprotic,far,base,separated,3,2.919,5.617,0.17430830010019968,0,0,,1,0,0,1,0,33,0,0.08788847047365334,26.300000000000036,0.0,26.300000000000036,5.529111529526347,5.53,measured_success,202
555,ppo,1000555,96,triprotic,far,acid,separated,3,7.769,4.551,0.05445269933460549,1,0,3.93,1,1,0,1,0,1,1,0.022023447705061372,7.86,7.86,0.0,4.528976552294939,4.53,measured_success,202
555,ppo,1000555,97,diprotic,near,acid,separated,2,4.519,4.232,0.06819479680699449,0,0,,1,0,0,1,0,1,0,0.05720528477597053,1.51,1.51,0.0,4.289205284775971,4.29,measured_success,202
555,ppo,1000555,98,diprotic,far,base,separated,2,6.537,9.978,0.03318784814180136,4,1,0.085,1,0,0,1,0,9,4,0.09681834913129173,14.29,7.05,7.24,9.881181650868708,9.88,measured_success,202
555,ppo,1000555,99,monoprotic,far,base,single,1,1.721,4.423,0.15608450843207838,4,3,0.075,1,0,0,1,0,11,4,0.05272883170664322,21.09,2.48,18.61,4.370271168293357,4.37,measured_success,202
555,ppo,1000555,100,diprotic,far,base,separated,2,6.928,9.969,0.05973420145874732,5,1,0.01,1,1,0,1,0,14,5,0.03198013567731017,11.35,3.7700000000000005,7.579999999999999,10.00098013567731,10.0,measured_success,202
555,ppo,1000555,101,monoprotic,medium,base,single,1,2.517,4.391,0.03140772092769141,4,2,0.035,1,0,0,1,0,9,4,0.07233827538609638,9.069999999999999,3.1599999999999997,5.909999999999999,4.318661724613904,4.32,measured_success,202
555,ppo,1000555,102,monoprotic,medium,acid,single,1,4.274,3.425,0.04983348653777496,3,1,0.21,1,1,0,1,0,6,3,0.03335486600922177,8.84,4.66,4.18,3.391645133990778,3.39,measured_success,202
555,ppo,1000555,103,triprotic,medium,base,separated,3,4.88,6.078,0.09878566391620995,0,0,,1,0,0,1,0,13,0,0.07032584049788415,8.17,0.0,8.17,6.007674159502116,6.01,measured_success,202
555,ppo,1000555,104,diprotic,medium,base,separated,2,6.812,8.572,0.08239689365748716,7,4,0.01,1,1,0,1,0,13,7,0.03991586885047482,10.850000000000001,4.830000000000002,6.019999999999999,8.611915868850474,8.61,measured_success,202
555,ppo,1000555,105,triprotic,medium,base,separated,3,2.238,2.951,0.0836254655861694,0,0,,1,0,0,1,0,2,0,0.07967128995979911,3.29,0.0,3.29,2.871328710040201,2.87,measured_success,202
555,ppo,1000555,106,triprotic,near,acid,separated,3,3.145,2.647,0.07998523766905319,2,1,0.515,1,1,0,1,0,3,2,0.04814709430392261,3.7200000000000006,2.6900000000000004,1.03,2.6951470943039224,2.7,measured_success,202
555,ppo,1000555,107,diprotic,far,base,separated,2,5.875,7.947,0.03246872421955214,4,2,0.075,1,1,0,1,0,7,4,0.03868876696353585,10.81,4.300000000000001,6.51,7.908311233036464,7.91,measured_success,202
555,ppo,1000555,108,monoprotic,far,acid,single,1,6.741,3.447,0.12179422661356178,6,7,0.035,1,1,0,1,0,11,6,0.035494946160909535,15.82,9.850000000000001,5.97,3.4824949461609096,3.48,measured_success,202
555,ppo,1000555,109,triprotic,medium,acid,separated,3,3.885,2.321,0.06362932287695508,0,0,,1,1,0,1,0,2,0,0.009808824954772088,6.9799999999999995,6.9799999999999995,0.0,2.3308088249547723,2.33,measured_success,202
555,ppo,1000555,110,diprotic,medium,base,separated,2,2.136,2.934,0.05347125548283578,1,0,0.425,1,1,0,1,0,3,1,0.02037574726652558,4.14,0.0,4.14,2.9543757472665257,2.95,measured_success,202
555,ppo,1000555,111,monoprotic,near,base,single,1,7.232,7.697,0.03151398704767011,3,1,0.155,1,1,0,1,0,5,3,0.013774160658468482,4.0600000000000005,1.63,2.43,7.7107741606584685,7.71,measured_success,202
555,ppo,1000555,112,triprotic,medium,base,separated,3,7.506,9.259,0.033708373137728356,6,5,0.02,1,0,0,1,0,11,6,0.07051142743641492,12.08,5.66,6.42,9.188488572563585,9.19,measured_success,202
555,ppo,1000555,113,triprotic,near,acid,overlapping,3,4.118,3.761,0.036759707987199075,0,0,,1,1,0,1,0,2,0,0.038142323165657466,2.54,2.54,0.0,3.7991423231656576,3.8000000000000003,measured_success,202
555,ppo,1000555,114,monoprotic,near,base,single,1,7.303,7.537,0.0823055380252944,0,0,,0,0,0,0,0,50,0,0.1366728619644908,0.5000000000000002,0.0,0.5000000000000002,7.400327138035509,7.4,max_steps,202
555,ppo,1000555,115,diprotic,medium,acid,separated,2,6.502,4.839,0.053001360411161526,0,0,,1,1,0,1,0,3,0,0.027554277479334033,5.999999999999999,5.999999999999999,0.0,4.8665542774793344,4.87,measured_success,202
555,ppo,1000555,116,triprotic,medium,base,separated,3,2.122,3.313,0.04806114780623803,0,0,,1,0,0,1,0,6,0,0.06762580825022768,6.3599999999999985,0.0,6.3599999999999985,3.2453741917497725,3.25,measured_success,202
555,ppo,1000555,117,diprotic,near,acid,separated,2,4.934,4.282,0.06026656470536592,1,0,0.425,1,1,0,1,0,2,1,0.012996387771298856,2.36,2.36,0.0,4.269003612228701,4.2700000000000005,measured_success,202
555,ppo,1000555,118,monoprotic,near,base,single,1,6.84,7.332,0.05336764640829174,2,0,0.315,1,0,0,1,0,2,2,0.054447595860277254,2.75,0.63,2.12,7.277552404139723,7.28,measured_success,202
555,ppo,1000555,119,monoprotic,medium,acid,single,1,6.649,5.539,0.1282025480828564,3,0,0.315,0,0,0,1,1,4,3,0.10274529233134011,7.1499999999999995,5.35,1.8,5.43625470766866,5.44,measured_success,202
555,ppo,1000555,120,monoprotic,near,acid,single,1,3.083,2.608,0.1220512413823535,0,0,,1,0,0,1,0,2,0,0.061741345220645893,3.1500000000000004,3.1500000000000004,0.0,2.669741345220646,2.67,measured_success,202
555,ppo,1000555,121,monoprotic,near,base,single,1,3.045,3.698,0.038425742972948415,1,0,1.13,1,1,0,1,0,2,1,0.018692547617293886,3.11,0.85,2.26,3.716692547617294,3.72,measured_success,202
555,ppo,1000555,122,monoprotic,medium,acid,single,1,8.656,7.796,0.057628555167688035,0,0,,0,0,0,0,0,50,0,0.3604001060551729,0.6400000000000003,0.6400000000000003,0.0,8.156400106055173,8.16,max_steps,202
555,ppo,1000555,123,diprotic,far,acid,separated,2,5.359,2.179,0.04382574662694125,1,0,0.9,1,0,0,1,0,3,1,0.07471574258820413,11.510000000000002,11.510000000000002,0.0,2.1042842574117957,2.1,measured_success,202
555,ppo,1000555,124,monoprotic,medium,base,single,1,6.588,7.354,0.13041800701209594,0,0,,1,0,0,1,0,5,0,0.05047087675775064,4.72,0.0,4.72,7.3035291232422495,7.3,measured_success,202
555,ppo,1000555,125,monoprotic,medium,acid,single,1,8.251,7.268,0.11516524491024518,0,0,,1,0,0,1,0,40,0,0.05838743347317976,5.009999999999999,5.009999999999999,0.0,7.3263874334731796,7.33,measured_success,202
555,ppo,1000555,126,triprotic,medium,acid,separated,3,4.069,2.719,0.13002334149655775,0,0,,1,0,0,1,0,4,0,0.07193078682553322,10.46,10.46,0.0,2.790930786825533,2.79,measured_success,202
555,ppo,1000555,127,triprotic,near,acid,separated,3,3.799,3.122,0.03118539579233578,3,1,0.21,1,1,0,1,0,4,3,0.026496920596441598,5.779999999999999,3.9,1.88,3.0955030794035583,3.1,measured_success,202
555,ppo,1000555,128,triprotic,medium,base,overlapping,3,4.599,6.393,0.03426936238763362,41,5,0.01,0,0,0,0,0,50,41,0.25339593876128763,13.369999999999992,6.299999999999998,7.069999999999994,6.646395938761287,6.65,max_steps,202
555,ppo,1000555,129,diprotic,near,acid,separated,2,4.998,4.501,0.03467519422873395,2,1,0.27,1,0,0,1,0,3,2,0.07814582148091898,2.8,1.51,1.29,4.579145821480919,4.58,measured_success,202
555,ppo,1000555,130,diprotic,medium,base,separated,2,3.242,3.969,0.06025695986354814,0,0,,1,0,0,1,0,3,0,0.07396644343808267,3.92,0.0,3.92,3.895033556561917,3.9,measured_success,202
555,ppo,1000555,131,triprotic,near,acid,separated,3,2.834,2.427,0.03908979719100891,2,1,0.515,1,1,0,1,0,3,2,0.0034594292245206937,3.66,2.63,1.03,2.4304594292245207,2.43,measured_success,202
555,ppo,1000555,132,triprotic,near,acid,overlapping,3,2.229,1.601,0.07620579271792062,1,0,0.9,1,1,0,1,0,2,1,0.0024521546098550395,5.28,5.28,0.0,1.598547845390145,1.6,measured_success,202
555,ppo,1000555,133,triprotic,medium,base,separated,3,2.456,3.668,0.04059895621970356,2,0,0.315,1,1,0,1,0,3,2,0.020284958062414482,6.73,1.48,5.25,3.6477150419375857,3.65,measured_success,202
555,ppo,1000555,134,monoprotic,near,base,single,1,2.609,2.983,0.04565786536429692,0,0,,1,1,0,1,0,1,0,0.0014314953695948596,1.51,0.0,1.51,2.9815685046304052,2.98,measured_success,202
555,ppo,1000555,135,diprotic,medium,acid,separated,2,4.909,2.999,0.03232354489028574,1,0,2.53,1,1,0,1,0,2,1,0.038678268723895126,5.6899999999999995,5.06,0.63,2.960321731276105,2.96,measured_success,202
555,ppo,1000555,136,monoprotic,near,base,single,1,3.442,3.801,0.06046887776053746,4,2,0.075,1,1,0,1,0,6,3,0.0017895631205790963,3.6599999999999997,1.5299999999999998,2.13,3.8027895631205793,3.8000000000000003,measured_success,202
555,ppo,1000555,137,diprotic,near,acid,separated,2,2.369,2.087,0.11224967908754414,0,0,,1,0,0,1,0,1,0,0.05175608351914418,2.12,2.12,0.0,2.1387560835191444,2.14,measured_success,202
555,ppo,1000555,138,triprotic,far,acid,separated,3,5.42,2.401,0.03951727015559353,2,2,0.45,1,0,0,1,0,4,2,0.08601013651625333,9.22,8.32,0.9,2.487010136516253,2.49,measured_success,202
555,ppo,1000555,139,triprotic,near,base,separated,3,4.566,4.893,0.10832284388315691,2,1,0.375,1,0,0,1,0,2,2,0.06322254671198113,2.26,0.75,1.51,4.829777453288019,4.83,measured_success,202
555,ppo,1000555,140,triprotic,far,base,separated,3,3.184,6.283,0.04094643894411092,5,2,0.035,0,0,0,1,1,8,5,0.1012960128609004,13.370000000000001,2.9899999999999998,10.38,6.384296012860901,6.38,measured_success,202
555,ppo,1000555,141,monoprotic,medium,base,single,1,5.147,6.164,0.14379305920837704,2,0,0.155,1,1,0,1,0,5,2,0.006472026471886494,8.4,0.31,8.09,6.157527973528113,6.16,measured_success,202
555,ppo,1000555,142,diprotic,near,acid,separated,2,4.255,3.719,0.053222591096238066,1,0,0.755,1,1,0,1,0,1,1,0.012459393416619502,1.51,1.51,0.0,3.7065406065833804,3.71,measured_success,202
555,ppo,1000555,143,diprotic,medium,base,overlapping,2,3.804,5.501,0.13894857085461257,0,0,,1,0,0,1,0,11,0,0.06762788494583294,22.650000000000002,0.0,22.650000000000002,5.433372115054167,5.43,measured_success,202
555,ppo,1000555,144,triprotic,medium,acid,overlapping,3,3.332,1.812,0.06718130773776432,0,0,,1,0,0,1,0,2,0,0.051617333460495685,6.1,6.1,0.0,1.8636173334604957,1.86,measured_success,202
555,ppo,1000555,145,diprotic,far,acid,separated,2,4.971,2.453,0.07144029400353175,2,1,0.155,1,1,0,1,0,5,2,0.03791597128028057,11.26,10.44,0.8200000000000001,2.4909159712802804,2.49,measured_success,202
555,ppo,1000555,146,monoprotic,medium,acid,single,1,7.937,7.03,0.07494975241313703,1,0,0.315,1,1,0,1,0,6,1,0.027362424154319775,2.87,2.87,0.0,7.0026375758456805,7.0,measured_success,202
555,ppo,1000555,147,monoprotic,near,base,single,1,2.851,3.387,0.041480539846762456,2,1,0.375,1,1,0,1,0,2,2,0.030282894921274117,2.26,0.75,1.51,3.356717105078726,3.36,measured_success,202
555,ppo,1000555,148,diprotic,far,base,separated,2,6.304,10.061,0.06950935481699497,8,3,0.015,1,0,0,1,0,13,8,0.058417903794737214,18.060000000000002,7.5600000000000005,10.5,10.002582096205263,10.0,measured_success,202
555,ppo,1000555,149,monoprotic,near,acid,single,1,4.745,4.481,0.03761095230601953,4,3,0.075,1,0,0,1,0,5,4,0.0851561869122115,3.4699999999999998,1.82,1.65,4.566156186912211,4.57,measured_success,202
555,ppo,1000555,150,triprotic,near,base,separated,3,2.052,2.483,0.053536953991148405,0,0,,1,1,0,1,0,1,0,0.025802134721757408,1.51,0.0,1.51,2.4571978652782427,2.46,measured_success,202
555,ppo,1000555,151,triprotic,medium,base,separated,3,6.908,7.87,0.17722181101686765,0,0,,1,0,0,1,0,1,0,0.05272070034731602,4.04,0.0,4.04,7.817279299652684,7.82,measured_success,202
555,ppo,1000555,152,triprotic,far,base,separated,3,6.188,8.462,0.08889657322447315,0,0,,1,0,0,1,0,7,0,0.09131016621358867,12.760000000000003,0.0,12.760000000000003,8.370689833786411,8.370000000000001,measured_success,202
555,ppo,1000555,153,diprotic,far,acid,separated,2,5.07,2.83,0.038332093051547354,1,0,3.035,1,1,0,1,0,2,1,0.041846069138987474,6.7,6.07,0.63,2.7881539308610126,2.79,measured_success,202
555,ppo,1000555,154,triprotic,near,base,separated,3,2.585,3.113,0.06044251500249412,1,0,0.425,1,1,0,1,0,3,1,0.018669443538093855,3.39,0.0,3.39,3.131669443538094,3.13,measured_success,202
555,ppo,1000555,155,diprotic,medium,acid,separated,2,5.356,3.839,0.06947431097890891,0,0,,1,1,0,1,0,3,0,0.009963687383005126,7.89,7.89,0.0,3.848963687383005,3.85,measured_success,202
555,ppo,1000555,156,diprotic,near,base,separated,2,3.306,3.977,0.07757775191071417,0,0,,1,1,0,1,0,3,0,0.0033983513553397238,4.6899999999999995,0.0,4.6899999999999995,3.97360164864466,3.97,measured_success,202
555,ppo,1000555,157,diprotic,medium,acid,separated,2,4.207,2.8,0.08995537540730805,2,0,0.9,1,0,0,1,0,2,2,0.09355308668334494,5.67,3.87,1.8,2.8935530866833448,2.89,measured_success,202
555,ppo,1000555,158,monoprotic,medium,acid,single,1,6.25,4.494,0.1331805516596704,4,1,0.045,1,1,0,1,0,8,4,0.0065565343377578245,8.79,7.31,1.4800000000000002,4.500556534337758,4.5,measured_success,202
555,ppo,1000555,159,monoprotic,near,base,single,1,7.884,8.572,0.03610210775557044,2,1,0.18,1,1,0,1,0,4,2,0.005332909991690116,3.5100000000000002,1.21,2.3000000000000003,8.566667090008309,8.57,measured_success,202
555,ppo,1000555,160,diprotic,far,base,separated,2,6.996,10.488,0.10911931389124217,6,3,0.02,1,0,0,1,0,10,6,0.05399350960694704,11.31,3.77,7.540000000000001,10.434006490393053,10.43,measured_success,202
555,ppo,1000555,161,diprotic,medium,base,separated,2,6.377,7.826,0.05838764728173035,5,3,0.035,1,1,0,1,0,10,5,0.020114827661665835,12.400000000000002,5.8900000000000015,6.51,7.8461148276616655,7.8500000000000005,measured_success,202
555,ppo,1000555,162,triprotic,near,acid,separated,3,4.852,4.235,0.09991544481444366,0,0,,1,1,0,1,0,3,0,0.024547447858879856,3.17,3.17,0.0,4.25954744785888,4.26,measured_success,202
555,ppo,1000555,163,triprotic,medium,acid,separated,3,8.134,7.295,0.04550913463857455,0,0,,0,0,0,0,0,50,0,0.27912921194630336,0.5800000000000004,0.5800000000000004,0.0,7.574129211946303,7.57,max_steps,202
555,ppo,1000555,164,monoprotic,medium,base,single,1,7.936,9.008,0.13377307681303424,0,0,,1,0,0,1,0,34,0,0.05439211029541369,5.7799999999999985,0.0,5.7799999999999985,8.953607889704585,8.950000000000001,measured_success,202
555,ppo,1000555,165,diprotic,near,acid,separated,2,5.516,4.915,0.17889358981550504,0,0,,1,0,0,1,0,16,0,0.08277336235921684,8.85,8.85,0.0,4.997773362359217,5.0,measured_success,202
555,ppo,1000555,166,monoprotic,near,base,single,1,6.677,7.188,0.1381700582061839,0,0,,1,0,0,1,0,7,0,0.08067915676831827,5.339999999999999,0.0,5.339999999999999,7.1073208432316815,7.11,measured_success,202
555,ppo,1000555,167,triprotic,medium,base,separated,3,2.269,3.156,0.10355588398605749,0,0,,1,1,0,1,0,4,0,0.017957090526214525,5.72,0.0,5.72,3.1380429094737856,3.14,measured_success,202
555,ppo,1000555,168,triprotic,medium,base,separated,3,4.466,6.21,0.05828658609505992,1,0,2.625,1,0,0,1,0,2,1,0.09341049293659065,5.78,0.53,5.25,6.303410492936591,6.3,measured_success,202
555,ppo,1000555,169,diprotic,medium,acid,separated,2,7.257,6.396,0.12053565998255494,0,0,,1,0,0,1,0,8,0,0.07812386980489539,5.849999999999999,5.849999999999999,0.0,6.474123869804895,6.47,measured_success,202
555,ppo,1000555,170,monoprotic,medium,acid,single,1,6.084,4.547,0.11369063661338982,2,1,0.155,1,1,0,1,0,6,2,0.02390360985186657,9.88,9.06,0.8200000000000001,4.570903609851866,4.57,measured_success,202
555,ppo,1000555,171,triprotic,medium,base,overlapping,3,2.559,3.881,0.10732998947051343,0,0,,1,0,0,1,0,21,0,0.05786709477697771,21.709999999999987,0.0,21.709999999999987,3.823132905223022,3.8200000000000003,measured_success,202
555,ppo,1000555,172,monoprotic,medium,acid,single,1,7.498,6.62,0.042328229786178874,1,0,1.06,1,0,0,1,0,1,1,0.058284963084651586,2.12,2.12,0.0,6.5617150369153485,6.5600000000000005,measured_success,202
555,ppo,1000555,173,triprotic,near,base,separated,3,5.609,6.261,0.11957074942929048,0,0,,1,1,0,1,0,3,0,0.0028777177057603964,3.5300000000000002,0.0,3.5300000000000002,6.25812228229424,6.26,measured_success,202
555,ppo,1000555,174,diprotic,medium,acid,separated,2,4.163,2.775,0.1068059125466876,2,1,0.255,1,1,0,1,0,4,2,0.015991000048970694,7.21,6.7,0.51,2.7909910000489706,2.79,measured_success,202
555,ppo,1000555,175,diprotic,medium,acid,separated,2,4.515,2.666,0.047896619522075544,2,0,0.27,1,1,0,1,0,3,2,0.03296120583111817,6.2299999999999995,5.06,1.17,2.698961205831118,2.7,measured_success,202
555,ppo,1000555,176,monoprotic,medium,acid,single,1,3.666,1.794,0.16349382586116254,0,0,,1,0,0,1,0,10,0,0.07050272402916136,23.120000000000005,23.120000000000005,0.0,1.8645027240291614,1.86,measured_success,202
555,ppo,1000555,177,monoprotic,far,acid,single,1,5.119,1.801,0.11380418266597117,0,0,,1,0,0,1,0,3,0,0.09588595641888564,11.510000000000002,11.510000000000002,0.0,1.8968859564188856,1.9000000000000001,measured_success,202
555,ppo,1000555,178,monoprotic,near,acid,single,1,5.258,4.743,0.09307832673932444,0,0,,1,0,0,1,0,2,0,0.09237532932261061,2.36,2.36,0.0,4.835375329322611,4.84,measured_success,202
555,ppo,1000555,179,monoprotic,near,acid,single,1,2.295,2.042,0.07289163731797198,1,0,1.06,1,1,0,1,0,1,1,0.02719988804568274,2.12,2.12,0.0,2.014800111954317,2.0100000000000002,measured_success,202
555,ppo,1000555,180,diprotic,near,acid,separated,2,4.384,3.738,0.12395652817877055,1,1,0.515,1,1,0,1,0,3,1,0.004380554627965605,3.7199999999999998,3.21,0.51,3.7336194453720344,3.73,measured_success,202
555,ppo,1000555,181,diprotic,near,base,separated,2,3.78,3.983,0.06516068996019937,1,1,0.755,1,0,0,1,0,2,1,0.06950886935606748,2.26,0.75,1.51,4.052508869356068,4.05,measured_success,202
555,ppo,1000555,182,monoprotic,far,base,single,1,7.105,10.142,0.09685686946499814,4,2,0.02,1,1,0,1,0,11,4,0.03514556285051995,11.97,2.33,9.64,10.10685443714948,10.11,measured_success,202
555,ppo,1000555,183,diprotic,medium,acid,overlapping,2,4.138,2.627,0.05184491753074319,2,1,0.255,1,0,0,1,0,5,2,0.08307482219157869,10.049999999999999,9.54,0.51,2.7100748221915785,2.71,measured_success,202
555,ppo,1000555,184,monoprotic,medium,base,single,1,2.92,3.768,0.11861646978420323,0,0,,1,0,0,1,0,2,0,0.05371823035778167,3.84,0.0,3.84,3.714281769642218,3.71,measured_success,202
555,ppo,1000555,185,diprotic,medium,acid,overlapping,2,4.084,2.58,0.045442510574351565,1,0,0.515,1,1,0,1,0,3,1,0.006390972134286521,7.89,7.89,0.0,2.5736090278657135,2.57,measured_success,202
555,ppo,1000555,186,monoprotic,medium,acid,single,1,2.895,2.042,0.07818433001061152,0,0,,1,0,0,1,0,1,0,0.057039017402376935,3.48,3.48,0.0,2.0990390174023767,2.1,measured_success,202
555,ppo,1000555,187,diprotic,near,base,separated,2,1.778,2.371,0.09011031951168463,0,0,,1,0,0,1,0,6,0,0.08239182080370488,5.47,0.0,5.47,2.288608179196295,2.29,measured_success,202
555,ppo,1000555,188,triprotic,near,base,separated,3,3.341,3.948,0.05135639167073986,0,0,,1,1,0,1,0,3,0,0.019072553419056337,3.92,0.0,3.92,3.9289274465809436,3.93,measured_success,202
555,ppo,1000555,189,diprotic,medium,base,separated,2,3.825,5.202,0.053886269531089756,1,0,2.625,1,1,0,1,0,3,1,0.024309529126405494,6.73,1.48,5.25,5.2263095291264055,5.23,measured_success,202
555,ppo,1000555,190,triprotic,near,acid,separated,3,7.354,6.905,0.14167856924766212,0,0,,0,0,0,0,0,50,0,0.3914404152716964,0.5000000000000002,0.5000000000000002,0.0,7.296440415271697,7.3,max_steps,202
555,ppo,1000555,191,monoprotic,medium,base,single,1,2.104,3.665,0.12124889653126117,1,0,0.155,1,1,0,1,0,5,1,0.006784436560050899,7.799999999999999,0.0,7.799999999999999,3.671784436560051,3.67,measured_success,202
555,ppo,1000555,192,diprotic,medium,acid,overlapping,2,4.692,3.948,0.06426339168746766,2,1,0.255,1,1,0,1,0,3,2,0.03494349321591583,3.7199999999999998,3.21,0.51,3.982943493215916,3.98,measured_success,202
555,ppo,1000555,193,monoprotic,medium,base,single,1,6.814,7.783,0.07191838943597476,4,2,0.075,1,1,0,1,0,6,4,0.028629514161356617,6.969999999999999,2.31,4.659999999999999,7.754370485838644,7.75,measured_success,202
555,ppo,1000555,194,diprotic,medium,base,separated,2,5.31,7.182,0.1275564872240966,2,1,0.265,1,1,0,1,0,7,3,0.0018553617743748418,12.47,0.53,11.940000000000001,7.183855361774375,7.18,measured_success,202
555,ppo,1000555,195,triprotic,medium,acid,separated,3,2.932,2.12,0.15501630646031608,2,1,0.255,1,1,0,1,0,3,2,0.01774936646498748,5.02,4.51,0.51,2.1377493664649876,2.14,measured_success,202
555,ppo,1000555,196,monoprotic,near,acid,single,1,5.935,5.354,0.09607010246128506,0,0,,1,0,0,1,0,3,0,0.09544434834244608,2.45,2.45,0.0,5.449444348342446,5.45,measured_success,202
555,ppo,1000555,197,triprotic,far,base,separated,3,2.145,4.682,0.11718268348760014,0,0,,1,0,0,1,0,10,0,0.06951545490834476,17.049999999999994,0.0,17.049999999999994,4.612484545091656,4.61,measured_success,202
555,ppo,1000555,198,monoprotic,medium,base,single,1,7.886,9.371,0.037842136177439374,2,1,0.02,1,0,0,1,0,9,2,0.09345021576636192,1.31,0.12,1.19,9.277549784233639,9.28,measured_success,202
555,ppo,1000555,199,monoprotic,far,base,single,1,2.358,6.128,0.1051376797126492,46,24,0.01,0,0,1,0,0,50,46,0.6079801422244628,13.679999999999989,3.919999999999995,9.759999999999994,5.520019857775537,5.5200000000000005,max_steps,202
555,ppo,1000555,200,diprotic,medium,base,separated,2,7.522,8.706,0.16554480615651337,3,0,0.155,1,0,0,1,0,9,3,0.09486000056478261,8.58,3.2399999999999998,5.34,8.800860000564782,8.8,measured_success,202
555,ppo,1000555,201,triprotic,medium,acid,overlapping,3,5.096,3.416,0.05020922192938244,0,0,,1,1,0,1,0,3,0,0.04923912282737364,7.89,7.89,0.0,3.4652391228273736,3.47,measured_success,202
555,ppo,1000555,202,monoprotic,near,base,single,1,5.099,5.328,0.08356496053758596,0,0,,0,0,0,0,0,50,0,0.13010487429549844,0.5000000000000002,0.0,0.5000000000000002,5.197895125704502,5.2,max_steps,202
555,ppo,1000555,203,monoprotic,far,base,single,1,8.393,10.97,0.045543986798849245,2,0,0.085,1,0,0,1,0,7,2,0.061157394610470206,11.55,5.069999999999999,6.48,10.90884260538953,10.91,measured_success,202
555,ppo,1000555,204,diprotic,near,acid,separated,2,4.289,3.658,0.12863722238509115,1,0,0.515,1,1,0,1,0,2,1,0.012882549501629814,3.21,3.21,0.0,3.64511745049837,3.65,measured_success,202
555,ppo,1000555,205,monoprotic,near,acid,single,1,8.354,7.775,0.034229023215368595,0,0,,0,0,0,0,0,50,0,0.39800366771126683,0.5000000000000002,0.5000000000000002,0.0,8.173003667711267,8.17,max_steps,202
555,ppo,1000555,206,diprotic,medium,acid,separated,2,4.942,3.464,0.038585422704781124,1,0,0.315,1,1,0,1,0,2,1,0.038018168711196676,4.5,4.5,0.0,3.4259818312888033,3.43,measured_success,202
555,ppo,1000555,207,monoprotic,medium,base,single,1,6.162,7.294,0.169341067978289,0,0,,1,0,0,1,0,4,0,0.09088198630066824,8.09,0.0,8.09,7.203118013699331,7.2,measured_success,202
555,ppo,1000555,208,monoprotic,near,acid,single,1,4.536,4.297,0.07047325110343247,1,1,0.755,1,1,0,1,0,2,1,0.01234845591707856,2.26,1.51,0.75,4.284651544082921,4.28,measured_success,202
555,ppo,1000555,209,triprotic,medium,base,separated,3,6.603,8.135,0.04078677994014216,6,3,0.015,1,0,0,1,0,9,6,0.09130548787906356,12.370000000000001,5.860000000000001,6.51,8.043694512120936,8.040000000000001,measured_success,202
555,ppo,1000555,210,diprotic,far,acid,separated,2,4.939,2.876,0.12823228742785706,4,1,0.21,1,0,0,1,0,6,4,0.06586826494460629,15.41,13.19,2.22,2.941868264944606,2.94,measured_success,202
555,ppo,1000555,211,diprotic,far,base,separated,2,3.969,7.194,0.14041321624828243,6,4,0.015,1,0,0,1,0,11,6,0.05675671752989064,13.25,3.1799999999999993,10.07,7.137243282470109,7.140000000000001,measured_success,202
555,ppo,1000555,212,monoprotic,near,acid,single,1,8.601,8.378,0.047965135575222535,0,0,,1,0,0,1,0,29,0,0.09644119739705914,0.2900000000000001,0.2900000000000001,0.0,8.47444119739706,8.47,measured_success,202
555,ppo,1000555,213,diprotic,near,base,separated,2,5.165,5.606,0.046027805756672514,2,0,0.315,1,0,0,1,0,3,2,0.0668498323734692,3.6,1.48,2.12,5.539150167626531,5.54,measured_success,202
555,ppo,1000555,214,diprotic,far,base,separated,2,5.695,8.544,0.03855325660996676,43,43,0.01,0,0,1,0,0,50,43,0.6950835162909748,15.059999999999993,7.4499999999999975,7.609999999999996,9.239083516290975,9.24,max_steps,202
555,ppo,1000555,215,diprotic,medium,base,separated,2,2.999,4.781,0.11155550148533228,0,0,,1,0,0,1,0,16,0,0.0871210632313284,17.849999999999994,0.0,17.849999999999994,4.693878936768671,4.69,measured_success,202
555,ppo,1000555,216,monoprotic,medium,acid,single,1,7.167,5.82,0.06591257503330852,6,7,0.035,1,1,0,1,0,10,6,0.037351141833665835,9.84,5.53,4.3100000000000005,5.857351141833666,5.86,measured_success,202
555,ppo,1000555,217,monoprotic,far,base,single,1,7.856,10.777,0.09474121621025614,5,1,0.04,1,1,0,1,0,7,5,0.01948759130870137,9.51,2.32,7.19,10.7964875913087,10.8,measured_success,202
555,ppo,1000555,218,monoprotic,medium,base,single,1,3.232,5.011,0.10925539273748727,0,0,,1,1,0,1,0,8,0,0.020652577587957133,8.239999999999998,0.0,8.239999999999998,4.990347422412043,4.99,measured_success,202
555,ppo,1000555,219,monoprotic,medium,base,single,1,2.592,4.2,0.09604421889165715,0,0,,1,0,0,1,0,8,0,0.08451607600438837,8.239999999999998,0.0,8.239999999999998,4.115483923995612,4.12,measured_success,202
555,ppo,1000555,220,diprotic,far,base,separated,2,5.779,9.563,0.10155924816953053,3,1,0.085,1,1,0,1,0,9,3,0.006894193165054574,23.14,3.42,19.720000000000002,9.569894193165055,9.57,measured_success,202
555,ppo,1000555,221,monoprotic,medium,acid,single,1,5.433,4.349,0.0439604077671191,4,1,0.155,1,0,0,1,0,5,4,0.06440829785439917,7.25,4.72,2.5300000000000002,4.413408297854399,4.41,measured_success,202
555,ppo,1000555,222,monoprotic,far,base,single,1,6.228,9.123,0.07703957786107608,46,21,0.01,0,0,0,0,0,50,46,0.11135281462555646,12.72999999999999,4.399999999999996,8.329999999999995,9.011647185374443,9.01,max_steps,202
555,ppo,1000555,223,diprotic,far,base,separated,2,4.763,8.724,0.1235409144970143,3,1,0.155,1,1,0,1,0,14,3,0.02761074450940626,23.150000000000002,1.7600000000000002,21.39,8.751610744509406,8.75,measured_success,202
555,ppo,1000555,224,monoprotic,near,acid,single,1,6.551,6.301,0.03844312633258921,0,0,,1,0,0,1,0,34,0,0.09976888404533035,0.34000000000000014,0.34000000000000014,0.0,6.4007688840453305,6.4,measured_success,202
555,ppo,1000555,225,monoprotic,medium,base,single,1,3.31,4.792,0.03264209734030306,4,2,0.075,1,1,0,1,0,10,4,0.017757522629841205,10.2,4.44,5.76,4.774242477370159,4.7700000000000005,measured_success,202
555,ppo,1000555,226,monoprotic,medium,acid,single,1,6.568,4.639,0.05812158583508036,5,0,0.06,1,0,0,1,0,10,5,0.08258838696212845,11.5,6.9799999999999995,4.5200000000000005,4.556411613037872,4.5600000000000005,measured_success,202
555,ppo,1000555,227,triprotic,near,acid,separated,3,7.22,6.858,0.13060538560419857,0,0,,0,0,0,0,0,50,0,0.27588167938935104,0.5000000000000002,0.5000000000000002,0.0,7.133881679389351,7.13,max_steps,202
555,ppo,1000555,228,diprotic,near,acid,separated,2,3.251,2.838,0.045623755703879686,1,0,1.06,1,1,0,1,0,2,1,0.04644169485163818,3.1500000000000004,2.12,1.03,2.791558305148362,2.79,measured_success,202
555,ppo,1000555,229,diprotic,near,acid,separated,2,2.863,2.601,0.0908947959172715,0,0,,1,0,0,1,0,1,0,0.08086509560946631,1.51,1.51,0.0,2.6818650956094663,2.68,measured_success,202
555,ppo,1000555,230,monoprotic,near,base,single,1,5.116,5.473,0.056608248143708996,2,1,0.53,1,1,0,1,0,2,2,0.006442791824276206,3.18,1.06,2.12,5.466557208175724,5.47,measured_success,202
555,ppo,1000555,231,triprotic,near,acid,separated,3,7.745,7.131,0.04304368551391558,1,0,1.06,1,1,0,1,0,3,1,0.04046406981360562,3.06,2.12,0.94,7.090535930186395,7.09,measured_success,202
555,ppo,1000555,232,monoprotic,near,acid,single,1,5.473,5.02,0.0318955175894685,1,1,0.755,1,0,0,1,0,2,1,0.05675486365350402,2.26,1.51,0.75,4.963245136346496,4.96,measured_success,202
555,ppo,1000555,233,diprotic,near,acid,separated,2,4.871,4.232,0.09158418079687525,0,0,,1,0,0,1,0,3,0,0.09009391649386611,3.17,3.17,0.0,4.322093916493866,4.32,measured_success,202
555,ppo,1000555,234,diprotic,near,base,separated,2,3.258,3.494,0.11688698000110406,1,1,0.755,1,0,0,1,0,2,1,0.09015853411789765,2.26,0.75,1.51,3.584158534117898,3.58,measured_success,202
555,ppo,1000555,235,triprotic,medium,base,separated,3,6.07,8.0,0.055193175196178106,3,1,0.28,1,0,0,1,0,6,3,0.09157500357594017,10.34,2.85,7.49,8.09157500357594,8.09,measured_success,202
555,ppo,1000555,236,diprotic,medium,acid,separated,2,4.901,3.359,0.1588474626158651,0,0,,1,0,0,1,0,10,0,0.09505987590544773,14.640000000000002,14.640000000000002,0.0,3.4540598759054477,3.45,measured_success,202
555,ppo,1000555,237,triprotic,medium,acid,separated,3,6.509,5.443,0.11101174233322765,0,0,,1,0,0,1,0,4,0,0.08097035184950485,7.33,7.33,0.0,5.5239703518495045,5.5200000000000005,measured_success,202
555,ppo,1000555,238,diprotic,medium,acid,separated,2,3.634,2.559,0.0966244674436019,0,0,,1,0,0,1,0,3,0,0.08760800437177352,6.7,6.7,0.0,2.6466080043717737,2.65,measured_success,202
555,ppo,1000555,239,monoprotic,medium,acid,single,1,2.69,1.798,0.030645362901322182,0,0,,1,0,0,1,0,1,0,0.0776779236178311,3.87,3.87,0.0,1.8756779236178311,1.8800000000000001,measured_success,202
555,ppo,1000555,240,monoprotic,far,base,single,1,6.193,8.481,0.12714823340405138,6,3,0.015,1,0,0,1,0,9,6,0.07310726624587538,9.729999999999999,2.77,6.959999999999999,8.407892733754124,8.41,measured_success,202
555,ppo,1000555,241,diprotic,medium,base,separated,2,3.603,5.463,0.12549590885394912,0,0,,1,0,0,1,0,9,0,0.07574848053626493,12.190000000000001,0.0,12.190000000000001,5.387251519463735,5.39,measured_success,202
555,ppo,1000555,242,triprotic,medium,acid,separated,3,7.302,6.299,0.034221787433249724,2,0,0.18,1,0,0,1,0,3,2,0.05372063743483313,3.33,2.12,1.21,6.3527206374348335,6.3500000000000005,measured_success,202
555,ppo,1000555,243,triprotic,far,acid,separated,3,4.582,2.383,0.08260204287464143,1,0,0.425,1,1,0,1,0,8,1,0.026878485855653445,19.530000000000005,19.530000000000005,0.0,2.3561215141443466,2.36,measured_success,202
555,ppo,1000555,244,diprotic,medium,acid,separated,2,4.242,2.547,0.10791417056490243,0,0,,1,0,0,1,0,6,0,0.0834849956237309,11.289999999999997,11.289999999999997,0.0,2.630484995623731,2.63,measured_success,202
555,ppo,1000555,245,monoprotic,near,acid,single,1,3.806,3.4,0.05401835237169359,0,0,,1,1,0,1,0,1,0,0.02893209009772546,1.51,1.51,0.0,3.4289320900977254,3.43,measured_success,202
555,ppo,1000555,246,diprotic,medium,base,separated,2,2.7,3.926,0.042702450219009765,2,0,0.155,1,1,0,1,0,4,2,0.010882451770539703,7.04,1.79,5.25,3.9151175482294605,3.92,measured_success,202
555,ppo,1000555,247,triprotic,medium,acid,separated,3,5.341,3.635,0.04197088419882075,0,0,,1,0,0,1,0,1,0,0.07516091286464821,5.06,5.06,0.0,3.710160912864648,3.71,measured_success,202
555,ppo,1000555,248,triprotic,near,base,overlapping,3,2.436,3.05,0.09529902860582071,0,0,,1,0,0,1,0,19,0,0.092727421011646,10.740000000000004,0.0,10.740000000000004,2.957272578988354,2.96,measured_success,202
555,ppo,1000555,249,monoprotic,medium,acid,single,1,6.981,5.871,0.16756132482716535,1,0,0.155,1,1,0,1,0,4,1,0.0010631220521517548,6.609999999999999,6.609999999999999,0.0,5.869936877947849,5.87,measured_success,202
555,ppo,1000555,250,diprotic,far,acid,separated,2,5.203,2.609,0.1583230578475344,0,0,,1,1,0,1,0,5,0,0.0030786864442635675,16.180000000000003,16.180000000000003,0.0,2.6120786864442636,2.61,measured_success,202
555,ppo,1000555,251,monoprotic,near,acid,single,1,5.321,5.03,0.031209639445664433,2,1,0.18,1,0,0,1,0,3,2,0.07906854066077695,2.62,1.51,1.1099999999999999,5.109068540660777,5.11,measured_success,202
555,ppo,1000555,252,diprotic,near,base,separated,2,2.071,2.476,0.041544075833512155,1,0,0.755,1,1,0,1,0,1,1,0.01593404105310192,1.51,0.0,1.51,2.491934041053102,2.49,measured_success,202
555,ppo,1000555,253,monoprotic,near,base,single,1,8.377,8.719,0.04088847818051062,0,0,,0,0,0,0,0,50,0,0.15238411281278808,0.5000000000000002,0.0,0.5000000000000002,8.566615887187211,8.57,max_steps,202
555,ppo,1000555,254,triprotic,far,base,separated,3,2.619,6.291,0.12361173783147306,0,0,,1,0,0,1,0,12,0,0.09510655134272916,27.119999999999994,0.0,27.119999999999994,6.195893448657271,6.2,measured_success,202
555,ppo,1000555,255,monoprotic,far,base,single,1,8.153,10.153,0.11798085281016443,2,1,0.04,1,1,0,1,0,15,2,0.013493935780070743,1.8199999999999998,0.08,1.7399999999999998,10.13950606421993,10.14,measured_success,202
555,ppo,1000555,256,triprotic,medium,base,separated,3,7.451,8.284,0.04049552271074166,4,2,0.04,1,1,0,1,0,6,4,0.014636773739153952,4.16,1.56,2.6,8.269363226260847,8.27,measured_success,202
555,ppo,1000555,257,triprotic,medium,acid,separated,3,7.57,6.193,0.06850082909615648,0,0,,1,1,0,1,0,3,0,0.03607098046320267,4.81,4.81,0.0,6.229070980463202,6.23,measured_success,202
555,ppo,1000555,258,triprotic,near,base,overlapping,3,2.173,2.506,0.11095533539738443,0,0,,1,0,0,1,0,3,0,0.058411191304620136,3.39,0.0,3.39,2.4475888086953796,2.45,measured_success,202
555,ppo,1000555,259,monoprotic,medium,base,single,1,7.107,8.734,0.17474823489537789,0,0,,1,0,0,1,0,7,0,0.07342984130974806,15.05,0.0,15.05,8.660570158690252,8.66,measured_success,202
555,ppo,1000555,260,diprotic,near,base,separated,2,6.05,6.512,0.10265974546831522,3,0,0.155,1,0,0,1,0,4,3,0.09636614724971881,3.91,1.48,2.43,6.608366147249718,6.61,measured_success,202
555,ppo,1000555,261,diprotic,medium,acid,separated,2,4.177,2.623,0.09508731631635309,2,0,0.155,1,0,0,1,0,4,2,0.0980988028686891,6.539999999999999,5.06,1.48,2.7210988028686893,2.72,measured_success,202
555,ppo,1000555,262,monoprotic,far,base,single,1,4.937,8.166,0.043166468861550324,3,1,0.765,1,1,0,1,0,8,3,0.039899365328846415,14.010000000000002,4.420000000000001,9.59,8.205899365328847,8.21,measured_success,202
555,ppo,1000555,263,triprotic,medium,base,overlapping,3,2.355,3.398,0.033554636133818073,1,0,0.425,1,1,0,1,0,4,1,0.0311108745126929,5.72,0.0,5.72,3.429110874512693,3.43,measured_success,202
555,ppo,1000555,264,monoprotic,near,base,single,1,3.266,3.843,0.03341110890464377,4,4,0.14,1,1,0,1,0,6,4,0.034293517722446154,5.22,2.26,2.96,3.808706482277554,3.81,measured_success,202
555,ppo,1000555,265,diprotic,medium,acid,separated,2,6.599,5.833,0.0899196432565665,0,0,,1,0,0,1,0,7,0,0.08146207909828895,3.74,3.74,0.0,5.914462079098289,5.91,measured_success,202
555,ppo,1000555,266,triprotic,near,acid,separated,3,4.196,3.669,0.166146530738504,0,0,,1,0,0,1,0,6,0,0.05223302630596249,5.180000000000001,5.180000000000001,0.0,3.7212330263059625,3.72,measured_success,202
555,ppo,1000555,267,diprotic,near,acid,separated,2,4.074,3.407,0.037117178447419436,0,0,,1,0,0,1,0,1,0,0.06894043457020693,2.18,2.18,0.0,3.475940434570207,3.48,measured_success,202
555,ppo,1000555,268,triprotic,medium,base,separated,3,3.91,5.123,0.11568125753975039,0,0,,1,0,0,1,0,12,0,0.09351105027896356,9.48,0.0,9.48,5.029488949721037,5.03,measured_success,202
555,ppo,1000555,269,diprotic,medium,base,separated,2,4.585,6.315,0.13456665202983836,2,0,0.315,1,0,0,1,0,5,2,0.05755761205755672,9.610000000000001,0.63,8.98,6.257442387942444,6.26,measured_success,202
555,ppo,1000555,270,diprotic,medium,acid,separated,2,4.494,2.969,0.14704433831453442,0,0,,1,0,0,1,0,8,0,0.05799088133770569,18.67,18.67,0.0,3.0269908813377056,3.0300000000000002,measured_success,202
555,ppo,1000555,271,diprotic,near,acid,separated,2,5.593,5.319,0.05505944636144417,0,0,,1,0,0,1,0,39,0,0.09267112677801581,0.3900000000000002,0.3900000000000002,0.0,5.411671126778016,5.41,measured_success,202
555,ppo,1000555,272,diprotic,near,acid,separated,2,5.851,5.385,0.07698346882942768,0,0,,1,0,0,1,0,1,0,0.06477463916554704,1.51,1.51,0.0,5.449774639165547,5.45,measured_success,202
555,ppo,1000555,273,diprotic,medium,base,separated,2,3.872,5.753,0.06923040151668261,0,0,,1,1,0,1,0,3,0,0.03912881299046411,6.09,0.0,6.09,5.713871187009536,5.71,measured_success,202
555,ppo,1000555,274,monoprotic,medium,acid,single,1,3.775,2.081,0.06056360666492068,0,0,,1,1,0,1,0,2,0,0.04765227178856213,5.6899999999999995,5.6899999999999995,0.0,2.128652271788562,2.13,measured_success,202
555,ppo,1000555,275,triprotic,near,acid,separated,3,6.782,6.203,0.04428181632049146,2,0,0.315,1,0,0,1,0,2,2,0.09323965953775026,2.14,1.51,0.63,6.2962396595377506,6.3,measured_success,202
555,ppo,1000555,276,monoprotic,medium,acid,single,1,4.406,3.358,0.12449972438064734,0,0,,1,1,0,1,0,1,0,0.0026336422154407124,3.87,3.87,0.0,3.360633642215441,3.36,measured_success,202
555,ppo,1000555,277,triprotic,near,base,separated,3,6.329,6.778,0.12871459680219896,2,0,0.315,0,0,0,1,1,2,2,0.10066553728200223,2.75,0.63,2.12,6.677334462717997,6.68,measured_success,202
555,ppo,1000555,278,monoprotic,medium,acid,single,1,4.922,3.2,0.06813699474712269,3,2,0.135,1,1,0,1,0,6,3,0.03446777986744998,8.649999999999999,7.129999999999999,1.52,3.16553222013255,3.17,measured_success,202
555,ppo,1000555,279,diprotic,near,base,separated,2,4.973,5.49,0.032644912423807536,3,0,0.18,1,1,0,1,0,3,3,0.04500588753349177,3.33,0.85,2.48,5.535005887533492,5.54,measured_success,202
555,ppo,1000555,280,diprotic,near,base,separated,2,2.279,2.621,0.054846525648286425,0,0,,1,0,0,1,0,1,0,0.08428760244719458,1.51,0.0,1.51,2.5367123975528054,2.54,measured_success,202
555,ppo,1000555,281,diprotic,far,base,separated,2,5.074,8.269,0.045344096058867564,41,22,0.01,0,0,0,0,0,50,41,0.2489088264821202,16.36999999999999,6.899999999999997,9.469999999999995,8.51790882648212,8.52,max_steps,202
555,ppo,1000555,282,triprotic,far,acid,separated,3,7.284,4.82,0.09481016473623112,0,0,,1,0,0,1,0,6,0,0.0846221679296093,13.16,13.16,0.0,4.90462216792961,4.9,measured_success,202
555,ppo,1000555,283,monoprotic,medium,acid,single,1,4.852,3.208,0.035739780674891225,5,3,0.075,1,1,0,1,0,7,5,0.021791282464667994,9.989999999999998,5.97,4.02,3.186208717535332,3.19,measured_success,202
555,ppo,1000555,284,diprotic,near,acid,separated,2,3.305,2.638,0.05037948579701234,2,2,0.515,1,0,0,1,0,4,2,0.06604756004230072,6.76,3.99,2.77,2.7040475600423006,2.7,measured_success,202
555,ppo,1000555,285,triprotic,near,base,separated,3,2.588,2.839,0.09450988668146977,0,0,,1,0,0,1,0,1,0,0.07500294339746594,1.51,0.0,1.51,2.763997056602534,2.7600000000000002,measured_success,202
555,ppo,1000555,286,monoprotic,medium,base,single,1,1.951,3.078,0.05371566845719859,2,2,0.395,1,1,0,1,0,4,2,0.011674364854158181,5.02,0.79,4.2299999999999995,3.0663256351458417,3.0700000000000003,measured_success,202
555,ppo,1000555,287,diprotic,medium,acid,separated,2,6.465,4.929,0.14222176876607567,0,0,,1,0,0,1,0,11,0,0.08211633543285046,11.830000000000002,11.830000000000002,0.0,5.011116335432851,5.01,measured_success,202
555,ppo,1000555,288,monoprotic,far,acid,single,1,7.42,4.871,0.045593094084851744,6,4,0.045,1,1,0,1,0,12,6,0.03746793744482879,10.569999999999999,6.269999999999999,4.3,4.908467937444829,4.91,measured_success,202
555,ppo,1000555,289,triprotic,near,acid,separated,3,2.298,1.748,0.0852118078050105,0,0,,1,1,0,1,0,2,0,0.029964847121332072,5.28,5.28,0.0,1.777964847121332,1.78,measured_success,202
555,ppo,1000555,290,monoprotic,medium,acid,single,1,7.099,5.157,0.10345515254301095,2,0,0.425,1,1,0,1,0,6,2,0.02819143281705827,10.56,9.71,0.85,5.185191432817058,5.19,measured_success,202
555,ppo,1000555,291,diprotic,medium,acid,separated,2,5.97,4.269,0.05100169709847485,1,0,0.425,1,1,0,1,0,4,1,0.04860521487072944,8.889999999999999,8.889999999999999,0.0,4.220394785129271,4.22,measured_success,202
555,ppo,1000555,292,diprotic,medium,base,separated,2,3.643,5.256,0.090966993499689,0,0,,1,1,0,1,0,8,0,0.0454402196281567,11.660000000000002,0.0,11.660000000000002,5.2105597803718435,5.21,measured_success,202
555,ppo,1000555,293,diprotic,far,base,separated,2,3.017,5.313,0.1253347787286916,3,2,0.055,1,1,0,1,0,6,3,0.031890022814425656,11.569999999999999,0.28,11.29,5.344890022814425,5.34,measured_success,202
555,ppo,1000555,294,diprotic,medium,acid,separated,2,4.549,2.914,0.14911146633708333,2,2,0.38,1,1,0,1,0,5,2,0.015772815288876085,9.65,8.89,0.76,2.9297728152888762,2.93,measured_success,202
555,ppo,1000555,295,triprotic,far,acid,separated,3,8.059,5.984,0.10568352455661217,0,0,,1,0,0,1,0,5,0,0.08693950858442356,8.98,8.98,0.0,6.0709395085844235,6.07,measured_success,202
555,ppo,1000555,296,monoprotic,near,acid,single,1,2.016,1.712,0.0919291466807448,0,0,,0,0,0,1,1,1,0,0.10031562038928388,2.12,2.12,0.0,1.8123156203892838,1.81,measured_success,202
555,ppo,1000555,297,diprotic,medium,base,separated,2,3.678,4.706,0.1344274345705952,0,0,,1,0,0,1,0,19,0,0.07861614508574544,11.200000000000005,0.0,11.200000000000005,4.627383854914255,4.63,measured_success,202
555,ppo,1000555,298,monoprotic,medium,base,single,1,6.161,6.884,0.1565422677435787,0,0,,1,0,0,1,0,3,0,0.07286136741818794,4.27,0.0,4.27,6.811138632581812,6.8100000000000005,measured_success,202
555,ppo,1000555,299,monoprotic,medium,base,single,1,7.886,9.755,0.03666355677300529,7,1,0.01,1,1,0,1,0,10,7,0.03227366678782495,11.36,5.39,5.97,9.787273666787826,9.790000000000001,measured_success,202
555,ppo,1000555,300,monoprotic,medium,base,single,1,2.813,4.317,0.045593474761616855,6,3,0.015,1,0,0,1,0,13,6,0.060549714298868906,11.34,5.290000000000001,6.05,4.256450285701131,4.26,measured_success,202
555,ppo,1000555,301,triprotic,medium,acid,separated,3,5.204,3.961,0.04115214328138442,3,1,0.425,1,0,0,1,0,4,3,0.08533287129048395,6.9399999999999995,4.72,2.22,3.875667128709516,3.88,measured_success,202
555,ppo,1000555,302,monoprotic,near,acid,single,1,7.443,6.978,0.06303939920006993,0,0,,0,0,0,0,0,50,0,0.3007733024944148,0.5000000000000002,0.5000000000000002,0.0,7.278773302494415,7.28,max_steps,202
555,ppo,1000555,303,diprotic,medium,base,separated,2,5.173,6.678,0.12476495962101043,0,0,,1,0,0,1,0,11,0,0.0809502097189716,13.800000000000002,0.0,13.800000000000002,6.597049790281028,6.6000000000000005,measured_success,202
555,ppo,1000555,304,monoprotic,medium,acid,single,1,7.307,6.254,0.1112968095572245,4,2,0.085,1,1,0,1,0,6,4,0.03622455825401616,7.26,4.8,2.46,6.290224558254016,6.29,measured_success,202
555,ppo,1000555,305,diprotic,medium,base,separated,2,3.764,5.468,0.09809263430353123,0,0,,1,1,0,1,0,7,0,0.043971119355306953,7.929999999999999,0.0,7.929999999999999,5.424028880644693,5.42,measured_success,202
555,ppo,1000555,306,triprotic,near,acid,separated,3,6.775,6.121,0.0448781808799351,1,1,0.755,1,0,0,1,0,2,1,0.08875179580455317,2.26,1.51,0.75,6.032248204195447,6.03,measured_success,202
555,ppo,1000555,307,monoprotic,far,base,single,1,4.838,6.998,0.03332493089723728,4,1,0.06,1,0,0,1,0,7,4,0.08411365254988912,9.62,2.97,6.6499999999999995,6.913886347450111,6.91,measured_success,202
555,ppo,1000555,308,diprotic,near,base,separated,2,5.494,6.165,0.129203948469779,0,0,,1,0,0,1,0,1,0,0.0943775722040252,2.26,0.0,2.26,6.070622427795975,6.07,measured_success,202
555,ppo,1000555,309,monoprotic,far,base,single,1,3.313,6.388,0.16265408035756304,4,2,0.075,1,1,0,1,0,9,4,0.04642448863020299,14.82,6.140000000000001,8.68,6.341575511369797,6.34,measured_success,202
555,ppo,1000555,310,diprotic,medium,acid,separated,2,5.32,4.293,0.1640627273879793,0,0,,1,0,0,1,0,10,0,0.07708663503882196,10.740000000000002,10.740000000000002,0.0,4.370086635038822,4.37,measured_success,202
555,ppo,1000555,311,diprotic,far,base,separated,2,5.627,8.785,0.11778726194160825,3,2,0.075,1,1,0,1,0,8,3,0.025764798382692078,18.459999999999997,0.8,17.659999999999997,8.810764798382692,8.81,measured_success,202
555,ppo,1000555,312,triprotic,medium,base,separated,3,3.228,3.992,0.048477839659985825,1,0,0.315,1,1,0,1,0,3,1,0.011441683507244171,3.92,0.0,3.92,4.003441683507244,4.0,measured_success,202
555,ppo,1000555,313,diprotic,near,acid,separated,2,4.297,4.064,0.15898670631337056,0,0,,1,0,0,1,0,1,0,0.0652275099379711,1.51,1.51,0.0,4.129227509937971,4.13,measured_success,202
555,ppo,1000555,314,monoprotic,far,acid,single,1,5.404,1.672,0.12761634041677541,0,0,,1,1,0,1,0,3,0,0.0372957464328898,13.0,13.0,0.0,1.7092957464328897,1.71,measured_success,202
555,ppo,1000555,315,diprotic,near,acid,separated,2,4.398,3.809,0.05365418451392574,0,0,,1,1,0,1,0,2,0,0.02557842019211609,2.54,2.54,0.0,3.8345784201921163,3.83,measured_success,202
555,ppo,1000555,316,diprotic,far,acid,separated,2,6.094,3.6,0.06931659279307364,0,0,,1,1,0,1,0,3,0,0.02260495229244386,7.01,7.01,0.0,3.622604952292444,3.62,measured_success,202
555,ppo,1000555,317,diprotic,medium,acid,overlapping,2,3.139,2.26,0.039881489280086176,0,0,,1,0,0,1,0,2,0,0.07079669628874985,5.67,5.67,0.0,2.3307966962887496,2.33,measured_success,202
555,ppo,1000555,318,monoprotic,near,base,single,1,3.647,4.286,0.17089723223635253,0,0,,1,1,0,1,0,4,0,0.04662870315079459,5.22,0.0,5.22,4.239371296849205,4.24,measured_success,202
555,ppo,1000555,319,diprotic,medium,acid,separated,2,4.072,2.142,0.06442181676551134,1,0,0.515,1,0,0,1,0,3,1,0.06161145171709981,8.01,8.01,0.0,2.0803885482829,2.08,measured_success,202
555,ppo,1000555,320,triprotic,medium,base,separated,3,4.716,5.555,0.03154564434914374,2,0,0.425,1,1,0,1,0,3,2,0.02883304077412774,3.4699999999999998,0.85,2.6199999999999997,5.526166959225872,5.53,measured_success,202
555,ppo,1000555,321,diprotic,medium,acid,separated,2,4.14,2.916,0.052957139795211834,4,1,0.155,1,0,0,1,0,5,4,0.05638145709105524,7.25,4.72,2.5300000000000002,2.972381457091055,2.97,measured_success,202
555,ppo,1000555,322,monoprotic,near,base,single,1,5.129,5.76,0.13084569363572174,1,0,1.13,1,1,0,1,0,3,1,0.0063221718708508234,3.67,1.4100000000000001,2.26,5.766322171870851,5.7700000000000005,measured_success,202
555,ppo,1000555,323,diprotic,medium,base,separated,2,4.783,6.017,0.08764969958617241,0,0,,1,1,0,1,0,4,0,0.030599533108678578,9.799999999999999,0.0,9.799999999999999,5.986400466891322,5.99,measured_success,202
555,ppo,1000555,324,monoprotic,medium,acid,single,1,8.219,7.17,0.048309743666817,0,0,,1,1,0,1,0,24,0,0.028266589418304733,3.41,3.41,0.0,7.198266589418305,7.2,measured_success,202
555,ppo,1000555,325,diprotic,medium,acid,separated,2,4.912,3.998,0.05783961884622094,1,0,1.935,1,1,0,1,0,1,1,0.013553326349819095,3.87,3.87,0.0,3.984446673650181,3.98,measured_success,202
555,ppo,1000555,326,diprotic,medium,base,separated,2,2.278,3.495,0.05672208805866155,2,0,0.315,1,0,0,1,0,4,2,0.09547545568459181,7.359999999999999,2.11,5.25,3.3995245443154083,3.4,measured_success,202
555,ppo,1000555,327,diprotic,near,acid,separated,2,3.964,3.581,0.16429938612456046,0,0,,1,0,0,1,0,2,0,0.07878079496321844,2.54,2.54,0.0,3.6597807949632184,3.66,measured_success,202
555,ppo,1000555,328,monoprotic,medium,acid,single,1,7.367,6.473,0.1248759802728788,0,0,,1,0,0,1,0,7,0,0.0634545385365124,4.35,4.35,0.0,6.536454538536512,6.54,measured_success,202
555,ppo,1000555,329,monoprotic,medium,base,single,1,6.312,7.28,0.04649623352086767,3,0,0.315,1,0,0,1,0,4,3,0.07711984859570453,6.51,1.84,4.67,7.357119848595705,7.36,measured_success,202
555,ppo,1000555,330,monoprotic,medium,base,single,1,4.82,6.764,0.07167721314528455,6,7,0.015,1,1,0,1,0,10,6,0.018830996265109867,9.45,3.4299999999999997,6.02,6.74516900373489,6.75,measured_success,202
555,ppo,1000555,331,diprotic,medium,base,overlapping,2,5.769,7.721,0.08443650711947545,5,2,0.035,1,1,0,1,0,10,5,0.02879130695601262,12.850000000000001,5.980000000000001,6.87,7.749791306956013,7.75,measured_success,202
555,ppo,1000555,332,triprotic,near,base,separated,3,7.102,7.709,0.07732002358030779,1,0,1.06,1,1,0,1,0,1,0,0.0032397787605766837,2.12,0.0,2.12,7.705760221239423,7.71,measured_success,202
555,ppo,1000555,333,triprotic,medium,base,separated,3,2.765,4.014,0.0698380710057321,0,0,,1,0,0,1,0,10,0,0.08314141451785151,8.86,0.0,8.86,3.9308585854821487,3.93,measured_success,202
555,ppo,1000555,334,monoprotic,near,base,single,1,7.527,7.755,0.06427349753126148,0,0,,1,0,0,1,0,41,0,0.0977587275052949,0.4100000000000002,0.0,0.4100000000000002,7.657241272494705,7.66,measured_success,202
555,ppo,1000555,335,monoprotic,near,base,single,1,4.975,5.395,0.09562906539246442,0,0,,1,1,0,1,0,1,0,0.04050443739148335,2.12,0.0,2.12,5.354495562608516,5.3500000000000005,measured_success,202
555,ppo,1000555,336,diprotic,far,acid,separated,2,6.524,3.31,0.1143296888863421,1,0,0.315,1,1,0,1,0,10,1,0.006879613700867093,22.56,22.56,0.0,3.303120386299133,3.3000000000000003,measured_success,202
555,ppo,1000555,337,monoprotic,medium,acid,single,1,5.906,4.969,0.07894663086754522,0,0,,1,0,0,1,0,2,0,0.06760621531099797,5.67,5.67,0.0,5.036606215310998,5.04,measured_success,202
555,ppo,1000555,338,triprotic,medium,base,separated,3,7.536,8.61,0.1511982298266162,3,1,0.155,1,0,0,1,0,5,3,0.08301270199147837,6.9399999999999995,1.96,4.9799999999999995,8.693012701991478,8.69,measured_success,202
555,ppo,1000555,339,triprotic,near,base,separated,3,2.569,2.798,0.12873544257958655,0,0,,1,0,0,1,0,1,0,0.0881653718092803,1.51,0.0,1.51,2.7098346281907197,2.71,measured_success,202
555,ppo,1000555,340,diprotic,far,base,separated,2,2.667,5.041,0.04263494454158709,2,1,0.13,1,1,0,1,0,3,2,0.0016504905260994462,6.04,0.26,5.78,5.039349509473901,5.04,measured_success,202
555,ppo,1000555,341,triprotic,near,base,separated,3,3.447,3.942,0.14241286141604856,0,0,,1,0,0,1,0,8,0,0.08109914852860278,5.169999999999999,0.0,5.169999999999999,3.8609008514713974,3.86,measured_success,202
555,ppo,1000555,342,diprotic,far,acid,separated,2,4.15,2.096,0.03532507731899784,1,0,2.53,1,1,0,1,0,5,1,0.03798712638025048,6.85,5.06,1.79,2.0580128736197496,2.06,measured_success,202
555,ppo,1000555,343,monoprotic,far,acid,single,1,7.248,3.915,0.030045625730589852,6,3,0.02,1,0,0,1,0,13,6,0.09334820672059241,21.059999999999995,10.959999999999999,10.099999999999998,4.008348206720592,4.01,measured_success,202
555,ppo,1000555,344,triprotic,medium,acid,separated,3,5.522,3.992,0.04041016109553351,1,0,2.53,1,0,0,1,0,2,1,0.0772912348833108,5.6899999999999995,5.06,0.63,3.914708765116689,3.91,measured_success,202
555,ppo,1000555,345,triprotic,near,acid,separated,3,3.788,3.12,0.08571798459978568,1,0,0.515,1,0,0,1,0,2,1,0.09412679666714219,3.21,3.21,0.0,3.025873203332858,3.0300000000000002,measured_success,202
555,ppo,1000555,346,diprotic,far,base,separated,2,3.493,6.813,0.06685618097744492,0,0,,1,1,0,1,0,3,0,0.02237904343874053,7.890000000000001,0.0,7.890000000000001,6.790620956561259,6.79,measured_success,202
555,ppo,1000555,347,monoprotic,medium,base,single,1,7.111,7.834,0.04341664184094612,2,0,0.425,1,0,0,1,0,2,2,0.09260105584405842,2.97,0.85,2.12,7.741398944155941,7.74,measured_success,202
555,ppo,1000555,348,diprotic,near,base,separated,2,4.548,5.101,0.12567440630225937,0,0,,1,1,0,1,0,2,0,0.04973116294031943,3.29,0.0,3.29,5.0512688370596805,5.05,measured_success,202
555,ppo,1000555,349,diprotic,medium,base,separated,2,4.487,5.857,0.12085150856456789,0,0,,0,0,0,1,1,6,0,0.1006652351460735,10.67,0.0,10.67,5.756334764853927,5.76,measured_success,202
555,ppo,1000555,350,diprotic,near,acid,separated,2,2.412,2.174,0.031821129579291584,2,1,0.425,1,0,0,1,0,4,2,0.060144590177980906,4.42,2.54,1.88,2.234144590177981,2.23,measured_success,202
555,ppo,1000555,351,triprotic,far,acid,separated,3,5.473,3.186,0.09234695996008001,0,0,,1,1,0,1,0,4,0,0.04061083365121121,10.6,10.6,0.0,3.226610833651211,3.23,measured_success,202
555,ppo,1000555,352,diprotic,medium,base,separated,2,6.028,6.789,0.12094347849795634,1,0,0.65,1,1,0,1,0,2,1,0.04621261049799763,3.42,0.0,3.42,6.835212610497997,6.84,measured_success,202
555,ppo,1000555,353,diprotic,medium,base,separated,2,4.855,6.028,0.041363895169600214,1,0,2.02,1,1,0,1,0,2,2,0.0009681559156389241,4.89,0.85,4.04,6.027031844084361,6.03,measured_success,202
555,ppo,1000555,354,monoprotic,near,acid,single,1,6.617,6.367,0.046376565048703404,0,0,,1,0,0,1,0,24,0,0.09451001031431527,0.24000000000000007,0.24000000000000007,0.0,6.461510010314315,6.46,measured_success,202
555,ppo,1000555,355,diprotic,near,acid,separated,2,4.023,3.466,0.08425021604458775,1,1,0.515,1,0,0,1,0,3,1,0.061173463941103456,3.7199999999999998,3.21,0.51,3.4048265360588967,3.4,measured_success,202
555,ppo,1000555,356,diprotic,far,base,separated,2,3.916,6.624,0.07970809584435236,5,3,0.03,1,1,0,1,0,10,5,0.020012071822985256,12.06,3.39,8.67,6.644012071822985,6.640000000000001,measured_success,202
555,ppo,1000555,357,triprotic,medium,base,overlapping,3,4.304,5.906,0.1527662706572691,5,4,0.055,1,1,0,1,0,10,5,0.022734305636199714,11.21,4.440000000000001,6.7700000000000005,5.928734305636199,5.93,measured_success,202
555,ppo,1000555,358,monoprotic,medium,base,single,1,6.428,7.733,0.12670368981356442,0,0,,1,0,0,1,0,9,0,0.06872230904741361,10.160000000000002,0.0,10.160000000000002,7.664277690952586,7.66,measured_success,202
555,ppo,1000555,359,triprotic,medium,base,separated,3,7.522,9.498,0.0570256906220438,7,3,0.01,1,0,0,1,0,10,7,0.05308209918159967,11.440000000000001,5.25,6.19,9.551082099181599,9.55,measured_success,202
555,ppo,1000555,360,triprotic,far,base,overlapping,3,4.214,7.941,0.06054695763374798,42,23,0.01,0,0,1,0,0,50,42,0.6468070270902588,16.159999999999993,4.809999999999998,11.349999999999996,7.294192972909741,7.29,max_steps,202
555,ppo,1000555,361,triprotic,medium,acid,separated,3,4.68,3.547,0.09823520342490188,1,0,0.515,1,1,0,1,0,3,1,0.021766338547540176,6.7,6.7,0.0,3.52523366145246,3.5300000000000002,measured_success,202
555,ppo,1000555,362,triprotic,medium,base,separated,3,3.809,5.39,0.03404463415004628,2,1,1.31,1,1,0,1,0,5,2,0.0110668252684194,9.17,2.62,6.55,5.37893317473158,5.38,measured_success,202
555,ppo,1000555,363,triprotic,near,acid,separated,3,5.095,4.409,0.03681609721738707,0,0,,1,1,0,1,0,1,0,0.020259264805495114,1.51,1.51,0.0,4.429259264805495,4.43,measured_success,202
555,ppo,1000555,364,monoprotic,far,acid,single,1,5.681,3.613,0.05740724882704482,2,2,0.155,1,0,0,1,0,5,2,0.0543936179517277,6.46,5.84,0.62,3.6673936179517277,3.67,measured_success,202
555,ppo,1000555,365,diprotic,medium,acid,separated,2,6.171,4.806,0.1565399989243855,0,0,,1,0,0,1,0,13,0,0.07706833611876629,12.400000000000004,12.400000000000004,0.0,4.883068336118766,4.88,measured_success,202
555,ppo,1000555,366,monoprotic,near,acid,single,1,8.057,7.386,0.039547171453947504,0,0,,0,0,0,0,0,50,0,0.4410091492871375,0.5000000000000002,0.5000000000000002,0.0,7.827009149287138,7.83,max_steps,202
555,ppo,1000555,367,monoprotic,medium,acid,single,1,4.861,3.656,0.04695005696133407,1,0,1.935,1,1,0,1,0,1,1,0.019605272123159434,3.87,3.87,0.0,3.6363947278768407,3.64,measured_success,202
555,ppo,1000555,368,triprotic,near,base,separated,3,8.145,8.555,0.1164234967104295,0,0,,0,0,0,0,0,50,0,0.340810236988105,0.5000000000000002,0.0,0.5000000000000002,8.214189763011895,8.21,max_steps,202
555,ppo,1000555,369,monoprotic,medium,base,single,1,3.364,5.324,0.06706796663705683,2,0,0.06,1,0,0,1,0,6,2,0.05412745845978861,7.13,0.5,6.63,5.269872541540211,5.2700000000000005,measured_success,202
555,ppo,1000555,370,monoprotic,medium,acid,single,1,5.171,3.453,0.17002827359273573,2,0,0.765,1,0,0,1,0,3,2,0.06925177490266288,8.39,5.06,3.33,3.5222517749026627,3.52,measured_success,202
555,ppo,1000555,371,monoprotic,far,base,single,1,5.288,8.159,0.14624354236163012,3,1,0.315,1,1,0,1,0,8,3,0.04968198261029677,16.950000000000003,1.92,15.030000000000001,8.208681982610297,8.21,measured_success,202
555,ppo,1000555,372,diprotic,medium,base,separated,2,3.057,4.946,0.06220388373505768,0,0,,1,0,0,1,0,6,0,0.0774767487814092,7.069999999999999,0.0,7.069999999999999,4.8685232512185905,4.87,measured_success,202
555,ppo,1000555,373,monoprotic,medium,base,single,1,4.508,5.855,0.03463028235688937,2,1,0.765,1,1,0,1,0,4,2,0.03507152875153885,10.030000000000001,4.15,5.88,5.819928471248462,5.82,measured_success,202
555,ppo,1000555,374,triprotic,near,acid,separated,3,4.358,3.921,0.11493196292870789,0,0,,1,0,0,1,0,4,0,0.08447453273656036,4.0200000000000005,4.0200000000000005,0.0,4.00547453273656,4.01,measured_success,202
555,ppo,1000555,375,monoprotic,near,acid,single,1,5.214,4.726,0.040952091608281616,2,1,0.375,1,0,0,1,0,2,2,0.0615471527986271,2.26,1.51,0.75,4.787547152798627,4.79,measured_success,202
555,ppo,1000555,376,monoprotic,far,base,single,1,6.532,9.693,0.11135289266080248,6,3,0.02,1,1,0,1,0,12,6,0.028687879341850575,12.02,3.81,8.209999999999999,9.664312120658149,9.66,measured_success,202
555,ppo,1000555,377,diprotic,medium,base,separated,2,5.58,7.057,0.031847676099751636,4,1,0.075,1,1,0,1,0,10,4,0.04090130907061251,10.790000000000003,4.830000000000002,5.96,7.016098690929388,7.0200000000000005,measured_success,202
555,ppo,1000555,378,triprotic,medium,base,separated,3,3.887,4.695,0.10958971181973463,0,0,,1,0,0,1,0,3,0,0.06127653674767153,4.6899999999999995,0.0,4.6899999999999995,4.633723463252329,4.63,measured_success,202
555,ppo,1000555,379,triprotic,near,base,separated,3,4.206,4.849,0.08623925506368967,0,0,,0,0,0,1,1,2,0,0.10314756221088572,3.29,0.0,3.29,4.7458524377891145,4.75,measured_success,202
555,ppo,1000555,380,triprotic,near,acid,separated,3,7.474,6.788,0.030163445961081777,2,0,0.18,1,1,0,1,0,3,2,0.012166474788173787,3.33,2.12,1.21,6.800166474788174,6.8,measured_success,202
555,ppo,1000555,381,monoprotic,medium,base,single,1,8.145,10.052,0.06297518415575014,0,0,,1,1,0,1,0,31,0,0.048885750890082846,5.269999999999999,0.0,5.269999999999999,10.003114249109917,10.0,measured_success,202
555,ppo,1000555,382,monoprotic,medium,acid,single,1,4.005,2.254,0.04770164416939501,1,0,2.53,1,1,0,1,0,5,1,0.009714110648368912,6.85,5.06,1.79,2.244285889351631,2.24,measured_success,202
555,ppo,1000555,383,triprotic,medium,base,separated,3,4.228,5.446,0.08349098271039312,0,0,,1,0,0,1,0,4,0,0.08027020992110145,6.3999999999999995,0.0,6.3999999999999995,5.365729790078898,5.37,measured_success,202
555,ppo,1000555,384,diprotic,medium,base,overlapping,2,4.214,5.435,0.08872227002861192,0,0,,1,1,0,1,0,9,0,0.033059866409305805,8.549999999999999,0.0,8.549999999999999,5.401940133590694,5.4,measured_success,202
555,ppo,1000555,385,monoprotic,far,base,single,1,4.899,8.573,0.17702372538353212,43,20,0.01,0,0,1,0,0,50,43,0.6334350363580157,20.61999999999999,5.389999999999997,15.229999999999995,9.206435036358016,9.21,max_steps,202
555,ppo,1000555,386,triprotic,far,base,separated,3,2.163,4.342,0.1023073962933318,0,0,,1,0,0,1,0,18,0,0.07639361817800872,23.129999999999992,0.0,23.129999999999992,4.265606381821991,4.2700000000000005,measured_success,202
555,ppo,1000555,387,diprotic,medium,acid,separated,2,3.921,2.218,0.08029126665769995,1,0,2.53,1,0,0,1,0,4,1,0.06150731916500085,6.77,5.06,1.71,2.156492680834999,2.16,measured_success,202
555,ppo,1000555,388,diprotic,near,acid,separated,2,1.971,1.558,0.07942668381583173,1,0,1.74,1,1,0,1,0,1,1,0.022839321052288808,3.48,3.48,0.0,1.5351606789477112,1.54,measured_success,202
555,ppo,1000555,389,diprotic,near,base,overlapping,2,4.437,4.745,0.04535036376187854,1,0,0.755,1,1,0,1,0,1,1,0.01168298153896874,1.51,0.0,1.51,4.756682981538969,4.76,measured_success,202
555,ppo,1000555,390,monoprotic,medium,acid,single,1,4.352,2.929,0.0671582648409571,3,0,0.425,1,1,0,1,0,3,3,0.044879075853983874,6.52,4.72,1.8,2.884120924146016,2.88,measured_success,202
555,ppo,1000555,391,diprotic,near,base,separated,2,5.664,6.148,0.06288522166203307,1,0,0.315,1,1,0,1,0,2,0,0.0027360107425842273,2.75,0.0,2.75,6.1452639892574155,6.15,measured_success,202
555,ppo,1000555,392,diprotic,medium,base,separated,2,6.241,7.506,0.030424102679251715,4,1,0.155,1,0,0,1,0,6,4,0.07755876222539193,8.190000000000001,3.37,4.82,7.428441237774608,7.43,measured_success,202
555,ppo,1000555,393,triprotic,medium,acid,separated,3,6.564,5.463,0.030997233675705116,4,0,0.155,1,1,0,1,0,5,4,0.04870185069786093,7.1899999999999995,4.72,2.47,5.511701850697861,5.51,measured_success,202
555,ppo,1000555,394,diprotic,far,acid,separated,2,4.916,2.22,0.04668828637148726,1,0,0.315,1,0,0,1,0,2,1,0.056421348940023375,6.7,6.7,0.0,2.163578651059977,2.16,measured_success,202
555,ppo,1000555,395,monoprotic,near,acid,single,1,5.343,4.772,0.031582687722097054,2,2,0.375,1,1,0,1,0,3,2,0.04191501506835671,2.63,1.88,0.75,4.813915015068357,4.8100000000000005,measured_success,202
555,ppo,1000555,396,triprotic,near,acid,separated,3,8.488,8.22,0.06789983972652051,0,0,,0,0,0,1,1,26,0,0.10430795240286805,0.26000000000000006,0.26000000000000006,0.0,8.324307952402869,8.32,measured_success,202
555,ppo,1000555,397,diprotic,medium,base,separated,2,6.247,8.148,0.0632466112320201,6,3,0.015,1,0,0,1,0,8,6,0.09200726300543138,10.600000000000001,4.300000000000001,6.3,8.055992736994568,8.06,measured_success,202
555,ppo,1000555,398,triprotic,near,acid,separated,3,4.319,3.985,0.07696214574513235,1,0,0.755,1,0,0,1,0,1,1,0.05225873910176526,1.51,1.51,0.0,3.9327412608982346,3.93,measured_success,202
555,ppo,1000555,399,diprotic,medium,base,separated,2,5.259,6.71,0.09781126998287584,0,0,,1,0,0,1,0,4,0,0.08246104065875937,9.799999999999999,0.0,9.799999999999999,6.627538959341241,6.63,measured_success,202
555,ppo,1000555,400,triprotic,near,base,separated,3,5.212,5.9,0.06686526128464293,0,0,,1,1,0,1,0,3,0,0.049674658782844716,4.6899999999999995,0.0,4.6899999999999995,5.850325341217156,5.8500000000000005,measured_success,202
555,ppo,1000555,401,diprotic,medium,acid,overlapping,2,3.906,2.11,0.06502172837201653,1,0,2.53,1,1,0,1,0,7,1,0.0373915377306786,7.93,5.06,2.87,2.0726084622693213,2.07,measured_success,202
555,ppo,1000555,402,triprotic,near,base,overlapping,3,3.417,3.9,0.06060949209662362,0,0,,0,0,0,1,1,13,0,0.10095086657363828,6.719999999999997,0.0,6.719999999999997,3.7990491334263616,3.8000000000000003,measured_success,202
555,ppo,1000555,403,monoprotic,near,acid,single,1,6.308,6.012,0.1641750017455,0,0,,0,0,0,0,0,50,0,0.21510207597042363,0.5000000000000002,0.5000000000000002,0.0,6.227102075970423,6.23,max_steps,202
555,ppo,1000555,404,triprotic,medium,base,separated,3,2.821,4.639,0.10253344058404867,0,0,,1,0,0,1,0,10,0,0.07297764488601022,8.309999999999999,0.0,8.309999999999999,4.56602235511399,4.57,measured_success,202
555,ppo,1000555,405,monoprotic,medium,acid,single,1,2.848,1.647,0.046869047055551054,0,0,,1,0,0,1,0,3,0,0.056397146972132495,8.2,8.2,0.0,1.7033971469721325,1.7,measured_success,202
555,ppo,1000555,406,diprotic,near,base,separated,2,5.94,6.611,0.056956299335694474,0,0,,1,0,0,1,0,2,0,0.05576475388782054,2.97,0.0,2.97,6.555235246112179,6.5600000000000005,measured_success,202
555,ppo,1000555,407,triprotic,near,base,overlapping,3,2.691,3.068,0.12367008124072242,0,0,,1,0,0,1,0,7,0,0.09795685803067089,5.17,0.0,5.17,2.970043141969329,2.97,measured_success,202
555,ppo,1000555,408,diprotic,medium,acid,separated,2,4.742,3.43,0.08009674356717451,2,1,0.45,1,1,0,1,0,3,2,0.01813529275171666,6.57,5.67,0.9,3.448135292751717,3.45,measured_success,202
555,ppo,1000555,409,monoprotic,near,acid,single,1,7.556,7.019,0.045771979021953985,1,0,1.06,1,1,0,1,0,2,1,0.03406643395065245,2.75,2.12,0.63,6.984933566049348,6.98,measured_success,202
555,ppo,1000555,410,monoprotic,far,base,single,1,7.207,10.235,0.0610448898874263,4,0,0.02,1,0,0,1,0,9,4,0.05839463841019921,8.030000000000001,1.01,7.0200000000000005,10.1766053615898,10.18,measured_success,202
555,ppo,1000555,411,triprotic,near,acid,separated,3,4.618,3.969,0.15544919455639353,0,0,,1,0,0,1,0,9,0,0.08808476525030384,6.8999999999999995,6.8999999999999995,0.0,4.057084765250304,4.0600000000000005,measured_success,202
555,ppo,1000555,412,diprotic,near,base,separated,2,2.173,2.463,0.06365448520532163,1,0,0.755,1,1,0,1,0,1,1,0.028934273626952667,1.51,0.0,1.51,2.4919342736269527,2.49,measured_success,202
555,ppo,1000555,413,diprotic,near,acid,separated,2,3.994,3.383,0.06883818695730448,0,0,,1,1,0,1,0,3,0,0.026845775057246613,4.79,4.79,0.0,3.4098457750572466,3.41,measured_success,202
555,ppo,1000555,414,monoprotic,far,acid,single,1,5.584,1.917,0.032641210209967714,1,0,3.93,1,0,0,1,0,6,1,0.09281767474830382,10.83,7.86,2.9699999999999998,1.8241823252516962,1.82,measured_success,202
555,ppo,1000555,415,triprotic,near,acid,separated,3,2.636,2.224,0.1738399186259527,2,0,0.515,1,1,0,1,0,2,2,0.04668662900160658,3.1500000000000004,2.12,1.03,2.270686629001607,2.27,measured_success,202
555,ppo,1000555,416,monoprotic,medium,acid,single,1,7.952,6.781,0.030812933571958873,3,0,0.155,1,1,0,1,0,11,3,0.00715095521711806,3.3000000000000003,2.6700000000000004,0.63,6.773849044782882,6.7700000000000005,measured_success,202
555,ppo,1000555,417,diprotic,near,acid,separated,2,4.295,4.081,0.06681279745903235,1,1,0.755,1,0,0,1,0,2,1,0.0697835528700752,2.26,1.51,0.75,4.011216447129925,4.01,measured_success,202
555,ppo,1000555,418,monoprotic,far,base,single,1,6.345,9.266,0.030377767405080306,6,5,0.015,1,0,0,1,0,9,6,0.05264443135788177,14.520000000000001,6.890000000000001,7.630000000000001,9.213355568642118,9.21,measured_success,202
555,ppo,1000555,419,monoprotic,near,base,single,1,2.127,2.611,0.09225602361359012,0,0,,1,0,0,1,0,3,0,0.06994361231941904,3.39,0.0,3.39,2.541056387680581,2.54,measured_success,202
555,ppo,1000555,420,diprotic,near,base,separated,2,5.192,5.503,0.03399440812127507,1,0,1.06,1,0,0,1,0,3,1,0.09745768150608392,3.6,1.48,2.12,5.600457681506084,5.6000000000000005,measured_success,202
555,ppo,1000555,421,diprotic,medium,base,separated,2,3.616,4.883,0.11170977934513852,1,1,2.625,1,1,0,1,0,2,1,0.04574230554700609,7.87,2.62,5.25,4.928742305547006,4.93,measured_success,202
555,ppo,1000555,422,monoprotic,near,base,single,1,1.909,2.214,0.04447752537927722,1,0,1.06,1,1,0,1,0,1,1,0.03378140260943452,2.12,0.0,2.12,2.2477814026094345,2.25,measured_success,202
555,ppo,1000555,423,triprotic,medium,base,separated,3,2.715,4.084,0.03024935881079089,4,1,0.155,1,0,0,1,0,6,4,0.09365270325499964,10.549999999999999,4.449999999999999,6.1,3.990347296745,3.99,measured_success,202
555,ppo,1000555,424,diprotic,medium,acid,separated,2,6.615,5.483,0.1146066243984991,0,0,,1,0,0,1,0,4,0,0.08444901732107635,5.17,5.17,0.0,5.567449017321076,5.57,measured_success,202
555,ppo,1000555,425,monoprotic,near,acid,single,1,2.256,2.022,0.16695869892295112,0,0,,1,0,0,1,0,1,0,0.08878742517780269,2.12,2.12,0.0,2.1107874251778025,2.11,measured_success,202
555,ppo,1000555,426,triprotic,medium,base,separated,3,6.779,8.55,0.16437881525722428,4,1,0.06,1,0,0,1,0,13,4,0.05294650993790029,8.929999999999998,2.97,5.959999999999998,8.4970534900621,8.5,measured_success,202
555,ppo,1000555,427,monoprotic,far,base,single,1,5.012,7.965,0.09325518943411124,41,21,0.01,0,0,1,0,0,50,41,0.8037806626327075,16.529999999999994,7.159999999999998,9.369999999999996,8.768780662632707,8.77,max_steps,202
555,ppo,1000555,428,monoprotic,near,base,single,1,5.503,5.74,0.15019105302591287,0,0,,0,0,0,0,0,50,0,0.17208635984245468,0.5000000000000002,0.0,0.5000000000000002,5.5679136401575455,5.57,max_steps,202
555,ppo,1000555,429,diprotic,far,base,separated,2,4.1,6.939,0.131810372902494,4,1,0.06,1,0,0,1,0,16,4,0.08776727599328638,22.23000000000001,1.69,20.54000000000001,6.851232724006714,6.8500000000000005,measured_success,202
555,ppo,1000555,430,diprotic,medium,acid,overlapping,2,4.25,3.504,0.07062502876156457,0,0,,1,0,0,1,0,4,0,0.06136032489615717,5.64,5.64,0.0,3.565360324896157,3.5700000000000003,measured_success,202
555,ppo,1000555,431,triprotic,medium,base,separated,3,6.224,7.648,0.0413299517241464,4,2,0.075,1,1,0,1,0,8,4,0.02410984721358389,10.9,4.300000000000001,6.6,7.623890152786416,7.62,measured_success,202
555,ppo,1000555,432,triprotic,near,acid,separated,3,6.311,6.063,0.044273186236673104,0,0,,1,0,0,1,0,37,0,0.0987713366012839,0.37000000000000016,0.37000000000000016,0.0,6.161771336601284,6.16,measured_success,202
555,ppo,1000555,433,monoprotic,medium,base,single,1,6.142,7.261,0.04307787549343624,2,0,0.9,1,0,0,1,0,3,2,0.08681113353279368,6.47,1.8,4.67,7.174188866467206,7.17,measured_success,202
555,ppo,1000555,434,monoprotic,far,base,single,1,4.878,7.238,0.10412184372734622,2,0,0.06,1,0,0,1,0,9,2,0.09242970173088683,11.249999999999998,0.35,10.899999999999999,7.145570298269114,7.15,measured_success,202
555,ppo,1000555,435,diprotic,medium,acid,separated,2,5.596,4.632,0.09444376468672051,0,0,,1,0,0,1,0,1,0,0.08370984669938686,3.87,3.87,0.0,4.7157098466993865,4.72,measured_success,202
555,ppo,1000555,436,monoprotic,medium,base,single,1,8.345,10.156,0.1452412185934792,3,1,0.01,1,1,0,1,0,7,3,0.03694404837964349,0.81,0.12,0.6900000000000001,10.192944048379644,10.19,measured_success,202
555,ppo,1000555,437,diprotic,near,base,separated,2,4.601,5.156,0.04256432793193392,3,1,0.21,1,1,0,1,0,3,3,0.015063426110910605,3.53,0.85,2.6799999999999997,5.17106342611091,5.17,measured_success,202
555,ppo,1000555,438,monoprotic,far,acid,single,1,8.056,4.268,0.059844633819954106,5,5,0.21,1,0,0,1,0,9,5,0.05397915108753448,21.990000000000002,12.430000000000001,9.56,4.214020848912465,4.21,measured_success,202
555,ppo,1000555,439,diprotic,medium,base,separated,2,5.305,7.23,0.04436487267610717,6,2,0.015,1,0,0,1,0,10,6,0.053451855795497494,10.770000000000001,4.510000000000002,6.26,7.176548144204503,7.18,measured_success,202
555,ppo,1000555,440,triprotic,far,acid,separated,3,7.914,4.559,0.06844002482919313,1,0,3.93,1,1,0,1,0,1,1,0.041072496844701156,7.86,7.86,0.0,4.517927503155299,4.5200000000000005,measured_success,202
555,ppo,1000555,441,monoprotic,far,base,single,1,2.117,5.264,0.06845243165374987,5,4,0.035,1,1,0,1,0,10,5,0.01409387959295838,15.67,3.6199999999999997,12.05,5.278093879592959,5.28,measured_success,202
555,ppo,1000555,442,diprotic,far,base,separated,2,5.779,8.176,0.1658276950945475,43,22,0.01,0,0,0,0,0,50,43,0.4142260459906755,11.619999999999994,4.839999999999998,6.779999999999996,8.590226045990676,8.59,max_steps,202
555,ppo,1000555,443,triprotic,medium,base,separated,3,7.089,8.864,0.17007030347209015,2,1,0.315,1,1,0,1,0,6,2,0.02215547616314595,12.680000000000001,0.63,12.05,8.841844523836855,8.84,measured_success,202
555,ppo,1000555,444,diprotic,medium,base,overlapping,2,2.192,3.007,0.04389299904829204,0,0,,1,0,0,1,0,3,0,0.09373851730816218,4.87,0.0,4.87,2.913261482691838,2.91,measured_success,202
555,ppo,1000555,445,triprotic,medium,base,separated,3,2.993,4.458,0.04607862928133027,0,0,,1,1,0,1,0,2,0,0.0429982645841509,5.78,0.0,5.78,4.415001735415849,4.42,measured_success,202
555,ppo,1000555,446,triprotic,medium,base,separated,3,6.826,8.152,0.03489602754988318,5,1,0.055,1,1,0,1,0,7,5,0.045515066229379286,8.11,3.33,4.78,8.197515066229379,8.2,measured_success,202
555,ppo,1000555,447,monoprotic,medium,acid,single,1,5.115,4.299,0.06906661884877277,0,0,,1,0,0,1,0,1,0,0.09046297578265605,2.18,2.18,0.0,4.389462975782656,4.39,measured_success,202
555,ppo,1000555,448,triprotic,medium,base,separated,3,3.879,4.928,0.0575256202029675,2,1,0.395,1,0,0,1,0,3,2,0.06812028673731785,4.63,0.79,3.84,4.859879713262682,4.86,measured_success,202
555,ppo,1000555,449,monoprotic,near,acid,single,1,6.095,5.783,0.07246572302239855,0,0,,0,0,0,0,0,50,0,0.14754016770540357,0.5000000000000002,0.5000000000000002,0.0,5.930540167705404,5.93,max_steps,202
555,ppo,1000555,450,triprotic,near,base,separated,3,5.756,6.339,0.1662683576883821,0,0,,1,1,0,1,0,2,0,0.03600665700217753,2.97,0.0,2.97,6.302993342997823,6.3,measured_success,202
555,ppo,1000555,451,monoprotic,near,base,single,1,4.572,5.235,0.1635978363091673,1,0,0.425,1,1,0,1,0,3,1,0.023665181513755407,4.6899999999999995,0.0,4.6899999999999995,5.258665181513756,5.26,measured_success,202
555,ppo,1000555,452,triprotic,medium,acid,separated,3,5.647,3.954,0.050808805787664064,0,0,,1,1,0,1,0,2,0,0.03151274818302374,6.859999999999999,6.859999999999999,0.0,3.985512748183024,3.99,measured_success,202
555,ppo,1000555,453,triprotic,near,base,separated,3,7.255,7.812,0.04406313841845309,1,0,1.06,1,0,0,1,0,3,1,0.05543031237816454,3.6,1.48,2.12,7.867430312378165,7.87,measured_success,202
555,ppo,1000555,454,diprotic,near,base,overlapping,2,3.617,3.987,0.1604159512641468,0,0,,1,0,0,1,0,4,0,0.08058411466925453,4.0200000000000005,0.0,4.0200000000000005,3.9064158853307456,3.91,measured_success,202
555,ppo,1000555,455,monoprotic,medium,base,single,1,3.634,4.425,0.11352130006074265,0,0,,1,0,0,1,0,5,0,0.06147580022868926,5.539999999999999,0.0,5.539999999999999,4.363524199771311,4.36,measured_success,202
555,ppo,1000555,456,diprotic,near,base,separated,2,3.645,3.879,0.07040373365882799,1,0,0.755,1,1,0,1,0,1,1,0.035041538613663104,1.51,0.0,1.51,3.914041538613663,3.91,measured_success,202
555,ppo,1000555,457,triprotic,medium,base,separated,3,2.092,3.217,0.15482680821961642,0,0,,1,0,0,1,0,18,0,0.07934080572530666,13.1,0.0,13.1,3.1376591942746934,3.14,measured_success,202
555,ppo,1000555,458,triprotic,near,base,separated,3,6.67,7.301,0.11359691306545462,3,2,0.155,1,1,0,1,0,6,3,0.025734698171664405,4.37,1.63,2.74,7.326734698171665,7.33,measured_success,202
555,ppo,1000555,459,diprotic,medium,acid,overlapping,2,4.804,2.936,0.16722539557598365,3,2,0.225,1,1,0,1,0,9,3,0.04889272704376246,27.36,26.46,0.9,2.8871072729562375,2.89,measured_success,202
555,ppo,1000555,460,monoprotic,medium,acid,single,1,4.593,3.066,0.05067901030671703,4,2,0.155,1,1,0,1,0,6,4,0.005437199388800273,8.59,6.06,2.5300000000000002,3.0714371993888,3.0700000000000003,measured_success,202
555,ppo,1000555,461,monoprotic,near,acid,single,1,4.418,4.142,0.08520531614692767,0,0,,1,1,0,1,0,1,0,0.015838510588493726,1.51,1.51,0.0,4.157838510588494,4.16,measured_success,202
555,ppo,1000555,462,diprotic,medium,acid,separated,2,7.495,6.24,0.08609670326335901,0,0,,1,1,0,1,0,6,0,0.049167756514030714,7.279999999999999,7.279999999999999,0.0,6.289167756514031,6.29,measured_success,202
555,ppo,1000555,463,diprotic,medium,base,separated,2,4.414,5.821,0.14057609753237982,0,0,,1,0,0,1,0,5,0,0.06356551805715327,10.329999999999998,0.0,10.329999999999998,5.7574344819428465,5.76,measured_success,202
555,ppo,1000555,464,diprotic,medium,acid,overlapping,2,4.745,2.921,0.15464059999089128,1,0,0.315,1,0,0,1,0,10,1,0.09129559638087015,25.580000000000002,25.580000000000002,0.0,2.8297044036191297,2.83,measured_success,202
555,ppo,1000555,465,triprotic,medium,base,separated,3,5.599,7.374,0.06647160357708794,4,1,0.06,1,0,0,1,0,12,4,0.07437153935086815,9.19,2.89,6.299999999999999,7.2996284606491315,7.3,measured_success,202
555,ppo,1000555,466,monoprotic,far,base,single,1,7.752,10.499,0.07365850031850335,5,1,0.025,1,1,0,1,0,8,5,0.018222307759165446,11.27,3.62,7.65,10.517222307759166,10.52,measured_success,202
555,ppo,1000555,467,triprotic,far,acid,separated,3,5.129,2.087,0.03869831944085295,2,0,0.315,1,0,0,1,0,2,2,0.0687938568169586,6.7,6.07,0.63,2.155793856816959,2.16,measured_success,202
555,ppo,1000555,468,monoprotic,medium,base,single,1,3.118,4.842,0.11434024009086927,4,2,0.115,1,1,0,1,0,5,4,0.008037818060736335,9.06,2.85,6.21,4.833962181939263,4.83,measured_success,202
555,ppo,1000555,469,triprotic,medium,acid,separated,3,7.826,7.004,0.06487434083666363,1,0,1.06,1,1,0,1,0,1,1,0.03918961350288441,2.12,2.12,0.0,6.964810386497115,6.96,measured_success,202
555,ppo,1000555,470,diprotic,far,base,separated,2,7.399,10.807,0.05047563156187598,3,1,0.075,1,1,0,1,0,10,3,0.010004842832104899,12.45,5.819999999999999,6.630000000000001,10.817004842832105,10.82,measured_success,202
555,ppo,1000555,471,diprotic,near,acid,separated,2,2.575,2.114,0.0803099517884535,1,0,1.74,1,0,0,1,0,1,1,0.08553090519902362,3.48,3.48,0.0,2.0284690948009763,2.0300000000000002,measured_success,202
555,ppo,1000555,472,diprotic,near,acid,separated,2,2.186,1.84,0.14221208353570639,0,0,,0,0,0,1,1,3,0,0.10007697299485607,4.0,4.0,0.0,1.9400769729948562,1.94,measured_success,202
555,ppo,1000555,473,monoprotic,medium,base,single,1,5.195,6.107,0.13531013281780863,0,0,,1,0,0,1,0,2,0,0.08483468594671617,3.84,0.0,3.84,6.022165314053284,6.0200000000000005,measured_success,202
555,ppo,1000555,474,triprotic,medium,base,separated,3,4.027,5.198,0.04402723314767647,1,0,2.02,1,0,0,1,0,3,1,0.05229065015556422,5.52,1.48,4.04,5.250290650155565,5.25,measured_success,202
555,ppo,1000555,475,monoprotic,medium,base,single,1,6.165,7.891,0.09347923672506389,2,1,1.31,1,1,0,1,0,4,2,0.04651543816525283,8.86,2.62,6.24,7.844484561834747,7.84,measured_success,202
555,ppo,1000555,476,monoprotic,near,acid,single,1,4.92,4.24,0.06303840626815789,2,2,0.255,1,1,0,1,0,4,2,0.03896310416230442,3.3,2.79,0.51,4.278963104162305,4.28,measured_success,202
555,ppo,1000555,477,diprotic,medium,base,separated,2,5.42,7.413,0.03224679042812323,5,3,0.025,1,0,0,1,0,11,5,0.053763028457483486,10.72,4.720000000000001,6.0,7.466763028457484,7.47,measured_success,202
555,ppo,1000555,478,diprotic,far,base,separated,2,5.905,7.972,0.038531147009900436,41,23,0.01,0,0,1,0,0,50,41,0.8676274048373012,13.069999999999995,6.3599999999999985,6.709999999999996,8.839627404837302,8.84,max_steps,202
555,ppo,1000555,479,monoprotic,far,base,single,1,7.577,11.087,0.08041829490533864,2,0,0.085,1,1,0,1,0,7,2,0.00900146878345609,9.7,3.2199999999999998,6.48,11.077998531216544,11.08,measured_success,202
555,ppo,1000555,480,triprotic,medium,acid,overlapping,3,3.859,2.392,0.05714198406371909,0,0,,1,0,0,1,0,5,0,0.06102959501649208,13.12,13.12,0.0,2.453029595016492,2.45,measured_success,202
555,ppo,1000555,481,triprotic,medium,acid,separated,3,5.4,4.575,0.05914251434194929,1,0,0.425,1,0,0,1,0,3,1,0.07262339131223339,4.55,4.55,0.0,4.502376608687767,4.5,measured_success,202
555,ppo,1000555,482,diprotic,far,base,overlapping,2,2.216,5.468,0.040798510180450484,43,4,0.01,0,0,0,0,0,50,43,0.238251372588838,16.48999999999999,4.599999999999996,11.889999999999995,5.706251372588838,5.71,max_steps,202
555,ppo,1000555,483,triprotic,near,base,separated,3,2.231,2.586,0.040075367546101956,0,0,,1,1,0,1,0,1,0,0.039213907232210854,1.51,0.0,1.51,2.546786092767789,2.5500000000000003,measured_success,202
555,ppo,1000555,484,monoprotic,far,base,single,1,4.243,6.771,0.037496960863835714,4,1,0.075,1,0,0,1,0,9,4,0.08835534631411601,13.14,6.2700000000000005,6.869999999999999,6.682644653685884,6.68,measured_success,202
555,ppo,1000555,485,triprotic,near,base,separated,3,3.08,3.363,0.061600972161190655,1,0,0.755,1,1,0,1,0,1,1,0.029229808186034933,1.51,0.0,1.51,3.392229808186035,3.39,measured_success,202
555,ppo,1000555,486,triprotic,medium,base,separated,3,3.315,5.284,0.04142289338634301,1,0,0.155,1,1,0,1,0,3,1,0.0026613253545653137,6.09,0.0,6.09,5.286661325354565,5.29,measured_success,202
555,ppo,1000555,487,monoprotic,medium,acid,single,1,2.785,1.859,0.04146151802612722,0,0,,1,1,0,1,0,1,0,0.032279277089480196,3.87,3.87,0.0,1.8912792770894802,1.8900000000000001,measured_success,202
555,ppo,1000555,488,monoprotic,far,base,single,1,7.95,10.274,0.03135619006155457,5,2,0.04,1,0,0,1,0,8,5,0.07079380939363666,13.850000000000001,6.1000000000000005,7.75,10.344793809393636,10.34,measured_success,202
555,ppo,1000555,489,triprotic,near,acid,separated,3,6.965,6.323,0.13010022912547406,0,0,,1,0,0,1,0,9,0,0.06749500057840763,4.679999999999999,4.679999999999999,0.0,6.390495000578408,6.390000000000001,measured_success,202
555,ppo,1000555,490,triprotic,near,base,separated,3,3.676,3.911,0.03873748351602438,3,1,0.155,1,1,0,1,0,4,3,0.035439910844787814,3.2,1.38,1.82,3.946439910844788,3.95,measured_success,202
555,ppo,1000555,491,monoprotic,near,acid,single,1,3.487,2.933,0.04308365724676092,1,0,1.09,1,0,0,1,0,1,1,0.08050553982787889,2.18,2.18,0.0,2.852494460172121,2.85,measured_success,202
555,ppo,1000555,492,monoprotic,medium,base,single,1,2.396,3.308,0.030634625171052497,0,0,,1,0,0,1,0,1,0,0.0691401316932243,2.26,0.0,2.26,3.2388598683067755,3.24,measured_success,202
555,ppo,1000555,493,diprotic,medium,acid,separated,2,4.143,3.345,0.03274150393305172,1,0,1.935,1,1,0,1,0,2,1,0.012002718738246099,4.5,3.87,0.63,3.332997281261754,3.33,measured_success,202
555,ppo,1000555,494,monoprotic,near,acid,single,1,5.023,4.338,0.10726302019862094,0,0,,1,0,0,1,0,5,0,0.08099417105869211,4.33,4.33,0.0,4.418994171058692,4.42,measured_success,202
555,ppo,1000555,495,triprotic,medium,acid,separated,3,4.151,3.094,0.037860458911285845,1,0,1.935,1,1,0,1,0,2,1,0.005492593864156792,5.67,3.87,1.8,3.088507406135843,3.09,measured_success,202
555,ppo,1000555,496,monoprotic,far,base,single,1,7.912,11.192,0.056801124216301936,1,0,3.24,1,0,0,1,0,9,1,0.09749212708209143,9.27,2.79,6.48,11.289492127082092,11.290000000000001,measured_success,202
555,ppo,1000555,497,triprotic,medium,acid,separated,3,6.253,5.24,0.09919514220909029,0,0,,1,0,0,1,0,3,0,0.0723126892079744,4.81,4.81,0.0,5.312312689207975,5.3100000000000005,measured_success,202
555,ppo,1000555,498,diprotic,far,base,separated,2,3.708,7.108,0.05044940301699439,6,2,0.015,1,1,0,1,0,11,6,0.030538112560758,16.71,4.400000000000001,12.31,7.077461887439242,7.08,measured_success,202
555,ppo,1000555,499,monoprotic,far,base,single,1,6.939,10.423,0.09791920640043492,3,2,0.075,1,1,0,1,0,10,3,0.018144434506895735,12.120000000000001,2.5,9.620000000000001,10.441144434506896,10.44,measured_success,202
555,ppo,1000555,500,monoprotic,far,base,single,1,7.648,11.507,0.04156195001113126,1,0,4.1,1,0,0,1,0,11,1,0.0857931440938966,10.09,1.8899999999999997,8.2,11.592793144093896,11.59,measured_success,202
555,ppo,1000555,501,monoprotic,medium,acid,single,1,7.836,7.134,0.1373770199701706,0,0,,1,0,0,1,0,4,0,0.09928764609440499,3.37,3.37,0.0,7.233287646094405,7.23,measured_success,202
555,ppo,1000555,502,monoprotic,near,acid,single,1,5.08,4.445,0.078493325597878,0,0,,1,0,0,1,0,1,0,0.059004605216921746,1.51,1.51,0.0,4.504004605216922,4.5,measured_success,202
555,ppo,1000555,503,diprotic,far,acid,separated,2,4.518,1.561,0.06885601811688226,0,0,,1,0,0,1,0,11,0,0.09107431365486551,22.44000000000001,22.44000000000001,0.0,1.6520743136548655,1.6500000000000001,measured_success,202
555,ppo,1000555,504,monoprotic,near,acid,single,1,3.447,2.825,0.0554072312491175,3,3,0.255,1,1,0,1,0,5,3,0.037064516492902655,7.01,3.99,3.02,2.7879354835070975,2.79,measured_success,202
555,ppo,1000555,505,monoprotic,far,acid,single,1,8.378,5.054,0.03389954643830567,6,5,0.045,0,0,0,0,0,50,6,0.4083088201776661,13.83,8.09,5.74,5.462308820177666,5.46,max_steps,202
555,ppo,1000555,506,diprotic,medium,base,separated,2,7.018,7.859,0.08076731435819891,5,3,0.035,1,1,0,1,0,6,5,0.023519107039074783,4.13,1.63,2.5,7.882519107039075,7.88,measured_success,202
555,ppo,1000555,507,monoprotic,near,base,single,1,4.906,5.384,0.08670202166828196,0,0,,1,1,0,1,0,1,0,0.006249462021790109,2.12,0.0,2.12,5.37775053797821,5.38,measured_success,202
555,ppo,1000555,508,diprotic,near,base,separated,2,4.854,5.428,0.10627010979460785,2,1,0.315,1,0,0,1,0,4,2,0.09163006577803134,4.05,1.48,2.57,5.336369934221969,5.34,measured_success,202
555,ppo,1000555,509,monoprotic,far,base,single,1,2.034,4.946,0.06446900398391567,5,4,0.035,1,0,0,1,0,11,5,0.06779099102466368,14.62,3.4399999999999995,11.18,5.013790991024663,5.01,measured_success,202
555,ppo,1000555,510,monoprotic,medium,acid,single,1,3.376,2.148,0.0967892350639381,1,0,1.935,1,0,0,1,0,2,1,0.08255475736302875,4.9,3.87,1.03,2.0654452426369714,2.07,measured_success,202
555,ppo,1000555,511,monoprotic,near,acid,single,1,2.852,2.297,0.17408987620764516,0,0,,1,0,0,1,0,2,0,0.07491950596189367,5.28,5.28,0.0,2.371919505961894,2.37,measured_success,202
555,ppo,1000555,512,monoprotic,medium,acid,single,1,2.827,2.031,0.0445336441135463,2,0,0.515,1,1,0,1,0,2,2,0.030633635304675,4.51,3.48,1.03,2.061633635304675,2.06,measured_success,202
555,ppo,1000555,513,diprotic,medium,base,separated,2,7.835,9.642,0.08681462284163309,4,0,0.02,1,0,0,1,0,11,4,0.07313725869476784,11.33,5.07,6.26,9.568862741305232,9.57,measured_success,202
555,ppo,1000555,514,diprotic,far,acid,overlapping,2,5.852,2.844,0.04382254747455552,4,2,0.125,1,1,0,1,0,6,4,0.008616181164290193,15.14,13.860000000000001,1.28,2.85261618116429,2.85,measured_success,202
555,ppo,1000555,515,monoprotic,medium,acid,single,1,6.105,4.274,0.041196732024911635,8,4,0.015,1,0,0,1,0,12,8,0.06191921238920539,14.469999999999999,7.6499999999999995,6.82,4.335919212389205,4.34,measured_success,202
555,ppo,1000555,516,diprotic,near,acid,separated,2,6.345,6.019,0.04699375969495046,0,0,,0,0,0,0,0,50,0,0.207396482125775,0.5000000000000002,0.5000000000000002,0.0,6.226396482125775,6.23,max_steps,202
555,ppo,1000555,517,monoprotic,medium,acid,single,1,6.198,4.773,0.13168673228783417,0,0,,1,0,0,1,0,9,0,0.05595260076636421,10.790000000000003,10.790000000000003,0.0,4.828952600766364,4.83,measured_success,202
555,ppo,1000555,518,monoprotic,near,acid,single,1,4.911,4.403,0.1688753284405058,0,0,,1,1,0,1,0,1,0,0.0020701502045552544,1.51,1.51,0.0,4.405070150204555,4.41,measured_success,202
555,ppo,1000555,519,triprotic,medium,base,separated,3,4.754,5.775,0.06545754999272789,0,0,,1,0,0,1,0,5,0,0.07540368330906055,5.499999999999999,0.0,5.499999999999999,5.69959631669094,5.7,measured_success,202
555,ppo,1000555,520,monoprotic,near,acid,single,1,4.736,4.227,0.13253933645230084,0,0,,1,0,0,1,0,2,0,0.09789090987844773,2.36,2.36,0.0,4.324890909878448,4.32,measured_success,202
555,ppo,1000555,521,diprotic,medium,base,separated,2,5.014,6.509,0.06193288302963645,3,2,0.155,1,1,0,1,0,8,3,0.01467324462669417,9.99,2.77,7.22,6.5236732446266945,6.5200000000000005,measured_success,202
555,ppo,1000555,522,triprotic,far,base,separated,3,4.865,7.95,0.07501364849596405,0,0,,1,0,0,1,0,5,0,0.06120626806692986,13.370000000000003,0.0,13.370000000000003,7.88879373193307,7.890000000000001,measured_success,202
555,ppo,1000555,523,triprotic,near,acid,separated,3,2.733,2.167,0.16068109773002007,0,0,,1,0,0,1,0,3,0,0.06897698025094545,6.3100000000000005,6.3100000000000005,0.0,2.2359769802509453,2.24,measured_success,202
555,ppo,1000555,524,diprotic,near,base,separated,2,2.983,3.604,0.12035875284843779,0,0,,1,0,0,1,0,4,0,0.09470237978320828,4.77,0.0,4.77,3.509297620216792,3.5100000000000002,measured_success,202
555,ppo,1000555,525,diprotic,near,acid,separated,2,5.936,5.642,0.0985670512103628,0,0,,0,0,0,0,0,50,0,0.23341718583151927,0.5000000000000002,0.5000000000000002,0.0,5.87541718583152,5.88,max_steps,202
555,ppo,1000555,526,monoprotic,medium,acid,single,1,7.282,6.316,0.17123329860859476,0,0,,1,0,0,1,0,19,0,0.09141967468255263,12.030000000000005,12.030000000000005,0.0,6.4074196746825525,6.41,measured_success,202
555,ppo,1000555,527,triprotic,medium,base,separated,3,4.315,5.276,0.15416507218344602,0,0,,1,1,0,1,0,2,0,0.02849606166541463,3.84,0.0,3.84,5.247503938334585,5.25,measured_success,202
555,ppo,1000555,528,triprotic,near,base,separated,3,2.786,3.255,0.04246164236681215,1,0,0.755,1,0,0,1,0,1,1,0.07238926962726566,1.51,0.0,1.51,3.3273892696272656,3.33,measured_success,202
555,ppo,1000555,529,diprotic,medium,acid,overlapping,2,4.921,3.256,0.07611750678571781,1,1,0.515,1,0,0,1,0,6,1,0.06436588097207752,13.739999999999998,13.229999999999999,0.51,3.1916341190279223,3.19,measured_success,202
555,ppo,1000555,530,monoprotic,medium,base,single,1,4.735,5.524,0.10807966170985817,0,0,,1,0,0,1,0,8,0,0.08164967468341278,6.469999999999998,0.0,6.469999999999998,5.442350325316587,5.44,measured_success,202
555,ppo,1000555,531,diprotic,far,acid,separated,2,5.719,3.234,0.1299686944048449,4,1,0.075,1,1,0,1,0,6,4,0.034382367209801146,14.440000000000001,13.660000000000002,0.78,3.268382367209801,3.27,measured_success,202
555,ppo,1000555,532,triprotic,near,acid,separated,3,2.229,1.974,0.08876855018251151,1,0,1.06,1,0,0,1,0,1,1,0.055485219670622365,2.12,2.12,0.0,1.9185147803293776,1.92,measured_success,202
555,ppo,1000555,533,diprotic,near,acid,separated,2,4.405,3.911,0.034166845571690224,2,2,0.375,1,1,0,1,0,3,2,0.031156729228290825,2.63,1.88,0.75,3.942156729228291,3.94,measured_success,202
555,ppo,1000555,534,diprotic,far,base,separated,2,5.606,8.275,0.0515280871931043,5,3,0.155,1,0,0,1,0,13,5,0.08392721203569486,13.8,4.089999999999999,9.710000000000003,8.358927212035695,8.36,measured_success,202
555,ppo,1000555,535,diprotic,near,acid,separated,2,4.638,4.215,0.08978440950386311,1,0,0.425,1,1,0,1,0,2,1,0.046607090011463015,2.36,2.36,0.0,4.168392909988537,4.17,measured_success,202
555,ppo,1000555,536,monoprotic,near,base,single,1,7.106,7.533,0.17125492106846746,0,0,,1,0,0,1,0,1,0,0.05561391352622014,2.12,0.0,2.12,7.47738608647378,7.48,measured_success,202
555,ppo,1000555,537,monoprotic,near,base,single,1,8.544,9.005,0.14582005040695414,0,0,,0,0,0,0,0,50,0,0.3971884521779767,0.5000000000000002,0.0,0.5000000000000002,8.607811547822024,8.61,max_steps,202
555,ppo,1000555,538,triprotic,far,base,separated,3,4.168,7.062,0.04559169736705181,4,2,0.075,1,0,0,1,0,7,4,0.06571837373320033,13.380000000000003,1.63,11.750000000000002,6.9962816262668,7.0,measured_success,202
555,ppo,1000555,539,monoprotic,far,acid,single,1,6.825,4.508,0.03785351595866496,4,1,0.27,1,1,0,1,0,7,4,0.0059034421308075125,12.03,7.319999999999999,4.71,4.5139034421308075,4.51,measured_success,202
555,ppo,1000555,540,monoprotic,far,base,single,1,4.049,7.751,0.15818909310178775,6,3,0.015,1,1,0,1,0,14,7,0.0014358829036824616,21.55,5.490000000000001,16.06,7.752435882903683,7.75,measured_success,202
555,ppo,1000555,541,monoprotic,near,base,single,1,5.561,5.911,0.03681071651691814,2,1,0.315,1,0,0,1,0,6,2,0.062110942424171256,4.93,2.33,2.6,5.848889057575828,5.8500000000000005,measured_success,202
555,ppo,1000555,542,diprotic,medium,base,separated,2,1.962,3.31,0.07377050666430142,0,0,,1,0,0,1,0,6,0,0.08553535238295451,11.85,0.0,11.85,3.2244646476170455,3.22,measured_success,202
555,ppo,1000555,543,triprotic,near,base,separated,3,7.118,7.591,0.05201440072920499,4,2,0.075,1,1,0,1,0,5,4,0.0026035764605909506,4.0600000000000005,1.63,2.43,7.588396423539409,7.59,measured_success,202
555,ppo,1000555,544,monoprotic,far,base,single,1,2.874,6.595,0.14029972508414906,4,2,0.075,1,0,0,1,0,11,4,0.09827481599469312,29.03,4.370000000000001,24.66,6.496725184005307,6.5,measured_success,202
555,ppo,1000555,545,monoprotic,far,acid,single,1,6.391,4.016,0.03702713474049646,7,5,0.03,1,1,0,1,0,10,7,0.017940476848109732,14.77,8.76,6.01,3.9980595231518903,4.0,measured_success,202
555,ppo,1000555,546,diprotic,medium,base,overlapping,2,5.424,7.164,0.07351494844286988,6,3,0.02,1,1,0,1,0,9,6,0.03870748932037138,11.09,4.420000000000001,6.67,7.125292510679628,7.13,measured_success,202
555,ppo,1000555,547,monoprotic,medium,acid,single,1,6.201,4.918,0.03980195415933798,2,0,0.9,1,1,0,1,0,2,2,0.011202407946220738,5.67,3.87,1.8,4.929202407946221,4.93,measured_success,202
555,ppo,1000555,548,diprotic,medium,acid,separated,2,4.558,2.946,0.0451523170504069,1,0,2.53,1,0,0,1,0,2,1,0.08805819557034633,5.6899999999999995,5.06,0.63,2.857941804429654,2.86,measured_success,202
555,ppo,1000555,549,triprotic,near,base,separated,3,6.917,7.555,0.13285547544106838,1,0,0.315,1,0,0,1,0,2,1,0.0550213113671667,2.75,0.0,2.75,7.610021311367166,7.61,measured_success,202
555,ppo,1000555,550,triprotic,near,acid,separated,3,3.66,3.198,0.040107265670316194,1,1,0.515,1,1,0,1,0,3,1,0.028297853307969856,3.05,2.54,0.51,3.16970214669203,3.17,measured_success,202
555,ppo,1000555,551,monoprotic,near,acid,single,1,5.892,5.461,0.057847708491994505,3,3,0.105,1,0,0,1,0,5,3,0.053222151588334654,3.0,1.72,1.28,5.407777848411666,5.41,measured_success,202
555,ppo,1000555,552,monoprotic,near,acid,single,1,7.583,7.358,0.06183140366600494,0,0,,1,0,0,1,0,38,0,0.096654365459659,0.38000000000000017,0.38000000000000017,0.0,7.454654365459659,7.45,measured_success,202
555,ppo,1000555,553,diprotic,near,base,separated,2,4.169,4.661,0.030977306837262533,2,1,0.315,1,0,0,1,0,4,2,0.06429414586280302,4.33,1.7599999999999998,2.57,4.596705854137197,4.6000000000000005,measured_success,202
555,ppo,1000555,554,monoprotic,near,base,single,1,6.822,7.043,0.03988885809792744,0,0,,1,0,0,1,0,31,0,0.09623648523346073,0.3100000000000001,0.0,0.3100000000000001,6.946763514766539,6.95,measured_success,202
555,ppo,1000555,555,diprotic,near,acid,separated,2,4.728,4.108,0.042675386937337564,0,0,,1,1,0,1,0,3,0,0.04890687338872457,3.17,3.17,0.0,4.156906873388724,4.16,measured_success,202
555,ppo,1000555,556,triprotic,near,base,separated,3,6.193,6.593,0.10787519023545053,0,0,,1,1,0,1,0,2,0,0.034085293107713355,2.75,0.0,2.75,6.558914706892287,6.5600000000000005,measured_success,202
555,ppo,1000555,557,triprotic,far,acid,overlapping,3,3.657,1.502,0.1589427821039406,0,0,,1,0,0,1,0,7,0,0.0661518105625174,15.879999999999997,15.879999999999997,0.0,1.5681518105625174,1.57,measured_success,202
555,ppo,1000555,558,monoprotic,medium,acid,single,1,4.826,3.194,0.10615873088715004,2,1,0.425,1,0,0,1,0,4,2,0.09495858188759065,8.25,7.3999999999999995,0.85,3.2889585818875906,3.29,measured_success,202
555,ppo,1000555,559,monoprotic,medium,acid,single,1,3.793,2.083,0.035104387129717037,1,0,2.53,1,0,0,1,0,6,1,0.07139376463207547,7.619999999999999,5.06,2.56,2.0116062353679247,2.0100000000000002,measured_success,202
555,ppo,1000555,560,triprotic,near,acid,separated,3,5.42,4.956,0.03803802769731269,3,2,0.185,1,1,0,1,0,3,3,0.0170095933918466,2.63,1.88,0.75,4.938990406608154,4.94,measured_success,202
555,ppo,1000555,561,monoprotic,near,acid,single,1,3.437,3.068,0.1270009304002513,2,1,0.375,1,0,0,1,0,2,2,0.06317397520219403,2.26,1.51,0.75,3.131173975202194,3.13,measured_success,202
555,ppo,1000555,562,monoprotic,far,base,single,1,5.326,7.924,0.04093662560488956,4,1,0.075,1,0,0,1,0,5,4,0.05905422377810243,10.73,3.62,7.11,7.864945776221898,7.86,measured_success,202
555,ppo,1000555,563,triprotic,medium,base,separated,3,2.921,3.745,0.036739102649654326,1,0,0.515,1,1,0,1,0,2,1,0.04502967989696138,3.29,0.0,3.29,3.7900296798969615,3.79,measured_success,202
555,ppo,1000555,564,triprotic,medium,acid,separated,3,3.046,2.058,0.1495956156506061,1,0,0.515,1,1,0,1,0,4,1,0.012092699702833443,8.4,8.4,0.0,2.0459073002971664,2.05,measured_success,202
555,ppo,1000555,565,triprotic,medium,base,separated,3,4.283,5.834,0.09365279457295954,0,0,,1,0,0,1,0,8,0,0.09513520717422885,11.290000000000001,0.0,11.290000000000001,5.738864792825771,5.74,measured_success,202
555,ppo,1000555,566,triprotic,near,acid,separated,3,5.548,4.972,0.07475945654576527,0,0,,1,1,0,1,0,2,0,0.0031261459154618976,2.14,2.14,0.0,4.975126145915462,4.98,measured_success,202
555,ppo,1000555,567,diprotic,near,base,separated,2,5.13,5.675,0.14613731214794073,0,0,,1,0,0,1,0,6,0,0.09597498340207888,5.85,0.0,5.85,5.579025016597921,5.58,measured_success,202
555,ppo,1000555,568,diprotic,medium,acid,separated,2,2.981,1.708,0.08116030133896893,1,0,2.625,1,1,0,1,0,1,1,0.023719447479835454,5.25,5.25,0.0,1.6842805525201645,1.68,measured_success,202
555,ppo,1000555,569,diprotic,near,acid,separated,2,7.316,6.861,0.13021612290323192,0,0,,0,0,0,0,0,50,0,0.4085629317039272,0.5000000000000002,0.5000000000000002,0.0,7.269562931703927,7.2700000000000005,max_steps,202
555,ppo,1000555,570,triprotic,near,base,separated,3,4.085,4.649,0.16640749339804806,0,0,,1,0,0,1,0,6,0,0.08288214491184309,5.849999999999999,0.0,5.849999999999999,4.566117855088157,4.57,measured_success,202
555,ppo,1000555,571,diprotic,near,acid,separated,2,2.149,1.754,0.10675627497866426,0,0,,1,1,0,1,0,2,0,0.0431050526479928,3.1500000000000004,3.1500000000000004,0.0,1.7971050526479928,1.8,measured_success,202
555,ppo,1000555,572,diprotic,medium,acid,separated,2,3.486,1.61,0.04682095035472831,0,0,,1,0,0,1,0,2,0,0.07262838763272161,5.6899999999999995,5.6899999999999995,0.0,1.6826283876327217,1.68,measured_success,202
555,ppo,1000555,573,triprotic,medium,base,separated,3,6.045,7.305,0.09167464114186835,0,0,,1,1,0,1,0,1,0,0.0443174621489959,4.04,0.0,4.04,7.260682537851004,7.26,measured_success,202
555,ppo,1000555,574,monoprotic,medium,base,single,1,5.791,7.107,0.04711535036570694,5,2,0.055,1,1,0,1,0,7,5,0.036315994969498,10.41,4.420000000000001,5.99,7.143315994969498,7.140000000000001,measured_success,202
555,ppo,1000555,575,diprotic,medium,acid,separated,2,6.83,4.925,0.10293099223547802,0,0,,1,0,0,1,0,7,0,0.06406229494408944,12.190000000000001,12.190000000000001,0.0,4.989062294944089,4.99,measured_success,202
555,ppo,1000555,576,monoprotic,medium,acid,single,1,6.947,5.478,0.04540398790068329,7,3,0.02,1,0,0,1,0,9,7,0.061816563185239204,10.0,5.7,4.3,5.4161834368147606,5.42,measured_success,202
555,ppo,1000555,577,monoprotic,near,base,single,1,6.551,6.777,0.05177571166597023,0,0,,0,0,0,1,1,18,0,0.10079735237098486,0.18000000000000002,0.0,0.18000000000000002,6.676202647629015,6.68,measured_success,202
555,ppo,1000555,578,diprotic,near,base,separated,2,6.005,6.48,0.05563459095338846,2,0,0.315,1,0,0,1,0,2,2,0.06961087957242285,2.75,0.63,2.12,6.410389120427578,6.41,measured_success,202
555,ppo,1000555,579,triprotic,near,acid,overlapping,3,5.264,4.82,0.046013351582941064,1,0,0.755,1,0,0,1,0,1,1,0.07710858471160442,1.51,1.51,0.0,4.742891415288396,4.74,measured_success,202
555,ppo,1000555,580,triprotic,near,acid,separated,3,2.466,1.873,0.058024336469242876,0,0,,1,1,0,1,0,2,0,0.02975102285318365,4.51,4.51,0.0,1.9027510228531836,1.9000000000000001,measured_success,202
555,ppo,1000555,581,monoprotic,near,acid,single,1,3.005,2.683,0.0713277842078003,0,0,,1,1,0,1,0,1,0,0.005460313645212267,1.51,1.51,0.0,2.688460313645212,2.69,measured_success,202
555,ppo,1000555,582,triprotic,medium,base,separated,3,4.241,5.028,0.11382830096365207,0,0,,1,0,0,1,0,7,0,0.09603706163558723,6.159999999999998,0.0,6.159999999999998,4.931962938364412,4.93,measured_success,202
555,ppo,1000555,583,triprotic,near,acid,separated,3,5.223,4.811,0.05192445759927703,0,0,,1,1,0,1,0,1,0,0.013491852799528914,1.51,1.51,0.0,4.824491852799529,4.82,measured_success,202
555,ppo,1000555,584,monoprotic,medium,acid,single,1,5.861,4.824,0.052887938105031736,3,0,0.425,1,0,0,1,0,3,3,0.09794362386584687,6.52,4.72,1.8,4.726056376134153,4.73,measured_success,202
555,ppo,1000555,585,diprotic,medium,base,separated,2,6.943,8.166,0.030505927873492888,4,1,0.075,1,0,0,1,0,7,4,0.07846522059430683,9.969999999999999,4.74,5.2299999999999995,8.087534779405694,8.09,measured_success,202
555,ppo,1000555,586,triprotic,near,base,overlapping,3,1.603,1.994,0.1672959380559767,0,0,,1,0,0,1,0,3,0,0.08566705974104116,4.0,0.0,4.0,1.9083329402589588,1.9100000000000001,measured_success,202
555,ppo,1000555,587,monoprotic,medium,base,single,1,3.383,4.223,0.1026311297891983,0,0,,1,0,0,1,0,3,0,0.0720192267480746,4.6899999999999995,0.0,4.6899999999999995,4.150980773251925,4.15,measured_success,202
555,ppo,1000555,588,diprotic,far,base,overlapping,2,2.219,6.164,0.11604920163919434,40,20,0.01,0,0,0,0,0,50,40,0.2927696953111205,25.39000000000003,5.469999999999998,19.92000000000003,5.871230304688879,5.87,max_steps,202
555,ppo,1000555,589,diprotic,near,acid,separated,2,4.586,3.966,0.07360190100664611,1,0,0.755,1,1,0,1,0,1,1,0.014050728556200376,1.51,1.51,0.0,3.9519492714438,3.95,measured_success,202
555,ppo,1000555,590,diprotic,medium,acid,separated,2,3.452,2.434,0.04379010556154185,1,0,1.935,1,1,0,1,0,1,1,0.048810710498716325,3.87,3.87,0.0,2.385189289501284,2.39,measured_success,202
555,ppo,1000555,591,monoprotic,medium,acid,single,1,5.116,4.207,0.16864226834624613,1,1,0.515,1,1,0,1,0,4,1,0.008021569947737284,7.21,6.7,0.51,4.198978430052263,4.2,measured_success,202
555,ppo,1000555,592,triprotic,medium,acid,separated,3,5.453,3.53,0.05449461184140537,0,0,,1,1,0,1,0,2,0,0.04973636704036144,6.859999999999999,6.859999999999999,0.0,3.5797363670403612,3.58,measured_success,202
555,ppo,1000555,593,diprotic,medium,base,separated,2,7.309,9.109,0.06440009202959003,7,5,0.015,1,0,0,1,0,9,7,0.08063569348605348,11.91,5.62,6.29,9.189635693486053,9.19,measured_success,202
555,ppo,1000555,594,monoprotic,far,base,single,1,6.981,9.159,0.11124869158440319,5,0,0.01,1,1,0,1,0,8,5,0.030515167362031193,9.75,3.5,6.25,9.189515167362032,9.19,measured_success,202
555,ppo,1000555,595,diprotic,medium,acid,separated,2,2.943,2.048,0.08593782712647545,0,0,,1,1,0,1,0,2,0,0.008767831885559296,4.9,4.9,0.0,2.0567678318855593,2.06,measured_success,202
555,ppo,1000555,596,monoprotic,far,acid,single,1,5.356,3.117,0.10644040996647758,3,1,0.21,1,0,0,1,0,4,3,0.06774018265335968,9.26,8.41,0.85,3.0492598173466403,3.0500000000000003,measured_success,202
555,ppo,1000555,597,monoprotic,medium,base,single,1,2.51,4.12,0.07865750592014309,2,1,0.425,1,0,0,1,0,3,2,0.057442795333803254,6.52,0.85,5.67,4.062557204666197,4.0600000000000005,measured_success,202
555,ppo,1000555,598,triprotic,medium,base,separated,3,2.335,3.114,0.15125167273035597,0,0,,1,0,0,1,0,5,0,0.08509462693653003,6.35,0.0,6.35,3.02890537306347,3.0300000000000002,measured_success,202
555,ppo,1000555,599,triprotic,medium,acid,separated,3,4.729,3.108,0.10486524693317868,0,0,,1,1,0,1,0,9,0,0.030440781011401352,12.96,12.96,0.0,3.1384407810114014,3.14,measured_success,202
555,ppo,1000555,600,diprotic,medium,acid,overlapping,2,4.228,2.292,0.1378340750952917,0,0,,1,1,0,1,0,3,0,0.010953284594237722,12.34,12.34,0.0,2.3029532845942375,2.3000000000000003,measured_success,202
555,ppo,1000555,601,monoprotic,medium,acid,single,1,4.346,3.551,0.062307027561857437,5,2,0.09,1,1,0,1,0,7,5,0.028862275844173446,8.59,4.81,3.78,3.5221377241558267,3.52,measured_success,202
555,ppo,1000555,602,diprotic,medium,base,separated,2,6.933,8.117,0.06189527517208535,3,0,0.315,1,0,0,1,0,6,3,0.051814055205358756,6.699999999999999,2.03,4.67,8.16881405520536,8.17,measured_success,202
555,ppo,1000555,603,triprotic,near,base,overlapping,3,3.594,3.841,0.07060228720814159,0,0,,1,0,0,1,0,3,0,0.06724828063290467,2.9899999999999998,0.0,2.9899999999999998,3.7737517193670955,3.77,measured_success,202
555,ppo,1000555,604,monoprotic,medium,base,single,1,4.381,5.898,0.033544842710519066,5,3,0.035,1,1,0,1,0,9,6,0.0001527916454548972,10.660000000000002,4.710000000000002,5.95,5.897847208354545,5.9,measured_success,202
555,ppo,1000555,605,diprotic,near,base,separated,2,4.014,4.514,0.0945036593224142,1,0,1.13,1,1,0,1,0,1,1,0.013438013502203638,2.26,0.0,2.26,4.527438013502204,4.53,measured_success,202
555,ppo,1000555,606,diprotic,near,base,separated,2,4.069,4.35,0.11241099925630896,0,0,,1,1,0,1,0,2,0,0.020458683218036455,2.36,0.0,2.36,4.329541316781963,4.33,measured_success,202
555,ppo,1000555,607,triprotic,medium,base,overlapping,3,2.732,3.555,0.1319316949342147,0,0,,0,0,0,0,0,50,0,0.1274209962119417,23.56999999999997,0.0,23.56999999999997,3.4275790037880585,3.43,max_steps,202
555,ppo,1000555,608,diprotic,medium,acid,separated,2,3.675,2.167,0.03161334902755583,1,0,2.625,1,1,0,1,0,5,1,0.018305862556666774,7.04,5.25,1.79,2.148694137443333,2.15,measured_success,202
555,ppo,1000555,609,monoprotic,medium,acid,single,1,6.617,5.171,0.06160964934986115,6,6,0.035,1,1,0,1,0,10,6,0.04935180209594048,9.71,5.53,4.180000000000001,5.220351802095941,5.22,measured_success,202
555,ppo,1000555,610,triprotic,medium,acid,separated,3,6.866,5.68,0.10689049420438429,0,0,,1,0,0,1,0,10,0,0.08812726212475219,10.030000000000001,10.030000000000001,0.0,5.768127262124752,5.7700000000000005,measured_success,202
555,ppo,1000555,611,diprotic,medium,base,separated,2,4.2,4.995,0.08906366181526904,1,1,0.425,1,1,0,1,0,3,1,0.0039295533250554016,3.53,0.42,3.11,4.9989295533250555,5.0,measured_success,202
555,ppo,1000555,612,diprotic,near,base,separated,2,4.829,5.528,0.09029435036940164,0,0,,1,1,0,1,0,2,0,0.016148492693369043,3.29,0.0,3.29,5.5118515073066305,5.51,measured_success,202
555,ppo,1000555,613,diprotic,near,acid,separated,2,2.013,1.661,0.07826788186478281,0,0,,1,0,0,1,0,1,0,0.07824648731967576,2.12,2.12,0.0,1.7392464873196758,1.74,measured_success,202
555,ppo,1000555,614,diprotic,near,acid,separated,2,4.816,4.144,0.0321210961762049,2,2,0.375,1,0,0,1,0,3,2,0.09641649769391591,2.63,1.88,0.75,4.240416497693916,4.24,measured_success,202
555,ppo,1000555,615,monoprotic,near,acid,single,1,8.112,7.734,0.036593600905649226,0,0,,0,0,0,0,0,50,0,0.10435234876977084,0.5000000000000002,0.5000000000000002,0.0,7.838352348769771,7.84,max_steps,202
555,ppo,1000555,616,monoprotic,medium,base,single,1,4.615,5.684,0.03997252217407091,2,0,0.315,1,0,0,1,0,4,2,0.0547661097701484,6.51,2.16,4.35,5.629233890229852,5.63,measured_success,202
555,ppo,1000555,617,triprotic,medium,base,separated,3,6.781,8.505,0.03287877918773791,44,22,0.01,0,0,0,0,0,50,44,0.13116980594521088,12.939999999999994,6.2399999999999975,6.699999999999996,8.37383019405479,8.370000000000001,max_steps,202
555,ppo,1000555,618,diprotic,near,acid,separated,2,5.425,4.819,0.062238279480389534,0,0,,1,0,0,1,0,2,0,0.08072204017671591,2.36,2.36,0.0,4.899722040176716,4.9,measured_success,202
555,ppo,1000555,619,monoprotic,medium,base,single,1,3.318,4.708,0.06127157322884744,4,2,0.155,1,0,0,1,0,5,4,0.099297347818327,8.96,2.93,6.03,4.608702652181673,4.61,measured_success,202
555,ppo,1000555,620,diprotic,medium,acid,separated,2,7.591,5.929,0.0938348231602586,0,0,,1,1,0,1,0,4,0,0.01875103096315911,6.629999999999999,6.629999999999999,0.0,5.947751030963159,5.95,measured_success,202
555,ppo,1000555,621,monoprotic,medium,base,single,1,4.164,5.215,0.0386892620323922,1,0,2.02,1,0,0,1,0,2,1,0.07885055652065276,4.89,0.85,4.04,5.293850556520653,5.29,measured_success,202
555,ppo,1000555,622,diprotic,near,acid,separated,2,3.611,2.912,0.04198022061453941,1,0,0.515,1,0,0,1,0,2,1,0.06714966873576778,4.51,4.51,0.0,2.844850331264232,2.84,measured_success,202
555,ppo,1000555,623,monoprotic,near,acid,single,1,3.73,3.352,0.04880121600802175,1,0,0.755,1,0,0,1,0,1,1,0.08092568087219965,1.51,1.51,0.0,3.2710743191278002,3.27,measured_success,202
555,ppo,1000555,624,triprotic,near,base,separated,3,4.215,4.481,0.07869338839973766,0,0,,1,1,0,1,0,1,0,0.044584661895457955,1.51,0.0,1.51,4.436415338104542,4.44,measured_success,202
555,ppo,1000555,625,diprotic,far,acid,separated,2,4.913,1.85,0.05030412157054092,0,0,,1,1,0,1,0,5,0,0.02489416860637572,13.51,13.51,0.0,1.8748941686063758,1.87,measured_success,202
555,ppo,1000555,626,triprotic,medium,acid,separated,3,8.0,6.468,0.08178742872869713,0,0,,1,1,0,1,0,18,0,0.021882001124810202,6.15,6.15,0.0,6.48988200112481,6.49,measured_success,202
555,ppo,1000555,627,monoprotic,medium,base,single,1,7.462,8.906,0.08856397825058349,2,1,1.31,1,1,0,1,0,7,2,0.033195857772311044,9.56,2.62,6.94,8.87280414222769,8.870000000000001,measured_success,202
555,ppo,1000555,628,monoprotic,far,base,single,1,6.844,10.326,0.05677187793622844,4,2,0.075,1,0,0,1,0,8,4,0.09922179392534503,11.240000000000002,2.26,8.980000000000002,10.226778206074655,10.23,measured_success,202
555,ppo,1000555,629,monoprotic,medium,acid,single,1,7.261,5.399,0.03694947891009893,7,3,0.01,1,1,0,1,0,12,7,0.020111335716509693,12.49,6.9399999999999995,5.550000000000001,5.37888866428349,5.38,measured_success,202
555,ppo,1000555,630,diprotic,far,base,separated,2,3.335,6.897,0.16173149640109852,43,21,0.01,0,0,1,0,0,50,43,1.6269119885663965,17.91999999999999,4.979999999999997,12.939999999999994,8.523911988566397,8.52,max_steps,202
555,ppo,1000555,631,monoprotic,far,acid,single,1,6.506,2.701,0.050749106566209234,1,0,3.93,1,0,0,1,0,11,1,0.06347788526942155,13.120000000000001,7.86,5.26,2.6375221147305785,2.64,measured_success,202
555,ppo,1000555,632,diprotic,medium,base,separated,2,6.678,8.183,0.11825068905687264,3,1,0.315,1,0,0,1,0,4,3,0.06269153555316365,10.030000000000001,4.15,5.88,8.245691535553163,8.25,measured_success,202
555,ppo,1000555,633,monoprotic,near,acid,single,1,5.101,4.411,0.1365984786885054,0,0,,1,1,0,1,0,6,0,0.04578184831009935,4.64,4.64,0.0,4.456781848310099,4.46,measured_success,202
555,ppo,1000555,634,diprotic,medium,acid,separated,2,4.867,4.084,0.06714734359167561,0,0,,1,0,0,1,0,2,0,0.07954809846956756,3.21,3.21,0.0,4.163548098469567,4.16,measured_success,202
555,ppo,1000555,635,monoprotic,medium,base,single,1,5.669,6.675,0.15162479531485767,1,0,2.02,1,1,0,1,0,2,1,0.0012652634420087239,5.57,1.53,4.04,6.6762652634420085,6.68,measured_success,202
555,ppo,1000555,636,diprotic,near,base,separated,2,3.746,3.997,0.06726011806279807,2,1,0.375,1,1,0,1,0,2,2,0.010375312510213952,2.26,0.75,1.51,3.986624687489786,3.99,measured_success,202
555,ppo,1000555,637,diprotic,medium,acid,separated,2,6.097,4.63,0.16863891708132944,0,0,,1,0,0,1,0,19,0,0.0898509988952183,20.269999999999992,20.269999999999992,0.0,4.719850998895218,4.72,measured_success,202
555,ppo,1000555,638,monoprotic,near,base,single,1,2.706,2.989,0.05311193992562565,1,1,0.755,1,1,0,1,0,2,1,0.005281468568290926,2.26,0.75,1.51,2.994281468568291,2.99,measured_success,202
555,ppo,1000555,639,monoprotic,near,acid,single,1,7.041,6.719,0.1111813182270868,0,0,,0,0,0,0,0,50,0,0.25589527981043414,0.5000000000000002,0.5000000000000002,0.0,6.9748952798104344,6.97,max_steps,202
555,ppo,1000555,640,monoprotic,near,base,single,1,1.749,2.045,0.09051053471929192,1,0,1.06,1,0,0,1,0,1,1,0.05696593322855126,2.12,0.0,2.12,2.101965933228551,2.1,measured_success,202
555,ppo,1000555,641,triprotic,near,base,separated,3,4.648,5.256,0.0868988195175112,1,0,0.515,1,0,0,1,0,2,1,0.09840785569600285,3.29,0.0,3.29,5.354407855696003,5.3500000000000005,measured_success,202
555,ppo,1000555,642,monoprotic,medium,base,single,1,3.418,4.425,0.08189456742779015,6,3,0.02,1,0,0,1,0,10,6,0.09472648584430043,5.989999999999999,2.77,3.2199999999999993,4.330273514155699,4.33,measured_success,202
555,ppo,1000555,643,diprotic,near,base,separated,2,6.017,6.511,0.0709981818105918,1,0,0.315,1,1,0,1,0,2,1,0.011295034247404523,2.75,0.0,2.75,6.522295034247405,6.5200000000000005,measured_success,202
555,ppo,1000555,644,diprotic,near,base,separated,2,3.201,3.498,0.034562366436000955,2,1,0.375,1,0,0,1,0,2,2,0.09739226014264268,2.26,0.75,1.51,3.4006077398573575,3.4,measured_success,202
555,ppo,1000555,645,monoprotic,medium,base,single,1,2.273,3.997,0.07409991946568198,0,0,,1,0,0,1,0,3,0,0.07043877659584385,9.34,0.0,9.34,3.926561223404156,3.93,measured_success,202
555,ppo,1000555,646,diprotic,near,base,separated,2,5.742,5.991,0.15435044573494103,0,0,,0,0,0,0,0,50,0,0.17891477636001163,0.5000000000000002,0.0,0.5000000000000002,5.812085223639988,5.8100000000000005,max_steps,202
555,ppo,1000555,647,monoprotic,far,base,single,1,7.842,10.087,0.054544026043184805,7,5,0.015,1,1,0,1,0,11,7,0.022049163467276145,11.33,5.27,6.0600000000000005,10.109049163467276,10.11,measured_success,202
555,ppo,1000555,648,monoprotic,medium,acid,single,1,7.33,6.338,0.04813965357195151,4,5,0.075,1,1,0,1,0,8,4,0.012389741411694466,5.24,3.0300000000000002,2.21,6.3503897414116945,6.3500000000000005,measured_success,202
555,ppo,1000555,649,diprotic,medium,base,separated,2,4.384,5.137,0.03348398573750654,1,0,1.13,1,1,0,1,0,1,1,0.03315933617998201,2.26,0.0,2.26,5.170159336179982,5.17,measured_success,202
555,ppo,1000555,650,monoprotic,far,base,single,1,7.884,10.3,0.12575920843394503,3,0,0.315,1,0,0,1,0,8,3,0.05828931940085269,12.690000000000001,5.58,7.11,10.358289319400853,10.36,measured_success,202
555,ppo,1000555,651,triprotic,far,base,separated,3,2.399,5.478,0.04278676521382647,0,0,,1,0,0,1,0,3,0,0.0837694985398656,7.32,0.0,7.32,5.394230501460134,5.39,measured_success,202
555,ppo,1000555,652,monoprotic,far,base,single,1,2.69,6.6,0.04646976556195374,44,24,0.01,0,0,1,0,0,50,44,1.0063559956660182,16.069999999999993,6.679999999999998,9.389999999999995,5.5936440043339815,5.59,max_steps,202
555,ppo,1000555,653,monoprotic,far,base,single,1,5.208,8.018,0.07140914574600325,4,2,0.075,1,0,0,1,0,8,4,0.09628296564034855,13.73,2.9899999999999998,10.74,7.921717034359652,7.92,measured_success,202
555,ppo,1000555,654,monoprotic,far,base,single,1,8.698,11.03,0.037726257992384334,2,1,0.085,1,0,0,1,0,5,2,0.08859106056250532,1.28,0.17,1.11,10.941408939437494,10.94,measured_success,202
555,ppo,1000555,655,monoprotic,far,acid,single,1,6.283,2.472,0.07110571694363871,2,0,0.155,1,1,0,1,0,10,2,0.02790539756027366,12.35,7.86,4.489999999999999,2.4999053975602736,2.5,measured_success,202
555,ppo,1000555,656,triprotic,near,base,separated,3,5.121,5.805,0.03878236605379831,1,0,1.13,1,0,0,1,0,2,1,0.07010065312986313,3.11,0.85,2.26,5.875100653129863,5.88,measured_success,202
555,ppo,1000555,657,diprotic,medium,base,separated,2,4.414,6.221,0.12319890173439202,0,0,,1,1,0,1,0,5,0,0.04151082334093026,13.880000000000003,0.0,13.880000000000003,6.17948917665907,6.18,measured_success,202
555,ppo,1000555,658,monoprotic,medium,acid,single,1,4.407,3.472,0.05513434783641308,0,0,,0,0,0,1,1,1,0,0.10113326977087267,3.87,3.87,0.0,3.5731332697708726,3.5700000000000003,measured_success,202
555,ppo,1000555,659,monoprotic,near,acid,single,1,3.397,2.808,0.0991511484321641,1,0,0.515,1,1,0,1,0,3,1,0.017382460279034895,4.79,4.79,0.0,2.790617539720965,2.79,measured_success,202
555,ppo,1000555,660,triprotic,near,base,separated,3,5.279,5.537,0.03528229626139241,0,0,,0,0,0,0,0,50,0,0.1042942486135301,0.5000000000000002,0.0,0.5000000000000002,5.43270575138647,5.43,max_steps,202
555,ppo,1000555,661,monoprotic,medium,acid,single,1,8.289,7.444,0.048648185872116174,0,0,,0,0,1,0,0,50,0,0.5847499275038244,0.8600000000000005,0.8600000000000005,0.0,8.028749927503824,8.03,max_steps,202
555,ppo,1000555,662,monoprotic,far,base,single,1,5.808,9.279,0.07002947341051745,47,24,0.01,0,0,0,0,0,50,47,0.2971720356938157,11.559999999999992,3.9499999999999953,7.609999999999996,9.576172035693816,9.58,max_steps,202
555,ppo,1000555,663,monoprotic,medium,base,single,1,7.559,8.56,0.07471839579342097,4,0,0.115,1,0,0,1,0,5,4,0.0795188370871518,7.96,3.29,4.67,8.480481162912849,8.48,measured_success,202
555,ppo,1000555,664,diprotic,medium,base,separated,2,3.403,4.852,0.14985385819623018,0,0,,1,0,0,1,0,7,0,0.08026674058850602,11.350000000000001,0.0,11.350000000000001,4.771733259411494,4.7700000000000005,measured_success,202
555,ppo,1000555,665,diprotic,near,acid,separated,2,6.376,6.002,0.0856054184437595,0,0,,1,1,0,1,0,2,0,0.04229853977438491,2.14,2.14,0.0,6.044298539774385,6.04,measured_success,202
555,ppo,1000555,666,monoprotic,medium,acid,single,1,3.435,1.601,0.1715016385851351,0,0,,1,0,0,1,0,11,0,0.08318396587492805,21.610000000000007,21.610000000000007,0.0,1.684183965874928,1.68,measured_success,202
555,ppo,1000555,667,monoprotic,near,base,single,1,5.744,6.284,0.03205204787209546,2,1,0.18,1,0,0,1,0,5,2,0.08857853637215651,4.07,1.77,2.3000000000000003,6.195421463627843,6.2,measured_success,202
555,ppo,1000555,668,diprotic,near,base,separated,2,5.751,6.253,0.05126829134425153,0,0,,1,0,0,1,0,1,0,0.07321668441188578,2.12,0.0,2.12,6.179783315588114,6.18,measured_success,202
555,ppo,1000555,669,monoprotic,far,acid,single,1,6.242,3.275,0.08925086043225841,1,0,3.035,1,0,0,1,0,1,1,0.057178567745333364,6.07,6.07,0.0,3.2178214322546665,3.22,measured_success,202
555,ppo,1000555,670,monoprotic,medium,acid,single,1,4.408,2.923,0.11790839104361141,3,1,0.155,1,0,0,1,0,5,3,0.06960173183921547,8.709999999999999,5.879999999999999,2.83,2.8533982681607846,2.85,measured_success,202
555,ppo,1000555,671,triprotic,near,base,separated,3,2.489,2.992,0.13633089202417814,0,0,,1,1,0,1,0,3,0,0.021639098804692836,3.39,0.0,3.39,2.970360901195307,2.97,measured_success,202
555,ppo,1000555,672,diprotic,near,acid,overlapping,2,4.536,3.86,0.12587404964038618,0,0,,1,0,0,1,0,8,0,0.09131320608692883,7.739999999999999,7.739999999999999,0.0,3.9513132060869287,3.95,measured_success,202
555,ppo,1000555,673,monoprotic,near,acid,single,1,5.149,4.814,0.07995271191980609,3,1,0.18,1,1,0,1,0,3,3,0.04416183366312332,2.62,1.87,0.75,4.769838166336877,4.7700000000000005,measured_success,202
555,ppo,1000555,674,diprotic,far,acid,separated,2,6.463,2.709,0.11863698091799404,1,0,0.515,1,0,0,1,0,7,1,0.08542721074097459,27.150000000000002,27.150000000000002,0.0,2.6235727892590255,2.62,measured_success,202
555,ppo,1000555,675,monoprotic,near,acid,single,1,5.681,5.466,0.10996943005795995,0,0,,0,0,0,0,0,50,0,0.15473842721718167,0.5000000000000002,0.5000000000000002,0.0,5.620738427217182,5.62,max_steps,202
555,ppo,1000555,676,monoprotic,far,acid,single,1,7.661,5.461,0.07043303514914112,0,0,,1,1,0,1,0,4,0,0.014170806225331845,6.629999999999999,6.629999999999999,0.0,5.475170806225332,5.48,measured_success,202
555,ppo,1000555,677,monoprotic,near,acid,single,1,5.845,5.635,0.10188739305171439,0,0,,1,0,0,1,0,19,0,0.09764450933323587,0.19000000000000003,0.19000000000000003,0.0,5.732644509333236,5.73,measured_success,202
555,ppo,1000555,678,monoprotic,medium,acid,single,1,7.049,5.428,0.1303981722758282,0,0,,1,0,0,1,0,7,0,0.05001676310254144,12.190000000000001,12.190000000000001,0.0,5.478016763102541,5.48,measured_success,202
555,ppo,1000555,679,monoprotic,medium,acid,single,1,8.148,7.277,0.1330512697460312,0,0,,1,0,0,1,0,29,0,0.07736673446824138,5.239999999999998,5.239999999999998,0.0,7.3543667344682415,7.3500000000000005,measured_success,202
555,ppo,1000555,680,diprotic,medium,base,separated,2,1.761,3.575,0.17370110828976618,0,0,,1,0,0,1,0,13,0,0.09397019904509207,17.859999999999996,0.0,17.859999999999996,3.481029800954908,3.48,measured_success,202
555,ppo,1000555,681,diprotic,near,acid,separated,2,3.751,3.13,0.10240325127384758,1,0,0.425,1,1,0,1,0,3,1,0.014714222034478475,4.06,4.06,0.0,3.1152857779655214,3.12,measured_success,202
555,ppo,1000555,682,triprotic,near,base,separated,3,2.062,2.642,0.08078007404273686,0,0,,1,0,0,1,0,4,0,0.08881461115068001,4.63,0.0,4.63,2.55318538884932,2.5500000000000003,measured_success,202
555,ppo,1000555,683,monoprotic,near,acid,single,1,7.756,7.483,0.04938765415603769,0,0,,0,0,0,0,0,50,0,0.1139589603222868,0.5000000000000002,0.5000000000000002,0.0,7.5969589603222865,7.6000000000000005,max_steps,202
555,ppo,1000555,684,diprotic,far,acid,separated,2,4.598,2.371,0.037367172639087134,1,0,3.035,1,1,0,1,0,4,1,0.03916027003994005,7.550000000000001,6.07,1.48,2.33183972996006,2.33,measured_success,202
555,ppo,1000555,685,triprotic,far,base,separated,3,4.615,6.998,0.04171724738512078,4,1,0.06,1,0,0,1,0,15,4,0.056777273355923974,10.829999999999998,2.8600000000000003,7.969999999999999,6.941222726644076,6.94,measured_success,202
555,ppo,1000555,686,diprotic,medium,base,overlapping,2,2.352,3.406,0.06204831471422109,2,1,0.21,0,0,0,1,1,7,2,0.10072420167859386,6.49,0.77,5.72,3.3052757983214063,3.31,measured_success,202
555,ppo,1000555,687,diprotic,near,acid,separated,2,3.714,3.174,0.0895966267527917,4,2,0.065,1,1,0,1,0,5,4,0.021645357962231326,3.97,2.45,1.52,3.1956453579622313,3.2,measured_success,202
555,ppo,1000555,688,monoprotic,far,base,single,1,6.367,9.114,0.13954404135792897,6,1,0.01,1,0,0,1,0,10,6,0.06833061791845907,14.610000000000001,2.33,12.280000000000001,9.045669382081542,9.05,measured_success,202
555,ppo,1000555,689,diprotic,medium,acid,overlapping,2,5.764,4.667,0.13288539884369857,0,0,,1,0,0,1,0,13,0,0.08406949863739932,11.180000000000003,11.180000000000003,0.0,4.751069498637399,4.75,measured_success,202
555,ppo,1000555,690,monoprotic,medium,base,single,1,8.242,9.339,0.050729600926373596,0,0,,1,0,0,1,0,17,0,0.05513110283717104,2.8899999999999992,0.0,2.8899999999999992,9.28386889716283,9.28,measured_success,202
555,ppo,1000555,691,triprotic,near,base,overlapping,3,2.909,3.559,0.11859111692883453,0,0,,1,0,0,1,0,12,0,0.09821011041672634,8.429999999999998,0.0,8.429999999999998,3.460789889583274,3.46,measured_success,202
555,ppo,1000555,692,monoprotic,medium,base,single,1,6.863,8.653,0.10901877132849074,0,0,,1,1,0,1,0,3,0,0.01021304608464213,9.49,0.0,9.49,8.642786953915358,8.64,measured_success,202
555,ppo,1000555,693,monoprotic,far,acid,single,1,7.612,5.099,0.10652290715832087,4,2,0.18,1,1,0,1,0,8,4,0.027136482679779306,14.079999999999998,10.389999999999999,3.69,5.1261364826797795,5.13,measured_success,202
555,ppo,1000555,694,triprotic,medium,acid,overlapping,3,5.119,4.202,0.15572256097162557,0,0,,0,0,0,1,1,16,0,0.1013451042421849,9.919999999999998,9.919999999999998,0.0,4.303345104242185,4.3,measured_success,202
555,ppo,1000555,695,diprotic,medium,acid,separated,2,7.026,5.092,0.04180009242269113,0,0,,1,0,0,1,0,1,0,0.06512294554043141,5.06,5.06,0.0,5.157122945540431,5.16,measured_success,202
555,ppo,1000555,696,monoprotic,near,acid,single,1,4.723,4.499,0.08152105047541838,2,1,0.375,1,0,0,1,0,2,2,0.0626472419707218,2.26,1.51,0.75,4.5616472419707215,4.5600000000000005,measured_success,202
555,ppo,1000555,697,monoprotic,medium,base,single,1,2.92,3.956,0.07176065638523081,2,1,0.255,1,0,0,1,0,3,2,0.05516448888474779,3.8,0.51,3.29,3.900835511115252,3.9,measured_success,202
555,ppo,1000555,698,monoprotic,medium,acid,single,1,4.424,3.403,0.03400915503968177,3,1,0.21,1,1,0,1,0,6,3,0.02154739140443107,8.7,4.5200000000000005,4.18,3.381452608595569,3.38,measured_success,202
555,ppo,1000555,699,triprotic,medium,base,separated,3,2.711,4.391,0.09484934016308497,0,0,,1,0,0,1,0,15,0,0.08474962844883116,13.880000000000004,0.0,13.880000000000004,4.306250371551169,4.3100000000000005,measured_success,202
555,ppo,1000555,700,diprotic,near,acid,separated,2,3.142,2.654,0.1709973436772494,0,0,,1,1,0,1,0,3,0,0.03661639486721402,4.0,4.0,0.0,2.690616394867214,2.69,measured_success,202
555,ppo,1000555,701,diprotic,medium,base,separated,2,4.944,5.707,0.03488138661593091,3,2,0.155,1,1,0,1,0,6,3,0.01484045678326762,4.51,1.63,2.88,5.7218404567832675,5.72,measured_success,202
555,ppo,1000555,702,monoprotic,medium,base,single,1,7.561,9.304,0.05443600315400094,4,1,0.155,1,0,0,1,0,5,4,0.09788670675913558,8.940000000000001,2.91,6.03,9.206113293240865,9.21,measured_success,202
555,ppo,1000555,703,triprotic,medium,acid,separated,3,6.91,5.842,0.07822383432782733,0,0,,1,0,0,1,0,3,0,0.09457480445454447,4.81,4.81,0.0,5.936574804454544,5.94,measured_success,202
555,ppo,1000555,704,diprotic,far,acid,separated,2,5.058,3.044,0.03080458334998864,1,0,2.53,1,1,0,1,0,1,1,0.016415918749786318,5.06,5.06,0.0,3.0275840812502137,3.0300000000000002,measured_success,202
555,ppo,1000555,705,triprotic,medium,base,separated,3,3.014,4.402,0.041355038248894596,3,1,0.295,1,1,0,1,0,4,3,0.04719446150646345,8.94,3.0999999999999996,5.84,4.449194461506464,4.45,measured_success,202
555,ppo,1000555,706,monoprotic,medium,acid,single,1,3.763,2.6,0.07980095733065795,1,1,0.515,1,1,0,1,0,3,2,0.0030848293762288925,5.41,4.9,0.51,2.603084829376229,2.6,measured_success,202
555,ppo,1000555,707,diprotic,near,acid,separated,2,4.88,4.623,0.03262065760916334,3,2,0.13,1,1,0,1,0,4,3,0.027938947809746928,3.05,1.77,1.28,4.595061052190253,4.6000000000000005,measured_success,202
555,ppo,1000555,708,diprotic,near,acid,separated,2,2.965,2.301,0.11519236202571803,1,0,0.9,1,1,0,1,0,2,1,0.03934846065868314,5.28,5.28,0.0,2.261651539341317,2.2600000000000002,measured_success,202
555,ppo,1000555,709,monoprotic,far,base,single,1,2.176,4.256,0.08058451244360841,3,3,0.035,1,0,0,1,0,8,3,0.07622897560349173,6.800000000000001,0.56,6.24,4.332228975603492,4.33,measured_success,202
555,ppo,1000555,710,diprotic,near,acid,separated,2,3.625,3.326,0.03482760655658275,3,2,0.135,1,0,0,1,0,4,3,0.0655840789037323,3.0700000000000003,1.78,1.29,3.2604159210962678,3.2600000000000002,measured_success,202
555,ppo,1000555,711,diprotic,far,base,separated,2,5.154,7.282,0.04756661361880929,1,0,2.625,1,1,0,1,0,2,1,0.019166553208100012,5.78,0.53,5.25,7.3011665532081,7.3,measured_success,202
555,ppo,1000555,712,monoprotic,medium,base,single,1,4.604,5.818,0.10353032495883828,3,1,0.315,1,1,0,1,0,5,3,0.010924778169895788,10.260000000000002,4.380000000000001,5.88,5.828924778169895,5.83,measured_success,202
555,ppo,1000555,713,diprotic,medium,acid,separated,2,4.638,3.9,0.12086202330114605,0,0,,1,0,0,1,0,5,0,0.05134211810322187,6.27,6.27,0.0,3.951342118103222,3.95,measured_success,202
555,ppo,1000555,714,monoprotic,near,acid,single,1,3.617,2.999,0.04606935053539025,1,0,1.09,1,1,0,1,0,2,1,0.025938019332022666,3.0300000000000002,2.18,0.85,2.9730619806679774,2.97,measured_success,202
555,ppo,1000555,715,monoprotic,medium,base,single,1,4.704,6.374,0.1090979723348027,0,0,,1,0,0,1,0,2,0,0.0940525930254692,5.78,0.0,5.78,6.2799474069745305,6.28,measured_success,202
555,ppo,1000555,716,diprotic,medium,base,separated,2,3.582,5.541,0.03165434415209261,4,2,0.155,1,0,0,1,0,5,4,0.05192680361008506,8.96,2.93,6.03,5.489073196389915,5.49,measured_success,202
555,ppo,1000555,717,diprotic,medium,acid,separated,2,7.049,5.986,0.03575507481493499,4,0,0.18,1,1,0,1,0,4,4,0.02459764949468468,6.88,4.72,2.16,6.0105976494946844,6.01,measured_success,202
555,ppo,1000555,718,diprotic,near,acid,separated,2,2.198,1.944,0.04207481501227298,2,0,0.515,1,0,0,1,0,2,2,0.05329810941382007,3.1500000000000004,2.12,1.03,1.99729810941382,2.0,measured_success,202
555,ppo,1000555,719,triprotic,near,acid,separated,3,2.837,2.473,0.09753576822454509,1,0,1.06,1,0,0,1,0,2,1,0.05287104416090571,3.1500000000000004,2.12,1.03,2.420128955839094,2.42,measured_success,202
555,ppo,1000555,720,triprotic,medium,base,separated,3,5.743,6.733,0.1530620995589308,0,0,,1,0,0,1,0,9,0,0.08039934970470153,10.110000000000003,0.0,10.110000000000003,6.652600650295298,6.65,measured_success,202
555,ppo,1000555,721,monoprotic,medium,acid,single,1,3.928,2.759,0.03780585737551283,1,0,1.935,0,0,0,1,1,2,1,0.10241114888926672,4.5,3.87,0.63,2.656588851110733,2.66,measured_success,202
555,ppo,1000555,722,monoprotic,far,base,single,1,6.709,10.113,0.10807119540838528,5,2,0.025,1,1,0,1,0,11,5,0.025053440430610863,16.26,3.96,12.300000000000002,10.13805344043061,10.14,measured_success,202
555,ppo,1000555,723,triprotic,medium,acid,separated,3,5.594,4.012,0.03408005115811062,0,0,,1,0,0,1,0,1,0,0.06285530990958943,5.06,5.06,0.0,4.074855309909589,4.07,measured_success,202
555,ppo,1000555,724,monoprotic,far,acid,single,1,4.86,2.031,0.08815959721192529,0,0,,1,1,0,1,0,2,0,0.011839933083301002,7.99,7.99,0.0,2.042839933083301,2.04,measured_success,202
555,ppo,1000555,725,triprotic,near,base,separated,3,6.5,6.881,0.10658704567391672,0,0,,1,1,0,1,0,1,0,0.0036082775216286223,2.12,0.0,2.12,6.877391722478372,6.88,measured_success,202
555,ppo,1000555,726,triprotic,near,acid,separated,3,2.337,1.72,0.16969303150829165,0,0,,1,0,0,1,0,2,0,0.09393581189817879,5.28,5.28,0.0,1.8139358118981788,1.81,measured_success,202
555,ppo,1000555,727,triprotic,far,base,separated,3,2.031,5.529,0.04721342588469024,0,0,,1,1,0,1,0,3,0,0.023835692190090185,10.9,0.0,10.9,5.50516430780991,5.51,measured_success,202
555,ppo,1000555,728,monoprotic,far,acid,single,1,7.859,5.063,0.07938225072874162,8,5,0.01,1,0,0,1,0,22,8,0.08789471032038154,12.969999999999999,7.22,5.75,5.150894710320381,5.15,measured_success,202
555,ppo,1000555,729,monoprotic,medium,acid,single,1,7.527,5.584,0.03550625879735135,9,7,0.01,1,1,0,1,0,11,9,0.0022842978098136513,11.669999999999998,6.129999999999999,5.539999999999999,5.581715702190186,5.58,measured_success,202
555,ppo,1000555,730,monoprotic,medium,acid,single,1,7.214,5.818,0.05450388749169467,2,1,0.155,1,1,0,1,0,4,2,0.030155856412617865,4.96,4.65,0.31,5.8481558564126175,5.8500000000000005,measured_success,202
555,ppo,1000555,731,monoprotic,near,acid,single,1,4.014,3.683,0.05097481410151997,2,2,0.155,1,1,0,1,0,4,2,0.017200495137879024,2.7199999999999998,1.66,1.06,3.700200495137879,3.7,measured_success,202
555,ppo,1000555,732,monoprotic,medium,base,single,1,6.912,8.518,0.11090383295537881,1,0,0.28,1,1,0,1,0,4,1,0.02530343749963393,8.92,0.0,8.92,8.543303437499635,8.540000000000001,measured_success,202
555,ppo,1000555,733,triprotic,medium,acid,separated,3,6.006,4.18,0.07334454183076958,1,0,0.515,1,1,0,1,0,4,1,0.04162129630952727,9.589999999999998,9.589999999999998,0.0,4.1383787036904724,4.14,measured_success,202
555,ppo,1000555,734,diprotic,near,acid,separated,2,4.517,3.975,0.032503209242524915,1,0,0.755,1,0,0,1,0,1,1,0.07071988568884136,1.51,1.51,0.0,3.9042801143111587,3.9,measured_success,202
555,ppo,1000555,735,monoprotic,near,base,single,1,3.929,4.428,0.08762468844717697,0,0,,1,0,0,1,0,1,0,0.05088526489801648,2.26,0.0,2.26,4.3771147351019835,4.38,measured_success,202
555,ppo,1000555,736,diprotic,far,base,separated,2,2.356,5.233,0.05538797199657532,1,1,0.425,1,1,0,1,0,6,1,0.0030864319774179805,15.69,0.42,15.27,5.236086431977418,5.24,measured_success,202
555,ppo,1000555,737,triprotic,medium,acid,separated,3,5.268,4.257,0.14166593417508117,0,0,,1,0,0,1,0,11,0,0.09643196553236777,12.320000000000002,12.320000000000002,0.0,4.353431965532367,4.3500000000000005,measured_success,202
555,ppo,1000555,738,monoprotic,medium,acid,single,1,8.382,6.467,0.09742630376436118,0,0,,0,0,1,0,0,50,0,1.665390129770901,1.500000000000001,1.500000000000001,0.0,8.1323901297709,8.13,max_steps,202
555,ppo,1000555,739,diprotic,near,acid,separated,2,5.523,4.939,0.06496759890357294,0,0,,1,1,0,1,0,2,0,0.012923708562640357,2.14,2.14,0.0,4.95192370856264,4.95,measured_success,202
555,ppo,1000555,740,monoprotic,medium,acid,single,1,7.605,6.71,0.10211648191744493,0,0,,1,0,0,1,0,4,0,0.08429686323565644,3.42,3.42,0.0,6.794296863235656,6.79,measured_success,202
555,ppo,1000555,741,triprotic,medium,base,separated,3,5.862,7.322,0.17867286140091282,0,0,,1,0,0,1,0,12,0,0.06154255951161414,18.45,0.0,18.45,7.260457440488386,7.26,measured_success,202
555,ppo,1000555,742,diprotic,medium,base,separated,2,2.554,4.508,0.03898169064221317,2,2,0.135,1,1,0,1,0,5,2,0.02341298860029095,7.039999999999999,0.27,6.77,4.484587011399709,4.48,measured_success,202
555,ppo,1000555,743,monoprotic,medium,acid,single,1,4.025,2.771,0.030824709736849427,3,1,0.425,1,1,0,1,0,4,3,0.004557870392373431,6.9399999999999995,4.72,2.22,2.7664421296076265,2.77,measured_success,202
555,ppo,1000555,744,diprotic,far,base,separated,2,4.258,6.811,0.17634833913970496,6,2,0.015,1,1,0,1,0,11,6,0.04933129077661391,15.58,2.9499999999999997,12.63,6.761668709223386,6.76,measured_success,202
555,ppo,1000555,745,diprotic,near,base,separated,2,6.951,7.636,0.03068256195569904,2,0,0.425,1,0,0,1,0,2,2,0.05785669331292187,2.97,0.85,2.12,7.578143306687078,7.58,measured_success,202
555,ppo,1000555,746,monoprotic,far,base,single,1,4.621,8.197,0.06455524062159297,40,21,0.01,0,0,0,0,0,50,40,0.42648282409288285,18.929999999999993,8.889999999999995,10.039999999999996,7.770517175907116,7.7700000000000005,max_steps,202
555,ppo,1000555,747,diprotic,near,acid,separated,2,5.488,5.214,0.14078660169770482,0,0,,0,0,0,0,0,50,0,0.2170913929503726,0.5000000000000002,0.5000000000000002,0.0,5.431091392950373,5.43,max_steps,202
555,ppo,1000555,748,monoprotic,near,base,single,1,4.143,4.688,0.08284889121086793,2,1,0.425,1,1,0,1,0,3,2,0.04905222964532374,3.53,0.85,2.6799999999999997,4.638947770354676,4.64,measured_success,202
555,ppo,1000555,749,diprotic,medium,acid,separated,2,4.446,2.772,0.03412786761397331,2,0,0.315,1,1,0,1,0,2,2,0.029465421569190742,5.6899999999999995,5.06,0.63,2.8014654215691905,2.8000000000000003,measured_success,202
555,ppo,1000555,750,triprotic,medium,base,separated,3,4.72,5.939,0.057231547857278235,1,0,2.625,1,1,0,1,0,1,1,0.022863007051631357,5.25,0.0,5.25,5.961863007051631,5.96,measured_success,202
555,ppo,1000555,751,monoprotic,medium,acid,single,1,5.217,3.871,0.036062413446098125,4,2,0.21,1,0,0,1,0,6,4,0.0991822073885289,9.23,4.72,4.51,3.970182207388529,3.97,measured_success,202
555,ppo,1000555,752,triprotic,near,acid,separated,3,5.872,5.306,0.07346096217078246,0,0,,1,0,0,1,0,3,0,0.06799280908495309,3.17,3.17,0.0,5.373992809084953,5.37,measured_success,202
555,ppo,1000555,753,monoprotic,near,acid,single,1,5.058,4.412,0.0758538945657212,0,0,,1,1,0,1,0,2,0,0.04702884944966801,2.54,2.54,0.0,4.459028849449668,4.46,measured_success,202
555,ppo,1000555,754,monoprotic,near,acid,single,1,5.327,4.766,0.15100870182470214,0,0,,1,0,0,1,0,9,0,0.08197888941572629,5.719999999999999,5.719999999999999,0.0,4.847978889415726,4.8500000000000005,measured_success,202
555,ppo,1000555,755,monoprotic,medium,acid,single,1,5.25,4.541,0.04506167763685343,4,2,0.075,1,1,0,1,0,5,4,0.005294572651981966,3.08,2.18,0.9,4.546294572651982,4.55,measured_success,202
555,ppo,1000555,756,triprotic,medium,acid,separated,3,3.81,2.265,0.11472288938011165,0,0,,1,1,0,1,0,2,0,0.0019857001513501338,5.6899999999999995,5.6899999999999995,0.0,2.2669857001513503,2.27,measured_success,202
555,ppo,1000555,757,diprotic,near,acid,separated,2,4.272,3.871,0.09985239766893497,1,0,0.755,1,0,0,1,0,1,1,0.09291982497238527,1.51,1.51,0.0,3.7780801750276147,3.7800000000000002,measured_success,202
555,ppo,1000555,758,diprotic,medium,acid,separated,2,4.937,3.401,0.08163974225077397,2,1,0.425,1,1,0,1,0,4,2,0.011568666745452205,8.25,7.3999999999999995,0.85,3.412568666745452,3.41,measured_success,202
555,ppo,1000555,759,monoprotic,far,base,single,1,7.659,11.318,0.12222232624448517,1,0,4.1,1,0,0,1,0,13,1,0.09198836139746369,10.43,2.23,8.2,11.409988361397463,11.41,measured_success,202
555,ppo,1000555,760,triprotic,near,base,overlapping,3,3.683,4.124,0.03556864948318283,0,0,,1,1,0,1,0,2,0,0.03347871603807473,2.36,0.0,2.36,4.090521283961925,4.09,measured_success,202
555,ppo,1000555,761,diprotic,medium,base,separated,2,2.89,4.612,0.03713302610368847,1,0,2.625,1,0,0,1,0,2,1,0.05441900412771972,6.1,0.85,5.25,4.66641900412772,4.67,measured_success,202
555,ppo,1000555,762,triprotic,medium,acid,separated,3,4.359,3.415,0.030362574677501523,1,0,1.935,1,1,0,1,0,2,1,0.03545810638655045,5.67,3.87,1.8,3.3795418936134496,3.38,measured_success,202
555,ppo,1000555,763,diprotic,medium,acid,separated,2,3.432,1.716,0.13611077873216415,1,0,2.53,1,0,0,1,0,2,1,0.0716745919103976,5.6899999999999995,5.06,0.63,1.6443254080896024,1.6400000000000001,measured_success,202
555,ppo,1000555,764,triprotic,medium,acid,separated,3,5.081,3.631,0.07158634423050678,0,0,,1,1,0,1,0,6,0,0.03414755374732392,9.88,9.88,0.0,3.6651475537473237,3.67,measured_success,202
555,ppo,1000555,765,triprotic,near,acid,separated,3,5.854,5.567,0.13880771924075264,0,0,,0,0,0,0,0,50,0,0.1992336337891487,0.5000000000000002,0.5000000000000002,0.0,5.766233633789149,5.7700000000000005,max_steps,202
555,ppo,1000555,766,triprotic,near,acid,separated,3,4.352,3.906,0.08819418359885312,0,0,,1,1,0,1,0,3,0,0.03409342014362826,3.17,3.17,0.0,3.9400934201436284,3.94,measured_success,202
555,ppo,1000555,767,monoprotic,near,base,single,1,7.294,7.879,0.14462182827392653,0,0,,1,0,0,1,0,2,0,0.06819836972807813,2.75,0.0,2.75,7.810801630271921,7.8100000000000005,measured_success,202
555,ppo,1000555,768,monoprotic,medium,base,single,1,2.016,2.976,0.10338354956511656,0,0,,1,0,0,1,0,5,0,0.09673394318878792,6.35,0.0,6.35,2.879266056811212,2.88,measured_success,202
555,ppo,1000555,769,monoprotic,medium,base,single,1,2.793,3.883,0.03581849057487967,4,3,0.105,1,1,0,1,0,5,4,0.03391434629709078,3.84,1.06,2.78,3.8490856537029092,3.85,measured_success,202
555,ppo,1000555,770,monoprotic,medium,base,single,1,4.697,5.66,0.05586031778271566,4,1,0.06,1,1,0,1,0,5,4,0.029966038365081715,3.8,1.12,2.6799999999999997,5.630033961634918,5.63,measured_success,202
555,ppo,1000555,771,triprotic,medium,base,overlapping,3,3.784,5.468,0.04733804251256718,6,4,0.035,1,0,0,1,0,8,6,0.06835013140847579,9.41,3.0,6.41,5.399649868591524,5.4,measured_success,202
555,ppo,1000555,772,monoprotic,medium,acid,single,1,3.587,2.707,0.03967466338308782,4,3,0.155,1,1,0,1,0,7,4,0.039131486571982954,8.89,4.8100000000000005,4.08,2.746131486571983,2.75,measured_success,202
555,ppo,1000555,773,monoprotic,far,acid,single,1,4.767,2.22,0.10677883239660718,1,0,3.035,1,0,0,1,0,7,1,0.06053087627075682,9.17,6.07,3.1,2.1594691237292434,2.16,measured_success,202
555,ppo,1000555,774,monoprotic,medium,base,single,1,6.741,7.775,0.1734751320710401,2,0,0.315,1,0,0,1,0,3,2,0.06558961419490394,6.79,0.63,6.16,7.709410385805096,7.71,measured_success,202
555,ppo,1000555,775,triprotic,near,base,separated,3,6.591,7.107,0.11437155601808896,0,0,,1,0,0,1,0,4,0,0.06607828349592015,4.359999999999999,0.0,4.359999999999999,7.04092171650408,7.04,measured_success,202
555,ppo,1000555,776,diprotic,far,base,separated,2,4.713,7.191,0.08484762325209103,3,1,0.14,1,0,0,1,0,6,3,0.07544296179464194,9.18,1.5300000000000002,7.65,7.266442961794642,7.2700000000000005,measured_success,202
555,ppo,1000555,777,triprotic,medium,acid,separated,3,7.708,6.896,0.04378884157995035,1,0,1.06,1,0,0,1,0,1,1,0.0774558845037161,2.12,2.12,0.0,6.818544115496284,6.82,measured_success,202
555,ppo,1000555,778,monoprotic,near,base,single,1,3.012,3.591,0.05306368330314612,3,0,0.155,1,0,0,1,0,4,3,0.06469456702619336,4.05,1.48,2.57,3.6556945670261936,3.66,measured_success,202
555,ppo,1000555,779,diprotic,near,acid,separated,2,4.018,3.323,0.12697286574781297,0,0,,1,0,0,1,0,3,0,0.07541588977499591,4.06,4.06,0.0,3.398415889774996,3.4,measured_success,202
555,ppo,1000555,780,triprotic,medium,base,separated,3,3.806,4.979,0.041794911578339713,0,0,,1,0,0,1,0,1,0,0.06861262843163285,4.04,0.0,4.04,4.910387371568367,4.91,measured_success,202
555,ppo,1000555,781,diprotic,medium,acid,separated,2,4.755,4.047,0.058010367607055816,0,0,,1,1,0,1,0,3,0,0.0288360903471796,3.84,3.84,0.0,4.075836090347179,4.08,measured_success,202
555,ppo,1000555,782,monoprotic,far,base,single,1,7.856,10.05,0.032091925830871025,4,4,0.075,1,1,0,1,0,9,4,0.023311403831986155,11.59,5.65,5.9399999999999995,10.026688596168015,10.03,measured_success,202
555,ppo,1000555,783,diprotic,near,acid,separated,2,2.854,2.442,0.04423471307771459,1,0,1.06,1,1,0,1,0,2,1,0.04412794426907052,3.1500000000000004,2.12,1.03,2.3978720557309297,2.4,measured_success,202
555,ppo,1000555,784,monoprotic,medium,base,single,1,3.029,4.455,0.03561785772456336,5,2,0.045,1,0,0,1,0,11,5,0.07849856434575386,10.16,4.31,5.85,4.533498564345754,4.53,measured_success,202
555,ppo,1000555,785,monoprotic,medium,acid,single,1,7.941,5.959,0.03637243787091309,6,3,0.05,1,0,0,1,0,7,6,0.06568306791310796,9.53,6.119999999999999,3.4099999999999997,6.024683067913108,6.0200000000000005,measured_success,202
555,ppo,1000555,786,diprotic,near,base,separated,2,3.851,4.5,0.03830422060348872,2,1,0.425,1,1,0,1,0,3,2,0.000621527388400267,3.53,0.85,2.6799999999999997,4.4993784726116,4.5,measured_success,202
555,ppo,1000555,787,monoprotic,medium,base,single,1,1.953,3.303,0.1150118717437909,0,0,,1,0,0,1,0,4,0,0.08536840054254569,6.949999999999999,0.0,6.949999999999999,3.2176315994574543,3.22,measured_success,202
555,ppo,1000555,788,diprotic,far,base,overlapping,2,3.585,6.184,0.16357148506787028,4,2,0.06,1,0,0,1,0,16,4,0.08261000880128488,26.49000000000001,4.340000000000001,22.15000000000001,6.101389991198715,6.1000000000000005,measured_success,202
555,ppo,1000555,789,monoprotic,medium,acid,single,1,4.99,3.957,0.0731966625242723,1,0,1.935,1,1,0,1,0,1,1,0.017283952366270228,3.87,3.87,0.0,3.9397160476337296,3.94,measured_success,202
555,ppo,1000555,790,triprotic,medium,acid,separated,3,5.273,4.065,0.03368647836407902,1,0,1.935,1,1,0,1,0,3,1,0.04474389698775649,4.86,3.87,0.99,4.020256103012244,4.0200000000000005,measured_success,202
555,ppo,1000555,791,diprotic,far,acid,separated,2,7.059,4.292,0.0591151492206074,1,0,0.315,1,1,0,1,0,2,1,0.04326704873570186,6.7,6.7,0.0,4.248732951264298,4.25,measured_success,202
555,ppo,1000555,792,diprotic,near,acid,separated,2,4.33,3.64,0.052884805574193686,2,0,0.515,1,0,0,1,0,2,2,0.053930971586519494,3.21,2.18,1.03,3.6939309715865196,3.69,measured_success,202
555,ppo,1000555,793,diprotic,near,acid,separated,2,4.349,3.72,0.03194555693661392,2,1,0.515,1,0,0,1,0,3,2,0.09307139027896438,3.7200000000000006,2.6900000000000004,1.03,3.8130713902789646,3.81,measured_success,202
555,ppo,1000555,794,monoprotic,medium,base,single,1,3.958,4.986,0.04286127991657727,1,1,0.425,1,1,0,1,0,3,1,0.04147488877086314,3.53,0.42,3.11,5.027474888770863,5.03,measured_success,202
555,ppo,1000555,795,diprotic,medium,base,overlapping,2,3.609,4.764,0.09817055751161008,0,0,,1,0,0,1,0,10,0,0.05335357092618853,10.73,0.0,10.73,4.710646429073812,4.71,measured_success,202
555,ppo,1000555,796,monoprotic,near,base,single,1,2.046,2.6,0.04583307673069934,2,1,0.515,1,0,0,1,0,3,2,0.07137418025058517,3.66,1.03,2.63,2.528625819749415,2.5300000000000002,measured_success,202
555,ppo,1000555,797,diprotic,medium,acid,overlapping,2,2.788,1.843,0.1355876893468869,3,1,0.255,1,1,0,1,0,3,2,0.0016228812273526572,5.41,4.38,1.03,1.8446228812273526,1.84,measured_success,202
555,ppo,1000555,798,monoprotic,near,base,single,1,3.565,4.184,0.032069976040529455,2,0,0.315,1,1,0,1,0,4,2,0.017707450760746646,4.05,1.48,2.57,4.1662925492392535,4.17,measured_success,202
555,ppo,1000555,799,monoprotic,near,acid,single,1,8.411,7.862,0.11393876273899188,0,0,,0,0,0,0,0,50,0,0.46085299026544213,0.5000000000000002,0.5000000000000002,0.0,8.322852990265442,8.32,max_steps,202
555,ppo,1000555,800,diprotic,near,acid,separated,2,5.145,4.888,0.06764331305928145,1,0,0.755,1,0,0,1,0,2,1,0.08187929222060397,1.52,1.52,0.0,4.806120707779396,4.8100000000000005,measured_success,202
555,ppo,1000555,801,diprotic,near,base,separated,2,5.7,6.378,0.12930611269113573,1,0,1.06,1,1,0,1,0,1,1,0.0056773967982408635,2.12,0.0,2.12,6.383677396798241,6.38,measured_success,202
555,ppo,1000555,802,triprotic,medium,base,separated,3,2.161,2.899,0.11274103901757558,0,0,,1,0,0,1,0,7,0,0.09054302990659657,7.1899999999999995,0.0,7.1899999999999995,2.8084569700934034,2.81,measured_success,202
555,ppo,1000555,803,triprotic,medium,acid,separated,3,4.498,2.512,0.14302048558706176,0,0,,1,0,0,1,0,8,0,0.08829272002406396,18.570000000000004,18.570000000000004,0.0,2.600292720024064,2.6,measured_success,202
555,ppo,1000555,804,monoprotic,medium,base,single,1,4.465,5.277,0.12304382965725646,3,1,0.18,1,0,0,1,0,4,3,0.09230829369616966,4.99,0.79,4.2,5.36930829369617,5.37,measured_success,202
555,ppo,1000555,805,diprotic,near,acid,separated,2,2.119,1.553,0.16525707913139143,0,0,,1,1,0,1,0,3,0,0.04940088661288744,6.3100000000000005,6.3100000000000005,0.0,1.6024008866128874,1.6,measured_success,202
555,ppo,1000555,806,monoprotic,medium,base,single,1,1.797,2.588,0.09880446409663542,0,0,,1,0,0,1,0,5,0,0.06845722573694335,6.35,0.0,6.35,2.5195427742630567,2.52,measured_success,202
555,ppo,1000555,807,diprotic,near,acid,separated,2,2.957,2.661,0.04380388448302168,2,1,0.375,1,0,0,1,0,2,2,0.07585278067678347,2.26,1.51,0.75,2.7368527806767835,2.74,measured_success,202
555,ppo,1000555,808,diprotic,medium,acid,separated,2,5.485,4.323,0.1167191806136963,0,0,,1,1,0,1,0,4,0,0.034488380931046336,7.33,7.33,0.0,4.357488380931047,4.36,measured_success,202
555,ppo,1000555,809,diprotic,medium,acid,separated,2,3.891,2.891,0.06815702245771599,2,1,0.45,1,1,0,1,0,3,2,0.04146020603391687,6.57,5.67,0.9,2.932460206033917,2.93,measured_success,202
555,ppo,1000555,810,monoprotic,medium,base,single,1,5.631,7.432,0.11402674889386048,4,3,0.115,1,1,0,1,0,7,4,0.04390632360547464,11.040000000000001,4.380000000000001,6.66,7.388093676394526,7.390000000000001,measured_success,202
555,ppo,1000555,811,monoprotic,far,base,single,1,3.465,5.898,0.04784701294197624,4,1,0.06,1,0,0,1,0,10,4,0.0985487056909875,10.94,2.97,7.97,5.799451294309012,5.8,measured_success,202
555,ppo,1000555,812,diprotic,near,acid,separated,2,3.841,3.577,0.13146632781227177,0,0,,1,1,0,1,0,2,0,0.04998902736815314,2.54,2.54,0.0,3.626989027368153,3.63,measured_success,202
555,ppo,1000555,813,diprotic,far,base,separated,2,5.717,8.56,0.03871329184574618,7,3,0.01,1,0,0,1,0,12,7,0.059505001978154226,15.79,6.660000000000001,9.129999999999999,8.619505001978155,8.620000000000001,measured_success,202
555,ppo,1000555,814,monoprotic,near,acid,single,1,5.328,4.925,0.042222839728627976,2,1,0.375,1,0,0,1,0,2,2,0.05030058131632753,2.26,1.51,0.75,4.975300581316327,4.98,measured_success,202
555,ppo,1000555,815,diprotic,near,base,separated,2,4.001,4.22,0.1748487274013489,0,0,,1,0,0,1,0,2,0,0.07981747371090808,2.36,0.0,2.36,4.140182526289092,4.14,measured_success,202
555,ppo,1000555,816,diprotic,medium,acid,overlapping,2,2.734,1.561,0.03373345720450097,0,0,,1,0,0,1,0,6,0,0.09464322229155586,11.659999999999998,11.659999999999998,0.0,1.6556432222915558,1.6600000000000001,measured_success,202
555,ppo,1000555,817,monoprotic,near,acid,single,1,5.036,4.767,0.053262139977811464,2,1,0.155,1,1,0,1,0,3,2,0.04562887319121334,2.5700000000000003,1.51,1.06,4.812628873191214,4.8100000000000005,measured_success,202
555,ppo,1000555,818,monoprotic,far,base,single,1,3.711,7.217,0.07291199013843398,42,21,0.01,0,0,1,0,0,50,42,0.6163517578084887,18.629999999999992,7.969999999999998,10.659999999999995,6.600648242191511,6.6000000000000005,max_steps,202
555,ppo,1000555,819,triprotic,near,base,overlapping,3,4.189,4.405,0.06519824817363153,0,0,,1,0,0,1,0,1,0,0.0950602081083991,1.51,0.0,1.51,4.309939791891601,4.3100000000000005,measured_success,202
555,ppo,1000555,820,monoprotic,medium,acid,single,1,3.553,1.605,0.10617174389207308,0,0,,1,0,0,1,0,5,0,0.06425667894529052,11.7,11.7,0.0,1.6692566789452905,1.67,measured_success,202
555,ppo,1000555,821,monoprotic,medium,base,single,1,3.163,3.979,0.057605273049484804,1,0,0.515,1,1,0,1,0,2,1,0.0073719010098463045,3.29,0.0,3.29,3.9863719010098464,3.99,measured_success,202
555,ppo,1000555,822,triprotic,far,acid,separated,3,6.851,3.646,0.061459068215777575,0,0,,1,0,0,1,0,4,0,0.06836148747154347,16.64,16.64,0.0,3.7143614874715434,3.71,measured_success,202
555,ppo,1000555,823,triprotic,far,base,overlapping,3,3.794,5.86,0.06888910910728172,3,0,0.18,1,0,0,1,0,7,3,0.07313386139004674,14.32,1.12,13.2,5.933133861390047,5.93,measured_success,202
555,ppo,1000555,824,diprotic,medium,acid,separated,2,6.711,5.782,0.07867300487845744,0,0,,1,0,0,1,0,5,0,0.07853402619568683,4.3999999999999995,4.3999999999999995,0.0,5.860534026195687,5.86,measured_success,202
555,ppo,1000555,825,triprotic,near,base,separated,3,7.046,7.417,0.06688648898036663,1,0,1.06,1,1,0,1,0,1,1,0.021935079513111688,2.12,0.0,2.12,7.4389350795131115,7.44,measured_success,202
555,ppo,1000555,826,monoprotic,far,base,single,1,6.665,8.857,0.04281035865461208,4,0,0.06,1,0,0,1,0,11,4,0.07417102031737599,8.239999999999998,2.31,5.929999999999999,8.782828979682623,8.78,measured_success,202
555,ppo,1000555,827,triprotic,far,base,overlapping,3,3.686,6.002,0.09029482607947849,2,1,0.315,1,0,0,1,0,8,2,0.09151808187753918,19.490000000000002,1.48,18.01,5.910481918122461,5.91,measured_success,202
555,ppo,1000555,828,triprotic,medium,acid,separated,3,3.738,3.035,0.0324332809089825,1,1,1.74,1,1,0,1,0,2,1,0.040053397566200744,5.22,3.48,1.74,2.9949466024337994,2.99,measured_success,202
555,ppo,1000555,829,monoprotic,near,acid,single,1,7.659,7.273,0.17851473973628607,0,0,,0,0,0,0,0,50,0,0.35104851564535977,0.5000000000000002,0.5000000000000002,0.0,7.6240485156453595,7.62,max_steps,202
555,ppo,1000555,830,triprotic,medium,base,separated,3,8.484,9.699,0.03457098803055314,2,1,0.02,1,0,0,1,0,9,2,0.062053765855550225,0.8600000000000001,0.16,0.7000000000000001,9.63694623414445,9.64,measured_success,202
555,ppo,1000555,831,monoprotic,medium,base,single,1,3.856,4.751,0.06824748513718067,0,0,,1,0,0,1,0,2,0,0.05706173631200162,3.84,0.0,3.84,4.693938263687999,4.69,measured_success,202
555,ppo,1000555,832,monoprotic,medium,base,single,1,6.461,7.422,0.07415166527497388,0,0,,1,0,0,1,0,4,0,0.05763723628867279,5.1899999999999995,0.0,5.1899999999999995,7.364362763711327,7.36,measured_success,202
555,ppo,1000555,833,diprotic,far,base,separated,2,5.195,7.866,0.03517864986916199,43,24,0.01,0,0,0,0,0,50,43,0.3714647596550691,15.009999999999994,6.899999999999998,8.109999999999996,8.237464759655069,8.24,max_steps,202
555,ppo,1000555,834,diprotic,medium,base,separated,2,6.717,7.967,0.05404116274575841,6,2,0.015,1,0,0,1,0,9,6,0.06873048411409943,10.07,4.7700000000000005,5.3,7.8982695158859,7.9,measured_success,202
555,ppo,1000555,835,triprotic,near,acid,separated,3,7.856,7.602,0.11204741492184506,0,0,,0,0,0,0,0,50,0,0.13842025575278072,0.5000000000000002,0.5000000000000002,0.0,7.740420255752781,7.74,max_steps,202
555,ppo,1000555,836,triprotic,near,acid,separated,3,7.544,7.082,0.0445325902839882,0,0,,0,0,0,0,0,50,0,0.2369476349003543,0.5000000000000002,0.5000000000000002,0.0,7.318947634900354,7.32,max_steps,202
555,ppo,1000555,837,monoprotic,medium,acid,single,1,6.041,4.518,0.07366460055623826,0,0,,1,0,0,1,0,3,0,0.07555740862249127,7.25,7.25,0.0,4.593557408622491,4.59,measured_success,202
555,ppo,1000555,838,monoprotic,medium,acid,single,1,3.206,2.074,0.06529597061420324,1,0,1.935,1,0,0,1,0,3,1,0.06256182008206945,5.93,3.87,2.06,2.0114381799179304,2.0100000000000002,measured_success,202
555,ppo,1000555,839,monoprotic,near,acid,single,1,2.884,2.349,0.0707169403250205,1,0,1.74,1,1,0,1,0,1,1,0.03717349900459954,3.48,3.48,0.0,2.3118265009954007,2.31,measured_success,202
555,ppo,1000555,840,diprotic,near,acid,separated,2,6.59,5.919,0.1444187615144449,0,0,,1,0,0,1,0,3,0,0.061135809193392454,2.45,2.45,0.0,5.980135809193392,5.98,measured_success,202
555,ppo,1000555,841,monoprotic,medium,acid,single,1,7.532,6.388,0.03435907571748836,3,1,0.155,1,1,0,1,0,5,3,0.03386691829661714,7.32,4.54,2.78,6.354133081703383,6.3500000000000005,measured_success,202
555,ppo,1000555,842,monoprotic,near,base,single,1,7.345,7.784,0.06120930602806592,2,0,0.315,1,1,0,1,0,3,2,0.028255287304685517,3.6,1.48,2.12,7.755744712695314,7.76,measured_success,202
555,ppo,1000555,843,monoprotic,far,base,single,1,5.797,8.209,0.03997408831240689,4,1,0.075,1,0,0,1,0,8,4,0.07837352149305943,9.25,3.3,5.95,8.13062647850694,8.13,measured_success,202
555,ppo,1000555,844,triprotic,medium,base,overlapping,3,2.47,3.386,0.061427114755101445,0,0,,1,0,0,1,0,22,0,0.09654061146578297,13.430000000000003,0.0,13.430000000000003,3.289459388534217,3.29,measured_success,202
555,ppo,1000555,845,diprotic,medium,base,separated,2,6.291,7.315,0.03916611331469087,3,1,0.155,1,1,0,1,0,7,3,0.040649952528238664,8.239999999999998,3.26,4.9799999999999995,7.355649952528239,7.36,measured_success,202
555,ppo,1000555,846,diprotic,near,acid,separated,2,5.219,4.987,0.03848732601082045,0,0,,1,0,0,1,0,23,0,0.09497509655325942,0.23000000000000007,0.23000000000000007,0.0,5.0819750965532595,5.08,measured_success,202
555,ppo,1000555,847,diprotic,medium,base,separated,2,6.994,8.814,0.13601093294634553,4,1,0.06,1,0,0,1,0,14,4,0.0844146376930226,9.979999999999999,2.89,7.089999999999999,8.729585362306977,8.73,measured_success,202
555,ppo,1000555,848,diprotic,far,base,separated,2,4.616,7.224,0.06766983150961456,39,22,0.01,0,0,1,0,0,50,39,1.7361480695791052,17.25999999999999,8.309999999999995,8.949999999999996,8.960148069579105,8.96,max_steps,202
555,ppo,1000555,849,diprotic,far,acid,separated,2,5.272,3.097,0.05058530462220008,1,0,0.425,1,1,0,1,0,4,1,0.008626450139924469,9.87,9.87,0.0,3.0883735498600755,3.09,measured_success,202
555,ppo,1000555,850,monoprotic,far,base,single,1,3.439,5.855,0.049836144406332265,46,3,0.01,0,0,0,0,0,50,46,0.37034139387150944,11.489999999999991,5.199999999999997,6.289999999999996,5.484658606128491,5.48,max_steps,202
555,ppo,1000555,851,monoprotic,near,base,single,1,6.124,6.621,0.055901044345557524,4,2,0.04,1,1,0,1,0,7,4,0.0003586881891148863,4.32,1.85,2.47,6.6206413118108856,6.62,measured_success,202
555,ppo,1000555,852,diprotic,near,acid,overlapping,2,5.46,4.849,0.03469954086755802,1,0,0.315,1,0,0,1,0,2,1,0.07714721066820829,2.14,2.14,0.0,4.771852789331792,4.7700000000000005,measured_success,202
555,ppo,1000555,853,diprotic,medium,acid,separated,2,4.741,2.765,0.04811133314412236,1,0,0.515,1,0,0,1,0,4,1,0.05163018456261126,9.589999999999998,9.589999999999998,0.0,2.713369815437389,2.71,measured_success,202
555,ppo,1000555,854,diprotic,medium,base,separated,2,4.04,5.165,0.038776177288666835,2,0,0.315,1,1,0,1,0,4,2,0.00250510064653664,6.8999999999999995,2.55,4.35,5.162494899353463,5.16,measured_success,202
555,ppo,1000555,855,monoprotic,medium,acid,single,1,6.975,6.254,0.11252672080982057,0,0,,1,0,0,1,0,1,0,0.06289805598495413,1.51,1.51,0.0,6.316898055984954,6.32,measured_success,202
555,ppo,1000555,856,triprotic,medium,base,separated,3,5.696,6.644,0.09307111289435464,0,0,,1,0,0,1,0,3,0,0.055096679225353995,4.6899999999999995,0.0,4.6899999999999995,6.588903320774646,6.59,measured_success,202
555,ppo,1000555,857,diprotic,medium,base,overlapping,2,3.401,4.237,0.10698152361709237,0,0,,1,0,0,1,0,20,0,0.08207160090004173,10.440000000000003,0.0,10.440000000000003,4.154928399099958,4.15,measured_success,202
555,ppo,1000555,858,diprotic,medium,base,separated,2,3.765,5.318,0.05963468725307427,1,0,2.625,1,0,0,1,0,2,1,0.06131270055225535,6.1,0.85,5.25,5.379312700552255,5.38,measured_success,202
555,ppo,1000555,859,monoprotic,medium,acid,single,1,3.568,2.825,0.17144184499210996,0,0,,1,0,0,1,0,5,0,0.052175913708416566,7.79,7.79,0.0,2.8771759137084167,2.88,measured_success,202
555,ppo,1000555,860,monoprotic,near,base,single,1,3.249,3.459,0.032366827097295464,1,1,0.755,1,0,0,1,0,2,1,0.06251194840083452,2.26,0.75,1.51,3.5215119484008346,3.52,measured_success,202
555,ppo,1000555,861,diprotic,near,acid,separated,2,5.394,4.746,0.06890771594803147,1,0,0.425,1,1,0,1,0,2,1,0.04244950026692074,2.36,2.36,0.0,4.70355049973308,4.7,measured_success,202
555,ppo,1000555,862,diprotic,near,acid,separated,2,5.245,4.546,0.1303189647570375,0,0,,1,0,0,1,0,10,0,0.08084751799395118,6.569999999999999,6.569999999999999,0.0,4.626847517993951,4.63,measured_success,202
555,ppo,1000555,863,diprotic,medium,base,overlapping,2,3.973,5.297,0.07919351776095881,0,0,,1,0,0,1,0,14,0,0.07268895127548358,15.060000000000004,0.0,15.060000000000004,5.224311048724516,5.22,measured_success,202
555,ppo,1000555,864,diprotic,near,base,separated,2,5.294,5.983,0.06556281126771082,0,0,,1,0,0,1,0,2,0,0.0864653610778765,3.5599999999999996,0.0,3.5599999999999996,5.896534638922123,5.9,measured_success,202
555,ppo,1000555,865,diprotic,far,base,overlapping,2,5.489,8.771,0.15007329241756287,45,22,0.01,0,0,0,0,0,50,45,0.33399629499099603,16.48999999999999,4.019999999999996,12.469999999999995,9.104996294990997,9.1,max_steps,202
555,ppo,1000555,866,triprotic,far,base,separated,3,5.332,7.515,0.15165752689426695,4,1,0.115,1,0,0,1,0,6,4,0.09875887043730014,14.51,2.77,11.74,7.4162411295626995,7.42,measured_success,202
555,ppo,1000555,867,monoprotic,far,base,single,1,3.545,6.485,0.03510071731314012,42,26,0.01,0,0,1,0,0,50,42,0.8231002482313334,16.129999999999992,7.729999999999997,8.399999999999995,5.661899751768667,5.66,max_steps,202
555,ppo,1000555,868,diprotic,medium,base,separated,2,2.226,3.619,0.05475608600986744,0,0,,1,0,0,1,0,4,0,0.056437580809050925,6.3999999999999995,0.0,6.3999999999999995,3.5625624191909493,3.56,measured_success,202
555,ppo,1000555,869,diprotic,medium,acid,overlapping,2,5.408,4.281,0.10696123566180768,0,0,,1,0,0,1,0,16,0,0.07493350716254188,15.990000000000006,15.990000000000006,0.0,4.355933507162542,4.36,measured_success,202
555,ppo,1000555,870,diprotic,near,acid,separated,2,5.562,4.937,0.046487477037873,1,0,0.755,1,0,0,1,0,1,1,0.056068513937494124,1.51,1.51,0.0,4.880931486062506,4.88,measured_success,202
555,ppo,1000555,871,diprotic,medium,acid,separated,2,4.218,2.925,0.08806997617498528,1,0,0.515,1,1,0,1,0,4,1,0.01655059142531279,8.4,8.4,0.0,2.908449408574687,2.91,measured_success,202
555,ppo,1000555,872,triprotic,near,acid,separated,3,2.203,1.825,0.053614800015843816,0,0,,1,0,0,1,0,1,0,0.0655105314116382,2.12,2.12,0.0,1.8905105314116382,1.8900000000000001,measured_success,202
555,ppo,1000555,873,monoprotic,medium,base,single,1,7.054,7.997,0.06346436534739361,4,2,0.075,1,1,0,1,0,6,4,0.016812155591555467,6.969999999999999,2.31,4.659999999999999,7.980187844408444,7.98,measured_success,202
555,ppo,1000555,874,diprotic,far,base,separated,2,6.55,9.258,0.12391181849656902,44,25,0.01,0,0,0,0,0,50,44,0.23820674208601034,17.13999999999999,7.389999999999996,9.749999999999995,9.019793257913989,9.02,max_steps,202
555,ppo,1000555,875,monoprotic,near,acid,single,1,3.201,2.518,0.12454726269670165,0,0,,1,1,0,1,0,2,0,0.00406968848291811,4.51,4.51,0.0,2.522069688482918,2.52,measured_success,202
555,ppo,1000555,876,diprotic,medium,acid,separated,2,5.853,4.974,0.03484526761447805,3,1,0.21,1,0,0,1,0,3,3,0.05247048230446261,3.39,2.54,0.85,4.921529517695538,4.92,measured_success,202
555,ppo,1000555,877,diprotic,medium,base,separated,2,4.258,5.738,0.16197595406035908,4,1,0.06,1,0,0,1,0,8,4,0.09070375136360642,8.879999999999999,2.97,5.909999999999999,5.647296248636394,5.65,measured_success,202
555,ppo,1000555,878,diprotic,near,base,separated,2,7.145,7.765,0.09276717191823543,2,1,0.315,1,1,0,1,0,4,2,0.04082385447072223,3.91,1.48,2.43,7.7241761455292774,7.72,measured_success,202
555,ppo,1000555,879,triprotic,medium,acid,separated,3,6.481,5.057,0.05269684797893464,2,0,0.425,1,0,0,1,0,3,2,0.08648120603001885,6.52,5.67,0.85,5.143481206030019,5.14,measured_success,202
555,ppo,1000555,880,diprotic,near,base,separated,2,5.517,5.918,0.04073401889140804,1,0,1.06,1,0,0,1,0,2,1,0.06215268588309275,2.97,0.85,2.12,5.980152685883093,5.98,measured_success,202
555,ppo,1000555,881,triprotic,near,base,separated,3,6.931,7.281,0.04565716568592219,1,1,1.06,1,1,0,1,0,2,1,0.049270039047345726,3.18,1.06,2.12,7.330270039047345,7.33,measured_success,202
555,ppo,1000555,882,monoprotic,medium,base,single,1,5.558,6.428,0.04345228497690181,1,0,1.13,1,0,0,1,0,4,1,0.0784000632442714,3.9,1.6400000000000001,2.26,6.506400063244271,6.51,measured_success,202
555,ppo,1000555,883,triprotic,medium,base,separated,3,3.903,5.259,0.08603446282856454,0,0,,1,0,0,1,0,11,0,0.06922000522071947,9.17,0.0,9.17,5.189779994779281,5.19,measured_success,202
555,ppo,1000555,884,monoprotic,medium,base,single,1,6.243,7.287,0.030668228494577815,4,1,0.155,1,1,0,1,0,6,4,0.012041131473643496,8.190000000000001,3.37,4.82,7.274958868526356,7.2700000000000005,measured_success,202
555,ppo,1000555,885,triprotic,medium,acid,separated,3,5.764,4.781,0.10617751947258472,0,0,,1,1,0,1,0,2,0,0.027775809579536848,5.67,5.67,0.0,4.8087758095795365,4.8100000000000005,measured_success,202
555,ppo,1000555,886,monoprotic,medium,acid,single,1,3.995,3.102,0.13518726355729768,0,0,,1,0,0,1,0,2,0,0.085186578746685,5.67,5.67,0.0,3.187186578746685,3.19,measured_success,202
555,ppo,1000555,887,monoprotic,near,base,single,1,3.505,4.108,0.12551179468224552,2,1,0.255,1,1,0,1,0,3,2,0.017665120416039848,3.8,0.51,3.29,4.09033487958396,4.09,measured_success,202
555,ppo,1000555,888,diprotic,near,acid,separated,2,4.725,4.441,0.12164228957351297,0,0,,1,0,0,1,0,1,0,0.06512836133807642,1.51,1.51,0.0,4.506128361338076,4.51,measured_success,202
555,ppo,1000555,889,triprotic,medium,base,separated,3,5.156,6.798,0.14021699122987236,0,0,,1,0,0,1,0,9,0,0.06869093571583385,13.130000000000003,0.0,13.130000000000003,6.729309064284166,6.73,measured_success,202
555,ppo,1000555,890,monoprotic,near,base,single,1,3.353,3.571,0.05043034991456638,1,1,0.755,1,1,0,1,0,2,1,0.023775134121515773,2.26,0.75,1.51,3.594775134121516,3.59,measured_success,202
555,ppo,1000555,891,monoprotic,medium,base,single,1,5.467,6.799,0.07471885489340102,2,0,0.265,1,0,0,1,0,2,2,0.0960507047269834,5.78,0.53,5.25,6.702949295273017,6.7,measured_success,202
555,ppo,1000555,892,triprotic,medium,acid,separated,3,5.195,3.25,0.055675173981682584,0,0,,1,1,0,1,0,2,0,0.007188133465995783,6.859999999999999,6.859999999999999,0.0,3.257188133465996,3.2600000000000002,measured_success,202
555,ppo,1000555,893,triprotic,far,base,separated,3,6.021,9.968,0.04368372795112439,7,4,0.01,1,1,0,1,0,12,7,0.007047073750403143,14.77,5.300000000000001,9.469999999999999,9.975047073750403,9.98,measured_success,202
555,ppo,1000555,894,triprotic,medium,base,separated,3,2.061,3.054,0.15670173583128916,0,0,,1,0,0,1,0,17,0,0.08172164755125566,10.800000000000004,0.0,10.800000000000004,2.972278352448744,2.97,measured_success,202
555,ppo,1000555,895,triprotic,near,base,separated,3,6.186,6.429,0.0361907585156915,0,0,,0,0,0,1,1,33,0,0.10024737843476395,0.3300000000000001,0.0,0.3300000000000001,6.328752621565236,6.33,measured_success,202
555,ppo,1000555,896,triprotic,medium,base,overlapping,3,2.255,3.571,0.0724885486476291,0,0,,1,0,0,1,0,26,0,0.08225864995812993,16.210000000000004,0.0,16.210000000000004,3.4887413500418702,3.49,measured_success,202
555,ppo,1000555,897,monoprotic,far,base,single,1,4.137,7.95,0.040920754641080206,45,25,0.01,0,0,1,0,0,50,45,1.5600439570867648,17.62999999999999,7.719999999999995,9.909999999999993,9.510043957086765,9.51,max_steps,202
555,ppo,1000555,898,diprotic,medium,base,separated,2,3.353,4.553,0.0609366467629322,1,0,2.625,1,1,0,1,0,2,1,0.03112852826192114,6.1,0.85,5.25,4.584128528261921,4.58,measured_success,202
555,ppo,1000555,899,diprotic,medium,base,separated,2,5.021,5.795,0.10302916495084635,1,0,1.13,1,0,0,1,0,1,1,0.09343953115862114,2.26,0.0,2.26,5.888439531158621,5.89,measured_success,202
555,ppo,1000555,900,monoprotic,medium,base,single,1,7.875,8.813,0.05377414328113374,1,0,0.085,1,0,0,1,0,7,1,0.07112123143889626,1.19,0.0,1.19,8.884121231438897,8.88,measured_success,202
555,ppo,1000555,901,monoprotic,far,base,single,1,3.222,6.429,0.1719424058304361,48,25,0.01,0,0,1,0,0,50,48,0.5354005012910346,11.419999999999991,3.7599999999999953,7.659999999999996,5.893599498708966,5.89,max_steps,202
555,ppo,1000555,902,diprotic,medium,acid,separated,2,4.959,3.742,0.10745413761432553,0,0,,1,1,0,1,0,6,0,0.012059437771698711,9.88,9.88,0.0,3.7540594377716987,3.75,measured_success,202
555,ppo,1000555,903,monoprotic,medium,base,single,1,5.552,7.448,0.06976733635516262,5,3,0.04,1,1,0,1,0,8,5,0.04775574668958171,9.95,2.79,7.16,7.495755746689582,7.5,measured_success,202
555,ppo,1000555,904,monoprotic,near,base,single,1,5.456,5.843,0.15515243657566136,0,0,,1,0,0,1,0,1,0,0.05862826999632631,2.12,0.0,2.12,5.784371730003674,5.78,measured_success,202
555,ppo,1000555,905,diprotic,far,base,separated,2,5.775,9.069,0.09735095963641055,44,23,0.01,0,0,0,0,0,50,44,0.21089823200776614,11.189999999999992,3.019999999999996,8.169999999999996,8.858101767992235,8.86,max_steps,202
555,ppo,1000555,906,monoprotic,medium,base,single,1,4.296,5.212,0.03935916467558161,2,1,0.21,1,1,0,1,0,3,2,0.004095285060765619,3.53,0.42,3.11,5.207904714939234,5.21,measured_success,202
555,ppo,1000555,907,diprotic,near,acid,overlapping,2,3.72,3.509,0.14857901153017947,0,0,,1,0,0,1,0,1,0,0.09087573211516675,1.51,1.51,0.0,3.5998757321151666,3.6,measured_success,202
555,ppo,1000555,908,triprotic,medium,base,separated,3,7.031,8.957,0.12897198178830946,4,2,0.04,1,1,0,1,0,10,4,0.03518987491930403,11.579999999999998,4.5,7.079999999999999,8.921810125080697,8.92,measured_success,202
555,ppo,1000555,909,monoprotic,near,base,single,1,6.642,6.972,0.03731688516819749,1,0,1.06,1,1,0,1,0,4,1,0.025754124746719675,3.37,1.25,2.12,6.99775412474672,7.0,measured_success,202
555,ppo,1000555,910,triprotic,near,acid,separated,3,3.485,3.18,0.1531389052966289,0,0,,1,0,0,1,0,1,0,0.06021057124140361,1.51,1.51,0.0,3.2402105712414038,3.24,measured_success,202
555,ppo,1000555,911,monoprotic,medium,acid,single,1,6.845,5.435,0.05347755341760846,3,0,0.315,1,0,0,1,0,4,3,0.08220753361064315,7.1499999999999995,5.35,1.8,5.3527924663893565,5.3500000000000005,measured_success,202
555,ppo,1000555,912,triprotic,medium,acid,separated,3,3.148,2.002,0.05965631219584468,0,0,,1,1,0,1,0,1,0,0.027986569900211755,3.87,3.87,0.0,2.0299865699002115,2.0300000000000002,measured_success,202
555,ppo,1000555,913,triprotic,near,acid,separated,3,2.76,2.2,0.04960179605928514,3,1,0.21,1,1,0,1,0,4,3,0.022550367322719644,5.779999999999999,3.9,1.88,2.1774496326772805,2.18,measured_success,202
555,ppo,1000555,914,monoprotic,medium,base,single,1,8.915,9.678,0.033789656567801744,2,1,0.02,1,0,0,1,0,5,2,0.0507020407249712,0.47000000000000003,0.12,0.35000000000000003,9.62729795927503,9.63,measured_success,202
555,ppo,1000555,915,monoprotic,medium,base,single,1,5.09,6.819,0.05427932230225372,6,6,0.03,1,0,0,1,0,11,6,0.051189116207122076,11.309999999999999,4.4799999999999995,6.829999999999999,6.767810883792878,6.7700000000000005,measured_success,202
555,ppo,1000555,916,monoprotic,medium,base,single,1,5.965,6.95,0.031810242032813185,1,0,2.02,1,1,0,1,0,4,2,0.000475223742260944,6.51,2.47,4.04,6.949524776257739,6.95,measured_success,202
555,ppo,1000555,917,diprotic,far,acid,separated,2,7.339,5.322,0.13801192719443892,0,0,,1,0,0,1,0,22,0,0.08722661872858684,21.939999999999987,21.939999999999987,0.0,5.409226618728587,5.41,measured_success,202
555,ppo,1000555,918,monoprotic,medium,base,single,1,8.204,9.735,0.10119810189320706,2,1,0.04,1,1,0,1,0,11,2,0.005858324983293528,1.1400000000000001,0.08,1.06,9.729141675016706,9.73,measured_success,202
555,ppo,1000555,919,monoprotic,near,acid,single,1,4.976,4.427,0.1471049762914338,0,0,,1,0,0,1,0,6,0,0.07424945002032857,4.319999999999999,4.319999999999999,0.0,4.501249450020328,4.5,measured_success,202
555,ppo,1000555,920,monoprotic,medium,acid,single,1,6.911,6.105,0.1441557105917572,2,0,0.155,1,0,0,1,0,3,2,0.0548747633432658,3.06,2.75,0.31,6.159874763343266,6.16,measured_success,202
555,ppo,1000555,921,triprotic,medium,acid,separated,3,6.842,4.887,0.04008276139893215,1,0,2.53,1,1,0,1,0,4,1,0.0063974025970621184,6.359999999999999,5.06,1.3,4.8806025974029374,4.88,measured_success,202
555,ppo,1000555,922,monoprotic,medium,acid,single,1,4.477,3.256,0.1164057842199693,0,0,,1,0,0,1,0,4,0,0.0795976653789805,7.55,7.55,0.0,3.3355976653789803,3.34,measured_success,202
555,ppo,1000555,923,triprotic,near,base,separated,3,6.308,6.905,0.13706290730468024,1,0,0.425,1,1,0,1,0,2,1,0.007681584493689719,2.97,0.0,2.97,6.91268158449369,6.91,measured_success,202
555,ppo,1000555,924,diprotic,medium,acid,overlapping,2,4.888,3.853,0.14024359451018964,0,0,,1,0,0,1,0,13,0,0.06973986164532464,14.970000000000002,14.970000000000002,0.0,3.922739861645325,3.92,measured_success,202
555,ppo,1000555,925,monoprotic,near,acid,single,1,2.975,2.506,0.04574728215228966,1,0,1.06,1,0,0,1,0,1,1,0.08398197595577406,2.12,2.12,0.0,2.4220180240442257,2.42,measured_success,202
555,ppo,1000555,926,triprotic,medium,base,separated,3,5.731,6.847,0.09900953210971,0,0,,1,1,0,1,0,3,0,0.025653037177174376,6.79,0.0,6.79,6.821346962822826,6.82,measured_success,202
555,ppo,1000555,927,monoprotic,near,base,single,1,6.333,6.669,0.06868211191979438,1,0,1.06,1,0,0,1,0,1,1,0.07280660069601819,2.12,0.0,2.12,6.741806600696018,6.74,measured_success,202
555,ppo,1000555,928,diprotic,far,base,separated,2,2.278,6.274,0.10059532484238784,42,21,0.01,0,0,0,0,0,50,42,0.10019516772530235,21.150000000000034,0.7800000000000002,20.370000000000033,6.173804832274698,6.17,max_steps,202
555,ppo,1000555,929,monoprotic,medium,acid,single,1,3.446,2.616,0.044313503358434946,2,1,0.425,1,1,0,1,0,4,2,0.02059452710244214,6.17,4.29,1.88,2.6365945271024422,2.64,measured_success,202
555,ppo,1000555,930,diprotic,near,acid,separated,2,3.832,3.469,0.14470803906563554,0,0,,1,0,0,1,0,5,0,0.07899876294049823,4.65,4.65,0.0,3.547998762940498,3.5500000000000003,measured_success,202
555,ppo,1000555,931,diprotic,medium,base,overlapping,2,2.957,4.33,0.16508250789014778,0,0,,1,0,0,1,0,8,0,0.09319629430319232,13.200000000000001,0.0,13.200000000000001,4.236803705696808,4.24,measured_success,202
555,ppo,1000555,932,diprotic,near,acid,overlapping,2,5.276,4.667,0.14940162439605345,0,0,,1,0,0,1,0,21,0,0.08997308494313572,12.220000000000004,12.220000000000004,0.0,4.7569730849431355,4.76,measured_success,202
555,ppo,1000555,933,triprotic,medium,base,overlapping,3,2.603,4.551,0.04482136317466394,3,2,0.195,1,0,0,1,0,7,3,0.0595644216475808,13.400000000000002,0.97,12.430000000000001,4.610564421647581,4.61,measured_success,202
555,ppo,1000555,934,diprotic,near,acid,separated,2,5.697,5.268,0.09035215235017814,0,0,,1,1,0,1,0,2,1,0.0018234327759296676,2.14,2.14,0.0,5.26617656722407,5.2700000000000005,measured_success,202
555,ppo,1000555,935,triprotic,near,base,separated,3,7.038,7.306,0.10101015827716782,0,0,,0,0,0,0,0,50,0,0.14877788423103677,0.5000000000000002,0.0,0.5000000000000002,7.157222115768963,7.16,max_steps,202
555,ppo,1000555,936,diprotic,medium,base,overlapping,2,4.203,5.875,0.044275733827855976,7,4,0.01,1,1,0,1,0,14,7,0.024143801204218107,13.040000000000003,6.040000000000002,7.0,5.899143801204218,5.9,measured_success,202
555,ppo,1000555,937,monoprotic,medium,acid,single,1,4.582,3.504,0.08624745169540936,0,0,,1,1,0,1,0,3,0,0.0011181172434278075,6.7,6.7,0.0,3.505118117243428,3.5100000000000002,measured_success,202
555,ppo,1000555,938,monoprotic,medium,acid,single,1,2.545,1.514,0.08460425916996815,0,0,,1,0,0,1,0,7,0,0.07431394250769086,10.58,10.58,0.0,1.5883139425076909,1.59,measured_success,202
555,ppo,1000555,939,diprotic,far,base,separated,2,2.32,5.128,0.08360133581570885,3,1,0.155,1,0,0,1,0,11,3,0.07903546516250515,15.44,1.8699999999999999,13.57,5.207035465162505,5.21,measured_success,202
555,ppo,1000555,940,monoprotic,near,base,single,1,7.148,7.682,0.17396846372051142,0,0,,1,0,0,1,0,9,0,0.09204865624074543,5.959999999999998,0.0,5.959999999999998,7.589951343759255,7.59,measured_success,202
555,ppo,1000555,941,diprotic,medium,base,separated,2,5.081,6.329,0.08608784274361791,0,0,,1,1,0,1,0,3,0,0.039854051279967884,6.09,0.0,6.09,6.289145948720032,6.29,measured_success,202
555,ppo,1000555,942,diprotic,near,acid,separated,2,2.595,2.002,0.04976869098743854,0,0,,1,1,0,1,0,1,0,0.031092312147881884,3.48,3.48,0.0,2.0330923121478817,2.0300000000000002,measured_success,202
555,ppo,1000555,943,triprotic,medium,base,separated,3,7.468,9.327,0.17197517795971712,3,2,0.085,1,1,0,1,0,7,3,0.02107287909774236,9.45,0.71,8.74,9.348072879097742,9.35,measured_success,202
555,ppo,1000555,944,monoprotic,medium,acid,single,1,5.414,3.891,0.07064331965882721,7,3,0.02,1,1,0,1,0,9,7,0.0038392200549708377,10.84,6.129999999999999,4.71,3.887160779945029,3.89,measured_success,202
555,ppo,1000555,945,monoprotic,medium,base,single,1,8.085,9.411,0.10885754696342774,1,1,0.085,1,0,0,1,0,8,1,0.06703763055334555,1.1400000000000001,0.12,1.02,9.478037630553345,9.48,measured_success,202
555,ppo,1000555,946,triprotic,far,acid,separated,3,7.048,4.101,0.15707615676403833,0,0,,1,0,0,1,0,16,0,0.08332349101930614,27.649999999999995,27.649999999999995,0.0,4.184323491019306,4.18,measured_success,202
555,ppo,1000555,947,triprotic,far,acid,separated,3,4.737,2.513,0.17255092114606566,0,0,,1,1,0,1,0,7,0,0.016697371974581543,21.520000000000003,21.520000000000003,0.0,2.5296973719745814,2.5300000000000002,measured_success,202
555,ppo,1000555,948,diprotic,medium,acid,separated,2,6.948,5.218,0.07534738020694738,0,0,,1,1,0,1,0,2,0,0.0016585243153386386,5.6899999999999995,5.6899999999999995,0.0,5.219658524315339,5.22,measured_success,202
555,ppo,1000555,949,monoprotic,medium,base,single,1,5.189,7.046,0.04689981312717003,5,2,0.055,1,0,0,1,0,5,5,0.09767697536338904,8.84,2.85,5.99,7.143676975363389,7.140000000000001,measured_success,202
555,ppo,1000555,950,triprotic,medium,acid,separated,3,6.033,4.163,0.09938388429696167,0,0,,1,0,0,1,0,6,0,0.09289586707369857,10.95,10.95,0.0,4.255895867073699,4.26,measured_success,202
555,ppo,1000555,951,diprotic,medium,acid,separated,2,3.591,1.838,0.13004068911273137,1,0,2.53,1,1,0,1,0,2,1,0.011135715839597715,5.6899999999999995,5.06,0.63,1.8268642841604024,1.83,measured_success,202
555,ppo,1000555,952,diprotic,medium,acid,separated,2,3.783,2.473,0.07253484412750547,0,0,,1,0,0,1,0,1,0,0.06343536294964558,3.87,3.87,0.0,2.5364353629496454,2.54,measured_success,202
555,ppo,1000555,953,diprotic,near,acid,separated,2,3.362,3.041,0.0583065272711875,3,2,0.135,1,0,0,1,0,4,3,0.05332729807512537,3.0700000000000003,1.78,1.29,2.9876727019248746,2.99,measured_success,202
555,ppo,1000555,954,monoprotic,near,base,single,1,4.136,4.441,0.050382510734805444,1,1,0.755,1,0,0,1,0,2,1,0.08704267318039616,2.26,0.75,1.51,4.528042673180396,4.53,measured_success,202
555,ppo,1000555,955,triprotic,near,acid,overlapping,3,2.283,1.658,0.08665049068826905,0,0,,1,0,0,1,0,10,0,0.08929897768118611,13.469999999999997,13.469999999999997,0.0,1.747298977681186,1.75,measured_success,202
555,ppo,1000555,956,diprotic,medium,base,separated,2,6.535,8.421,0.13659623751341865,6,2,0.015,1,1,0,1,0,12,6,0.023174904602434765,10.830000000000002,4.860000000000002,5.97,8.397825095397565,8.4,measured_success,202
555,ppo,1000555,957,triprotic,medium,base,separated,3,5.119,6.739,0.06186647202196266,2,1,1.31,1,0,0,1,0,7,2,0.08091492996997562,9.51,2.62,6.89,6.658085070030024,6.66,measured_success,202
555,ppo,1000555,958,monoprotic,near,acid,single,1,2.543,1.95,0.04383677696563868,2,0,0.515,1,0,0,1,0,2,2,0.0632752532449985,4.51,3.48,1.03,2.0132752532449985,2.0100000000000002,measured_success,202
555,ppo,1000555,959,monoprotic,medium,base,single,1,5.772,7.291,0.09444019186377497,6,4,0.015,1,1,0,1,0,11,6,0.04861418009278751,12.480000000000002,6.040000000000002,6.44,7.242385819907213,7.24,measured_success,202
555,ppo,1000555,960,triprotic,far,acid,separated,3,6.994,4.728,0.0610697338989138,2,0,0.155,1,1,0,1,0,4,2,0.02014262687981372,7.799999999999999,7.489999999999999,0.31,4.7481426268798135,4.75,measured_success,202
555,ppo,1000555,961,monoprotic,medium,acid,single,1,4.146,3.152,0.0472503484105672,2,1,0.425,1,0,0,1,0,4,2,0.05235005613267951,6.9399999999999995,4.29,2.65,3.2043500561326796,3.2,measured_success,202
555,ppo,1000555,962,diprotic,far,acid,separated,2,3.83,1.523,0.09534315082491042,0,0,,1,0,0,1,0,1,0,0.0894079339379592,6.07,6.07,0.0,1.6124079339379591,1.61,measured_success,202
555,ppo,1000555,963,triprotic,far,base,separated,3,2.049,4.206,0.06725012417454786,0,0,,1,1,0,1,0,6,0,0.017858537775775396,11.040000000000001,0.0,11.040000000000001,4.188141462224225,4.19,measured_success,202
555,ppo,1000555,964,monoprotic,medium,acid,single,1,7.241,5.243,0.03336962648551446,6,4,0.03,0,0,0,1,1,10,6,0.10184418070398138,11.74,6.18,5.5600000000000005,5.344844180703982,5.34,measured_success,202
555,ppo,1000555,965,diprotic,medium,acid,separated,2,5.277,4.464,0.0831603516242054,0,0,,1,1,0,1,0,1,0,0.028767878605719943,2.12,2.12,0.0,4.49276787860572,4.49,measured_success,202
555,ppo,1000555,966,triprotic,medium,acid,separated,3,6.056,4.664,0.043038331193642664,1,0,1.935,1,0,0,1,0,3,1,0.07989588889615717,4.86,3.87,0.99,4.5841041111038425,4.58,measured_success,202
555,ppo,1000555,967,monoprotic,medium,acid,single,1,4.65,3.007,0.15914390193326106,0,0,,1,1,0,1,0,3,0,0.008078878833325032,10.319999999999999,10.319999999999999,0.0,3.015078878833325,3.02,measured_success,202
555,ppo,1000555,968,monoprotic,far,base,single,1,6.734,9.358,0.17634057366421085,4,1,0.02,1,0,0,1,0,9,4,0.09200255794386081,15.29,1.9200000000000002,13.37,9.26599744205614,9.27,measured_success,202
555,ppo,1000555,969,triprotic,far,base,separated,3,3.056,5.864,0.14155868350987677,0,0,,1,0,0,1,0,16,0,0.08658454172252217,27.09999999999999,0.0,27.09999999999999,5.777415458277478,5.78,measured_success,202
555,ppo,1000555,970,monoprotic,medium,acid,single,1,5.188,3.803,0.060135327430683366,4,1,0.155,1,1,0,1,0,6,4,0.008554986946162302,7.609999999999999,5.5,2.11,3.8115549869461622,3.81,measured_success,202
555,ppo,1000555,971,monoprotic,near,base,single,1,8.49,9.102,0.1279991577435903,0,0,,1,0,0,1,0,22,0,0.07293529821928502,3.619999999999999,0.0,3.619999999999999,9.029064701780715,9.03,measured_success,202
555,ppo,1000555,972,monoprotic,far,acid,single,1,8.804,6.563,0.03714595436249952,0,0,,0,0,1,0,0,50,0,1.6223472207586793,1.500000000000001,1.500000000000001,0.0,8.185347220758679,8.19,max_steps,202
555,ppo,1000555,973,diprotic,medium,acid,separated,2,2.448,1.543,0.03011589528006961,0,0,,1,0,0,1,0,3,0,0.06340451639545308,6.3100000000000005,6.3100000000000005,0.0,1.606404516395453,1.61,measured_success,202
555,ppo,1000555,974,monoprotic,medium,base,single,1,2.296,3.834,0.15261343293168722,0,0,,1,0,0,1,0,12,0,0.07683979320756906,13.67,0.0,13.67,3.757160206792431,3.7600000000000002,measured_success,202
555,ppo,1000555,975,monoprotic,medium,base,single,1,7.776,9.525,0.09612550459010122,2,1,0.13,1,0,0,1,0,3,2,0.08734307773139882,6.04,0.26,5.78,9.437656922268602,9.44,measured_success,202
555,ppo,1000555,976,monoprotic,near,base,single,1,3.823,4.311,0.049076637805946295,4,2,0.075,1,0,0,1,0,7,4,0.07812489453309368,5.6899999999999995,2.6999999999999997,2.9899999999999998,4.232875105466906,4.23,measured_success,202
555,ppo,1000555,977,monoprotic,near,base,single,1,4.14,4.803,0.08867140187311627,0,0,,1,0,0,1,0,2,0,0.09623483634700225,3.29,0.0,3.29,4.706765163652998,4.71,measured_success,202
555,ppo,1000555,978,monoprotic,far,base,single,1,8.849,10.998,0.1779534742680283,1,0,0.085,1,0,0,1,0,17,1,0.05217319934592446,5.9399999999999995,0.0,5.9399999999999995,11.050173199345924,11.05,measured_success,202
555,ppo,1000555,979,triprotic,medium,base,separated,3,4.116,6.027,0.05180996819125413,1,0,0.265,1,0,0,1,0,2,1,0.060853814247429305,5.78,0.0,5.78,6.087853814247429,6.09,measured_success,202
555,ppo,1000555,980,monoprotic,near,base,single,1,4.438,4.834,0.034742451491339685,2,1,0.375,1,1,0,1,0,3,2,0.01938153344147331,2.62,0.75,1.87,4.814618466558526,4.8100000000000005,measured_success,202
555,ppo,1000555,981,triprotic,near,acid,separated,3,3.695,3.178,0.1122225253297617,1,0,0.515,1,1,0,1,0,2,1,0.008030482315763088,3.21,3.21,0.0,3.169969517684237,3.17,measured_success,202
555,ppo,1000555,982,monoprotic,medium,base,single,1,4.299,5.659,0.05896410568128535,5,2,0.055,1,1,0,1,0,6,5,0.016764608038823958,10.370000000000001,4.380000000000001,5.99,5.675764608038824,5.68,measured_success,202
555,ppo,1000555,983,triprotic,medium,base,separated,3,2.665,4.399,0.14191597543578743,0,0,,1,0,0,1,0,23,0,0.09960091886388067,18.51999999999999,0.0,18.51999999999999,4.299399081136119,4.3,measured_success,202
555,ppo,1000555,984,triprotic,near,acid,separated,3,4.302,3.701,0.07418636643432065,0,0,,1,1,0,1,0,2,0,0.014613030517563796,3.21,3.21,0.0,3.715613030517564,3.72,measured_success,202
555,ppo,1000555,985,monoprotic,medium,base,single,1,7.75,8.712,0.1509233990910893,0,0,,1,0,0,1,0,20,0,0.06785461946267901,3.399999999999999,0.0,3.399999999999999,8.64414538053732,8.64,measured_success,202
555,ppo,1000555,986,monoprotic,far,base,single,1,2.672,5.949,0.05220439900445075,44,2,0.01,0,0,0,0,0,50,44,0.13951289821076962,14.18999999999999,3.9899999999999958,10.199999999999996,5.80948710178923,5.8100000000000005,max_steps,202
555,ppo,1000555,987,diprotic,medium,acid,separated,2,5.912,4.584,0.1458675990290293,0,0,,1,0,0,1,0,9,0,0.0780517728756962,12.250000000000002,12.250000000000002,0.0,4.662051772875696,4.66,measured_success,202
555,ppo,1000555,988,triprotic,far,base,separated,3,5.904,9.734,0.14961034252300023,5,1,0.025,1,1,0,1,0,10,5,0.0490312112786615,21.990000000000006,2.1,19.890000000000004,9.783031211278661,9.78,measured_success,202
555,ppo,1000555,989,monoprotic,medium,base,single,1,6.498,7.803,0.06749779308368707,4,0,0.06,1,0,0,1,0,12,4,0.09389223361308208,8.41,3.33,5.079999999999999,7.709107766386918,7.71,measured_success,202
555,ppo,1000555,990,monoprotic,medium,base,single,1,6.964,8.354,0.03582110498559677,5,3,0.02,1,1,0,1,0,12,5,0.04919381906288223,10.57,4.88,5.6899999999999995,8.403193819062881,8.4,measured_success,202
555,ppo,1000555,991,monoprotic,medium,base,single,1,9.486,11.358,0.07409451389433053,1,0,0.085,1,1,0,1,0,3,1,0.042998936753544825,0.51,0.0,0.51,11.400998936753545,11.4,measured_success,202
555,ppo,1000555,992,diprotic,medium,base,separated,2,2.724,4.462,0.03661869871539747,2,0,0.425,1,0,0,1,0,2,2,0.054945498706770124,6.1,0.85,5.25,4.40705450129323,4.41,measured_success,202
555,ppo,1000555,993,diprotic,near,acid,separated,2,2.606,2.342,0.11498649555732161,0,0,,1,0,0,1,0,1,0,0.051576794869481635,2.12,2.12,0.0,2.3935767948694817,2.39,measured_success,202
555,ppo,1000555,994,monoprotic,far,acid,single,1,5.782,3.757,0.06537175065215713,6,1,0.02,1,1,0,1,0,9,6,0.006209290608903739,9.239999999999998,7.039999999999999,2.2,3.763209290608904,3.7600000000000002,measured_success,202
555,ppo,1000555,995,monoprotic,medium,acid,single,1,5.486,3.636,0.08993309753138783,1,0,0.425,1,1,0,1,0,5,1,0.0406026436923792,10.389999999999999,10.389999999999999,0.0,3.595397356307621,3.6,measured_success,202
555,ppo,1000555,996,diprotic,medium,acid,separated,2,5.918,4.818,0.07071746268006994,0,0,,1,0,0,1,0,1,0,0.06467732410379767,3.87,3.87,0.0,4.882677324103797,4.88,measured_success,202
555,ppo,1000555,997,triprotic,near,acid,separated,3,5.882,5.392,0.10717001580048552,0,0,,1,0,0,1,0,4,0,0.09144954839774666,2.81,2.81,0.0,5.483449548397747,5.48,measured_success,202
555,ppo,1000555,998,monoprotic,medium,acid,single,1,4.005,2.939,0.0461348768471886,5,4,0.075,1,1,0,1,0,8,5,0.009929147856129639,8.870000000000001,4.78,4.09,2.9290708521438704,2.93,measured_success,202
555,ppo,1000555,999,monoprotic,near,acid,single,1,9.27,8.661,0.16780745898595742,0,0,,0,0,0,0,0,50,0,0.4217695835176034,0.6600000000000003,0.6600000000000003,0.0,9.082769583517603,9.08,max_steps,202
555,ppo,1000555,1000,monoprotic,near,acid,single,1,4.191,3.72,0.053117302306929924,0,0,,1,0,0,1,0,1,0,0.07893597516883366,1.51,1.51,0.0,3.798935975168834,3.8000000000000003,measured_success,202
555,ppo,1000555,1001,diprotic,medium,base,overlapping,2,6.083,7.743,0.08781743589851435,4,2,0.06,1,1,0,1,0,10,4,0.011179608066980151,10.469999999999999,4.500000000000001,5.969999999999999,7.73182039193302,7.73,measured_success,202
555,ppo,1000555,1002,diprotic,near,acid,separated,2,2.502,2.057,0.04289217083246148,1,0,1.06,1,0,0,1,0,1,1,0.07615167787259036,2.12,2.12,0.0,1.9808483221274096,1.98,measured_success,202
555,ppo,1000555,1003,monoprotic,near,acid,single,1,2.153,1.734,0.057615302231120685,1,0,1.74,1,1,0,1,0,1,1,0.006637519717679119,3.48,3.48,0.0,1.7273624802823209,1.73,measured_success,202
555,ppo,1000555,1004,diprotic,medium,base,separated,2,3.7,5.667,0.10372235052479617,4,2,0.115,1,0,0,1,0,7,4,0.0649253794591651,10.5,2.85,7.65,5.602074620540835,5.6000000000000005,measured_success,202
555,ppo,1000555,1005,diprotic,far,base,separated,2,1.89,5.264,0.10297567558469846,0,0,,1,1,0,1,0,7,0,0.0486591192382706,22.71,0.0,22.71,5.21534088076173,5.22,measured_success,202
555,ppo,1000555,1006,monoprotic,near,base,single,1,7.684,7.939,0.14914540727266984,0,0,,0,0,0,0,0,50,0,0.1450623593083442,0.5000000000000002,0.0,0.5000000000000002,7.793937640691656,7.79,max_steps,202
555,ppo,1000555,1007,monoprotic,near,acid,single,1,8.165,7.542,0.09255115396159816,0,0,,0,0,1,0,0,50,0,0.5613875201574547,0.5000000000000002,0.5000000000000002,0.0,8.103387520157455,8.1,max_steps,202
555,ppo,1000555,1008,diprotic,near,acid,separated,2,3.867,3.29,0.05920885587522215,1,1,0.515,1,1,0,1,0,3,2,0.0007173683418049137,3.7199999999999998,3.21,0.51,3.290717368341805,3.29,measured_success,202
555,ppo,1000555,1009,monoprotic,medium,base,single,1,2.191,3.648,0.04380960954733422,4,2,0.075,1,1,0,1,0,11,4,0.018181850590219373,13.09,5.530000000000001,7.56,3.6298181494097808,3.63,measured_success,202
555,ppo,1000555,1010,triprotic,medium,base,separated,3,9.214,10.18,0.15254205730480236,0,0,,1,1,0,1,0,15,0,0.008443998949612563,2.5499999999999994,0.0,2.5499999999999994,10.171556001050387,10.17,measured_success,202
555,ppo,1000555,1011,diprotic,far,base,separated,2,4.764,8.377,0.13176730701720465,8,3,0.015,1,1,0,1,0,13,8,0.04322354038645493,15.830000000000002,5.430000000000001,10.4,8.333776459613546,8.33,measured_success,202
555,ppo,1000555,1012,triprotic,medium,acid,separated,3,4.087,2.871,0.1048122329145981,0,0,,1,0,0,1,0,3,0,0.0748717699496555,6.7,6.7,0.0,2.9458717699496555,2.95,measured_success,202
555,ppo,1000555,1013,diprotic,far,base,separated,2,2.648,4.778,0.09798649144514278,0,0,,1,0,0,1,0,8,0,0.06870095798567366,14.05,0.0,14.05,4.709299042014326,4.71,measured_success,202
555,ppo,1000555,1014,monoprotic,near,acid,single,1,8.025,7.745,0.03874829858661177,0,0,,1,0,0,1,0,39,0,0.09978556620741319,0.3900000000000002,0.3900000000000002,0.0,7.844785566207413,7.84,measured_success,202
555,ppo,1000555,1015,diprotic,medium,acid,separated,2,2.682,1.756,0.17107153911455653,0,0,,1,0,0,1,0,5,0,0.08177961829758984,8.700000000000001,8.700000000000001,0.0,1.8377796182975898,1.84,measured_success,202
555,ppo,1000555,1016,monoprotic,medium,base,single,1,7.604,9.544,0.08012964808737626,3,0,0.18,1,0,0,1,0,5,3,0.0894696889644635,8.75,1.02,7.73,9.633469688964464,9.63,measured_success,202
555,ppo,1000555,1017,monoprotic,near,acid,single,1,6.879,6.184,0.1440879375993216,0,0,,1,0,0,1,0,13,0,0.09202197778345056,7.279999999999998,7.279999999999998,0.0,6.276021977783451,6.28,measured_success,202
555,ppo,1000555,1018,diprotic,near,acid,separated,2,2.122,1.54,0.037141189520831,0,0,,1,1,0,1,0,1,0,0.026029551656069128,3.48,3.48,0.0,1.5660295516560692,1.57,measured_success,202
555,ppo,1000555,1019,monoprotic,medium,acid,single,1,4.87,3.544,0.03209177404676199,2,1,0.425,1,1,0,1,0,6,2,0.0185722630070706,7.299999999999999,4.6499999999999995,2.65,3.5625722630070706,3.56,measured_success,202
555,ppo,1000555,1020,monoprotic,far,base,single,1,2.402,5.32,0.11962839844266415,4,2,0.075,1,0,0,1,0,6,4,0.07999497605494099,11.02,3.62,7.4,5.240005023945059,5.24,measured_success,202
555,ppo,1000555,1021,triprotic,medium,base,separated,3,2.191,3.399,0.039358571760545184,2,0,0.96,1,0,0,1,0,2,2,0.07078772976694214,7.17,1.92,5.25,3.328212270233058,3.33,measured_success,202
555,ppo,1000555,1022,monoprotic,near,acid,single,1,3.873,3.647,0.1667472563839894,0,0,,1,0,0,1,0,1,0,0.08025251983673654,1.51,1.51,0.0,3.7272525198367363,3.73,measured_success,202
555,ppo,1000555,1023,monoprotic,medium,base,single,1,5.025,6.272,0.12457963357900274,0,0,,1,0,0,1,0,6,0,0.09295445781453893,7.019999999999999,0.0,7.019999999999999,6.179045542185461,6.18,measured_success,202
555,ppo,1000555,1024,triprotic,near,base,separated,3,1.612,1.847,0.12168196539562695,0,0,,1,0,0,1,0,1,0,0.06390216157414841,2.12,0.0,2.12,1.7830978384258516,1.78,measured_success,202
555,ppo,1000555,1025,triprotic,far,base,separated,3,7.68,9.758,0.03546133432430235,7,8,0.01,1,0,0,1,0,14,7,0.054743468652628025,11.74,5.710000000000001,6.029999999999999,9.812743468652627,9.81,measured_success,202
555,ppo,1000555,1026,diprotic,near,base,separated,2,3.657,4.065,0.04713219547833173,2,1,0.375,1,1,0,1,0,2,2,0.03900222265850939,2.26,0.75,1.51,4.025997777341491,4.03,measured_success,202
555,ppo,1000555,1027,triprotic,near,base,separated,3,2.527,2.874,0.16040063408562302,0,0,,1,0,0,1,0,3,0,0.0666416924850819,3.39,0.0,3.39,2.807358307514918,2.81,measured_success,202
555,ppo,1000555,1028,monoprotic,medium,acid,single,1,4.233,2.671,0.031242286678441422,1,0,2.53,1,1,0,1,0,4,1,0.001983429097531353,6.539999999999999,5.06,1.48,2.6690165709024685,2.67,measured_success,202
555,ppo,1000555,1029,diprotic,medium,acid,separated,2,5.399,3.857,0.032323941327271295,1,0,2.53,1,0,0,1,0,2,1,0.0945303796410748,6.859999999999999,5.06,1.8,3.7624696203589254,3.7600000000000002,measured_success,202
555,ppo,1000555,1030,triprotic,medium,acid,separated,3,3.685,1.798,0.06149642797332466,0,0,,1,1,0,1,0,1,0,0.04556996754955822,5.06,5.06,0.0,1.8435699675495583,1.84,measured_success,202
555,ppo,1000555,1031,monoprotic,far,base,single,1,4.107,6.385,0.10479823885349558,6,6,0.03,1,1,0,1,0,11,6,0.007893133724822476,9.899999999999999,2.95,6.949999999999999,6.377106866275177,6.38,measured_success,202
555,ppo,1000555,1032,monoprotic,far,acid,single,1,7.959,4.084,0.1029481328708339,8,5,0.01,1,0,0,1,0,11,8,0.07319778438473001,16.75,12.569999999999999,4.18,4.15719778438473,4.16,measured_success,202
555,ppo,1000555,1033,monoprotic,far,base,single,1,7.108,10.468,0.15324416317743925,3,1,0.075,1,1,0,1,0,8,3,0.039570726444178916,20.84,1.9300000000000002,18.91,10.507570726444179,10.51,measured_success,202
555,ppo,1000555,1034,diprotic,near,acid,separated,2,5.657,5.032,0.05498565459102443,0,0,,1,0,0,1,0,6,0,0.09711446855895112,4.1499999999999995,4.1499999999999995,0.0,5.129114468558951,5.13,measured_success,202
555,ppo,1000555,1035,triprotic,medium,base,separated,3,6.775,8.53,0.04536035560443779,2,1,1.31,1,0,0,1,0,6,2,0.08351721164275183,9.2,2.62,6.58,8.446482788357248,8.45,measured_success,202
555,ppo,1000555,1036,monoprotic,near,base,single,1,6.004,6.677,0.15273937612862498,0,0,,1,0,0,1,0,11,0,0.0860798812499457,7.049999999999998,0.0,7.049999999999998,6.590920118750054,6.59,measured_success,202
555,ppo,1000555,1037,monoprotic,medium,acid,single,1,4.905,3.047,0.06047953804695301,5,4,0.05,1,1,0,1,0,9,5,0.0044384325767237165,10.25,5.81,4.4399999999999995,3.0425615674232764,3.04,measured_success,202
555,ppo,1000555,1038,triprotic,far,base,separated,3,2.477,5.785,0.10762294809633713,0,0,,1,0,0,1,0,10,0,0.06162878366339619,17.889999999999993,0.0,17.889999999999993,5.723371216336604,5.72,measured_success,202
555,ppo,1000555,1039,diprotic,medium,acid,overlapping,2,3.565,2.079,0.08530427826752902,0,0,,1,1,0,1,0,3,0,0.011337812508191991,10.39,10.39,0.0,2.090337812508192,2.09,measured_success,202
555,ppo,1000555,1040,triprotic,near,base,overlapping,3,2.292,2.825,0.042988793405272556,0,0,,1,0,0,1,0,4,0,0.07593759079711226,4.0200000000000005,0.0,4.0200000000000005,2.749062409202888,2.75,measured_success,202
555,ppo,1000555,1041,monoprotic,medium,acid,single,1,5.936,5.233,0.03353170365668987,2,0,0.155,1,1,0,1,0,3,2,0.018886468983404292,2.45,2.14,0.31,5.251886468983404,5.25,measured_success,202
555,ppo,1000555,1042,monoprotic,medium,base,single,1,6.974,7.699,0.03087179689199091,2,0,0.18,1,1,0,1,0,3,2,0.026372450583172835,3.33,1.21,2.12,7.672627549416827,7.67,measured_success,202
555,ppo,1000555,1043,triprotic,medium,acid,overlapping,3,4.335,3.578,0.03415726356949229,1,0,0.315,1,1,0,1,0,5,1,0.008992386806310204,6.27,6.27,0.0,3.5690076131936896,3.5700000000000003,measured_success,202
555,ppo,1000555,1044,monoprotic,far,base,single,1,2.227,6.106,0.05006876576986227,47,26,0.01,0,0,1,0,0,50,47,2.7883289216152836,13.209999999999988,3.789999999999995,9.419999999999993,8.894328921615283,8.89,max_steps,202
555,ppo,1000555,1045,monoprotic,far,base,single,1,7.976,10.598,0.11899196172811763,3,3,0.075,1,1,0,1,0,8,3,0.02025388313573906,12.020000000000001,2.4,9.620000000000001,10.61825388313574,10.620000000000001,measured_success,202
555,ppo,1000555,1046,monoprotic,far,acid,single,1,6.288,2.661,0.0672485137336537,1,0,3.93,1,1,0,1,0,12,1,0.03706626278065128,13.66,7.86,5.8,2.6239337372193487,2.62,measured_success,202
555,ppo,1000555,1047,monoprotic,medium,base,single,1,4.658,6.055,0.0523657407034517,1,0,2.625,1,0,0,1,0,4,1,0.08150996416292777,7.04,1.79,5.25,6.1365099641629275,6.140000000000001,measured_success,202
555,ppo,1000555,1048,triprotic,medium,base,overlapping,3,2.486,4.485,0.047842706570730864,1,1,0.79,1,0,0,1,0,9,1,0.09061932195452993,10.56,1.22,9.34,4.57561932195453,4.58,measured_success,202
555,ppo,1000555,1049,monoprotic,medium,base,single,1,8.407,9.152,0.03130981850083981,0,0,,1,1,0,1,0,8,0,0.03470536431934512,1.3599999999999999,0.0,1.3599999999999999,9.117294635680654,9.120000000000001,measured_success,202
555,ppo,1000555,1050,triprotic,medium,base,separated,3,6.712,7.92,0.07992759619924497,5,2,0.035,1,1,0,1,0,10,5,0.049804960944429766,10.43,4.7700000000000005,5.66,7.96980496094443,7.97,measured_success,202
555,ppo,1000555,1051,monoprotic,far,acid,single,1,7.677,5.488,0.03130689937910512,5,2,0.085,1,0,0,1,0,6,5,0.07657593682779495,9.049999999999999,6.079999999999999,2.9699999999999998,5.4114240631722055,5.41,measured_success,202
555,ppo,1000555,1052,diprotic,far,acid,separated,2,6.458,2.714,0.07435492259534422,1,0,0.96,1,1,0,1,0,5,1,0.0015289822046873347,21.65,21.65,0.0,2.7124710177953126,2.71,measured_success,202
555,ppo,1000555,1053,monoprotic,medium,base,single,1,7.752,8.984,0.16734706567917498,0,0,,1,0,0,1,0,37,0,0.0683953960670518,6.289999999999998,0.0,6.289999999999998,8.915604603932948,8.92,measured_success,202
555,ppo,1000555,1054,diprotic,medium,acid,separated,2,3.232,2.395,0.04346818948677169,2,1,0.425,1,1,0,1,0,4,2,0.022699906375498013,5.779999999999999,3.9,1.88,2.417699906375498,2.42,measured_success,202
555,ppo,1000555,1055,monoprotic,far,base,single,1,7.183,9.991,0.06527576439489337,6,1,0.02,1,1,0,1,0,12,6,0.008832882448324142,11.200000000000001,3.9200000000000004,7.28,9.982167117551676,9.98,measured_success,202
555,ppo,1000555,1056,diprotic,medium,acid,separated,2,2.975,1.828,0.06909490737308749,0,0,,1,1,0,1,0,2,0,0.04166496635901784,5.67,5.67,0.0,1.869664966359018,1.87,measured_success,202
555,ppo,1000555,1057,monoprotic,near,acid,single,1,7.875,7.264,0.04142341342387737,0,0,,0,0,0,0,0,50,0,0.32252865296567723,0.5000000000000002,0.5000000000000002,0.0,7.5865286529656775,7.59,max_steps,202
555,ppo,1000555,1058,monoprotic,medium,base,single,1,3.786,5.443,0.13159449984672847,0,0,,1,0,0,1,0,2,0,0.06026452551056316,5.78,0.0,5.78,5.3827354744894365,5.38,measured_success,202
555,ppo,1000555,1059,monoprotic,far,base,single,1,2.862,6.525,0.15648069446746468,7,3,0.01,1,0,0,1,0,10,7,0.07079889917142701,13.059999999999999,3.8599999999999994,9.2,6.595798899171427,6.6000000000000005,measured_success,202
555,ppo,1000555,1060,diprotic,medium,acid,separated,2,5.939,4.157,0.07019530573518866,0,0,,1,0,0,1,0,3,0,0.052622161795031985,8.16,8.16,0.0,4.209622161795032,4.21,measured_success,202
555,ppo,1000555,1061,monoprotic,near,acid,single,1,2.459,1.891,0.04349686726786875,2,0,0.515,1,0,0,1,0,2,2,0.08125400691816953,4.51,3.48,1.03,1.9722540069181695,1.97,measured_success,202
555,ppo,1000555,1062,triprotic,medium,acid,separated,3,7.222,5.49,0.05798672866630269,1,0,2.53,1,1,0,1,0,2,1,0.008747639985372757,5.6899999999999995,5.06,0.63,5.4812523600146275,5.48,measured_success,202
555,ppo,1000555,1063,diprotic,near,base,overlapping,2,2.766,3.315,0.03236894316332454,1,0,0.755,1,0,0,1,0,1,1,0.06806797954611765,1.51,0.0,1.51,3.3830679795461176,3.38,measured_success,202
555,ppo,1000555,1064,diprotic,near,acid,separated,2,2.549,2.215,0.03147605274546405,2,0,0.515,1,1,0,1,0,2,2,0.01811446601746347,3.1500000000000004,2.12,1.03,2.2331144660174633,2.23,measured_success,202
555,ppo,1000555,1065,triprotic,near,base,separated,3,3.438,3.846,0.12783131904577075,0,0,,1,0,0,1,0,2,0,0.06669174317088977,2.36,0.0,2.36,3.7793082568291103,3.7800000000000002,measured_success,202
555,ppo,1000555,1066,triprotic,medium,acid,separated,3,3.27,1.908,0.06330283801722326,0,0,,1,1,0,1,0,2,1,0.0020960114076498115,7.17,7.17,0.0,1.90590398859235,1.9100000000000001,measured_success,202
555,ppo,1000555,1067,diprotic,medium,base,separated,2,2.741,4.033,0.12279897527109458,0,0,,1,0,0,1,0,19,0,0.08989878919808802,17.329999999999995,0.0,17.329999999999995,3.9431012108019123,3.94,measured_success,202
555,ppo,1000555,1068,triprotic,medium,acid,overlapping,3,3.418,1.812,0.04451966085442097,0,0,,1,1,0,1,0,5,0,0.04919635807721323,10.389999999999999,10.389999999999999,0.0,1.8611963580772133,1.86,measured_success,202
555,ppo,1000555,1069,monoprotic,medium,base,single,1,7.816,9.118,0.1004223609289893,0,0,,1,0,0,1,0,41,0,0.0969756850382435,6.969999999999998,0.0,6.969999999999998,9.021024314961757,9.02,measured_success,202
555,ppo,1000555,1070,monoprotic,medium,acid,single,1,5.987,4.84,0.0564909078963011,4,3,0.155,1,0,0,1,0,6,4,0.09223897331660069,9.52,5.35,4.17,4.9322389733166005,4.93,measured_success,202
555,ppo,1000555,1071,triprotic,far,base,overlapping,3,3.746,6.357,0.04383952535991229,41,23,0.01,0,0,1,0,0,50,41,3.026611787250949,13.829999999999993,6.619999999999997,7.2099999999999955,9.383611787250949,9.38,max_steps,202
555,ppo,1000555,1072,monoprotic,medium,acid,single,1,5.722,3.747,0.1284538032353973,1,1,0.515,1,1,0,1,0,5,1,0.04727496411575238,10.099999999999998,9.589999999999998,0.51,3.6997250358842475,3.7,measured_success,202
555,ppo,1000555,1073,diprotic,far,base,separated,2,3.184,7.022,0.17029235534634493,46,24,0.01,0,0,1,0,0,50,46,0.5276484821427037,18.66999999999999,3.599999999999995,15.069999999999995,6.494351517857297,6.49,max_steps,202
555,ppo,1000555,1074,triprotic,near,base,separated,3,5.014,5.475,0.09823479067842607,0,0,,1,1,0,1,0,1,0,0.02544131867041166,2.12,0.0,2.12,5.449558681329588,5.45,measured_success,202
555,ppo,1000555,1075,diprotic,far,base,separated,2,2.065,5.653,0.11989486847850929,0,0,,1,0,0,1,0,10,0,0.09022405433618008,26.939999999999998,0.0,26.939999999999998,5.5627759456638195,5.5600000000000005,measured_success,202
555,ppo,1000555,1076,monoprotic,medium,acid,single,1,5.321,3.541,0.044445722350475,2,1,0.765,1,0,0,1,0,4,2,0.06747131701816089,9.149999999999999,5.819999999999999,3.33,3.608471317018161,3.61,measured_success,202
555,ppo,1000555,1077,diprotic,far,acid,separated,2,7.358,4.411,0.05484617906460944,0,0,,0,0,0,1,1,4,0,0.10341699373130275,11.85,11.85,0.0,4.514416993731302,4.51,measured_success,202
555,ppo,1000555,1078,monoprotic,near,acid,single,1,6.818,6.508,0.035875282045550315,0,0,,1,0,0,1,0,43,0,0.09699774664467231,0.4300000000000002,0.4300000000000002,0.0,6.604997746644672,6.6000000000000005,measured_success,202
555,ppo,1000555,1079,monoprotic,medium,base,single,1,7.091,7.99,0.08923197108923424,0,0,,1,0,0,1,0,5,0,0.07724475360782534,4.72,0.0,4.72,7.912755246392175,7.91,measured_success,202
555,ppo,1000555,1080,monoprotic,near,acid,single,1,4.155,3.826,0.03504824337252197,4,3,0.065,1,1,0,1,0,5,4,0.0386659501340989,3.2,1.78,1.42,3.864665950134099,3.86,measured_success,202
555,ppo,1000555,1081,triprotic,medium,base,separated,3,2.197,3.556,0.041397752379428,2,0,0.96,1,0,0,1,0,2,2,0.08509246645533608,7.17,1.92,5.25,3.470907533544664,3.47,measured_success,202
555,ppo,1000555,1082,monoprotic,near,acid,single,1,4.11,3.85,0.11343363824323857,0,0,,1,1,0,1,0,1,0,0.02967484411348975,1.51,1.51,0.0,3.87967484411349,3.88,measured_success,202
555,ppo,1000555,1083,diprotic,near,acid,separated,2,3.95,3.367,0.08774360793229048,1,0,1.09,1,0,0,1,0,1,1,0.06013275347594327,2.18,2.18,0.0,3.3068672465240567,3.31,measured_success,202
555,ppo,1000555,1084,monoprotic,medium,base,single,1,2.494,3.414,0.11502732539115625,0,0,,1,0,0,1,0,9,0,0.09673786329773426,7.499999999999998,0.0,7.499999999999998,3.317262136702266,3.3200000000000003,measured_success,202
555,ppo,1000555,1085,diprotic,far,base,separated,2,3.023,5.672,0.03940727002249956,6,3,0.015,1,1,0,1,0,11,6,0.004405574344432672,10.129999999999999,3.4999999999999996,6.63,5.667594425655567,5.67,measured_success,202
555,ppo,1000555,1086,diprotic,far,base,separated,2,5.123,7.235,0.07903106585912216,3,1,0.155,1,0,0,1,0,11,3,0.06741847342339735,10.159999999999998,2.849999999999999,7.31,7.302418473423398,7.3,measured_success,202
555,ppo,1000555,1087,triprotic,medium,base,separated,3,5.748,7.311,0.05799598166310344,0,0,,1,0,0,1,0,4,0,0.053189772844923766,9.3,0.0,9.3,7.257810227155076,7.26,measured_success,202
555,ppo,1000555,1088,triprotic,medium,acid,separated,3,8.61,7.831,0.08248754633150684,0,0,,0,0,1,0,0,50,0,0.5708571607173942,0.8400000000000005,0.8400000000000005,0.0,8.401857160717395,8.4,max_steps,202
555,ppo,1000555,1089,diprotic,near,base,overlapping,2,4.347,4.937,0.04497012796028053,2,1,0.425,1,0,0,1,0,5,2,0.09881150323883059,5.2299999999999995,2.55,2.6799999999999997,4.83818849676117,4.84,measured_success,202
555,ppo,1000555,1090,diprotic,near,acid,separated,2,5.572,5.334,0.16776981049362935,0,0,,0,0,0,0,0,50,0,0.19665067865761543,0.5000000000000002,0.5000000000000002,0.0,5.530650678657615,5.53,max_steps,202
555,ppo,1000555,1091,triprotic,medium,acid,separated,3,5.422,4.289,0.1739528096913155,0,0,,1,1,0,1,0,5,0,0.005686204279706786,8.91,8.91,0.0,4.2946862042797065,4.29,measured_success,202
555,ppo,1000555,1092,diprotic,medium,acid,separated,2,5.57,3.755,0.10095124473674577,1,0,0.315,1,1,0,1,0,8,1,0.03732635165071052,18.35,18.35,0.0,3.7176736483492894,3.72,measured_success,202
555,ppo,1000555,1093,monoprotic,far,acid,single,1,5.542,2.77,0.03775058213974076,1,0,3.035,1,1,0,1,0,3,1,0.004912129917629127,7.24,6.07,1.17,2.765087870082371,2.77,measured_success,202
555,ppo,1000555,1094,triprotic,far,acid,separated,3,5.435,3.354,0.09659373603880513,1,0,0.515,1,1,0,1,0,4,1,0.037766589022038666,11.53,11.53,0.0,3.3162334109779614,3.3200000000000003,measured_success,202
555,ppo,1000555,1095,monoprotic,far,base,single,1,2.325,4.552,0.10298462314541908,3,1,0.21,1,1,0,1,0,5,3,0.01426432701396152,11.16,0.85,10.31,4.566264327013961,4.57,measured_success,202
555,ppo,1000555,1096,monoprotic,medium,acid,single,1,4.895,3.566,0.1309113329941216,5,4,0.045,1,0,0,1,0,8,5,0.09582064703545701,7.76,4.8999999999999995,2.86,3.470179352964543,3.47,measured_success,202
555,ppo,1000555,1097,diprotic,medium,base,separated,2,2.87,4.376,0.033219952911610104,3,1,0.155,1,0,0,1,0,5,3,0.0673307673372685,9.02,2.95,6.069999999999999,4.443330767337269,4.44,measured_success,202
555,ppo,1000555,1098,monoprotic,near,acid,single,1,2.866,2.441,0.03892567806119977,2,0,0.515,1,0,0,1,0,2,2,0.09254259389996289,3.1500000000000004,2.12,1.03,2.5335425938999627,2.5300000000000002,measured_success,202
555,ppo,1000555,1099,monoprotic,medium,acid,single,1,3.837,2.604,0.04359144024701719,2,0,0.515,1,1,0,1,0,3,2,0.029503486376293075,6.7,3.87,2.83,2.633503486376293,2.63,measured_success,202
555,ppo,1000555,1100,triprotic,medium,acid,separated,3,4.736,2.996,0.1736929607038461,0,0,,1,0,0,1,0,13,0,0.07813284968058332,22.04,22.04,0.0,3.0741328496805833,3.0700000000000003,measured_success,202
555,ppo,1000555,1101,diprotic,near,base,separated,2,5.987,6.411,0.04047395804796793,3,1,0.09,1,1,0,1,0,5,3,0.005218737490602976,4.07,1.77,2.3000000000000003,6.416218737490603,6.42,measured_success,202
555,ppo,1000555,1102,monoprotic,medium,base,single,1,5.392,6.277,0.039187049295843386,3,1,0.055,1,0,0,1,0,5,3,0.08972267996095784,4.01,1.6400000000000001,2.3699999999999997,6.366722679960958,6.37,measured_success,202
555,ppo,1000555,1103,diprotic,medium,acid,separated,2,3.429,2.548,0.03635671963293327,2,1,0.515,1,1,0,1,0,5,2,0.021929426701531973,7.52,4.6899999999999995,2.83,2.569929426701532,2.57,measured_success,202
555,ppo,1000555,1104,diprotic,far,base,separated,2,5.349,7.843,0.08469112844225415,42,23,0.01,0,0,0,0,0,50,42,0.16986682782286877,15.239999999999993,7.169999999999996,8.069999999999997,7.673133172177131,7.67,max_steps,202
555,ppo,1000555,1105,monoprotic,near,acid,single,1,6.715,6.466,0.031554649406404095,0,0,,1,0,0,1,0,22,0,0.09369800333304656,0.22000000000000006,0.22000000000000006,0.0,6.559698003333047,6.5600000000000005,measured_success,202
555,ppo,1000555,1106,triprotic,far,base,separated,3,5.799,9.685,0.08117641340365304,3,1,0.085,1,1,0,1,0,9,3,0.04309287029824738,15.200000000000001,1.56,13.64,9.728092870298248,9.73,measured_success,202
555,ppo,1000555,1107,monoprotic,medium,base,single,1,4.289,5.762,0.03398519412444019,4,2,0.085,1,1,0,1,0,7,4,0.02152567765921365,10.64,4.32,6.32,5.740474322340786,5.74,measured_success,202
555,ppo,1000555,1108,monoprotic,far,base,single,1,6.952,9.617,0.13368172881637935,4,1,0.06,1,0,0,1,0,6,4,0.050618907929802504,11.850000000000001,1.54,10.31,9.566381092070198,9.57,measured_success,202
555,ppo,1000555,1109,monoprotic,near,acid,single,1,5.658,5.169,0.03568520688827312,1,1,0.755,1,0,0,1,0,2,1,0.05217894742985951,2.26,1.51,0.75,5.11682105257014,5.12,measured_success,202
555,ppo,1000555,1110,diprotic,far,base,separated,2,4.038,7.452,0.12663725235103745,4,1,0.075,1,0,0,1,0,9,4,0.0754806736301834,22.16,3.07,19.09,7.3765193263698166,7.38,measured_success,202
555,ppo,1000555,1111,diprotic,medium,base,separated,2,2.336,3.269,0.060295202795390974,0,0,,1,0,0,1,0,3,0,0.0823083002632945,4.87,0.0,4.87,3.1866916997367056,3.19,measured_success,202
555,ppo,1000555,1112,diprotic,medium,acid,separated,2,3.656,2.807,0.1528591389917709,3,2,0.255,1,1,0,1,0,4,3,0.015151511342932356,5.66,4.38,1.28,2.7918484886570676,2.79,measured_success,202
555,ppo,1000555,1113,monoprotic,near,base,single,1,4.17,4.701,0.0496275531787179,1,0,1.13,1,0,0,1,0,2,1,0.056777303044978744,3.11,0.85,2.26,4.757777303044978,4.76,measured_success,202
555,ppo,1000555,1114,diprotic,medium,base,separated,2,3.106,4.862,0.0709305752437395,0,0,,1,0,0,1,0,11,0,0.06587089091497234,14.7,0.0,14.7,4.796129109085028,4.8,measured_success,202
555,ppo,1000555,1115,monoprotic,medium,acid,single,1,2.751,1.923,0.03429852745194587,2,0,0.515,1,1,0,1,0,2,2,0.043088661579445464,4.51,3.48,1.03,1.9660886615794455,1.97,measured_success,202
555,ppo,1000555,1116,diprotic,far,base,separated,2,7.193,11.142,0.049329268943293585,1,0,4.1,0,0,0,1,1,15,1,0.10277072832277767,14.77,6.569999999999999,8.2,11.244770728322777,11.24,measured_success,202
555,ppo,1000555,1117,triprotic,near,base,overlapping,3,2.798,3.287,0.08541564535315924,0,0,,1,0,0,1,0,2,0,0.07188694185497102,2.54,0.0,2.54,3.215113058145029,3.22,measured_success,202
555,ppo,1000555,1118,diprotic,far,base,overlapping,2,2.937,5.133,0.047753248247613726,3,2,0.065,1,0,0,1,0,5,3,0.054969135196224705,11.25,0.26,10.99,5.187969135196225,5.19,measured_success,202
555,ppo,1000555,1119,monoprotic,near,acid,single,1,7.128,6.532,0.14229408386089246,2,1,0.375,0,0,0,1,1,2,2,0.10077749681081016,2.26,1.51,0.75,6.63277749681081,6.63,measured_success,202
555,ppo,1000555,1120,diprotic,medium,base,separated,2,3.228,4.037,0.033446141187702706,0,0,,1,1,0,1,0,1,0,0.03773493655119875,2.26,0.0,2.26,3.999265063448801,4.0,measured_success,202
555,ppo,1000555,1121,diprotic,near,acid,separated,2,4.28,3.604,0.11770617624750025,0,0,,1,1,0,1,0,5,0,0.030047872711365997,6.27,6.27,0.0,3.634047872711366,3.63,measured_success,202
555,ppo,1000555,1122,diprotic,medium,acid,separated,2,5.271,3.355,0.07496221650556824,1,0,0.515,1,0,0,1,0,3,1,0.07297897638387907,7.89,7.89,0.0,3.282021023616121,3.2800000000000002,measured_success,202
555,ppo,1000555,1123,monoprotic,near,acid,single,1,6.705,6.288,0.14328985998897284,0,0,,1,0,0,1,0,1,0,0.05394632982333292,1.51,1.51,0.0,6.341946329823333,6.34,measured_success,202
555,ppo,1000555,1124,diprotic,near,acid,separated,2,2.998,2.575,0.04069268135519922,2,1,0.425,1,1,0,1,0,4,2,0.0424354549998025,4.42,2.54,1.88,2.6174354549998027,2.62,measured_success,202
555,ppo,1000555,1125,triprotic,near,base,overlapping,3,4.528,4.863,0.05705605155264733,2,1,0.315,1,1,0,1,0,4,2,0.012870255775504269,3.2,1.38,1.82,4.850129744224496,4.8500000000000005,measured_success,202
555,ppo,1000555,1126,triprotic,far,base,separated,3,3.34,7.338,0.06547139105912024,0,0,,1,0,0,1,0,3,0,0.060696163924226276,13.16,0.0,13.16,7.277303836075774,7.28,measured_success,202
555,ppo,1000555,1127,diprotic,far,base,overlapping,2,2.852,5.52,0.0546200009426165,6,2,0.015,1,1,0,1,0,12,6,0.026737843208611167,13.290000000000001,2.2399999999999998,11.05,5.493262156791388,5.49,measured_success,202
555,ppo,1000555,1128,diprotic,medium,acid,separated,2,5.924,4.283,0.03165483411580253,4,2,0.21,1,1,0,1,0,5,4,0.0373662181746619,8.34,6.119999999999999,2.22,4.320366218174662,4.32,measured_success,202
555,ppo,1000555,1129,monoprotic,far,base,single,1,2.304,4.596,0.07373562726175058,6,2,0.025,1,1,0,1,0,7,6,0.019064282760215434,8.34,1.81,6.53,4.576935717239785,4.58,measured_success,202
555,ppo,1000555,1130,diprotic,far,base,separated,2,3.223,5.616,0.08989168422339718,5,2,0.045,1,0,0,1,0,8,5,0.059978045820074044,14.84,1.88,12.959999999999999,5.675978045820074,5.68,measured_success,202
555,ppo,1000555,1131,diprotic,far,acid,separated,2,6.699,3.764,0.0727151947515003,0,0,,0,0,0,1,1,4,0,0.1004807456666188,13.21,13.21,0.0,3.8644807456666186,3.86,measured_success,202
555,ppo,1000555,1132,diprotic,near,acid,separated,2,3.974,3.664,0.03056573769951491,4,3,0.075,1,1,0,1,0,5,4,0.021480856996973774,3.4699999999999998,1.82,1.65,3.685480856996974,3.69,measured_success,202
555,ppo,1000555,1133,monoprotic,medium,acid,single,1,6.711,4.738,0.08584298810743227,6,4,0.02,1,0,0,1,0,13,6,0.07656133718097013,13.139999999999999,7.539999999999999,5.6,4.814561337180971,4.8100000000000005,measured_success,202
555,ppo,1000555,1134,monoprotic,medium,acid,single,1,3.004,1.501,0.05973233098276648,0,0,,1,0,0,1,0,6,0,0.0755576398924771,10.929999999999998,10.929999999999998,0.0,1.576557639892477,1.58,measured_success,202
555,ppo,1000555,1135,monoprotic,near,base,single,1,2.132,2.768,0.118079418196782,0,0,,1,1,0,1,0,5,0,0.048788914069588074,5.16,0.0,5.16,2.7192110859304117,2.72,measured_success,202
555,ppo,1000555,1136,diprotic,medium,acid,separated,2,5.0,4.145,0.13910447309162455,0,0,,1,0,0,1,0,6,0,0.09835955546708064,8.49,8.49,0.0,4.24335955546708,4.24,measured_success,202
555,ppo,1000555,1137,diprotic,medium,base,separated,2,4.5,6.273,0.105428282356818,3,1,0.14,1,0,0,1,0,7,3,0.0794195099581394,9.190000000000001,1.5400000000000003,7.65,6.352419509958139,6.3500000000000005,measured_success,202
555,ppo,1000555,1138,diprotic,far,base,separated,2,4.236,6.711,0.031553727343485216,2,1,0.13,1,1,0,1,0,3,1,0.0035239526114381192,6.04,0.26,5.78,6.714523952611438,6.71,measured_success,202
555,ppo,1000555,1139,monoprotic,near,acid,single,1,5.775,5.495,0.03701897635853313,0,0,,1,0,0,1,0,27,0,0.09857999491245462,0.2700000000000001,0.2700000000000001,0.0,5.593579994912455,5.59,measured_success,202
555,ppo,1000555,1140,monoprotic,medium,acid,single,1,5.972,4.651,0.09185593655219278,4,2,0.065,1,1,0,1,0,6,4,0.03301710535989244,7.459999999999999,5.9399999999999995,1.52,4.684017105359892,4.68,measured_success,202
555,ppo,1000555,1141,monoprotic,medium,base,single,1,6.231,7.871,0.03169616316921337,3,1,0.155,1,0,0,1,0,5,3,0.08941067156792393,10.61,4.42,6.1899999999999995,7.960410671567924,7.96,measured_success,202
555,ppo,1000555,1142,diprotic,medium,acid,separated,2,4.333,2.666,0.043910698400519754,3,1,0.13,1,1,0,1,0,4,3,0.04006153394445944,6.4799999999999995,5.319999999999999,1.1600000000000001,2.6259384660555405,2.63,measured_success,202
555,ppo,1000555,1143,diprotic,medium,base,separated,2,6.39,7.973,0.10896594075287101,6,2,0.015,1,1,0,1,0,8,6,0.013005448884670479,10.510000000000002,4.560000000000001,5.95,7.959994551115329,7.96,measured_success,202
555,ppo,1000555,1144,diprotic,medium,acid,separated,2,4.771,3.951,0.031137414479113612,3,1,0.38,1,1,0,1,0,4,2,0.0012486975985681603,7.96,4.63,3.33,3.9522486975985682,3.95,measured_success,202
555,ppo,1000555,1145,diprotic,medium,acid,separated,2,4.472,3.563,0.046276954167352634,0,0,,1,1,0,1,0,1,0,0.04475048695869921,3.87,3.87,0.0,3.6077504869586994,3.61,measured_success,202
555,ppo,1000555,1146,diprotic,far,base,separated,2,3.611,7.603,0.10048880408492437,42,22,0.01,0,0,1,0,0,50,42,0.5680889460531287,15.31999999999999,4.279999999999997,11.039999999999994,7.034911053946871,7.03,max_steps,202
555,ppo,1000555,1147,monoprotic,medium,acid,single,1,8.492,7.018,0.07802495736219574,0,0,,0,0,1,0,0,50,0,1.243033814323252,1.500000000000001,1.500000000000001,0.0,8.261033814323252,8.26,max_steps,202
555,ppo,1000555,1148,monoprotic,medium,acid,single,1,5.736,4.593,0.14444376848990062,0,0,,1,0,0,1,0,6,0,0.06032669088065745,9.22,9.22,0.0,4.653326690880657,4.65,measured_success,202
555,ppo,1000555,1149,diprotic,medium,acid,separated,2,2.336,1.53,0.03732781960603923,0,0,,1,0,0,1,0,2,0,0.06274843881060899,5.28,5.28,0.0,1.592748438810609,1.59,measured_success,202
555,ppo,1000555,1150,diprotic,medium,base,separated,2,4.942,5.927,0.05569647873330177,2,1,0.395,1,1,0,1,0,4,2,0.021459433528214333,4.99,0.79,4.2,5.905540566471785,5.91,measured_success,202
555,ppo,1000555,1151,monoprotic,near,acid,single,1,3.02,2.813,0.08263338584628033,1,0,0.755,1,1,0,1,0,1,1,0.001032254359340623,1.51,1.51,0.0,2.8119677456406595,2.81,measured_success,202
555,ppo,1000555,1152,diprotic,far,base,overlapping,2,3.926,6.675,0.03263737790916517,45,24,0.01,0,0,1,0,0,50,45,2.669650913490682,14.269999999999992,6.589999999999997,7.679999999999996,9.344650913490682,9.34,max_steps,202
555,ppo,1000555,1153,diprotic,medium,acid,separated,2,3.177,2.25,0.04583818962708966,3,1,0.255,1,0,0,1,0,4,3,0.0716473316809827,7.21,4.38,2.83,2.1783526683190173,2.18,measured_success,202
555,ppo,1000555,1154,triprotic,medium,acid,separated,3,6.686,5.362,0.08016360069383692,0,0,,1,0,0,1,0,5,0,0.09989094666600806,7.64,7.64,0.0,5.461890946666008,5.46,measured_success,202
555,ppo,1000555,1155,diprotic,near,base,separated,2,3.378,3.917,0.15231072289251832,0,0,,1,0,0,1,0,3,0,0.052104846806992455,3.92,0.0,3.92,3.8648951531930074,3.86,measured_success,202
555,ppo,1000555,1156,monoprotic,near,base,single,1,4.316,4.673,0.07623828756802473,1,0,0.755,1,1,0,1,0,1,1,0.01891534408457396,1.51,0.0,1.51,4.691915344084574,4.69,measured_success,202
555,ppo,1000555,1157,monoprotic,near,acid,single,1,5.839,5.447,0.05047331081908072,0,0,,1,1,0,1,0,1,0,0.015718503812562012,1.51,1.51,0.0,5.462718503812562,5.46,measured_success,202
555,ppo,1000555,1158,diprotic,medium,acid,separated,2,4.359,3.541,0.13673408540298032,0,0,,0,0,0,1,1,9,0,0.10357062901371039,11.650000000000002,11.650000000000002,0.0,3.6445706290137103,3.64,measured_success,202
555,ppo,1000555,1159,monoprotic,near,base,single,1,6.113,6.793,0.162600285165522,0,0,,1,1,0,1,0,2,0,0.024049095485298544,3.42,0.0,3.42,6.768950904514702,6.7700000000000005,measured_success,202
555,ppo,1000555,1160,triprotic,medium,acid,separated,3,4.122,2.128,0.04595710178243554,1,0,0.515,1,1,0,1,0,3,1,0.009694727289148553,8.01,8.01,0.0,2.1183052727108516,2.12,measured_success,202
555,ppo,1000555,1161,monoprotic,medium,acid,single,1,7.823,6.594,0.03165533316671369,4,4,0.075,1,1,0,1,0,20,4,0.027695951177462597,5.02,2.809999999999999,2.21,6.621695951177463,6.62,measured_success,202
555,ppo,1000555,1162,diprotic,far,base,separated,2,5.503,9.402,0.05840953697269393,6,3,0.015,1,1,0,1,0,10,6,0.04045394110464251,12.25,2.2199999999999998,10.03,9.361546058895357,9.36,measured_success,202
555,ppo,1000555,1163,diprotic,near,acid,separated,2,5.257,4.746,0.09903835425787275,0,0,,1,0,0,1,0,2,0,0.06516591929202953,2.36,2.36,0.0,4.81116591929203,4.8100000000000005,measured_success,202
555,ppo,1000555,1164,monoprotic,far,base,single,1,4.625,7.57,0.06873044036114112,3,1,0.425,1,0,0,1,0,9,3,0.08982956771831141,12.98,4.07,8.91,7.659829567718312,7.66,measured_success,202
555,ppo,1000555,1165,triprotic,near,acid,overlapping,3,3.569,2.883,0.17706510572417913,0,0,,1,0,0,1,0,16,0,0.08697182391517799,17.11,17.11,0.0,2.969971823915178,2.97,measured_success,202
555,ppo,1000555,1166,diprotic,near,base,separated,2,5.209,5.883,0.06482565360610514,3,0,0.18,1,0,0,1,0,4,3,0.06671761214497973,3.6399999999999997,1.02,2.6199999999999997,5.94971761214498,5.95,measured_success,202
555,ppo,1000555,1167,monoprotic,far,acid,single,1,8.257,5.173,0.039676316411497346,3,0,0.385,1,1,0,1,0,24,3,0.02983901706550185,9.41,7.25,2.16,5.143160982934498,5.14,measured_success,202
555,ppo,1000555,1168,monoprotic,medium,base,single,1,6.879,7.712,0.03147763326180188,2,0,0.185,1,0,0,1,0,5,2,0.0689380410709699,4.140000000000001,1.85,2.29,7.64306195892903,7.640000000000001,measured_success,202
555,ppo,1000555,1169,triprotic,near,base,separated,3,4.271,4.61,0.169995544090128,0,0,,1,0,0,1,0,3,0,0.06963646329993889,2.8899999999999997,0.0,2.8899999999999997,4.540363536700061,4.54,measured_success,202
555,ppo,1000555,1170,diprotic,far,acid,separated,2,5.997,3.851,0.11510488616533462,0,0,,1,0,0,1,0,8,0,0.08579603849278783,18.94,18.94,0.0,3.936796038492788,3.94,measured_success,202
555,ppo,1000555,1171,monoprotic,medium,base,single,1,4.72,6.105,0.03280337402681814,4,1,0.06,1,0,0,1,0,8,4,0.08346180528192093,10.4,4.500000000000001,5.8999999999999995,6.0215381947180795,6.0200000000000005,measured_success,202
555,ppo,1000555,1172,triprotic,medium,acid,separated,3,4.802,3.334,0.1529194524297632,0,0,,1,0,0,1,0,14,0,0.0875106835238193,19.32999999999999,19.32999999999999,0.0,3.4215106835238194,3.42,measured_success,202
555,ppo,1000555,1173,diprotic,medium,acid,separated,2,2.787,1.819,0.04213204379532802,1,0,0.9,1,1,0,1,0,2,1,0.046147849827955056,5.67,5.67,0.0,1.772852150172045,1.77,measured_success,202
555,ppo,1000555,1174,monoprotic,medium,base,single,1,2.42,3.887,0.05215654662546633,2,1,1.31,1,1,0,1,0,5,2,0.04744095864261455,9.35,2.62,6.7299999999999995,3.8395590413573855,3.84,measured_success,202
555,ppo,1000555,1175,monoprotic,medium,acid,single,1,5.116,3.59,0.03541285778903711,5,1,0.09,1,0,0,1,0,7,5,0.07555624599047661,10.86,6.269999999999999,4.59,3.5144437540095232,3.5100000000000002,measured_success,202
555,ppo,1000555,1176,monoprotic,near,base,single,1,4.214,4.672,0.14351829585928863,0,0,,1,1,0,1,0,2,0,0.00701551601952044,3.29,0.0,3.29,4.664984483980479,4.66,measured_success,202
555,ppo,1000555,1177,monoprotic,near,base,single,1,3.857,4.158,0.04255446560724258,2,1,0.375,1,1,0,1,0,2,2,0.014806698189185674,2.26,0.75,1.51,4.143193301810815,4.14,measured_success,202
555,ppo,1000555,1178,diprotic,far,acid,separated,2,6.549,2.678,0.046972923979086895,1,0,3.93,1,0,0,1,0,4,1,0.0668898328346943,9.57,7.86,1.71,2.6111101671653056,2.61,measured_success,202
555,ppo,1000555,1179,triprotic,medium,base,separated,3,6.019,7.518,0.09236693978919522,2,1,0.315,1,0,0,1,0,5,2,0.0891615853561385,10.430000000000001,0.63,9.8,7.428838414643861,7.43,measured_success,202
555,ppo,1000555,1180,diprotic,far,base,separated,2,3.205,5.422,0.10812941297792,1,0,0.425,1,1,0,1,0,9,1,0.0492269171832449,13.48,0.59,12.89,5.471226917183245,5.47,measured_success,202
555,ppo,1000555,1181,monoprotic,near,base,single,1,6.574,7.109,0.09414173128108423,3,2,0.155,1,0,0,1,0,5,3,0.05704643274718535,4.0600000000000005,1.63,2.43,7.166046432747185,7.17,measured_success,202
555,ppo,1000555,1182,monoprotic,medium,base,single,1,6.104,7.357,0.07943653226039542,0,0,,1,0,0,1,0,3,0,0.08624177843266789,6.79,0.0,6.79,7.270758221567332,7.2700000000000005,measured_success,202
555,ppo,1000555,1183,monoprotic,medium,acid,single,1,6.771,5.246,0.03559541851274231,5,4,0.04,1,0,0,1,0,11,5,0.08029434700713445,9.739999999999998,5.52,4.22,5.165705652992866,5.17,measured_success,202
555,ppo,1000555,1184,monoprotic,medium,base,single,1,1.877,3.581,0.05892697595429634,4,0,0.115,1,0,0,1,0,4,4,0.07453635275135584,7.64,1.76,5.88,3.506463647248644,3.5100000000000002,measured_success,202
555,ppo,1000555,1185,diprotic,medium,base,separated,2,4.345,5.838,0.17052340923324716,0,0,,1,0,0,1,0,7,0,0.08298259556539112,10.98,0.0,10.98,5.755017404434609,5.76,measured_success,202
555,ppo,1000555,1186,monoprotic,medium,base,single,1,8.861,9.631,0.05752901437710821,1,0,0.085,1,0,0,1,0,7,1,0.09365999539159375,1.19,0.0,1.19,9.724659995391594,9.72,measured_success,202
555,ppo,1000555,1187,monoprotic,near,base,single,1,3.307,3.909,0.11697176313791212,2,0,0.425,1,1,0,1,0,2,2,0.018824884672008046,3.11,0.85,2.26,3.8901751153279918,3.89,measured_success,202
555,ppo,1000555,1188,monoprotic,near,acid,single,1,8.219,7.867,0.13908889297470467,0,0,,0,0,0,0,0,50,0,0.28092401248679,0.5000000000000002,0.5000000000000002,0.0,8.14792401248679,8.15,max_steps,202
555,ppo,1000555,1189,diprotic,far,acid,separated,2,7.472,4.783,0.05370233784135965,1,0,0.315,1,1,0,1,0,3,1,0.02864147704699338,9.33,9.33,0.0,4.754358522953007,4.75,measured_success,202
555,ppo,1000555,1190,monoprotic,medium,acid,single,1,7.067,6.238,0.048157439032571345,2,0,0.425,1,1,0,1,0,2,2,0.025300014328224485,2.97,2.12,0.85,6.263300014328225,6.26,measured_success,202
555,ppo,1000555,1191,monoprotic,far,acid,single,1,6.149,3.265,0.1766141565920918,4,4,0.105,1,1,0,1,0,10,4,0.025680947527137565,21.740000000000006,18.880000000000006,2.86,3.2906809475271377,3.29,measured_success,202
555,ppo,1000555,1192,monoprotic,near,acid,single,1,6.361,5.696,0.06823614775580931,0,0,,1,0,0,1,0,3,0,0.09448377917557593,2.45,2.45,0.0,5.790483779175576,5.79,measured_success,202
555,ppo,1000555,1193,triprotic,far,base,separated,3,3.486,7.331,0.059117763269320264,0,0,,1,0,0,1,0,8,0,0.07535519020202042,19.89,0.0,19.89,7.25564480979798,7.26,measured_success,202
555,ppo,1000555,1194,monoprotic,far,acid,single,1,7.124,3.769,0.03098578952148226,6,3,0.075,1,0,0,1,0,9,6,0.07365245042268942,18.86,10.090000000000002,8.77,3.8426524504226895,3.84,measured_success,202
555,ppo,1000555,1195,triprotic,medium,base,separated,3,2.85,4.461,0.03016697363392925,1,0,2.625,1,0,0,1,0,1,1,0.054723604139162774,5.25,0.0,5.25,4.515723604139163,4.5200000000000005,measured_success,202
555,ppo,1000555,1196,triprotic,medium,base,separated,3,2.832,3.637,0.03583603916473462,1,0,1.13,1,1,0,1,0,1,1,0.025007363866219823,2.26,0.0,2.26,3.66200736386622,3.66,measured_success,202
555,ppo,1000555,1197,monoprotic,near,base,single,1,2.372,2.65,0.16765824732139784,0,0,,1,0,0,1,0,1,0,0.08673926465786286,1.51,0.0,1.51,2.563260735342137,2.56,measured_success,202
555,ppo,1000555,1198,diprotic,near,base,separated,2,3.398,4.093,0.047447447892261504,0,0,,1,1,0,1,0,1,0,0.0034336253136952877,2.26,0.0,2.26,4.089566374686305,4.09,measured_success,202
555,ppo,1000555,1199,monoprotic,near,base,single,1,2.663,2.878,0.17520689773515163,0,0,,1,1,0,1,0,2,0,0.02666080917395508,2.54,0.0,2.54,2.851339190826045,2.85,measured_success,202
555,ppo,1000555,1200,monoprotic,medium,acid,single,1,4.164,3.418,0.05766064275909657,2,1,0.87,1,1,0,1,0,2,2,0.030535369233589904,5.22,3.48,1.74,3.44853536923359,3.45,measured_success,202
555,ppo,1000555,1201,diprotic,medium,base,separated,2,3.415,4.332,0.11669111227648245,1,0,1.13,1,0,0,1,0,1,1,0.0559912101239588,2.26,0.0,2.26,4.387991210123959,4.39,measured_success,202
555,ppo,1000555,1202,monoprotic,medium,acid,single,1,4.248,3.161,0.06609228133883706,4,2,0.21,1,0,0,1,0,5,4,0.06607414616332763,7.15,4.93,2.22,3.2270741461633277,3.23,measured_success,202
555,ppo,1000555,1203,diprotic,near,base,separated,2,3.866,4.251,0.030661864906479916,3,1,0.155,1,1,0,1,0,4,3,0.004433492519299698,3.2,1.38,1.82,4.2554334925193,4.26,measured_success,202
555,ppo,1000555,1204,monoprotic,near,acid,single,1,3.771,3.36,0.13706317423625294,0,0,,1,0,0,1,0,4,0,0.05936804512549054,4.0200000000000005,4.0200000000000005,0.0,3.4193680451254904,3.42,measured_success,202
555,ppo,1000555,1205,monoprotic,medium,base,single,1,6.592,8.424,0.08854917048485825,4,2,0.075,1,1,0,1,0,9,4,0.001624147445348001,13.0,5.390000000000001,7.61,8.422375852554651,8.42,measured_success,202
555,ppo,1000555,1206,triprotic,medium,acid,separated,3,4.545,2.78,0.12409772730294719,0,0,,1,1,0,1,0,5,0,0.04186063673285512,13.450000000000001,13.450000000000001,0.0,2.821860636732855,2.82,measured_success,202
555,ppo,1000555,1207,monoprotic,medium,acid,single,1,3.553,1.637,0.04378665665756612,0,0,,1,0,0,1,0,2,0,0.0968036930658629,5.6899999999999995,5.6899999999999995,0.0,1.733803693065863,1.73,measured_success,202
555,ppo,1000555,1208,monoprotic,medium,base,single,1,4.44,5.453,0.15822320119141509,0,0,,1,0,0,1,0,8,0,0.06704388938451356,6.469999999999998,0.0,6.469999999999998,5.385956110615487,5.39,measured_success,202
555,ppo,1000555,1209,diprotic,near,acid,separated,2,6.616,6.338,0.035084922180777356,0,0,,0,0,0,0,0,50,0,0.11134855700578061,0.5000000000000002,0.5000000000000002,0.0,6.449348557005781,6.45,max_steps,202
555,ppo,1000555,1210,diprotic,medium,acid,separated,2,4.338,2.737,0.033616431729842564,1,0,2.53,1,1,0,1,0,4,1,0.032208180177740076,6.539999999999999,5.06,1.48,2.70479181982226,2.7,measured_success,202
555,ppo,1000555,1211,diprotic,near,acid,separated,2,4.845,4.533,0.05754899349682123,2,1,0.375,1,1,0,1,0,2,2,0.044969146830763584,2.26,1.51,0.75,4.577969146830764,4.58,measured_success,202
555,ppo,1000555,1212,diprotic,medium,base,overlapping,2,1.784,3.381,0.034511309933330195,5,2,0.065,1,1,0,1,0,6,5,0.029916419217127288,8.35,1.8,6.55,3.410916419217127,3.41,measured_success,202
555,ppo,1000555,1213,triprotic,near,base,separated,3,7.879,8.129,0.1521842504206971,0,0,,0,0,0,0,0,50,0,0.2099221574770347,0.5000000000000002,0.0,0.5000000000000002,7.919077842522965,7.92,max_steps,202
555,ppo,1000555,1214,monoprotic,medium,acid,single,1,5.234,4.112,0.034222469678682574,6,4,0.035,1,1,0,1,0,8,6,0.03835173468369746,9.61,5.5,4.11,4.150351734683698,4.15,measured_success,202
555,ppo,1000555,1215,monoprotic,medium,acid,single,1,5.585,3.754,0.0401469439056769,4,3,0.155,1,1,0,1,0,10,4,0.0418060545339185,15.079999999999998,7.6899999999999995,7.39,3.7958060545339185,3.8000000000000003,measured_success,202
555,ppo,1000555,1216,diprotic,medium,base,separated,2,4.689,5.929,0.030359314567564945,4,2,0.155,1,0,0,1,0,6,4,0.0803592934253956,10.49,4.46,6.03,5.848640706574605,5.8500000000000005,measured_success,202
555,ppo,1000555,1217,monoprotic,far,acid,single,1,6.18,2.33,0.03306297686248416,1,0,3.93,1,1,0,1,0,13,1,0.007834053714497635,13.969999999999999,7.86,6.109999999999999,2.3221659462855024,2.32,measured_success,202
555,ppo,1000555,1218,diprotic,near,acid,separated,2,2.853,2.552,0.031003526906785664,2,1,0.375,1,1,0,1,0,2,2,0.00939761696404906,2.26,1.51,0.75,2.561397616964049,2.56,measured_success,202
555,ppo,1000555,1219,monoprotic,medium,base,single,1,5.976,7.133,0.03931542112378891,4,0,0.155,1,0,0,1,0,4,4,0.05926621651977104,6.51,1.84,4.67,7.073733783480229,7.07,measured_success,202
555,ppo,1000555,1220,monoprotic,medium,acid,single,1,2.805,1.962,0.11015039196810765,0,0,,1,0,0,1,0,1,0,0.08698126492241243,3.48,3.48,0.0,2.0489812649224124,2.05,measured_success,202
555,ppo,1000555,1221,triprotic,medium,base,overlapping,3,2.773,3.867,0.05804973219043709,0,0,,1,0,0,1,0,12,0,0.09500531113522559,8.479999999999999,0.0,8.479999999999999,3.7719946888647744,3.77,measured_success,202
555,ppo,1000555,1222,diprotic,medium,acid,overlapping,2,3.97,2.643,0.12293466549209016,0,0,,1,0,0,1,0,11,0,0.08213960477829829,17.32,17.32,0.0,2.725139604778298,2.73,measured_success,202
555,ppo,1000555,1223,triprotic,medium,acid,separated,3,3.688,1.933,0.09981852051319022,0,0,,1,0,0,1,0,6,0,0.06042883758228812,13.049999999999997,13.049999999999997,0.0,1.9934288375822882,1.99,measured_success,202
555,ppo,1000555,1224,monoprotic,far,acid,single,1,6.074,3.213,0.15194443729094198,3,1,0.09,1,0,0,1,0,7,3,0.09717853688535616,13.190000000000001,10.540000000000001,2.65,3.115821463114644,3.12,measured_success,202
555,ppo,1000555,1225,monoprotic,medium,acid,single,1,6.117,4.823,0.033723421646138285,7,5,0.025,1,0,0,1,0,10,7,0.07094827677494919,9.599999999999998,4.9799999999999995,4.619999999999999,4.752051723225051,4.75,measured_success,202
555,ppo,1000555,1226,diprotic,medium,base,overlapping,2,4.71,5.829,0.04505206468535171,5,4,0.065,1,0,0,1,0,9,5,0.09332751059623323,10.459999999999999,4.859999999999999,5.6,5.922327510596233,5.92,measured_success,202
555,ppo,1000555,1227,triprotic,medium,acid,separated,3,5.354,3.983,0.07443745524300739,0,0,,1,1,0,1,0,2,0,0.0034619501218746684,4.5,4.5,0.0,3.9864619501218748,3.99,measured_success,202
555,ppo,1000555,1228,diprotic,far,base,separated,2,2.331,5.624,0.07375062573175789,6,3,0.015,1,1,0,1,0,12,6,0.0024477359267267573,16.64,3.3899999999999997,13.25,5.621552264073273,5.62,measured_success,202
555,ppo,1000555,1229,diprotic,medium,base,overlapping,2,3.85,4.919,0.15804117974423423,0,0,,1,0,0,1,0,2,0,0.06176443387354791,4.57,0.0,4.57,4.857235566126452,4.86,measured_success,202
555,ppo,1000555,1230,diprotic,near,acid,overlapping,2,4.253,4.047,0.11435544006914117,2,1,0.375,1,0,0,1,0,2,2,0.07370180713684338,2.26,1.51,0.75,4.120701807136843,4.12,measured_success,202
555,ppo,1000555,1231,monoprotic,near,acid,single,1,5.894,5.661,0.07264700711762172,0,0,,0,0,0,1,1,17,0,0.10152403787033037,0.17,0.17,0.0,5.76252403787033,5.76,measured_success,202
555,ppo,1000555,1232,triprotic,far,acid,separated,3,6.729,3.974,0.07717622168839801,0,0,,1,0,0,1,0,6,0,0.06780222921057089,14.97,14.97,0.0,4.041802229210571,4.04,measured_success,202
555,ppo,1000555,1233,monoprotic,medium,base,single,1,7.073,7.868,0.1776465901469029,4,2,0.075,1,0,0,1,0,5,4,0.05067355864909828,3.5200000000000005,0.78,2.74,7.817326441350902,7.82,measured_success,202
555,ppo,1000555,1234,monoprotic,medium,acid,single,1,6.623,4.682,0.08425237772006146,3,0,0.425,1,1,0,1,0,5,3,0.03117047018593233,10.03,5.909999999999999,4.12,4.650829529814068,4.65,measured_success,202
555,ppo,1000555,1235,monoprotic,medium,acid,single,1,6.55,5.807,0.05763029017458928,4,2,0.075,1,1,0,1,0,5,4,0.03109548305428511,3.03,2.13,0.9,5.8380954830542855,5.84,measured_success,202
555,ppo,1000555,1236,triprotic,far,base,separated,3,2.287,4.441,0.041962306803695434,0,0,,1,1,0,1,0,4,0,0.018947906152933847,6.949999999999999,0.0,6.949999999999999,4.422052093847066,4.42,measured_success,202
555,ppo,1000555,1237,diprotic,near,base,separated,2,2.947,3.519,0.1689114676904593,0,0,,1,0,0,1,0,2,0,0.09207681035214854,3.29,0.0,3.29,3.4269231896478516,3.43,measured_success,202
555,ppo,1000555,1238,monoprotic,medium,base,single,1,5.678,7.226,0.058291366132017505,6,4,0.035,1,1,0,1,0,7,6,0.02781105115376814,9.18,3.0,6.180000000000001,7.198188948846232,7.2,measured_success,202
555,ppo,1000555,1239,diprotic,far,acid,separated,2,6.075,2.998,0.14873519819965017,0,0,,1,0,0,1,0,6,0,0.05089337444070541,20.490000000000002,20.490000000000002,0.0,3.0488933744407056,3.0500000000000003,measured_success,202
555,ppo,1000555,1240,diprotic,near,base,separated,2,5.878,6.399,0.03476072502573323,1,0,1.06,1,1,0,1,0,2,1,0.004186058527834824,2.97,0.85,2.12,6.403186058527835,6.4,measured_success,202
555,ppo,1000555,1241,monoprotic,medium,base,single,1,7.414,8.135,0.09424789853809803,1,0,0.65,1,1,0,1,0,2,1,0.030741059754996414,3.42,0.0,3.42,8.165741059754996,8.17,measured_success,202
555,ppo,1000555,1242,monoprotic,far,acid,single,1,6.61,4.42,0.03958971204419979,6,2,0.03,1,1,0,1,0,11,6,0.031135776154105343,13.5,6.909999999999999,6.59,4.451135776154105,4.45,measured_success,202
555,ppo,1000555,1243,triprotic,near,acid,separated,3,6.831,6.382,0.12057536209447973,0,0,,1,1,0,1,0,2,0,0.01628895682141618,2.14,2.14,0.0,6.398288956821416,6.4,measured_success,202
555,ppo,1000555,1244,diprotic,medium,base,separated,2,2.467,3.291,0.04644775439304919,0,0,,1,0,0,1,0,1,0,0.057238948548227864,2.26,0.0,2.26,3.233761051451772,3.23,measured_success,202
555,ppo,1000555,1245,monoprotic,near,acid,single,1,3.801,3.496,0.062263626799609666,1,0,0.755,1,1,0,1,0,1,1,0.01698575459855567,1.51,1.51,0.0,3.4790142454014443,3.48,measured_success,202
555,ppo,1000555,1246,monoprotic,far,base,single,1,5.545,7.582,0.11856369932754901,3,0,0.18,1,0,0,1,0,13,3,0.07055792259935156,8.850000000000001,1.12,7.73,7.652557922599351,7.65,measured_success,202
555,ppo,1000555,1247,diprotic,near,base,separated,2,3.743,4.209,0.09291521159865197,0,0,,1,0,0,1,0,4,0,0.08684960684623988,3.21,0.0,3.21,4.12215039315376,4.12,measured_success,202
555,ppo,1000555,1248,diprotic,near,base,overlapping,2,5.657,5.967,0.11824988204697973,0,0,,0,0,0,0,0,50,0,0.17656689674114734,0.5000000000000002,0.0,0.5000000000000002,5.790433103258852,5.79,max_steps,202
555,ppo,1000555,1249,triprotic,near,acid,separated,3,3.014,2.585,0.16578276486711044,0,0,,1,1,0,1,0,3,0,0.044403818909225734,4.0,4.0,0.0,2.6294038189092257,2.63,measured_success,202
555,ppo,1000555,1250,diprotic,medium,base,separated,2,3.451,4.251,0.039097720240010715,1,1,0.515,1,1,0,1,0,3,1,0.042066257389797634,3.8,0.51,3.29,4.293066257389798,4.29,measured_success,202
555,ppo,1000555,1251,diprotic,far,base,separated,2,2.652,5.788,0.12301884146243765,0,0,,1,1,0,1,0,6,0,0.028441846761090517,19.200000000000003,0.0,19.200000000000003,5.75955815323891,5.76,measured_success,202
555,ppo,1000555,1252,diprotic,near,acid,separated,2,3.836,3.25,0.15977443016103748,0,0,,1,1,0,1,0,4,0,0.017724290377852725,5.64,5.64,0.0,3.2677242903778527,3.27,measured_success,202
555,ppo,1000555,1253,monoprotic,medium,base,single,1,5.136,6.955,0.16837101975248736,5,3,0.055,1,0,0,1,0,8,5,0.052386144484271924,11.080000000000002,4.420000000000001,6.66,7.007386144484272,7.01,measured_success,202
555,ppo,1000555,1254,triprotic,near,base,separated,3,3.363,3.792,0.14477365134845563,1,0,0.755,1,1,0,1,0,1,1,0.022133160249893535,1.51,0.0,1.51,3.8141331602498934,3.81,measured_success,202
555,ppo,1000555,1255,monoprotic,medium,acid,single,1,6.514,4.55,0.11150245986230521,1,1,0.315,1,1,0,1,0,5,1,0.0031001281874898368,8.09,7.609999999999999,0.48,4.54689987181251,4.55,measured_success,202
555,ppo,1000555,1256,diprotic,medium,base,separated,2,3.388,4.184,0.07769075923447355,0,0,,1,0,0,1,0,2,0,0.050610037741942726,3.29,0.0,3.29,4.133389962258057,4.13,measured_success,202
555,ppo,1000555,1257,monoprotic,medium,base,single,1,3.561,4.973,0.0401353956366119,2,1,0.425,1,1,0,1,0,7,2,0.0068132903851632065,10.6,4.93,5.67,4.966186709614837,4.97,measured_success,202
555,ppo,1000555,1258,diprotic,near,base,separated,2,2.443,2.96,0.16886846750768958,0,0,,1,0,0,1,0,11,0,0.08621713737121262,6.099999999999998,0.0,6.099999999999998,2.8737828626287873,2.87,measured_success,202
555,ppo,1000555,1259,monoprotic,near,base,single,1,4.149,4.519,0.1506534412509886,0,0,,1,0,0,1,0,2,0,0.09279767613182344,2.36,0.0,2.36,4.426202323868177,4.43,measured_success,202
555,ppo,1000555,1260,diprotic,far,base,separated,2,5.245,8.449,0.13816002575398692,3,1,0.18,1,1,0,1,0,8,4,0.0027317743485486545,16.98,1.59,15.39,8.446268225651451,8.45,measured_success,202
555,ppo,1000555,1261,triprotic,near,acid,separated,3,6.337,5.932,0.06853845460341454,1,0,0.755,1,0,0,1,0,1,1,0.07156645269822803,1.51,1.51,0.0,5.860433547301772,5.86,measured_success,202
555,ppo,1000555,1262,triprotic,near,acid,overlapping,3,4.433,3.825,0.044954423260851306,0,0,,1,0,0,1,0,7,0,0.08243398218008391,5.49,5.49,0.0,3.907433982180084,3.91,measured_success,202
555,ppo,1000555,1263,diprotic,medium,acid,separated,2,3.024,2.086,0.08907530126770782,1,0,1.935,1,0,0,1,0,1,1,0.06543445412979798,3.87,3.87,0.0,2.020565545870202,2.02,measured_success,202
555,ppo,1000555,1264,diprotic,far,base,separated,2,4.381,6.678,0.0508601498163102,4,2,0.075,1,1,0,1,0,8,4,0.006202559572105137,12.7,5.830000000000001,6.869999999999999,6.671797440427895,6.67,measured_success,202
555,ppo,1000555,1265,diprotic,medium,acid,overlapping,2,2.69,1.626,0.03281442324315819,1,0,0.9,1,1,0,1,0,2,1,0.040142296982595305,5.67,5.67,0.0,1.5858577030174046,1.59,measured_success,202
555,ppo,1000555,1266,monoprotic,near,base,single,1,5.52,5.992,0.05188325173263855,1,0,1.06,1,0,0,1,0,3,1,0.05039876104018948,3.6,1.48,2.12,6.0423987610401895,6.04,measured_success,202
555,ppo,1000555,1267,triprotic,near,base,overlapping,3,1.918,2.238,0.10660435593308788,0,0,,1,0,0,1,0,2,0,0.09367866154745519,2.54,0.0,2.54,2.144321338452545,2.14,measured_success,202
555,ppo,1000555,1268,monoprotic,far,base,single,1,6.598,9.57,0.07209026760980142,45,25,0.01,0,0,0,0,0,50,45,0.13369422153507315,17.21999999999999,7.269999999999996,9.949999999999996,9.703694221535073,9.700000000000001,max_steps,202
555,ppo,1000555,1269,monoprotic,near,base,single,1,4.015,4.364,0.09901368067151685,0,0,,1,0,0,1,0,1,0,0.0747137672302225,1.51,0.0,1.51,4.289286232769777,4.29,measured_success,202
555,ppo,1000555,1270,triprotic,near,base,separated,3,4.281,4.926,0.10278117012141319,0,0,,1,0,0,1,0,9,0,0.08300096443946003,6.779999999999998,0.0,6.779999999999998,4.84299903556054,4.84,measured_success,202
555,ppo,1000555,1271,monoprotic,medium,base,single,1,5.589,7.152,0.0358977154712777,6,4,0.015,1,1,0,1,0,11,6,0.03677846278692609,12.470000000000002,5.8900000000000015,6.58,7.115221537213074,7.12,measured_success,202
555,ppo,1000555,1272,diprotic,medium,acid,separated,2,6.467,5.365,0.03997011947763571,2,0,0.425,1,1,0,1,0,3,2,0.022247337077640594,6.52,3.87,2.65,5.387247337077641,5.39,measured_success,202
555,ppo,1000555,1273,monoprotic,near,base,single,1,3.616,4.186,0.05114569837707347,0,0,,1,0,0,1,0,1,0,0.052472474292580173,2.26,0.0,2.26,4.13352752570742,4.13,measured_success,202
555,ppo,1000555,1274,triprotic,near,acid,separated,3,5.714,5.509,0.0672494515154826,0,0,,0,0,0,0,0,50,0,0.14109097747271626,0.5000000000000002,0.5000000000000002,0.0,5.650090977472717,5.65,max_steps,202
555,ppo,1000555,1275,diprotic,medium,acid,separated,2,3.849,1.956,0.15966516299612976,0,0,,1,1,0,1,0,3,0,0.026410311389920338,10.5,10.5,0.0,1.9824103113899203,1.98,measured_success,202
555,ppo,1000555,1276,triprotic,near,acid,separated,3,6.933,6.616,0.03702536883336404,0,0,,1,0,0,1,0,10,0,0.09479369443961616,0.09999999999999999,0.09999999999999999,0.0,6.710793694439616,6.71,measured_success,202
555,ppo,1000555,1277,monoprotic,medium,acid,single,1,8.825,7.251,0.04916815087456607,0,0,,0,0,1,0,0,50,0,1.1674410653525529,1.500000000000001,1.500000000000001,0.0,8.418441065352553,8.42,max_steps,202
555,ppo,1000555,1278,monoprotic,medium,base,single,1,2.885,4.123,0.14454049333030286,2,1,0.13,1,0,0,1,0,3,2,0.06332193145248777,6.04,0.26,5.78,4.0596780685475125,4.0600000000000005,measured_success,202
555,ppo,1000555,1279,monoprotic,far,acid,single,1,5.499,2.319,0.075938008156137,2,1,0.48,1,1,0,1,0,3,2,0.017060368730653863,8.95,7.99,0.96,2.336060368730654,2.34,measured_success,202
555,ppo,1000555,1280,monoprotic,near,acid,single,1,4.749,4.535,0.08605253273510304,1,1,0.755,1,0,0,1,0,2,1,0.05708547200081071,2.26,1.51,0.75,4.477914527999189,4.48,measured_success,202
555,ppo,1000555,1281,diprotic,medium,base,separated,2,6.648,8.438,0.041569663821648756,5,1,0.035,1,0,0,1,0,9,5,0.07892323323538797,10.780000000000001,4.830000000000002,5.95,8.516923233235389,8.52,measured_success,202
555,ppo,1000555,1282,diprotic,medium,acid,separated,2,6.016,5.164,0.15681997701893854,0,0,,1,0,0,1,0,4,0,0.06312079443266327,4.09,4.09,0.0,5.227120794432663,5.23,measured_success,202
555,ppo,1000555,1283,monoprotic,medium,base,single,1,3.9,5.485,0.03266291271838382,3,3,0.155,1,1,0,1,0,6,3,0.0065941722268254566,9.27,3.4,5.869999999999999,5.491594172226826,5.49,measured_success,202
555,ppo,1000555,1284,triprotic,medium,acid,separated,3,4.227,2.825,0.1791798912165097,0,0,,1,1,0,1,0,9,0,0.04979119742817151,18.41,18.41,0.0,2.8747911974281717,2.87,measured_success,202
555,ppo,1000555,1285,diprotic,near,base,separated,2,3.072,3.486,0.16702922834834252,0,0,,0,0,0,1,1,7,0,0.10086284762399123,4.859999999999999,0.0,4.859999999999999,3.385137152376009,3.39,measured_success,202
555,ppo,1000555,1286,monoprotic,medium,acid,single,1,7.689,6.95,0.042380727963373284,3,0,0.18,1,1,0,1,0,3,3,0.037715762373701445,3.33,2.48,0.85,6.912284237626299,6.91,measured_success,202
555,ppo,1000555,1287,triprotic,medium,base,separated,3,5.65,7.15,0.17529751075677089,1,0,0.425,1,1,0,1,0,5,1,0.028092719542183175,10.7,0.36,10.34,7.1780927195421835,7.18,measured_success,202
555,ppo,1000555,1288,triprotic,medium,acid,separated,3,7.804,6.543,0.04744419065872566,0,0,,1,0,0,1,0,4,0,0.059229719190537544,4.84,4.84,0.0,6.602229719190538,6.6000000000000005,measured_success,202
555,ppo,1000555,1289,diprotic,near,acid,separated,2,4.071,3.628,0.1383761209192085,0,0,,1,0,0,1,0,5,0,0.07914675445941377,4.550000000000001,4.550000000000001,0.0,3.707146754459414,3.71,measured_success,202
555,ppo,1000555,1290,monoprotic,medium,acid,single,1,3.897,2.575,0.04411146254250966,2,1,0.515,1,1,0,1,0,4,2,0.006098157799666382,7.21,4.38,2.83,2.5810981577996666,2.58,measured_success,202
555,ppo,1000555,1291,monoprotic,far,acid,single,1,5.605,2.624,0.03782230029909837,2,1,0.515,1,0,0,1,0,6,2,0.06438309742171322,11.2,6.79,4.41,2.6883830974217133,2.69,measured_success,202
555,ppo,1000555,1292,diprotic,near,base,separated,2,3.329,3.744,0.14942632051389632,0,0,,1,0,0,1,0,6,0,0.08717913980029257,4.55,0.0,4.55,3.6568208601997076,3.66,measured_success,202
555,ppo,1000555,1293,triprotic,near,base,separated,3,5.573,5.969,0.08226359266957282,1,0,1.06,1,1,0,1,0,1,1,0.04909925469642307,2.12,0.0,2.12,6.018099254696423,6.0200000000000005,measured_success,202
555,ppo,1000555,1294,monoprotic,near,acid,single,1,5.415,4.909,0.04347895191540538,2,1,0.375,1,0,0,1,0,2,2,0.057850765867011766,2.26,1.51,0.75,4.966850765867012,4.97,measured_success,202
555,ppo,1000555,1295,triprotic,far,acid,separated,3,5.07,2.613,0.06798452941090696,0,0,,1,1,0,1,0,6,0,0.028732037237563457,15.09,15.09,0.0,2.6417320372375634,2.64,measured_success,202
555,ppo,1000555,1296,diprotic,far,base,separated,2,6.85,9.477,0.0433700769237641,5,2,0.04,1,1,0,1,0,13,6,0.0014262993264786417,15.46,7.37,8.09,9.475573700673522,9.48,measured_success,202
555,ppo,1000555,1297,diprotic,far,base,separated,2,4.85,6.98,0.03050520170590186,7,3,0.01,1,1,0,1,0,11,7,0.01509604556988009,10.600000000000001,4.560000000000001,6.04,6.9950960455698805,7.0,measured_success,202
555,ppo,1000555,1298,triprotic,medium,acid,overlapping,3,5.854,4.615,0.08688422048612561,0,0,,1,0,0,1,0,4,0,0.08157513276558248,5.119999999999999,5.119999999999999,0.0,4.696575132765583,4.7,measured_success,202
555,ppo,1000555,1299,diprotic,near,acid,separated,2,3.386,3.163,0.09953458578375646,2,1,0.375,1,1,0,1,0,2,2,0.03193695192397383,2.26,1.51,0.75,3.1949369519239736,3.19,measured_success,202
555,ppo,1000555,1300,diprotic,medium,base,separated,2,6.032,7.257,0.052564784662792415,5,2,0.035,1,1,0,1,0,11,5,0.034723227303162574,10.64,4.920000000000001,5.72,7.291723227303162,7.29,measured_success,202
555,ppo,1000555,1301,monoprotic,near,acid,single,1,5.397,5.063,0.03214549603793066,3,2,0.13,1,0,0,1,0,4,3,0.07466233767354513,3.05,1.77,1.28,4.988337662326455,4.99,measured_success,202
555,ppo,1000555,1302,monoprotic,medium,base,single,1,8.179,10.167,0.14594175814567106,0,0,,0,0,1,0,0,50,0,1.2565289870105634,8.499999999999998,0.0,8.499999999999998,8.910471012989436,8.91,max_steps,202
555,ppo,1000555,1303,triprotic,medium,acid,separated,3,7.291,6.196,0.13691683344486508,0,0,,1,0,0,1,0,3,0,0.06164709531736534,4.81,4.81,0.0,6.257647095317365,6.26,measured_success,202
555,ppo,1000555,1304,monoprotic,far,base,single,1,6.042,9.483,0.06368924290481015,7,4,0.01,1,1,0,1,0,11,7,0.00414925446521508,14.23,6.82,7.41,9.487149254465216,9.49,measured_success,202
555,ppo,1000555,1305,triprotic,medium,base,separated,3,3.831,4.561,0.12104262412880427,0,0,,1,1,0,1,0,3,0,0.001956773221072794,4.6899999999999995,0.0,4.6899999999999995,4.559043226778927,4.5600000000000005,measured_success,202
555,ppo,1000555,1306,triprotic,medium,acid,separated,3,4.667,3.484,0.05996069657457364,1,0,0.515,1,0,0,1,0,3,1,0.050371998503109694,6.7,6.7,0.0,3.4336280014968903,3.43,measured_success,202
555,ppo,1000555,1307,diprotic,medium,base,separated,2,7.067,8.698,0.04793361090896903,3,2,0.155,1,1,0,1,0,13,3,0.0055536470215606926,12.36,5.520000000000001,6.839999999999999,8.703553647021561,8.700000000000001,measured_success,202
555,ppo,1000555,1308,diprotic,medium,base,separated,2,3.481,4.22,0.07068250960101574,2,1,0.395,0,0,0,1,1,3,2,0.10428513765668779,4.63,0.79,3.84,4.115714862343312,4.12,measured_success,202
555,ppo,1000555,1309,triprotic,near,base,separated,3,4.938,5.458,0.03840575691110309,0,0,,1,1,0,1,0,1,0,0.02417028904467422,2.12,0.0,2.12,5.433829710955326,5.43,measured_success,202
555,ppo,1000555,1310,monoprotic,medium,acid,single,1,9.37,7.749,0.13881425753642973,0,0,,0,0,1,0,0,50,0,1.0481878131745281,1.500000000000001,1.500000000000001,0.0,8.797187813174528,8.8,max_steps,202
555,ppo,1000555,1311,monoprotic,medium,base,single,1,8.065,9.28,0.06104055871207307,0,0,,1,0,0,1,0,11,0,0.052716375408857985,1.8699999999999997,0.0,1.8699999999999997,9.227283624591141,9.23,measured_success,202
555,ppo,1000555,1312,monoprotic,medium,acid,single,1,6.365,5.555,0.04283558025065054,0,0,,1,0,0,1,0,2,0,0.053381005420314764,2.14,2.14,0.0,5.6083810054203145,5.61,measured_success,202
555,ppo,1000555,1313,diprotic,far,base,separated,2,5.288,9.022,0.11337786270601637,6,3,0.02,1,1,0,1,0,9,6,0.016831687545058927,14.899999999999999,3.11,11.79,9.005168312454941,9.01,measured_success,202
555,ppo,1000555,1314,monoprotic,medium,acid,single,1,6.871,4.919,0.07139858210204245,0,0,,1,0,0,1,0,3,0,0.061843847422122344,8.04,8.04,0.0,4.980843847422122,4.98,measured_success,202
555,ppo,1000555,1315,monoprotic,near,base,single,1,6.879,7.271,0.07409989735299861,0,0,,1,1,0,1,0,1,0,0.020694445576117992,2.12,0.0,2.12,7.250305554423882,7.25,measured_success,202
555,ppo,1000555,1316,diprotic,medium,acid,separated,2,5.28,4.46,0.07155088277281839,0,0,,1,0,0,1,0,1,0,0.06921047737700103,2.18,2.18,0.0,4.529210477377001,4.53,measured_success,202
555,ppo,1000555,1317,diprotic,medium,acid,separated,2,4.324,3.094,0.04249509108409801,3,2,0.225,1,1,0,1,0,4,3,0.024814989069556592,7.0200000000000005,6.12,0.9,3.0691850109304433,3.0700000000000003,measured_success,202
555,ppo,1000555,1318,triprotic,near,acid,separated,3,6.955,6.503,0.030492998979584542,1,1,0.755,1,0,0,1,0,2,1,0.08120104070684597,2.26,1.51,0.75,6.421798959293154,6.42,measured_success,202
555,ppo,1000555,1319,diprotic,near,acid,separated,2,6.266,5.814,0.15951002053274013,0,0,,1,0,0,1,0,12,0,0.08296454904349204,5.289999999999998,5.289999999999998,0.0,5.896964549043492,5.9,measured_success,202
555,ppo,1000555,1320,diprotic,near,base,separated,2,5.568,5.913,0.13600359870760445,1,0,1.06,1,0,0,1,0,1,1,0.07683773614856726,2.12,0.0,2.12,5.9898377361485675,5.99,measured_success,202
555,ppo,1000555,1321,diprotic,medium,acid,separated,2,4.527,3.454,0.1042959940313576,0,0,,1,1,0,1,0,4,0,0.046618894192799853,7.55,7.55,0.0,3.5006188941928,3.5,measured_success,202
555,ppo,1000555,1322,diprotic,near,base,separated,2,3.335,3.863,0.05229485863869177,2,0,0.425,1,1,0,1,0,2,2,0.02180681193389189,3.11,0.85,2.26,3.841193188066108,3.84,measured_success,202
555,ppo,1000555,1323,monoprotic,near,base,single,1,4.608,5.186,0.10349433310293082,1,0,1.13,1,0,0,1,0,1,1,0.06684872781971762,2.26,0.0,2.26,5.252848727819718,5.25,measured_success,202
555,ppo,1000555,1324,diprotic,medium,base,separated,2,5.265,6.519,0.03717961211280535,7,4,0.01,1,1,0,1,0,12,7,0.006625032725628088,12.21,5.950000000000001,6.26,6.525625032725628,6.53,measured_success,202
555,ppo,1000555,1325,monoprotic,far,acid,single,1,4.832,1.994,0.07460597807129785,2,0,0.315,1,1,0,1,0,2,2,0.019743236444295986,6.7,6.07,0.63,2.013743236444296,2.0100000000000002,measured_success,202
555,ppo,1000555,1326,diprotic,medium,base,separated,2,6.246,8.115,0.12401757441590841,2,1,0.155,1,0,0,1,0,7,2,0.05425700027886471,10.850000000000001,1.31,9.540000000000001,8.060742999721136,8.06,measured_success,202
555,ppo,1000555,1327,monoprotic,medium,base,single,1,4.599,6.167,0.058022917043729215,4,1,0.075,1,0,0,1,0,8,4,0.09098703788408535,11.0,4.450000000000001,6.55,6.0760129621159145,6.08,measured_success,202
555,ppo,1000555,1328,diprotic,near,base,separated,2,3.137,3.57,0.10107043389389965,0,0,,1,0,0,1,0,3,0,0.06384336369566279,3.39,0.0,3.39,3.506156636304337,3.5100000000000002,measured_success,202
555,ppo,1000555,1329,diprotic,medium,base,separated,2,5.613,6.67,0.05945938559773625,0,0,,0,0,0,1,1,5,0,0.10251572970876488,5.55,0.0,5.55,6.567484270291235,6.57,measured_success,202
555,ppo,1000555,1330,diprotic,medium,acid,overlapping,2,4.022,2.194,0.15725604204568264,2,2,0.48,1,1,0,1,0,4,2,0.003946727677290873,8.419999999999998,7.459999999999999,0.96,2.197946727677291,2.2,measured_success,202
555,ppo,1000555,1331,diprotic,medium,base,separated,2,3.821,5.038,0.037283128100604135,6,3,0.02,1,1,0,1,0,11,6,0.0446190670129738,10.959999999999999,5.18,5.779999999999999,4.9933809329870265,4.99,measured_success,202
555,ppo,1000555,1332,diprotic,near,acid,separated,2,4.341,4.064,0.04686519187319347,2,1,0.375,1,1,0,1,0,2,2,0.02454437638949969,2.26,1.51,0.75,4.0885443763895,4.09,measured_success,202
555,ppo,1000555,1333,diprotic,medium,acid,separated,2,3.43,1.914,0.039595356728516995,0,0,,1,0,0,1,0,4,0,0.08322807967738233,9.049999999999999,9.049999999999999,0.0,1.9972280796773823,2.0,measured_success,202
555,ppo,1000555,1334,monoprotic,medium,acid,single,1,6.897,6.036,0.07164722799789373,1,0,0.315,1,1,0,1,0,2,1,0.01644184348822897,2.75,2.75,0.0,6.019558156511771,6.0200000000000005,measured_success,202
555,ppo,1000555,1335,monoprotic,near,acid,single,1,4.868,4.518,0.14029420274560844,0,0,,1,1,0,1,0,1,0,0.04021133842121127,1.51,1.51,0.0,4.558211338421211,4.5600000000000005,measured_success,202
555,ppo,1000555,1336,monoprotic,medium,acid,single,1,5.404,3.623,0.05861148211298022,5,2,0.075,1,0,0,1,0,8,5,0.08148693349886127,11.479999999999999,6.6899999999999995,4.789999999999999,3.541513066501139,3.54,measured_success,202
555,ppo,1000555,1337,diprotic,near,acid,separated,2,5.061,4.564,0.04298423201303859,0,0,,1,0,0,1,0,1,0,0.0684587131583676,1.51,1.51,0.0,4.632458713158368,4.63,measured_success,202
555,ppo,1000555,1338,monoprotic,near,base,single,1,7.884,8.402,0.0778612938035679,0,0,,1,1,0,1,0,1,0,0.023989222128337317,2.12,0.0,2.12,8.378010777871662,8.38,measured_success,202
555,ppo,1000555,1339,diprotic,near,base,separated,2,4.341,4.957,0.0960146952980054,0,0,,1,0,0,1,0,3,0,0.08017073477136183,4.6899999999999995,0.0,4.6899999999999995,4.876829265228638,4.88,measured_success,202
555,ppo,1000555,1340,monoprotic,far,base,single,1,3.86,7.197,0.13066359573994918,43,4,0.01,0,0,0,0,0,50,43,0.12615280406430696,18.14999999999999,3.1799999999999957,14.969999999999995,7.323152804064307,7.32,max_steps,202
555,ppo,1000555,1341,diprotic,far,base,separated,2,2.674,4.943,0.054908460622394295,5,2,0.035,1,0,0,1,0,8,5,0.0583348542863984,10.61,3.0,7.61,5.001334854286398,5.0,measured_success,202
555,ppo,1000555,1342,triprotic,medium,base,separated,3,5.728,7.265,0.04058379159880757,2,1,1.31,1,1,0,1,0,6,2,0.0015548641363123394,9.48,2.62,6.859999999999999,7.263445135863687,7.26,measured_success,202
555,ppo,1000555,1343,monoprotic,medium,acid,single,1,7.319,5.715,0.17875586003217234,1,0,0.155,1,1,0,1,0,10,1,0.036845161311390484,14.89,14.89,0.0,5.678154838688609,5.68,measured_success,202
555,ppo,1000555,1344,triprotic,medium,base,separated,3,2.536,3.787,0.06757496355903594,0,0,,1,1,0,1,0,1,0,0.03585384855252194,5.25,0.0,5.25,3.751146151447478,3.75,measured_success,202
555,ppo,1000555,1345,monoprotic,near,base,single,1,7.095,7.705,0.058021866665116884,0,0,,1,1,0,1,0,2,0,0.020482215283459837,2.75,0.0,2.75,7.68451778471654,7.68,measured_success,202
555,ppo,1000555,1346,diprotic,medium,acid,separated,2,5.091,3.197,0.055773450826952106,2,0,0.9,1,0,0,1,0,3,2,0.08112667614506996,7.709999999999999,5.909999999999999,1.8,3.27812667614507,3.2800000000000002,measured_success,202
555,ppo,1000555,1347,monoprotic,medium,acid,single,1,6.577,5.281,0.13282764486044915,3,1,0.155,1,0,0,1,0,5,3,0.05656751902846846,6.9799999999999995,5.9799999999999995,1.0,5.224432480971531,5.22,measured_success,202
555,ppo,1000555,1348,monoprotic,near,acid,single,1,4.279,3.633,0.17956460729097637,0,0,,1,1,0,1,0,5,0,0.01252356667386767,6.27,6.27,0.0,3.6455235666738677,3.65,measured_success,202
555,ppo,1000555,1349,triprotic,medium,acid,separated,3,5.701,4.592,0.10855685084059907,0,0,,1,0,0,1,0,8,0,0.07233232513386856,9.580000000000002,9.580000000000002,0.0,4.664332325133868,4.66,measured_success,202
555,ppo,1000555,1350,triprotic,far,base,separated,3,2.475,5.395,0.1071675884622559,0,0,,1,0,0,1,0,5,0,0.09248327259489919,18.1,0.0,18.1,5.3025167274051,5.3,measured_success,202
555,ppo,1000555,1351,triprotic,near,base,separated,3,5.834,6.344,0.08101964289410724,0,0,,1,1,0,1,0,1,0,0.028332225606662043,2.12,0.0,2.12,6.315667774393338,6.32,measured_success,202
555,ppo,1000555,1352,triprotic,near,acid,separated,3,6.992,6.706,0.032698004512395865,0,0,,1,0,0,1,0,46,0,0.09839856131949976,0.46000000000000024,0.46000000000000024,0.0,6.8043985613195,6.8,measured_success,202
555,ppo,1000555,1353,diprotic,medium,acid,separated,2,4.436,3.659,0.07575559918768834,1,0,1.935,1,0,0,1,0,1,1,0.061254168399627495,3.87,3.87,0.0,3.5977458316003723,3.6,measured_success,202
555,ppo,1000555,1354,monoprotic,near,acid,single,1,6.487,6.231,0.037919347708861705,0,0,,0,0,0,1,1,29,0,0.10277281064892918,0.2900000000000001,0.2900000000000001,0.0,6.333772810648929,6.33,measured_success,202
555,ppo,1000555,1355,diprotic,near,base,overlapping,2,3.347,3.586,0.08757885728004554,0,0,,1,0,0,1,0,1,0,0.0750976226556781,1.51,0.0,1.51,3.5109023773443218,3.5100000000000002,measured_success,202
555,ppo,1000555,1356,diprotic,near,base,separated,2,3.711,4.167,0.09085536825261334,1,0,0.425,1,1,0,1,0,2,1,0.0314037809770813,2.36,0.0,2.36,4.198403780977081,4.2,measured_success,202
555,ppo,1000555,1357,triprotic,medium,base,separated,3,6.61,8.268,0.15756562519911077,0,0,,1,0,0,1,0,8,0,0.09424097225697992,16.69,0.0,16.69,8.17375902774302,8.17,measured_success,202
555,ppo,1000555,1358,diprotic,medium,acid,separated,2,4.527,2.859,0.08257946398009712,0,0,,1,1,0,1,0,3,0,0.0022257865748640526,8.01,8.01,0.0,2.861225786574864,2.86,measured_success,202
555,ppo,1000555,1359,monoprotic,medium,acid,single,1,4.128,3.233,0.03022128999697653,5,3,0.045,1,0,0,1,0,9,5,0.05052157029012738,9.239999999999998,4.85,4.39,3.1824784297098727,3.18,measured_success,202
555,ppo,1000555,1360,triprotic,far,base,separated,3,2.323,5.248,0.12407737696179817,0,0,,1,0,0,1,0,12,0,0.07927097303417074,22.049999999999994,0.0,22.049999999999994,5.1687290269658295,5.17,measured_success,202
555,ppo,1000555,1361,diprotic,far,base,separated,2,5.159,8.151,0.0710464174887929,46,24,0.01,0,0,0,0,0,50,46,0.11557410957574987,13.149999999999993,4.399999999999997,8.749999999999996,8.03542589042425,8.040000000000001,max_steps,202
555,ppo,1000555,1362,monoprotic,near,acid,single,1,4.563,4.107,0.0482597938776923,2,1,0.375,1,0,0,1,0,2,2,0.06883392854203851,2.26,1.51,0.75,4.175833928542039,4.18,measured_success,202
555,ppo,1000555,1363,monoprotic,medium,base,single,1,4.4,5.672,0.11486352766821162,4,2,0.115,1,0,0,1,0,6,4,0.07504195855839324,10.370000000000001,4.380000000000001,5.99,5.5969580414416065,5.6000000000000005,measured_success,202
555,ppo,1000555,1364,diprotic,near,acid,separated,2,2.326,1.869,0.060084115736701804,1,0,1.74,0,0,0,1,1,1,1,0.10159767804043285,3.48,3.48,0.0,1.7674023219595671,1.77,measured_success,202
555,ppo,1000555,1365,triprotic,medium,base,separated,3,6.061,7.911,0.1635499382878343,4,2,0.115,1,0,0,1,0,7,4,0.08401213716316924,10.450000000000001,2.85,7.6000000000000005,7.82698786283683,7.83,measured_success,202
555,ppo,1000555,1366,monoprotic,medium,acid,single,1,7.466,5.548,0.10632789397200097,4,1,0.18,1,1,0,1,0,5,4,0.005635131562632623,8.969999999999999,6.079999999999999,2.8899999999999997,5.553635131562633,5.55,measured_success,202
555,ppo,1000555,1367,diprotic,medium,acid,separated,2,4.529,3.478,0.048525489096991524,2,1,0.515,1,1,0,1,0,4,2,0.034154083535594015,7.21,4.38,2.83,3.512154083535594,3.5100000000000002,measured_success,202
555,ppo,1000555,1368,monoprotic,far,acid,single,1,5.835,3.671,0.06527548024174543,5,3,0.045,1,1,0,1,0,8,5,0.0017403956709771684,9.73,7.16,2.5700000000000003,3.6692596043290227,3.67,measured_success,202
555,ppo,1000555,1369,diprotic,medium,base,separated,2,5.661,6.591,0.03897928808475563,3,1,0.055,1,0,0,1,0,5,3,0.09713488829006511,4.01,1.6400000000000001,2.3699999999999997,6.688134888290065,6.69,measured_success,202
555,ppo,1000555,1370,monoprotic,medium,acid,single,1,2.865,2.105,0.1791636836980368,0,0,,1,0,0,1,0,2,0,0.050207374779839054,5.28,5.28,0.0,2.155207374779839,2.16,measured_success,202
555,ppo,1000555,1371,monoprotic,medium,acid,single,1,5.274,3.451,0.11998954219513469,2,2,0.265,0,0,0,1,1,6,2,0.10055862099388913,10.139999999999999,8.819999999999999,1.32,3.551558620993889,3.5500000000000003,measured_success,202
555,ppo,1000555,1372,triprotic,far,acid,separated,3,6.257,3.806,0.0357058276289377,0,0,,1,1,0,1,0,1,0,0.027798719654508197,6.07,6.07,0.0,3.8337987196545082,3.83,measured_success,202
555,ppo,1000555,1373,diprotic,medium,acid,separated,2,6.451,4.779,0.10544199133317404,0,0,,1,0,0,1,0,20,0,0.0849973183957271,19.779999999999994,19.779999999999994,0.0,4.863997318395727,4.86,measured_success,202
555,ppo,1000555,1374,monoprotic,near,base,single,1,4.009,4.559,0.04126312270608369,3,0,0.155,1,1,0,1,0,4,3,0.004910453907345236,4.05,1.48,2.57,4.563910453907345,4.5600000000000005,measured_success,202
555,ppo,1000555,1375,monoprotic,medium,base,single,1,2.403,3.776,0.08643027628165617,0,0,,1,0,0,1,0,4,0,0.09909002305876147,6.3999999999999995,0.0,6.3999999999999995,3.6769099769412383,3.68,measured_success,202
555,ppo,1000555,1376,diprotic,medium,acid,overlapping,2,3.319,1.737,0.1400174308231358,0,0,,1,0,0,1,0,7,0,0.08558446600374658,17.610000000000003,17.610000000000003,0.0,1.8225844660037467,1.82,measured_success,202
555,ppo,1000555,1377,diprotic,far,base,separated,2,4.497,7.815,0.15329228318167382,7,2,0.01,1,0,0,1,0,14,7,0.0931839146343778,17.93,3.0499999999999994,14.879999999999999,7.908183914634378,7.91,measured_success,202
555,ppo,1000555,1378,monoprotic,near,acid,single,1,4.221,3.641,0.17069866799029446,0,0,,1,1,0,1,0,1,0,0.010377837729639516,2.18,2.18,0.0,3.6513778377296395,3.65,measured_success,202
555,ppo,1000555,1379,monoprotic,far,base,single,1,7.045,10.889,0.03707505830558607,1,0,4.1,1,0,0,1,0,8,1,0.0683710903440442,14.219999999999999,6.02,8.2,10.957371090344044,10.96,measured_success,202
555,ppo,1000555,1380,triprotic,far,base,separated,3,2.49,4.781,0.10937338022583945,0,0,,1,0,0,1,0,6,0,0.08108240702591818,11.040000000000001,0.0,11.040000000000001,4.6999175929740815,4.7,measured_success,202
555,ppo,1000555,1381,monoprotic,medium,acid,single,1,3.183,2.264,0.06227220760989405,2,1,0.515,1,1,0,1,0,3,2,0.0489209393218224,5.41,4.38,1.03,2.312920939321822,2.31,measured_success,202
555,ppo,1000555,1382,monoprotic,medium,acid,single,1,6.933,5.528,0.061832547120011745,5,3,0.05,1,0,0,1,0,9,5,0.0889148455851716,7.83,4.93,2.9,5.439085154414828,5.44,measured_success,202
555,ppo,1000555,1383,triprotic,near,acid,separated,3,2.934,2.587,0.030605451844946344,1,0,1.06,1,0,0,1,0,2,1,0.08988158062691864,3.1500000000000004,2.12,1.03,2.4971184193730815,2.5,measured_success,202
555,ppo,1000555,1384,diprotic,medium,acid,separated,2,5.699,4.879,0.03127298840045063,3,1,0.135,1,1,0,1,0,4,3,0.018171405426055998,3.7800000000000002,2.39,1.3900000000000001,4.860828594573944,4.86,measured_success,202
555,ppo,1000555,1385,triprotic,medium,acid,separated,3,3.879,2.652,0.13072011001951908,0,0,,1,0,0,1,0,10,0,0.06753786346657709,19.26,19.26,0.0,2.719537863466577,2.72,measured_success,202
555,ppo,1000555,1386,diprotic,far,acid,overlapping,2,5.697,1.739,0.06047904196879822,0,0,,1,1,0,1,0,3,0,0.034219461372845705,14.25,14.25,0.0,1.7732194613728458,1.77,measured_success,202
555,ppo,1000555,1387,diprotic,near,acid,overlapping,2,3.392,2.96,0.16968174574694583,0,0,,1,0,0,1,0,13,0,0.07851828771966218,10.350000000000001,10.350000000000001,0.0,3.038518287719662,3.04,measured_success,202
555,ppo,1000555,1388,monoprotic,far,acid,single,1,5.247,2.55,0.030346846710143368,2,0,0.425,1,1,0,1,0,4,2,0.04009072838907457,9.75,6.07,3.68,2.5900907283890744,2.59,measured_success,202
555,ppo,1000555,1389,diprotic,near,acid,separated,2,2.554,2.008,0.031156370707048176,1,0,1.74,1,1,0,1,0,3,1,0.006845168908641952,5.359999999999999,3.48,1.88,2.001154831091358,2.0,measured_success,202
555,ppo,1000555,1390,triprotic,near,base,separated,3,5.61,6.11,0.04016847656685062,2,0,0.425,1,0,0,1,0,2,2,0.0768468948163461,2.97,0.85,2.12,6.033153105183654,6.03,measured_success,202
555,ppo,1000555,1391,triprotic,medium,base,separated,3,6.436,7.48,0.04298595973045822,3,0,0.315,1,1,0,1,0,5,3,0.005585128021127872,7.96,3.29,4.67,7.485585128021128,7.49,measured_success,202
555,ppo,1000555,1392,monoprotic,near,base,single,1,3.188,3.479,0.1260102613077106,2,2,0.375,1,1,0,1,0,3,2,0.020744934813541782,2.63,0.75,1.88,3.4582550651864583,3.46,measured_success,202
555,ppo,1000555,1393,diprotic,medium,base,overlapping,2,5.459,7.294,0.031664314691633055,48,26,0.01,0,0,1,0,0,50,48,0.5445265365930849,12.509999999999991,6.169999999999996,6.339999999999995,6.749473463406915,6.75,max_steps,202
555,ppo,1000555,1394,diprotic,near,acid,overlapping,2,2.806,2.449,0.12636923528160043,0,0,,1,0,0,1,0,2,0,0.0898756731873176,3.1500000000000004,3.1500000000000004,0.0,2.5388756731873174,2.54,measured_success,202
555,ppo,1000555,1395,diprotic,medium,acid,separated,2,5.245,3.701,0.05215042338049821,0,0,,1,1,0,1,0,2,0,0.04694809929801158,6.859999999999999,6.859999999999999,0.0,3.7479480992980116,3.75,measured_success,202
555,ppo,1000555,1396,triprotic,far,base,separated,3,4.002,7.464,0.17917421132400851,0,0,,1,0,0,1,0,10,0,0.060403145857398144,25.93,0.0,25.93,7.403596854142602,7.4,measured_success,202
555,ppo,1000555,1397,triprotic,medium,acid,separated,3,4.316,2.366,0.04226184648066558,0,0,,1,1,0,1,0,3,0,0.045623148623852305,8.559999999999999,8.559999999999999,0.0,2.4116231486238524,2.41,measured_success,202
555,ppo,1000555,1398,monoprotic,near,base,single,1,7.058,7.421,0.04233701999985717,1,0,1.06,1,0,0,1,0,3,1,0.09305149887783859,3.6,1.48,2.12,7.514051498877839,7.51,measured_success,202
555,ppo,1000555,1399,monoprotic,far,acid,single,1,5.036,1.684,0.038811202881581255,1,0,3.035,1,1,0,1,0,1,1,0.01432604520441072,6.07,6.07,0.0,1.6696739547955892,1.67,measured_success,202
555,ppo,1000555,1400,monoprotic,medium,base,single,1,8.031,8.9,0.039682567208031885,2,1,0.04,0,0,0,1,1,4,2,0.10092653631932968,0.43000000000000005,0.08,0.35000000000000003,8.79907346368067,8.8,measured_success,202
555,ppo,1000555,1401,monoprotic,medium,base,single,1,5.412,6.22,0.09650862915590225,2,1,0.155,0,0,0,1,1,4,2,0.10424597835962413,3.84,0.73,3.11,6.115754021640376,6.12,measured_success,202
555,ppo,1000555,1402,diprotic,far,acid,separated,2,4.382,2.157,0.06384368141558074,1,0,0.315,1,1,0,1,0,2,1,0.04249651313995617,6.7,6.7,0.0,2.114503486860044,2.11,measured_success,202
555,ppo,1000555,1403,diprotic,medium,base,separated,2,4.437,5.244,0.16454660931475804,0,0,,1,0,0,1,0,36,0,0.09008516684375856,10.999999999999998,0.0,10.999999999999998,5.153914833156241,5.15,measured_success,202
555,ppo,1000555,1404,triprotic,medium,acid,separated,3,4.16,2.552,0.15413785330270832,0,0,,1,1,0,1,0,10,0,0.04451388697013181,17.089999999999996,17.089999999999996,0.0,2.596513886970132,2.6,measured_success,202
555,ppo,1000555,1405,diprotic,far,base,separated,2,3.509,6.53,0.0521469520401168,44,4,0.01,0,0,0,0,0,50,44,0.11918751930275473,12.059999999999992,3.609999999999996,8.449999999999996,6.4108124806972455,6.41,max_steps,202
555,ppo,1000555,1406,triprotic,medium,base,separated,3,6.596,7.465,0.15506022324417154,2,0,0.315,1,0,0,1,0,3,2,0.05696534958255128,4.05,0.63,3.42,7.408034650417449,7.41,measured_success,202
555,ppo,1000555,1407,triprotic,medium,acid,separated,3,5.214,3.667,0.1069977759348588,0,0,,1,0,0,1,0,3,0,0.08520425707193002,7.89,7.89,0.0,3.75220425707193,3.75,measured_success,202
555,ppo,1000555,1408,diprotic,near,base,separated,2,4.072,4.32,0.06952694131473894,2,1,0.375,1,0,0,1,0,2,2,0.05975667961950748,2.26,0.75,1.51,4.260243320380493,4.26,measured_success,202
555,ppo,1000555,1409,triprotic,far,acid,separated,3,7.541,4.263,0.17926472654149017,0,0,,1,0,0,1,0,11,0,0.09916960987878731,23.819999999999993,23.819999999999993,0.0,4.362169609878787,4.36,measured_success,202
555,ppo,1000555,1410,monoprotic,medium,acid,single,1,5.042,3.867,0.12389691019005014,1,1,0.515,1,0,0,1,0,5,1,0.09611181553090731,8.79,8.28,0.51,3.7708881844690927,3.77,measured_success,202
555,ppo,1000555,1411,monoprotic,medium,acid,single,1,7.894,6.677,0.06365636091102357,1,0,0.155,1,0,0,1,0,38,1,0.09871288497024366,4.11,4.11,0.0,6.578287115029756,6.58,measured_success,202
555,ppo,1000555,1412,diprotic,near,acid,separated,2,2.899,2.345,0.07974719043043242,1,0,1.74,1,0,0,1,0,2,1,0.08353266765799683,4.51,3.48,1.03,2.2614673323420034,2.2600000000000002,measured_success,202
555,ppo,1000555,1413,monoprotic,near,acid,single,1,7.444,6.991,0.11176083064421724,0,0,,0,0,0,0,0,50,0,0.32975099942952824,0.5000000000000002,0.5000000000000002,0.0,7.320750999429528,7.32,max_steps,202
555,ppo,1000555,1414,diprotic,medium,base,separated,2,5.861,6.885,0.032425108483198656,6,4,0.015,1,1,0,1,0,13,6,0.013613878294920667,9.97,4.930000000000001,5.04,6.871386121705079,6.87,measured_success,202
555,ppo,1000555,1415,diprotic,near,acid,separated,2,4.441,3.939,0.12922395015569008,0,0,,1,0,0,1,0,2,0,0.07534832110112433,2.54,2.54,0.0,4.014348321101124,4.01,measured_success,202
555,ppo,1000555,1416,diprotic,medium,base,separated,2,3.349,5.261,0.05819061839631411,1,1,0.265,1,1,0,1,0,6,1,0.023868755359269578,11.2,0.26,10.94,5.28486875535927,5.28,measured_success,202
555,ppo,1000555,1417,diprotic,far,acid,separated,2,4.479,2.141,0.05021760814659977,1,0,3.035,1,1,0,1,0,3,1,0.02546183627892784,7.24,6.07,1.17,2.115538163721072,2.12,measured_success,202
555,ppo,1000555,1418,diprotic,medium,base,overlapping,2,4.791,6.16,0.119142315814012,2,1,1.31,1,1,0,1,0,6,2,0.019053370705428563,9.530000000000001,2.62,6.91,6.140946629294572,6.140000000000001,measured_success,202
555,ppo,1000555,1419,monoprotic,medium,acid,single,1,8.175,7.166,0.038873892734171724,3,2,0.085,1,1,0,1,0,23,3,0.03748214261678129,5.24,3.2500000000000004,1.9900000000000002,7.128517857383219,7.13,measured_success,202
555,ppo,1000555,1420,monoprotic,medium,acid,single,1,4.212,2.622,0.08381299134979912,3,1,0.135,1,1,0,1,0,4,3,0.015373725692422013,6.5,5.33,1.17,2.606626274307578,2.61,measured_success,202
555,ppo,1000555,1421,monoprotic,near,base,single,1,7.524,8.164,0.11700212919512049,0,0,,1,0,0,1,0,3,0,0.06448973631238353,3.6700000000000004,0.0,3.6700000000000004,8.099510263687616,8.1,measured_success,202
555,ppo,1000555,1422,triprotic,medium,base,overlapping,3,2.234,4.202,0.07606902868101931,2,0,0.59,1,0,0,1,0,7,2,0.059701093750783585,14.91,1.18,13.73,4.142298906249216,4.14,measured_success,202
555,ppo,1000555,1423,monoprotic,far,base,single,1,1.698,5.512,0.173752010043249,7,4,0.01,1,0,0,1,0,16,7,0.06324666866646655,26.03,3.059999999999999,22.970000000000002,5.575246668666466,5.58,measured_success,202
555,ppo,1000555,1424,triprotic,near,acid,overlapping,3,4.322,3.829,0.1172179238730449,0,0,,1,0,0,1,0,31,0,0.09508871715269551,12.059999999999999,12.059999999999999,0.0,3.9240887171526957,3.92,measured_success,202
555,ppo,1000555,1425,triprotic,medium,acid,separated,3,4.872,3.836,0.052681756940669865,4,1,0.21,1,1,0,1,0,4,4,0.02081650987884709,6.9399999999999995,4.72,2.22,3.856816509878847,3.86,measured_success,202
555,ppo,1000555,1426,monoprotic,far,acid,single,1,6.875,4.382,0.03402376730807278,6,6,0.055,1,0,0,1,0,10,6,0.06588001594199966,16.64,9.370000000000001,7.27,4.447880015941999,4.45,measured_success,202
555,ppo,1000555,1427,triprotic,medium,acid,separated,3,5.737,4.068,0.03833942141424246,3,0,0.155,1,1,0,1,0,3,3,0.009535090025822868,5.999999999999999,5.369999999999999,0.63,4.058464909974177,4.0600000000000005,measured_success,202
555,ppo,1000555,1428,diprotic,medium,base,separated,2,3.673,4.958,0.07392764445151247,0,0,,1,0,0,1,0,3,0,0.05868258732886922,6.09,0.0,6.09,4.899317412671131,4.9,measured_success,202
555,ppo,1000555,1429,diprotic,medium,base,separated,2,3.275,4.353,0.042418368758136434,1,1,0.425,1,1,0,1,0,4,1,0.008260851923076018,5.109999999999999,0.42,4.6899999999999995,4.361260851923076,4.36,measured_success,202
555,ppo,1000555,1430,triprotic,near,acid,separated,3,4.492,3.826,0.1160844086140929,1,0,0.425,1,1,0,1,0,3,1,0.01000340138408573,4.06,4.06,0.0,3.8159965986159143,3.8200000000000003,measured_success,202
555,ppo,1000555,1431,monoprotic,near,base,single,1,3.343,3.793,0.04638997456759265,3,2,0.155,1,0,0,1,0,6,3,0.07636207838736109,3.6599999999999997,1.5299999999999998,2.13,3.8693620783873612,3.87,measured_success,202
555,ppo,1000555,1432,triprotic,near,base,separated,3,7.719,8.334,0.10843394638445798,2,1,0.315,1,0,0,1,0,5,2,0.07890362982019283,4.54,2.11,2.43,8.255096370179807,8.26,measured_success,202
555,ppo,1000555,1433,diprotic,medium,base,separated,2,2.907,4.206,0.03927393025973804,1,1,2.625,1,0,0,1,0,3,1,0.07759918136854704,8.5,3.25,5.25,4.2835991813685474,4.28,measured_success,202
555,ppo,1000555,1434,diprotic,medium,base,separated,2,2.909,4.591,0.05467862952018811,1,0,2.625,1,0,0,1,0,1,1,0.07450507466348366,5.25,0.0,5.25,4.665505074663484,4.67,measured_success,202
555,ppo,1000555,1435,diprotic,medium,acid,separated,2,3.37,2.151,0.06207510590078562,1,0,1.935,1,0,0,1,0,3,1,0.07142388531132493,5.75,3.87,1.88,2.079576114688675,2.08,measured_success,202
555,ppo,1000555,1436,diprotic,medium,base,separated,2,7.671,9.09,0.04216071791313213,2,1,0.01,1,1,0,1,0,9,2,0.028151964596741408,0.9800000000000001,0.13,0.8500000000000001,9.061848035403258,9.06,measured_success,202
555,ppo,1000555,1437,triprotic,medium,base,separated,3,6.838,8.469,0.09251012715877743,0,0,,1,0,0,1,0,3,0,0.05020466486830877,6.09,0.0,6.09,8.41879533513169,8.42,measured_success,202
555,ppo,1000555,1438,diprotic,far,acid,overlapping,2,4.379,2.097,0.12911716319373073,2,1,0.45,1,0,0,1,0,5,2,0.06211330055546105,17.0,16.1,0.9,2.159113300555461,2.16,measured_success,202
555,ppo,1000555,1439,monoprotic,medium,base,single,1,5.921,7.775,0.12977019221668967,1,0,1.06,1,1,0,1,0,4,1,0.026525902946081814,11.06,0.85,10.21,7.801525902946082,7.8,measured_success,202
555,ppo,1000555,1440,monoprotic,near,acid,single,1,4.914,4.332,0.07140613295697971,0,0,,1,1,0,1,0,2,0,0.03190311168111837,2.36,2.36,0.0,4.363903111681118,4.36,measured_success,202
555,ppo,1000555,1441,monoprotic,near,acid,single,1,7.317,7.113,0.06994143253747204,0,0,,0,0,0,1,1,38,0,0.10193647573636522,0.38000000000000017,0.38000000000000017,0.0,7.214936475736366,7.21,measured_success,202
555,ppo,1000555,1442,diprotic,near,base,overlapping,2,4.601,5.251,0.038261718207764354,3,2,0.085,0,0,0,1,1,9,3,0.10109999363894584,5.33,2.42,2.9099999999999997,5.352099993638946,5.3500000000000005,measured_success,202
555,ppo,1000555,1443,triprotic,medium,base,separated,3,1.718,2.647,0.14894960105279195,0,0,,1,0,0,1,0,12,0,0.09821163764539564,9.830000000000002,0.0,9.830000000000002,2.548788362354604,2.5500000000000003,measured_success,202
555,ppo,1000555,1444,diprotic,near,acid,separated,2,3.651,3.007,0.0502057105173115,3,1,0.09,1,1,0,1,0,5,3,0.021024662845925857,4.0200000000000005,2.6300000000000003,1.3900000000000001,2.9859753371540743,2.99,measured_success,202
555,ppo,1000555,1445,monoprotic,far,base,single,1,5.273,9.211,0.1302954476450406,44,22,0.01,0,0,0,0,0,50,44,0.26766617805570725,21.070000000000025,3.5099999999999953,17.56000000000003,8.943333821944293,8.94,max_steps,202
555,ppo,1000555,1446,monoprotic,medium,base,single,1,3.762,5.743,0.05352625655855507,3,2,0.155,1,1,0,1,0,8,3,0.017156259102744542,10.389999999999999,2.77,7.619999999999999,5.760156259102745,5.76,measured_success,202
555,ppo,1000555,1447,monoprotic,near,base,single,1,6.085,6.708,0.05942685552915512,2,1,0.315,1,1,0,1,0,4,2,0.010712610247704646,3.91,1.48,2.43,6.6972873897522955,6.7,measured_success,202
555,ppo,1000555,1448,diprotic,medium,base,separated,2,7.354,8.221,0.08922543354219065,3,1,0.155,1,0,0,1,0,11,3,0.08674967967394664,4.16,1.73,2.43,8.307749679673947,8.31,measured_success,202
555,ppo,1000555,1449,diprotic,far,acid,overlapping,2,5.095,2.431,0.06119633501050075,2,2,0.425,1,0,0,1,0,6,2,0.051594415432024476,13.680000000000001,11.930000000000001,1.75,2.4825944154320245,2.48,measured_success,202
555,ppo,1000555,1450,monoprotic,medium,acid,single,1,7.432,6.118,0.061702684748437556,2,0,0.425,1,1,0,1,0,4,2,0.012429087277860518,6.829999999999999,5.9799999999999995,0.85,6.130429087277861,6.13,measured_success,202
555,ppo,1000555,1451,monoprotic,medium,base,single,1,3.8,5.1,0.0893494891519136,6,4,0.035,1,0,0,1,0,9,6,0.07403765806281193,10.72,4.53,6.19,5.025962341937188,5.03,measured_success,202
555,ppo,1000555,1452,monoprotic,medium,acid,single,1,5.723,4.181,0.04283743154474157,2,0,0.9,1,0,0,1,0,3,2,0.08867935470926103,7.709999999999999,5.909999999999999,1.8,4.269679354709261,4.2700000000000005,measured_success,202
555,ppo,1000555,1453,triprotic,far,acid,overlapping,3,4.098,1.69,0.043140293896724656,0,0,,1,0,0,1,0,7,0,0.0666994904753162,18.950000000000003,18.950000000000003,0.0,1.7566994904753161,1.76,measured_success,202
555,ppo,1000555,1454,triprotic,medium,base,separated,3,5.092,5.954,0.08212180673728613,2,0,0.315,1,0,0,1,0,3,2,0.09739509706818072,4.1899999999999995,0.63,3.5599999999999996,5.856604902931819,5.86,measured_success,202
555,ppo,1000555,1455,diprotic,medium,acid,separated,2,3.682,2.384,0.07656915285650819,0,0,,1,1,0,1,0,7,0,0.0412186978024347,10.899999999999999,10.899999999999999,0.0,2.4252186978024346,2.43,measured_success,202
555,ppo,1000555,1456,monoprotic,medium,acid,single,1,6.177,5.181,0.09667426953676125,3,0,0.155,1,1,0,1,0,3,3,0.042629244970425084,4.81,4.18,0.63,5.138370755029575,5.14,measured_success,202
555,ppo,1000555,1457,triprotic,near,base,separated,3,5.444,5.823,0.04809948262906295,1,0,1.06,1,1,0,1,0,2,1,0.03435117337827087,2.97,0.85,2.12,5.857351173378271,5.86,measured_success,202
555,ppo,1000555,1458,diprotic,near,base,separated,2,3.186,3.571,0.06240888377350083,0,0,,1,1,0,1,0,2,0,0.012079541232966395,2.36,0.0,2.36,3.558920458767034,3.56,measured_success,202
555,ppo,1000555,1459,monoprotic,medium,base,single,1,3.844,5.462,0.03861681553166883,7,6,0.01,1,1,0,1,0,12,7,0.018736549964945226,11.029999999999998,5.239999999999999,5.789999999999999,5.480736549964945,5.48,measured_success,202
555,ppo,1000555,1460,diprotic,medium,base,overlapping,2,4.366,5.926,0.16266189828018307,0,0,,1,0,0,1,0,18,0,0.06646860845632752,19.950000000000014,0.0,19.950000000000014,5.859531391543673,5.86,measured_success,202
555,ppo,1000555,1461,monoprotic,medium,acid,single,1,8.307,6.42,0.1670756267564507,0,0,,0,0,1,0,0,50,0,1.5642797122876555,1.500000000000001,1.500000000000001,0.0,7.984279712287655,7.98,max_steps,202
555,ppo,1000555,1462,monoprotic,medium,base,single,1,4.082,6.025,0.13197618106845144,0,0,,1,1,0,1,0,6,0,0.03160666385127975,15.800000000000002,0.0,15.800000000000002,5.993393336148721,5.99,measured_success,202
555,ppo,1000555,1463,diprotic,medium,acid,separated,2,5.196,3.989,0.03823857074466245,3,0,0.155,1,1,0,1,0,3,3,0.011996772051345417,4.81,4.18,0.63,3.9770032279486545,3.98,measured_success,202
555,ppo,1000555,1464,diprotic,medium,base,separated,2,4.071,4.838,0.06935335015381129,3,1,0.21,1,1,0,1,0,3,3,0.031166171040944768,3.53,0.85,2.6799999999999997,4.869166171040945,4.87,measured_success,202
555,ppo,1000555,1465,triprotic,medium,acid,separated,3,2.838,1.618,0.0646381945969394,0,0,,1,1,0,1,0,3,0,0.03386397222456927,6.949999999999999,6.949999999999999,0.0,1.6518639722245694,1.6500000000000001,measured_success,202
555,ppo,1000555,1466,diprotic,medium,acid,separated,2,6.316,5.231,0.17170253786267814,0,0,,1,0,0,1,0,20,0,0.09265766271467335,16.220000000000006,16.220000000000006,0.0,5.323657662714673,5.32,measured_success,202
555,ppo,1000555,1467,triprotic,medium,acid,overlapping,3,3.74,1.929,0.08983515968376088,0,0,,1,1,0,1,0,4,0,0.007013300633484265,11.649999999999999,11.649999999999999,0.0,1.9360133006334843,1.94,measured_success,202
555,ppo,1000555,1468,diprotic,medium,base,separated,2,7.008,8.088,0.07602199250597046,4,0,0.075,1,1,0,1,0,8,4,0.012598535646793252,10.13,4.74,5.390000000000001,8.075401464353206,8.08,measured_success,202
555,ppo,1000555,1469,monoprotic,medium,acid,single,1,6.239,4.746,0.05114357396946444,5,5,0.075,1,0,0,1,0,9,5,0.07087730079107502,9.92,5.5,4.42,4.675122699208925,4.68,measured_success,202
555,ppo,1000555,1470,triprotic,medium,base,overlapping,3,3.434,4.855,0.040565589115896965,5,2,0.02,1,0,0,1,0,12,5,0.0992768421851018,10.24,4.45,5.79,4.954276842185102,4.95,measured_success,202
555,ppo,1000555,1471,triprotic,medium,acid,separated,3,4.493,2.525,0.05067358704907936,0,0,,1,0,0,1,0,2,0,0.060066337075792564,6.859999999999999,6.859999999999999,0.0,2.5850663370757925,2.59,measured_success,202
555,ppo,1000555,1472,triprotic,near,base,overlapping,3,4.57,5.268,0.14778681485307552,0,0,,1,0,0,1,0,1,0,0.09063603442047796,2.26,0.0,2.26,5.177363965579522,5.18,measured_success,202
555,ppo,1000555,1473,diprotic,medium,base,separated,2,6.477,7.428,0.07798739001609085,3,2,0.155,1,0,0,1,0,6,3,0.0728136888051063,6.969999999999999,2.31,4.659999999999999,7.500813688805106,7.5,measured_success,202
555,ppo,1000555,1474,monoprotic,medium,base,single,1,6.169,7.229,0.057644656845820104,5,2,0.035,1,1,0,1,0,11,5,0.007408889838342425,10.64,4.920000000000001,5.72,7.2364088898383425,7.24,measured_success,202
555,ppo,1000555,1475,triprotic,medium,base,separated,3,6.325,7.946,0.0451829448679682,4,2,0.075,1,0,0,1,0,7,4,0.08687339390676563,11.54,4.57,6.97,7.859126606093234,7.86,measured_success,202
555,ppo,1000555,1476,monoprotic,medium,base,single,1,6.316,8.08,0.09888393486768819,3,1,0.18,0,0,0,1,1,6,3,0.10069418229958593,11.309999999999999,4.42,6.89,8.180694182299586,8.18,measured_success,202
555,ppo,1000555,1477,diprotic,near,acid,separated,2,3.461,3.079,0.15373722626217745,0,0,,1,0,0,1,0,4,0,0.06138156350740287,4.0200000000000005,4.0200000000000005,0.0,3.140381563507403,3.14,measured_success,202
555,ppo,1000555,1478,diprotic,medium,acid,separated,2,5.057,3.896,0.04376232115405744,1,0,1.935,1,0,0,1,0,4,1,0.05304287497875482,5.17,3.87,1.3,3.842957125021245,3.84,measured_success,202
555,ppo,1000555,1479,monoprotic,far,base,single,1,3.305,6.041,0.030601225635039916,6,2,0.015,1,1,0,1,0,12,6,0.01636725830107011,15.420000000000002,6.250000000000001,9.17,6.02463274169893,6.0200000000000005,measured_success,202
555,ppo,1000555,1480,triprotic,medium,base,overlapping,3,2.893,4.672,0.11782321993506643,0,0,,1,1,0,1,0,18,0,0.04610153679240536,28.789999999999992,0.0,28.789999999999992,4.625898463207594,4.63,measured_success,202
555,ppo,1000555,1481,monoprotic,near,acid,single,1,7.395,6.809,0.07174414522304286,0,0,,1,0,0,1,0,5,0,0.06621918714478081,3.0700000000000003,3.0700000000000003,0.0,6.875219187144781,6.88,measured_success,202
555,ppo,1000555,1482,diprotic,medium,acid,separated,2,5.332,3.838,0.14259409113704827,0,0,,1,1,0,1,0,4,0,0.027782099836835883,8.4,8.4,0.0,3.865782099836836,3.87,measured_success,202
555,ppo,1000555,1483,monoprotic,near,acid,single,1,7.123,6.611,0.12381527903980498,0,0,,1,1,0,1,0,2,0,0.038756478393776383,2.14,2.14,0.0,6.649756478393776,6.65,measured_success,202
555,ppo,1000555,1484,diprotic,medium,base,separated,2,4.092,5.057,0.11148637977983882,0,0,,1,0,0,1,0,7,0,0.07258474978516993,6.159999999999998,0.0,6.159999999999998,4.9844152502148305,4.98,measured_success,202
555,ppo,1000555,1485,triprotic,medium,acid,separated,3,6.716,5.035,0.05915661099321795,1,0,2.53,1,0,0,1,0,3,1,0.07395287888544289,6.05,5.06,0.99,4.961047121114557,4.96,measured_success,202
555,ppo,1000555,1486,triprotic,near,acid,separated,3,2.77,2.528,0.15168091802202374,0,0,,1,0,0,1,0,2,0,0.07517647676085693,2.54,2.54,0.0,2.603176476760857,2.6,measured_success,202
555,ppo,1000555,1487,diprotic,near,acid,separated,2,3.438,3.014,0.1408478022741446,0,0,,1,0,0,1,0,3,0,0.07108535775864633,3.39,3.39,0.0,3.085085357758646,3.09,measured_success,202
555,ppo,1000555,1488,diprotic,near,base,separated,2,4.878,5.571,0.04534962811663495,2,0,0.06,1,1,0,1,0,5,2,0.03933069623097474,3.61,1.35,2.26,5.531669303769025,5.53,measured_success,202
555,ppo,1000555,1489,triprotic,medium,acid,separated,3,6.313,4.613,0.04844450414853837,1,0,2.53,1,1,0,1,0,1,1,0.001407943716265514,5.06,5.06,0.0,4.611592056283735,4.61,measured_success,202
555,ppo,1000555,1490,diprotic,near,base,overlapping,2,3.589,4.007,0.042518721442423114,2,1,0.21,1,1,0,1,0,3,2,0.034018129484237214,2.78,0.42,2.36,3.9729818705157625,3.97,measured_success,202
555,ppo,1000555,1491,monoprotic,medium,acid,single,1,2.996,1.615,0.03282061843663357,0,0,,1,1,0,1,0,1,0,0.024546986319231356,5.25,5.25,0.0,1.6395469863192313,1.6400000000000001,measured_success,202
555,ppo,1000555,1492,triprotic,near,base,separated,3,2.348,2.84,0.1387787579678437,0,0,,1,0,0,1,0,11,0,0.08943071919706913,6.419999999999998,0.0,6.419999999999998,2.7505692808029307,2.75,measured_success,202
555,ppo,1000555,1493,monoprotic,medium,acid,single,1,6.631,5.645,0.14100568773753222,0,0,,1,0,0,1,0,6,0,0.08623791694214944,8.0,8.0,0.0,5.731237916942149,5.73,measured_success,202
555,ppo,1000555,1494,triprotic,near,acid,overlapping,3,5.049,4.581,0.05575603838362961,0,0,,1,0,0,1,0,5,0,0.09817169834947048,3.61,3.61,0.0,4.679171698349471,4.68,measured_success,202
555,ppo,1000555,1495,triprotic,far,acid,separated,3,4.048,1.91,0.11066662353628813,0,0,,1,1,0,1,0,5,0,0.0023631464249798118,15.17,15.17,0.0,1.9123631464249797,1.9100000000000001,measured_success,202
555,ppo,1000555,1496,monoprotic,near,acid,single,1,6.948,6.293,0.040847087478089676,3,4,0.075,1,1,0,1,0,6,4,0.001509966317773781,2.94,1.8099999999999998,1.1300000000000001,6.294509966317774,6.29,measured_success,202
555,ppo,1000555,1497,triprotic,medium,acid,separated,3,3.666,2.599,0.16264307159014418,0,0,,1,0,0,1,0,12,0,0.07622398307071077,18.900000000000002,18.900000000000002,0.0,2.675223983070711,2.68,measured_success,202
555,ppo,1000555,1498,triprotic,far,acid,separated,3,6.536,3.857,0.08926665565156407,0,0,,1,0,0,1,0,10,0,0.06367508591147786,20.180000000000003,20.180000000000003,0.0,3.920675085911478,3.92,measured_success,202
555,ppo,1000555,1499,triprotic,near,base,overlapping,3,4.195,4.64,0.05443277145180582,2,1,0.06,1,1,0,1,0,6,2,0.035438893326484866,2.81,1.25,1.56,4.604561106673515,4.6000000000000005,measured_success,202
555,ppo,1000555,1500,triprotic,medium,base,separated,3,2.14,3.984,0.1112810044183344,1,0,0.79,1,1,0,1,0,3,1,0.01079319865256867,9.34,0.0,9.34,3.9947931986525687,3.99,measured_success,202
555,ppo,1000555,1501,monoprotic,medium,base,single,1,2.852,3.8,0.05276332422795486,4,3,0.075,1,1,0,1,0,6,4,0.043743685230992924,5.26,2.13,3.13,3.756256314769007,3.7600000000000002,measured_success,202
555,ppo,1000555,1502,monoprotic,near,base,single,1,2.159,2.427,0.16398316706532665,0,0,,1,1,0,1,0,2,0,0.02614014762733552,2.54,0.0,2.54,2.4008598523726645,2.4,measured_success,202
555,ppo,1000555,1503,monoprotic,medium,base,single,1,3.385,4.636,0.08278602687250376,2,1,1.31,1,0,0,1,0,5,2,0.05458654406498287,9.35,2.62,6.7299999999999995,4.581413455935017,4.58,measured_success,202
555,ppo,1000555,1504,diprotic,near,base,separated,2,7.231,7.446,0.07616056706327598,0,0,,1,0,0,1,0,8,0,0.09396201103622737,0.08,0.0,0.08,7.352037988963772,7.3500000000000005,measured_success,202
555,ppo,1000555,1505,monoprotic,near,base,single,1,6.328,6.817,0.15104314561297866,0,0,,1,0,0,1,0,3,0,0.0951492536884544,3.86,0.0,3.86,6.721850746311546,6.72,measured_success,202
555,ppo,1000555,1506,diprotic,medium,acid,separated,2,3.479,1.895,0.04512275126386402,0,0,,1,1,0,1,0,1,0,0.02421625449350584,5.06,5.06,0.0,1.9192162544935059,1.92,measured_success,202
555,ppo,1000555,1507,monoprotic,far,base,single,1,6.897,10.755,0.07721027766287492,2,1,0.085,1,0,0,1,0,8,2,0.09692638872085801,11.5,3.2199999999999998,8.28,10.658073611279143,10.66,measured_success,202
555,ppo,1000555,1508,triprotic,medium,acid,separated,3,5.032,4.317,0.06647727348416714,0,0,,1,1,0,1,0,4,0,0.04555474141752747,4.0200000000000005,4.0200000000000005,0.0,4.362554741417528,4.36,measured_success,202
555,ppo,1000555,1509,diprotic,near,base,separated,2,2.865,3.556,0.05716801458100294,0,0,,1,0,0,1,0,1,0,0.09139760204624992,2.26,0.0,2.26,3.46460239795375,3.46,measured_success,202
555,ppo,1000555,1510,diprotic,medium,acid,separated,2,6.007,4.889,0.12497684715956729,1,0,0.515,1,1,0,1,0,3,1,0.008374800526603998,6.7,6.7,0.0,4.880625199473396,4.88,measured_success,202
555,ppo,1000555,1511,triprotic,near,acid,separated,3,3.149,2.8,0.13314290867015485,0,0,,1,0,0,1,0,1,0,0.07723090736211535,1.51,1.51,0.0,2.877230907362115,2.88,measured_success,202
555,ppo,1000555,1512,diprotic,far,base,separated,2,3.388,6.362,0.04510033690819766,5,2,0.075,1,0,0,1,0,6,5,0.07484851693130246,12.610000000000001,3.5500000000000003,9.06,6.4368485169313026,6.44,measured_success,202
555,ppo,1000555,1513,diprotic,medium,base,separated,2,5.143,5.863,0.03622508922920114,4,2,0.07,1,1,0,1,0,5,4,0.003976970189413898,4.09,1.5500000000000003,2.54,5.8590230298105865,5.86,measured_success,202
555,ppo,1000555,1514,monoprotic,medium,acid,single,1,9.104,8.036,0.16183804185915104,0,0,,0,0,1,0,0,50,0,0.9014601437652683,1.500000000000001,1.500000000000001,0.0,8.937460143765268,8.94,max_steps,202
555,ppo,1000555,1515,monoprotic,far,base,single,1,2.565,4.803,0.03813042597813402,4,1,0.06,1,0,0,1,0,9,4,0.07980119856257328,8.709999999999999,2.65,6.06,4.723198801437427,4.72,measured_success,202
555,ppo,1000555,1516,monoprotic,medium,base,single,1,2.747,4.497,0.1489996206048713,2,1,0.395,1,0,0,1,0,6,2,0.07294002310430159,13.190000000000001,0.79,12.4,4.424059976895698,4.42,measured_success,202
555,ppo,1000555,1517,monoprotic,far,acid,single,1,7.101,3.619,0.04497974878849073,5,3,0.09,1,0,0,1,0,9,5,0.08978032026869132,19.689999999999998,10.08,9.61,3.529219679731309,3.5300000000000002,measured_success,202
555,ppo,1000555,1518,monoprotic,medium,acid,single,1,3.792,2.834,0.03318401992608008,4,1,0.155,1,1,0,1,0,5,4,0.04768448235075029,7.25,4.72,2.5300000000000002,2.8816844823507504,2.88,measured_success,202
555,ppo,1000555,1519,monoprotic,medium,acid,single,1,5.955,4.932,0.08024482757791065,4,5,0.155,1,1,0,1,0,8,4,0.012517695579894905,9.98,5.5,4.4799999999999995,4.944517695579895,4.94,measured_success,202
555,ppo,1000555,1520,triprotic,near,base,separated,3,4.267,4.689,0.10673675643700016,1,0,0.425,1,0,0,1,0,2,1,0.08156668575694503,2.36,0.0,2.36,4.770566685756945,4.7700000000000005,measured_success,202
555,ppo,1000555,1521,diprotic,near,acid,separated,2,4.718,4.428,0.04200493842313421,2,1,0.375,1,1,0,1,0,2,2,0.028729325478413337,2.26,1.51,0.75,4.456729325478413,4.46,measured_success,202
555,ppo,1000555,1522,triprotic,medium,base,separated,3,1.839,3.343,0.031279182918083515,1,0,2.625,1,1,0,1,0,2,1,0.01928780478771408,7.17,1.92,5.25,3.362287804787714,3.36,measured_success,202
555,ppo,1000555,1523,diprotic,near,acid,separated,2,3.9,3.517,0.03469579528161959,1,0,0.755,1,0,0,1,0,1,1,0.08797296850150138,1.51,1.51,0.0,3.4290270314984985,3.43,measured_success,202
555,ppo,1000555,1524,monoprotic,medium,base,single,1,8.005,9.432,0.15584527017739047,1,0,0.085,1,1,0,1,0,40,1,0.030437239464552235,6.799999999999998,0.0,6.799999999999998,9.462437239464553,9.46,measured_success,202
555,ppo,1000555,1525,diprotic,near,acid,overlapping,2,4.634,4.257,0.04712995840779191,1,0,0.755,1,1,0,1,0,1,1,0.009911594568393411,1.51,1.51,0.0,4.247088405431606,4.25,measured_success,202
555,ppo,1000555,1526,monoprotic,near,acid,single,1,7.956,7.301,0.050053516795781655,0,0,,0,0,0,0,0,50,0,0.48996912618359545,0.5000000000000002,0.5000000000000002,0.0,7.790969126183596,7.79,max_steps,202
555,ppo,1000555,1527,monoprotic,medium,base,single,1,4.111,5.807,0.13149866669865956,5,4,0.02,1,1,0,1,0,11,5,0.046102702591484856,10.780000000000001,4.33,6.45,5.853102702591485,5.8500000000000005,measured_success,202
555,ppo,1000555,1528,monoprotic,far,base,single,1,6.263,8.96,0.11637063648761128,2,0,0.315,1,0,0,1,0,6,2,0.09095804279730402,18.0,1.48,16.52,8.869041957202697,8.870000000000001,measured_success,202
555,ppo,1000555,1529,diprotic,medium,acid,separated,2,4.561,3.71,0.06913129473250705,1,0,0.515,1,1,0,1,0,3,1,0.03331567748057651,6.7,6.7,0.0,3.6766843225194235,3.68,measured_success,202
555,ppo,1000555,1530,monoprotic,medium,base,single,1,4.353,5.261,0.09466728164521247,0,0,,1,0,0,1,0,4,0,0.08176521593590724,5.22,0.0,5.22,5.179234784064093,5.18,measured_success,202
555,ppo,1000555,1531,diprotic,medium,base,separated,2,3.625,4.719,0.12345417673608206,0,0,,1,0,0,1,0,6,0,0.07829893819004052,9.44,0.0,9.44,4.64070106180996,4.64,measured_success,202
555,ppo,1000555,1532,monoprotic,medium,acid,single,1,4.286,3.116,0.10178580119377878,1,0,0.9,1,1,0,1,0,2,1,0.008678864543237186,5.67,5.67,0.0,3.107321135456763,3.11,measured_success,202
555,ppo,1000555,1533,diprotic,near,base,separated,2,1.94,2.206,0.0445503267991508,2,0,0.515,1,1,0,1,0,2,2,0.03062200258799086,3.1500000000000004,1.03,2.12,2.175377997412009,2.18,measured_success,202
555,ppo,1000555,1534,diprotic,medium,acid,separated,2,7.994,6.258,0.04278562544345783,1,0,2.53,1,1,0,1,0,3,1,0.04060467749639418,5.119999999999999,5.119999999999999,0.0,6.217395322503606,6.22,measured_success,202
555,ppo,1000555,1535,monoprotic,near,acid,single,1,7.852,7.293,0.06936168567349765,0,0,,0,0,0,0,0,50,0,0.4062940534525259,0.5000000000000002,0.5000000000000002,0.0,7.699294053452526,7.7,max_steps,202
555,ppo,1000555,1536,diprotic,far,base,overlapping,2,3.958,6.811,0.12948143147452026,5,2,0.055,1,1,0,1,0,9,5,0.046698292137397956,20.44,2.84,17.6,6.857698292137398,6.86,measured_success,202
555,ppo,1000555,1537,monoprotic,medium,acid,single,1,6.548,5.615,0.10533385925752549,0,0,,1,1,0,1,0,2,0,0.004542044315856586,3.3,3.3,0.0,5.619542044315857,5.62,measured_success,202
555,ppo,1000555,1538,monoprotic,medium,base,single,1,6.12,7.035,0.033804688656391704,3,1,0.055,1,1,0,1,0,6,3,0.0478172712132654,3.91,1.6800000000000002,2.23,7.0828172712132655,7.08,measured_success,202
555,ppo,1000555,1539,diprotic,medium,acid,separated,2,4.994,3.966,0.052727040375090815,3,0,0.425,1,1,0,1,0,3,3,0.017057769239086973,6.52,4.72,1.8,3.948942230760913,3.95,measured_success,202
555,ppo,1000555,1540,diprotic,far,base,overlapping,2,3.371,6.015,0.032739496400208894,5,3,0.055,1,1,0,1,0,9,5,0.023003004031587615,15.450000000000001,4.380000000000001,11.07,6.038003004031587,6.04,measured_success,202
555,ppo,1000555,1541,triprotic,medium,base,separated,3,4.559,5.724,0.06818373059925069,0,0,,1,0,0,1,0,7,0,0.09741472846256549,9.89,0.0,9.89,5.626585271537435,5.63,measured_success,202
555,ppo,1000555,1542,monoprotic,medium,acid,single,1,6.128,4.415,0.09089697598776666,6,2,0.045,1,1,0,1,0,11,6,0.012270228655776982,12.620000000000001,6.909999999999999,5.710000000000001,4.427270228655777,4.43,measured_success,202
555,ppo,1000555,1543,triprotic,near,acid,separated,3,7.181,6.888,0.1141160117473583,0,0,,0,0,0,0,0,50,0,0.24386580508447508,0.5000000000000002,0.5000000000000002,0.0,7.131865805084475,7.13,max_steps,202
555,ppo,1000555,1544,diprotic,near,acid,separated,2,5.001,4.405,0.15962697102881027,0,0,,1,0,0,1,0,5,0,0.06933633745437628,4.33,4.33,0.0,4.4743363374543765,4.47,measured_success,202
555,ppo,1000555,1545,diprotic,near,base,separated,2,3.607,4.009,0.046943219154755175,0,0,,1,0,0,1,0,1,0,0.09824977732606666,1.51,0.0,1.51,3.9107502226739337,3.91,measured_success,202
555,ppo,1000555,1546,monoprotic,medium,base,single,1,4.424,5.842,0.07221658126999346,0,0,,1,0,0,1,0,6,0,0.07223387974712292,7.069999999999999,0.0,7.069999999999999,5.769766120252877,5.7700000000000005,measured_success,202
555,ppo,1000555,1547,monoprotic,medium,base,single,1,6.454,8.312,0.11532631069888913,2,0,0.315,1,0,0,1,0,4,2,0.06538863238162484,9.3,0.63,8.67,8.246611367618375,8.25,measured_success,202
555,ppo,1000555,1548,diprotic,far,base,separated,2,5.638,7.909,0.04024361122363462,5,2,0.035,1,0,0,1,0,7,5,0.053171489282276774,8.98,3.03,5.95,7.962171489282277,7.96,measured_success,202
555,ppo,1000555,1549,diprotic,medium,acid,separated,2,4.906,3.975,0.06082487679954473,1,0,0.9,1,0,0,1,0,2,1,0.0955711698627133,5.67,5.67,0.0,3.879428830137287,3.88,measured_success,202
555,ppo,1000555,1550,monoprotic,medium,base,single,1,5.231,6.783,0.03800607365165263,3,1,0.315,1,0,0,1,0,4,3,0.08310625925716675,8.73,2.85,5.88,6.866106259257167,6.87,measured_success,202
555,ppo,1000555,1551,monoprotic,near,base,single,1,7.715,8.362,0.035842210000056364,3,1,0.09,1,1,0,1,0,4,3,0.02975307108259706,3.5100000000000002,1.21,2.3000000000000003,8.391753071082597,8.39,measured_success,202
555,ppo,1000555,1552,monoprotic,far,acid,single,1,7.367,3.619,0.08188413694776238,8,7,0.015,1,1,0,1,0,11,8,0.049956749214327356,18.5,9.820000000000002,8.68,3.6689567492143276,3.67,measured_success,202
555,ppo,1000555,1553,monoprotic,near,acid,single,1,3.763,3.164,0.09538283063596598,0,0,,1,0,0,1,0,3,0,0.06783636257972114,4.06,4.06,0.0,3.2318363625797213,3.23,measured_success,202
555,ppo,1000555,1554,monoprotic,medium,base,single,1,3.261,4.899,0.07580523993541173,7,4,0.01,1,1,0,1,0,15,7,0.028688642401506037,11.42,5.27,6.15,4.927688642401506,4.93,measured_success,202
555,ppo,1000555,1555,diprotic,medium,base,separated,2,4.332,6.231,0.10615280180761563,2,0,0.06,1,0,0,1,0,6,2,0.08060818360515754,10.370000000000001,0.98,9.39,6.150391816394842,6.15,measured_success,202
555,ppo,1000555,1556,monoprotic,near,acid,single,1,2.908,2.454,0.0818120766087639,2,0,0.515,1,0,0,1,0,2,2,0.08135692959578966,3.1500000000000004,2.12,1.03,2.53535692959579,2.54,measured_success,202
555,ppo,1000555,1557,monoprotic,far,acid,single,1,4.539,1.523,0.04168464165850074,0,0,,1,1,0,1,0,1,0,0.0134422369668028,6.07,6.07,0.0,1.5364422369668027,1.54,measured_success,202
555,ppo,1000555,1558,monoprotic,medium,base,single,1,7.23,8.692,0.03990042832590902,6,3,0.015,1,0,0,1,0,11,6,0.08544447094577023,12.530000000000001,6.010000000000002,6.52,8.60655552905423,8.61,measured_success,202
555,ppo,1000555,1559,diprotic,near,acid,separated,2,3.228,2.86,0.1264543702582658,0,0,,1,1,0,1,0,4,0,0.048474357612195096,4.0200000000000005,4.0200000000000005,0.0,2.908474357612195,2.91,measured_success,202
555,ppo,1000555,1560,triprotic,near,base,separated,3,5.057,5.443,0.08711361094514483,0,0,,1,1,0,1,0,2,0,0.04746826205270871,3.1500000000000004,0.0,3.1500000000000004,5.395531737947291,5.4,measured_success,202
555,ppo,1000555,1561,triprotic,near,base,separated,3,6.001,6.576,0.11348606988157903,0,0,,1,0,0,1,0,5,0,0.09610335872461295,4.72,0.0,4.72,6.479896641275387,6.48,measured_success,202
555,ppo,1000555,1562,monoprotic,near,acid,single,1,2.503,1.942,0.07664621399945348,0,0,,1,0,0,1,0,1,0,0.09270292043957462,3.48,3.48,0.0,2.0347029204395746,2.0300000000000002,measured_success,202
555,ppo,1000555,1563,diprotic,far,acid,separated,2,4.743,2.297,0.08192518827805659,1,1,0.515,1,1,0,1,0,5,1,0.010436815408331857,13.17,12.66,0.51,2.2865631845916683,2.29,measured_success,202
555,ppo,1000555,1564,monoprotic,medium,acid,single,1,2.761,1.585,0.08323031828118621,0,0,,1,0,0,1,0,5,0,0.0624997142662167,9.899999999999999,9.899999999999999,0.0,1.6474997142662167,1.6500000000000001,measured_success,202
555,ppo,1000555,1565,triprotic,near,acid,separated,3,6.472,6.117,0.1188966073745568,0,0,,1,0,0,1,0,2,0,0.07550699866877242,2.14,2.14,0.0,6.192506998668772,6.19,measured_success,202
555,ppo,1000555,1566,triprotic,near,acid,separated,3,7.615,7.014,0.054772305140858686,1,0,1.06,1,0,0,1,0,1,1,0.0777390972086609,2.12,2.12,0.0,6.936260902791339,6.94,measured_success,202
555,ppo,1000555,1567,diprotic,far,base,separated,2,6.657,10.338,0.03725879344339044,5,3,0.035,1,0,0,1,0,9,5,0.07811685052526762,14.650000000000002,5.760000000000001,8.89,10.416116850525267,10.42,measured_success,202
555,ppo,1000555,1568,monoprotic,far,acid,single,1,7.364,4.034,0.14677943732869633,4,3,0.155,1,1,0,1,0,11,4,0.04102268477065696,22.39,17.21,5.18,4.075022684770657,4.08,measured_success,202
555,ppo,1000555,1569,monoprotic,near,acid,single,1,6.677,6.257,0.14262212988542286,0,0,,1,0,0,1,0,8,0,0.0979767668648499,4.0,4.0,0.0,6.35497676686485,6.3500000000000005,measured_success,202
555,ppo,1000555,1570,diprotic,near,base,separated,2,4.161,4.473,0.03638200334653133,2,1,0.375,1,0,0,1,0,2,2,0.05120619156095696,2.26,0.75,1.51,4.421793808439043,4.42,measured_success,202
555,ppo,1000555,1571,triprotic,medium,base,separated,3,5.052,6.653,0.08348716493331437,2,1,1.31,1,0,0,1,0,5,2,0.07626855667269528,9.22,2.62,6.6000000000000005,6.576731443327304,6.58,measured_success,202
555,ppo,1000555,1572,diprotic,near,acid,separated,2,3.827,3.548,0.05592111645922282,0,0,,1,1,0,1,0,1,0,0.021623229388811893,1.51,1.51,0.0,3.569623229388812,3.5700000000000003,measured_success,202
555,ppo,1000555,1573,diprotic,medium,acid,overlapping,2,3.739,2.53,0.09992168707392503,2,2,0.395,1,1,0,1,0,5,2,0.0180144222573424,8.55,7.76,0.79,2.548014422257342,2.5500000000000003,measured_success,202
555,ppo,1000555,1574,monoprotic,medium,base,single,1,3.319,4.031,0.0647711860496321,2,1,0.425,1,1,0,1,0,3,2,0.0034757978479662555,3.53,0.85,2.6799999999999997,4.027524202152033,4.03,measured_success,202
555,ppo,1000555,1575,triprotic,near,acid,separated,3,6.733,6.108,0.03988343405667468,1,0,0.755,1,1,0,1,0,1,1,0.010020480360993567,1.51,1.51,0.0,6.097979519639006,6.1000000000000005,measured_success,202
555,ppo,1000555,1576,monoprotic,near,acid,single,1,2.424,2.122,0.06705454090265267,2,0,0.515,1,0,0,1,0,2,2,0.05519739004942359,3.1500000000000004,2.12,1.03,2.1771973900494235,2.18,measured_success,202
555,ppo,1000555,1577,diprotic,medium,base,separated,2,3.238,4.735,0.045649128625460327,1,0,0.265,1,1,0,1,0,2,1,0.02685200859130976,5.78,0.0,5.78,4.76185200859131,4.76,measured_success,202
555,ppo,1000555,1578,diprotic,near,base,separated,2,2.188,2.475,0.07850207679771258,0,0,,1,1,0,1,0,1,0,0.037605421759228985,1.51,0.0,1.51,2.437394578240771,2.44,measured_success,202
555,ppo,1000555,1579,monoprotic,medium,base,single,1,5.187,5.963,0.09407324280959979,0,0,,1,0,0,1,0,2,0,0.058740428110875875,3.11,0.0,3.11,5.904259571889124,5.9,measured_success,202
555,ppo,1000555,1580,triprotic,near,base,separated,3,5.357,5.59,0.04880605459428615,0,0,,0,0,0,0,0,50,0,0.14803142331520647,0.5000000000000002,0.0,0.5000000000000002,5.441968576684793,5.44,max_steps,202
555,ppo,1000555,1581,monoprotic,medium,acid,single,1,6.76,5.853,0.03344671832129154,45,3,0.01,0,0,0,0,0,50,45,0.1198545872255039,6.049999999999991,3.0899999999999954,2.9599999999999955,5.733145412774496,5.73,max_steps,202
555,ppo,1000555,1582,triprotic,near,acid,separated,3,5.106,4.616,0.05639771711708836,0,0,,1,0,0,1,0,1,0,0.057274489457677547,1.51,1.51,0.0,4.673274489457677,4.67,measured_success,202
555,ppo,1000555,1583,monoprotic,near,base,single,1,3.514,4.204,0.13685948981685772,0,0,,1,0,0,1,0,4,0,0.08603751287704586,5.2299999999999995,0.0,5.2299999999999995,4.117962487122954,4.12,measured_success,202
555,ppo,1000555,1584,monoprotic,medium,base,single,1,3.958,5.858,0.09903326011115458,3,1,0.315,1,1,0,1,0,6,3,0.012618952902802683,10.41,4.530000000000001,5.88,5.870618952902802,5.87,measured_success,202
555,ppo,1000555,1585,monoprotic,medium,base,single,1,8.345,9.826,0.09627332563991123,1,0,0.045,1,0,0,1,0,23,1,0.084799947757638,3.8299999999999987,0.0,3.8299999999999987,9.910799947757639,9.91,measured_success,202
555,ppo,1000555,1586,diprotic,medium,acid,separated,2,4.019,3.194,0.07550560227785845,3,1,0.425,1,0,0,1,0,4,3,0.0874329056343024,6.9399999999999995,4.72,2.22,3.1065670943656976,3.11,measured_success,202
555,ppo,1000555,1587,diprotic,far,acid,separated,2,4.818,2.394,0.09986519692224223,0,0,,1,0,0,1,0,8,0,0.0683406641777129,19.580000000000005,19.580000000000005,0.0,2.462340664177713,2.46,measured_success,202
555,ppo,1000555,1588,monoprotic,medium,base,single,1,5.826,7.527,0.1706299701313585,0,0,,1,0,0,1,0,7,0,0.06254348760527417,13.850000000000001,0.0,13.850000000000001,7.464456512394726,7.46,measured_success,202
555,ppo,1000555,1589,diprotic,far,acid,separated,2,4.763,1.54,0.03961616956866377,0,0,,1,0,0,1,0,4,0,0.056626671526928796,9.75,9.75,0.0,1.5966266715269288,1.6,measured_success,202
555,ppo,1000555,1590,triprotic,near,acid,separated,3,4.246,3.769,0.04898581050714577,0,0,,1,1,0,1,0,2,0,0.011593549146502014,2.54,2.54,0.0,3.780593549146502,3.7800000000000002,measured_success,202
555,ppo,1000555,1591,monoprotic,near,acid,single,1,7.112,6.567,0.053813317695038186,1,0,0.755,1,1,0,1,0,1,1,0.0024078223443737556,1.51,1.51,0.0,6.564592177655626,6.5600000000000005,measured_success,202
555,ppo,1000555,1592,monoprotic,medium,base,single,1,8.153,9.486,0.06153766271437735,0,0,,1,1,0,1,0,28,0,0.03626479351643397,4.759999999999999,0.0,4.759999999999999,9.449735206483567,9.450000000000001,measured_success,202
555,ppo,1000555,1593,diprotic,far,acid,separated,2,6.281,3.179,0.030511970056036983,1,0,3.035,1,0,0,1,0,2,1,0.05379280370606265,6.7,6.07,0.63,3.125207196293937,3.13,measured_success,202
555,ppo,1000555,1594,monoprotic,far,acid,single,1,4.427,1.643,0.08347755810007895,0,0,,1,1,0,1,0,4,0,0.02025188593497984,11.74,11.74,0.0,1.6632518859349799,1.6600000000000001,measured_success,202
555,ppo,1000555,1595,triprotic,near,base,separated,3,8.597,9.117,0.1306470400009395,0,0,,1,0,0,1,0,10,0,0.06771366232335296,1.42,0.0,1.42,9.049286337676648,9.05,measured_success,202
555,ppo,1000555,1596,monoprotic,medium,base,single,1,6.697,7.437,0.07010139839281844,2,0,0.425,1,1,0,1,0,3,2,0.04449507040209166,3.33,0.85,2.48,7.392504929597909,7.390000000000001,measured_success,202
555,ppo,1000555,1597,diprotic,medium,base,separated,2,5.125,6.074,0.11741015365287191,0,0,,1,0,0,1,0,10,0,0.09843766167167622,8.97,0.0,8.97,5.975562338328324,5.98,measured_success,202
555,ppo,1000555,1598,diprotic,medium,base,separated,2,3.722,4.919,0.06583400075551973,0,0,,1,1,0,1,0,1,0,0.03439586669576489,5.25,0.0,5.25,4.884604133304235,4.88,measured_success,202
555,ppo,1000555,1599,monoprotic,medium,base,single,1,7.221,8.227,0.07223112901255768,1,0,2.02,1,1,0,1,0,1,1,0.035694764807139734,4.04,0.0,4.04,8.26269476480714,8.26,measured_success,202
555,ppo,1000555,1600,diprotic,medium,acid,separated,2,3.933,3.034,0.04287874758751309,1,0,1.935,1,0,0,1,0,2,1,0.06649370542405464,4.9,3.87,1.03,2.967506294575945,2.97,measured_success,202
555,ppo,1000555,1601,diprotic,medium,base,separated,2,4.8,6.386,0.09325733932672978,0,0,,1,1,0,1,0,3,0,0.007647262397703081,8.95,0.0,8.95,6.378352737602297,6.38,measured_success,202
555,ppo,1000555,1602,triprotic,medium,acid,separated,3,5.796,4.55,0.10771262515703078,0,0,,1,0,0,1,0,2,0,0.08034544543335809,5.67,5.67,0.0,4.630345445433358,4.63,measured_success,202
555,ppo,1000555,1603,monoprotic,near,base,single,1,4.642,4.951,0.06989628468416331,1,1,0.755,1,1,0,1,0,2,1,0.016840162389180513,2.26,0.75,1.51,4.96784016238918,4.97,measured_success,202
555,ppo,1000555,1604,triprotic,near,base,overlapping,3,3.78,4.136,0.030962590669533833,2,1,0.105,1,1,0,1,0,4,2,0.00872612830583197,2.7,1.19,1.51,4.127273871694168,4.13,measured_success,202
555,ppo,1000555,1605,monoprotic,near,base,single,1,4.372,4.65,0.03110519806946586,3,1,0.155,1,1,0,1,0,4,3,0.032673674928345164,3.2,1.38,1.82,4.6826736749283455,4.68,measured_success,202
555,ppo,1000555,1606,diprotic,medium,acid,overlapping,2,4.46,2.617,0.03455769443197505,3,1,0.135,1,0,0,1,0,4,3,0.06668263783738482,6.5,5.33,1.17,2.550317362162615,2.5500000000000003,measured_success,202
555,ppo,1000555,1607,diprotic,near,acid,separated,2,2.203,1.972,0.11189843606200305,0,0,,1,1,0,1,0,1,0,0.037759548326232295,2.12,2.12,0.0,2.0097595483262323,2.0100000000000002,measured_success,202
555,ppo,1000555,1608,diprotic,medium,base,separated,2,5.014,6.218,0.09098146619967877,0,0,,1,1,0,1,0,4,0,0.035847894240669476,5.1899999999999995,0.0,5.1899999999999995,6.1821521057593305,6.18,measured_success,202
555,ppo,1000555,1609,monoprotic,medium,acid,single,1,5.864,4.971,0.03825507975305256,1,0,1.06,1,0,0,1,0,1,1,0.05763707808002039,2.12,2.12,0.0,4.91336292191998,4.91,measured_success,202
555,ppo,1000555,1610,diprotic,near,acid,separated,2,5.796,5.583,0.06476255405828359,0,0,,0,0,0,0,0,50,0,0.12449607556937359,0.5000000000000002,0.5000000000000002,0.0,5.707496075569374,5.71,max_steps,202
555,ppo,1000555,1611,diprotic,medium,acid,overlapping,2,2.632,1.797,0.047323868029991806,0,0,,1,1,0,1,0,3,0,0.026863225674258695,6.3100000000000005,6.3100000000000005,0.0,1.8238632256742586,1.82,measured_success,202
555,ppo,1000555,1612,diprotic,far,base,separated,2,2.758,5.923,0.03066962849183065,7,4,0.04,1,1,0,1,0,11,7,0.022398695688362835,14.68,4.21,10.469999999999999,5.945398695688363,5.95,measured_success,202
555,ppo,1000555,1613,monoprotic,near,acid,single,1,5.791,5.404,0.04467705918157706,2,0,0.315,1,0,0,1,0,2,2,0.07002194469982825,2.14,1.51,0.63,5.474021944699828,5.47,measured_success,202
555,ppo,1000555,1614,monoprotic,medium,acid,single,1,4.706,3.931,0.03408848673511604,3,1,0.135,1,0,0,1,0,4,3,0.09317918769401157,3.8400000000000003,2.45,1.3900000000000001,3.8378208123059885,3.84,measured_success,202
555,ppo,1000555,1615,monoprotic,far,acid,single,1,6.165,2.173,0.07574484425318387,1,0,3.93,1,0,0,1,0,5,1,0.058319376746357676,9.88,7.86,2.02,2.1146806232536424,2.11,measured_success,202
555,ppo,1000555,1616,diprotic,near,acid,separated,2,6.886,6.641,0.12955730382142872,0,0,,0,0,0,0,0,50,0,0.17337052693638455,0.5000000000000002,0.5000000000000002,0.0,6.814370526936385,6.8100000000000005,max_steps,202
555,ppo,1000555,1617,diprotic,medium,base,separated,2,4.445,6.428,0.04083492471048044,5,2,0.055,1,1,0,1,0,5,5,0.048561945022080444,8.84,2.85,5.99,6.47656194502208,6.48,measured_success,202
555,ppo,1000555,1618,monoprotic,far,base,single,1,3.404,6.383,0.049258881957124294,48,24,0.01,0,0,1,0,0,50,48,0.629472743250294,13.869999999999992,6.219999999999996,7.649999999999996,5.753527256749706,5.75,max_steps,202
555,ppo,1000555,1619,monoprotic,near,acid,single,1,8.476,8.15,0.16842086654903954,0,0,,0,0,0,0,0,50,0,0.26527798632680266,0.5000000000000002,0.5000000000000002,0.0,8.415277986326803,8.42,max_steps,202
555,ppo,1000555,1620,monoprotic,medium,acid,single,1,7.785,6.539,0.09574167997395289,0,0,,1,1,0,1,0,4,0,0.023963771361660946,6.33,6.33,0.0,6.562963771361661,6.5600000000000005,measured_success,202
555,ppo,1000555,1621,diprotic,near,acid,overlapping,2,3.296,2.884,0.06296733030986465,0,0,,1,0,0,1,0,2,0,0.08982827451842512,2.54,2.54,0.0,2.973828274518425,2.97,measured_success,202
555,ppo,1000555,1622,monoprotic,medium,acid,single,1,7.669,6.469,0.05682517936355679,4,1,0.18,1,0,0,1,0,5,4,0.057596063315156876,7.18,4.89,2.29,6.526596063315157,6.53,measured_success,202
555,ppo,1000555,1623,monoprotic,near,base,single,1,9.39,9.676,0.14544818087037964,0,0,,1,0,0,1,0,21,0,0.09021219991924134,0.21000000000000005,0.0,0.21000000000000005,9.585787800080759,9.59,measured_success,202
555,ppo,1000555,1624,diprotic,medium,base,overlapping,2,5.952,7.11,0.055461424333958134,3,1,0.18,1,1,0,1,0,8,3,0.03073938456247216,10.05,4.890000000000001,5.16,7.1407393845624725,7.140000000000001,measured_success,202
555,ppo,1000555,1625,monoprotic,near,base,single,1,5.938,6.369,0.1032461682627187,1,0,1.06,1,0,0,1,0,2,1,0.07547116594355607,2.75,0.63,2.12,6.444471165943556,6.44,measured_success,202
555,ppo,1000555,1626,diprotic,far,base,separated,2,4.05,6.825,0.16840096341729927,2,0,0.06,1,0,0,1,0,14,2,0.0559421633554793,20.72000000000001,1.9100000000000001,18.81000000000001,6.769057836644521,6.7700000000000005,measured_success,202
555,ppo,1000555,1627,triprotic,medium,base,separated,3,4.527,6.288,0.09545173380705996,0,0,,1,0,0,1,0,5,0,0.0853687419573923,6.709999999999999,0.0,6.709999999999999,6.202631258042608,6.2,measured_success,202
555,ppo,1000555,1628,triprotic,near,base,separated,3,5.627,5.991,0.08979568317967576,0,0,,1,0,0,1,0,1,0,0.09285779301576902,2.12,0.0,2.12,5.898142206984231,5.9,measured_success,202
555,ppo,1000555,1629,triprotic,near,acid,separated,3,2.303,1.795,0.04792018999970762,2,0,0.515,1,0,0,1,0,2,2,0.05218081160596544,4.51,3.48,1.03,1.8471808116059654,1.85,measured_success,202
555,ppo,1000555,1630,triprotic,far,acid,overlapping,3,4.174,1.706,0.07522662899289005,0,0,,1,0,0,1,0,10,0,0.08190065891768805,27.260000000000005,27.260000000000005,0.0,1.787900658917688,1.79,measured_success,202
555,ppo,1000555,1631,triprotic,far,acid,separated,3,6.892,3.708,0.07392503588021035,0,0,,1,1,0,1,0,4,0,0.04596369260790922,13.53,13.53,0.0,3.7539636926079094,3.75,measured_success,202
555,ppo,1000555,1632,monoprotic,medium,base,single,1,6.946,8.265,0.1467527493601352,1,0,0.28,1,0,0,1,0,5,1,0.09479127771167128,10.140000000000002,0.0,10.140000000000002,8.359791277711672,8.36,measured_success,202
555,ppo,1000555,1633,triprotic,near,acid,separated,3,3.145,2.611,0.06152332016337738,1,0,1.09,1,1,0,1,0,1,1,0.04725938071417124,2.18,2.18,0.0,2.563740619285829,2.56,measured_success,202
555,ppo,1000555,1634,monoprotic,medium,acid,single,1,3.344,1.714,0.17643334681831246,0,0,,1,0,0,1,0,7,0,0.07338314622813824,14.579999999999997,14.579999999999997,0.0,1.7873831462281382,1.79,measured_success,202
555,ppo,1000555,1635,diprotic,medium,acid,separated,2,5.805,4.105,0.09048295399190229,0,0,,1,0,0,1,0,12,0,0.05787399493805445,16.490000000000002,16.490000000000002,0.0,4.162873994938055,4.16,measured_success,202
555,ppo,1000555,1636,monoprotic,medium,base,single,1,6.405,7.895,0.05288964221009653,4,2,0.06,1,1,0,1,0,11,4,0.024550771721845166,10.760000000000002,4.800000000000002,5.959999999999999,7.870449228278154,7.87,measured_success,202
555,ppo,1000555,1637,monoprotic,near,base,single,1,3.243,3.801,0.11553101166907988,0,0,,1,0,0,1,0,4,0,0.061249144920770604,4.77,0.0,4.77,3.7397508550792296,3.74,measured_success,202
555,ppo,1000555,1638,triprotic,medium,acid,separated,3,6.509,5.242,0.05029909261979127,0,0,,1,0,0,1,0,1,0,0.07352229212867112,3.87,3.87,0.0,5.315522292128671,5.32,measured_success,202
555,ppo,1000555,1639,diprotic,far,base,separated,2,4.281,7.739,0.09822043128988216,46,21,0.01,0,0,1,0,0,50,46,0.607779891802747,15.229999999999993,5.179999999999997,10.049999999999995,7.131220108197253,7.13,max_steps,202
555,ppo,1000555,1640,monoprotic,near,base,single,1,8.465,9.089,0.09410070653324708,0,0,,1,0,0,1,0,12,0,0.07142603347299392,1.9199999999999997,0.0,1.9199999999999997,9.017573966527006,9.02,measured_success,202
555,ppo,1000555,1641,monoprotic,far,acid,single,1,8.26,5.757,0.05110397951728453,8,7,0.01,1,0,0,1,0,42,8,0.08589279579742737,14.439999999999998,8.669999999999998,5.77,5.842892795797427,5.84,measured_success,202
555,ppo,1000555,1642,triprotic,medium,acid,separated,3,7.566,5.868,0.06763767288949746,1,0,0.9,1,1,0,1,0,2,1,0.0356864729401547,6.859999999999999,6.859999999999999,0.0,5.832313527059846,5.83,measured_success,202
555,ppo,1000555,1643,diprotic,near,acid,separated,2,5.931,5.243,0.08793479694609964,0,0,,1,0,0,1,0,4,0,0.06080346703611639,2.7600000000000002,2.7600000000000002,0.0,5.303803467036117,5.3,measured_success,202
555,ppo,1000555,1644,diprotic,medium,acid,separated,2,4.451,3.113,0.11996252506992677,0,0,,1,0,0,1,0,10,0,0.06666321389048901,12.790000000000001,12.790000000000001,0.0,3.179663213890489,3.18,measured_success,202
555,ppo,1000555,1645,monoprotic,medium,base,single,1,2.465,3.37,0.061939308475032546,2,1,0.255,1,0,0,1,0,3,2,0.06157756665225289,3.8,0.51,3.29,3.308422433347747,3.31,measured_success,202
555,ppo,1000555,1646,diprotic,medium,acid,separated,2,6.628,5.46,0.14811754922393103,0,0,,1,0,0,1,0,7,0,0.05167696845000602,6.419999999999999,6.419999999999999,0.0,5.511676968450006,5.51,measured_success,202
555,ppo,1000555,1647,triprotic,medium,base,separated,3,3.166,5.154,0.03868909773784987,2,0,0.315,1,0,0,1,0,4,2,0.06142979130072668,7.039999999999999,1.48,5.56,5.092570208699273,5.09,measured_success,202
555,ppo,1000555,1648,monoprotic,medium,acid,single,1,3.128,1.593,0.032049668744138,1,0,2.625,1,1,0,1,0,1,0,0.0012865899929868085,5.25,5.25,0.0,1.5942865899929868,1.59,measured_success,202
555,ppo,1000555,1649,triprotic,medium,base,overlapping,3,2.864,4.042,0.031137267206568123,3,1,0.21,1,1,0,1,0,3,3,0.01694361279628609,6.52,0.85,5.67,4.058943612796286,4.0600000000000005,measured_success,202
555,ppo,1000555,1650,diprotic,near,base,separated,2,5.131,5.787,0.04012127834754083,1,0,1.13,1,1,0,1,0,2,1,0.042309182967879444,3.11,0.85,2.26,5.829309182967879,5.83,measured_success,202
555,ppo,1000555,1651,monoprotic,far,base,single,1,2.968,5.47,0.08889937423943724,6,4,0.015,1,0,0,1,0,11,6,0.07716190738641249,9.53,3.4999999999999996,6.03,5.392838092613587,5.39,measured_success,202
555,ppo,1000555,1652,diprotic,near,acid,separated,2,6.205,5.978,0.12252820361146206,0,0,,0,0,0,0,0,50,0,0.14324927905922458,0.5000000000000002,0.5000000000000002,0.0,6.121249279059224,6.12,max_steps,202
555,ppo,1000555,1653,monoprotic,far,acid,single,1,7.437,4.429,0.09140985487820306,8,5,0.01,1,1,0,1,0,12,8,0.010137449425510425,17.159999999999997,10.099999999999998,7.059999999999999,4.439137449425511,4.44,measured_success,202
555,ppo,1000555,1654,diprotic,near,base,separated,2,3.117,3.441,0.03696604868177179,3,2,0.155,1,1,0,1,0,5,3,0.03958345700896437,3.3499999999999996,1.5299999999999998,1.82,3.480583457008964,3.48,measured_success,202
555,ppo,1000555,1655,monoprotic,near,acid,single,1,6.448,6.199,0.08692401535644631,0,0,,1,0,0,1,0,50,0,0.09443135492716692,0.5000000000000002,0.5000000000000002,0.0,6.293431354927167,6.29,measured_success,202
555,ppo,1000555,1656,triprotic,medium,acid,separated,3,4.123,3.138,0.11979408835715599,0,0,,1,0,0,1,0,2,0,0.09051873240945518,5.67,5.67,0.0,3.228518732409455,3.23,measured_success,202
555,ppo,1000555,1657,monoprotic,medium,acid,single,1,6.977,5.435,0.035115195999133174,2,0,0.9,1,0,0,1,0,2,2,0.08586072684691981,5.67,3.87,1.8,5.520860726846919,5.5200000000000005,measured_success,202
555,ppo,1000555,1658,triprotic,near,base,separated,3,4.315,4.9,0.16549315809476117,0,0,,1,0,0,1,0,2,0,0.06884567609644954,3.29,0.0,3.29,4.831154323903551,4.83,measured_success,202
555,ppo,1000555,1659,monoprotic,medium,acid,single,1,8.317,6.727,0.16560211636770605,0,0,,0,0,1,0,0,50,0,1.3944214637178654,1.500000000000001,1.500000000000001,0.0,8.121421463717866,8.120000000000001,max_steps,202
555,ppo,1000555,1660,monoprotic,far,acid,single,1,6.062,3.689,0.05810900567185652,1,1,0.155,1,1,0,1,0,4,1,0.025995081291230626,7.16,7.01,0.15,3.6630049187087694,3.66,measured_success,202
555,ppo,1000555,1661,triprotic,near,base,separated,3,3.104,3.416,0.06435090830558854,1,0,0.755,1,1,0,1,0,1,0,0.0003982272124232189,1.51,0.0,1.51,3.4156017727875767,3.42,measured_success,202
555,ppo,1000555,1662,monoprotic,medium,acid,single,1,5.141,3.529,0.08545561238402206,1,0,2.53,1,0,0,1,0,2,1,0.05689565632854077,6.859999999999999,5.06,1.8,3.472104343671459,3.47,measured_success,202
555,ppo,1000555,1663,diprotic,medium,acid,overlapping,2,2.769,1.832,0.06646948136411564,1,0,1.935,1,1,0,1,0,1,1,0.035383832484509936,3.87,3.87,0.0,1.7966161675154901,1.8,measured_success,202
555,ppo,1000555,1664,triprotic,far,acid,separated,3,6.119,3.133,0.13276341655637416,0,0,,1,0,0,1,0,11,0,0.05402566649804452,25.209999999999997,25.209999999999997,0.0,3.1870256664980445,3.19,measured_success,202
555,ppo,1000555,1665,monoprotic,near,base,single,1,5.853,6.519,0.1400250619515016,0,0,,0,0,0,1,1,4,0,0.10389544315610344,4.41,0.0,4.41,6.415104556843897,6.42,measured_success,202
555,ppo,1000555,1666,triprotic,far,acid,separated,3,5.62,2.224,0.04391579680567932,1,0,0.515,1,0,0,1,0,3,1,0.06446432083416287,11.729999999999999,11.729999999999999,0.0,2.1595356791658373,2.16,measured_success,202
555,ppo,1000555,1667,monoprotic,medium,acid,single,1,6.611,5.72,0.1341474297180999,0,0,,1,0,0,1,0,4,0,0.07824707387319751,5.36,5.36,0.0,5.798247073873197,5.8,measured_success,202
555,ppo,1000555,1668,diprotic,medium,base,separated,2,2.079,3.684,0.047094981365188436,0,0,,1,0,0,1,0,3,0,0.057125551470614155,6.09,0.0,6.09,3.626874448529386,3.63,measured_success,202
555,ppo,1000555,1669,monoprotic,medium,acid,single,1,6.97,5.036,0.16832470796765825,7,5,0.015,1,1,0,1,0,9,7,0.0026830768032226615,9.209999999999999,6.72,2.4899999999999998,5.033316923196777,5.03,measured_success,202
555,ppo,1000555,1670,monoprotic,far,base,single,1,2.505,5.807,0.036969300585173906,45,27,0.01,0,0,1,0,0,50,45,3.48317775775236,15.90999999999999,6.989999999999996,8.919999999999995,9.29017775775236,9.290000000000001,max_steps,202
555,ppo,1000555,1671,monoprotic,near,acid,single,1,7.99,7.379,0.1376116237357137,0,0,,0,0,1,0,0,50,0,0.5560877749012558,0.5000000000000002,0.5000000000000002,0.0,7.935087774901255,7.94,max_steps,202
555,ppo,1000555,1672,triprotic,far,acid,separated,3,8.238,6.065,0.1421297544234744,0,0,,1,0,0,1,0,39,0,0.08032974980014007,16.450000000000003,16.450000000000003,0.0,6.1453297498001405,6.15,measured_success,202
555,ppo,1000555,1673,monoprotic,medium,acid,single,1,3.296,2.362,0.05770381812241303,2,0,0.515,1,0,0,1,0,2,2,0.0539761265522678,4.9,3.87,1.03,2.415976126552268,2.42,measured_success,202
555,ppo,1000555,1674,diprotic,near,base,separated,2,3.993,4.631,0.1635292847314428,0,0,,1,0,0,1,0,8,0,0.08488544128216624,6.469999999999998,0.0,6.469999999999998,4.546114558717834,4.55,measured_success,202
555,ppo,1000555,1675,monoprotic,medium,base,single,1,2.752,4.75,0.11116151015733106,6,3,0.02,1,1,0,1,0,10,6,0.03514699541841537,11.149999999999999,3.1,8.049999999999999,4.714853004581585,4.71,measured_success,202
555,ppo,1000555,1676,triprotic,medium,acid,separated,3,3.711,2.972,0.03525438522930994,2,1,0.515,1,1,0,1,0,3,2,0.027005332569566942,5.0200000000000005,3.99,1.03,2.999005332569567,3.0,measured_success,202
555,ppo,1000555,1677,triprotic,medium,base,overlapping,3,3.438,4.889,0.16523754986266667,3,1,0.155,1,0,0,1,0,7,3,0.0744690440074196,12.600000000000001,0.79,11.81,4.96346904400742,4.96,measured_success,202
555,ppo,1000555,1678,triprotic,medium,acid,separated,3,3.496,1.619,0.07667707868879092,0,0,,1,0,0,1,0,5,0,0.06491035239574638,10.389999999999999,10.389999999999999,0.0,1.6839103523957464,1.68,measured_success,202
555,ppo,1000555,1679,monoprotic,medium,base,single,1,3.676,5.122,0.04525044189685725,2,1,1.31,1,0,0,1,0,2,2,0.062293419511824766,7.87,2.62,5.25,5.059706580488175,5.0600000000000005,measured_success,202
555,ppo,1000555,1680,monoprotic,far,base,single,1,3.468,5.791,0.12782233565983564,4,1,0.06,1,1,0,1,0,9,4,0.005091713070488169,15.740000000000002,2.81,12.930000000000001,5.785908286929512,5.79,measured_success,202
555,ppo,1000555,1681,triprotic,far,base,separated,3,6.735,9.515,0.12013969494983986,4,0,0.025,1,1,0,1,0,11,4,0.03803260679660525,16.09,3.51,12.58,9.476967393203395,9.48,measured_success,202
555,ppo,1000555,1682,diprotic,medium,acid,separated,2,3.454,1.722,0.051508740449177685,1,0,0.9,1,1,0,1,0,2,1,0.004880701149935884,6.859999999999999,6.859999999999999,0.0,1.717119298850064,1.72,measured_success,202
555,ppo,1000555,1683,diprotic,medium,base,separated,2,2.944,3.725,0.04356018721165125,1,1,0.515,1,0,0,1,0,3,1,0.05198807647297832,3.8,0.51,3.29,3.7769880764729784,3.7800000000000002,measured_success,202
555,ppo,1000555,1684,diprotic,medium,acid,separated,2,3.788,2.721,0.06435277148249295,0,0,,1,0,0,1,0,2,0,0.05689788477743374,5.67,5.67,0.0,2.777897884777434,2.7800000000000002,measured_success,202
555,ppo,1000555,1685,triprotic,near,base,separated,3,5.268,5.722,0.166895192499316,0,0,,1,0,0,1,0,2,0,0.053052612810323474,3.1500000000000004,0.0,3.1500000000000004,5.668947387189677,5.67,measured_success,202
555,ppo,1000555,1686,monoprotic,medium,base,single,1,7.527,8.353,0.17419894702544073,1,0,0.315,1,1,0,1,0,3,1,0.03989405164460713,4.87,0.0,4.87,8.392894051644607,8.39,measured_success,202
555,ppo,1000555,1687,diprotic,near,base,separated,2,4.393,4.776,0.15848245431058933,0,0,,1,0,0,1,0,4,0,0.09582804345729734,3.21,0.0,3.21,4.6801719565427025,4.68,measured_success,202
555,ppo,1000555,1688,triprotic,near,base,separated,3,4.225,4.573,0.045229707715059464,0,0,,1,1,0,1,0,1,0,0.02322222085912884,1.51,0.0,1.51,4.549777779140872,4.55,measured_success,202
555,ppo,1000555,1689,monoprotic,medium,acid,single,1,4.426,3.163,0.13971760043683823,0,0,,1,0,0,1,0,3,0,0.08760132968635981,6.7,6.7,0.0,3.2506013296863596,3.25,measured_success,202
555,ppo,1000555,1690,diprotic,near,acid,separated,2,3.467,2.963,0.14768591346607088,0,0,,1,0,0,1,0,5,0,0.06289642023760944,6.27,6.27,0.0,3.0258964202376095,3.0300000000000002,measured_success,202
555,ppo,1000555,1691,diprotic,medium,acid,separated,2,3.349,2.387,0.06268968212540338,1,0,0.515,1,1,0,1,0,2,1,0.030872126081054052,4.9,4.9,0.0,2.356127873918946,2.36,measured_success,202
555,ppo,1000555,1692,triprotic,near,base,separated,3,2.75,3.197,0.05069653741717517,1,0,0.755,1,1,0,1,0,1,1,0.010760020448079999,1.51,0.0,1.51,3.20776002044808,3.21,measured_success,202
555,ppo,1000555,1693,triprotic,medium,acid,separated,3,4.369,3.641,0.07558192395126503,3,1,0.155,1,1,0,1,0,4,3,0.031034711229703582,4.03,3.0000000000000004,1.03,3.6099652887702964,3.61,measured_success,202
555,ppo,1000555,1694,diprotic,far,acid,separated,2,5.642,2.707,0.16396479184937024,1,0,0.9,1,0,0,1,0,7,1,0.05620797618889295,28.92,28.92,0.0,2.650792023811107,2.65,measured_success,202
555,ppo,1000555,1695,diprotic,near,acid,separated,2,2.218,1.557,0.04976532507481416,0,0,,1,0,0,1,0,1,0,0.07934371784909855,3.48,3.48,0.0,1.6363437178490985,1.6400000000000001,measured_success,202
555,ppo,1000555,1696,triprotic,medium,acid,separated,3,5.814,4.544,0.17037906709792225,0,0,,1,0,0,1,0,10,0,0.09591357460559191,10.570000000000002,10.570000000000002,0.0,4.6399135746055915,4.64,measured_success,202
555,ppo,1000555,1697,monoprotic,far,base,single,1,1.98,5.836,0.06324596042722841,43,22,0.01,0,0,1,0,0,50,43,3.0043566416601184,19.20999999999999,7.339999999999997,11.869999999999994,8.840356641660119,8.84,max_steps,202
555,ppo,1000555,1698,triprotic,near,acid,overlapping,3,3.727,3.12,0.17853997631741786,0,0,,1,0,0,1,0,22,0,0.08158552003100361,18.3,18.3,0.0,3.2015855200310037,3.2,measured_success,202
555,ppo,1000555,1699,diprotic,medium,acid,separated,2,7.269,6.31,0.035978733836770534,2,0,0.315,1,0,0,1,0,3,2,0.06020364221536223,3.06,2.43,0.63,6.370203642215362,6.37,measured_success,202
555,ppo,1000555,1700,monoprotic,medium,acid,single,1,6.098,4.219,0.03176263070956438,5,4,0.075,1,1,0,1,0,10,5,0.033128269547280986,11.669999999999998,6.81,4.859999999999999,4.185871730452719,4.19,measured_success,202
555,ppo,1000555,1701,monoprotic,near,acid,single,1,2.171,1.74,0.15088839085251338,0,0,,1,1,0,1,0,2,0,0.03986717584890154,4.51,4.51,0.0,1.7798671758489015,1.78,measured_success,202
555,ppo,1000555,1702,monoprotic,far,base,single,1,3.691,7.556,0.14652119468454547,46,1,0.01,0,0,0,0,0,50,46,0.1024145042378164,18.07999999999999,3.1799999999999953,14.899999999999995,7.453585495762184,7.45,max_steps,202
555,ppo,1000555,1703,diprotic,medium,acid,separated,2,4.374,2.74,0.06609452991340256,2,0,0.315,1,1,0,1,0,3,2,0.03361644255053253,5.999999999999999,5.369999999999999,0.63,2.7736164425505327,2.77,measured_success,202
555,ppo,1000555,1704,diprotic,medium,base,separated,2,3.821,4.77,0.1384408682552755,1,0,0.425,1,0,0,1,0,6,1,0.060016919920144574,3.76,0.65,3.11,4.830016919920144,4.83,measured_success,202
555,ppo,1000555,1705,monoprotic,near,acid,single,1,3.233,2.936,0.08615024722697555,1,1,0.755,1,0,0,1,0,2,1,0.08443031617415997,2.26,1.51,0.75,2.85156968382584,2.85,measured_success,202
555,ppo,1000555,1706,monoprotic,near,acid,single,1,2.127,1.709,0.042958033369440395,0,0,,1,1,0,1,0,1,0,0.004085551443480995,3.48,3.48,0.0,1.713085551443481,1.71,measured_success,202
555,ppo,1000555,1707,monoprotic,medium,base,single,1,6.762,8.496,0.057425458959886336,4,2,0.075,1,0,0,1,0,8,4,0.07993972337020772,12.34,5.830000000000001,6.51,8.416060276629793,8.42,measured_success,202
555,ppo,1000555,1708,monoprotic,medium,base,single,1,7.316,8.528,0.05314291947858895,3,0,0.18,1,0,0,1,0,5,3,0.08720193682250077,8.09,3.06,5.03,8.615201936822501,8.620000000000001,measured_success,202
555,ppo,1000555,1709,diprotic,medium,base,separated,2,3.67,4.595,0.05504088163447363,0,0,,1,0,0,1,0,2,0,0.08772004063673133,3.84,0.0,3.84,4.507279959363268,4.51,measured_success,202
555,ppo,1000555,1710,diprotic,medium,acid,separated,2,3.324,2.178,0.05705575884133571,2,1,0.515,1,0,0,1,0,3,2,0.07176813141273541,5.41,4.38,1.03,2.2497681314127354,2.25,measured_success,202
555,ppo,1000555,1711,monoprotic,near,base,single,1,4.114,4.472,0.08065030290482761,2,1,0.375,1,1,0,1,0,2,2,0.04880441566181748,2.26,0.75,1.51,4.423195584338183,4.42,measured_success,202
555,ppo,1000555,1712,diprotic,medium,acid,separated,2,6.168,4.298,0.04120722740619745,0,0,,1,0,0,1,0,4,0,0.05796196731085779,6.629999999999999,6.629999999999999,0.0,4.355961967310858,4.36,measured_success,202
555,ppo,1000555,1713,triprotic,near,base,separated,3,2.864,3.539,0.05812082420103125,0,0,,1,0,0,1,0,1,0,0.053229283593297705,2.26,0.0,2.26,3.4857707164067024,3.49,measured_success,202
555,ppo,1000555,1714,diprotic,near,acid,separated,2,3.335,3.023,0.031891653232978,1,1,0.755,1,0,0,1,0,2,1,0.053003943226849426,2.26,1.51,0.75,2.9699960567731507,2.97,measured_success,202
555,ppo,1000555,1715,triprotic,near,acid,separated,3,2.397,2.133,0.036843013182774074,1,0,1.06,1,1,0,1,0,2,1,0.002051726032767931,3.1500000000000004,2.12,1.03,2.130948273967232,2.13,measured_success,202
555,ppo,1000555,1716,diprotic,medium,acid,separated,2,6.384,5.595,0.06613533560990885,1,0,0.315,1,1,0,1,0,2,1,0.02637660165110578,2.14,2.14,0.0,5.568623398348894,5.57,measured_success,202
555,ppo,1000555,1717,diprotic,medium,base,separated,2,5.434,6.916,0.053081090182202396,1,0,2.625,1,1,0,1,0,3,1,0.014476913099983335,6.46,1.21,5.25,6.930476913099984,6.93,measured_success,202
555,ppo,1000555,1718,triprotic,far,acid,separated,3,4.126,1.871,0.06288619828358878,0,0,,1,0,0,1,0,6,0,0.08220784725663366,12.429999999999998,12.429999999999998,0.0,1.9532078472566337,1.95,measured_success,202
555,ppo,1000555,1719,monoprotic,near,base,single,1,6.084,6.579,0.11264701896031715,0,0,,1,0,0,1,0,3,0,0.055285341814099276,3.7100000000000004,0.0,3.7100000000000004,6.5237146581859005,6.5200000000000005,measured_success,202
555,ppo,1000555,1720,diprotic,medium,base,separated,2,3.113,3.88,0.06258748319603041,1,0,0.515,1,1,0,1,0,2,1,0.030046859859949038,3.29,0.0,3.29,3.910046859859949,3.91,measured_success,202
555,ppo,1000555,1721,diprotic,medium,acid,overlapping,2,4.344,3.548,0.09779066671213107,0,0,,1,0,0,1,0,5,0,0.05777449585668659,8.18,8.18,0.0,3.6057744958566866,3.61,measured_success,202
555,ppo,1000555,1722,monoprotic,near,base,single,1,7.478,7.809,0.1712850350113593,0,0,,0,0,0,0,0,50,0,0.296849436278527,0.5000000000000002,0.0,0.5000000000000002,7.512150563721473,7.51,max_steps,202
555,ppo,1000555,1723,diprotic,far,base,separated,2,5.921,9.253,0.04203092819135048,43,21,0.01,0,0,0,0,0,50,43,0.17435080173872564,14.449999999999992,6.259999999999997,8.189999999999996,9.427350801738726,9.43,max_steps,202
555,ppo,1000555,1724,diprotic,far,acid,overlapping,2,5.108,2.782,0.06535013667833507,2,0,0.315,1,0,0,1,0,4,2,0.08193211933695288,10.650000000000002,10.020000000000001,0.63,2.863932119336953,2.86,measured_success,202
555,ppo,1000555,1725,monoprotic,medium,acid,single,1,7.879,6.718,0.14478447232441866,0,0,,0,0,1,0,0,50,0,1.019672353712819,1.500000000000001,1.500000000000001,0.0,7.737672353712819,7.74,max_steps,202
555,ppo,1000555,1726,monoprotic,far,base,single,1,5.77,9.162,0.03989514604606799,47,26,0.01,0,0,0,0,0,50,47,0.4425377794501113,14.84999999999999,7.199999999999996,7.649999999999995,9.604537779450112,9.6,max_steps,202
555,ppo,1000555,1727,monoprotic,near,base,single,1,8.025,8.545,0.04474909790103405,2,0,0.425,1,1,0,1,0,2,2,0.03599630562855971,2.97,0.85,2.12,8.50900369437144,8.51,measured_success,202
555,ppo,1000555,1728,monoprotic,near,base,single,1,4.704,5.228,0.04646388509690036,3,3,0.28,1,1,0,1,0,4,3,0.028974691352223303,4.2299999999999995,1.41,2.82,5.256974691352223,5.26,measured_success,202
555,ppo,1000555,1729,triprotic,medium,base,separated,3,4.752,5.689,0.07538958291887182,0,0,,1,0,0,1,0,6,0,0.09332979266014085,5.849999999999999,0.0,5.849999999999999,5.595670207339859,5.6000000000000005,measured_success,202
555,ppo,1000555,1730,triprotic,near,base,separated,3,4.684,5.294,0.12434311828438037,0,0,,1,0,0,1,0,4,0,0.07681536461387939,5.22,0.0,5.22,5.21718463538612,5.22,measured_success,202
555,ppo,1000555,1731,monoprotic,near,acid,single,1,7.231,6.879,0.1423186043953443,0,0,,0,0,0,0,0,50,0,0.27635982242454915,0.5000000000000002,0.5000000000000002,0.0,7.155359822424549,7.16,max_steps,202
555,ppo,1000555,1732,monoprotic,medium,base,single,1,4.005,5.923,0.11626502130906405,1,0,0.425,1,1,0,1,0,6,1,0.028075104565859377,13.0,0.36,12.64,5.951075104565859,5.95,measured_success,202
555,ppo,1000555,1733,monoprotic,medium,acid,single,1,3.298,1.651,0.037247321227935455,0,0,,1,1,0,1,0,3,0,0.03833090414100293,7.89,7.89,0.0,1.689330904141003,1.69,measured_success,202
555,ppo,1000555,1734,monoprotic,near,acid,single,1,7.461,6.893,0.037210881699664265,2,0,0.315,1,1,0,1,0,2,2,0.0442704388582138,2.14,1.51,0.63,6.937270438858214,6.94,measured_success,202
555,ppo,1000555,1735,monoprotic,near,acid,single,1,4.549,4.168,0.11111624301616586,1,0,0.425,1,0,0,1,0,2,1,0.050527593123942616,2.36,2.36,0.0,4.1174724068760575,4.12,measured_success,202
555,ppo,1000555,1736,diprotic,near,base,separated,2,3.875,4.495,0.10588783509743113,1,0,0.515,1,0,0,1,0,2,1,0.07102236533062278,3.29,0.0,3.29,4.566022365330623,4.57,measured_success,202
555,ppo,1000555,1737,monoprotic,far,acid,single,1,6.024,3.5,0.08255077271199855,2,1,1.185,1,1,0,1,0,5,2,0.023060043230874072,13.79,7.25,6.54,3.523060043230874,3.52,measured_success,202
555,ppo,1000555,1738,monoprotic,far,base,single,1,2.442,4.991,0.11372682717918646,5,2,0.035,0,0,0,1,1,9,5,0.10250807538795925,11.639999999999999,2.6999999999999997,8.94,5.093508075387959,5.09,measured_success,202
555,ppo,1000555,1739,diprotic,far,base,separated,2,4.113,8.039,0.12766222104436983,43,22,0.01,0,0,1,0,0,50,43,1.0709975967374863,21.57999999999999,6.209999999999997,15.369999999999996,9.109997596737486,9.11,max_steps,202
555,ppo,1000555,1740,diprotic,near,acid,overlapping,2,3.148,2.943,0.07772381468722273,0,0,,1,1,0,1,0,1,0,0.022177678490515884,1.51,1.51,0.0,2.965177678490516,2.97,measured_success,202
555,ppo,1000555,1741,monoprotic,medium,acid,single,1,6.334,5.053,0.17728707372444014,1,1,0.315,1,1,0,1,0,4,1,0.02440213524717816,6.609999999999999,6.3,0.31,5.028597864752822,5.03,measured_success,202
555,ppo,1000555,1742,triprotic,medium,acid,separated,3,5.331,3.929,0.0396052876174521,2,0,0.315,1,0,0,1,0,2,2,0.06734562318516035,4.5,3.87,0.63,3.99634562318516,4.0,measured_success,202
555,ppo,1000555,1743,monoprotic,near,base,single,1,7.532,8.185,0.1279183712272632,0,0,,1,0,0,1,0,4,0,0.08957229842421022,4.359999999999999,0.0,4.359999999999999,8.09542770157579,8.1,measured_success,202
555,ppo,1000555,1744,monoprotic,near,base,single,1,2.882,3.164,0.1277191442689265,1,0,0.755,1,1,0,1,0,1,1,0.00772983408026251,1.51,0.0,1.51,3.1717298340802627,3.17,measured_success,202
555,ppo,1000555,1745,monoprotic,far,acid,single,1,5.241,2.458,0.041286435438589904,2,1,0.425,1,0,0,1,0,6,2,0.08559795366960365,11.75,6.49,5.26,2.543597953669604,2.54,measured_success,202
555,ppo,1000555,1746,monoprotic,medium,acid,single,1,8.044,6.658,0.1509524514415889,0,0,,0,0,1,0,0,50,0,1.2390186044367413,1.500000000000001,1.500000000000001,0.0,7.897018604436742,7.9,max_steps,202
555,ppo,1000555,1747,monoprotic,medium,acid,single,1,7.63,6.727,0.11317861596176987,0,0,,1,0,0,1,0,11,0,0.07491731381753652,5.9099999999999975,5.9099999999999975,0.0,6.801917313817537,6.8,measured_success,202
555,ppo,1000555,1748,monoprotic,medium,acid,single,1,8.098,6.289,0.0880001552246235,1,0,0.315,1,1,0,1,0,20,1,0.04024465609519723,8.0,8.0,0.0,6.2487553439048025,6.25,measured_success,202
555,ppo,1000555,1749,triprotic,near,acid,separated,3,7.285,6.733,0.16662613952661284,0,0,,0,0,0,1,1,8,0,0.10177955394105087,4.05,4.05,0.0,6.8347795539410505,6.83,measured_success,202
555,ppo,1000555,1750,monoprotic,far,acid,single,1,8.123,5.738,0.04407408905694287,4,3,0.075,1,0,0,1,0,12,4,0.07718772044140376,9.829999999999998,6.999999999999999,2.8299999999999996,5.815187720441404,5.82,measured_success,202
555,ppo,1000555,1751,triprotic,medium,acid,separated,3,4.496,3.617,0.10444173429885391,0,0,,1,1,0,1,0,2,0,0.02508820354708785,4.5,4.5,0.0,3.642088203547088,3.64,measured_success,202
555,ppo,1000555,1752,monoprotic,far,acid,single,1,5.354,1.799,0.11359199832600374,0,0,,1,0,0,1,0,1,0,0.06205263480494283,7.86,7.86,0.0,1.8610526348049428,1.86,measured_success,202
555,ppo,1000555,1753,triprotic,near,acid,separated,3,7.375,7.051,0.030615895024267713,0,0,,1,0,0,1,0,18,0,0.0978311212023435,0.18000000000000002,0.18000000000000002,0.0,7.148831121202344,7.15,measured_success,202
555,ppo,1000555,1754,triprotic,near,acid,separated,3,5.131,4.865,0.10896955297652632,0,0,,1,0,0,1,0,1,0,0.05134755279692804,1.51,1.51,0.0,4.916347552796928,4.92,measured_success,202
555,ppo,1000555,1755,triprotic,near,acid,separated,3,6.813,6.494,0.056301412948043666,0,0,,0,0,0,1,1,43,0,0.10054295985658257,0.4300000000000002,0.4300000000000002,0.0,6.594542959856582,6.59,measured_success,202
555,ppo,1000555,1756,monoprotic,medium,acid,single,1,4.453,3.353,0.05898251355745453,5,2,0.045,1,1,0,1,0,8,5,0.024185357838548693,8.870000000000001,4.87,4.0,3.3288146421614515,3.33,measured_success,202
555,ppo,1000555,1757,monoprotic,medium,base,single,1,4.105,5.956,0.13209452155766496,7,3,0.01,1,0,0,1,0,12,7,0.09240063230022866,10.72,4.720000000000001,6.0,6.048400632300229,6.05,measured_success,202
555,ppo,1000555,1758,monoprotic,near,acid,single,1,4.878,4.184,0.05283587489919339,2,1,0.255,1,1,0,1,0,3,2,0.04552636370359142,3.05,2.54,0.51,4.229526363703592,4.23,measured_success,202
555,ppo,1000555,1759,monoprotic,medium,acid,single,1,7.016,5.907,0.17081438029817383,4,2,0.155,1,0,0,1,0,5,4,0.08575034793178737,7.59,5.35,2.2399999999999998,5.992750347931787,5.99,measured_success,202
555,ppo,1000555,1760,diprotic,near,base,separated,2,3.819,4.15,0.12100156710076586,1,0,0.425,1,1,0,1,0,2,1,0.006390465440908599,2.36,0.0,2.36,4.156390465440909,4.16,measured_success,202
555,ppo,1000555,1761,triprotic,near,base,separated,3,5.605,6.032,0.05240408391113038,2,0,0.315,1,1,0,1,0,2,2,0.004831654075072578,2.75,0.63,2.12,6.0271683459249275,6.03,measured_success,202
555,ppo,1000555,1762,monoprotic,medium,base,single,1,3.619,4.475,0.03542146068608023,4,1,0.09,1,0,0,1,0,5,4,0.07839801501445542,4.56,1.88,2.6799999999999997,4.396601984985544,4.4,measured_success,202
555,ppo,1000555,1763,triprotic,medium,base,separated,3,3.007,3.79,0.10741903231016453,0,0,,1,1,0,1,0,3,1,0.004350933349894781,4.6899999999999995,0.0,4.6899999999999995,3.794350933349895,3.79,measured_success,202
555,ppo,1000555,1764,triprotic,far,acid,separated,3,5.634,2.724,0.09182620081541981,2,1,0.255,1,1,0,1,0,7,2,0.04658566489218696,18.390000000000004,17.880000000000003,0.51,2.770585664892187,2.77,measured_success,202
555,ppo,1000555,1765,diprotic,near,acid,overlapping,2,3.525,2.926,0.06804133288788902,3,1,0.135,1,1,0,1,0,4,3,0.012690730487303625,3.8400000000000003,2.45,1.3900000000000001,2.9133092695126965,2.91,measured_success,202
555,ppo,1000555,1766,diprotic,near,base,separated,2,4.136,4.705,0.07887208884798898,0,0,,1,0,0,1,0,2,0,0.07131115066423455,3.29,0.0,3.29,4.6336888493357655,4.63,measured_success,202
555,ppo,1000555,1767,monoprotic,near,base,single,1,2.483,2.978,0.11609118695994627,1,0,0.425,1,1,0,1,0,3,1,0.026725352413909054,3.39,0.0,3.39,3.0047253524139093,3.0,measured_success,202
555,ppo,1000555,1768,diprotic,medium,base,separated,2,4.156,5.47,0.16577531001004364,3,1,0.155,1,0,0,1,0,13,3,0.09468311417279818,9.659999999999998,2.799999999999999,6.859999999999999,5.564683114172798,5.5600000000000005,measured_success,202
555,ppo,1000555,1769,triprotic,medium,acid,separated,3,6.064,4.55,0.15559459972244627,0,0,,1,0,0,1,0,11,0,0.07631144458227812,17.159999999999997,17.159999999999997,0.0,4.626311444582278,4.63,measured_success,202
555,ppo,1000555,1770,diprotic,far,base,separated,2,4.396,7.25,0.046606619099720865,41,23,0.01,0,0,1,0,0,50,41,0.5554770083184621,15.969999999999994,7.009999999999998,8.959999999999996,7.805477008318462,7.8100000000000005,max_steps,202
555,ppo,1000555,1771,diprotic,medium,base,separated,2,3.298,4.511,0.1718591319835927,0,0,,1,0,0,1,0,30,0,0.08675182203044951,18.529999999999998,0.0,18.529999999999998,4.424248177969551,4.42,measured_success,202
555,ppo,1000555,1772,diprotic,near,acid,separated,2,4.002,3.546,0.09934607778287795,0,0,,1,1,0,1,0,2,0,0.03549244113579553,2.54,2.54,0.0,3.5814924411357953,3.58,measured_success,202
555,ppo,1000555,1773,triprotic,far,base,separated,3,6.432,9.455,0.13658460428327773,4,2,0.06,1,1,0,1,0,11,4,0.00268938673782948,17.22,2.09,15.13,9.45231061326217,9.450000000000001,measured_success,202
555,ppo,1000555,1774,monoprotic,medium,acid,single,1,4.968,3.894,0.11132776072991367,3,1,0.155,1,1,0,1,0,5,3,0.037977359035767044,7.249999999999999,6.3999999999999995,0.85,3.856022640964233,3.86,measured_success,202
555,ppo,1000555,1775,diprotic,medium,acid,separated,2,3.746,2.64,0.07307258751100291,1,0,1.935,1,1,0,1,0,2,1,0.0042486993257626615,4.9,3.87,1.03,2.6357513006742375,2.64,measured_success,202
555,ppo,1000555,1776,triprotic,near,acid,separated,3,6.351,5.755,0.06205823499149892,0,0,,1,0,0,1,0,4,0,0.07629822439531697,2.7600000000000002,2.7600000000000002,0.0,5.831298224395317,5.83,measured_success,202
555,ppo,1000555,1777,diprotic,medium,acid,separated,2,6.238,4.742,0.15043456761614424,0,0,,1,0,0,1,0,7,0,0.05956066900405954,11.000000000000002,11.000000000000002,0.0,4.8015606690040595,4.8,measured_success,202
555,ppo,1000555,1778,diprotic,medium,acid,separated,2,6.457,4.787,0.15154542052119052,0,0,,1,0,0,1,0,14,0,0.08818041382803177,13.640000000000004,13.640000000000004,0.0,4.875180413828032,4.88,measured_success,202
555,ppo,1000555,1779,monoprotic,medium,base,single,1,3.47,4.85,0.10708641275818627,0,0,,1,0,0,1,0,8,0,0.05887134932489957,7.689999999999999,0.0,7.689999999999999,4.7911286506751,4.79,measured_success,202
555,ppo,1000555,1780,diprotic,medium,base,separated,2,5.792,7.406,0.04188319277664375,6,2,0.015,1,1,0,1,0,13,6,0.019609409417122414,12.920000000000002,6.040000000000002,6.88,7.386390590582877,7.390000000000001,measured_success,202
555,ppo,1000555,1781,diprotic,medium,base,separated,2,3.326,4.361,0.1465770318410015,0,0,,1,0,0,1,0,10,0,0.06931201919682817,7.089999999999997,0.0,7.089999999999997,4.291687980803172,4.29,measured_success,202
555,ppo,1000555,1782,triprotic,medium,base,overlapping,3,3.095,4.239,0.059903940894544996,2,1,0.21,1,1,0,1,0,5,2,0.04909600963111149,9.01,0.42,8.59,4.189903990368888,4.19,measured_success,202
555,ppo,1000555,1783,triprotic,near,acid,separated,3,3.113,2.533,0.05211306827814595,1,0,1.74,1,1,0,1,0,2,1,0.028451255290961708,4.51,3.48,1.03,2.504548744709038,2.5,measured_success,202
555,ppo,1000555,1784,monoprotic,medium,base,single,1,4.521,6.183,0.11242813567856065,4,2,0.075,1,0,0,1,0,7,4,0.07168872751554467,9.62,1.63,7.989999999999999,6.111311272484455,6.11,measured_success,202
555,ppo,1000555,1785,monoprotic,near,acid,single,1,4.639,4.054,0.04020104851011126,2,1,0.375,1,1,0,1,0,3,2,0.013444493428286464,2.5700000000000003,1.82,0.75,4.067444493428287,4.07,measured_success,202
555,ppo,1000555,1786,monoprotic,medium,base,single,1,4.557,5.937,0.1505154508673529,0,0,,1,0,0,1,0,22,0,0.07985138578375217,13.559999999999999,0.0,13.559999999999999,5.857148614216248,5.86,measured_success,202
555,ppo,1000555,1787,diprotic,far,base,separated,2,4.465,8.3,0.04251898217734173,7,2,0.01,1,1,0,1,0,10,7,0.041897596729565834,13.54,1.75,11.79,8.341897596729567,8.34,measured_success,202
555,ppo,1000555,1788,triprotic,near,acid,separated,3,4.967,4.59,0.07008329505618083,0,0,,1,1,0,1,0,2,0,0.03273579649151337,2.36,2.36,0.0,4.622735796491513,4.62,measured_success,202
555,ppo,1000555,1789,diprotic,medium,base,overlapping,2,5.133,6.597,0.051387367835414095,6,2,0.015,1,1,0,1,0,10,6,0.00466254680497169,11.100000000000001,4.480000000000001,6.62,6.592337453195029,6.59,measured_success,202
555,ppo,1000555,1790,triprotic,near,acid,overlapping,3,3.338,2.826,0.09762699428424192,0,0,,1,0,0,1,0,10,0,0.0925290748999541,10.080000000000002,10.080000000000002,0.0,2.918529074899954,2.92,measured_success,202
555,ppo,1000555,1791,monoprotic,medium,acid,single,1,4.508,3.14,0.061631916223013165,2,1,0.45,1,0,0,1,0,3,2,0.08592407133890534,6.57,5.67,0.9,3.2259240713389055,3.23,measured_success,202
555,ppo,1000555,1792,monoprotic,near,acid,single,1,6.986,6.376,0.04990128158001351,1,0,0.755,1,0,0,1,0,1,1,0.05848671527455718,1.51,1.51,0.0,6.317513284725443,6.32,measured_success,202
555,ppo,1000555,1793,monoprotic,near,acid,single,1,3.764,3.326,0.03144369566367906,2,1,0.375,1,0,0,1,0,2,2,0.06279126194390772,2.26,1.51,0.75,3.388791261943908,3.39,measured_success,202
555,ppo,1000555,1794,monoprotic,medium,acid,single,1,8.691,6.993,0.041822839352186975,0,0,,0,0,1,0,0,50,0,1.1437681122261214,1.500000000000001,1.500000000000001,0.0,8.136768112226122,8.14,max_steps,202
555,ppo,1000555,1795,diprotic,far,base,overlapping,2,3.173,5.888,0.0421058354236139,41,23,0.01,0,0,1,0,0,50,41,3.337523077834108,11.719999999999995,5.499999999999998,6.219999999999996,9.225523077834108,9.23,max_steps,202
555,ppo,1000555,1796,diprotic,near,acid,overlapping,2,4.618,4.175,0.08626440867944811,0,0,,1,0,0,1,0,3,0,0.09164591666459021,2.9899999999999998,2.9899999999999998,0.0,4.26664591666459,4.2700000000000005,measured_success,202
555,ppo,1000555,1797,triprotic,near,acid,separated,3,5.822,5.547,0.12674312005064162,0,0,,0,0,0,0,0,50,0,0.20459024572676032,0.5000000000000002,0.5000000000000002,0.0,5.75159024572676,5.75,max_steps,202
555,ppo,1000555,1798,diprotic,near,base,separated,2,1.911,2.16,0.050057882537328305,1,0,1.06,1,1,0,1,0,2,1,0.02619027993719314,3.1500000000000004,1.03,2.12,2.1861902799371933,2.19,measured_success,202
555,ppo,1000555,1799,triprotic,near,base,separated,3,4.88,5.547,0.11850738008958231,1,0,1.13,1,1,0,1,0,1,1,0.04493457870903672,2.26,0.0,2.26,5.591934578709036,5.59,measured_success,202
555,ppo,1000555,1800,triprotic,far,acid,separated,3,5.648,2.338,0.05020936072731113,1,1,0.515,1,1,0,1,0,5,1,0.0055383138411233546,14.659999999999998,14.149999999999999,0.51,2.3324616861588767,2.33,measured_success,202
555,ppo,1000555,1801,monoprotic,medium,acid,single,1,5.801,4.228,0.06286117996731837,6,3,0.045,1,1,0,1,0,11,6,0.034455144673206206,11.969999999999999,6.259999999999999,5.710000000000001,4.262455144673206,4.26,measured_success,202
555,ppo,1000555,1802,monoprotic,near,base,single,1,7.077,7.502,0.03952251472934689,2,1,0.18,1,0,0,1,0,5,2,0.08061440843496559,4.140000000000001,1.8399999999999999,2.3000000000000003,7.421385591565034,7.42,measured_success,202
555,ppo,1000555,1803,diprotic,medium,acid,separated,2,3.43,1.999,0.09609540620916682,0,0,,1,0,0,1,0,8,0,0.06112895668497709,13.309999999999997,13.309999999999997,0.0,2.060128956684977,2.06,measured_success,202
555,ppo,1000555,1804,diprotic,near,base,separated,2,3.769,4.026,0.06277570893359599,2,1,0.375,1,1,0,1,0,2,2,0.006631556751917955,2.26,0.75,1.51,4.019368443248082,4.0200000000000005,measured_success,202
555,ppo,1000555,1805,diprotic,medium,acid,overlapping,2,3.049,2.083,0.10188453962923187,0,0,,1,0,0,1,0,7,0,0.06483933171242029,14.14,14.14,0.0,2.1478393317124205,2.15,measured_success,202
555,ppo,1000555,1806,diprotic,medium,acid,separated,2,5.736,4.368,0.14615525288929898,0,0,,1,0,0,1,0,10,0,0.06476528870750009,11.910000000000004,11.910000000000004,0.0,4.4327652887075,4.43,measured_success,202
555,ppo,1000555,1807,monoprotic,medium,base,single,1,2.944,4.637,0.036885875897316026,2,1,1.31,1,0,0,1,0,4,2,0.07463138514066348,8.86,2.62,6.24,4.562368614859336,4.5600000000000005,measured_success,202
555,ppo,1000555,1808,diprotic,near,acid,separated,2,4.348,3.679,0.08656651346317111,0,0,,1,1,0,1,0,3,0,0.024482098065100377,4.79,4.79,0.0,3.7034820980651,3.7,measured_success,202
555,ppo,1000555,1809,monoprotic,near,acid,single,1,4.124,3.885,0.13148620733641467,1,1,0.755,1,1,0,1,0,2,1,0.02200540195477174,2.26,1.51,0.75,3.862994598045228,3.86,measured_success,202
555,ppo,1000555,1810,monoprotic,medium,acid,single,1,3.763,2.45,0.06230459161798587,2,1,0.255,1,1,0,1,0,4,2,0.009526279290993145,7.33,6.82,0.51,2.4595262792909933,2.46,measured_success,202
555,ppo,1000555,1811,triprotic,near,acid,separated,3,2.309,1.875,0.05756347447419387,1,0,1.74,1,1,0,1,0,2,1,0.04928533331301166,4.51,3.48,1.03,1.8257146666869883,1.83,measured_success,202
555,ppo,1000555,1812,diprotic,medium,acid,separated,2,2.473,1.728,0.1486924087667389,0,0,,1,0,0,1,0,1,0,0.06638910662313857,3.48,3.48,0.0,1.7943891066231386,1.79,measured_success,202
555,ppo,1000555,1813,triprotic,medium,base,separated,3,3.901,5.215,0.06431027170404846,0,0,,1,0,0,1,0,7,0,0.09609011724156957,7.379999999999999,0.0,7.379999999999999,5.11890988275843,5.12,measured_success,202
555,ppo,1000555,1814,monoprotic,far,acid,single,1,6.675,3.519,0.04027037310572763,5,2,0.135,1,1,0,1,0,9,5,0.008670673374174598,19.29,10.280000000000001,9.009999999999998,3.5103293266258255,3.5100000000000002,measured_success,202
555,ppo,1000555,1815,monoprotic,medium,acid,single,1,4.813,3.113,0.036905816002809816,3,0,0.09,1,0,0,1,0,6,3,0.07411248698923378,9.649999999999999,5.47,4.18,3.038887513010766,3.04,measured_success,202
555,ppo,1000555,1816,monoprotic,near,base,single,1,8.392,8.844,0.07007290514185992,0,0,,0,0,0,0,0,50,0,0.1830182937860254,0.5000000000000002,0.0,0.5000000000000002,8.660981706213974,8.66,max_steps,202
555,ppo,1000555,1817,diprotic,near,base,separated,2,5.36,5.808,0.05427901705671938,2,0,0.315,1,1,0,1,0,4,2,0.004552154592868618,3.91,1.48,2.43,5.803447845407131,5.8,measured_success,202
555,ppo,1000555,1818,diprotic,near,acid,separated,2,5.526,4.877,0.16603981296260603,0,0,,1,0,0,1,0,4,0,0.07637086068098231,3.48,3.48,0.0,4.953370860680982,4.95,measured_success,202
555,ppo,1000555,1819,triprotic,far,base,overlapping,3,3.424,6.055,0.05234571391511332,45,23,0.01,0,0,1,0,0,50,45,3.140606728355415,11.529999999999992,5.089999999999996,6.439999999999996,9.195606728355415,9.200000000000001,max_steps,202
555,ppo,1000555,1820,diprotic,medium,base,separated,2,6.47,7.891,0.07172328154627691,6,2,0.015,1,0,0,1,0,12,6,0.093836695304228,12.560000000000002,6.040000000000002,6.52,7.797163304695772,7.8,measured_success,202
555,ppo,1000555,1821,triprotic,medium,acid,overlapping,3,4.233,3.088,0.050589712501532436,0,0,,1,0,0,1,0,3,0,0.08383643291436726,6.7,6.7,0.0,3.1718364329143673,3.17,measured_success,202
555,ppo,1000555,1822,monoprotic,near,base,single,1,9.068,9.526,0.0301260217158378,0,0,,0,0,0,1,1,31,0,0.10060489133889305,0.3100000000000001,0.0,0.3100000000000001,9.425395108661107,9.43,measured_success,202
555,ppo,1000555,1823,diprotic,medium,base,separated,2,2.807,3.552,0.1429494822494199,0,0,,1,0,0,1,0,9,0,0.08443178087161174,7.499999999999998,0.0,7.499999999999998,3.4675682191283883,3.47,measured_success,202
555,ppo,1000555,1824,monoprotic,near,acid,single,1,5.7,5.027,0.0765855574737467,3,2,0.185,1,1,0,1,0,3,3,0.03415911893126111,2.63,1.88,0.75,4.992840881068739,4.99,measured_success,202
555,ppo,1000555,1825,triprotic,near,acid,overlapping,3,4.354,4.132,0.045148413818631696,0,0,,1,0,0,1,0,1,0,0.07026533376524924,1.51,1.51,0.0,4.202265333765249,4.2,measured_success,202
555,ppo,1000555,1826,diprotic,medium,base,separated,2,2.482,4.43,0.053276920774318434,0,0,,0,0,0,1,1,1,0,0.10428257503639493,5.25,0.0,5.25,4.325717424963605,4.33,measured_success,202
555,ppo,1000555,1827,diprotic,medium,base,separated,2,7.915,9.737,0.0752922959555608,6,2,0.02,1,1,0,1,0,12,6,0.01825808858234801,11.35,5.29,6.06,9.718741911417652,9.72,measured_success,202
555,ppo,1000555,1828,diprotic,medium,base,overlapping,2,3.275,4.368,0.08347709252252587,0,0,,1,0,0,1,0,8,0,0.08608801711794989,7.0299999999999985,0.0,7.0299999999999985,4.28191198288205,4.28,measured_success,202
555,ppo,1000555,1829,diprotic,medium,acid,separated,2,5.571,4.41,0.17205912100829376,0,0,,1,0,0,1,0,7,0,0.07611050304585021,8.950000000000001,8.950000000000001,0.0,4.48611050304585,4.49,measured_success,202
555,ppo,1000555,1830,monoprotic,medium,base,single,1,3.28,4.207,0.03978712344678174,0,0,,1,1,0,1,0,1,0,0.03242987082018889,2.26,0.0,2.26,4.174570129179811,4.17,measured_success,202
555,ppo,1000555,1831,monoprotic,medium,acid,single,1,3.488,1.814,0.04531543367442239,1,0,2.53,1,0,0,1,0,2,1,0.08524139829888222,5.6899999999999995,5.06,0.63,1.7287586017011178,1.73,measured_success,202
555,ppo,1000555,1832,triprotic,near,acid,separated,3,7.593,7.055,0.08829383919090669,1,0,1.06,1,0,0,1,0,2,1,0.07639124587301005,2.75,2.12,0.63,6.97860875412699,6.98,measured_success,202
555,ppo,1000555,1833,triprotic,medium,acid,separated,3,3.795,2.24,0.1747030804317329,0,0,,1,0,0,1,0,8,0,0.08294918373411697,18.840000000000003,18.840000000000003,0.0,2.322949183734117,2.32,measured_success,202
555,ppo,1000555,1834,diprotic,medium,base,separated,2,1.818,3.783,0.09463142334193299,0,0,,1,0,0,1,0,14,0,0.08329493551559386,16.68,0.0,16.68,3.699705064484406,3.7,measured_success,202
555,ppo,1000555,1835,monoprotic,medium,acid,single,1,4.877,2.999,0.062430788732550285,1,0,0.315,1,1,0,1,0,4,1,0.00900357617838976,6.629999999999999,6.319999999999999,0.31,2.9899964238216103,2.99,measured_success,202
555,ppo,1000555,1836,diprotic,far,base,separated,2,6.976,10.493,0.06226916871625924,5,5,0.025,1,1,0,1,0,11,5,0.01478757396320951,12.89,5.67,7.22,10.50778757396321,10.51,measured_success,202
555,ppo,1000555,1837,diprotic,medium,base,separated,2,5.355,6.583,0.03900677069311417,1,0,2.02,1,1,0,1,0,4,1,0.006202669986732801,5.83,1.79,4.04,6.589202669986733,6.59,measured_success,202
555,ppo,1000555,1838,triprotic,medium,base,separated,3,6.459,8.314,0.0386251703985266,6,3,0.015,1,1,0,1,0,10,6,0.04702499201463439,12.38,5.860000000000001,6.52,8.266975007985366,8.27,measured_success,202
555,ppo,1000555,1839,monoprotic,near,acid,single,1,5.909,5.3,0.17823075616820055,0,0,,1,0,0,1,0,4,0,0.05566282198720973,3.48,3.48,0.0,5.3556628219872096,5.36,measured_success,202
555,ppo,1000555,1840,diprotic,near,acid,separated,2,5.408,4.815,0.17402624502627648,0,0,,1,0,0,1,0,10,0,0.09878032033880846,6.349999999999999,6.349999999999999,0.0,4.913780320338809,4.91,measured_success,202
555,ppo,1000555,1841,diprotic,far,acid,separated,2,5.637,1.956,0.08224302270038862,0,0,,1,0,0,1,0,6,0,0.0677834742114718,21.610000000000003,21.610000000000003,0.0,2.0237834742114718,2.02,measured_success,202
555,ppo,1000555,1842,monoprotic,far,acid,single,1,8.735,6.585,0.03780149863205635,0,0,,0,0,1,0,0,50,0,1.4847923680253645,1.500000000000001,1.500000000000001,0.0,8.069792368025364,8.07,max_steps,202
555,ppo,1000555,1843,triprotic,medium,base,separated,3,2.081,3.889,0.05702572294000587,0,0,,1,1,0,1,0,2,0,0.022113507356671835,5.78,0.0,5.78,3.866886492643328,3.87,measured_success,202
555,ppo,1000555,1844,triprotic,medium,base,separated,3,6.327,7.89,0.06996893088093466,4,2,0.075,1,1,0,1,0,6,4,0.010915853323120395,8.77,0.78,7.989999999999999,7.879084146676879,7.88,measured_success,202
555,ppo,1000555,1845,triprotic,far,acid,separated,3,6.032,2.705,0.04813383347552214,1,0,3.93,1,1,0,1,0,2,1,0.047988633407952896,8.49,7.86,0.63,2.657011366592047,2.66,measured_success,202
555,ppo,1000555,1846,monoprotic,medium,acid,single,1,7.384,6.364,0.06699308061294156,5,3,0.02,1,1,0,1,0,8,5,0.009753559284829016,3.9800000000000004,2.54,1.4400000000000002,6.354246440715171,6.3500000000000005,measured_success,202
555,ppo,1000555,1847,monoprotic,far,base,single,1,4.615,7.754,0.07863302427480078,43,23,0.01,0,0,1,0,0,50,43,1.444066135931811,16.019999999999992,7.139999999999998,8.879999999999995,9.19806613593181,9.200000000000001,max_steps,202
555,ppo,1000555,1848,monoprotic,medium,acid,single,1,3.632,1.861,0.09832172451124895,1,0,0.9,1,0,0,1,0,2,1,0.06208425848158794,6.859999999999999,6.859999999999999,0.0,1.798915741518412,1.8,measured_success,202
555,ppo,1000555,1849,triprotic,near,acid,separated,3,7.269,6.976,0.03882058427815308,0,0,,1,0,0,1,0,48,0,0.09821649412229316,0.48000000000000026,0.48000000000000026,0.0,7.074216494122293,7.07,measured_success,202
555,ppo,1000555,1850,triprotic,near,acid,separated,3,3.376,3.084,0.1401302981369127,0,0,,1,1,0,1,0,2,0,0.04196104985545679,2.54,2.54,0.0,3.125961049855457,3.13,measured_success,202
555,ppo,1000555,1851,monoprotic,medium,base,single,1,2.727,4.689,0.052330021946596084,2,1,1.31,1,0,0,1,0,4,2,0.0838487394137779,9.26,2.62,6.64,4.605151260586222,4.61,measured_success,202
555,ppo,1000555,1852,diprotic,far,acid,separated,2,4.413,1.816,0.05677654602797721,1,0,3.035,1,1,0,1,0,2,1,0.04531786130488924,6.7,6.07,0.63,1.7706821386951108,1.77,measured_success,202
555,ppo,1000555,1853,monoprotic,medium,base,single,1,2.103,3.169,0.1587087817728349,0,0,,1,0,0,1,0,13,0,0.05393276666997471,10.100000000000001,0.0,10.100000000000001,3.1150672333300253,3.12,measured_success,202
555,ppo,1000555,1854,monoprotic,far,acid,single,1,5.044,2.144,0.06537989431106862,1,0,1.82,1,0,0,1,0,3,1,0.07730735864821625,10.74,9.71,1.03,2.066692641351784,2.07,measured_success,202
555,ppo,1000555,1855,diprotic,near,acid,separated,2,3.86,3.29,0.0481255261196963,0,0,,1,1,0,1,0,2,0,0.02047817785410988,3.21,3.21,0.0,3.31047817785411,3.31,measured_success,202
555,ppo,1000555,1856,monoprotic,medium,acid,single,1,9.257,7.956,0.13728195364577306,0,0,,0,0,1,0,0,50,0,1.0198837824622116,1.500000000000001,1.500000000000001,0.0,8.975883782462212,8.98,max_steps,202
555,ppo,1000555,1857,triprotic,medium,acid,separated,3,5.422,4.603,0.11941521028706516,0,0,,1,0,0,1,0,5,0,0.05630020605271291,5.67,5.67,0.0,4.659300206052713,4.66,measured_success,202
555,ppo,1000555,1858,triprotic,medium,base,separated,3,2.821,3.697,0.1728262837122085,0,0,,1,0,0,1,0,12,0,0.06896390855421064,8.479999999999999,0.0,8.479999999999999,3.6280360914457894,3.63,measured_success,202
555,ppo,1000555,1859,diprotic,near,base,separated,2,3.282,3.858,0.08534320930365297,1,0,0.515,1,0,0,1,0,2,1,0.05296255829362062,3.29,0.0,3.29,3.9109625582936207,3.91,measured_success,202
555,ppo,1000555,1860,diprotic,far,base,separated,2,5.374,8.423,0.04093693400143494,7,2,0.01,1,1,0,1,0,10,7,0.048777090053585326,13.180000000000001,4.800000000000001,8.38,8.471777090053585,8.47,measured_success,202
555,ppo,1000555,1861,monoprotic,far,acid,single,1,5.255,1.727,0.13339366427008348,0,0,,1,0,0,1,0,2,0,0.09152889828242539,11.2,11.2,0.0,1.8185288982824255,1.82,measured_success,202
555,ppo,1000555,1862,monoprotic,near,base,single,1,4.367,4.627,0.10777335249974461,0,0,,1,0,0,1,0,1,0,0.055815206793709216,1.51,0.0,1.51,4.571184793206291,4.57,measured_success,202
555,ppo,1000555,1863,diprotic,far,base,separated,2,5.746,9.207,0.050710363547317075,3,1,0.315,1,0,0,1,0,4,3,0.09671638248057235,11.370000000000001,1.42,9.950000000000001,9.303716382480573,9.3,measured_success,202
555,ppo,1000555,1864,monoprotic,medium,base,single,1,2.612,4.206,0.09299353013049394,4,2,0.06,1,1,0,1,0,9,4,0.03582439736266263,10.669999999999998,3.12,7.549999999999999,4.170175602637338,4.17,measured_success,202
555,ppo,1000555,1865,monoprotic,near,acid,single,1,2.777,2.424,0.05449220276595641,3,1,0.255,1,1,0,1,0,3,3,0.001317511092125745,3.66,2.63,1.03,2.422682488907874,2.42,measured_success,202
555,ppo,1000555,1866,monoprotic,medium,base,single,1,6.018,7.181,0.056264827350533425,3,0,0.18,1,0,0,1,0,4,3,0.09864703944795128,6.5600000000000005,1.53,5.03,7.279647039447951,7.28,measured_success,202
555,ppo,1000555,1867,triprotic,near,base,separated,3,5.982,6.33,0.07700210796174631,1,0,1.06,1,1,0,1,0,1,1,0.040890930192393427,2.12,0.0,2.12,6.3708909301923935,6.37,measured_success,202
555,ppo,1000555,1868,diprotic,medium,base,separated,2,6.571,7.873,0.06772724491153853,2,0,0.765,1,1,0,1,0,2,2,0.007082656166502055,5.57,1.53,4.04,7.865917343833498,7.87,measured_success,202
555,ppo,1000555,1869,triprotic,far,base,separated,3,6.644,10.537,0.09903359846739616,5,2,0.04,1,0,0,1,0,7,5,0.052232301467745046,12.969999999999999,3.93,9.04,10.589232301467746,10.59,measured_success,202
555,ppo,1000555,1870,monoprotic,far,acid,single,1,6.828,3.651,0.13764816686160858,1,0,3.93,1,0,0,1,0,2,1,0.07497658012952524,8.49,7.86,0.63,3.5760234198704746,3.58,measured_success,202
555,ppo,1000555,1871,monoprotic,medium,acid,single,1,5.658,4.254,0.05399965190747637,6,7,0.035,1,1,0,1,0,11,6,0.0043424516288101955,10.02,5.53,4.49,4.25834245162881,4.26,measured_success,202
555,ppo,1000555,1872,diprotic,far,base,separated,2,2.552,5.105,0.056920807992701994,0,0,,1,0,0,1,0,7,0,0.060742225004391415,13.74,0.0,13.74,5.044257774995609,5.04,measured_success,202
555,ppo,1000555,1873,triprotic,near,base,separated,3,6.176,6.407,0.04148320283366326,0,0,,1,0,0,1,0,14,0,0.09762823752690686,0.13999999999999999,0.0,0.13999999999999999,6.309371762473093,6.3100000000000005,measured_success,202
555,ppo,1000555,1874,monoprotic,near,base,single,1,2.626,3.054,0.04978050410678908,0,0,,1,1,0,1,0,1,0,0.023761739968283013,1.51,0.0,1.51,3.030238260031717,3.0300000000000002,measured_success,202
555,ppo,1000555,1875,triprotic,near,acid,separated,3,2.089,1.543,0.09259864631937871,0,0,,1,0,0,1,0,3,0,0.08688031365913385,6.3100000000000005,6.3100000000000005,0.0,1.6298803136591338,1.6300000000000001,measured_success,202
555,ppo,1000555,1876,monoprotic,medium,acid,single,1,3.084,2.329,0.047854216345004134,2,0,0.425,1,0,0,1,0,3,2,0.0795934119797086,5.359999999999999,3.48,1.88,2.4085934119797088,2.41,measured_success,202
555,ppo,1000555,1877,monoprotic,far,base,single,1,6.458,8.949,0.03249494905066253,2,2,1.62,1,1,0,1,0,5,2,0.023592696124113743,15.72,6.48,9.24,8.925407303875886,8.93,measured_success,202
555,ppo,1000555,1878,triprotic,medium,base,separated,3,6.138,7.369,0.11476259595292058,0,0,,1,0,0,1,0,6,0,0.07029175145390809,10.570000000000002,0.0,10.570000000000002,7.298708248546092,7.3,measured_success,202
555,ppo,1000555,1879,diprotic,medium,acid,separated,2,5.116,3.351,0.07498928788932308,3,2,0.135,1,1,0,1,0,6,4,0.0022603870477517773,8.649999999999999,7.129999999999999,1.52,3.3532603870477518,3.35,measured_success,202
555,ppo,1000555,1880,triprotic,near,acid,separated,3,3.912,3.513,0.0618791758197291,1,0,0.515,1,1,0,1,0,2,0,0.0001513606191663186,2.54,2.54,0.0,3.513151360619166,3.5100000000000002,measured_success,202
555,ppo,1000555,1881,diprotic,medium,base,separated,2,3.624,5.366,0.1241785922997054,0,0,,1,0,0,1,0,10,0,0.09917547710882779,12.330000000000002,0.0,12.330000000000002,5.266824522891172,5.2700000000000005,measured_success,202
555,ppo,1000555,1882,triprotic,far,base,separated,3,3.874,6.552,0.17557989463655935,0,0,,1,0,0,1,0,14,0,0.0958101356833545,28.56,0.0,28.56,6.456189864316645,6.46,measured_success,202
555,ppo,1000555,1883,triprotic,medium,acid,separated,3,6.373,5.559,0.06466213818744537,0,0,,1,0,0,1,0,3,0,0.05537705776641122,2.45,2.45,0.0,5.614377057766411,5.61,measured_success,202
555,ppo,1000555,1884,diprotic,near,base,separated,2,3.572,4.087,0.043255087340756296,3,1,0.21,1,1,0,1,0,6,3,0.019709325610538286,4.6499999999999995,1.97,2.6799999999999997,4.106709325610538,4.11,measured_success,202
555,ppo,1000555,1885,monoprotic,medium,acid,single,1,8.272,7.146,0.030526537845683484,3,1,0.105,1,0,0,1,0,26,3,0.06638442480718698,4.2700000000000005,2.99,1.28,7.079615575192813,7.08,measured_success,202
555,ppo,1000555,1886,triprotic,far,base,separated,3,3.049,6.212,0.0674595316573948,1,0,0.9,1,0,0,1,0,3,1,0.054920965566291,11.120000000000001,0.0,11.120000000000001,6.266920965566291,6.2700000000000005,measured_success,202
555,ppo,1000555,1887,diprotic,near,acid,separated,2,4.665,3.967,0.11285084498633643,0,0,,1,0,0,1,0,3,0,0.08874965856755823,4.79,4.79,0.0,4.055749658567558,4.0600000000000005,measured_success,202
555,ppo,1000555,1888,diprotic,near,base,separated,2,4.175,4.79,0.1019102013152558,0,0,,1,0,0,1,0,3,0,0.06589499341470972,4.6899999999999995,0.0,4.6899999999999995,4.72410500658529,4.72,measured_success,202
555,ppo,1000555,1889,diprotic,medium,acid,separated,2,5.182,4.173,0.0810590492598931,1,0,1.935,1,1,0,1,0,2,1,0.045807148111617124,4.5,3.87,0.63,4.127192851888383,4.13,measured_success,202
555,ppo,1000555,1890,diprotic,near,base,separated,2,3.214,3.73,0.04795209514712676,0,0,,1,1,0,1,0,1,0,0.010266694406162014,1.51,0.0,1.51,3.719733305593838,3.72,measured_success,202
555,ppo,1000555,1891,diprotic,near,base,overlapping,2,3.181,3.837,0.1380848448530381,0,0,,1,0,0,1,0,8,0,0.08953752784405067,7.189999999999999,0.0,7.189999999999999,3.7474624721559495,3.75,measured_success,202
555,ppo,1000555,1892,diprotic,near,base,overlapping,2,4.736,5.162,0.03955579840077581,2,1,0.425,1,1,0,1,0,3,2,0.0001835936185399234,3.39,0.85,2.54,5.16181640638146,5.16,measured_success,202
555,ppo,1000555,1893,monoprotic,medium,acid,single,1,3.321,2.374,0.11308052724920613,0,0,,1,1,0,1,0,3,0,0.007925114699875113,6.7,6.7,0.0,2.3819251146998752,2.38,measured_success,202
555,ppo,1000555,1894,diprotic,medium,base,separated,2,4.248,5.697,0.031113099480811403,2,1,0.315,1,0,0,1,0,3,2,0.07801900901737913,8.5,3.25,5.25,5.618980990982621,5.62,measured_success,202
555,ppo,1000555,1895,monoprotic,far,base,single,1,2.566,4.682,0.050234131575798514,5,3,0.035,1,1,0,1,0,10,5,0.026804711012465177,9.58,3.4099999999999997,6.170000000000001,4.708804711012466,4.71,measured_success,202
555,ppo,1000555,1896,triprotic,near,acid,separated,3,5.113,4.425,0.03027251250063601,3,1,0.155,1,1,0,1,0,3,3,0.01743473480903912,2.5700000000000003,1.82,0.75,4.407565265190961,4.41,measured_success,202
555,ppo,1000555,1897,monoprotic,near,acid,single,1,4.571,4.318,0.06423062622418187,1,0,0.755,1,0,0,1,0,1,1,0.06345173002853777,1.51,1.51,0.0,4.254548269971462,4.25,measured_success,202
555,ppo,1000555,1898,triprotic,far,base,separated,3,3.968,7.642,0.036709706954373963,43,22,0.01,0,0,1,0,0,50,43,1.4663708288145711,18.32999999999999,7.649999999999997,10.679999999999994,9.108370828814571,9.11,max_steps,202
555,ppo,1000555,1899,diprotic,medium,acid,separated,2,3.228,2.217,0.10497932811831756,2,1,0.425,1,1,0,1,0,4,2,0.03351165913323095,6.17,4.29,1.88,2.250511659133231,2.25,measured_success,202
555,ppo,1000555,1900,diprotic,medium,base,overlapping,2,3.504,5.292,0.12209998032254625,4,2,0.075,1,1,0,1,0,8,4,0.046372604240609405,12.14,1.63,10.510000000000002,5.24562739575939,5.25,measured_success,202
555,ppo,1000555,1901,monoprotic,medium,acid,single,1,4.405,2.608,0.05864031152601815,3,1,0.135,1,0,0,1,0,4,3,0.09094286487960668,6.5,5.33,1.17,2.5170571351203934,2.52,measured_success,202
555,ppo,1000555,1902,diprotic,near,acid,separated,2,6.775,6.276,0.11932920484892123,0,0,,1,0,0,1,0,4,0,0.08501748709156232,2.7600000000000002,2.7600000000000002,0.0,6.361017487091562,6.36,measured_success,202
555,ppo,1000555,1903,monoprotic,far,acid,single,1,4.436,1.612,0.030792747739204297,0,0,,1,0,0,1,0,3,0,0.060536724076355686,7.33,7.33,0.0,1.6725367240763558,1.67,measured_success,202
555,ppo,1000555,1904,monoprotic,far,acid,single,1,9.551,7.429,0.11465247995993229,0,0,,0,0,1,0,0,50,0,1.4120816572617532,1.500000000000001,1.500000000000001,0.0,8.841081657261753,8.84,max_steps,202
555,ppo,1000555,1905,diprotic,medium,base,separated,2,2.85,4.048,0.04643473292305596,4,1,0.135,1,1,0,1,0,5,4,0.022532348371134603,8.83,2.19,6.64,4.025467651628865,4.03,measured_success,202
555,ppo,1000555,1906,monoprotic,near,base,single,1,3.953,4.355,0.15285835806779027,0,0,,1,0,0,1,0,4,0,0.08203452720922755,3.21,0.0,3.21,4.272965472790773,4.2700000000000005,measured_success,202
555,ppo,1000555,1907,monoprotic,medium,acid,single,1,3.584,1.679,0.0890763245412346,1,0,2.53,1,1,0,1,0,1,1,0.01289770082831354,5.06,5.06,0.0,1.6661022991716865,1.67,measured_success,202
555,ppo,1000555,1908,monoprotic,near,base,single,1,8.023,8.252,0.06187536150511832,0,0,,0,0,0,0,0,50,0,0.11427917083185513,0.5000000000000002,0.0,0.5000000000000002,8.137720829168146,8.14,max_steps,202
555,ppo,1000555,1909,triprotic,near,acid,separated,3,2.551,2.058,0.09037683596310915,2,0,0.425,1,1,0,1,0,3,2,0.04027879489213415,5.359999999999999,3.48,1.88,2.098278794892134,2.1,measured_success,202
555,ppo,1000555,1910,monoprotic,medium,acid,single,1,3.462,2.092,0.03856652543440032,1,0,2.625,1,0,0,1,0,1,1,0.09332439944364479,5.25,5.25,0.0,1.9986756005563553,2.0,measured_success,202
555,ppo,1000555,1911,triprotic,medium,acid,separated,3,7.06,5.692,0.03748228102529087,3,0,0.425,1,1,0,1,0,4,3,0.04969537510275046,6.88,4.72,2.16,5.64230462489725,5.64,measured_success,202
555,ppo,1000555,1912,monoprotic,medium,acid,single,1,3.681,2.204,0.09063475168039621,1,0,2.625,1,1,0,1,0,4,1,0.029777485619436828,6.73,5.25,1.48,2.1742225143805634,2.17,measured_success,202
555,ppo,1000555,1913,monoprotic,near,base,single,1,3.773,4.088,0.13014344202936917,0,0,,1,1,0,1,0,1,0,0.004625876645399707,1.51,0.0,1.51,4.0833741233546,4.08,measured_success,202
555,ppo,1000555,1914,triprotic,near,base,separated,3,4.409,5.062,0.07660283705995476,0,0,,1,0,0,1,0,2,0,0.060261193886467446,3.29,0.0,3.29,5.001738806113533,5.0,measured_success,202
555,ppo,1000555,1915,diprotic,medium,base,overlapping,2,2.767,4.531,0.1436255784652108,0,0,,1,1,0,1,0,18,0,0.04150017588202193,28.339999999999996,0.0,28.339999999999996,4.489499824117978,4.49,measured_success,202
555,ppo,1000555,1916,monoprotic,near,acid,single,1,5.248,4.55,0.08498531708209443,0,0,,1,0,0,1,0,5,0,0.05161463581098236,4.109999999999999,4.109999999999999,0.0,4.601614635810982,4.6000000000000005,measured_success,202
555,ppo,1000555,1917,diprotic,medium,acid,separated,2,3.678,2.734,0.048371350426748165,2,1,0.515,1,1,0,1,0,4,2,0.03168205568387261,7.21,4.38,2.83,2.7656820556838726,2.77,measured_success,202
555,ppo,1000555,1918,monoprotic,near,acid,single,1,7.176,6.881,0.04360542257751939,0,0,,1,0,0,1,0,17,0,0.09448701433140272,0.17,0.17,0.0,6.975487014331403,6.98,measured_success,202
555,ppo,1000555,1919,triprotic,medium,base,separated,3,7.002,8.561,0.17108787248573298,5,3,0.025,1,1,0,1,0,10,5,0.03583695909333784,12.68,5.38,7.3,8.596836959093338,8.6,measured_success,202
555,ppo,1000555,1920,diprotic,near,acid,separated,2,4.356,3.805,0.030357085039786062,2,2,0.375,1,0,0,1,0,3,2,0.06163871425231848,2.63,1.88,0.75,3.8666387142523186,3.87,measured_success,202
555,ppo,1000555,1921,monoprotic,far,base,single,1,8.408,10.784,0.1723729392904086,1,0,0.085,1,1,0,1,0,29,1,0.02979202352393706,10.439999999999996,0.08,10.359999999999996,10.813792023523938,10.81,measured_success,202
555,ppo,1000555,1922,diprotic,near,base,separated,2,5.704,5.92,0.11124553152210799,0,0,,0,0,0,1,1,37,0,0.10195616661990314,0.37000000000000016,0.0,0.37000000000000016,5.818043833380097,5.82,measured_success,202
555,ppo,1000555,1923,diprotic,near,acid,separated,2,3.416,2.896,0.07204841791199124,0,0,,1,1,0,1,0,2,0,0.00841211969956035,3.21,3.21,0.0,2.9044121196995603,2.9,measured_success,202
555,ppo,1000555,1924,triprotic,medium,base,separated,3,4.41,5.809,0.06787561307638755,0,0,,1,0,0,1,0,5,0,0.08660122958279093,6.76,0.0,6.76,5.722398770417209,5.72,measured_success,202
555,ppo,1000555,1925,diprotic,near,base,separated,2,3.02,3.485,0.1750760752130324,0,0,,1,0,0,1,0,4,0,0.08304178676372276,4.0200000000000005,0.0,4.0200000000000005,3.401958213236277,3.4,measured_success,202
555,ppo,1000555,1926,monoprotic,near,acid,single,1,6.584,6.175,0.15795790162598344,0,0,,1,0,0,1,0,6,0,0.07890595780015719,3.3800000000000003,3.3800000000000003,0.0,6.253905957800157,6.25,measured_success,202
555,ppo,1000555,1927,diprotic,near,acid,separated,2,2.144,1.713,0.03124984499183331,1,0,1.74,1,1,0,1,0,1,1,0.013285380833012006,3.48,3.48,0.0,1.699714619166988,1.7,measured_success,202
555,ppo,1000555,1928,monoprotic,near,acid,single,1,6.263,6.049,0.11504405905088974,0,0,,0,0,0,0,0,50,0,0.14933524602491932,0.5000000000000002,0.5000000000000002,0.0,6.19833524602492,6.2,max_steps,202
555,ppo,1000555,1929,monoprotic,medium,acid,single,1,6.252,4.935,0.17307809567292132,0,0,,1,0,0,1,0,4,0,0.09064418013245668,7.33,7.33,0.0,5.025644180132456,5.03,measured_success,202
555,ppo,1000555,1930,triprotic,near,base,separated,3,6.038,6.558,0.11649013414770307,3,2,0.14,1,1,0,1,0,5,3,0.020060356388928113,3.9500000000000006,1.5500000000000003,2.4000000000000004,6.578060356388928,6.58,measured_success,202
555,ppo,1000555,1931,triprotic,near,acid,separated,3,3.433,2.808,0.10924133563315176,0,0,,1,0,0,1,0,4,0,0.0537632644522672,7.16,7.16,0.0,2.861763264452267,2.86,measured_success,202
555,ppo,1000555,1932,monoprotic,medium,base,single,1,5.451,6.232,0.05843293408384321,1,0,0.65,1,0,0,1,0,2,1,0.07257303468135401,3.5599999999999996,0.0,3.5599999999999996,6.304573034681354,6.3,measured_success,202
555,ppo,1000555,1933,monoprotic,far,acid,single,1,8.309,4.487,0.15008857595890884,9,8,0.01,1,0,0,1,0,16,9,0.08923099839710602,25.430000000000003,18.650000000000002,6.78,4.397769001602894,4.4,measured_success,202
555,ppo,1000555,1934,diprotic,near,base,separated,2,3.691,4.224,0.034173564104137216,1,1,1.13,1,1,0,1,0,2,1,0.02624556367270081,3.3899999999999997,1.13,2.26,4.250245563672701,4.25,measured_success,202
555,ppo,1000555,1935,monoprotic,far,base,single,1,6.301,8.79,0.15576260208611162,8,6,0.015,1,1,0,1,0,14,8,0.02087729828387097,16.85,7.200000000000001,9.65,8.769122701716128,8.77,measured_success,202
555,ppo,1000555,1936,triprotic,near,base,separated,3,5.817,6.157,0.03486994188380861,3,1,0.155,1,1,0,1,0,4,3,0.0016010351938415823,4.12,1.69,2.43,6.158601035193842,6.16,measured_success,202
555,ppo,1000555,1937,diprotic,near,base,separated,2,8.107,8.6,0.034395185029622674,2,0,0.18,1,1,0,1,0,6,2,0.007155969659391914,4.14,1.8399999999999999,2.3,8.592844030340608,8.59,measured_success,202
555,ppo,1000555,1938,diprotic,near,acid,separated,2,7.488,6.853,0.08667444886230555,1,0,1.06,1,0,0,1,0,1,1,0.07042209148427503,2.12,2.12,0.0,6.782577908515725,6.78,measured_success,202
555,ppo,1000555,1939,monoprotic,medium,base,single,1,5.509,7.262,0.07724918754484221,4,1,0.06,1,0,0,1,0,10,4,0.06977404415977251,9.649999999999999,2.97,6.679999999999999,7.192225955840227,7.19,measured_success,202
555,ppo,1000555,1940,triprotic,far,base,separated,3,3.494,5.711,0.034899684067223664,3,1,0.085,1,1,0,1,0,4,3,0.03794520420562364,6.21,0.53,5.68,5.748945204205624,5.75,measured_success,202
555,ppo,1000555,1941,triprotic,medium,acid,separated,3,4.898,3.964,0.040410142474805615,4,1,0.21,1,0,0,1,0,4,4,0.05716282923185867,6.9399999999999995,4.72,2.22,4.021162829231859,4.0200000000000005,measured_success,202
555,ppo,1000555,1942,diprotic,medium,acid,separated,2,6.513,5.405,0.07256158940874628,0,0,,1,0,0,1,0,1,0,0.09633298227189879,3.87,3.87,0.0,5.501332982271899,5.5,measured_success,202
555,ppo,1000555,1943,monoprotic,medium,base,single,1,2.345,3.891,0.03382958232602995,5,2,0.035,1,1,0,1,0,9,5,0.027370326665351108,9.58,3.53,6.05,3.918370326665351,3.92,measured_success,202
555,ppo,1000555,1944,monoprotic,near,base,single,1,6.0,6.302,0.0722178250673712,0,0,,0,0,0,0,0,50,0,0.18382274792833186,0.5000000000000002,0.0,0.5000000000000002,6.118177252071668,6.12,max_steps,202
555,ppo,1000555,1945,triprotic,medium,acid,overlapping,3,2.768,1.757,0.16992118425129582,0,0,,1,0,0,1,0,14,0,0.08853230391225986,23.98000000000001,23.98000000000001,0.0,1.8455323039122598,1.85,measured_success,202
555,ppo,1000555,1946,triprotic,medium,acid,separated,3,4.012,3.291,0.06592249835631733,2,1,0.255,1,1,0,1,0,3,2,0.01650390762315057,5.02,4.51,0.51,3.3075039076231505,3.31,measured_success,202
555,ppo,1000555,1947,monoprotic,medium,base,single,1,2.606,4.39,0.046239959560413525,2,1,1.31,1,1,0,1,0,4,2,0.03486613119376347,9.57,2.62,6.949999999999999,4.355133868806236,4.36,measured_success,202
555,ppo,1000555,1948,diprotic,near,base,separated,2,2.859,3.19,0.04500247424930936,2,1,0.375,1,1,0,1,0,2,2,0.047553626426187545,2.26,0.75,1.51,3.1424463735738124,3.14,measured_success,202
555,ppo,1000555,1949,diprotic,near,acid,separated,2,3.306,3.048,0.0707849315972983,3,3,0.135,1,1,0,1,0,5,3,0.016472382899124227,3.2,1.78,1.42,3.031527617100876,3.0300000000000002,measured_success,202
555,ppo,1000555,1950,triprotic,far,base,separated,3,7.844,10.128,0.08294405182187144,4,1,0.02,1,1,0,1,0,14,4,0.04285394699248002,11.53,5.19,6.339999999999999,10.08514605300752,10.09,measured_success,202
555,ppo,1000555,1951,triprotic,far,base,separated,3,5.169,8.165,0.14795925593575202,1,0,0.315,1,0,0,1,0,7,1,0.09808345389743067,24.35,0.0,24.35,8.26308345389743,8.26,measured_success,202
555,ppo,1000555,1952,diprotic,near,base,separated,2,1.618,2.099,0.11559984834924264,0,0,,1,0,0,1,0,3,0,0.0775033724508285,4.0,0.0,4.0,2.0214966275491717,2.02,measured_success,202
555,ppo,1000555,1953,diprotic,medium,base,separated,2,3.304,5.226,0.06583656523614027,1,0,0.425,1,1,0,1,0,4,1,0.026773021567744415,10.19,0.0,10.19,5.252773021567744,5.25,measured_success,202
555,ppo,1000555,1954,monoprotic,near,acid,single,1,8.236,7.753,0.13584598852540503,0,0,,0,0,0,0,0,50,0,0.37829222584861455,0.5000000000000002,0.5000000000000002,0.0,8.131292225848615,8.13,max_steps,202
555,ppo,1000555,1955,diprotic,medium,acid,separated,2,3.72,2.463,0.0992644714550688,3,0,0.155,1,1,0,1,0,3,3,0.02046822405012616,4.81,4.18,0.63,2.442531775949874,2.44,measured_success,202
555,ppo,1000555,1956,monoprotic,near,base,single,1,8.563,9.239,0.12093344885094741,0,0,,1,0,0,1,0,16,0,0.0693475305671356,2.5999999999999996,0.0,2.5999999999999996,9.169652469432865,9.17,measured_success,202
555,ppo,1000555,1957,monoprotic,near,acid,single,1,5.537,4.959,0.06190574492655248,0,0,,1,0,0,1,0,2,0,0.0941335909330725,2.36,2.36,0.0,5.053133590933072,5.05,measured_success,202
555,ppo,1000555,1958,monoprotic,medium,base,single,1,3.207,4.364,0.03413708115380318,4,2,0.105,1,1,0,1,0,6,4,0.024395395713765033,7.9,3.44,4.46,4.339604604286235,4.34,measured_success,202
555,ppo,1000555,1959,triprotic,near,acid,separated,3,5.852,5.357,0.030910114696159622,2,0,0.315,1,1,0,1,0,3,2,0.019941678101198512,2.45,1.82,0.63,5.376941678101199,5.38,measured_success,202
555,ppo,1000555,1960,triprotic,far,base,separated,3,4.822,8.501,0.09064078408893185,7,3,0.01,1,1,0,1,0,12,7,0.02241297420048305,16.73,2.4899999999999998,14.240000000000002,8.523412974200482,8.52,measured_success,202
555,ppo,1000555,1961,monoprotic,medium,base,single,1,7.201,8.743,0.11001283401159553,0,0,,1,1,0,1,0,2,0,0.03117952404020663,7.37,0.0,7.37,8.711820475959794,8.71,measured_success,202
555,ppo,1000555,1962,monoprotic,near,base,single,1,4.19,4.763,0.11675015176828998,0,0,,1,0,0,1,0,1,0,0.05822316884058587,2.26,0.0,2.26,4.704776831159414,4.7,measured_success,202
555,ppo,1000555,1963,monoprotic,near,acid,single,1,2.635,2.42,0.1738857371689309,0,0,,1,0,0,1,0,1,0,0.061800298171370116,2.12,2.12,0.0,2.48180029817137,2.48,measured_success,202
555,ppo,1000555,1964,triprotic,far,acid,separated,3,8.084,4.328,0.03766253297104089,1,0,3.93,1,1,0,1,0,1,1,0.016992678852662202,7.86,7.86,0.0,4.311007321147338,4.3100000000000005,measured_success,202
555,ppo,1000555,1965,triprotic,medium,acid,separated,3,4.6,3.465,0.07126520631081543,0,0,,1,0,0,1,0,3,0,0.06000171842400359,6.7,6.7,0.0,3.5250017184240034,3.5300000000000002,measured_success,202
555,ppo,1000555,1966,diprotic,medium,base,separated,2,2.969,4.064,0.11490952825359058,0,0,,1,0,0,1,0,10,0,0.055214879099498404,7.139999999999998,0.0,7.139999999999998,4.008785120900502,4.01,measured_success,202
555,ppo,1000555,1967,triprotic,medium,base,separated,3,7.158,8.774,0.04657911955003028,4,3,0.02,1,1,0,1,0,8,4,0.04611034954691284,9.27,3.37,5.8999999999999995,8.727889650453086,8.73,measured_success,202
555,ppo,1000555,1968,monoprotic,near,acid,single,1,6.975,6.379,0.03116511110289702,2,0,0.315,1,1,0,1,0,2,2,0.019512664347157482,2.14,1.51,0.63,6.398512664347157,6.4,measured_success,202
555,ppo,1000555,1969,monoprotic,far,acid,single,1,5.433,3.252,0.10941545569528295,4,1,0.18,1,0,0,1,0,8,4,0.07444142373425322,13.24,7.13,6.11,3.326441423734253,3.33,measured_success,202
555,ppo,1000555,1970,triprotic,medium,acid,separated,3,5.679,4.376,0.11017588331606334,0,0,,1,0,0,1,0,6,0,0.06141083890909815,9.22,9.22,0.0,4.4374108389090985,4.44,measured_success,202
555,ppo,1000555,1971,diprotic,far,base,separated,2,5.956,8.48,0.030087946115891592,47,23,0.01,0,0,0,0,0,50,47,0.2896865940969242,14.909999999999993,6.859999999999997,8.049999999999995,8.769686594096925,8.77,max_steps,202
555,ppo,1000555,1972,diprotic,medium,base,separated,2,7.196,8.932,0.12360202831208572,5,3,0.025,1,0,0,1,0,10,5,0.07489731037262182,12.68,5.38,7.3,9.006897310372622,9.01,measured_success,202
555,ppo,1000555,1973,triprotic,near,acid,separated,3,2.932,2.666,0.051180918183387915,1,0,0.755,1,0,0,1,0,1,1,0.09525630794612594,1.51,1.51,0.0,2.570743692053874,2.57,measured_success,202
555,ppo,1000555,1974,triprotic,near,base,separated,3,2.353,2.738,0.038499653077775364,2,2,0.375,1,1,0,1,0,3,2,0.010468341500610823,2.63,0.75,1.88,2.727531658499389,2.73,measured_success,202
555,ppo,1000555,1975,diprotic,near,acid,separated,2,2.822,2.281,0.056627431845853796,1,0,1.74,1,0,0,1,0,3,1,0.0772821481605912,5.359999999999999,3.48,1.88,2.203717851839409,2.2,measured_success,202
555,ppo,1000555,1976,triprotic,near,base,separated,3,3.415,4.07,0.05029393356925208,1,0,1.13,1,1,0,1,0,1,1,0.04718722548819976,2.26,0.0,2.26,4.1171872254882,4.12,measured_success,202
555,ppo,1000555,1977,diprotic,near,base,separated,2,3.803,4.329,0.16529177197317102,0,0,,1,0,0,1,0,3,0,0.09142386068606623,4.6899999999999995,0.0,4.6899999999999995,4.2375761393139335,4.24,measured_success,202
555,ppo,1000555,1978,triprotic,medium,acid,overlapping,3,4.247,2.481,0.12838573090092525,0,0,,1,0,0,1,0,14,0,0.0828202637688662,21.28000000000001,21.28000000000001,0.0,2.563820263768866,2.56,measured_success,202
555,ppo,1000555,1979,diprotic,far,acid,separated,2,6.078,2.43,0.13390696981218006,0,0,,1,1,0,1,0,9,0,0.021771744833992468,23.17,23.17,0.0,2.4517717448339926,2.45,measured_success,202
555,ppo,1000555,1980,triprotic,medium,base,separated,3,3.46,5.357,0.10393485485918426,0,0,,1,0,0,1,0,10,0,0.08169702701194037,14.420000000000002,0.0,14.420000000000002,5.27530297298806,5.28,measured_success,202
555,ppo,1000555,1981,monoprotic,medium,base,single,1,2.033,3.858,0.0319735747297416,5,3,0.045,1,0,0,1,0,12,5,0.08150987970769963,13.469999999999999,5.48,7.989999999999998,3.9395098797076997,3.94,measured_success,202
555,ppo,1000555,1982,diprotic,near,acid,separated,2,2.134,1.874,0.07054318972151638,0,0,,1,1,0,1,0,1,0,0.04186280272688636,2.12,2.12,0.0,1.9158628027268865,1.92,measured_success,202
555,ppo,1000555,1983,monoprotic,medium,base,single,1,5.916,7.658,0.0967851689827629,0,0,,1,1,0,1,0,4,0,0.02822761323257783,10.790000000000001,0.0,10.790000000000001,7.6297723867674225,7.63,measured_success,202
555,ppo,1000555,1984,diprotic,medium,acid,separated,2,5.872,5.041,0.1263514760545888,0,0,,1,0,0,1,0,8,0,0.09427914175655516,5.409999999999999,5.409999999999999,0.0,5.1352791417565555,5.14,measured_success,202
555,ppo,1000555,1985,monoprotic,near,base,single,1,2.462,2.803,0.09276518673157422,1,0,0.755,1,1,0,1,0,1,1,0.018206610047562855,1.51,0.0,1.51,2.821206610047563,2.82,measured_success,202
555,ppo,1000555,1986,diprotic,far,base,separated,2,2.488,4.797,0.1022017964228388,0,0,,1,0,0,1,0,14,0,0.09366409308493306,18.33999999999999,0.0,18.33999999999999,4.703335906915067,4.7,measured_success,202
555,ppo,1000555,1987,diprotic,near,acid,separated,2,2.426,1.839,0.11521102759853903,1,0,0.9,1,1,0,1,0,2,1,0.03327481790931541,5.28,5.28,0.0,1.8057251820906846,1.81,measured_success,202
555,ppo,1000555,1988,triprotic,far,acid,overlapping,3,4.49,2.271,0.031240874223576513,0,0,,1,1,0,1,0,5,0,0.018122811731360322,11.45,11.45,0.0,2.2891228117313602,2.29,measured_success,202
555,ppo,1000555,1989,diprotic,medium,acid,separated,2,3.556,1.681,0.03210221649105672,0,0,,1,1,0,1,0,1,0,0.0354199124733352,5.06,5.06,0.0,1.7164199124733353,1.72,measured_success,202
555,ppo,1000555,1990,monoprotic,far,acid,single,1,5.23,3.209,0.06139790232317945,5,4,0.045,1,1,0,1,0,9,5,0.04702812489569608,10.18,5.569999999999999,4.609999999999999,3.161971875104304,3.16,measured_success,202
555,ppo,1000555,1991,monoprotic,far,acid,single,1,7.461,4.137,0.10729040216997786,9,9,0.01,1,1,0,1,0,16,9,0.045777146040074435,22.57,12.56,10.010000000000002,4.091222853959925,4.09,measured_success,202
555,ppo,1000555,1992,monoprotic,near,acid,single,1,4.111,3.649,0.15763963432054748,1,0,0.515,1,1,0,1,0,2,1,0.03332507509269167,2.54,2.54,0.0,3.6156749249073084,3.62,measured_success,202
555,ppo,1000555,1993,monoprotic,far,acid,single,1,5.617,1.756,0.033150394587479794,1,0,3.93,1,0,0,1,0,4,1,0.08717037331796518,9.75,7.86,1.8900000000000001,1.6688296266820348,1.67,measured_success,202
555,ppo,1000555,1994,triprotic,medium,acid,separated,3,7.666,5.733,0.04632817544590401,1,0,0.315,1,1,0,1,0,2,1,0.04172392368746447,5.6899999999999995,5.6899999999999995,0.0,5.691276076312535,5.69,measured_success,202
555,ppo,1000555,1995,triprotic,medium,base,separated,3,5.513,7.426,0.08165870541919906,0,0,,1,0,0,1,0,3,0,0.08859239398400831,8.22,0.0,8.22,7.337407606015992,7.34,measured_success,202
555,ppo,1000555,1996,diprotic,medium,acid,separated,2,5.818,4.823,0.10787672250794687,1,0,1.935,1,1,0,1,0,3,1,0.03850483573046226,4.86,3.87,0.99,4.784495164269538,4.78,measured_success,202
555,ppo,1000555,1997,diprotic,medium,acid,separated,2,5.611,4.759,0.09428259711220743,1,0,0.315,1,1,0,1,0,4,1,0.004481890327259208,4.779999999999999,4.779999999999999,0.0,4.754518109672741,4.75,measured_success,202
555,ppo,1000555,1998,triprotic,medium,acid,separated,3,5.156,3.86,0.09292910570975534,0,0,,1,0,0,1,0,6,0,0.08051041017741278,9.76,9.76,0.0,3.9405104101774127,3.94,measured_success,202
555,ppo,1000555,1999,diprotic,far,base,separated,2,5.838,8.394,0.17260446111561065,4,2,0.085,1,1,0,1,0,8,4,0.03759502531903003,20.64,2.71,17.93,8.35640497468097,8.36,measured_success,202
555,ppo,1000555,2000,triprotic,medium,acid,separated,3,6.847,5.237,0.10535944908858598,0,0,,1,0,0,1,0,8,0,0.06023688602856403,9.96,9.96,0.0,5.297236886028564,5.3,measured_success,202
555,ppo,1000555,2001,triprotic,medium,acid,separated,3,7.553,6.597,0.12512322262010364,0,0,,1,0,0,1,0,13,0,0.09729780510280062,8.419999999999998,8.419999999999998,0.0,6.694297805102801,6.69,measured_success,202
555,ppo,1000555,2002,diprotic,near,acid,overlapping,2,3.409,3.046,0.15946163481665232,0,0,,1,0,0,1,0,1,0,0.09299857743274709,1.51,1.51,0.0,3.138998577432747,3.14,measured_success,202
555,ppo,1000555,2003,triprotic,near,acid,separated,3,5.048,4.378,0.08298523628170223,0,0,,1,0,0,1,0,6,0,0.09177010486808967,4.64,4.64,0.0,4.46977010486809,4.47,measured_success,202
555,ppo,1000555,2004,diprotic,medium,acid,separated,2,6.684,5.754,0.13091850276292502,0,0,,1,0,0,1,0,13,0,0.08084857698597503,8.52,8.52,0.0,5.834848576985975,5.83,measured_success,202
555,ppo,1000555,2005,diprotic,far,acid,separated,2,6.153,3.88,0.04400759444497018,1,0,3.035,1,1,0,1,0,4,1,0.017835941576134218,7.37,6.07,1.3,3.8621640584238657,3.86,measured_success,202
555,ppo,1000555,2006,monoprotic,near,base,single,1,5.705,6.174,0.13014928220191774,0,0,,1,1,0,1,0,2,0,0.03498805576020825,2.75,0.0,2.75,6.139011944239792,6.140000000000001,measured_success,202
555,ppo,1000555,2007,diprotic,medium,base,separated,2,6.771,8.312,0.1139091677621626,45,24,0.01,0,0,0,0,0,50,45,0.2510506791042939,12.619999999999994,6.189999999999997,6.429999999999996,8.563050679104293,8.56,max_steps,202
555,ppo,1000555,2008,diprotic,near,acid,overlapping,2,3.295,2.652,0.09672626821354448,0,0,,1,1,0,1,0,2,0,0.006197071120364939,5.28,5.28,0.0,2.658197071120365,2.66,measured_success,202
555,ppo,1000555,2009,monoprotic,near,base,single,1,8.055,8.68,0.04963161801862057,1,0,1.06,1,0,0,1,0,2,1,0.06130333631893592,2.97,0.85,2.12,8.741303336318936,8.74,measured_success,202
555,ppo,1000555,2010,triprotic,medium,base,separated,3,6.608,8.23,0.03893923273604752,3,2,0.18,1,1,0,1,0,9,3,0.012370942472347934,13.0,5.390000000000001,7.61,8.242370942472348,8.24,measured_success,202
555,ppo,1000555,2011,triprotic,near,base,separated,3,6.34,6.804,0.11429684400819536,0,0,,1,0,0,1,0,7,0,0.07633746648941475,5.339999999999999,0.0,5.339999999999999,6.7276625335105855,6.73,measured_success,202
555,ppo,1000555,2012,monoprotic,medium,acid,single,1,8.435,7.048,0.10265855157571036,0,0,,0,0,1,0,0,50,0,1.1529892740293572,1.500000000000001,1.500000000000001,0.0,8.200989274029357,8.2,max_steps,202
555,ppo,1000555,2013,triprotic,far,base,separated,3,5.208,7.793,0.08023353516202548,45,24,0.01,0,0,1,0,0,50,45,0.6270893393257131,14.989999999999993,6.879999999999997,8.109999999999996,8.420089339325713,8.42,max_steps,202
555,ppo,1000555,2014,diprotic,far,acid,separated,2,6.554,2.975,0.07078011474590527,2,0,0.315,1,1,0,1,0,5,2,0.04979619484273767,12.620000000000001,11.99,0.63,3.0247961948427378,3.02,measured_success,202
555,ppo,1000555,2015,monoprotic,near,base,single,1,5.838,6.148,0.03992634512547556,0,0,,0,0,0,1,1,30,0,0.10264906766554738,0.3000000000000001,0.0,0.3000000000000001,6.045350932334452,6.05,measured_success,202
555,ppo,1000555,2016,monoprotic,medium,acid,single,1,6.193,5.262,0.17601310070909693,0,0,,1,0,0,1,0,12,0,0.06988732234469897,9.860000000000001,9.860000000000001,0.0,5.3318873223446985,5.33,measured_success,202
555,ppo,1000555,2017,diprotic,medium,acid,separated,2,5.42,4.666,0.04948812663799956,0,0,,1,0,0,1,0,4,0,0.051936791181804054,3.48,3.48,0.0,4.717936791181804,4.72,measured_success,202
555,ppo,1000555,2018,monoprotic,medium,base,single,1,2.25,3.101,0.13685539588068218,0,0,,1,0,0,1,0,13,0,0.08195755564425244,8.79,0.0,8.79,3.0190424443557475,3.02,measured_success,202
555,ppo,1000555,2019,diprotic,near,acid,separated,2,2.352,1.812,0.03504186405030764,1,0,1.74,1,0,0,1,0,2,1,0.08028600956177256,4.51,3.48,1.03,1.7317139904382275,1.73,measured_success,202
555,ppo,1000555,2020,diprotic,near,acid,separated,2,3.706,3.255,0.0849345262276029,0,0,,1,1,0,1,0,2,0,0.007786258152654213,2.54,2.54,0.0,3.262786258152654,3.2600000000000002,measured_success,202
555,ppo,1000555,2021,monoprotic,near,acid,single,1,4.809,4.56,0.15254347422075112,1,1,0.755,1,1,0,1,0,3,1,0.01876676256444032,2.5700000000000003,1.51,1.06,4.541233237435559,4.54,measured_success,202
555,ppo,1000555,2022,monoprotic,near,base,single,1,7.166,7.406,0.11295148966455348,0,0,,0,0,0,0,0,50,0,0.10666593932327029,0.5000000000000002,0.0,0.5000000000000002,7.299334060676729,7.3,max_steps,202
555,ppo,1000555,2023,diprotic,medium,acid,separated,2,6.361,5.254,0.07703268454524377,0,0,,1,0,0,1,0,3,0,0.05380236715662967,6.3,6.3,0.0,5.307802367156629,5.3100000000000005,measured_success,202
555,ppo,1000555,2024,diprotic,near,base,separated,2,1.8,2.284,0.10393626109950496,0,0,,1,1,0,1,0,2,0,0.008457872312786385,3.1500000000000004,0.0,3.1500000000000004,2.2755421276872134,2.2800000000000002,measured_success,202
555,ppo,1000555,2025,monoprotic,medium,acid,single,1,7.531,5.839,0.1047073253689795,7,7,0.02,1,0,0,1,0,12,7,0.08792362577922574,12.989999999999998,7.08,5.909999999999999,5.751076374220775,5.75,measured_success,202
555,ppo,1000555,2026,triprotic,medium,acid,separated,3,3.114,1.625,0.14355422874103843,0,0,,1,0,0,1,0,13,0,0.07351119282465657,23.04000000000001,23.04000000000001,0.0,1.6985111928246566,1.7,measured_success,202
555,ppo,1000555,2027,diprotic,far,acid,separated,2,4.393,1.676,0.03822371442523264,0,0,,1,1,0,1,0,5,0,0.04134044365695,10.719999999999999,10.719999999999999,0.0,1.71734044365695,1.72,measured_success,202
555,ppo,1000555,2028,monoprotic,near,acid,single,1,8.036,7.689,0.05588524418099322,0,0,,0,0,0,0,0,50,0,0.1594476524050581,0.5000000000000002,0.5000000000000002,0.0,7.848447652405058,7.8500000000000005,max_steps,202
555,ppo,1000555,2029,monoprotic,medium,acid,single,1,5.154,3.914,0.050160685104132914,4,0,0.155,1,1,0,1,0,5,4,0.0037984575094260897,7.459999999999999,5.35,2.11,3.9177984575094262,3.92,measured_success,202
555,ppo,1000555,2030,monoprotic,near,acid,single,1,5.094,4.408,0.06745347418142424,1,1,0.425,1,0,0,1,0,3,1,0.05764901910847531,2.78,2.36,0.42,4.350350980891525,4.3500000000000005,measured_success,202
555,ppo,1000555,2031,monoprotic,near,base,single,1,4.771,5.232,0.09100534991446065,1,0,0.515,1,1,0,1,0,2,1,0.015930658078716853,3.1500000000000004,0.0,3.1500000000000004,5.247930658078717,5.25,measured_success,202
555,ppo,1000555,2032,triprotic,near,base,separated,3,5.682,5.883,0.052445385166414074,0,0,,1,0,0,1,0,49,0,0.09747248335535108,0.49000000000000027,0.0,0.49000000000000027,5.785527516644649,5.79,measured_success,202
555,ppo,1000555,2033,diprotic,medium,base,separated,2,3.535,4.39,0.1518668154511048,0,0,,1,0,0,1,0,16,0,0.07771257916124252,8.999999999999998,0.0,8.999999999999998,4.312287420838757,4.3100000000000005,measured_success,202
555,ppo,1000555,2034,diprotic,medium,base,separated,2,2.497,4.424,0.12764522884362714,0,0,,1,0,0,1,0,10,0,0.08266356364900762,14.100000000000001,0.0,14.100000000000001,4.341336436350993,4.34,measured_success,202
555,ppo,1000555,2035,diprotic,near,acid,separated,2,4.899,4.232,0.06606389530945576,0,0,,1,0,0,1,0,1,0,0.09401418454696486,1.51,1.51,0.0,4.326014184546965,4.33,measured_success,202
555,ppo,1000555,2036,triprotic,near,acid,separated,3,3.906,3.544,0.11725311630329777,0,0,,1,0,0,1,0,3,0,0.05766954974409133,3.39,3.39,0.0,3.6016695497440914,3.6,measured_success,202
555,ppo,1000555,2037,triprotic,medium,acid,separated,3,5.262,3.979,0.15364131775366158,0,0,,1,0,0,1,0,10,0,0.06717750234287845,13.08,13.08,0.0,4.0461775023428785,4.05,measured_success,202
555,ppo,1000555,2038,monoprotic,medium,base,single,1,4.646,5.861,0.04475097361660965,4,1,0.155,1,1,0,1,0,4,3,0.003525357067897694,8.81,2.93,5.88,5.8645253570678975,5.86,measured_success,202
555,ppo,1000555,2039,monoprotic,near,acid,single,1,4.684,4.284,0.07760858097165062,0,0,,1,1,0,1,0,1,0,0.0368190701558353,1.51,1.51,0.0,4.320819070155835,4.32,measured_success,202
555,ppo,1000555,2040,monoprotic,medium,base,single,1,6.193,8.057,0.04084515579895529,42,23,0.01,0,0,0,0,0,50,42,0.19217821656554968,12.969999999999992,6.219999999999996,6.749999999999996,7.864821783434451,7.86,max_steps,202
555,ppo,1000555,2041,diprotic,medium,acid,separated,2,5.155,3.925,0.06587031178171558,1,0,0.515,1,1,0,1,0,3,1,0.011730398030522338,6.7,6.7,0.0,3.9132696019694775,3.91,measured_success,202
555,ppo,1000555,2042,diprotic,medium,acid,separated,2,4.039,3.113,0.10423463647931601,2,1,0.255,1,1,0,1,0,4,2,0.01573481336943372,7.21,6.7,0.51,3.1287348133694337,3.13,measured_success,202
555,ppo,1000555,2043,triprotic,medium,acid,separated,3,5.204,3.597,0.07925973335011186,0,0,,1,1,0,1,0,3,0,0.03011682401913296,8.559999999999999,8.559999999999999,0.0,3.627116824019133,3.63,measured_success,202
555,ppo,1000555,2044,monoprotic,medium,acid,single,1,3.331,1.661,0.11088198725264124,0,0,,1,0,0,1,0,7,0,0.07215684140337686,17.14,17.14,0.0,1.733156841403377,1.73,measured_success,202
555,ppo,1000555,2045,triprotic,medium,base,separated,3,5.467,6.174,0.03644754658867959,1,0,1.13,1,1,0,1,0,2,1,0.029568647581323937,3.11,0.85,2.26,6.203568647581324,6.2,measured_success,202
555,ppo,1000555,2046,triprotic,medium,base,overlapping,3,2.093,3.088,0.04736919323966915,0,0,,1,0,0,1,0,12,0,0.06462229880173709,8.71,0.0,8.71,3.023377701198263,3.02,measured_success,202
555,ppo,1000555,2047,monoprotic,medium,base,single,1,8.047,9.822,0.04311106588436988,2,0,0.02,1,1,0,1,0,21,2,0.007796238330062266,3.1799999999999993,0.12,3.059999999999999,9.814203761669937,9.81,measured_success,202
555,ppo,1000555,2048,diprotic,medium,acid,separated,2,4.087,2.607,0.08004686445429197,1,0,2.625,1,1,0,1,0,1,1,0.04956179369109659,5.25,5.25,0.0,2.5574382063089036,2.56,measured_success,202
555,ppo,1000555,2049,diprotic,near,base,separated,2,5.693,6.319,0.10128312155129751,3,1,0.155,1,1,0,1,0,4,3,0.006663072853309693,3.91,1.48,2.43,6.32566307285331,6.33,measured_success,202
555,ppo,1000555,2050,monoprotic,medium,acid,single,1,4.348,2.433,0.05391368117762224,3,1,0.255,1,0,0,1,0,4,3,0.09414631907784532,8.399999999999999,5.569999999999999,2.83,2.3388536809221545,2.34,measured_success,202
555,ppo,1000555,2051,monoprotic,far,base,single,1,1.937,4.858,0.04412949177901026,6,5,0.025,1,1,0,1,0,8,6,0.041436282194861285,8.0,1.86,6.14,4.816563717805138,4.82,measured_success,202
555,ppo,1000555,2052,diprotic,medium,acid,separated,2,4.417,3.716,0.09377035567626167,0,0,,1,0,0,1,0,3,0,0.05587886395104835,4.06,4.06,0.0,3.7718788639510485,3.77,measured_success,202
555,ppo,1000555,2053,monoprotic,far,acid,single,1,8.833,5.15,0.06630416732289862,10,5,0.01,0,0,0,0,0,50,10,0.13639192730507332,15.779999999999992,11.079999999999993,4.699999999999999,5.286391927305074,5.29,max_steps,202
555,ppo,1000555,2054,monoprotic,near,base,single,1,7.163,7.808,0.0629842783591451,2,0,0.425,1,1,0,1,0,3,2,0.012529306341470203,3.33,0.85,2.48,7.79547069365853,7.8,measured_success,202
555,ppo,1000555,2055,triprotic,far,base,separated,3,4.64,8.266,0.1434942556890514,0,0,,1,0,0,1,0,6,0,0.058058890890931636,22.41,0.0,22.41,8.207941109109068,8.21,measured_success,202
555,ppo,1000555,2056,diprotic,far,base,separated,2,5.048,8.709,0.0327883464924223,45,21,0.01,0,0,0,0,0,50,45,0.20727956385991675,15.789999999999992,5.099999999999997,10.689999999999996,8.916279563859916,8.92,max_steps,202
555,ppo,1000555,2057,diprotic,near,acid,separated,2,3.712,3.312,0.07973691075470932,1,0,0.755,1,0,0,1,0,1,1,0.09216051185422236,1.51,1.51,0.0,3.2198394881457775,3.22,measured_success,202
555,ppo,1000555,2058,monoprotic,near,acid,single,1,7.383,6.814,0.15911051672977977,0,0,,1,0,0,1,0,10,0,0.09744516194409059,4.669999999999999,4.669999999999999,0.0,6.911445161944091,6.91,measured_success,202
555,ppo,1000555,2059,monoprotic,far,acid,single,1,5.905,2.093,0.17816884228833366,1,0,3.93,1,1,0,1,0,8,1,0.04697899834845476,11.27,7.86,3.41,2.046021001651545,2.05,measured_success,202
555,ppo,1000555,2060,triprotic,medium,base,separated,3,3.029,4.232,0.13078824744238143,0,0,,1,0,0,1,0,22,0,0.08040743944672801,16.050000000000008,0.0,16.050000000000008,4.151592560553272,4.15,measured_success,202
555,ppo,1000555,2061,diprotic,medium,acid,overlapping,2,4.052,3.062,0.12751531523694587,1,0,0.9,1,1,0,1,0,3,1,0.0347221403798339,6.52,5.67,0.85,3.027277859620166,3.0300000000000002,measured_success,202
555,ppo,1000555,2062,triprotic,medium,acid,separated,3,6.85,4.975,0.05274604646737749,0,0,,1,1,0,1,0,4,0,0.03385364167252547,6.629999999999999,6.629999999999999,0.0,5.008853641672525,5.01,measured_success,202
555,ppo,1000555,2063,triprotic,medium,base,separated,3,4.745,5.501,0.04376186875735767,0,0,,1,1,0,1,0,1,0,0.02669417333487001,2.26,0.0,2.26,5.47430582666513,5.47,measured_success,202
555,ppo,1000555,2064,monoprotic,medium,base,single,1,5.607,6.377,0.08826013815089974,3,0,0.18,1,0,0,1,0,4,3,0.07865780454971816,3.6399999999999997,1.02,2.6199999999999997,6.455657804549718,6.46,measured_success,202
555,ppo,1000555,2065,diprotic,near,base,separated,2,2.193,2.559,0.06774596632718448,1,0,0.755,1,1,0,1,0,1,1,0.01397456109652051,1.51,0.0,1.51,2.5729745610965207,2.57,measured_success,202
555,ppo,1000555,2066,diprotic,near,base,overlapping,2,3.498,3.88,0.09405799042682908,0,0,,0,0,0,1,1,6,0,0.10353303869149943,4.55,0.0,4.55,3.7764669613085005,3.7800000000000002,measured_success,202
555,ppo,1000555,2067,monoprotic,medium,acid,single,1,6.633,5.399,0.045315637583941706,3,2,0.085,1,0,0,1,0,8,3,0.06999035796718989,7.559999999999999,4.699999999999999,2.86,5.32900964203281,5.33,measured_success,202
555,ppo,1000555,2068,diprotic,medium,acid,separated,2,4.428,3.16,0.10280704778893071,0,0,,1,0,0,1,0,6,0,0.07562063794404406,9.88,9.88,0.0,3.235620637944044,3.24,measured_success,202
555,ppo,1000555,2069,diprotic,medium,base,separated,2,4.564,5.719,0.10809954655826762,0,0,,1,0,0,1,0,4,0,0.09465547185110079,7.97,0.0,7.97,5.6243445281488995,5.62,measured_success,202
555,ppo,1000555,2070,triprotic,medium,acid,separated,3,7.001,5.414,0.13166092137643953,0,0,,1,0,0,1,0,6,0,0.09466500753935492,7.299999999999999,7.299999999999999,0.0,5.508665007539355,5.51,measured_success,202
555,ppo,1000555,2071,diprotic,medium,acid,separated,2,2.799,2.085,0.04914746143722741,1,0,1.74,1,0,0,1,0,2,1,0.09241432714657005,4.51,3.48,1.03,1.99258567285343,1.99,measured_success,202
555,ppo,1000555,2072,monoprotic,near,base,single,1,7.845,8.43,0.03900286212376646,3,2,0.155,1,0,0,1,0,5,3,0.09713031611009271,4.0600000000000005,1.63,2.43,8.527130316110092,8.53,measured_success,202
555,ppo,1000555,2073,triprotic,medium,acid,separated,3,6.818,5.834,0.05911601207704649,0,0,,1,1,0,1,0,1,0,0.005368885270964796,2.12,2.12,0.0,5.839368885270964,5.84,measured_success,202
555,ppo,1000555,2074,diprotic,far,base,overlapping,2,1.814,4.861,0.07101219990291925,4,0,0.075,1,0,0,1,0,9,4,0.07877306792390026,18.029999999999998,1.91,16.119999999999997,4.7822269320760995,4.78,measured_success,202
555,ppo,1000555,2075,triprotic,medium,base,separated,3,1.873,3.072,0.06169674507288445,0,0,,1,1,0,1,0,5,0,0.013920113810772072,8.35,0.0,8.35,3.058079886189228,3.06,measured_success,202
555,ppo,1000555,2076,diprotic,near,acid,separated,2,3.947,3.578,0.09874496059592343,1,0,0.515,1,0,0,1,0,2,1,0.08106253973797317,2.54,2.54,0.0,3.4969374602620267,3.5,measured_success,202
555,ppo,1000555,2077,monoprotic,medium,base,single,1,5.915,6.898,0.053381122808102754,1,0,2.02,1,1,0,1,0,2,1,0.02014725045853183,4.57,0.53,4.04,6.9181472504585315,6.92,measured_success,202
555,ppo,1000555,2078,monoprotic,near,base,single,1,4.965,5.377,0.16760001356225926,1,0,1.06,1,0,0,1,0,1,1,0.06863610432536493,2.12,0.0,2.12,5.445636104325365,5.45,measured_success,202
555,ppo,1000555,2079,triprotic,medium,base,separated,3,4.159,5.836,0.03790533071009487,0,0,,1,0,0,1,0,1,0,0.098717983626047,5.25,0.0,5.25,5.737282016373953,5.74,measured_success,202
555,ppo,1000555,2080,monoprotic,far,acid,single,1,4.537,2.058,0.03144449173814553,1,0,3.035,1,0,0,1,0,5,1,0.05929603358318447,7.86,6.07,1.79,1.9987039664168154,2.0,measured_success,202
555,ppo,1000555,2081,diprotic,medium,base,separated,2,2.092,3.808,0.1406191846298079,0,0,,1,0,0,1,0,12,0,0.09487053978155569,13.67,0.0,13.67,3.713129460218444,3.71,measured_success,202
555,ppo,1000555,2082,diprotic,near,acid,separated,2,5.196,4.603,0.17502660725012006,0,0,,1,0,0,1,0,7,0,0.09982700855731252,5.1,5.1,0.0,4.702827008557312,4.7,measured_success,202
555,ppo,1000555,2083,diprotic,far,base,separated,2,6.283,10.093,0.15690178638669064,8,5,0.01,1,1,0,1,0,13,8,0.005235092922372786,13.29,3.71,9.579999999999998,10.087764907077627,10.09,measured_success,202
555,ppo,1000555,2084,triprotic,near,base,overlapping,3,1.865,2.281,0.08518105345043553,0,0,,1,0,0,1,0,4,0,0.07516787100173206,4.63,0.0,4.63,2.205832128998268,2.21,measured_success,202
555,ppo,1000555,2085,diprotic,medium,base,separated,2,4.824,5.825,0.039185232309850895,4,1,0.06,1,1,0,1,0,5,4,0.02481998745156755,4.07,1.5300000000000002,2.54,5.800180012548433,5.8,measured_success,202
555,ppo,1000555,2086,diprotic,far,base,separated,2,3.831,7.185,0.056598472777991314,1,0,0.425,1,0,0,1,0,5,1,0.0619612529224538,12.65,0.36,12.290000000000001,7.246961252922453,7.25,measured_success,202
555,ppo,1000555,2087,diprotic,medium,base,separated,2,2.639,4.104,0.03094178454518397,2,1,0.515,1,0,0,1,0,4,2,0.06666097066605392,8.71,2.95,5.76,4.037339029333946,4.04,measured_success,202
555,ppo,1000555,2088,triprotic,medium,base,separated,3,6.177,7.585,0.03331069546633552,7,3,0.01,1,1,0,1,0,12,7,0.0090259375265207,12.540000000000001,6.010000000000002,6.529999999999999,7.594025937526521,7.59,measured_success,202
555,ppo,1000555,2089,diprotic,medium,base,separated,2,4.408,5.772,0.1622241410187325,0,0,,1,1,0,1,0,3,0,0.042749500456796596,6.64,0.0,6.64,5.729250499543204,5.73,measured_success,202
555,ppo,1000555,2090,monoprotic,medium,base,single,1,2.691,3.797,0.1602013323165747,0,0,,1,0,0,1,0,15,0,0.06799010048702092,9.41,0.0,9.41,3.7290098995129792,3.73,measured_success,202
555,ppo,1000555,2091,monoprotic,medium,acid,single,1,3.145,1.502,0.041071345637669794,0,0,,1,0,0,1,0,5,0,0.0760308075149434,9.5,9.5,0.0,1.5780308075149434,1.58,measured_success,202
555,ppo,1000555,2092,monoprotic,medium,acid,single,1,6.533,4.557,0.04501873194194335,6,0,0.045,1,1,0,1,0,7,6,0.021973325297077295,8.379999999999999,6.129999999999999,2.25,4.578973325297078,4.58,measured_success,202
555,ppo,1000555,2093,triprotic,near,acid,overlapping,3,2.543,2.016,0.06798188180811296,1,0,0.9,1,1,0,1,0,2,1,0.04302552346408861,5.28,5.28,0.0,1.9729744765359114,1.97,measured_success,202
555,ppo,1000555,2094,diprotic,medium,base,separated,2,5.795,7.061,0.06772077540650984,1,0,0.155,1,1,0,1,0,3,1,0.045948260170353805,4.88,0.0,4.88,7.106948260170354,7.11,measured_success,202
555,ppo,1000555,2095,triprotic,medium,base,separated,3,5.728,6.548,0.057913788471851545,2,0,0.28,1,0,0,1,0,3,2,0.050720591273153204,3.67,1.4100000000000001,2.26,6.497279408726847,6.5,measured_success,202
555,ppo,1000555,2096,triprotic,near,acid,overlapping,3,3.902,3.632,0.06433389458423822,0,0,,1,0,0,1,0,1,0,0.09775620165607402,1.51,1.51,0.0,3.729756201656074,3.73,measured_success,202
555,ppo,1000555,2097,triprotic,far,base,separated,3,4.251,6.442,0.10306292306733834,0,0,,1,1,0,1,0,7,0,0.0079654815689576,20.090000000000003,0.0,20.090000000000003,6.434034518431043,6.43,measured_success,202
555,ppo,1000555,2098,diprotic,far,base,overlapping,2,3.369,6.123,0.0663894918179109,1,0,0.425,1,0,0,1,0,20,1,0.09909902151161365,17.990000000000002,0.6200000000000001,17.37,6.222099021511614,6.22,measured_success,202
555,ppo,1000555,2099,monoprotic,far,acid,single,1,5.97,3.154,0.1631372473636035,4,2,0.225,1,0,0,1,0,7,4,0.08881214681816729,13.89,11.64,2.25,3.242812146818167,3.24,measured_success,202
555,ppo,1000555,2100,monoprotic,medium,base,single,1,6.455,7.387,0.05493637562106931,3,0,0.315,1,0,0,1,0,12,3,0.0733807535048756,8.259999999999998,3.589999999999999,4.67,7.460380753504875,7.46,measured_success,202
555,ppo,1000555,2101,triprotic,near,acid,separated,3,7.449,6.87,0.050945276418064116,1,0,0.315,1,1,0,1,0,2,1,0.01476775615050574,2.14,2.14,0.0,6.855232243849494,6.86,measured_success,202
555,ppo,1000555,2102,diprotic,near,acid,overlapping,2,3.964,3.375,0.16998766642512772,1,1,0.515,1,1,0,1,0,4,1,0.00320923207872692,5.3,4.79,0.51,3.371790767921273,3.37,measured_success,202
555,ppo,1000555,2103,diprotic,medium,acid,separated,2,3.257,1.854,0.13433060560949514,0,0,,1,0,0,1,0,8,0,0.05337569560818389,18.860000000000003,18.860000000000003,0.0,1.907375695608184,1.9100000000000001,measured_success,202
555,ppo,1000555,2104,monoprotic,medium,base,single,1,3.901,5.279,0.17331103397503123,3,2,0.21,1,1,0,1,0,5,3,0.011993843882752486,9.24,1.06,8.18,5.290993843882752,5.29,measured_success,202
555,ppo,1000555,2105,diprotic,near,acid,separated,2,3.123,2.433,0.03433221862021293,2,0,0.515,1,0,0,1,0,2,2,0.06473884792336904,4.51,3.48,1.03,2.497738847923369,2.5,measured_success,202
555,ppo,1000555,2106,triprotic,near,acid,separated,3,2.822,2.41,0.1293639227029178,1,0,0.515,1,0,0,1,0,2,1,0.09291775919473899,3.1500000000000004,3.1500000000000004,0.0,2.317082240805261,2.32,measured_success,202
555,ppo,1000555,2107,diprotic,far,acid,separated,2,4.352,1.568,0.049731501947873485,0,0,,1,1,0,1,0,3,0,0.019210698213619537,9.56,9.56,0.0,1.5872106982136196,1.59,measured_success,202
555,ppo,1000555,2108,monoprotic,near,acid,single,1,8.072,7.669,0.13691580327046635,0,0,,0,0,0,0,0,50,0,0.3541034197003592,0.5000000000000002,0.5000000000000002,0.0,8.023103419700359,8.02,max_steps,202
555,ppo,1000555,2109,diprotic,medium,base,overlapping,2,2.366,4.222,0.03739041643598396,2,0,0.425,1,1,0,1,0,4,2,0.018548116055693065,6.82,0.85,5.970000000000001,4.203451883944307,4.2,measured_success,202
555,ppo,1000555,2110,monoprotic,medium,acid,single,1,3.567,2.139,0.10792259265237603,1,0,2.625,1,1,0,1,0,5,1,0.032912461739502685,7.27,5.25,2.02,2.106087538260497,2.11,measured_success,202
555,ppo,1000555,2111,triprotic,far,base,separated,3,7.116,9.999,0.03763776679577787,7,4,0.01,1,1,0,1,0,13,7,0.0010438897164828376,12.969999999999999,5.54,7.43,10.000043889716483,10.0,measured_success,202
555,ppo,1000555,2112,monoprotic,medium,acid,single,1,4.843,3.054,0.050219636998355716,1,0,2.53,1,0,0,1,0,2,1,0.08091293636070374,6.859999999999999,5.06,1.8,2.973087063639296,2.97,measured_success,202
555,ppo,1000555,2113,diprotic,near,base,separated,2,5.887,6.26,0.07343288818269075,0,0,,1,0,0,1,0,1,0,0.05431203620038261,2.12,0.0,2.12,6.205687963799617,6.21,measured_success,202
555,ppo,1000555,2114,monoprotic,medium,base,single,1,6.319,7.431,0.1579770903417913,0,0,,1,0,0,1,0,13,0,0.07885863183835173,6.77,0.0,6.77,7.352141368161648,7.3500000000000005,measured_success,202
555,ppo,1000555,2115,diprotic,medium,acid,separated,2,3.96,2.716,0.13079570818966035,0,0,,1,0,0,1,0,12,0,0.06059498957478038,21.470000000000002,21.470000000000002,0.0,2.7765949895747806,2.7800000000000002,measured_success,202
555,ppo,1000555,2116,monoprotic,medium,acid,single,1,5.463,4.722,0.044515274882568505,4,4,0.075,1,0,0,1,0,10,4,0.0652737630558784,3.7199999999999998,1.9200000000000002,1.7999999999999998,4.787273763055879,4.79,measured_success,202
555,ppo,1000555,2117,monoprotic,near,acid,single,1,3.696,3.173,0.13983911864875645,0,0,,1,0,0,1,0,3,0,0.08801506579172624,4.06,4.06,0.0,3.2610150657917263,3.2600000000000002,measured_success,202
555,ppo,1000555,2118,monoprotic,medium,base,single,1,5.817,7.8,0.12175854916077539,2,0,0.425,1,1,0,1,0,4,2,0.01072956854502305,11.06,0.85,10.21,7.789270431454977,7.79,measured_success,202
555,ppo,1000555,2119,monoprotic,near,base,single,1,8.217,8.849,0.05517476832080637,0,0,,1,1,0,1,0,1,0,0.03619047674042619,2.12,0.0,2.12,8.812809523259574,8.81,measured_success,202
555,ppo,1000555,2120,triprotic,near,acid,separated,3,4.038,3.487,0.1536875829662005,0,0,,1,0,0,1,0,4,0,0.09754390072097685,5.64,5.64,0.0,3.584543900720977,3.58,measured_success,202
555,ppo,1000555,2121,monoprotic,medium,base,single,1,6.673,7.859,0.16942040897755725,4,1,0.085,1,0,0,1,0,7,4,0.07847348550715871,8.34,3.23,5.11,7.780526514492841,7.78,measured_success,202
555,ppo,1000555,2122,monoprotic,medium,acid,single,1,2.698,1.608,0.12839508023395893,0,0,,1,0,0,1,0,7,0,0.0892112760368784,11.259999999999998,11.259999999999998,0.0,1.6972112760368785,1.7,measured_success,202
555,ppo,1000555,2123,monoprotic,medium,acid,single,1,5.344,3.739,0.06795418233763578,5,5,0.075,1,0,0,1,0,9,5,0.06418637161875651,10.620000000000001,6.6,4.0200000000000005,3.6748136283812434,3.67,measured_success,202
555,ppo,1000555,2124,monoprotic,near,acid,single,1,4.602,4.015,0.12364783993763584,3,1,0.155,1,1,0,1,0,3,3,0.039019405046816225,2.5700000000000003,1.82,0.75,3.9759805949531835,3.98,measured_success,202
555,ppo,1000555,2125,monoprotic,medium,base,single,1,6.196,7.781,0.040981694347816976,5,1,0.035,1,0,0,1,0,9,5,0.053204592855016664,10.780000000000001,4.830000000000002,5.95,7.834204592855016,7.83,measured_success,202
555,ppo,1000555,2126,monoprotic,far,base,single,1,4.21,7.695,0.06994912298411927,41,40,0.01,0,0,1,0,0,50,41,0.7892591283065755,19.129999999999992,9.029999999999996,10.099999999999996,8.484259128306576,8.48,max_steps,202
555,ppo,1000555,2127,monoprotic,medium,base,single,1,3.701,5.273,0.16300743724322442,0,0,,1,1,0,1,0,12,0,0.04435086719527348,16.499999999999996,0.0,16.499999999999996,5.228649132804726,5.23,measured_success,202
555,ppo,1000555,2128,monoprotic,medium,acid,single,1,4.315,2.591,0.11957410954579428,3,1,0.155,1,1,0,1,0,5,3,0.021754449156411226,8.709999999999999,5.879999999999999,2.83,2.569245550843589,2.57,measured_success,202
555,ppo,1000555,2129,diprotic,medium,base,separated,2,1.822,3.805,0.048349148809586275,2,1,0.255,1,1,0,1,0,4,2,0.011843275131150133,9.299999999999999,0.51,8.79,3.79315672486885,3.79,measured_success,202
555,ppo,1000555,2130,monoprotic,medium,base,single,1,4.71,6.035,0.06567483450897503,2,1,1.31,1,0,0,1,0,4,2,0.07841057764017734,8.86,2.62,6.24,5.956589422359823,5.96,measured_success,202
555,ppo,1000555,2131,triprotic,far,base,separated,3,3.348,6.292,0.06433607020408924,2,0,0.425,1,1,0,1,0,7,2,0.011047322887394628,18.04,0.85,17.189999999999998,6.280952677112605,6.28,measured_success,202
555,ppo,1000555,2132,monoprotic,medium,base,single,1,8.407,9.776,0.11868070550873525,0,0,,1,0,0,1,0,29,0,0.06903682510304066,4.929999999999999,0.0,4.929999999999999,9.70696317489696,9.71,measured_success,202
555,ppo,1000555,2133,diprotic,far,base,separated,2,2.133,4.268,0.03096203080638331,4,2,0.135,1,0,0,1,0,6,4,0.05300761863660153,10.379999999999999,2.89,7.489999999999999,4.214992381363398,4.21,measured_success,202
555,ppo,1000555,2134,triprotic,far,base,separated,3,5.68,9.653,0.07264823873179349,4,1,0.02,1,1,0,1,0,9,4,0.010004304110319495,9.439999999999998,0.6100000000000001,8.829999999999998,9.642995695889681,9.64,measured_success,202
555,ppo,1000555,2135,monoprotic,medium,base,single,1,3.842,4.846,0.15762983164523386,1,0,0.425,1,1,0,1,0,2,1,0.009963489286752392,3.11,0.0,3.11,4.8559634892867525,4.86,measured_success,202
555,ppo,1000555,2136,triprotic,near,base,separated,3,3.707,4.391,0.10169171401238229,0,0,,1,0,0,1,0,9,0,0.08940365822231122,6.779999999999998,0.0,6.779999999999998,4.301596341777689,4.3,measured_success,202
555,ppo,1000555,2137,diprotic,medium,base,overlapping,2,3.848,5.015,0.1464163308576138,2,1,0.13,1,1,0,1,0,6,2,0.011341366727896762,9.379999999999999,0.26,9.12,5.003658633272103,5.0,measured_success,202
555,ppo,1000555,2138,monoprotic,medium,acid,single,1,7.754,5.829,0.09844905004893702,2,1,0.215,1,1,0,1,0,5,2,0.04631046400858008,8.91,7.63,1.28,5.87531046400858,5.88,measured_success,202
555,ppo,1000555,2139,diprotic,medium,base,separated,2,3.14,4.761,0.03293342955745492,2,1,1.31,1,0,0,1,0,5,2,0.078841277317097,9.17,2.62,6.55,4.682158722682903,4.68,measured_success,202
555,ppo,1000555,2140,triprotic,medium,base,separated,3,2.151,3.313,0.05012791388882534,0,0,,1,0,0,1,0,2,0,0.07941785584306382,4.89,0.0,4.89,3.2335821441569363,3.23,measured_success,202
555,ppo,1000555,2141,diprotic,near,acid,separated,2,6.06,5.853,0.09686682293363945,0,0,,0,0,0,1,1,17,0,0.1019909554726528,0.17,0.17,0.0,5.954990955472653,5.95,measured_success,202
555,ppo,1000555,2142,diprotic,near,acid,separated,2,5.41,4.968,0.10256070970515728,0,0,,1,1,0,1,0,2,0,0.04078207013125912,2.36,2.36,0.0,5.008782070131259,5.01,measured_success,202
555,ppo,1000555,2143,diprotic,near,acid,separated,2,3.69,3.144,0.10291730848417648,2,1,0.515,1,1,0,1,0,3,2,0.040853288764800766,3.7200000000000006,2.6900000000000004,1.03,3.184853288764801,3.18,measured_success,202
555,ppo,1000555,2144,monoprotic,medium,base,single,1,3.141,4.045,0.08155923226457393,4,2,0.075,1,1,0,1,0,6,4,0.03756061163708502,4.74,2.06,2.6799999999999997,4.007439388362915,4.01,measured_success,202
555,ppo,1000555,2145,monoprotic,medium,base,single,1,7.515,8.648,0.11702452781276365,1,0,0.315,1,1,0,1,0,3,1,0.041352520961101646,6.79,0.0,6.79,8.689352520961101,8.69,measured_success,202
555,ppo,1000555,2146,monoprotic,medium,acid,single,1,4.1,3.143,0.07090919509537282,1,0,1.935,1,0,0,1,0,2,1,0.09448167916130235,4.5,3.87,0.63,3.0485183208386974,3.0500000000000003,measured_success,202
555,ppo,1000555,2147,triprotic,far,acid,separated,3,6.649,4.054,0.06280220602479185,0,0,,1,1,0,1,0,5,0,0.040345935786362475,8.49,8.49,0.0,4.094345935786363,4.09,measured_success,202
555,ppo,1000555,2148,diprotic,medium,acid,overlapping,2,3.722,2.446,0.06743493659605355,0,0,,1,1,0,1,0,7,0,0.04765567150829986,10.95,10.95,0.0,2.4936556715083,2.49,measured_success,202
555,ppo,1000555,2149,monoprotic,medium,base,single,1,7.358,8.399,0.03164107633777562,6,2,0.02,1,0,0,1,0,10,6,0.07785810101810675,9.99,4.8,5.19,8.321141898981892,8.32,measured_success,202
555,ppo,1000555,2150,diprotic,near,acid,separated,2,6.321,5.876,0.038719010299816066,2,0,0.315,1,1,0,1,0,2,2,0.01100528750149099,2.14,1.51,0.63,5.887005287501491,5.89,measured_success,202
555,ppo,1000555,2151,diprotic,medium,acid,overlapping,2,3.593,2.751,0.0609185499818883,3,2,0.255,1,1,0,1,0,5,3,0.014118527145141169,7.46,4.38,3.08,2.7368814728548587,2.74,measured_success,202
555,ppo,1000555,2152,diprotic,far,base,separated,2,3.885,6.087,0.06599816053465257,2,0,0.265,1,1,0,1,0,2,2,0.01215368468424849,5.78,0.53,5.25,6.074846315315751,6.07,measured_success,202
555,ppo,1000555,2153,monoprotic,near,base,single,1,6.601,6.882,0.12616203387362201,0,0,,0,0,0,0,0,50,0,0.1642040957272517,0.5000000000000002,0.0,0.5000000000000002,6.717795904272748,6.72,max_steps,202
555,ppo,1000555,2154,monoprotic,far,base,single,1,6.336,9.98,0.051343266257680355,6,2,0.02,1,1,0,1,0,12,7,0.003941463943423429,18.96,8.469999999999999,10.49,9.983941463943424,9.98,measured_success,202
555,ppo,1000555,2155,monoprotic,medium,acid,single,1,3.559,2.182,0.16333463621257469,0,0,,1,1,0,1,0,3,0,0.011984080298300004,8.75,8.75,0.0,2.1939840802983,2.19,measured_success,202
555,ppo,1000555,2156,diprotic,far,base,separated,2,5.381,7.965,0.0773568631900884,4,1,0.075,1,0,0,1,0,7,4,0.0696236675525519,13.750000000000002,4.390000000000001,9.360000000000001,7.895376332447448,7.9,measured_success,202
555,ppo,1000555,2157,diprotic,near,acid,separated,2,2.915,2.656,0.17642608966911036,0,0,,1,1,0,1,0,1,0,0.001690923180909909,1.51,1.51,0.0,2.65769092318091,2.66,measured_success,202
555,ppo,1000555,2158,diprotic,medium,base,separated,2,3.92,5.354,0.1728967607347543,0,0,,1,0,0,1,0,19,0,0.09517815346585312,16.610000000000003,0.0,16.610000000000003,5.258821846534147,5.26,measured_success,202
555,ppo,1000555,2159,diprotic,near,base,separated,2,6.814,7.077,0.0730522078362877,0,0,,1,0,0,1,0,20,0,0.09326442694548653,0.20000000000000004,0.0,0.20000000000000004,6.983735573054513,6.98,measured_success,202
555,ppo,1000555,2160,monoprotic,near,base,single,1,6.559,7.152,0.13054907653441464,0,0,,1,0,0,1,0,6,0,0.07985791118452834,5.029999999999999,0.0,5.029999999999999,7.072142088815472,7.07,measured_success,202
555,ppo,1000555,2161,triprotic,medium,acid,separated,3,3.539,2.419,0.17387377279322472,0,0,,1,0,0,1,0,6,0,0.08416998723926161,13.290000000000001,13.290000000000001,0.0,2.5031699872392617,2.5,measured_success,202
555,ppo,1000555,2162,monoprotic,medium,base,single,1,7.035,7.842,0.14044398372087663,0,0,,1,0,0,1,0,7,0,0.06338052941585293,7.1499999999999995,0.0,7.1499999999999995,7.778619470584147,7.78,measured_success,202
555,ppo,1000555,2163,monoprotic,medium,acid,single,1,4.984,3.04,0.04171906157767726,4,3,0.105,1,1,0,1,0,8,4,0.029967047373248512,10.2,5.81,4.39,3.0699670473732485,3.0700000000000003,measured_success,202
555,ppo,1000555,2164,triprotic,near,base,overlapping,3,2.808,3.419,0.10867728599219728,0,0,,1,0,0,1,0,15,0,0.09265013466003458,9.41,0.0,9.41,3.3263498653399655,3.33,measured_success,202
555,ppo,1000555,2165,monoprotic,medium,acid,single,1,7.628,6.183,0.10475788373529352,1,1,0.315,1,0,0,1,0,4,1,0.06965437111318096,6.609999999999999,6.3,0.31,6.113345628886819,6.11,measured_success,202
555,ppo,1000555,2166,monoprotic,medium,base,single,1,8.382,9.967,0.07063149177485505,0,0,,1,1,0,1,0,18,0,0.030561191347990402,3.059999999999999,0.0,3.059999999999999,9.93643880865201,9.94,measured_success,202
555,ppo,1000555,2167,triprotic,medium,acid,separated,3,7.224,5.529,0.03497533512914658,2,1,0.425,1,1,0,1,0,4,2,0.027792360893863943,8.129999999999999,5.4799999999999995,2.65,5.556792360893864,5.5600000000000005,measured_success,202
555,ppo,1000555,2168,diprotic,medium,base,separated,2,2.597,3.825,0.05327419890654618,0,0,,1,0,0,1,0,6,0,0.09614139150293166,7.069999999999999,0.0,7.069999999999999,3.7288586084970685,3.73,measured_success,202
555,ppo,1000555,2169,triprotic,far,base,separated,3,7.468,10.178,0.058950835720161424,3,0,0.085,1,1,0,1,0,7,3,0.04254450622692829,8.110000000000001,0.93,7.180000000000001,10.22054450622693,10.22,measured_success,202
555,ppo,1000555,2170,diprotic,medium,acid,separated,2,4.393,2.446,0.07831375447886463,0,0,,1,1,0,1,0,3,0,0.02611368108690515,10.5,10.5,0.0,2.4721136810869053,2.47,measured_success,202
555,ppo,1000555,2171,diprotic,far,acid,separated,2,5.235,2.706,0.04802445310160463,4,2,0.065,1,1,0,1,0,5,4,0.014407006921230536,7.64,6.34,1.2999999999999998,2.7204070069212305,2.72,measured_success,202
555,ppo,1000555,2172,triprotic,medium,base,separated,3,2.648,3.55,0.12397227210324109,0,0,,1,0,0,1,0,10,0,0.0854839443427533,7.809999999999998,0.0,7.809999999999998,3.4645160556572465,3.46,measured_success,202
555,ppo,1000555,2173,monoprotic,near,acid,single,1,7.127,6.885,0.07193983558910703,0,0,,0,0,0,0,0,50,0,0.1262875080968655,0.5000000000000002,0.5000000000000002,0.0,7.011287508096865,7.01,max_steps,202
555,ppo,1000555,2174,diprotic,near,acid,separated,2,3.63,3.079,0.1316540859637716,0,0,,1,0,0,1,0,4,0,0.06475652723134973,5.64,5.64,0.0,3.14375652723135,3.14,measured_success,202
555,ppo,1000555,2175,diprotic,near,acid,overlapping,2,3.544,3.087,0.09579699301108115,0,0,,1,0,0,1,0,1,0,0.08728227144337763,1.51,1.51,0.0,3.174282271443378,3.17,measured_success,202
555,ppo,1000555,2176,triprotic,near,acid,separated,3,5.832,5.369,0.04179537397250439,0,0,,1,0,0,1,0,2,0,0.08840690661423167,2.14,2.14,0.0,5.4574069066142314,5.46,measured_success,202
555,ppo,1000555,2177,monoprotic,near,base,single,1,7.303,8.001,0.03338504442557057,1,0,1.06,1,0,0,1,0,2,1,0.06016248105877331,2.75,0.63,2.12,8.061162481058773,8.06,measured_success,202
555,ppo,1000555,2178,diprotic,medium,acid,overlapping,2,3.279,1.536,0.05103077244049222,0,0,,1,0,0,1,0,9,0,0.06864386004548972,16.65,16.65,0.0,1.6046438600454898,1.6,measured_success,202
555,ppo,1000555,2179,monoprotic,near,base,single,1,7.5,7.947,0.07506809268865036,4,1,0.04,1,1,0,1,0,7,4,0.006840059026527179,4.38,1.92,2.46,7.940159940973473,7.94,measured_success,202
555,ppo,1000555,2180,diprotic,far,base,separated,2,1.559,3.968,0.10527961747116944,0,0,,1,0,0,1,0,11,0,0.08275277290381844,20.469999999999995,0.0,20.469999999999995,3.8852472270961815,3.89,measured_success,202
555,ppo,1000555,2181,monoprotic,medium,acid,single,1,4.92,3.311,0.06933686594107662,0,0,,1,0,0,1,0,1,0,0.06846259293368018,5.06,5.06,0.0,3.37946259293368,3.38,measured_success,202
555,ppo,1000555,2182,monoprotic,near,base,single,1,7.177,7.678,0.10911141791153996,2,0,0.315,1,0,0,1,0,3,2,0.09485423913355451,3.6,1.48,2.12,7.583145760866445,7.58,measured_success,202
555,ppo,1000555,2183,diprotic,far,base,separated,2,3.543,6.287,0.04765500122932776,5,6,0.035,1,1,0,1,0,8,5,0.041536306111750854,11.260000000000002,4.0200000000000005,7.24,6.328536306111751,6.33,measured_success,202
555,ppo,1000555,2184,triprotic,medium,acid,separated,3,6.126,4.805,0.10286532367835789,0,0,,1,0,0,1,0,5,0,0.055928493588499606,7.64,7.64,0.0,4.860928493588499,4.86,measured_success,202
555,ppo,1000555,2185,triprotic,near,acid,separated,3,7.859,7.645,0.05733167824530769,0,0,,1,0,0,1,0,21,0,0.09516390245464024,0.21000000000000005,0.21000000000000005,0.0,7.74016390245464,7.74,measured_success,202
555,ppo,1000555,2186,diprotic,near,base,separated,2,4.02,4.669,0.08199767886017306,1,0,0.425,1,1,0,1,0,3,1,0.024553173498277125,4.6899999999999995,0.0,4.6899999999999995,4.693553173498277,4.69,measured_success,202
555,ppo,1000555,2187,monoprotic,far,base,single,1,4.488,7.457,0.110234971146898,46,2,0.01,0,0,0,0,0,50,46,0.1136279069028836,12.53999999999999,3.6499999999999955,8.889999999999995,7.343372093097116,7.34,max_steps,202
555,ppo,1000555,2188,triprotic,near,base,separated,3,8.328,8.672,0.12119714911240766,0,0,,0,0,0,0,0,50,0,0.24504025521962092,0.5000000000000002,0.0,0.5000000000000002,8.42695974478038,8.43,max_steps,202
555,ppo,1000555,2189,triprotic,near,acid,separated,3,4.737,4.303,0.07437090692347047,0,0,,1,1,0,1,0,3,0,0.030039522238877403,2.9899999999999998,2.9899999999999998,0.0,4.333039522238877,4.33,measured_success,202
555,ppo,1000555,2190,monoprotic,medium,acid,single,1,3.611,2.47,0.10884498741825457,0,0,,1,1,0,1,0,2,0,0.006571759117842024,5.67,5.67,0.0,2.476571759117842,2.48,measured_success,202
555,ppo,1000555,2191,triprotic,far,base,separated,3,4.175,7.261,0.06405914304372604,1,0,0.265,1,1,0,1,0,6,1,0.046759596280041116,12.52,0.43,12.09,7.307759596280041,7.3100000000000005,measured_success,202
555,ppo,1000555,2192,diprotic,medium,base,separated,2,5.472,6.439,0.15988929690273626,0,0,,1,0,0,1,0,8,0,0.0898213066590543,10.080000000000002,0.0,10.080000000000002,6.349178693340946,6.3500000000000005,measured_success,202
555,ppo,1000555,2193,monoprotic,medium,acid,single,1,2.728,1.825,0.12720415533839372,2,0,0.515,1,0,0,1,0,2,2,0.07354710802808406,4.9,3.87,1.03,1.898547108028084,1.9000000000000001,measured_success,202
555,ppo,1000555,2194,diprotic,medium,base,separated,2,4.05,5.517,0.068124514683733,4,2,0.075,1,0,0,1,0,8,4,0.09499403721725219,12.3,5.980000000000001,6.319999999999999,5.422005962782748,5.42,measured_success,202
555,ppo,1000555,2195,monoprotic,near,acid,single,1,8.027,7.737,0.04049178615536115,0,0,,0,0,0,0,0,50,0,0.1026359928449132,0.5000000000000002,0.5000000000000002,0.0,7.839635992844913,7.84,max_steps,202
555,ppo,1000555,2196,diprotic,near,base,separated,2,1.922,2.281,0.041433179098211294,1,0,0.515,1,0,0,1,0,2,1,0.055965259356597574,2.54,0.0,2.54,2.3369652593565977,2.34,measured_success,202
555,ppo,1000555,2197,triprotic,near,base,separated,3,4.436,4.795,0.11221472645827248,0,0,,1,0,0,1,0,3,0,0.07142128350445098,2.8899999999999997,0.0,2.8899999999999997,4.723578716495549,4.72,measured_success,202
555,ppo,1000555,2198,diprotic,far,base,separated,2,6.482,9.169,0.08705016465556349,5,3,0.02,1,0,0,1,0,10,5,0.06267847467084309,16.85,7.57,9.28,9.231678474670844,9.23,measured_success,202
555,ppo,1000555,2199,triprotic,far,base,separated,3,4.857,7.409,0.06577007717782139,0,0,,1,0,0,1,0,6,0,0.060390407566059956,8.3,0.0,8.3,7.34860959243394,7.3500000000000005,measured_success,202
555,ppo,1000555,2200,monoprotic,far,base,single,1,2.006,4.947,0.0930512539404318,4,1,0.075,1,1,0,1,0,8,4,0.015164322064543434,18.509999999999998,2.6799999999999997,15.83,4.931835677935457,4.93,measured_success,202
555,ppo,1000555,2201,diprotic,medium,acid,separated,2,5.267,3.959,0.036493268698588786,4,1,0.21,1,1,0,1,0,4,4,0.029853352047803927,6.9399999999999995,4.72,2.22,3.988853352047804,3.99,measured_success,202
555,ppo,1000555,2202,diprotic,medium,base,separated,2,2.781,4.407,0.13907202310029315,0,0,,1,0,0,1,0,6,0,0.07619473652616549,12.530000000000001,0.0,12.530000000000001,4.3308052634738345,4.33,measured_success,202
555,ppo,1000555,2203,triprotic,near,acid,overlapping,3,5.242,4.782,0.03278320675552522,2,1,0.375,1,0,0,1,0,2,2,0.07315511190206969,2.26,1.51,0.75,4.85515511190207,4.86,measured_success,202
555,ppo,1000555,2204,monoprotic,near,base,single,1,2.425,3.001,0.11096767610274957,0,0,,1,0,0,1,0,3,0,0.08931228394263835,3.39,0.0,3.39,2.9116877160573615,2.91,measured_success,202
555,ppo,1000555,2205,diprotic,medium,acid,separated,2,5.114,3.671,0.06143415294992516,1,0,0.515,1,1,0,1,0,3,1,0.04627612815614013,6.7,6.7,0.0,3.6247238718438597,3.62,measured_success,202
555,ppo,1000555,2206,diprotic,medium,acid,separated,2,6.189,5.489,0.04762904235101252,0,0,,1,1,0,1,0,2,0,0.02568652002325411,2.14,2.14,0.0,5.514686520023254,5.51,measured_success,202
555,ppo,1000555,2207,monoprotic,near,acid,single,1,7.912,7.266,0.030937177325453553,0,0,,0,0,0,0,0,50,0,0.15693692330753706,0.5000000000000002,0.5000000000000002,0.0,7.422936923307537,7.42,max_steps,202
555,ppo,1000555,2208,monoprotic,near,acid,single,1,6.175,5.51,0.07257583460073394,0,0,,1,0,0,1,0,4,0,0.09153071122121581,3.48,3.48,0.0,5.601530711221216,5.6000000000000005,measured_success,202
555,ppo,1000555,2209,monoprotic,medium,acid,single,1,8.495,7.785,0.08523668140406616,0,0,,0,0,1,0,0,50,0,0.6102962719366047,0.7600000000000005,0.7600000000000005,0.0,8.395296271936605,8.4,max_steps,202
555,ppo,1000555,2210,triprotic,far,base,separated,3,6.496,9.994,0.047900859401179385,5,3,0.03,1,0,0,1,0,10,5,0.0573457847498986,10.059999999999999,2.61,7.449999999999999,10.051345784749898,10.05,measured_success,202
555,ppo,1000555,2211,diprotic,far,base,separated,2,3.477,5.51,0.0426334539111618,3,1,0.09,1,1,0,1,0,5,3,0.044932194176347195,7.27,1.8399999999999999,5.43,5.554932194176347,5.55,measured_success,202
555,ppo,1000555,2212,monoprotic,medium,base,single,1,3.829,5.737,0.08115005799047327,45,5,0.01,0,0,0,0,0,50,45,0.12069326968386385,13.74999999999999,6.569999999999996,7.179999999999994,5.857693269683864,5.86,max_steps,202
555,ppo,1000555,2213,diprotic,near,base,separated,2,3.783,4.195,0.07726291789261519,0,0,,1,1,0,1,0,2,0,0.02463502077426405,2.36,0.0,2.36,4.170364979225736,4.17,measured_success,202
555,ppo,1000555,2214,monoprotic,near,base,single,1,4.266,4.634,0.052192952200529226,2,1,0.06,1,1,0,1,0,5,2,0.02805441432197142,2.76,1.25,1.51,4.605945585678029,4.61,measured_success,202
555,ppo,1000555,2215,diprotic,far,base,separated,2,2.666,5.032,0.04731537346932206,1,0,0.27,1,0,0,1,0,3,1,0.09038278878235495,6.64,0.0,6.64,5.122382788782355,5.12,measured_success,202
555,ppo,1000555,2216,triprotic,far,base,separated,3,7.314,9.416,0.03562762756216355,7,3,0.01,1,1,0,1,0,13,7,0.0067888329499474764,11.42,5.3500000000000005,6.069999999999999,9.422788832949948,9.42,measured_success,202
555,ppo,1000555,2217,triprotic,near,base,separated,3,4.456,4.681,0.04781824533504985,0,0,,1,0,0,1,0,14,0,0.0922436405470437,0.5599999999999999,0.0,0.5599999999999999,4.588756359452956,4.59,measured_success,202
555,ppo,1000555,2218,triprotic,medium,acid,overlapping,3,2.636,1.631,0.0642728181115304,0,0,,1,0,0,1,0,9,0,0.08983925484551158,15.459999999999997,15.459999999999997,0.0,1.7208392548455116,1.72,measured_success,202
555,ppo,1000555,2219,monoprotic,near,base,single,1,7.548,8.233,0.03472979898333414,4,1,0.06,1,0,0,1,0,14,4,0.07755529855883125,4.849999999999999,2.35,2.4999999999999987,8.15544470144117,8.16,measured_success,202
555,ppo,1000555,2220,diprotic,medium,base,separated,2,4.764,6.143,0.0356242022763914,2,1,0.765,1,0,0,1,0,5,2,0.06550706255053296,10.39,4.15,6.24,6.077492937449467,6.08,measured_success,202
555,ppo,1000555,2221,triprotic,medium,acid,separated,3,5.287,3.978,0.0810784576036181,0,0,,1,1,0,1,0,5,0,0.03877839978222175,9.129999999999999,9.129999999999999,0.0,4.016778399782222,4.0200000000000005,measured_success,202
555,ppo,1000555,2222,triprotic,medium,base,separated,3,2.11,3.275,0.09593897030177362,0,0,,1,0,0,1,0,8,0,0.07695402489988057,9.190000000000001,0.0,9.190000000000001,3.1980459751001193,3.2,measured_success,202
555,ppo,1000555,2223,triprotic,medium,base,separated,3,2.572,3.456,0.13443546245858978,0,0,,1,0,0,1,0,3,0,0.08886202958552358,4.87,0.0,4.87,3.3671379704144764,3.37,measured_success,202
555,ppo,1000555,2224,monoprotic,medium,acid,single,1,7.825,5.954,0.08832425646888728,2,1,0.155,1,1,0,1,0,4,2,0.028660142130946475,8.360000000000001,8.05,0.31,5.982660142130946,5.98,measured_success,202
555,ppo,1000555,2225,diprotic,medium,base,separated,2,2.442,3.254,0.05940614454058443,1,0,0.515,1,1,0,1,0,2,1,0.028622503142578193,3.29,0.0,3.29,3.282622503142578,3.2800000000000002,measured_success,202
555,ppo,1000555,2226,triprotic,medium,acid,separated,3,6.999,5.033,0.10929393763793524,0,0,,1,0,0,1,0,9,0,0.07709126637387431,13.440000000000001,13.440000000000001,0.0,5.110091266373875,5.11,measured_success,202
555,ppo,1000555,2227,diprotic,near,acid,separated,2,3.22,2.93,0.043973599384360615,1,0,0.755,1,1,0,1,0,1,1,0.034927149298369375,1.51,1.51,0.0,2.895072850701631,2.9,measured_success,202
555,ppo,1000555,2228,monoprotic,medium,base,single,1,2.299,4.048,0.03564003710220593,4,1,0.075,1,1,0,1,0,6,4,0.029714394790445908,8.45,2.53,5.92,4.018285605209554,4.0200000000000005,measured_success,202
555,ppo,1000555,2229,diprotic,medium,base,separated,2,2.546,4.478,0.12373632219329,1,0,0.425,1,1,0,1,0,4,1,0.04094437000810913,10.19,0.0,10.19,4.518944370008109,4.5200000000000005,measured_success,202
555,ppo,1000555,2230,diprotic,near,acid,overlapping,2,3.664,3.018,0.07257898009992683,0,0,,1,1,0,1,0,3,0,0.01656786560481649,4.06,4.06,0.0,3.0345678656048163,3.0300000000000002,measured_success,202
555,ppo,1000555,2231,diprotic,far,base,separated,2,4.002,7.694,0.1343475186356821,6,6,0.015,1,1,0,1,0,12,6,0.01899748081636421,18.96,4.48,14.479999999999999,7.675002519183636,7.68,measured_success,202
555,ppo,1000555,2232,monoprotic,medium,acid,single,1,6.175,5.21,0.1412271150577119,0,0,,1,0,0,1,0,10,0,0.07174049954109574,10.250000000000002,10.250000000000002,0.0,5.281740499541096,5.28,measured_success,202
555,ppo,1000555,2233,diprotic,far,base,separated,2,3.333,7.302,0.06144044829172193,4,1,0.015,1,0,0,1,0,13,4,0.06938774578188855,17.75,2.0,15.750000000000002,7.232612254218111,7.23,measured_success,202
555,ppo,1000555,2234,triprotic,medium,acid,separated,3,3.906,2.92,0.14189197913470125,0,0,,1,1,0,1,0,5,0,0.036062421762419916,9.25,9.25,0.0,2.95606242176242,2.96,measured_success,202
555,ppo,1000555,2235,monoprotic,medium,acid,single,1,7.574,5.823,0.10847042462724377,6,4,0.05,1,1,0,1,0,9,6,0.048119941293016666,9.579999999999998,6.169999999999999,3.4099999999999997,5.871119941293017,5.87,measured_success,202
555,ppo,1000555,2236,monoprotic,near,acid,single,1,8.12,7.572,0.04055354094748597,0,0,,0,0,0,0,0,50,0,0.30400458896341664,0.5000000000000002,0.5000000000000002,0.0,7.876004588963417,7.88,max_steps,202
555,ppo,1000555,2237,diprotic,medium,acid,separated,2,4.067,2.428,0.12650671742304487,0,0,,1,0,0,1,0,6,0,0.08029444357322912,13.799999999999999,13.799999999999999,0.0,2.508294443573229,2.5100000000000002,measured_success,202
555,ppo,1000555,2238,triprotic,far,acid,separated,3,5.703,3.011,0.0709655785435263,0,0,,1,1,0,1,0,3,0,0.012094953700938937,9.02,9.02,0.0,3.023094953700939,3.02,measured_success,202
555,ppo,1000555,2239,monoprotic,medium,base,single,1,7.122,8.098,0.11094573787332632,3,0,0.155,1,1,0,1,0,4,3,0.006172026373581829,7.1,0.63,6.47,8.104172026373583,8.1,measured_success,202
555,ppo,1000555,2240,monoprotic,near,base,single,1,3.076,3.48,0.045834166601684545,2,1,0.315,1,1,0,1,0,4,3,0.0013905113387351342,3.2,1.38,1.82,3.481390511338735,3.48,measured_success,202
555,ppo,1000555,2241,monoprotic,medium,base,single,1,6.445,7.571,0.14353076880023088,0,0,,1,0,0,1,0,6,0,0.0854390992335965,8.76,0.0,8.76,7.485560900766403,7.49,measured_success,202
555,ppo,1000555,2242,triprotic,far,base,separated,3,6.782,9.878,0.048862502705792774,4,0,0.085,1,1,0,1,0,7,4,0.03156538636660855,11.13,4.0200000000000005,7.11,9.846434613633392,9.85,measured_success,202
555,ppo,1000555,2243,diprotic,medium,acid,separated,2,3.608,1.953,0.0637065358424944,1,0,2.53,1,0,0,1,0,4,1,0.07197572003454078,6.859999999999999,5.06,1.7999999999999998,1.8810242799654593,1.8800000000000001,measured_success,202
555,ppo,1000555,2244,monoprotic,far,acid,single,1,7.312,3.494,0.055823823269469816,6,4,0.105,1,1,0,1,0,11,6,0.002486559674206301,19.28,10.6,8.68,3.4964865596742065,3.5,measured_success,202
555,ppo,1000555,2245,monoprotic,far,base,single,1,7.274,10.205,0.0780889886070592,3,2,0.155,1,1,0,1,0,6,3,0.030224850420465188,11.18,4.08,7.1,10.235224850420465,10.24,measured_success,202
555,ppo,1000555,2246,diprotic,far,base,separated,2,6.036,8.822,0.12833807663909977,7,4,0.01,1,0,0,1,0,13,7,0.05327165684428792,15.120000000000001,6.840000000000002,8.28,8.875271656844287,8.88,measured_success,202
555,ppo,1000555,2247,diprotic,medium,base,separated,2,2.916,4.705,0.07179815451310932,0,0,,1,0,0,1,0,9,0,0.05420505539183118,8.549999999999999,0.0,8.549999999999999,4.650794944608169,4.65,measured_success,202
555,ppo,1000555,2248,triprotic,near,base,separated,3,2.364,3.044,0.03775470190698219,0,0,,1,0,0,1,0,1,0,0.07140565812821942,2.26,0.0,2.26,2.9725943418717806,2.97,measured_success,202
555,ppo,1000555,2249,diprotic,medium,acid,separated,2,3.424,2.191,0.07695505757206372,2,0,0.425,1,0,0,1,0,3,2,0.058174775031146986,5.75,3.87,1.88,2.249174775031147,2.25,measured_success,202
555,ppo,1000555,2250,monoprotic,far,acid,single,1,5.004,1.696,0.0724251302401259,0,0,,1,0,0,1,0,3,0,0.096555234366549,11.510000000000002,11.510000000000002,0.0,1.792555234366549,1.79,measured_success,202
555,ppo,1000555,2251,triprotic,far,base,separated,3,5.749,8.371,0.043080575070795796,6,6,0.015,1,1,0,1,0,14,6,0.008341271675268658,15.260000000000002,6.9300000000000015,8.33,8.362658728324732,8.36,measured_success,202
555,ppo,1000555,2252,triprotic,far,acid,separated,3,7.307,4.747,0.09134315020809465,0,0,,1,0,0,1,0,10,0,0.06743801188240717,18.359999999999996,18.359999999999996,0.0,4.814438011882407,4.8100000000000005,measured_success,202
555,ppo,1000555,2253,monoprotic,medium,base,single,1,2.152,2.859,0.11218644032269522,1,0,0.515,1,0,0,1,0,2,1,0.08552295729965653,3.29,0.0,3.29,2.9445229572996565,2.94,measured_success,202
555,ppo,1000555,2254,diprotic,near,acid,separated,2,4.677,4.278,0.04398398596160333,2,1,0.375,1,0,0,1,0,2,2,0.08219724495587233,2.26,1.51,0.75,4.360197244955872,4.36,measured_success,202
555,ppo,1000555,2255,diprotic,medium,acid,separated,2,6.895,5.767,0.05555556823127403,0,0,,1,1,0,1,0,1,0,0.048486015834515506,3.87,3.87,0.0,5.815486015834516,5.82,measured_success,202
555,ppo,1000555,2256,monoprotic,near,acid,single,1,5.69,5.066,0.03337972034525579,1,0,0.755,1,0,0,1,0,1,1,0.07823152718858584,1.51,1.51,0.0,4.987768472811414,4.99,measured_success,202
555,ppo,1000555,2257,triprotic,medium,base,separated,3,6.307,8.298,0.05118243312606881,7,3,0.01,1,1,0,1,0,13,7,0.006353502717901804,12.900000000000002,6.010000000000002,6.89,8.304353502717902,8.3,measured_success,202
555,ppo,1000555,2258,monoprotic,near,acid,single,1,4.637,4.432,0.13872750916335003,0,0,,1,0,0,1,0,1,0,0.06665638523639394,1.51,1.51,0.0,4.498656385236394,4.5,measured_success,202
555,ppo,1000555,2259,monoprotic,medium,acid,single,1,4.917,4.169,0.05620895981774541,1,0,1.09,1,1,0,1,0,1,1,0.03382431828979637,2.18,2.18,0.0,4.135175681710203,4.14,measured_success,202
555,ppo,1000555,2260,diprotic,far,base,separated,2,2.351,4.981,0.061483291121726215,0,0,,1,1,0,1,0,4,0,0.04493145648370778,11.790000000000001,0.0,11.790000000000001,4.936068543516292,4.94,measured_success,202
555,ppo,1000555,2261,monoprotic,far,base,single,1,5.285,8.802,0.1658629009258814,42,21,0.01,0,0,0,0,0,50,42,0.1892817448082056,18.82999999999999,3.739999999999995,15.089999999999996,8.612718255191794,8.61,max_steps,202
555,ppo,1000555,2262,diprotic,medium,acid,separated,2,5.673,4.382,0.09785815709165004,0,0,,1,0,0,1,0,4,0,0.05873244094927621,7.33,7.33,0.0,4.440732440949276,4.44,measured_success,202
555,ppo,1000555,2263,diprotic,medium,acid,separated,2,3.508,2.328,0.09787610555639148,1,0,0.515,1,1,0,1,0,4,1,0.045108944462980194,8.4,8.4,0.0,2.2828910555370197,2.2800000000000002,measured_success,202
555,ppo,1000555,2264,monoprotic,near,acid,single,1,5.056,4.609,0.0878191855813385,2,2,0.155,1,1,0,1,0,4,2,0.03535704072634083,2.7199999999999998,1.66,1.06,4.644357040726341,4.64,measured_success,202
555,ppo,1000555,2265,diprotic,medium,acid,separated,2,4.843,3.057,0.06269148059576149,1,0,0.9,1,0,0,1,0,3,1,0.09293573433506763,7.709999999999999,6.859999999999999,0.85,2.9640642656649323,2.96,measured_success,202
555,ppo,1000555,2266,triprotic,medium,acid,separated,3,6.144,5.234,0.06064362800962695,1,0,0.315,1,1,0,1,0,2,1,0.03254875776398869,2.75,2.75,0.0,5.201451242236011,5.2,measured_success,202
555,ppo,1000555,2267,monoprotic,near,acid,single,1,5.764,5.426,0.043067121931170405,2,1,0.18,1,0,0,1,0,3,2,0.06285848154652207,2.62,1.51,1.1099999999999999,5.488858481546522,5.49,measured_success,202
555,ppo,1000555,2268,diprotic,medium,base,separated,2,3.766,5.428,0.09532315011647649,1,0,0.155,1,0,0,1,0,4,1,0.0670245503248017,6.949999999999999,0.0,6.949999999999999,5.495024550324802,5.5,measured_success,202
555,ppo,1000555,2269,monoprotic,medium,base,single,1,7.617,8.987,0.031082468244467167,0,0,,1,1,0,1,0,12,0,0.019055442271978862,2.0399999999999996,0.0,2.0399999999999996,8.967944557728021,8.97,measured_success,202
555,ppo,1000555,2270,triprotic,far,base,separated,3,3.2,7.137,0.08275078335736871,0,0,,1,0,0,1,0,5,0,0.09875614993702708,15.409999999999998,0.0,15.409999999999998,7.0382438500629725,7.04,measured_success,202
555,ppo,1000555,2271,triprotic,near,acid,separated,3,2.774,2.225,0.04095753956286586,2,0,0.425,1,1,0,1,0,3,2,0.026934272729362885,5.359999999999999,3.48,1.88,2.251934272729363,2.25,measured_success,202
555,ppo,1000555,2272,triprotic,medium,base,separated,3,5.605,7.418,0.09420612400751992,0,0,,1,0,0,1,0,6,0,0.06474791290341475,7.069999999999999,0.0,7.069999999999999,7.353252087096585,7.3500000000000005,measured_success,202
555,ppo,1000555,2273,monoprotic,near,base,single,1,4.445,5.098,0.09703578420386179,0,0,,1,1,0,1,0,2,0,0.04675650995382252,3.29,0.0,3.29,5.051243490046177,5.05,measured_success,202
555,ppo,1000555,2274,diprotic,near,base,separated,2,2.266,2.896,0.07396479276470773,0,0,,1,0,0,1,0,2,0,0.05092186884838412,3.1500000000000004,0.0,3.1500000000000004,2.845078131151616,2.85,measured_success,202
555,ppo,1000555,2275,diprotic,medium,acid,separated,2,5.609,4.259,0.052238197332413985,1,0,0.315,1,1,0,1,0,3,1,0.032085998334393295,4.81,4.5,0.31,4.226914001665607,4.23,measured_success,202
555,ppo,1000555,2276,monoprotic,medium,acid,single,1,3.466,2.727,0.036106160141316714,1,1,1.74,1,1,0,1,0,2,1,0.005763714121262975,5.22,3.48,1.74,2.721236285878737,2.72,measured_success,202
555,ppo,1000555,2277,monoprotic,medium,acid,single,1,5.731,3.947,0.1558045457998912,1,0,0.79,1,0,0,1,0,3,1,0.07818109202815471,8.559999999999999,8.559999999999999,0.0,3.8688189079718454,3.87,measured_success,202
555,ppo,1000555,2278,triprotic,far,base,overlapping,3,4.774,7.045,0.040504418237302324,44,25,0.01,0,0,0,0,0,50,44,0.3947744908146973,12.739999999999995,6.209999999999997,6.529999999999997,6.650225509185303,6.65,max_steps,202
555,ppo,1000555,2279,monoprotic,medium,base,single,1,4.065,5.543,0.09910048403213297,0,0,,1,1,0,1,0,6,0,0.04500635284586796,10.639999999999999,0.0,10.639999999999999,5.497993647154132,5.5,measured_success,202
555,ppo,1000555,2280,monoprotic,far,acid,single,1,6.135,2.441,0.04293426794272629,1,0,3.93,1,1,0,1,0,9,1,0.0032620121070650043,12.04,7.86,4.18,2.437737987892935,2.44,measured_success,202
555,ppo,1000555,2281,diprotic,far,base,separated,2,5.696,9.408,0.03112602709736567,45,22,0.01,0,0,0,0,0,50,45,0.12944351517825403,22.66999999999999,10.589999999999996,12.079999999999995,9.537443515178254,9.540000000000001,max_steps,202
555,ppo,1000555,2282,triprotic,near,acid,separated,3,4.261,3.661,0.08943832513773996,1,0,0.515,1,1,0,1,0,2,1,0.0443897836824827,3.21,3.21,0.0,3.6166102163175173,3.62,measured_success,202
555,ppo,1000555,2283,monoprotic,far,base,single,1,5.64,8.653,0.1674462401992312,5,3,0.035,1,0,0,1,0,11,5,0.07027180904737484,18.63,3.1699999999999995,15.46,8.723271809047375,8.72,measured_success,202
555,ppo,1000555,2284,triprotic,near,acid,separated,3,5.866,5.304,0.04505162646329972,2,0,0.315,1,1,0,1,0,3,2,0.029351025561913602,2.45,1.82,0.63,5.333351025561914,5.33,measured_success,202
555,ppo,1000555,2285,monoprotic,near,base,single,1,2.556,2.939,0.1571656929322549,1,0,0.425,1,1,0,1,0,3,1,0.011662218039033334,3.39,0.0,3.39,2.9506622180390334,2.95,measured_success,202
555,ppo,1000555,2286,monoprotic,far,acid,single,1,8.11,5.906,0.07965353567251289,5,1,0.085,1,1,0,1,0,13,5,0.0031044832188742433,10.689999999999998,7.799999999999999,2.8899999999999997,5.9028955167811255,5.9,measured_success,202
555,ppo,1000555,2287,diprotic,medium,acid,separated,2,3.25,2.337,0.03175158073031206,2,1,0.315,1,1,0,1,0,5,2,0.0015684658168120258,6.6899999999999995,4.18,2.51,2.338568465816812,2.34,measured_success,202
555,ppo,1000555,2288,diprotic,medium,acid,separated,2,3.706,2.986,0.11026743348781208,0,0,,1,1,0,1,0,3,0,0.0004280286641198394,6.3100000000000005,6.3100000000000005,0.0,2.98642802866412,2.99,measured_success,202
555,ppo,1000555,2289,monoprotic,medium,base,single,1,5.489,6.424,0.09176530776981372,0,0,,1,0,0,1,0,1,0,0.0987802532045956,2.26,0.0,2.26,6.325219746795405,6.33,measured_success,202
555,ppo,1000555,2290,monoprotic,medium,base,single,1,2.419,4.201,0.08195658836781787,3,1,0.27,1,1,0,1,0,5,3,0.045381808284223446,10.11,2.62,7.489999999999999,4.246381808284223,4.25,measured_success,202
555,ppo,1000555,2291,diprotic,near,acid,overlapping,2,5.392,4.785,0.05937974171889859,0,0,,1,0,0,1,0,3,0,0.09604708513121274,3.17,3.17,0.0,4.881047085131213,4.88,measured_success,202
555,ppo,1000555,2292,triprotic,medium,base,separated,3,4.152,5.87,0.041218990754575725,1,0,2.625,1,0,0,1,0,1,1,0.08496549830228428,5.25,0.0,5.25,5.954965498302284,5.95,measured_success,202
555,ppo,1000555,2293,diprotic,far,base,separated,2,4.335,6.949,0.12110962923428353,5,1,0.025,1,1,0,1,0,8,5,0.008676612978121057,16.880000000000003,1.7999999999999998,15.080000000000002,6.957676612978121,6.96,measured_success,202
555,ppo,1000555,2294,monoprotic,near,acid,single,1,8.723,8.173,0.033479020122904414,0,0,,1,0,0,1,0,19,0,0.09761494746678956,0.19000000000000003,0.19000000000000003,0.0,8.27061494746679,8.27,measured_success,202
555,ppo,1000555,2295,diprotic,far,base,separated,2,4.641,8.184,0.053148180122218995,43,41,0.01,0,0,0,0,0,50,43,0.3641067437257757,24.41999999999999,11.789999999999996,12.629999999999995,8.548106743725775,8.55,max_steps,202
555,ppo,1000555,2296,diprotic,near,acid,separated,2,3.768,3.222,0.10054633883680718,0,0,,1,0,0,1,0,2,0,0.05566710185024215,3.21,3.21,0.0,3.277667101850242,3.2800000000000002,measured_success,202
555,ppo,1000555,2297,diprotic,medium,base,separated,2,5.137,6.897,0.09317517480860202,5,2,0.045,1,1,0,1,0,6,5,0.009083117836045318,8.85,1.03,7.82,6.906083117836046,6.91,measured_success,202
555,ppo,1000555,2298,monoprotic,far,base,single,1,7.498,9.79,0.04112297608854435,4,3,0.04,1,1,0,1,0,10,4,0.011850194851305673,10.0,4.05,5.949999999999999,9.778149805148693,9.78,measured_success,202
555,ppo,1000555,2299,diprotic,medium,base,separated,2,5.289,6.563,0.1619360109071695,0,0,,1,0,0,1,0,19,0,0.08674446239356914,9.38,0.0,9.38,6.476255537606431,6.48,measured_success,202
555,ppo,1000555,2300,monoprotic,near,acid,single,1,3.29,2.81,0.04500365810877315,3,1,0.135,1,0,0,1,0,4,3,0.05614962333537088,3.7800000000000002,2.39,1.3900000000000001,2.753850376664629,2.75,measured_success,202
555,ppo,1000555,2301,triprotic,far,base,separated,3,3.459,5.909,0.040334638209766356,2,1,0.13,1,1,0,1,0,3,2,0.04726886305229083,6.04,0.26,5.78,5.861731136947709,5.86,measured_success,202
555,ppo,1000555,2302,diprotic,near,base,separated,2,3.445,3.974,0.10745569144339413,1,0,0.515,1,1,0,1,0,2,1,0.027268859880258844,3.29,0.0,3.29,4.001268859880259,4.0,measured_success,202
555,ppo,1000555,2303,diprotic,near,acid,separated,2,4.732,4.188,0.15339189680313967,1,0,0.425,1,1,0,1,0,2,1,0.025198264753103494,2.36,2.36,0.0,4.162801735246896,4.16,measured_success,202
555,ppo,1000555,2304,diprotic,medium,acid,separated,2,4.811,2.818,0.044666784701515874,0,0,,1,0,0,1,0,2,0,0.08257130510801369,5.6899999999999995,5.6899999999999995,0.0,2.9005713051080138,2.9,measured_success,202
555,ppo,1000555,2305,triprotic,near,acid,separated,3,6.305,5.757,0.05051940524042276,1,0,0.315,1,1,0,1,0,2,1,0.0413134937785955,2.14,2.14,0.0,5.715686506221404,5.72,measured_success,202
555,ppo,1000555,2306,triprotic,medium,base,separated,3,3.164,4.13,0.033045807458309866,1,1,0.515,1,0,0,1,0,3,1,0.059943689952565826,3.8,0.51,3.29,4.189943689952566,4.19,measured_success,202
555,ppo,1000555,2307,triprotic,medium,base,separated,3,2.724,4.348,0.04220492650108073,0,0,,1,0,0,1,0,2,0,0.06632401231242202,5.78,0.0,5.78,4.281675987687578,4.28,measured_success,202
555,ppo,1000555,2308,monoprotic,far,base,single,1,4.709,7.483,0.1348203157568958,4,4,0.03,1,1,0,1,0,8,4,0.0026313459306903653,17.75,0.32,17.43,7.480368654069309,7.48,measured_success,202
555,ppo,1000555,2309,triprotic,near,base,overlapping,3,1.778,2.204,0.047346744757388134,0,0,,1,0,0,1,0,4,0,0.06290969430549209,4.63,0.0,4.63,2.141090305694508,2.14,measured_success,202
555,ppo,1000555,2310,monoprotic,far,acid,single,1,5.673,1.942,0.04342610273248957,2,0,0.315,1,1,0,1,0,3,2,0.01673577924108005,9.120000000000001,7.86,1.26,1.95873577924108,1.96,measured_success,202
555,ppo,1000555,2311,monoprotic,far,acid,single,1,5.147,2.075,0.060337102754214604,1,0,0.96,1,1,0,1,0,2,1,0.03531680931007397,7.99,7.99,0.0,2.039683190689926,2.04,measured_success,202
555,ppo,1000555,2312,diprotic,medium,acid,overlapping,2,3.517,1.905,0.11802007566790697,0,0,,1,0,0,1,0,10,0,0.08407981587994029,18.05,18.05,0.0,1.9890798158799403,1.99,measured_success,202
555,ppo,1000555,2313,monoprotic,medium,base,single,1,2.401,4.345,0.08816769429135506,2,0,0.075,1,1,0,1,0,4,2,0.0354334391854243,6.16,0.38,5.78,4.3095665608145755,4.3100000000000005,measured_success,202
555,ppo,1000555,2314,triprotic,near,base,separated,3,2.908,3.405,0.07619390457269334,0,0,,1,0,0,1,0,1,0,0.06279852659102536,1.51,0.0,1.51,3.3422014734089744,3.34,measured_success,202
555,ppo,1000555,2315,diprotic,medium,acid,separated,2,4.912,3.268,0.09330267507733393,0,0,,1,1,0,1,0,7,0,0.045195539381870375,12.6,12.6,0.0,3.31319553938187,3.31,measured_success,202
555,ppo,1000555,2316,diprotic,near,base,separated,2,2.646,3.126,0.04413891023286355,1,0,0.755,1,1,0,1,0,1,1,0.030474469489611078,1.51,0.0,1.51,3.156474469489611,3.16,measured_success,202
555,ppo,1000555,2317,triprotic,medium,acid,separated,3,7.31,5.542,0.08614648466842954,2,0,0.155,1,1,0,1,0,3,2,0.029868730228555407,5.999999999999999,5.6899999999999995,0.31,5.571868730228555,5.57,measured_success,202
555,ppo,1000555,2318,triprotic,far,base,separated,3,4.125,6.742,0.03336497186777872,3,1,0.155,1,0,0,1,0,9,3,0.06716718278420775,10.889999999999999,3.4699999999999993,7.42,6.809167182784208,6.8100000000000005,measured_success,202
555,ppo,1000555,2319,diprotic,medium,base,separated,2,6.899,7.986,0.04379352269636746,46,4,0.01,0,0,0,0,0,50,46,0.12987702396635736,10.319999999999993,5.099999999999996,5.219999999999996,7.856122976033642,7.86,max_steps,202
555,ppo,1000555,2320,diprotic,near,acid,overlapping,2,5.028,4.439,0.04508572373000443,0,0,,1,1,0,1,0,2,0,0.04086050934695784,2.54,2.54,0.0,4.479860509346958,4.48,measured_success,202
555,ppo,1000555,2321,diprotic,medium,base,separated,2,3.676,5.523,0.11748739647685714,1,0,0.425,1,1,0,1,0,4,1,0.03966125465818848,10.729999999999999,0.0,10.729999999999999,5.562661254658188,5.5600000000000005,measured_success,202
555,ppo,1000555,2322,triprotic,medium,acid,separated,3,5.011,4.068,0.03446226129887602,1,0,1.935,1,0,0,1,0,3,1,0.06576965642133459,4.86,3.87,0.99,4.002230343578665,4.0,measured_success,202
555,ppo,1000555,2323,diprotic,near,acid,separated,2,7.178,6.769,0.12340699852028271,0,0,,0,0,0,0,0,50,0,0.21671058595635095,0.5000000000000002,0.5000000000000002,0.0,6.985710585956351,6.99,max_steps,202
555,ppo,1000555,2324,diprotic,medium,acid,separated,2,3.152,2.236,0.12899411840283148,1,0,0.515,1,0,0,1,0,3,1,0.099134817375099,6.7,6.7,0.0,2.136865182624901,2.14,measured_success,202
555,ppo,1000555,2325,diprotic,medium,acid,overlapping,2,3.968,2.079,0.1547473708687399,0,0,,1,0,0,1,0,9,0,0.08382031289613101,24.840000000000003,24.840000000000003,0.0,2.162820312896131,2.16,measured_success,202
555,ppo,1000555,2326,monoprotic,near,acid,single,1,2.48,2.184,0.03453160544856218,2,0,0.515,1,0,0,1,0,2,2,0.06020648984987442,3.1500000000000004,2.12,1.03,2.2442064898498746,2.24,measured_success,202
555,ppo,1000555,2327,triprotic,medium,acid,separated,3,6.383,4.848,0.0803138083018959,0,0,,1,0,0,1,0,9,0,0.07119971267656933,10.520000000000001,10.520000000000001,0.0,4.919199712676569,4.92,measured_success,202
555,ppo,1000555,2328,diprotic,medium,base,separated,2,6.895,8.168,0.16431217239490012,2,0,0.315,1,0,0,1,0,5,2,0.0534079079983556,9.220000000000002,0.63,8.590000000000002,8.114592092001644,8.11,measured_success,202
555,ppo,1000555,2329,triprotic,far,acid,separated,3,5.361,3.115,0.0499417119608136,2,0,0.27,1,1,0,1,0,3,2,0.02915484833070181,7.24,6.07,1.17,3.144154848330702,3.14,measured_success,202
555,ppo,1000555,2330,diprotic,far,base,separated,2,3.532,6.049,0.10501486777892559,4,2,0.075,1,0,0,1,0,9,4,0.05834710626753736,19.27,1.0,18.27,5.990652893732463,5.99,measured_success,202
555,ppo,1000555,2331,triprotic,medium,acid,separated,3,2.696,1.804,0.050688204849588844,0,0,,1,1,0,1,0,2,0,0.014525001800081538,4.9,4.9,0.0,1.8185250018000816,1.82,measured_success,202
555,ppo,1000555,2332,triprotic,far,base,separated,3,6.395,10.376,0.06790293417832317,3,2,0.155,1,1,0,1,0,9,3,0.0434064928477067,15.850000000000001,7.340000000000001,8.51,10.419406492847706,10.42,measured_success,202
555,ppo,1000555,2333,monoprotic,far,base,single,1,2.446,5.21,0.0938712265396003,4,2,0.075,1,1,0,1,0,8,4,0.031237953319318557,13.5,2.6799999999999997,10.82,5.178762046680681,5.18,measured_success,202
555,ppo,1000555,2334,triprotic,far,acid,separated,3,8.101,5.428,0.12912817439696894,0,0,,1,0,0,1,0,34,0,0.08108636144102466,20.839999999999993,20.839999999999993,0.0,5.509086361441025,5.51,measured_success,202
555,ppo,1000555,2335,diprotic,medium,base,overlapping,2,2.557,3.805,0.0301000924342769,2,0,0.315,1,0,0,1,0,3,2,0.05577676087264605,7.41,2.16,5.25,3.749223239127354,3.75,measured_success,202
555,ppo,1000555,2336,diprotic,medium,acid,overlapping,2,2.872,1.564,0.04997373942828543,0,0,,1,0,0,1,0,2,0,0.08562974932945844,7.17,7.17,0.0,1.6496297493294585,1.6500000000000001,measured_success,202
555,ppo,1000555,2337,monoprotic,medium,base,single,1,6.258,7.483,0.15079302770756614,1,0,0.65,1,0,0,1,0,3,1,0.07120928954691141,7.46,0.0,7.46,7.554209289546911,7.55,measured_success,202
555,ppo,1000555,2338,triprotic,far,base,separated,3,2.094,5.259,0.030170461026840997,2,0,0.425,0,0,0,1,1,4,2,0.1032970067347545,12.290000000000001,0.85,11.440000000000001,5.155702993265246,5.16,measured_success,202
555,ppo,1000555,2339,monoprotic,near,base,single,1,5.044,5.708,0.053439040620424545,2,0,0.425,1,1,0,1,0,3,2,0.012362146129214935,3.4699999999999998,0.85,2.6199999999999997,5.695637853870785,5.7,measured_success,202
555,ppo,1000555,2340,triprotic,near,base,separated,3,4.355,4.856,0.043703345421368986,1,0,1.13,1,0,0,1,0,1,1,0.06051891323940062,2.26,0.0,2.26,4.9165189132394005,4.92,measured_success,202
555,ppo,1000555,2341,monoprotic,medium,base,single,1,2.366,3.376,0.08994731950093579,1,0,0.515,1,0,0,1,0,3,1,0.0839872504378083,4.87,0.0,4.87,3.459987250437808,3.46,measured_success,202
555,ppo,1000555,2342,monoprotic,near,acid,single,1,3.652,3.383,0.15290391770479356,0,0,,1,0,0,1,0,2,0,0.06741678087586234,2.54,2.54,0.0,3.4504167808758623,3.45,measured_success,202
555,ppo,1000555,2343,monoprotic,near,acid,single,1,7.196,6.699,0.08184686604882582,0,0,,1,1,0,1,0,1,0,0.019691210669602555,1.51,1.51,0.0,6.718691210669602,6.72,measured_success,202
555,ppo,1000555,2344,monoprotic,medium,acid,single,1,9.126,7.277,0.16379439752171143,0,0,,0,0,1,0,0,50,0,1.5193367269562836,1.500000000000001,1.500000000000001,0.0,8.796336726956284,8.8,max_steps,202
555,ppo,1000555,2345,monoprotic,medium,acid,single,1,5.198,3.313,0.120576290021324,3,1,0.21,1,0,0,1,0,7,3,0.05351292242134287,10.07,5.71,4.359999999999999,3.2594870775786573,3.2600000000000002,measured_success,202
555,ppo,1000555,2346,triprotic,medium,base,separated,3,3.676,4.702,0.07064172175057,2,1,0.21,1,1,0,1,0,4,1,0.0016894291370821435,5.109999999999999,0.42,4.6899999999999995,4.703689429137082,4.7,measured_success,202
555,ppo,1000555,2347,diprotic,near,base,separated,2,5.819,6.055,0.03722624740822516,0,0,,0,0,0,0,0,50,0,0.10031324146664211,0.5000000000000002,0.0,0.5000000000000002,5.954686758533358,5.95,max_steps,202
555,ppo,1000555,2348,diprotic,medium,acid,separated,2,7.18,5.417,0.07622983023032137,0,0,,1,1,0,1,0,3,0,0.03464237776957546,5.999999999999999,5.999999999999999,0.0,5.451642377769575,5.45,measured_success,202
555,ppo,1000555,2349,triprotic,medium,acid,overlapping,3,2.923,1.695,0.06498033732677824,0,0,,1,0,0,1,0,7,0,0.06159179413192617,14.959999999999999,14.959999999999999,0.0,1.7565917941319262,1.76,measured_success,202
555,ppo,1000555,2350,diprotic,medium,base,separated,2,3.486,4.903,0.03298872147387091,1,0,2.625,1,0,0,1,0,2,1,0.0681334517143748,6.1,0.85,5.25,4.971133451714374,4.97,measured_success,202
555,ppo,1000555,2351,triprotic,medium,base,separated,3,4.644,6.464,0.17591751960715166,0,0,,1,0,0,1,0,8,0,0.08133978867685698,17.410000000000004,0.0,17.410000000000004,6.382660211323143,6.38,measured_success,202
555,ppo,1000555,2352,diprotic,medium,acid,overlapping,2,4.532,2.807,0.11851514242395368,0,0,,1,0,0,1,0,5,0,0.07337301332307922,15.79,15.79,0.0,2.880373013323079,2.88,measured_success,202
555,ppo,1000555,2353,monoprotic,medium,acid,single,1,6.866,5.553,0.06966681871231681,0,0,,1,1,0,1,0,2,0,0.04596565557806631,4.5,4.5,0.0,5.598965655578066,5.6000000000000005,measured_success,202
555,ppo,1000555,2354,monoprotic,far,base,single,1,5.171,7.221,0.14323547638180922,4,2,0.06,1,0,0,1,0,8,4,0.06871735402941326,12.350000000000001,2.96,9.39,7.152282645970587,7.15,measured_success,202
555,ppo,1000555,2355,diprotic,near,acid,separated,2,6.731,6.249,0.031526930091879735,1,0,0.755,1,0,0,1,0,1,1,0.09986206070454973,1.51,1.51,0.0,6.14913793929545,6.15,measured_success,202
555,ppo,1000555,2356,monoprotic,near,acid,single,1,4.376,3.711,0.05121588630007015,3,1,0.21,1,0,0,1,0,3,3,0.09263448391230389,3.45,2.6,0.85,3.618365516087696,3.62,measured_success,202
555,ppo,1000555,2357,triprotic,medium,acid,separated,3,4.364,2.955,0.10410227638596554,0,0,,1,1,0,1,0,7,0,0.04643658150096197,10.510000000000002,10.510000000000002,0.0,3.001436581500962,3.0,measured_success,202
555,ppo,1000555,2358,triprotic,medium,base,separated,3,2.756,3.927,0.09568258606304064,0,0,,1,0,0,1,0,3,0,0.055096123028537836,5.43,0.0,5.43,3.871903876971462,3.87,measured_success,202
555,ppo,1000555,2359,monoprotic,medium,acid,single,1,8.353,6.689,0.042499026840580566,1,0,1.06,1,0,0,1,0,40,1,0.09463610469244266,3.290000000000001,3.290000000000001,0.0,6.594363895307557,6.59,measured_success,202
555,ppo,1000555,2360,diprotic,near,acid,separated,2,3.402,2.703,0.05123354951708813,1,0,1.74,1,1,0,1,0,1,0,0.0013733283500578786,3.48,3.48,0.0,2.7043733283500577,2.7,measured_success,202
555,ppo,1000555,2361,diprotic,near,base,separated,2,4.429,4.691,0.11584174497131089,2,1,0.375,1,0,0,1,0,2,2,0.07500027026003853,2.26,0.75,1.51,4.615999729739961,4.62,measured_success,202
555,ppo,1000555,2362,triprotic,medium,base,separated,3,6.897,8.221,0.06614785251546719,3,1,0.155,1,0,0,1,0,11,3,0.08423379315485491,10.34,4.800000000000001,5.539999999999999,8.305233793154855,8.31,measured_success,202
555,ppo,1000555,2363,monoprotic,near,acid,single,1,3.968,3.52,0.06222360044653744,3,3,0.185,1,1,0,1,0,4,3,0.01429510853960858,2.8099999999999996,1.88,0.9299999999999999,3.5057048914603914,3.5100000000000002,measured_success,202
555,ppo,1000555,2364,diprotic,medium,acid,separated,2,4.718,3.996,0.16010193271539677,0,0,,1,0,0,1,0,6,0,0.07378372881842532,6.579999999999999,6.579999999999999,0.0,4.069783728818425,4.07,measured_success,202
555,ppo,1000555,2365,diprotic,near,acid,separated,2,5.632,5.285,0.12808793286637432,3,1,0.18,1,1,0,1,0,3,3,0.02284361643332744,2.62,1.87,0.75,5.262156383566673,5.26,measured_success,202
555,ppo,1000555,2366,monoprotic,near,base,single,1,2.097,2.41,0.16563411033338377,0,0,,1,1,0,1,0,2,0,0.03911563822976216,2.54,0.0,2.54,2.370884361770238,2.37,measured_success,202
555,ppo,1000555,2367,monoprotic,near,base,single,1,2.849,3.312,0.036996017086212495,2,1,0.375,1,0,0,1,0,2,2,0.09630209756639152,2.26,0.75,1.51,3.2156979024336083,3.22,measured_success,202
555,ppo,1000555,2368,diprotic,near,acid,separated,2,3.019,2.358,0.08712833404753048,0,0,,1,1,0,1,0,1,0,0.0358400381510795,3.48,3.48,0.0,2.3938400381510796,2.39,measured_success,202
555,ppo,1000555,2369,monoprotic,medium,base,single,1,6.754,7.719,0.07588280655640195,1,0,2.02,1,1,0,1,0,4,1,0.039097737034944124,5.19,1.1500000000000001,4.04,7.758097737034944,7.76,measured_success,202
555,ppo,1000555,2370,monoprotic,far,base,single,1,3.258,6.508,0.12913184577932357,4,1,0.06,1,0,0,1,0,13,4,0.09404032051193756,16.47,2.81,13.659999999999998,6.4139596794880624,6.41,measured_success,202
555,ppo,1000555,2371,monoprotic,far,base,single,1,7.152,9.186,0.06728126454842794,2,1,0.075,1,1,0,1,0,4,2,0.023227956642223546,6.24,0.15,6.09,9.162772043357776,9.16,measured_success,202
555,ppo,1000555,2372,monoprotic,near,base,single,1,9.03,9.282,0.0394576074190963,0,0,,1,0,0,1,0,7,0,0.08813966947060692,0.07,0.0,0.07,9.193860330529393,9.19,measured_success,202
555,ppo,1000555,2373,monoprotic,medium,base,single,1,2.635,3.7,0.04702549354264439,1,0,0.515,1,1,0,1,0,7,1,0.015140118335430053,4.2,0.9099999999999999,3.29,3.7151401183354302,3.72,measured_success,202
555,ppo,1000555,2374,diprotic,medium,acid,separated,2,4.309,3.385,0.04041641870487133,2,0,0.9,1,0,0,1,0,2,2,0.08160914040732603,5.67,3.87,1.8,3.466609140407326,3.47,measured_success,202
555,ppo,1000555,2375,monoprotic,medium,acid,single,1,5.363,4.455,0.03601393569155789,3,1,0.425,1,0,0,1,0,4,3,0.09398673713731753,6.9399999999999995,4.72,2.22,4.3610132628626825,4.36,measured_success,202
555,ppo,1000555,2376,triprotic,far,acid,separated,3,5.631,2.48,0.10228446220574491,1,0,0.515,1,1,0,1,0,6,1,0.006251182426656232,19.940000000000005,19.940000000000005,0.0,2.4737488175733438,2.47,measured_success,202
555,ppo,1000555,2377,diprotic,medium,acid,overlapping,2,3.868,2.76,0.13795272605420397,0,0,,1,0,0,1,0,13,0,0.09083431943975206,19.53,19.53,0.0,2.850834319439752,2.85,measured_success,202
555,ppo,1000555,2378,triprotic,far,acid,separated,3,6.248,2.966,0.06881181470824527,0,0,,1,1,0,1,0,5,0,0.001737519470622395,15.91,15.91,0.0,2.9677375194706226,2.97,measured_success,202
555,ppo,1000555,2379,diprotic,near,acid,overlapping,2,5.992,5.481,0.04316281317573324,1,0,0.755,1,0,0,1,0,1,1,0.059148505867113954,1.51,1.51,0.0,5.421851494132886,5.42,measured_success,202
555,ppo,1000555,2380,diprotic,medium,acid,separated,2,5.572,4.762,0.12748597808589518,0,0,,1,1,0,1,0,4,0,0.016569943956505462,5.36,5.36,0.0,4.778569943956505,4.78,measured_success,202
555,ppo,1000555,2381,diprotic,medium,base,separated,2,5.422,7.25,0.05014303150538728,4,1,0.115,1,0,0,1,0,5,4,0.06423326926940831,9.51,2.85,6.66,7.185766730730592,7.19,measured_success,202
555,ppo,1000555,2382,monoprotic,near,acid,single,1,4.75,4.348,0.17778790355331167,0,0,,1,0,0,1,0,5,0,0.08329468113039429,3.61,3.61,0.0,4.431294681130394,4.43,measured_success,202
555,ppo,1000555,2383,monoprotic,medium,acid,single,1,6.878,5.383,0.08988649853101349,0,0,,1,0,0,1,0,6,0,0.08737998758518817,7.949999999999999,7.949999999999999,0.0,5.470379987585188,5.47,measured_success,202
555,ppo,1000555,2384,diprotic,near,acid,separated,2,3.319,3.071,0.030218283759148597,3,2,0.13,1,1,0,1,0,4,3,0.010341180999839938,3.05,1.77,1.28,3.0606588190001602,3.06,measured_success,202
555,ppo,1000555,2385,monoprotic,medium,acid,single,1,3.632,2.508,0.0737487924026915,0,0,,1,1,0,1,0,2,0,0.04595875858408327,5.67,5.67,0.0,2.5539587585840833,2.5500000000000003,measured_success,202
555,ppo,1000555,2386,monoprotic,medium,acid,single,1,3.285,2.117,0.06390377906839852,2,0,0.515,1,1,0,1,0,2,1,0.0011078543438918231,4.9,3.87,1.03,2.115892145656108,2.12,measured_success,202
555,ppo,1000555,2387,triprotic,near,acid,separated,3,3.618,3.225,0.0385034434621979,2,1,0.375,1,0,0,1,0,2,2,0.08635577326614952,2.26,1.51,0.75,3.3113557732661496,3.31,measured_success,202
555,ppo,1000555,2388,diprotic,near,acid,separated,2,2.801,2.109,0.0503604751357192,0,0,,1,1,0,1,0,1,0,0.004222694132651306,3.48,3.48,0.0,2.1132226941326513,2.11,measured_success,202
555,ppo,1000555,2389,triprotic,near,base,separated,3,2.407,2.774,0.09686000665658852,0,0,,1,1,0,1,0,2,0,0.033570071377446276,2.54,0.0,2.54,2.7404299286225537,2.74,measured_success,202
555,ppo,1000555,2390,monoprotic,far,base,single,1,5.559,8.668,0.03675473180208661,46,28,0.01,0,0,1,0,0,50,46,0.6715538368569511,14.949999999999992,7.069999999999996,7.879999999999997,7.996446163143048,8.0,max_steps,202
555,ppo,1000555,2391,monoprotic,medium,base,single,1,3.28,5.039,0.044385172301328144,45,5,0.01,0,0,1,0,0,50,45,0.6611042582628546,11.449999999999992,5.509999999999996,5.939999999999996,5.700104258262854,5.7,max_steps,202
555,ppo,1000555,2392,monoprotic,medium,acid,single,1,6.461,5.728,0.07253976886582034,1,0,0.755,1,1,0,1,0,1,1,0.022415168630212534,1.51,1.51,0.0,5.705584831369787,5.71,measured_success,202
555,ppo,1000555,2393,diprotic,near,base,overlapping,2,3.844,4.529,0.05516295000674821,1,0,0.515,1,1,0,1,0,2,1,0.027707886512427393,3.29,0.0,3.29,4.556707886512427,4.5600000000000005,measured_success,202
555,ppo,1000555,2394,monoprotic,far,base,single,1,3.834,7.32,0.04649603728122322,7,3,0.01,1,1,0,1,0,16,7,0.023435786747562304,20.04,8.020000000000001,12.02,7.343435786747563,7.34,measured_success,202
555,ppo,1000555,2395,monoprotic,near,acid,single,1,4.894,4.367,0.05525722632075567,1,0,0.755,1,0,0,1,0,1,1,0.07119553905703047,1.51,1.51,0.0,4.2958044609429695,4.3,measured_success,202
555,ppo,1000555,2396,monoprotic,medium,base,single,1,8.1,10.089,0.1191502504947999,2,1,0.02,1,1,0,1,0,23,2,0.049655335355625496,3.559999999999999,0.16,3.399999999999999,10.039344664644375,10.040000000000001,measured_success,202
555,ppo,1000555,2397,triprotic,medium,base,overlapping,3,4.795,6.597,0.04754187074615764,7,4,0.01,1,0,0,1,0,15,7,0.08139125316332585,13.000000000000002,6.040000000000002,6.96,6.678391253163326,6.68,measured_success,202
555,ppo,1000555,2398,monoprotic,near,acid,single,1,3.47,3.231,0.12843121625669252,2,1,0.375,1,0,0,1,0,2,2,0.08669090449230943,2.26,1.51,0.75,3.3176909044923093,3.3200000000000003,measured_success,202
555,ppo,1000555,2399,triprotic,medium,base,separated,3,4.877,5.795,0.05621703509940702,0,0,,1,1,0,1,0,3,0,0.040898044483528295,4.6899999999999995,0.0,4.6899999999999995,5.754101955516472,5.75,measured_success,202
555,ppo,1000555,2400,triprotic,near,acid,separated,3,5.72,5.175,0.11948269065962619,0,0,,1,0,0,1,0,10,0,0.07935277579856237,5.709999999999998,5.709999999999998,0.0,5.254352775798562,5.25,measured_success,202
555,ppo,1000555,2401,diprotic,medium,acid,overlapping,2,3.933,2.318,0.07498126011194761,1,0,0.515,1,0,0,1,0,4,1,0.05457092716077083,9.54,9.54,0.0,2.2634290728392292,2.2600000000000002,measured_success,202
555,ppo,1000555,2402,monoprotic,near,acid,single,1,6.485,6.136,0.09180330282025087,0,0,,0,0,0,0,0,50,0,0.16997858684734712,0.5000000000000002,0.5000000000000002,0.0,6.305978586847347,6.3100000000000005,max_steps,202
555,ppo,1000555,2403,monoprotic,near,base,single,1,7.638,8.023,0.1288824971164192,0,0,,0,0,0,0,0,50,0,0.3171335767671817,0.5000000000000002,0.0,0.5000000000000002,7.705866423232818,7.71,max_steps,202
555,ppo,1000555,2404,monoprotic,near,base,single,1,5.787,5.987,0.039864111264045314,0,0,,0,0,0,1,1,17,0,0.1016606159634108,0.17,0.0,0.17,5.885339384036589,5.89,measured_success,202
555,ppo,1000555,2405,monoprotic,medium,acid,single,1,7.947,5.991,0.08789711857571006,0,0,,1,0,0,1,0,3,0,0.06486995482597457,7.89,7.89,0.0,6.055869954825974,6.0600000000000005,measured_success,202
555,ppo,1000555,2406,diprotic,medium,base,overlapping,2,2.079,3.288,0.09854291461184082,0,0,,1,0,0,1,0,22,0,0.09146258309800404,14.660000000000002,0.0,14.660000000000002,3.1965374169019958,3.2,measured_success,202
555,ppo,1000555,2407,diprotic,medium,base,separated,2,2.479,4.441,0.04406262634117053,0,0,,1,1,0,1,0,3,0,0.043760799099691106,6.09,0.0,6.09,4.397239200900309,4.4,measured_success,202
555,ppo,1000555,2408,diprotic,medium,base,separated,2,2.67,3.737,0.048164713696652185,2,1,0.425,1,1,0,1,0,3,2,0.04531820921594765,3.53,0.85,2.6799999999999997,3.6916817907840525,3.69,measured_success,202
555,ppo,1000555,2409,triprotic,far,base,overlapping,3,3.715,7.654,0.03187513398722176,42,23,0.01,0,0,1,0,0,50,42,0.9148584822550028,24.04999999999999,11.479999999999995,12.569999999999995,6.739141517744997,6.74,max_steps,202
555,ppo,1000555,2410,monoprotic,medium,acid,single,1,3.499,2.381,0.07814277765266447,3,2,0.225,1,1,0,1,0,4,3,0.007895015154579799,7.0200000000000005,6.12,0.9,2.37310498484542,2.37,measured_success,202
555,ppo,1000555,2411,diprotic,near,acid,separated,2,7.22,7.018,0.0835747610525275,0,0,,1,0,0,0,0,50,0,0.09797637796860403,0.5000000000000002,0.5000000000000002,0.0,7.115976377968604,7.12,max_steps,202
555,ppo,1000555,2412,triprotic,far,acid,separated,3,4.054,1.532,0.11707826804630675,0,0,,1,0,0,1,0,5,0,0.09481634783414217,13.39,13.39,0.0,1.6268163478341422,1.6300000000000001,measured_success,202
555,ppo,1000555,2413,diprotic,near,base,separated,2,7.693,8.138,0.046811518281136444,3,2,0.075,1,0,0,1,0,8,3,0.07827644550857649,4.62,2.2,2.42,8.216276445508576,8.22,measured_success,202
555,ppo,1000555,2414,monoprotic,near,acid,single,1,3.158,2.823,0.15601352696007895,0,0,,1,1,0,1,0,1,0,0.0058441627972407595,1.51,1.51,0.0,2.8288441627972407,2.83,measured_success,202
555,ppo,1000555,2415,diprotic,medium,base,separated,2,3.366,5.11,0.04909546958209776,1,1,0.155,1,0,0,1,0,4,1,0.08570596063489777,6.24,0.15,6.09,5.195705960634898,5.2,measured_success,202
555,ppo,1000555,2416,triprotic,medium,acid,separated,3,4.486,3.084,0.04311757542700468,1,0,0.425,1,0,0,1,0,4,1,0.054778963473741005,7.55,7.55,0.0,3.029221036526259,3.0300000000000002,measured_success,202
555,ppo,1000555,2417,monoprotic,medium,base,single,1,3.824,5.508,0.05759984777564485,2,1,0.265,1,0,0,1,0,4,2,0.05470664957733273,6.21,0.53,5.68,5.453293350422667,5.45,measured_success,202
555,ppo,1000555,2418,monoprotic,near,acid,single,1,6.955,6.383,0.03443203029019496,3,0,0.155,1,1,0,1,0,3,3,0.009986835271861061,2.45,1.82,0.63,6.373013164728139,6.37,measured_success,202
555,ppo,1000555,2419,monoprotic,near,acid,single,1,6.556,6.33,0.10041069982110407,0,0,,0,0,0,0,0,50,0,0.1662186042770788,0.5000000000000002,0.5000000000000002,0.0,6.496218604277079,6.5,max_steps,202
555,ppo,1000555,2420,monoprotic,medium,acid,single,1,7.364,6.557,0.13048129829071514,0,0,,1,0,0,1,0,7,0,0.06054965116750566,4.669999999999999,4.669999999999999,0.0,6.617549651167506,6.62,measured_success,202
555,ppo,1000555,2421,triprotic,near,acid,separated,3,2.474,1.965,0.03521651005629699,2,0,0.425,1,1,0,1,0,3,2,0.02284671797788529,5.359999999999999,3.48,1.88,1.9878467179778854,1.99,measured_success,202
555,ppo,1000555,2422,diprotic,medium,base,separated,2,4.512,5.889,0.1332308360554477,0,0,,1,0,0,1,0,11,0,0.08835078055086232,12.270000000000001,0.0,12.270000000000001,5.800649219449138,5.8,measured_success,202
555,ppo,1000555,2423,diprotic,far,acid,separated,2,6.141,3.506,0.1799360905154088,0,0,,1,1,0,1,0,8,0,0.01836504686890761,26.11,26.11,0.0,3.5243650468689074,3.52,measured_success,202
555,ppo,1000555,2424,monoprotic,medium,acid,single,1,6.717,5.916,0.061882604932204106,2,1,0.085,1,1,0,1,0,4,2,0.004488104770370427,2.62,2.14,0.48,5.920488104770371,5.92,measured_success,202
555,ppo,1000555,2425,monoprotic,medium,base,single,1,7.412,9.11,0.08268072521979535,1,0,1.06,1,1,0,1,0,2,1,0.025146855795721734,7.37,0.0,7.37,9.135146855795721,9.14,measured_success,202
555,ppo,1000555,2426,monoprotic,near,acid,single,1,6.915,6.562,0.07390038330514118,0,0,,0,0,0,0,0,50,0,0.16906771278504618,0.5000000000000002,0.5000000000000002,0.0,6.7310677127850465,6.73,max_steps,202
555,ppo,1000555,2427,monoprotic,far,base,single,1,8.424,10.676,0.04611408875315694,5,2,0.01,1,1,0,1,0,11,5,0.004156199737506583,2.6,0.25,2.35,10.680156199737507,10.68,measured_success,202
555,ppo,1000555,2428,monoprotic,medium,base,single,1,5.425,6.22,0.05510876775680489,0,0,,1,1,0,1,0,1,0,0.017458347726180712,2.26,0.0,2.26,6.202541652273819,6.2,measured_success,202
555,ppo,1000555,2429,triprotic,medium,acid,separated,3,4.219,2.794,0.07989501591609319,0,0,,1,0,0,1,0,6,0,0.09331425105584623,9.83,9.83,0.0,2.8873142510558463,2.89,measured_success,202
555,ppo,1000555,2430,monoprotic,medium,acid,single,1,6.501,5.261,0.14456990440469025,4,1,0.18,1,1,0,1,0,6,4,0.029856703225548564,7.539999999999999,4.89,2.65,5.290856703225549,5.29,measured_success,202
555,ppo,1000555,2431,diprotic,medium,base,separated,2,4.294,5.114,0.053425794173918566,0,0,,1,1,0,1,0,1,0,0.030757367936801394,2.26,0.0,2.26,5.0832426320631985,5.08,measured_success,202
555,ppo,1000555,2432,triprotic,far,base,separated,3,7.872,10.714,0.0460322092281426,2,0,0.06,1,0,0,1,0,9,2,0.09690420900174779,11.92,5.39,6.53,10.617095790998253,10.620000000000001,measured_success,202
555,ppo,1000555,2433,triprotic,near,acid,separated,3,5.933,5.253,0.04683534128757542,1,0,0.315,1,0,0,1,0,2,1,0.08617403163184534,2.14,2.14,0.0,5.166825968368155,5.17,measured_success,202
555,ppo,1000555,2434,diprotic,near,base,separated,2,5.347,5.918,0.033125873996090224,1,0,1.06,1,1,0,1,0,2,1,0.04093267080537277,2.97,0.85,2.12,5.958932670805373,5.96,measured_success,202
555,ppo,1000555,2435,diprotic,far,acid,separated,2,7.935,5.851,0.04430764107974546,3,0,0.155,1,1,0,1,0,3,3,0.03730174429379307,5.999999999999999,5.369999999999999,0.63,5.813698255706207,5.8100000000000005,measured_success,202
555,ppo,1000555,2436,diprotic,far,base,separated,2,3.272,5.468,0.0915429100711887,0,0,,1,0,0,1,0,3,0,0.06564741383674466,8.95,0.0,8.95,5.402352586163255,5.4,measured_success,202
555,ppo,1000555,2437,diprotic,near,acid,separated,2,6.578,6.267,0.10749201968183969,0,0,,0,0,0,0,0,50,0,0.17138709620948145,0.5000000000000002,0.5000000000000002,0.0,6.438387096209482,6.44,max_steps,202
555,ppo,1000555,2438,triprotic,near,acid,separated,3,8.717,8.299,0.038753250063610696,0,0,,1,0,0,1,0,37,0,0.09223937800368276,0.37000000000000016,0.37000000000000016,0.0,8.391239378003682,8.39,measured_success,202
555,ppo,1000555,2439,monoprotic,medium,acid,single,1,5.771,4.985,0.034414007684107184,2,2,0.375,1,1,0,1,0,4,2,0.006776152093046939,3.3200000000000003,1.82,1.5,4.991776152093047,4.99,measured_success,202
555,ppo,1000555,2440,monoprotic,near,acid,single,1,2.583,2.109,0.034871038146615824,1,0,1.74,0,0,0,1,1,3,1,0.10044132264407768,5.359999999999999,3.48,1.88,2.0085586773559223,2.0100000000000002,measured_success,202
555,ppo,1000555,2441,triprotic,medium,acid,separated,3,5.85,4.166,0.09436645154325872,0,0,,1,0,0,1,0,11,0,0.08903124440559473,17.35,17.35,0.0,4.255031244405595,4.26,measured_success,202
555,ppo,1000555,2442,diprotic,medium,base,overlapping,2,2.303,3.213,0.03648322650442055,1,0,0.79,1,0,0,1,0,2,1,0.09670185117793118,3.84,0.0,3.84,3.3097018511779313,3.31,measured_success,202
555,ppo,1000555,2443,monoprotic,medium,acid,single,1,5.604,4.474,0.11112014471893318,4,4,0.155,1,0,0,1,0,8,4,0.07354882311227229,9.85,5.5,4.35,4.5475488231122725,4.55,measured_success,202
555,ppo,1000555,2444,monoprotic,medium,acid,single,1,8.406,6.606,0.08520201232406696,0,0,,0,0,1,0,0,50,0,1.5547591662571296,1.500000000000001,1.500000000000001,0.0,8.16075916625713,8.16,max_steps,202
555,ppo,1000555,2445,monoprotic,medium,acid,single,1,7.058,6.273,0.04602120799726341,0,0,,1,0,0,1,0,1,0,0.07650641256694435,2.12,2.12,0.0,6.349506412566944,6.3500000000000005,measured_success,202
555,ppo,1000555,2446,monoprotic,medium,acid,single,1,5.196,3.297,0.11777616285265582,5,2,0.075,1,0,0,1,0,7,5,0.07937048130901259,9.969999999999999,5.97,4.0,3.2176295186909876,3.22,measured_success,202
555,ppo,1000555,2447,monoprotic,medium,base,single,1,7.071,8.371,0.1239284610645678,2,0,0.765,1,1,0,1,0,5,2,0.043369777664926445,8.09,3.06,5.03,8.327630222335074,8.33,measured_success,202
555,ppo,1000555,2448,monoprotic,near,base,single,1,2.444,3.121,0.10743196310507735,0,0,,1,1,0,1,0,2,0,0.0017605175979400478,3.29,0.0,3.29,3.11923948240206,3.12,measured_success,202
555,ppo,1000555,2449,monoprotic,near,acid,single,1,2.998,2.472,0.04967576204825974,2,2,0.515,1,1,0,1,0,4,2,0.015396876896482947,6.76,3.99,2.77,2.487396876896483,2.49,measured_success,202
555,ppo,1000555,2450,diprotic,near,acid,separated,2,2.416,1.86,0.04752578226521929,0,0,,1,1,0,1,0,2,0,0.029391862187023277,5.28,5.28,0.0,1.8893918621870234,1.8900000000000001,measured_success,202
555,ppo,1000555,2451,monoprotic,medium,acid,single,1,6.916,6.017,0.03917432456305922,4,1,0.075,1,1,0,1,0,5,3,0.0012865588539776596,3.74,2.74,1.0,6.015713441146023,6.0200000000000005,measured_success,202
555,ppo,1000555,2452,monoprotic,far,base,single,1,4.534,8.166,0.03163661990285393,41,22,0.01,0,0,1,0,0,50,41,0.8923490912922567,18.96999999999999,8.859999999999996,10.109999999999996,9.058349091292257,9.06,max_steps,202
555,ppo,1000555,2453,triprotic,near,base,separated,3,2.919,3.422,0.12204135089146839,0,0,,1,1,0,1,0,3,0,0.035330923002798276,3.39,0.0,3.39,3.386669076997202,3.39,measured_success,202
555,ppo,1000555,2454,monoprotic,medium,acid,single,1,7.689,6.278,0.07809209524731267,1,0,0.315,1,0,0,1,0,3,1,0.056294983085188655,6.3,6.3,0.0,6.221705016914811,6.22,measured_success,202
555,ppo,1000555,2455,diprotic,near,acid,separated,2,5.077,4.539,0.09952101014388365,0,0,,1,1,0,1,0,3,0,0.014424109095561022,3.17,3.17,0.0,4.553424109095561,4.55,measured_success,202
555,ppo,1000555,2456,diprotic,near,base,separated,2,4.31,4.636,0.10012159535826731,0,0,,1,0,0,1,0,3,0,0.06434602722005689,2.8899999999999997,0.0,2.8899999999999997,4.571653972779943,4.57,measured_success,202
555,ppo,1000555,2457,diprotic,near,base,separated,2,3.649,4.16,0.08088601162423122,2,1,0.515,1,1,0,1,0,3,2,0.040114916183094707,3.8,1.03,2.7699999999999996,4.119885083816905,4.12,measured_success,202
555,ppo,1000555,2458,diprotic,near,base,overlapping,2,4.097,4.408,0.047712509254522334,3,1,0.025,1,1,0,1,0,7,3,0.009037126973695742,2.9899999999999998,1.4299999999999997,1.56,4.417037126973696,4.42,measured_success,202
555,ppo,1000555,2459,diprotic,medium,base,separated,2,2.004,3.581,0.037616825592068796,0,0,,1,0,0,1,0,5,0,0.06335698573376947,7.799999999999999,0.0,7.799999999999999,3.5176430142662305,3.52,measured_success,202
555,ppo,1000555,2460,triprotic,far,acid,separated,3,5.645,3.123,0.17025244272763934,0,0,,1,0,0,1,0,9,0,0.05090742304313434,23.830000000000002,23.830000000000002,0.0,3.1739074230431346,3.17,measured_success,202
555,ppo,1000555,2461,monoprotic,near,acid,single,1,2.895,2.665,0.03431181540522719,2,2,0.27,1,1,0,1,0,4,2,0.01732750134259753,3.0700000000000003,1.78,1.29,2.6823275013425976,2.68,measured_success,202
555,ppo,1000555,2462,triprotic,near,base,overlapping,3,3.252,3.853,0.03160732068490536,0,0,,1,1,0,1,0,1,0,0.026619279227892978,2.26,0.0,2.26,3.8263807207721072,3.83,measured_success,202
555,ppo,1000555,2463,diprotic,medium,base,separated,2,1.74,3.464,0.11089106807629766,0,0,,1,0,0,1,0,23,0,0.07827048491908295,21.939999999999984,0.0,21.939999999999984,3.385729515080917,3.39,measured_success,202
555,ppo,1000555,2464,monoprotic,near,base,single,1,6.44,6.998,0.03390268180129872,3,1,0.035,1,0,0,1,0,11,3,0.058524784854710354,4.389999999999999,2.1299999999999994,2.26,7.056524784854711,7.0600000000000005,measured_success,202
555,ppo,1000555,2465,diprotic,medium,acid,separated,2,5.119,4.321,0.05537235811473406,0,0,,1,1,0,1,0,1,0,0.02855637769401298,2.18,2.18,0.0,4.349556377694013,4.3500000000000005,measured_success,202
555,ppo,1000555,2466,triprotic,medium,acid,separated,3,5.875,4.586,0.03503622974300284,1,0,1.935,1,0,0,1,0,2,1,0.0991437745576409,4.5,3.87,0.63,4.486856225442359,4.49,measured_success,202
555,ppo,1000555,2467,diprotic,far,base,overlapping,2,3.011,5.03,0.03719355512071976,5,2,0.035,1,0,0,1,0,8,5,0.07034348561953774,8.66,2.5599999999999996,6.1000000000000005,5.100343485619538,5.1000000000000005,measured_success,202
555,ppo,1000555,2468,monoprotic,far,acid,single,1,7.423,3.816,0.03158639570050298,7,5,0.04,1,0,0,1,0,12,7,0.09097189690847962,19.42,10.63,8.79,3.72502810309152,3.73,measured_success,202
555,ppo,1000555,2469,diprotic,medium,acid,separated,2,4.991,3.291,0.08081739187266486,1,0,0.515,1,0,0,1,0,4,1,0.06629413857971356,9.589999999999998,9.589999999999998,0.0,3.2247058614202864,3.22,measured_success,202
555,ppo,1000555,2470,triprotic,medium,base,separated,3,5.855,6.592,0.1336148727836072,0,0,,1,0,0,1,0,9,0,0.0906532545307579,6.709999999999998,0.0,6.709999999999998,6.501346745469242,6.5,measured_success,202
555,ppo,1000555,2471,triprotic,medium,acid,overlapping,3,3.9,3.006,0.06850780343932404,0,0,,1,0,0,1,0,7,0,0.06349480151639453,10.510000000000002,10.510000000000002,0.0,3.0694948015163943,3.0700000000000003,measured_success,202
555,ppo,1000555,2472,diprotic,near,acid,separated,2,3.593,3.233,0.04167131984922691,0,0,,1,1,0,1,0,1,0,0.022163644880052846,1.51,1.51,0.0,3.255163644880053,3.2600000000000002,measured_success,202
555,ppo,1000555,2473,triprotic,near,acid,separated,3,7.023,6.438,0.13133452599643364,0,0,,1,0,0,1,0,11,0,0.09423292288787533,5.299999999999998,5.299999999999998,0.0,6.532232922887875,6.53,measured_success,202
555,ppo,1000555,2474,monoprotic,far,base,single,1,4.619,6.987,0.049981541265025915,5,2,0.03,1,1,0,1,0,8,5,0.022688771592722645,10.05,2.74,7.31,7.009688771592723,7.01,measured_success,202
555,ppo,1000555,2475,monoprotic,medium,base,single,1,4.956,5.657,0.03103443983522769,2,0,0.425,0,0,0,1,1,2,2,0.10147731326069476,3.11,0.85,2.26,5.555522686739305,5.5600000000000005,measured_success,202
555,ppo,1000555,2476,monoprotic,near,acid,single,1,6.537,5.912,0.12151780266489673,1,1,0.315,1,1,0,1,0,3,1,0.035697997032943185,2.45,2.14,0.31,5.876302002967057,5.88,measured_success,202
555,ppo,1000555,2477,monoprotic,far,acid,single,1,4.157,1.69,0.03359801902657223,0,0,,1,0,0,1,0,2,0,0.08632108392394633,6.7,6.7,0.0,1.7763210839239463,1.78,measured_success,202
555,ppo,1000555,2478,monoprotic,near,acid,single,1,2.19,1.654,0.04642691586767729,0,0,,1,1,0,1,0,1,0,0.00847833704037182,3.48,3.48,0.0,1.6624783370403717,1.6600000000000001,measured_success,202
555,ppo,1000555,2479,triprotic,medium,base,separated,3,2.761,3.875,0.17195064462907128,0,0,,1,0,0,1,0,14,0,0.08851730899197552,8.889999999999999,0.0,8.889999999999999,3.7864826910080245,3.79,measured_success,202
555,ppo,1000555,2480,monoprotic,medium,base,single,1,7.855,8.706,0.11479486368447898,0,0,,1,0,0,1,0,4,0,0.07288614903234247,4.840000000000001,0.0,4.840000000000001,8.633113850967657,8.63,measured_success,202
555,ppo,1000555,2481,triprotic,medium,acid,separated,3,5.578,4.257,0.07430484703137988,0,0,,1,0,0,1,0,4,0,0.0642883521044233,7.33,7.33,0.0,4.321288352104423,4.32,measured_success,202
555,ppo,1000555,2482,monoprotic,far,base,single,1,4.98,8.209,0.13248218050192517,5,0,0.035,1,0,0,1,0,10,5,0.08212489151461355,16.52,2.2199999999999998,14.299999999999999,8.291124891514613,8.290000000000001,measured_success,202
555,ppo,1000555,2483,diprotic,medium,acid,separated,2,6.021,4.447,0.09780133179297779,0,0,,1,0,0,1,0,9,0,0.06666700492261857,12.47,12.47,0.0,4.513667004922619,4.51,measured_success,202
555,ppo,1000555,2484,triprotic,near,acid,separated,3,5.697,5.133,0.04422550093691736,1,0,0.315,1,1,0,1,0,2,1,0.0007574302103856567,2.14,2.14,0.0,5.132242569789614,5.13,measured_success,202
555,ppo,1000555,2485,diprotic,medium,base,separated,2,1.724,3.354,0.1448200814639983,0,0,,1,0,0,1,0,12,0,0.08875902677566927,13.67,0.0,13.67,3.265240973224331,3.27,measured_success,202
555,ppo,1000555,2486,monoprotic,far,base,single,1,3.065,5.587,0.06957785708033079,1,1,0.79,1,0,0,1,0,9,1,0.08624942825386661,10.98,1.31,9.67,5.673249428253866,5.67,measured_success,202
555,ppo,1000555,2487,monoprotic,medium,acid,single,1,3.889,2.171,0.17613153042671623,0,0,,1,0,0,1,0,1,0,0.06060491531535517,5.06,5.06,0.0,2.231604915315355,2.23,measured_success,202
555,ppo,1000555,2488,diprotic,medium,base,separated,2,7.411,8.629,0.14790131764575148,2,0,0.765,1,0,0,1,0,2,2,0.08167252463830899,5.57,1.53,4.04,8.54732747536169,8.55,measured_success,202
555,ppo,1000555,2489,triprotic,medium,base,overlapping,3,2.29,3.621,0.0850853036833877,0,0,,1,1,0,1,0,14,0,0.01255294144790442,15.780000000000001,0.0,15.780000000000001,3.6084470585520956,3.61,measured_success,202
555,ppo,1000555,2490,monoprotic,medium,base,single,1,7.825,8.9,0.04861594091238395,0,0,,1,0,0,1,0,13,0,0.07118606172622854,2.2099999999999995,0.0,2.2099999999999995,8.828813938273772,8.83,measured_success,202
555,ppo,1000555,2491,diprotic,medium,base,separated,2,4.388,5.221,0.07134501332942667,0,0,,1,1,0,1,0,2,0,0.034954900549379886,3.84,0.0,3.84,5.18604509945062,5.19,measured_success,202
555,ppo,1000555,2492,monoprotic,medium,base,single,1,7.515,8.391,0.16735912882074858,4,1,0.04,1,0,0,1,0,6,4,0.05355531816204184,3.75,1.29,2.46,8.337444681837958,8.34,measured_success,202
555,ppo,1000555,2493,triprotic,medium,base,separated,3,3.508,5.358,0.04458590706780676,0,0,,1,0,0,1,0,4,0,0.06107518661181732,6.3999999999999995,0.0,6.3999999999999995,5.296924813388182,5.3,measured_success,202
555,ppo,1000555,2494,monoprotic,near,acid,single,1,3.922,3.493,0.06181619554011861,0,0,,1,0,0,1,0,1,0,0.05600278943017711,1.51,1.51,0.0,3.549002789430177,3.5500000000000003,measured_success,202
555,ppo,1000555,2495,monoprotic,medium,acid,single,1,7.642,6.391,0.030650016012581188,4,3,0.05,1,0,0,1,0,9,4,0.08338543008547816,7.4,4.13,3.2700000000000005,6.474385430085478,6.47,measured_success,202
555,ppo,1000555,2496,diprotic,far,base,separated,2,3.651,6.03,0.10897285438542945,0,0,,1,1,0,1,0,4,0,0.010350293628042628,10.24,0.0,10.24,6.019649706371958,6.0200000000000005,measured_success,202
555,ppo,1000555,2497,monoprotic,far,base,single,1,2.789,5.84,0.049000835677790754,6,3,0.02,1,0,0,1,0,10,6,0.09693855606764501,12.769999999999998,3.5100000000000002,9.259999999999998,5.743061443932355,5.74,measured_success,202
555,ppo,1000555,2498,monoprotic,near,base,single,1,8.777,9.323,0.0850269835642091,2,1,0.02,1,1,0,1,0,5,2,0.020385692947378686,0.51,0.12,0.39,9.302614307052622,9.3,measured_success,202
555,ppo,1000555,2499,diprotic,far,base,separated,2,2.75,6.598,0.11119556534936012,5,1,0.025,1,0,0,1,0,11,5,0.06485693415449045,29.11,2.67,26.44,6.66285693415449,6.66,measured_success,202
555,ppo,1000555,2500,triprotic,medium,base,overlapping,3,4.109,5.104,0.08097553107200374,4,1,0.06,1,1,0,1,0,8,4,0.02719908814431715,5.01,1.9699999999999998,3.0399999999999996,5.076800911855683,5.08,measured_success,202
555,ppo,1000555,2501,monoprotic,far,acid,single,1,5.607,1.648,0.13540038787044573,1,0,3.93,1,1,0,1,0,1,1,0.04054622585334422,7.86,7.86,0.0,1.6074537741466557,1.61,measured_success,202
555,ppo,1000555,2502,monoprotic,medium,acid,single,1,7.189,6.474,0.07320455765709323,4,4,0.035,1,1,0,1,0,6,4,0.02263203181026263,2.94,1.8099999999999998,1.1300000000000001,6.496632031810263,6.5,measured_success,202
555,ppo,1000555,2503,triprotic,medium,base,separated,3,6.319,7.532,0.08446464942904822,2,0,0.905,1,1,0,1,0,4,3,0.0021397956817672537,7.26,1.81,5.449999999999999,7.534139795681767,7.53,measured_success,202
555,ppo,1000555,2504,diprotic,medium,base,separated,2,1.656,2.948,0.10197976353058782,0,0,,1,0,0,1,0,8,0,0.0929651739069457,8.96,0.0,8.96,2.8550348260930543,2.86,measured_success,202
555,ppo,1000555,2505,triprotic,medium,acid,separated,3,5.016,3.063,0.03927420049243365,1,0,0.515,1,0,0,1,0,4,1,0.07623659020046292,9.589999999999998,9.589999999999998,0.0,2.9867634097995372,2.99,measured_success,202
555,ppo,1000555,2506,monoprotic,far,base,single,1,3.032,6.313,0.06228117299652316,45,23,0.01,0,0,1,0,0,50,45,2.959969241614874,14.149999999999995,6.479999999999998,7.669999999999996,9.272969241614874,9.27,max_steps,202
555,ppo,1000555,2507,monoprotic,near,acid,single,1,5.877,5.52,0.036323256100451964,2,1,0.18,1,1,0,1,0,3,2,0.0403174983214285,2.62,1.51,1.1099999999999999,5.560317498321428,5.5600000000000005,measured_success,202
555,ppo,1000555,2508,monoprotic,medium,base,single,1,4.961,6.9,0.1727377626090999,3,0,0.155,1,0,0,1,0,14,3,0.08978645633333393,12.490000000000002,1.6600000000000001,10.830000000000002,6.989786456333334,6.99,measured_success,202
555,ppo,1000555,2509,diprotic,far,acid,separated,2,7.987,4.781,0.15373153557898514,0,0,,0,0,0,1,1,13,0,0.10350105107180685,25.74,25.74,0.0,4.8845010510718065,4.88,measured_success,202
555,ppo,1000555,2510,monoprotic,medium,base,single,1,6.86,8.764,0.14041476293701835,0,0,,1,1,0,1,0,18,0,0.027769326258933802,16.119999999999997,0.0,16.119999999999997,8.736230673741066,8.74,measured_success,202
555,ppo,1000555,2511,monoprotic,near,base,single,1,3.522,4.156,0.0882185713619699,1,0,0.425,1,1,0,1,0,3,1,0.02003336256695487,4.6899999999999995,0.0,4.6899999999999995,4.176033362566955,4.18,measured_success,202
555,ppo,1000555,2512,diprotic,far,base,separated,2,4.67,7.493,0.1411403510527217,3,0,0.18,1,1,0,1,0,10,3,0.004997762505420056,30.18,1.02,29.16,7.49799776250542,7.5,measured_success,202
555,ppo,1000555,2513,monoprotic,far,base,single,1,7.308,10.671,0.04349643458117314,2,1,0.315,1,1,0,1,0,5,2,0.04900141582093909,10.76,3.9699999999999998,6.79,10.62199858417906,10.620000000000001,measured_success,202
555,ppo,1000555,2514,monoprotic,medium,acid,single,1,9.179,7.553,0.06724503794598664,0,0,,0,0,1,0,0,50,0,0.9607937210606012,1.500000000000001,1.500000000000001,0.0,8.513793721060601,8.51,max_steps,202
555,ppo,1000555,2515,monoprotic,near,acid,single,1,2.967,2.577,0.06695353262468168,2,0,0.515,1,1,0,1,0,2,2,0.016312745625587155,3.1500000000000004,2.12,1.03,2.593312745625587,2.59,measured_success,202
555,ppo,1000555,2516,monoprotic,medium,acid,single,1,4.643,3.061,0.10389479335136932,1,0,0.315,1,1,0,1,0,3,1,0.00237677024646743,5.999999999999999,5.6899999999999995,0.31,3.0586232297535325,3.06,measured_success,202
555,ppo,1000555,2517,triprotic,medium,base,separated,3,3.397,4.78,0.07259119021704899,0,0,,1,1,0,1,0,2,0,0.04342368280391984,5.78,0.0,5.78,4.73657631719608,4.74,measured_success,202
555,ppo,1000555,2518,diprotic,near,base,overlapping,2,1.964,2.597,0.07432742866286514,0,0,,1,0,0,1,0,14,0,0.08189958385103457,8.729999999999999,0.0,8.729999999999999,2.5151004161489654,2.52,measured_success,202
555,ppo,1000555,2519,monoprotic,far,acid,single,1,5.572,2.334,0.17436415564962576,1,0,3.035,1,0,0,1,0,8,1,0.09698616506663216,9.940000000000001,6.07,3.87,2.237013834933368,2.24,measured_success,202
555,ppo,1000555,2520,monoprotic,near,base,single,1,2.994,3.556,0.040724889180632974,2,0,0.315,1,1,0,1,0,4,2,0.04336549220355046,4.05,1.48,2.57,3.5126345077964496,3.5100000000000002,measured_success,202
555,ppo,1000555,2521,diprotic,medium,acid,separated,2,2.996,2.024,0.06698888379818899,1,0,0.9,1,0,0,1,0,2,1,0.08086516748335226,5.67,5.67,0.0,1.9431348325166478,1.94,measured_success,202
555,ppo,1000555,2522,triprotic,near,base,separated,3,3.989,4.262,0.052307298014611384,2,1,0.375,1,1,0,1,0,2,2,0.030024560668590716,2.26,0.75,1.51,4.231975439331409,4.23,measured_success,202
555,ppo,1000555,2523,monoprotic,far,acid,single,1,6.171,3.047,0.14792639800448712,3,2,0.155,1,1,0,1,0,8,3,0.00658306766911787,17.150000000000002,14.170000000000002,2.98,3.0404169323308823,3.04,measured_success,202
555,ppo,1000555,2524,diprotic,medium,base,separated,2,6.69,8.321,0.04373575762403858,3,1,0.315,1,0,0,1,0,7,3,0.05000914951378199,10.560000000000002,4.6800000000000015,5.88,8.371009149513782,8.370000000000001,measured_success,202
555,ppo,1000555,2525,diprotic,medium,base,overlapping,2,4.442,5.509,0.03188766538109792,6,5,0.03,0,0,0,1,1,12,6,0.10360812490644378,10.54,4.919999999999999,5.619999999999999,5.405391875093557,5.41,measured_success,202
555,ppo,1000555,2526,monoprotic,medium,base,single,1,3.126,4.733,0.1719539599434053,3,1,0.18,1,1,0,1,0,6,3,0.01973946148139394,12.29,0.79,11.5,4.752739461481394,4.75,measured_success,202
555,ppo,1000555,2527,monoprotic,near,acid,single,1,3.31,2.943,0.08567059071142791,0,0,,1,0,0,1,0,1,0,0.09239028673545713,1.51,1.51,0.0,3.035390286735457,3.04,measured_success,202
555,ppo,1000555,2528,monoprotic,medium,base,single,1,7.616,9.005,0.07035440595445522,0,0,,1,0,0,1,0,19,0,0.07071031023048313,3.229999999999999,0.0,3.229999999999999,8.934289689769518,8.93,measured_success,202
555,ppo,1000555,2529,diprotic,medium,base,separated,2,7.441,9.069,0.06016956620998056,4,3,0.02,1,0,0,1,0,11,4,0.09751393516699913,12.95,5.36,7.59,8.971486064833002,8.97,measured_success,202
555,ppo,1000555,2530,diprotic,near,base,separated,2,5.098,5.561,0.08976175088992285,1,0,0.515,1,1,0,1,0,2,1,0.040984307467264,3.1500000000000004,0.0,3.1500000000000004,5.601984307467264,5.6000000000000005,measured_success,202
555,ppo,1000555,2531,monoprotic,far,base,single,1,3.825,6.336,0.12619336756783409,49,3,0.01,0,0,0,0,0,50,49,0.42944144040229837,9.76999999999999,3.5499999999999954,6.219999999999995,6.765441440402299,6.7700000000000005,max_steps,202
555,ppo,1000555,2532,monoprotic,far,base,single,1,7.545,10.912,0.040281214626199435,2,0,0.085,1,1,0,1,0,7,2,0.019185688609164586,11.559999999999999,5.079999999999999,6.48,10.892814311390836,10.89,measured_success,202
555,ppo,1000555,2533,diprotic,near,base,separated,2,7.088,7.299,0.16146461951716665,0,0,,0,0,0,0,0,50,0,0.15576600602314716,0.5000000000000002,0.0,0.5000000000000002,7.143233993976853,7.140000000000001,max_steps,202
555,ppo,1000555,2534,monoprotic,medium,base,single,1,5.771,7.483,0.0835648001419863,0,0,,1,0,0,1,0,9,0,0.07250475511460674,7.3,0.0,7.3,7.410495244885393,7.41,measured_success,202
555,ppo,1000555,2535,monoprotic,medium,acid,single,1,4.785,2.959,0.08639418661081888,2,1,0.155,1,1,0,1,0,5,2,0.012747418462371929,8.83,8.01,0.8200000000000001,2.971747418462372,2.97,measured_success,202
555,ppo,1000555,2536,triprotic,medium,acid,overlapping,3,4.435,2.91,0.09810810855360881,0,0,,1,1,0,1,0,10,0,0.029992888994224032,22.94,22.94,0.0,2.939992888994224,2.94,measured_success,202
555,ppo,1000555,2537,monoprotic,far,base,single,1,6.413,8.542,0.17878337048768467,2,1,0.155,1,1,0,1,0,7,2,0.014079045069573581,17.08,0.8,16.279999999999998,8.527920954930426,8.53,measured_success,202
555,ppo,1000555,2538,monoprotic,far,base,single,1,4.069,7.141,0.09756778728743386,3,3,0.085,1,1,0,1,0,10,3,0.018095178771202924,13.44,2.9599999999999995,10.48,7.159095178771203,7.16,measured_success,202
555,ppo,1000555,2539,monoprotic,medium,base,single,1,3.893,4.973,0.0793269876264168,2,1,0.265,1,0,0,1,0,3,2,0.09073730320403595,4.83,0.53,4.3,4.882262696795964,4.88,measured_success,202
555,ppo,1000555,2540,triprotic,medium,base,overlapping,3,3.806,4.72,0.0999189239565232,0,0,,1,0,0,1,0,13,0,0.09543212434806403,9.340000000000002,0.0,9.340000000000002,4.624567875651936,4.62,measured_success,202
555,ppo,1000555,2541,monoprotic,far,acid,single,1,4.89,2.883,0.16652967993596143,2,0,0.315,1,1,0,1,0,5,2,0.03560063963915461,13.280000000000001,12.65,0.63,2.9186006396391546,2.92,measured_success,202
555,ppo,1000555,2542,monoprotic,near,base,single,1,5.727,6.241,0.0511226537797175,2,0,0.425,1,1,0,1,0,2,2,0.0013032705017206325,2.97,0.85,2.12,6.239696729498279,6.24,measured_success,202
555,ppo,1000555,2543,diprotic,medium,acid,separated,2,5.039,3.845,0.07466060482054837,0,0,,1,0,0,1,0,4,0,0.08665662695058751,7.55,7.55,0.0,3.9316566269505877,3.93,measured_success,202
555,ppo,1000555,2544,diprotic,medium,base,separated,2,2.745,3.994,0.03614593014921619,2,0,0.315,1,0,0,1,0,3,2,0.06548234274668419,6.73,1.48,5.25,3.928517657253316,3.93,measured_success,202
555,ppo,1000555,2545,triprotic,medium,acid,overlapping,3,4.787,3.236,0.09348757779260997,0,0,,1,0,0,1,0,11,0,0.05139240198479511,14.770000000000001,14.770000000000001,0.0,3.2873924019847953,3.29,measured_success,202
555,ppo,1000555,2546,monoprotic,far,base,single,1,4.887,7.437,0.03223079103209984,3,3,0.085,1,1,0,1,0,11,3,0.03935890445538792,16.07,6.5600000000000005,9.509999999999998,7.476358904455388,7.48,measured_success,202
555,ppo,1000555,2547,diprotic,near,base,separated,2,4.003,4.682,0.05795032448221681,0,0,,1,0,0,1,0,2,0,0.06279150725042193,3.29,0.0,3.29,4.6192084927495785,4.62,measured_success,202
555,ppo,1000555,2548,diprotic,near,acid,separated,2,3.084,2.701,0.1012841266840839,0,0,,1,0,0,1,0,3,0,0.058030686882345694,4.0,4.0,0.0,2.7590306868823458,2.7600000000000002,measured_success,202
555,ppo,1000555,2549,diprotic,near,acid,overlapping,2,3.09,2.75,0.03343702028508896,1,1,0.755,1,1,0,1,0,2,1,0.020804938555692765,2.26,1.51,0.75,2.7291950614443072,2.73,measured_success,202
555,ppo,1000555,2550,monoprotic,medium,base,single,1,2.381,3.887,0.0836827682353032,0,0,,1,0,0,1,0,4,0,0.09124534274378915,6.949999999999999,0.0,6.949999999999999,3.795754657256211,3.8000000000000003,measured_success,202
555,ppo,1000555,2551,diprotic,near,base,overlapping,2,2.056,2.665,0.14792160633117182,0,0,,1,0,0,1,0,24,0,0.09153256884086414,12.970000000000004,0.0,12.970000000000004,2.573467431159136,2.57,measured_success,202
555,ppo,1000555,2552,diprotic,medium,base,separated,2,2.733,4.076,0.05955848254431627,0,0,,1,1,0,1,0,1,0,0.012728364758474164,5.25,0.0,5.25,4.0632716352415255,4.0600000000000005,measured_success,202
555,ppo,1000555,2553,diprotic,medium,acid,separated,2,4.049,2.366,0.05134214692530783,1,0,0.515,1,0,0,1,0,3,1,0.0749424011414539,7.89,7.89,0.0,2.291057598858546,2.29,measured_success,202
555,ppo,1000555,2554,diprotic,medium,acid,separated,2,4.817,3.343,0.05979333073637841,1,0,0.9,1,0,0,1,0,2,1,0.06609991001794135,5.67,5.67,0.0,3.2769000899820586,3.2800000000000002,measured_success,202
555,ppo,1000555,2555,monoprotic,far,acid,single,1,7.271,4.341,0.05891054367524145,6,5,0.045,1,0,0,1,0,10,6,0.052938943248869386,12.61,8.879999999999999,3.7299999999999995,4.39393894324887,4.39,measured_success,202
555,ppo,1000555,2556,monoprotic,near,base,single,1,8.19,8.61,0.14369847250604947,0,0,,0,0,0,0,0,50,0,0.37603733054999466,0.5000000000000002,0.0,0.5000000000000002,8.233962669450005,8.23,max_steps,202
555,ppo,1000555,2557,monoprotic,near,base,single,1,5.71,6.063,0.04268904409426135,3,1,0.09,1,1,0,1,0,5,3,0.04556073600278321,4.07,1.77,2.3000000000000003,6.108560736002783,6.11,measured_success,202
555,ppo,1000555,2558,triprotic,medium,base,separated,3,8.185,9.599,0.037191770279300325,3,1,0.01,1,1,0,1,0,8,3,0.024649291050639732,0.8200000000000001,0.12,0.7000000000000001,9.62364929105064,9.620000000000001,measured_success,202
555,ppo,1000555,2559,monoprotic,medium,base,single,1,4.784,5.908,0.07060404815515052,4,0,0.06,1,0,0,1,0,13,4,0.08746285067553128,8.29,3.56,4.729999999999999,5.820537149324469,5.82,measured_success,202
555,ppo,1000555,2560,monoprotic,medium,base,single,1,5.612,7.493,0.06278050175889385,3,1,0.13,1,1,0,1,0,3,3,0.019597785623695074,6.04,0.53,5.51,7.512597785623695,7.51,measured_success,202
555,ppo,1000555,2561,triprotic,far,base,separated,3,2.26,4.277,0.08966469304258529,0,0,,1,0,0,1,0,6,0,0.08468581285256516,12.530000000000001,0.0,12.530000000000001,4.192314187147435,4.19,measured_success,202
555,ppo,1000555,2562,diprotic,medium,acid,separated,2,5.552,4.523,0.14620476383727105,0,0,,1,0,0,1,0,12,0,0.09732819783764235,12.310000000000002,12.310000000000002,0.0,4.620328197837642,4.62,measured_success,202
555,ppo,1000555,2563,diprotic,medium,base,separated,2,6.331,7.158,0.07155048270424828,2,1,0.265,1,1,0,1,0,4,2,0.0161255684152648,4.21,0.53,3.6799999999999997,7.141874431584736,7.140000000000001,measured_success,202
555,ppo,1000555,2564,diprotic,near,base,separated,2,2.966,3.181,0.07329033214056697,0,0,,1,1,0,1,0,1,0,0.008570516184954968,1.51,0.0,1.51,3.172429483815045,3.17,measured_success,202
555,ppo,1000555,2565,monoprotic,medium,acid,single,1,3.426,2.028,0.09345149670616329,0,0,,1,0,0,1,0,4,0,0.092551040001283,9.78,9.78,0.0,2.120551040001283,2.12,measured_success,202
555,ppo,1000555,2566,monoprotic,near,acid,single,1,8.82,8.508,0.050167831728138934,0,0,,1,0,0,1,0,34,0,0.0938833203663414,0.34000000000000014,0.34000000000000014,0.0,8.60188332036634,8.6,measured_success,202
555,ppo,1000555,2567,monoprotic,far,acid,single,1,5.297,2.752,0.07759927644277041,4,1,0.075,1,0,0,1,0,4,4,0.05703381875055058,7.16,6.38,0.78,2.8090338187505504,2.81,measured_success,202
555,ppo,1000555,2568,monoprotic,near,base,single,1,6.089,6.764,0.036625230647859705,2,0,0.315,1,0,0,1,0,2,2,0.09275379692225716,2.75,0.63,2.12,6.671246203077743,6.67,measured_success,202
555,ppo,1000555,2569,monoprotic,far,base,single,1,2.82,5.171,0.15010825179871562,4,1,0.075,1,0,0,1,0,7,4,0.08489537943950065,14.639999999999999,2.92,11.719999999999999,5.0861046205605,5.09,measured_success,202
555,ppo,1000555,2570,diprotic,near,acid,separated,2,2.997,2.379,0.14189338366949003,4,3,0.125,1,1,0,1,0,5,4,0.011082127027916666,7.01,3.99,3.02,2.3900821270279167,2.39,measured_success,202
555,ppo,1000555,2571,diprotic,medium,acid,separated,2,6.471,5.548,0.07346502651017962,0,0,,1,0,0,1,0,2,0,0.06706419922326745,3.1500000000000004,3.1500000000000004,0.0,5.6150641992232675,5.62,measured_success,202
555,ppo,1000555,2572,diprotic,far,acid,separated,2,5.467,2.606,0.05254843381780637,1,0,0.425,1,0,0,1,0,4,1,0.0661568341772778,9.87,9.87,0.0,2.539843165822722,2.54,measured_success,202
555,ppo,1000555,2573,monoprotic,near,base,single,1,6.334,6.547,0.031797542208884505,0,0,,1,0,0,1,0,13,0,0.0984480592041459,0.12999999999999998,0.0,0.12999999999999998,6.448551940795854,6.45,measured_success,202
555,ppo,1000555,2574,monoprotic,medium,acid,single,1,7.422,6.617,0.0683341682966745,0,0,,1,0,0,1,0,3,0,0.08792016661473934,3.06,3.06,0.0,6.704920166614739,6.7,measured_success,202
555,ppo,1000555,2575,monoprotic,far,base,single,1,2.733,5.526,0.061331491937121244,7,7,0.01,1,1,0,1,0,12,7,0.028041186089733827,9.919999999999998,3.3299999999999996,6.589999999999998,5.554041186089734,5.55,measured_success,202
555,ppo,1000555,2576,diprotic,medium,acid,separated,2,4.788,2.865,0.07459505918061243,4,2,0.155,1,0,0,1,0,6,4,0.0533281699305137,8.59,6.06,2.5300000000000002,2.918328169930514,2.92,measured_success,202
555,ppo,1000555,2577,diprotic,medium,base,separated,2,2.821,4.142,0.032437246811510174,1,0,2.625,1,0,0,1,0,3,1,0.07202359407155168,6.73,1.48,5.25,4.214023594071552,4.21,measured_success,202
555,ppo,1000555,2578,diprotic,medium,acid,separated,2,3.49,2.274,0.037990402760008965,3,1,0.255,1,1,0,1,0,4,3,0.02698493147823644,7.21,4.38,2.83,2.2470150685217636,2.25,measured_success,202
555,ppo,1000555,2579,diprotic,medium,base,separated,2,6.075,7.75,0.09088352472013501,6,2,0.015,1,1,0,1,0,9,6,0.03219532925875512,10.790000000000003,4.480000000000001,6.3100000000000005,7.717804670741245,7.72,measured_success,202
555,ppo,1000555,2580,triprotic,medium,base,separated,3,2.5,4.393,0.1164752773999373,0,0,,1,0,0,1,0,7,0,0.070619269768053,12.840000000000002,0.0,12.840000000000002,4.322380730231947,4.32,measured_success,202
555,ppo,1000555,2581,diprotic,medium,acid,separated,2,5.364,3.603,0.061028665057512435,4,1,0.155,1,1,0,1,0,5,4,0.030625870498938834,8.649999999999999,6.539999999999999,2.11,3.633625870498939,3.63,measured_success,202
555,ppo,1000555,2582,monoprotic,medium,base,single,1,2.115,3.224,0.12940543222775813,0,0,,1,1,0,1,0,8,0,0.012876378509779407,7.729999999999999,0.0,7.729999999999999,3.211123621490221,3.21,measured_success,202
555,ppo,1000555,2583,monoprotic,near,base,single,1,4.763,5.045,0.0763608668437194,1,0,0.755,1,1,0,1,0,1,1,0.015523074704217876,1.51,0.0,1.51,5.060523074704218,5.0600000000000005,measured_success,202
555,ppo,1000555,2584,monoprotic,medium,acid,single,1,5.696,4.838,0.031705110983189184,3,2,0.09,1,1,0,1,0,8,3,0.019709536703406805,5.59,2.95,2.6399999999999997,4.818290463296593,4.82,measured_success,202
555,ppo,1000555,2585,monoprotic,far,acid,single,1,6.488,3.951,0.13628011817377902,2,1,0.315,0,0,0,1,1,4,2,0.10287671202861093,7.24,6.61,0.63,4.053876712028611,4.05,measured_success,202
555,ppo,1000555,2586,diprotic,medium,acid,separated,2,4.703,3.317,0.042021817427314555,4,1,0.21,1,1,0,1,0,4,4,0.004450262824758688,6.9399999999999995,4.72,2.22,3.321450262824759,3.3200000000000003,measured_success,202
555,ppo,1000555,2587,diprotic,medium,acid,overlapping,2,4.103,2.177,0.08906135245432766,3,2,0.24,1,1,0,1,0,4,3,0.003714342273420268,8.419999999999998,7.459999999999999,0.96,2.17328565772658,2.17,measured_success,202
555,ppo,1000555,2588,triprotic,medium,base,separated,3,4.647,6.2,0.043650737374716767,0,0,,1,1,0,1,0,6,0,0.0455496778340061,7.069999999999999,0.0,7.069999999999999,6.154450322165994,6.15,measured_success,202
555,ppo,1000555,2589,triprotic,medium,acid,separated,3,2.859,2.032,0.05856390255110971,2,1,0.515,1,1,0,1,0,3,2,0.03878673176142655,5.0200000000000005,3.99,1.03,2.0707867317614266,2.07,measured_success,202
555,ppo,1000555,2590,triprotic,near,base,separated,3,4.774,5.244,0.08903600630892847,0,0,,1,1,0,1,0,2,0,0.020607831357516204,3.1500000000000004,0.0,3.1500000000000004,5.223392168642484,5.22,measured_success,202
555,ppo,1000555,2591,monoprotic,medium,acid,single,1,4.192,2.693,0.07176460999710377,2,0,0.9,1,1,0,1,0,2,2,0.03170017247470147,6.859999999999999,5.06,1.8,2.7247001724747015,2.72,measured_success,202
555,ppo,1000555,2592,diprotic,far,base,overlapping,2,4.671,8.164,0.1489834110179589,6,2,0.015,1,1,0,1,0,13,6,0.04374554798576291,29.980000000000004,4.630000000000002,25.35,8.120254452014237,8.120000000000001,measured_success,202
555,ppo,1000555,2593,triprotic,medium,acid,separated,3,7.49,6.619,0.15743670255247877,0,0,,1,0,0,1,0,9,0,0.0925759322756825,5.289999999999998,5.289999999999998,0.0,6.711575932275682,6.71,measured_success,202
555,ppo,1000555,2594,triprotic,medium,base,separated,3,5.748,7.256,0.1224395294759108,0,0,,1,0,0,1,0,7,0,0.08059187947089796,10.280000000000001,0.0,10.280000000000001,7.175408120529102,7.18,measured_success,202
555,ppo,1000555,2595,diprotic,near,acid,separated,2,3.59,2.916,0.04890225376670195,2,0,0.515,1,0,0,1,0,2,2,0.09817730749922537,4.51,3.48,1.03,3.0141773074992253,3.0100000000000002,measured_success,202
555,ppo,1000555,2596,diprotic,near,acid,separated,2,3.404,2.966,0.050609358871239435,3,3,0.135,1,1,0,1,0,5,3,0.03770602229646158,3.2,1.78,1.42,2.9282939777035386,2.93,measured_success,202
555,ppo,1000555,2597,monoprotic,far,base,single,1,2.246,5.018,0.08221506333859517,6,3,0.015,1,0,0,1,0,15,6,0.06666214144885796,16.46,5.260000000000001,11.2,4.951337858551142,4.95,measured_success,202
555,ppo,1000555,2598,diprotic,medium,acid,separated,2,6.917,5.058,0.16685978926390557,0,0,,1,0,0,1,0,10,0,0.09618313384346244,12.340000000000002,12.340000000000002,0.0,5.154183133843462,5.15,measured_success,202
555,ppo,1000555,2599,monoprotic,far,acid,single,1,8.706,6.597,0.1274197316896619,0,0,,0,0,1,0,0,50,0,1.862159912525514,1.500000000000001,1.500000000000001,0.0,8.459159912525514,8.46,max_steps,202
555,ppo,1000555,2600,triprotic,near,base,separated,3,5.7,5.995,0.06617927582930683,0,0,,0,0,0,0,0,50,0,0.15614348055717553,0.5000000000000002,0.0,0.5000000000000002,5.838856519442825,5.84,max_steps,202
555,ppo,1000555,2601,monoprotic,far,acid,single,1,8.981,5.287,0.11632807277894647,0,0,,0,0,1,0,0,50,0,2.684571935793863,6.240000000000005,6.240000000000005,0.0,7.971571935793863,7.97,max_steps,202
555,ppo,1000555,2602,diprotic,near,acid,separated,2,2.856,2.281,0.10991098235110922,1,0,1.74,1,0,0,1,0,3,1,0.061826827231282966,5.359999999999999,3.48,1.88,2.219173172768717,2.22,measured_success,202
555,ppo,1000555,2603,monoprotic,far,base,single,1,3.46,6.049,0.047222821244317044,6,1,0.015,1,0,0,1,0,10,6,0.06991115563858674,9.44,3.4699999999999998,5.97,5.979088844361414,5.98,measured_success,202
555,ppo,1000555,2604,monoprotic,medium,base,single,1,3.592,5.416,0.10455355201960032,2,1,0.21,1,0,0,1,0,6,2,0.07272531231419954,12.729999999999999,0.42,12.309999999999999,5.343274687685801,5.34,measured_success,202
555,ppo,1000555,2605,monoprotic,near,base,single,1,8.547,9.071,0.14907835799882704,0,0,,1,0,0,1,0,30,0,0.0787918454803549,4.8199999999999985,0.0,4.8199999999999985,8.992208154519645,8.99,measured_success,202
555,ppo,1000555,2606,triprotic,near,base,separated,3,3.388,3.953,0.034883277604936196,2,0,0.515,1,0,0,1,0,2,2,0.09063804425783895,3.29,1.03,2.26,3.862361955742161,3.86,measured_success,202
555,ppo,1000555,2607,diprotic,medium,acid,overlapping,2,4.531,2.791,0.14464338351732992,2,1,0.395,1,0,0,1,0,6,2,0.08461086593677036,16.63,15.84,0.79,2.8756108659367703,2.88,measured_success,202
555,ppo,1000555,2608,monoprotic,near,acid,single,1,2.95,2.497,0.13640848858451585,0,0,,1,0,0,1,0,2,0,0.09428174016459057,3.1500000000000004,3.1500000000000004,0.0,2.5912817401645905,2.59,measured_success,202
555,ppo,1000555,2609,diprotic,far,acid,separated,2,4.904,2.131,0.08314512149121718,0,0,,1,0,0,1,0,4,0,0.09781474109370736,15.150000000000002,15.150000000000002,0.0,2.228814741093707,2.23,measured_success,202
555,ppo,1000555,2610,diprotic,medium,acid,separated,2,6.636,5.202,0.03333834500395337,2,0,0.315,1,0,0,1,0,2,2,0.09025620948304969,4.5,3.87,0.63,5.29225620948305,5.29,measured_success,202
555,ppo,1000555,2611,triprotic,medium,base,separated,3,1.932,2.648,0.03699308263532559,2,1,0.255,1,0,0,1,0,3,2,0.05255359826698536,3.66,0.51,3.1500000000000004,2.5954464017330148,2.6,measured_success,202
555,ppo,1000555,2612,diprotic,medium,base,separated,2,3.91,5.499,0.06444901782848178,0,0,,1,1,0,1,0,2,0,0.03396614128133546,5.78,0.0,5.78,5.465033858718664,5.47,measured_success,202
555,ppo,1000555,2613,diprotic,far,acid,separated,2,5.064,1.516,0.047011520432974865,0,0,,1,1,0,1,0,3,0,0.044526407706294346,11.63,11.63,0.0,1.5605264077062944,1.56,measured_success,202
555,ppo,1000555,2614,monoprotic,far,base,single,1,6.53,9.624,0.16018148418227568,2,1,0.155,1,1,0,1,0,10,2,0.006065028685144469,23.63,1.79,21.84,9.617934971314856,9.620000000000001,measured_success,202
555,ppo,1000555,2615,monoprotic,far,acid,single,1,6.203,2.881,0.030070039030273787,2,1,0.155,1,1,0,1,0,11,2,0.03172605945298956,12.73,8.01,4.72,2.9127260594529893,2.91,measured_success,202
555,ppo,1000555,2616,monoprotic,far,base,single,1,7.456,10.597,0.030222377288858678,4,2,0.04,1,0,0,1,0,7,4,0.07662162481282841,11.01,4.05,6.96,10.520378375187171,10.52,measured_success,202
555,ppo,1000555,2617,triprotic,near,base,separated,3,5.18,5.708,0.03402038107869506,2,0,0.425,1,0,0,1,0,2,2,0.08514687194850445,2.97,0.85,2.12,5.622853128051496,5.62,measured_success,202
555,ppo,1000555,2618,monoprotic,near,acid,single,1,4.562,4.157,0.1545854165634976,1,1,0.425,1,1,0,1,0,3,1,0.017279079066309322,2.78,2.36,0.42,4.139720920933691,4.14,measured_success,202
555,ppo,1000555,2619,triprotic,medium,acid,separated,3,8.333,7.07,0.04698435588929311,0,0,,1,0,0,1,0,27,0,0.08326867907578617,2.9000000000000004,2.9000000000000004,0.0,7.1532686790757865,7.15,measured_success,202
555,ppo,1000555,2620,monoprotic,medium,acid,single,1,6.523,5.422,0.08487832305148665,0,0,,1,1,0,1,0,3,0,0.011483354985306171,4.81,4.81,0.0,5.433483354985306,5.43,measured_success,202
555,ppo,1000555,2621,diprotic,medium,base,separated,2,3.618,4.91,0.05947065676895157,1,0,2.625,1,0,0,1,0,3,1,0.059658260206672864,7.8,2.55,5.25,4.969658260206673,4.97,measured_success,202
555,ppo,1000555,2622,monoprotic,far,base,single,1,2.23,5.787,0.14160482371155986,42,24,0.01,0,0,0,0,0,50,42,0.293435854340907,18.689999999999994,5.189999999999997,13.499999999999996,5.493564145659093,5.49,max_steps,202
555,ppo,1000555,2623,monoprotic,near,acid,single,1,8.333,7.944,0.035488740121277215,0,0,,1,0,0,1,0,50,0,0.09686697403332456,0.5000000000000002,0.5000000000000002,0.0,8.040866974033325,8.040000000000001,measured_success,202
555,ppo,1000555,2624,triprotic,medium,base,separated,3,3.962,5.604,0.17493085115451418,0,0,,1,0,0,1,0,12,0,0.09510841324385932,15.090000000000002,0.0,15.090000000000002,5.508891586756141,5.51,measured_success,202
555,ppo,1000555,2625,monoprotic,medium,acid,single,1,3.508,2.046,0.03300352002982989,1,0,2.625,1,0,0,1,0,5,1,0.05099951388469437,7.04,5.25,1.79,1.9950004861153054,2.0,measured_success,202
555,ppo,1000555,2626,monoprotic,far,acid,single,1,4.816,1.844,0.08130419501340763,1,0,3.035,1,1,0,1,0,3,1,0.04163771056711263,7.33,6.07,1.26,1.8023622894328875,1.8,measured_success,202
555,ppo,1000555,2627,monoprotic,far,acid,single,1,7.42,4.486,0.07473834988289502,7,5,0.015,1,0,0,1,0,14,7,0.06840959127050095,16.72,12.249999999999998,4.469999999999999,4.417590408729499,4.42,measured_success,202
555,ppo,1000555,2628,diprotic,near,base,separated,2,5.956,6.319,0.07137134377500183,2,0,0.315,1,1,0,1,0,2,2,0.03786445929012405,2.75,0.63,2.12,6.281135540709876,6.28,measured_success,202
555,ppo,1000555,2629,diprotic,far,acid,separated,2,6.091,2.425,0.12018790816918434,0,0,,1,1,0,1,0,7,0,0.029997743726276838,29.17,29.17,0.0,2.4549977437262767,2.45,measured_success,202
555,ppo,1000555,2630,monoprotic,medium,acid,single,1,6.178,4.623,0.07140947082183985,4,2,0.085,1,1,0,1,0,7,4,0.0033131482821096014,8.899999999999999,6.619999999999999,2.28,4.62631314828211,4.63,measured_success,202
555,ppo,1000555,2631,diprotic,near,acid,separated,2,2.082,1.818,0.04330919768000621,1,0,1.06,1,1,0,1,0,1,1,0.045619019484458345,2.12,2.12,0.0,1.7723809805155417,1.77,measured_success,202
555,ppo,1000555,2632,monoprotic,near,base,single,1,1.957,2.163,0.03315893474735569,1,0,1.06,1,1,0,1,0,2,1,0.01760948167294396,3.1500000000000004,1.03,2.12,2.1806094816729438,2.18,measured_success,202
555,ppo,1000555,2633,triprotic,medium,base,separated,3,4.92,6.184,0.030003167594682564,2,0,0.155,1,1,0,1,0,4,2,0.03614887223881613,8.11,2.86,5.25,6.147851127761184,6.15,measured_success,202
555,ppo,1000555,2634,monoprotic,medium,base,single,1,3.825,4.687,0.13206523092187872,3,1,0.21,1,0,0,1,0,5,3,0.06641609024893302,3.8,1.12,2.6799999999999997,4.753416090248933,4.75,measured_success,202
555,ppo,1000555,2635,monoprotic,medium,acid,single,1,5.341,4.012,0.15114320854580368,2,0,0.315,1,0,0,1,0,4,2,0.06951036732097204,4.989999999999999,4.359999999999999,0.63,4.081510367320972,4.08,measured_success,202
555,ppo,1000555,2636,diprotic,far,base,separated,2,2.3,4.966,0.14259280696218884,3,2,0.155,1,0,0,1,0,11,3,0.06745020634628762,24.39,1.5699999999999998,22.82,5.033450206346288,5.03,measured_success,202
555,ppo,1000555,2637,triprotic,near,acid,separated,3,2.271,1.725,0.05844737814187359,2,0,0.515,1,1,0,1,0,2,2,0.04021330016923086,4.51,3.48,1.03,1.765213300169231,1.77,measured_success,202
555,ppo,1000555,2638,diprotic,medium,base,separated,2,4.902,6.613,0.03839116298730391,2,1,1.31,1,0,0,1,0,3,2,0.06861669205682208,8.5,2.62,5.88,6.544383307943178,6.54,measured_success,202
555,ppo,1000555,2639,monoprotic,medium,acid,single,1,7.037,5.867,0.10024848580697941,5,4,0.04,1,1,0,1,0,9,5,0.015493159853821048,10.399999999999999,6.06,4.34,5.851506840146179,5.8500000000000005,measured_success,202
555,ppo,1000555,2640,triprotic,near,acid,separated,3,2.471,1.989,0.05507313062056503,0,0,,1,1,0,1,0,1,0,0.04486711868912141,3.48,3.48,0.0,2.0338671186891215,2.0300000000000002,measured_success,202
555,ppo,1000555,2641,triprotic,far,acid,separated,3,7.164,4.438,0.04520447272774067,0,0,,1,0,0,1,0,4,0,0.08263815023498733,9.9,9.9,0.0,4.520638150234987,4.5200000000000005,measured_success,202
555,ppo,1000555,2642,diprotic,near,acid,separated,2,3.208,2.864,0.050895338238008965,1,0,0.755,1,0,0,1,0,1,1,0.06052677307129528,1.51,1.51,0.0,2.8034732269287046,2.8000000000000003,measured_success,202
555,ppo,1000555,2643,monoprotic,far,base,single,1,7.835,11.082,0.0702971488660943,1,0,1.42,1,0,0,1,0,7,1,0.058001826947428725,11.540000000000001,2.22,9.32,11.14000182694743,11.14,measured_success,202
555,ppo,1000555,2644,monoprotic,medium,acid,single,1,8.449,7.116,0.0545458709328513,0,0,,0,0,1,0,0,50,0,0.8134234033930348,1.500000000000001,1.500000000000001,0.0,7.929423403393034,7.930000000000001,max_steps,202
555,ppo,1000555,2645,diprotic,far,base,overlapping,2,3.684,7.403,0.1159910955073275,4,1,0.06,1,0,0,1,0,12,4,0.069972176168144,29.050000000000004,1.92,27.130000000000003,7.333027823831856,7.33,measured_success,202
555,ppo,1000555,2646,triprotic,medium,acid,separated,3,5.429,4.072,0.05302851263554108,3,1,0.21,1,1,0,1,0,4,3,0.012057977693699762,6.9399999999999995,6.09,0.85,4.0599420223063,4.0600000000000005,measured_success,202
555,ppo,1000555,2647,diprotic,medium,acid,separated,2,5.288,4.147,0.1001174442723377,0,0,,1,0,0,1,0,10,0,0.08888562429927482,11.860000000000001,11.860000000000001,0.0,4.235885624299275,4.24,measured_success,202
555,ppo,1000555,2648,diprotic,near,acid,separated,2,4.66,4.287,0.06796040379885973,1,0,0.755,1,1,0,1,0,1,1,0.011911461472243978,1.51,1.51,0.0,4.275088538527756,4.28,measured_success,202
555,ppo,1000555,2649,monoprotic,far,base,single,1,6.653,9.494,0.09962665201743831,8,5,0.01,1,1,0,1,0,13,8,0.02647825304788398,15.77,6.909999999999999,8.860000000000001,9.467521746952116,9.47,measured_success,202
555,ppo,1000555,2650,diprotic,near,base,separated,2,3.598,4.141,0.13295256237771216,0,0,,1,1,0,1,0,3,0,0.020438669144951405,3.92,0.0,3.92,4.120561330855049,4.12,measured_success,202
555,ppo,1000555,2651,monoprotic,medium,base,single,1,3.862,5.786,0.15788332212445294,0,0,,1,0,0,1,0,19,0,0.08718376932953475,9.69,0.0,9.69,5.698816230670465,5.7,measured_success,202
555,ppo,1000555,2652,monoprotic,near,base,single,1,2.652,2.998,0.06526033268072949,0,0,,1,0,0,1,0,1,0,0.09523477610856901,1.51,0.0,1.51,2.902765223891431,2.9,measured_success,202
555,ppo,1000555,2653,monoprotic,near,acid,single,1,5.013,4.608,0.03266657018446727,3,2,0.13,1,1,0,1,0,4,3,0.031079600940597807,3.05,1.77,1.28,4.576920399059402,4.58,measured_success,202
555,ppo,1000555,2654,triprotic,medium,acid,separated,3,4.2,2.236,0.06490294077668168,1,0,0.425,1,1,0,1,0,4,1,0.010872361647137563,8.86,8.86,0.0,2.2251276383528626,2.23,measured_success,202
555,ppo,1000555,2655,diprotic,medium,base,overlapping,2,4.1,6.098,0.14112472212368335,0,0,,1,0,0,1,0,8,0,0.07144010319910432,27.480000000000004,0.0,27.480000000000004,6.0265598968008955,6.03,measured_success,202
555,ppo,1000555,2656,monoprotic,near,acid,single,1,2.889,2.547,0.04845906313449528,2,0,0.515,1,1,0,1,0,2,2,0.0011269182879378725,3.1500000000000004,2.12,1.03,2.548126918287938,2.5500000000000003,measured_success,202
555,ppo,1000555,2657,monoprotic,near,base,single,1,4.29,4.54,0.1687537615626854,0,0,,1,0,0,1,0,2,0,0.05740754173560081,2.36,0.0,2.36,4.482592458264399,4.48,measured_success,202
555,ppo,1000555,2658,diprotic,far,base,separated,2,4.069,7.541,0.052749040687708866,7,1,0.035,1,1,0,1,0,9,7,0.024234560118568282,16.21,4.5200000000000005,11.69,7.565234560118569,7.57,measured_success,202
555,ppo,1000555,2659,diprotic,medium,acid,separated,2,4.641,2.962,0.061243571519294035,1,1,0.515,1,1,0,1,0,4,1,0.021213065007563703,8.52,8.01,0.51,2.9407869349924365,2.94,measured_success,202
555,ppo,1000555,2660,triprotic,near,base,overlapping,3,4.602,5.168,0.030161621270835024,2,0,0.315,1,0,0,1,0,4,2,0.05996507503869086,4.05,1.48,2.57,5.108034924961309,5.11,measured_success,202
555,ppo,1000555,2661,monoprotic,medium,base,single,1,9.883,11.266,0.07983142623344468,1,1,0.085,1,0,0,1,0,4,1,0.07585381333043095,0.59,0.08,0.51,11.341853813330431,11.34,measured_success,202
555,ppo,1000555,2662,diprotic,near,base,separated,2,4.767,5.212,0.06098398273425053,3,1,0.21,1,1,0,1,0,7,3,0.029115800575452155,4.56,2.0199999999999996,2.54,5.241115800575452,5.24,measured_success,202
555,ppo,1000555,2663,diprotic,far,acid,separated,2,5.048,2.099,0.050965774607970186,0,0,,1,0,0,1,0,4,0,0.05777882739890661,9.87,9.87,0.0,2.156778827398907,2.16,measured_success,202
555,ppo,1000555,2664,triprotic,near,acid,separated,3,5.963,5.744,0.1591595442878212,0,0,,0,0,0,0,0,50,0,0.13032501970120336,0.5000000000000002,0.5000000000000002,0.0,5.874325019701203,5.87,max_steps,202
555,ppo,1000555,2665,diprotic,medium,acid,separated,2,5.875,4.224,0.038451011029723904,2,0,0.315,1,0,0,1,0,2,2,0.06088623276564675,5.6899999999999995,5.06,0.63,4.284886232765647,4.28,measured_success,202
555,ppo,1000555,2666,monoprotic,near,base,single,1,7.767,8.291,0.10162807337752042,1,0,0.315,1,0,0,1,0,2,1,0.09587617007527882,2.75,0.0,2.75,8.38687617007528,8.39,measured_success,202
555,ppo,1000555,2667,triprotic,far,acid,separated,3,4.796,2.478,0.04214444238139998,0,0,,1,0,0,1,0,4,0,0.05973433331749911,10.549999999999999,10.549999999999999,0.0,2.5377343333174993,2.54,measured_success,202
555,ppo,1000555,2668,triprotic,medium,acid,separated,3,5.537,4.51,0.0909455527899646,0,0,,1,1,0,1,0,3,0,0.010535708117961562,6.7,6.7,0.0,4.520535708117961,4.5200000000000005,measured_success,202
555,ppo,1000555,2669,diprotic,medium,base,separated,2,7.647,9.38,0.1156585314563123,43,24,0.01,0,0,0,0,0,50,43,0.22530174293475547,12.499999999999993,6.119999999999997,6.3799999999999955,9.605301742934756,9.61,max_steps,202
555,ppo,1000555,2670,monoprotic,medium,acid,single,1,5.59,4.159,0.048569958324493574,1,0,1.935,1,0,0,1,0,1,1,0.06341851049135894,3.87,3.87,0.0,4.095581489508641,4.1,measured_success,202
555,ppo,1000555,2671,triprotic,far,base,overlapping,3,4.101,7.787,0.0983732945855242,6,3,0.015,1,1,0,1,0,15,6,0.018411632516483145,30.150000000000006,4.660000000000002,25.490000000000006,7.768588367483517,7.7700000000000005,measured_success,202
555,ppo,1000555,2672,monoprotic,medium,base,single,1,8.073,9.565,0.1077913258605257,2,1,0.04,1,0,0,1,0,14,2,0.09400102717206771,1.8099999999999998,0.08,1.7299999999999998,9.470998972827932,9.47,measured_success,202
555,ppo,1000555,2673,monoprotic,near,base,single,1,2.629,3.128,0.09089538872904053,2,1,0.255,1,1,0,1,0,3,2,0.044915919391352865,3.05,0.51,2.54,3.0830840806086472,3.08,measured_success,202
555,ppo,1000555,2674,diprotic,medium,base,separated,2,5.182,5.992,0.13108749090342428,3,1,0.155,1,0,0,1,0,6,3,0.06006803820624551,4.51,1.63,2.88,6.0520680382062455,6.05,measured_success,202
555,ppo,1000555,2675,diprotic,near,base,overlapping,2,5.182,5.627,0.14243280008310916,0,0,,1,0,0,1,0,4,0,0.0824938246327731,4.29,0.0,4.29,5.544506175367227,5.54,measured_success,202
555,ppo,1000555,2676,monoprotic,near,acid,single,1,4.348,3.739,0.03373445698439753,3,1,0.21,1,0,0,1,0,4,3,0.06288370495909401,4.3,2.6,1.7,3.676116295040906,3.68,measured_success,202
555,ppo,1000555,2677,monoprotic,medium,acid,single,1,5.445,4.439,0.047720982937299164,2,0,0.315,1,1,0,1,0,2,2,0.018447937520743807,4.5,3.87,0.63,4.457447937520744,4.46,measured_success,202
555,ppo,1000555,2678,triprotic,near,base,separated,3,2.405,2.685,0.06192353286443195,2,1,0.375,1,1,0,1,0,2,2,0.04550955830891956,2.26,0.75,1.51,2.6394904416910805,2.64,measured_success,202
555,ppo,1000555,2679,triprotic,near,acid,separated,3,7.038,6.399,0.06530766553041958,1,0,0.315,1,1,0,1,0,2,1,0.019566862256080064,2.14,2.14,0.0,6.37943313774392,6.38,measured_success,202
555,ppo,1000555,2680,triprotic,medium,acid,separated,3,6.997,5.675,0.09255440531663306,0,0,,1,0,0,1,0,2,0,0.09339548143913223,4.5,4.5,0.0,5.768395481439132,5.7700000000000005,measured_success,202
555,ppo,1000555,2681,monoprotic,near,acid,single,1,6.697,6.42,0.03531945792548715,0,0,,1,0,0,1,0,47,0,0.09481743991959846,0.47000000000000025,0.47000000000000025,0.0,6.514817439919598,6.51,measured_success,202
555,ppo,1000555,2682,triprotic,medium,base,separated,3,5.337,7.316,0.17462920740431528,0,0,,1,0,0,1,0,8,0,0.0502621620477024,14.930000000000003,0.0,14.930000000000003,7.265737837952297,7.2700000000000005,measured_success,202
555,ppo,1000555,2683,triprotic,far,base,separated,3,3.392,5.764,0.032774380560426475,1,0,2.625,1,1,0,1,0,1,1,0.031035670275149307,5.25,0.0,5.25,5.7950356702751495,5.8,measured_success,202
555,ppo,1000555,2684,monoprotic,medium,base,single,1,4.521,6.299,0.04991056394861833,6,4,0.015,1,1,0,1,0,12,6,0.025518816534195743,10.7,4.6800000000000015,6.019999999999999,6.273481183465805,6.2700000000000005,measured_success,202
555,ppo,1000555,2685,diprotic,near,base,separated,2,4.171,4.71,0.17177679479055705,0,0,,0,0,0,1,1,7,0,0.10452533715597934,6.159999999999998,0.0,6.159999999999998,4.605474662844021,4.61,measured_success,202
555,ppo,1000555,2686,diprotic,medium,acid,separated,2,2.73,1.65,0.047009250296580804,0,0,,1,0,0,1,0,2,0,0.06832306418705558,5.67,5.67,0.0,1.7183230641870555,1.72,measured_success,202
555,ppo,1000555,2687,monoprotic,medium,base,single,1,7.016,8.519,0.08944714781583914,1,0,0.315,1,1,0,1,0,4,1,0.03457486159731182,9.3,0.0,9.3,8.553574861597312,8.55,measured_success,202
555,ppo,1000555,2688,diprotic,medium,base,separated,2,4.834,5.573,0.09625360955136165,0,0,,1,0,0,1,0,9,0,0.07055703717393236,6.779999999999998,0.0,6.779999999999998,5.502442962826068,5.5,measured_success,202
555,ppo,1000555,2689,monoprotic,medium,acid,single,1,5.612,3.83,0.08869739778287733,7,2,0.02,1,0,0,1,0,8,7,0.07656095987489486,10.75,6.129999999999999,4.62,3.753439040125105,3.75,measured_success,202
555,ppo,1000555,2690,triprotic,medium,base,separated,3,4.896,6.172,0.04698466453720913,3,3,0.155,1,1,0,1,0,6,3,0.028607768708659442,9.27,3.4,5.869999999999999,6.200607768708659,6.2,measured_success,202
555,ppo,1000555,2691,monoprotic,far,acid,single,1,6.63,4.342,0.13281879557360715,7,4,0.02,1,1,0,1,0,9,7,0.03577218493590362,9.59,7.319999999999999,2.27,4.306227815064096,4.3100000000000005,measured_success,202
555,ppo,1000555,2692,monoprotic,medium,base,single,1,6.097,8.039,0.040992774035437836,5,1,0.035,1,0,0,1,0,10,5,0.07960953482952782,10.75,4.490000000000001,6.26,8.118609534829528,8.120000000000001,measured_success,202
555,ppo,1000555,2693,triprotic,near,acid,separated,3,3.436,3.231,0.04094873062067577,1,1,0.755,1,1,0,1,0,2,1,0.02118160232467403,2.26,1.51,0.75,3.209818397675326,3.21,measured_success,202
555,ppo,1000555,2694,diprotic,medium,acid,separated,2,5.568,4.029,0.05507074200118889,0,0,,1,0,0,1,0,3,0,0.09340107591463287,7.89,7.89,0.0,4.122401075914633,4.12,measured_success,202
555,ppo,1000555,2695,diprotic,medium,base,separated,2,2.118,3.261,0.09165948523153923,0,0,,1,0,0,1,0,3,0,0.06233591451403786,5.52,0.0,5.52,3.1986640854859623,3.2,measured_success,202
555,ppo,1000555,2696,monoprotic,medium,acid,single,1,3.767,2.154,0.031647048572519175,1,0,2.53,1,0,0,1,0,7,1,0.06403518452613,8.16,5.06,3.1,2.08996481547387,2.09,measured_success,202
555,ppo,1000555,2697,monoprotic,medium,acid,single,1,6.849,5.511,0.07455373509790778,1,0,0.315,1,1,0,1,0,2,1,0.030850910071962723,4.5,4.5,0.0,5.480149089928037,5.48,measured_success,202
555,ppo,1000555,2698,monoprotic,near,base,single,1,2.887,3.44,0.16663459632117822,0,0,,1,0,0,1,0,13,0,0.0888280532971657,6.769999999999997,0.0,6.769999999999997,3.3511719467028342,3.35,measured_success,202
555,ppo,1000555,2699,monoprotic,medium,base,single,1,6.596,7.829,0.07320260009441494,3,0,0.155,1,1,0,1,0,5,3,0.005295365862431289,7.15,1.81,5.34,7.834295365862431,7.83,measured_success,202
555,ppo,1000555,2700,monoprotic,near,acid,single,1,3.252,2.785,0.044147741342298784,3,1,0.255,1,0,0,1,0,3,3,0.08248019220887315,3.66,2.63,1.03,2.702519807791127,2.7,measured_success,202
555,ppo,1000555,2701,triprotic,near,base,overlapping,3,2.536,2.908,0.16189713474860054,0,0,,1,0,0,1,0,21,0,0.09847261800025331,9.519999999999998,0.0,9.519999999999998,2.8095273819997466,2.81,measured_success,202
555,ppo,1000555,2702,monoprotic,medium,base,single,1,3.42,4.493,0.07700958738660005,4,1,0.09,1,0,0,1,0,4,4,0.0723555909520428,3.71,1.03,2.6799999999999997,4.4206444090479575,4.42,measured_success,202
555,ppo,1000555,2703,diprotic,near,acid,separated,2,5.9,5.481,0.07292636507516824,2,0,0.315,1,1,0,1,0,2,2,0.04202001429790592,2.14,1.51,0.63,5.523020014297906,5.5200000000000005,measured_success,202
555,ppo,1000555,2704,diprotic,near,base,separated,2,4.893,5.257,0.047100976788254506,1,0,1.06,1,0,0,1,0,2,1,0.07330802666899672,2.97,0.85,2.12,5.330308026668996,5.33,measured_success,202
555,ppo,1000555,2705,triprotic,medium,acid,separated,3,5.431,4.353,0.03307313214780593,2,1,0.425,1,0,0,1,0,4,2,0.07753797519017169,6.9399999999999995,4.29,2.65,4.4305379751901715,4.43,measured_success,202
555,ppo,1000555,2706,diprotic,near,base,overlapping,2,3.848,4.343,0.14924295321536285,3,0,0.155,1,1,0,1,0,4,3,0.02905087553509844,4.05,1.48,2.57,4.372050875535098,4.37,measured_success,202
555,ppo,1000555,2707,monoprotic,medium,acid,single,1,7.064,5.449,0.13947271627577354,4,4,0.155,1,1,0,1,0,9,4,0.02136918740519711,12.98,7.46,5.52,5.470369187405197,5.47,measured_success,202
555,ppo,1000555,2708,monoprotic,medium,acid,single,1,7.262,5.603,0.09023043399296386,5,1,0.06,1,1,0,1,0,9,5,0.022334212964953082,12.27,6.97,5.300000000000001,5.580665787035047,5.58,measured_success,202
555,ppo,1000555,2709,triprotic,near,base,separated,3,6.387,6.748,0.147245699427411,1,0,1.06,1,0,0,1,0,1,1,0.07314107400059999,2.12,0.0,2.12,6.8211410740006,6.82,measured_success,202
555,ppo,1000555,2710,diprotic,near,acid,separated,2,6.933,6.403,0.09303219540447467,0,0,,1,0,0,1,0,3,0,0.06775903312600295,2.45,2.45,0.0,6.4707590331260025,6.47,measured_success,202
555,ppo,1000555,2711,monoprotic,near,base,single,1,5.044,5.515,0.032476689158352084,4,1,0.075,1,0,0,1,0,9,4,0.09096600032574198,5.77,2.8499999999999996,2.92,5.424033999674258,5.42,measured_success,202
555,ppo,1000555,2712,monoprotic,near,base,single,1,7.635,7.98,0.14708127024256068,0,0,,0,0,0,0,0,50,0,0.1121866029394365,0.5000000000000002,0.0,0.5000000000000002,7.867813397060564,7.87,max_steps,202
555,ppo,1000555,2713,monoprotic,near,base,single,1,2.398,2.707,0.09844533864104042,0,0,,1,1,0,1,0,1,0,0.022498699660789434,1.51,0.0,1.51,2.6845013003392104,2.68,measured_success,202
555,ppo,1000555,2714,monoprotic,near,acid,single,1,2.381,1.703,0.12893236994140847,1,0,1.74,1,1,0,1,0,1,1,0.017094114033019858,3.48,3.48,0.0,1.6859058859669802,1.69,measured_success,202
555,ppo,1000555,2715,triprotic,far,base,overlapping,3,5.129,7.298,0.10214045866474077,1,0,1.06,1,1,0,1,0,5,1,0.007841884462722604,9.01,1.6400000000000001,7.37,7.305841884462723,7.3100000000000005,measured_success,202
555,ppo,1000555,2716,monoprotic,far,base,single,1,2.819,5.118,0.05995188299675135,42,9,0.01,0,0,0,0,0,50,42,0.2417913620566079,10.689999999999994,4.679999999999997,6.009999999999996,4.876208637943392,4.88,max_steps,202
555,ppo,1000555,2717,monoprotic,far,acid,single,1,5.153,2.423,0.14811097110571758,1,0,1.82,1,1,0,1,0,5,2,0.0003351647071250241,16.18,14.3,1.88,2.423335164707125,2.42,measured_success,202
555,ppo,1000555,2718,monoprotic,medium,acid,single,1,7.561,5.663,0.16554201641887156,5,4,0.075,1,0,0,1,0,9,5,0.08715024385595527,9.95,7.46,2.4899999999999998,5.575849756144045,5.58,measured_success,202
555,ppo,1000555,2719,monoprotic,medium,base,single,1,6.269,7.651,0.062343688573161055,3,1,0.315,1,1,0,1,0,5,3,0.047492911957515815,10.260000000000002,4.380000000000001,5.88,7.698492911957516,7.7,measured_success,202
555,ppo,1000555,2720,monoprotic,near,base,single,1,3.388,3.779,0.11411364976564249,0,0,,0,0,0,1,1,2,0,0.10302497479648132,2.36,0.0,2.36,3.6759750252035186,3.68,measured_success,202
555,ppo,1000555,2721,monoprotic,medium,acid,single,1,8.014,6.203,0.03645258721316031,3,0,0.315,1,1,0,1,0,5,3,0.01041412738132319,10.719999999999999,6.539999999999999,4.18,6.192585872618677,6.19,measured_success,202
555,ppo,1000555,2722,diprotic,near,base,overlapping,2,1.769,2.115,0.1644067484057004,0,0,,1,1,0,1,0,1,0,0.04086680798016662,2.12,0.0,2.12,2.0741331920198336,2.07,measured_success,202
555,ppo,1000555,2723,monoprotic,medium,base,single,1,2.545,3.646,0.06979919470080474,0,0,,1,1,0,1,0,4,0,0.03305595014937346,5.72,0.0,5.72,3.6129440498506264,3.61,measured_success,202
555,ppo,1000555,2724,diprotic,near,base,separated,2,3.914,4.405,0.11079567882073277,3,1,0.21,1,1,0,1,0,3,3,0.024898689815176844,3.53,0.85,2.6799999999999997,4.429898689815177,4.43,measured_success,202
555,ppo,1000555,2725,monoprotic,far,acid,single,1,6.281,3.769,0.11889214941114823,5,3,0.09,1,0,0,1,0,8,5,0.08293792334589423,11.549999999999999,7.77,3.78,3.686062076654106,3.69,measured_success,202
555,ppo,1000555,2726,diprotic,medium,base,separated,2,3.581,5.162,0.11953140918803762,0,0,,1,0,0,1,0,14,0,0.09666524349283012,13.570000000000004,0.0,13.570000000000004,5.06533475650717,5.07,measured_success,202
555,ppo,1000555,2727,triprotic,medium,base,separated,3,7.122,9.1,0.10719921044492696,6,4,0.035,1,1,0,1,0,11,6,0.04855369511839136,11.58,5.25,6.33,9.051446304881608,9.05,measured_success,202
555,ppo,1000555,2728,monoprotic,near,base,single,1,2.775,3.137,0.1742118317518059,0,0,,1,1,0,1,0,2,0,0.043947859269937606,2.54,0.0,2.54,3.0930521407300624,3.09,measured_success,202
555,ppo,1000555,2729,diprotic,near,acid,overlapping,2,1.96,1.748,0.14631571993116776,0,0,,1,0,0,1,0,2,0,0.053452543062400215,3.1500000000000004,3.1500000000000004,0.0,1.8014525430624002,1.8,measured_success,202
555,ppo,1000555,2730,triprotic,near,base,separated,3,4.198,4.663,0.07635797996853119,0,0,,1,0,0,1,0,1,0,0.06495620967049653,2.26,0.0,2.26,4.598043790329504,4.6000000000000005,measured_success,202
555,ppo,1000555,2731,monoprotic,near,acid,single,1,5.836,5.479,0.03607685252981411,2,1,0.215,1,0,0,1,0,3,2,0.0672798855073955,2.69,1.51,1.18,5.546279885507396,5.55,measured_success,202
555,ppo,1000555,2732,diprotic,medium,acid,separated,2,5.566,4.03,0.0565033657804641,0,0,,1,0,0,1,0,4,0,0.052083991090474235,8.74,8.74,0.0,4.0820839910904745,4.08,measured_success,202
555,ppo,1000555,2733,diprotic,medium,base,separated,2,3.164,4.044,0.04332670004747758,1,0,0.515,1,1,0,1,0,2,1,0.005487618168326769,3.29,0.0,3.29,4.049487618168326,4.05,measured_success,202
555,ppo,1000555,2734,triprotic,medium,acid,separated,3,4.054,3.337,0.12368355226662041,0,0,,1,0,0,1,0,8,0,0.08199574488712225,8.16,8.16,0.0,3.4189957448871224,3.42,measured_success,202
555,ppo,1000555,2735,monoprotic,near,acid,single,1,6.598,6.059,0.06379812289234177,1,0,0.315,1,1,0,1,0,2,1,0.014523509712716098,2.14,2.14,0.0,6.044476490287284,6.04,measured_success,202
555,ppo,1000555,2736,diprotic,medium,acid,overlapping,2,3.54,2.124,0.10875743548900671,0,0,,1,0,0,1,0,4,0,0.09970323944021287,12.09,12.09,0.0,2.223703239440213,2.22,measured_success,202
555,ppo,1000555,2737,diprotic,near,base,separated,2,3.221,3.801,0.0608037082445152,3,1,0.255,1,1,0,1,0,3,3,0.03177384739983946,3.8,1.03,2.7699999999999996,3.8327738473998396,3.83,measured_success,202
555,ppo,1000555,2738,triprotic,far,acid,separated,3,7.04,4.423,0.11851295922467016,0,0,,1,0,0,1,0,7,0,0.08849815099472735,22.180000000000003,22.180000000000003,0.0,4.511498150994727,4.51,measured_success,202
555,ppo,1000555,2739,triprotic,medium,acid,overlapping,3,3.699,1.908,0.05052700672745105,2,1,0.45,1,0,0,1,0,3,2,0.08989937435452777,7.76,6.859999999999999,0.9,1.9978993743545277,2.0,measured_success,202
555,ppo,1000555,2740,monoprotic,near,base,single,1,4.395,5.058,0.14433055127623579,0,0,,1,1,0,1,0,4,0,0.04415344557953027,5.22,0.0,5.22,5.01384655442047,5.01,measured_success,202
555,ppo,1000555,2741,triprotic,far,acid,separated,3,7.287,4.106,0.172167393266403,0,0,,1,0,0,1,0,15,0,0.08974838630365589,27.299999999999997,27.299999999999997,0.0,4.195748386303656,4.2,measured_success,202
555,ppo,1000555,2742,monoprotic,medium,base,single,1,5.364,7.036,0.12389535072777907,3,1,0.155,1,1,0,1,0,7,3,0.020375286835546902,10.29,2.62,7.67,7.0563752868355465,7.0600000000000005,measured_success,202
555,ppo,1000555,2743,triprotic,near,acid,separated,3,4.825,4.377,0.0333735280606262,1,0,0.755,1,0,0,1,0,1,1,0.08033919036315407,1.51,1.51,0.0,4.296660809636846,4.3,measured_success,202
555,ppo,1000555,2744,triprotic,medium,acid,overlapping,3,3.418,2.009,0.12878183109596106,0,0,,1,0,0,1,0,12,0,0.07767128286064073,27.67000000000001,27.67000000000001,0.0,2.0866712828606406,2.09,measured_success,202
555,ppo,1000555,2745,diprotic,medium,acid,separated,2,4.887,2.936,0.1548941415519392,2,1,0.45,1,1,0,1,0,9,2,0.04369399241852889,25.27,24.37,0.9,2.979693992418529,2.98,measured_success,202
555,ppo,1000555,2746,monoprotic,medium,base,single,1,7.689,9.619,0.04753923205847024,6,2,0.015,1,1,0,1,0,12,6,0.0174648629559897,11.559999999999999,5.170000000000001,6.389999999999999,9.60153513704401,9.6,measured_success,202
555,ppo,1000555,2747,monoprotic,far,acid,single,1,6.207,3.962,0.0448075332053375,2,0,0.315,1,0,0,1,0,2,2,0.07968940486236376,6.7,6.07,0.63,4.041689404862364,4.04,measured_success,202
555,ppo,1000555,2748,diprotic,far,base,separated,2,2.952,6.545,0.058185531519384784,45,5,0.01,0,0,0,0,0,50,45,0.328447060751623,17.54999999999999,4.8299999999999965,12.719999999999995,6.873447060751623,6.87,max_steps,202
555,ppo,1000555,2749,monoprotic,medium,base,single,1,6.057,7.55,0.06957738295528429,4,1,0.025,1,1,0,1,0,8,4,0.027721763163916613,10.870000000000001,4.32,6.55,7.522278236836083,7.5200000000000005,measured_success,202
555,ppo,1000555,2750,monoprotic,near,base,single,1,5.004,5.675,0.05411878522128666,0,0,,1,0,0,1,0,1,0,0.06815664926852794,2.26,0.0,2.26,5.606843350731472,5.61,measured_success,202
555,ppo,1000555,2751,diprotic,far,base,separated,2,4.402,7.896,0.035820562874875096,47,22,0.01,0,0,1,0,0,50,47,1.4515353009968566,19.249999999999993,8.449999999999996,10.799999999999995,9.347535300996856,9.35,max_steps,202
555,ppo,1000555,2752,monoprotic,far,acid,single,1,5.041,2.274,0.1382586562378748,1,0,3.035,1,0,0,1,0,5,1,0.09866469539086253,8.09,6.07,2.02,2.1753353046091375,2.18,measured_success,202
555,ppo,1000555,2753,monoprotic,far,acid,single,1,6.3,2.472,0.09243789396564765,1,0,3.93,1,0,0,1,0,7,1,0.08528764136010514,11.190000000000001,7.86,3.33,2.386712358639895,2.39,measured_success,202
555,ppo,1000555,2754,monoprotic,medium,acid,single,1,8.271,7.238,0.17198074348009432,0,0,,0,0,1,0,0,50,0,0.8374432887264609,1.500000000000001,1.500000000000001,0.0,8.075443288726461,8.08,max_steps,202
555,ppo,1000555,2755,diprotic,medium,base,separated,2,4.539,6.258,0.05751202865543004,0,0,,1,1,0,1,0,2,0,0.04370947130137015,5.78,0.0,5.78,6.21429052869863,6.21,measured_success,202
555,ppo,1000555,2756,monoprotic,medium,acid,single,1,3.144,1.832,0.07220082020622998,0,0,,1,0,0,1,0,2,0,0.05568753609097965,5.88,5.88,0.0,1.8876875360909797,1.8900000000000001,measured_success,202
555,ppo,1000555,2757,triprotic,medium,base,separated,3,6.699,7.621,0.051535809060437206,4,1,0.04,1,0,0,1,0,11,4,0.05917208353654679,9.899999999999999,4.67,5.2299999999999995,7.561827916463454,7.5600000000000005,measured_success,202
555,ppo,1000555,2758,monoprotic,far,base,single,1,6.881,9.344,0.03070578734585528,4,0,0.085,1,0,0,1,0,8,4,0.0747792217282015,12.76,4.57,8.19,9.269220778271798,9.27,measured_success,202
555,ppo,1000555,2759,diprotic,near,acid,separated,2,4.085,3.506,0.12990588682021076,1,0,0.515,1,1,0,1,0,3,1,0.026377947382677736,4.79,4.79,0.0,3.479622052617322,3.48,measured_success,202
555,ppo,1000555,2760,diprotic,medium,base,overlapping,2,2.999,4.916,0.13841210966191764,0,0,,1,0,0,1,0,10,0,0.05698001755614612,22.99,0.0,22.99,4.859019982443854,4.86,measured_success,202
555,ppo,1000555,2761,diprotic,medium,base,overlapping,2,3.46,5.412,0.08067703398554853,4,1,0.075,1,0,0,1,0,6,4,0.09459342979162333,9.05,3.38,5.67,5.317406570208377,5.32,measured_success,202
555,ppo,1000555,2762,diprotic,medium,base,separated,2,3.856,5.838,0.04158959717366953,0,0,,1,0,0,1,0,2,0,0.0857098560770142,5.78,0.0,5.78,5.752290143922986,5.75,measured_success,202
555,ppo,1000555,2763,monoprotic,far,base,single,1,7.154,10.411,0.17558934305464796,4,4,0.075,1,1,0,1,0,10,4,0.01873260008302502,17.66,2.8299999999999996,14.830000000000002,10.392267399916975,10.39,measured_success,202
555,ppo,1000555,2764,monoprotic,medium,acid,single,1,5.534,3.971,0.15799849883547773,4,2,0.155,1,0,0,1,0,7,4,0.05931787144992562,8.68,6.1499999999999995,2.5300000000000002,4.030317871449926,4.03,measured_success,202
555,ppo,1000555,2765,monoprotic,near,acid,single,1,4.806,4.242,0.07691301744569057,1,0,0.315,1,1,0,1,0,3,1,0.004714462323359037,3.17,3.17,0.0,4.237285537676641,4.24,measured_success,202
555,ppo,1000555,2766,monoprotic,medium,acid,single,1,6.088,4.22,0.036781470979871445,6,3,0.03,1,0,0,1,0,10,6,0.07804173016753513,10.889999999999999,6.239999999999999,4.6499999999999995,4.298041730167535,4.3,measured_success,202
555,ppo,1000555,2767,monoprotic,near,acid,single,1,4.826,4.416,0.03479839845943841,2,1,0.375,1,0,0,1,0,2,2,0.09226751064109706,2.26,1.51,0.75,4.508267510641097,4.51,measured_success,202
555,ppo,1000555,2768,monoprotic,medium,acid,single,1,6.172,5.075,0.041650612031631194,1,0,1.935,1,0,0,1,0,2,1,0.06895090200664189,4.5,3.87,0.63,5.006049097993358,5.01,measured_success,202
555,ppo,1000555,2769,triprotic,near,acid,separated,3,2.669,2.085,0.06431201185247142,2,0,0.425,1,0,0,1,0,3,2,0.07019526247359842,5.359999999999999,3.48,1.88,2.1551952624735984,2.16,measured_success,202
555,ppo,1000555,2770,monoprotic,near,acid,single,1,5.71,5.048,0.03583736759890886,0,0,,1,0,0,1,0,1,0,0.055946272978861344,1.51,1.51,0.0,5.103946272978861,5.1000000000000005,measured_success,202
555,ppo,1000555,2771,diprotic,medium,acid,separated,2,4.817,3.037,0.04102973282464696,1,0,0.315,1,0,0,1,0,2,1,0.07255998935078445,5.6899999999999995,5.6899999999999995,0.0,2.9644400106492155,2.96,measured_success,202
555,ppo,1000555,2772,diprotic,medium,base,separated,2,4.632,6.511,0.11941714424803457,2,0,0.18,1,1,0,1,0,6,1,0.0022448939670587365,16.5,0.36,16.14,6.513244893967059,6.51,measured_success,202
555,ppo,1000555,2773,monoprotic,medium,base,single,1,6.804,7.771,0.044081914908338356,4,2,0.04,1,0,0,1,0,11,4,0.07095518488680863,10.03,4.67,5.359999999999999,7.700044815113191,7.7,measured_success,202
555,ppo,1000555,2774,diprotic,medium,base,separated,2,4.062,5.031,0.06737771690599864,0,0,,1,0,0,1,0,3,0,0.05233629376781668,4.6899999999999995,0.0,4.6899999999999995,4.978663706232183,4.98,measured_success,202
555,ppo,1000555,2775,diprotic,near,acid,overlapping,2,5.213,4.615,0.1722903299929251,0,0,,1,0,0,1,0,18,0,0.097495783408025,10.330000000000004,10.330000000000004,0.0,4.712495783408025,4.71,measured_success,202
555,ppo,1000555,2776,diprotic,medium,base,separated,2,3.072,4.575,0.054758240812012,0,0,,1,1,0,1,0,2,0,0.0026325301143605984,5.78,0.0,5.78,4.57236746988564,4.57,measured_success,202
555,ppo,1000555,2777,monoprotic,far,base,single,1,4.398,7.146,0.1768903308181644,3,1,0.085,1,1,0,1,0,7,3,0.030976982210145998,13.379999999999999,0.9299999999999999,12.45,7.176976982210146,7.18,measured_success,202
555,ppo,1000555,2778,monoprotic,near,base,single,1,4.31,4.575,0.05355744015837251,2,1,0.075,1,1,0,1,0,6,2,0.014866469135401239,2.9399999999999995,1.4299999999999997,1.51,4.560133530864599,4.5600000000000005,measured_success,202
555,ppo,1000555,2779,diprotic,near,acid,separated,2,6.684,6.325,0.15934913979814466,0,0,,0,0,0,0,0,50,0,0.20457055269557411,0.5000000000000002,0.5000000000000002,0.0,6.529570552695574,6.53,max_steps,202
555,ppo,1000555,2780,monoprotic,far,acid,single,1,5.106,2.486,0.14788248809118112,1,0,0.79,1,0,0,1,0,5,1,0.09164312827865251,17.799999999999997,17.799999999999997,0.0,2.3943568717213477,2.39,measured_success,202
555,ppo,1000555,2781,diprotic,medium,acid,separated,2,6.226,4.544,0.04564842008640334,1,0,2.53,1,0,0,1,0,3,1,0.0893182348461119,6.05,5.06,0.99,4.454681765153888,4.45,measured_success,202
555,ppo,1000555,2782,triprotic,far,acid,separated,3,5.027,1.718,0.06383177582431465,0,0,,1,0,0,1,0,3,0,0.05263957021967469,11.510000000000002,11.510000000000002,0.0,1.7706395702196747,1.77,measured_success,202
555,ppo,1000555,2783,monoprotic,medium,acid,single,1,5.943,4.284,0.09197190449654387,0,0,,1,1,0,1,0,3,0,0.04686105896065751,8.16,8.16,0.0,4.330861058960657,4.33,measured_success,202
555,ppo,1000555,2784,monoprotic,near,acid,single,1,4.244,3.615,0.11370219299123532,1,0,1.09,1,0,0,1,0,2,1,0.08107696032456868,3.21,2.18,1.03,3.5339230396754315,3.5300000000000002,measured_success,202
555,ppo,1000555,2785,diprotic,near,base,separated,2,1.773,2.324,0.06987811838356733,0,0,,1,1,0,1,0,3,0,0.041245367041415015,4.0,0.0,4.0,2.282754632958585,2.2800000000000002,measured_success,202
555,ppo,1000555,2786,monoprotic,medium,base,single,1,5.9,6.767,0.04008708999560424,2,1,0.265,1,0,0,1,0,3,2,0.08640682212152395,2.91,0.53,2.38,6.680593177878476,6.68,measured_success,202
555,ppo,1000555,2787,monoprotic,near,acid,single,1,5.718,5.508,0.11299937053288842,0,0,,0,0,0,0,0,50,0,0.13504289282500626,0.5000000000000002,0.5000000000000002,0.0,5.643042892825006,5.64,max_steps,202
555,ppo,1000555,2788,triprotic,medium,base,separated,3,5.054,6.279,0.0840941415866719,1,0,0.265,1,1,0,1,0,2,1,0.029917324326829586,5.78,0.0,5.78,6.3089173243268295,6.3100000000000005,measured_success,202
555,ppo,1000555,2789,diprotic,near,base,separated,2,2.785,2.994,0.06059913326747475,2,1,0.375,1,1,0,1,0,2,2,0.03744625726074213,2.26,0.75,1.51,2.956553742739258,2.96,measured_success,202
555,ppo,1000555,2790,monoprotic,near,acid,single,1,7.634,6.955,0.06077884815869517,2,0,0.425,1,1,0,1,0,3,2,0.032884627055061344,3.2800000000000002,2.43,0.85,6.987884627055061,6.99,measured_success,202
555,ppo,1000555,2791,monoprotic,medium,acid,single,1,7.489,6.654,0.042800099400664815,1,0,1.06,1,1,0,1,0,3,1,0.006236936808569737,3.5300000000000002,2.12,1.4100000000000001,6.64776306319143,6.65,measured_success,202
555,ppo,1000555,2792,diprotic,medium,base,separated,2,5.568,6.826,0.07581103552228419,1,0,0.265,1,1,0,1,0,2,1,0.04963220923196321,4.57,0.0,4.57,6.875632209231963,6.88,measured_success,202
555,ppo,1000555,2793,monoprotic,medium,base,single,1,3.14,4.611,0.06556447678589859,4,1,0.075,1,1,0,1,0,5,4,0.01467863712692985,6.92,1.0,5.92,4.59632136287307,4.6000000000000005,measured_success,202
555,ppo,1000555,2794,diprotic,near,acid,separated,2,4.273,3.63,0.16668996568187233,0,0,,1,0,0,1,0,5,0,0.08551273070025722,6.27,6.27,0.0,3.715512730700257,3.72,measured_success,202
555,ppo,1000555,2795,monoprotic,medium,base,single,1,6.121,7.655,0.037585186335428296,4,2,0.115,1,0,0,1,0,6,4,0.05281297668432661,10.370000000000001,4.380000000000001,5.99,7.602187023315674,7.6000000000000005,measured_success,202
555,ppo,1000555,2796,diprotic,near,base,separated,2,6.577,6.923,0.03503928364506129,2,0,0.06,1,1,0,1,0,6,2,0.021509687115949916,4.03,1.9100000000000001,2.12,6.90149031288405,6.9,measured_success,202
555,ppo,1000555,2797,monoprotic,far,base,single,1,4.41,6.443,0.11277059420479386,0,0,,1,0,0,1,0,3,0,0.09189657634508208,10.21,0.0,10.21,6.3511034236549175,6.3500000000000005,measured_success,202
555,ppo,1000555,2798,diprotic,near,acid,overlapping,2,4.818,4.245,0.049877837934550064,0,0,,1,0,0,1,0,3,0,0.0634034739389504,3.17,3.17,0.0,4.3084034739389505,4.3100000000000005,measured_success,202
555,ppo,1000555,2799,triprotic,medium,acid,separated,3,6.113,5.165,0.04336781732949533,1,0,1.935,1,0,0,1,0,3,1,0.052662997529144384,4.86,3.87,0.99,5.112337002470856,5.11,measured_success,202
555,ppo,1000555,2800,triprotic,near,base,separated,3,1.896,2.111,0.06451132369045301,1,0,1.06,1,1,0,1,0,2,1,0.0051182013747266275,3.1500000000000004,1.03,2.12,2.116118201374727,2.12,measured_success,202
555,ppo,1000555,2801,diprotic,medium,base,separated,2,3.608,4.431,0.10467149235064872,0,0,,1,0,0,1,0,9,0,0.08812791304741285,6.829999999999998,0.0,6.829999999999998,4.342872086952587,4.34,measured_success,202
555,ppo,1000555,2802,monoprotic,medium,acid,single,1,7.656,6.113,0.07732176268100314,5,3,0.075,1,1,0,1,0,7,5,0.03601240165797659,7.68,5.5,2.1799999999999997,6.076987598342024,6.08,measured_success,202
555,ppo,1000555,2803,monoprotic,near,acid,single,1,4.687,4.136,0.030552452046000062,2,1,0.375,1,1,0,1,0,2,2,0.009847704630485232,2.26,1.51,0.75,4.145847704630485,4.15,measured_success,202
555,ppo,1000555,2804,diprotic,near,acid,separated,2,5.85,5.182,0.03544676634523853,2,1,0.375,1,0,0,1,0,3,2,0.06641552984453192,2.62,1.87,0.75,5.248415529844532,5.25,measured_success,202
555,ppo,1000555,2805,diprotic,medium,base,separated,2,4.025,5.119,0.08965297437045129,0,0,,0,0,0,1,1,5,0,0.10156292523651977,5.499999999999999,0.0,5.499999999999999,5.01743707476348,5.0200000000000005,measured_success,202
555,ppo,1000555,2806,diprotic,medium,acid,separated,2,4.913,4.067,0.05259980120062463,2,0,0.315,1,1,0,1,0,2,2,0.046517898164182725,4.5,3.87,0.63,4.113517898164183,4.11,measured_success,202
555,ppo,1000555,2807,diprotic,near,acid,overlapping,2,5.196,4.871,0.09743750838001056,0,0,,1,0,0,1,0,6,0,0.08583941118650706,3.92,3.92,0.0,4.9568394111865075,4.96,measured_success,202
555,ppo,1000555,2808,monoprotic,medium,acid,single,1,3.002,1.681,0.03722495852336986,1,0,2.625,1,1,0,1,0,2,1,0.04627124601234289,5.88,5.25,0.63,1.6347287539876572,1.6300000000000001,measured_success,202
555,ppo,1000555,2809,diprotic,medium,base,separated,2,5.243,7.051,0.0379809712555262,44,22,0.01,0,0,0,0,0,50,44,0.10960019199178639,12.919999999999993,6.1999999999999975,6.719999999999995,6.941399808008214,6.94,max_steps,202
555,ppo,1000555,2810,monoprotic,near,base,single,1,2.686,3.149,0.0583056395059933,1,0,0.425,1,0,0,1,0,2,1,0.06545020187498363,2.36,0.0,2.36,3.2144502018749836,3.21,measured_success,202
555,ppo,1000555,2811,monoprotic,far,base,single,1,7.606,10.059,0.07262576344175914,4,2,0.02,1,1,0,1,0,10,4,0.027133325768803118,12.129999999999999,5.15,6.9799999999999995,10.031866674231196,10.03,measured_success,202
555,ppo,1000555,2812,monoprotic,far,base,single,1,4.626,7.589,0.04044294757889395,45,27,0.01,0,0,1,0,0,50,45,1.5446721935233807,14.749999999999993,6.979999999999997,7.769999999999996,9.133672193523381,9.13,max_steps,202
555,ppo,1000555,2813,diprotic,far,base,separated,2,2.372,5.938,0.14287831058492959,6,4,0.035,1,0,0,1,0,13,6,0.060023230158219754,27.57,2.92,24.650000000000002,5.87797676984178,5.88,measured_success,202
555,ppo,1000555,2814,monoprotic,near,base,single,1,6.56,7.015,0.03348023668817039,3,0,0.155,1,0,0,1,0,4,3,0.0643094708312093,3.91,1.48,2.43,7.079309470831209,7.08,measured_success,202
555,ppo,1000555,2815,diprotic,near,base,separated,2,2.963,3.358,0.13569661071434275,0,0,,1,0,0,1,0,3,0,0.06867154404416143,3.39,0.0,3.39,3.2893284559558387,3.29,measured_success,202
555,ppo,1000555,2816,monoprotic,medium,base,single,1,3.12,4.465,0.030654713709996326,4,1,0.06,1,0,0,1,0,10,4,0.09166615787745513,11.120000000000001,5.05,6.07,4.373333842122545,4.37,measured_success,202
555,ppo,1000555,2817,triprotic,far,base,overlapping,3,5.047,7.078,0.037563893756043104,40,23,0.01,0,0,0,0,0,50,40,0.34215826597503796,13.159999999999995,6.389999999999999,6.769999999999996,6.735841734024962,6.74,max_steps,202
555,ppo,1000555,2818,monoprotic,medium,acid,single,1,8.19,6.293,0.17421599420330017,0,0,,0,0,1,0,0,50,0,1.7383285154662032,1.500000000000001,1.500000000000001,0.0,8.031328515466203,8.03,max_steps,202
555,ppo,1000555,2819,monoprotic,medium,base,single,1,3.194,4.952,0.05533087464793347,2,1,1.31,1,0,0,1,0,4,2,0.09687261387333201,8.86,2.62,6.24,4.855127386126668,4.86,measured_success,202
555,ppo,1000555,2820,monoprotic,medium,acid,single,1,3.197,1.904,0.16133753477080456,0,0,,1,0,0,1,0,1,0,0.0864801169756797,5.25,5.25,0.0,1.9904801169756796,1.99,measured_success,202
555,ppo,1000555,2821,triprotic,medium,acid,separated,3,5.167,3.59,0.10273417555380793,0,0,,1,1,0,1,0,8,0,0.0488001548347885,12.229999999999999,12.229999999999999,0.0,3.6388001548347884,3.64,measured_success,202
555,ppo,1000555,2822,monoprotic,far,base,single,1,6.423,8.927,0.030555304913116164,45,25,0.01,0,0,0,0,0,50,45,0.4622597285948231,14.93999999999999,7.279999999999997,7.659999999999995,9.389259728594823,9.39,max_steps,202
555,ppo,1000555,2823,monoprotic,medium,base,single,1,9.549,10.312,0.039421908889378195,2,1,0.04,1,0,0,1,0,4,2,0.07350056501167224,0.34,0.08,0.26,10.238499434988327,10.24,measured_success,202
555,ppo,1000555,2824,monoprotic,medium,acid,single,1,3.9,2.45,0.03826326994088166,1,0,2.625,1,0,0,1,0,4,1,0.0704404972546051,8.93,5.25,3.68,2.379559502745395,2.38,measured_success,202
555,ppo,1000555,2825,triprotic,medium,base,separated,3,9.382,11.361,0.13229483194118286,0,0,,1,1,0,1,0,10,0,0.03700966489213542,1.6999999999999997,0.0,1.6999999999999997,11.323990335107865,11.32,measured_success,202
555,ppo,1000555,2826,monoprotic,far,base,single,1,2.419,5.862,0.06694301091609851,44,24,0.01,0,0,1,0,0,50,44,0.5187215249962716,11.899999999999991,4.2899999999999965,7.609999999999996,5.3432784750037285,5.34,max_steps,202
555,ppo,1000555,2827,triprotic,medium,base,separated,3,3.022,4.789,0.03826694719743091,0,0,,1,1,0,1,0,5,0,0.023704108193218332,6.709999999999999,0.0,6.709999999999999,4.765295891806781,4.7700000000000005,measured_success,202
555,ppo,1000555,2828,diprotic,medium,acid,separated,2,3.99,2.557,0.07152308081723757,0,0,,1,1,0,1,0,7,0,0.04813790024212983,10.68,10.68,0.0,2.6051379002421298,2.61,measured_success,202
555,ppo,1000555,2829,diprotic,medium,base,separated,2,4.226,5.696,0.17157675992893498,0,0,,1,0,0,1,0,6,0,0.07559991678887812,12.839999999999998,0.0,12.839999999999998,5.620400083211122,5.62,measured_success,202
555,ppo,1000555,2830,diprotic,near,acid,separated,2,3.024,2.384,0.07248374011364478,2,0,0.425,1,1,0,1,0,3,2,0.028241073890331148,5.359999999999999,3.48,1.88,2.412241073890331,2.41,measured_success,202
555,ppo,1000555,2831,diprotic,near,base,separated,2,5.737,6.053,0.10325782103991349,1,0,1.06,1,1,0,1,0,2,1,0.03506667762079996,2.13,0.0,2.13,6.0880666776208,6.09,measured_success,202
555,ppo,1000555,2832,monoprotic,far,base,single,1,3.95,7.496,0.09130260587100951,7,3,0.01,1,1,0,1,0,12,7,0.02662845747748044,14.969999999999999,3.1699999999999995,11.799999999999999,7.522628457477481,7.5200000000000005,measured_success,202
555,ppo,1000555,2833,diprotic,far,base,separated,2,2.084,4.727,0.04576814819455607,1,0,0.425,1,1,0,1,0,6,1,0.024633140871303638,8.83,0.47,8.36,4.751633140871304,4.75,measured_success,202
555,ppo,1000555,2834,diprotic,medium,acid,separated,2,7.33,6.436,0.07377622997489659,1,0,1.06,1,0,0,1,0,1,1,0.0759141307604363,2.12,2.12,0.0,6.360085869239564,6.36,measured_success,202
555,ppo,1000555,2835,monoprotic,near,acid,single,1,7.871,7.175,0.17314013063255027,0,0,,1,0,0,1,0,10,0,0.09632414640897569,5.2799999999999985,5.2799999999999985,0.0,7.2713241464089755,7.2700000000000005,measured_success,202
555,ppo,1000555,2836,triprotic,far,acid,separated,3,5.571,2.217,0.04163689953242044,2,0,0.425,1,0,0,1,0,5,2,0.05188461478995299,13.510000000000002,11.63,1.88,2.268884614789953,2.27,measured_success,202
555,ppo,1000555,2837,monoprotic,near,base,single,1,7.188,7.431,0.0673505478647174,0,0,,1,0,0,1,0,48,0,0.09294287863323536,0.48000000000000026,0.0,0.48000000000000026,7.338057121366765,7.34,measured_success,202
555,ppo,1000555,2838,diprotic,medium,acid,separated,2,4.815,4.032,0.09247066545570971,0,0,,1,1,0,1,0,4,0,0.02841345006821072,5.64,5.64,0.0,4.060413450068211,4.0600000000000005,measured_success,202
555,ppo,1000555,2839,diprotic,medium,acid,separated,2,5.157,4.25,0.0389306443969277,2,0,0.9,1,0,0,1,0,2,2,0.08706439626447349,5.67,3.87,1.8,4.3370643962644735,4.34,measured_success,202
555,ppo,1000555,2840,monoprotic,near,acid,single,1,4.759,4.143,0.08739744950872194,0,0,,1,0,0,1,0,3,0,0.08728283661928149,3.39,3.39,0.0,4.230282836619281,4.23,measured_success,202
555,ppo,1000555,2841,diprotic,near,acid,separated,2,3.788,3.247,0.13782453141022735,0,0,,1,0,0,1,0,4,0,0.09183755722942966,5.64,5.64,0.0,3.3388375572294295,3.34,measured_success,202
555,ppo,1000555,2842,monoprotic,medium,acid,single,1,4.391,3.18,0.04760547466257951,1,0,1.935,1,1,0,1,0,1,1,0.03412466116966817,3.87,3.87,0.0,3.145875338830332,3.15,measured_success,202
555,ppo,1000555,2843,triprotic,medium,base,overlapping,3,3.244,4.47,0.038401666150153634,0,0,,1,0,0,1,0,6,0,0.05523746734448931,7.019999999999999,0.0,7.019999999999999,4.41476253265551,4.41,measured_success,202
555,ppo,1000555,2844,triprotic,near,base,separated,3,3.959,4.373,0.060006066621817726,0,0,,1,0,0,1,0,2,0,0.05836156920498592,2.36,0.0,2.36,4.314638430795014,4.3100000000000005,measured_success,202
555,ppo,1000555,2845,monoprotic,medium,base,single,1,6.951,8.15,0.1561388677924828,0,0,,1,0,0,1,0,8,0,0.05752389081561127,11.190000000000003,0.0,11.190000000000003,8.092476109184389,8.09,measured_success,202
555,ppo,1000555,2846,triprotic,near,base,separated,3,2.844,3.189,0.045874057845959285,2,1,0.375,1,0,0,1,0,2,2,0.07126395898881199,2.26,0.75,1.51,3.117736041011188,3.12,measured_success,202
555,ppo,1000555,2847,monoprotic,medium,base,single,1,4.249,6.022,0.07892321317701215,4,2,0.075,1,1,0,1,0,8,4,0.017550461407900286,10.129999999999999,2.77,7.359999999999999,6.0044495385921,6.0,measured_success,202
555,ppo,1000555,2848,diprotic,near,base,separated,2,6.862,7.331,0.054418908278023086,2,0,0.315,1,1,0,1,0,2,2,0.019403488716927875,2.75,0.63,2.12,7.3115965112830725,7.3100000000000005,measured_success,202
555,ppo,1000555,2849,triprotic,medium,acid,separated,3,6.111,4.433,0.03291906181542449,1,0,2.53,1,1,0,1,0,3,1,0.010261343191480421,6.0,5.06,0.94,4.422738656808519,4.42,measured_success,202
555,ppo,1000555,2850,diprotic,far,base,separated,2,3.994,6.954,0.045878070389293674,6,2,0.015,1,0,0,1,0,10,6,0.05420596029985614,13.950000000000001,4.280000000000001,9.67,6.899794039700144,6.9,measured_success,202
555,ppo,1000555,2851,diprotic,medium,base,separated,2,7.009,8.325,0.1438818299871471,4,1,0.09,1,1,0,1,0,5,4,0.005169373430600643,7.550000000000001,1.03,6.5200000000000005,8.319830626569399,8.32,measured_success,202
555,ppo,1000555,2852,monoprotic,near,acid,single,1,8.036,7.816,0.06784577900892368,0,0,,0,0,0,0,0,50,0,0.13007130900221409,0.5000000000000002,0.5000000000000002,0.0,7.946071309002214,7.95,max_steps,202
555,ppo,1000555,2853,monoprotic,medium,base,single,1,4.2,5.164,0.030781676983593194,2,0,0.425,1,1,0,1,0,2,2,0.024586320438059417,3.11,0.85,2.26,5.13941367956194,5.14,measured_success,202
555,ppo,1000555,2854,diprotic,far,base,separated,2,2.334,4.439,0.06305380250605593,0,0,,1,1,0,1,0,4,0,0.020248880651667633,10.19,0.0,10.19,4.418751119348332,4.42,measured_success,202
555,ppo,1000555,2855,diprotic,far,base,separated,2,1.797,5.24,0.14286430408128128,0,0,,1,0,0,1,0,12,0,0.0726892180114369,28.150000000000002,0.0,28.150000000000002,5.167310781988563,5.17,measured_success,202
555,ppo,1000555,2856,monoprotic,far,base,single,1,2.944,6.545,0.04798284487713959,45,25,0.01,0,0,1,0,0,50,45,2.8238481473131483,17.139999999999993,7.889999999999997,9.249999999999995,9.368848147313148,9.370000000000001,max_steps,202
555,ppo,1000555,2857,diprotic,medium,acid,separated,2,4.937,3.79,0.11045639126388537,0,0,,1,0,0,1,0,5,0,0.06458353930274274,8.18,8.18,0.0,3.854583539302743,3.85,measured_success,202
555,ppo,1000555,2858,monoprotic,near,base,single,1,3.048,3.331,0.07622702777928747,2,1,0.375,1,0,0,1,0,2,2,0.08809855236611641,2.26,0.75,1.51,3.2429014476338835,3.24,measured_success,202
555,ppo,1000555,2859,triprotic,medium,base,separated,3,6.828,7.544,0.056452848539175156,2,0,0.315,1,1,0,1,0,3,2,0.04313470859405566,3.06,0.63,2.43,7.500865291405944,7.5,measured_success,202
555,ppo,1000555,2860,diprotic,medium,acid,separated,2,4.035,2.164,0.042347117793415844,0,0,,1,0,0,1,0,1,0,0.0696923609866853,5.06,5.06,0.0,2.2336923609866854,2.23,measured_success,202
555,ppo,1000555,2861,monoprotic,medium,acid,single,1,4.2,2.4,0.033264329400943364,1,0,2.53,1,0,0,1,0,5,1,0.09836600437801346,7.31,5.06,2.25,2.3016339956219865,2.3000000000000003,measured_success,202
555,ppo,1000555,2862,monoprotic,near,base,single,1,4.638,5.257,0.07006655750423889,3,1,0.27,1,1,0,1,0,3,2,0.0013047796298000236,3.9299999999999997,1.13,2.8,5.2556952203702,5.26,measured_success,202
555,ppo,1000555,2863,triprotic,medium,acid,separated,3,4.598,3.763,0.08642725035195561,0,0,,1,1,0,1,0,4,0,0.042283396017880115,7.55,7.55,0.0,3.80528339601788,3.81,measured_success,202
555,ppo,1000555,2864,monoprotic,far,base,single,1,4.008,7.531,0.03681813366047045,43,21,0.01,0,0,1,0,0,50,43,1.665526209491424,24.019999999999992,11.719999999999997,12.299999999999995,9.196526209491424,9.200000000000001,max_steps,202
555,ppo,1000555,2865,monoprotic,medium,acid,single,1,8.613,7.534,0.10773007457709731,0,0,,0,0,1,0,0,50,0,0.8790912598243947,1.500000000000001,1.500000000000001,0.0,8.413091259824395,8.41,max_steps,202
555,ppo,1000555,2866,monoprotic,far,base,single,1,7.878,11.82,0.030814799201061543,1,0,4.1,1,0,0,1,0,28,1,0.09132636976607245,13.29,5.089999999999999,8.2,11.911326369766073,11.91,measured_success,202
555,ppo,1000555,2867,monoprotic,medium,acid,single,1,5.012,4.287,0.09627835753376707,0,0,,1,1,0,1,0,4,0,0.007119764577585563,4.0200000000000005,4.0200000000000005,0.0,4.2941197645775855,4.29,measured_success,202
555,ppo,1000555,2868,monoprotic,medium,acid,single,1,5.825,3.866,0.1520573748044666,2,0,0.9,1,1,0,1,0,3,2,0.04519974305171326,10.5,8.7,1.8,3.9111997430517134,3.91,measured_success,202
555,ppo,1000555,2869,monoprotic,medium,acid,single,1,6.686,5.351,0.13048441699687524,3,1,0.155,1,0,0,1,0,5,3,0.05100945468080642,6.9799999999999995,5.9799999999999995,1.0,5.299990545319194,5.3,measured_success,202
555,ppo,1000555,2870,diprotic,medium,base,separated,2,4.795,5.554,0.04445462284750874,1,0,1.13,1,0,0,1,0,2,1,0.07906563086208607,3.11,0.85,2.26,5.633065630862086,5.63,measured_success,202
555,ppo,1000555,2871,monoprotic,medium,acid,single,1,7.244,6.443,0.05568254870012142,5,3,0.02,1,1,0,1,0,8,5,0.020852041403987442,4.710000000000001,2.64,2.0700000000000003,6.422147958596012,6.42,measured_success,202
555,ppo,1000555,2872,triprotic,medium,acid,separated,3,3.19,2.112,0.030008985721251824,1,0,1.935,1,1,0,1,0,3,1,0.016838145625721168,5.75,3.87,1.88,2.095161854374279,2.1,measured_success,202
555,ppo,1000555,2873,triprotic,medium,acid,separated,3,3.775,2.898,0.07324471566821227,0,0,,1,1,0,1,0,3,0,0.014803159534238386,6.7,6.7,0.0,2.9128031595342385,2.91,measured_success,202
555,ppo,1000555,2874,monoprotic,medium,base,single,1,6.405,8.304,0.10095568349225556,3,2,0.18,1,0,0,1,0,11,3,0.05339517850713271,13.11,5.430000000000001,7.68,8.357395178507133,8.36,measured_success,202
555,ppo,1000555,2875,diprotic,medium,acid,overlapping,2,5.245,3.351,0.04116561896358717,0,0,,1,0,0,1,0,1,0,0.08858949523107995,5.06,5.06,0.0,3.43958949523108,3.44,measured_success,202
555,ppo,1000555,2876,monoprotic,medium,acid,single,1,6.062,5.113,0.03359850092614982,5,5,0.075,1,1,0,1,0,8,5,0.0024694903279707248,9.74,5.5,4.24,5.11053050967203,5.11,measured_success,202
555,ppo,1000555,2877,monoprotic,near,acid,single,1,4.586,4.146,0.03515769198215068,2,1,0.375,1,0,0,1,0,2,2,0.09518262872140415,2.26,1.51,0.75,4.241182628721404,4.24,measured_success,202
555,ppo,1000555,2878,monoprotic,medium,base,single,1,2.293,4.08,0.031223382568210233,7,5,0.01,1,1,0,1,0,11,7,0.026174475078645898,12.41,5.33,7.079999999999999,4.106174475078646,4.11,measured_success,202
555,ppo,1000555,2879,diprotic,medium,acid,separated,2,5.732,4.298,0.05793151067413775,0,0,,1,0,0,1,0,2,0,0.060168186193857665,4.5,4.5,0.0,4.358168186193858,4.36,measured_success,202
555,ppo,1000555,2880,diprotic,near,acid,separated,2,4.821,4.514,0.05721222852781139,1,0,0.755,1,1,0,1,0,1,1,0.043023159829121305,1.51,1.51,0.0,4.470976840170879,4.47,measured_success,202
555,ppo,1000555,2881,monoprotic,medium,acid,single,1,8.834,7.113,0.055149829975171365,0,0,,0,0,1,0,0,50,0,1.402747936255337,1.500000000000001,1.500000000000001,0.0,8.515747936255337,8.52,max_steps,202
555,ppo,1000555,2882,triprotic,medium,base,overlapping,3,3.611,4.978,0.030995573632430797,1,0,2.625,1,1,0,1,0,1,1,0.007323861954542821,5.25,0.0,5.25,4.985323861954543,4.99,measured_success,202
555,ppo,1000555,2883,triprotic,near,acid,separated,3,4.302,3.917,0.11581158249867879,0,0,,1,0,0,1,0,4,0,0.09018419306933012,4.0200000000000005,4.0200000000000005,0.0,4.00718419306933,4.01,measured_success,202
555,ppo,1000555,2884,monoprotic,far,base,single,1,5.262,7.377,0.1726710693619372,1,0,0.65,1,1,0,1,0,7,1,0.013566033487873774,20.21,0.54,19.67,7.3905660334878736,7.390000000000001,measured_success,202
555,ppo,1000555,2885,monoprotic,near,acid,single,1,5.804,5.537,0.047770546964640205,0,0,,1,0,0,1,0,16,0,0.09560187422173438,0.16,0.16,0.0,5.632601874221734,5.63,measured_success,202
555,ppo,1000555,2886,monoprotic,medium,acid,single,1,3.447,2.481,0.1643317154251893,2,1,0.425,1,0,0,1,0,4,2,0.05821725034238234,6.17,4.29,1.88,2.539217250342382,2.54,measured_success,202
555,ppo,1000555,2887,monoprotic,near,acid,single,1,3.193,2.754,0.03748895065030929,3,1,0.21,1,0,0,1,0,4,3,0.05729410231631027,4.42,2.54,1.88,2.6967058976836897,2.7,measured_success,202
555,ppo,1000555,2888,diprotic,near,base,separated,2,6.246,6.71,0.1168485244352169,1,0,0.315,1,1,0,1,0,2,1,0.015587163128505388,2.75,0.0,2.75,6.725587163128505,6.73,measured_success,202
555,ppo,1000555,2889,monoprotic,medium,base,single,1,4.569,6.508,0.10105667606800986,5,1,0.035,1,0,0,1,0,6,5,0.0658951515302233,8.95,3.0,5.95,6.573895151530223,6.57,measured_success,202
555,ppo,1000555,2890,triprotic,medium,acid,separated,3,6.026,4.43,0.13779138235767585,0,0,,1,0,0,1,0,22,0,0.09469597566869936,20.949999999999992,20.949999999999992,0.0,4.524695975668699,4.5200000000000005,measured_success,202
555,ppo,1000555,2891,diprotic,far,acid,separated,2,5.563,2.083,0.09048995789516405,2,1,0.255,1,1,0,1,0,4,2,0.011900568401010503,13.04,12.53,0.51,2.0949005684010107,2.09,measured_success,202
555,ppo,1000555,2892,diprotic,near,acid,separated,2,2.496,2.042,0.11144213737825909,0,0,,1,1,0,1,0,2,0,0.03669085141632333,4.51,4.51,0.0,2.078690851416323,2.08,measured_success,202
555,ppo,1000555,2893,triprotic,medium,base,separated,3,3.055,4.22,0.11588910553191212,0,0,,1,0,0,1,0,7,0,0.07998048197062868,9.43,0.0,9.43,4.140019518029371,4.14,measured_success,202
555,ppo,1000555,2894,monoprotic,medium,acid,single,1,4.538,3.473,0.17076659185414222,0,0,,1,0,0,1,0,7,0,0.0966044963920547,9.440000000000001,9.440000000000001,0.0,3.5696044963920546,3.5700000000000003,measured_success,202
555,ppo,1000555,2895,monoprotic,far,acid,single,1,6.005,3.086,0.10220793690375338,5,2,0.105,1,0,0,1,0,7,5,0.08317035150459295,16.630000000000003,14.410000000000002,2.22,3.002829648495407,3.0,measured_success,202
555,ppo,1000555,2896,diprotic,medium,acid,separated,2,5.603,3.615,0.16989820091301394,0,0,,1,0,0,1,0,15,0,0.06561752755048644,23.209999999999997,23.209999999999997,0.0,3.6806175275504867,3.68,measured_success,202
555,ppo,1000555,2897,diprotic,medium,acid,separated,2,4.479,2.594,0.11388222447558217,1,0,0.515,1,0,0,1,0,4,1,0.05677041257722637,11.649999999999999,11.649999999999999,0.0,2.5372295874227735,2.54,measured_success,202
555,ppo,1000555,2898,diprotic,far,base,separated,2,3.528,6.015,0.044196900098858134,1,0,0.265,1,1,0,1,0,4,1,0.01763763749362024,8.75,0.0,8.75,6.03263763749362,6.03,measured_success,202
555,ppo,1000555,2899,triprotic,far,base,separated,3,7.07,9.948,0.031239929504363818,7,6,0.01,1,0,0,1,0,13,7,0.06090225147077177,13.03,5.8,7.2299999999999995,10.008902251470772,10.01,measured_success,202
555,ppo,1000555,2900,monoprotic,medium,acid,single,1,4.59,3.629,0.070486419195463,1,0,1.935,1,1,0,1,0,2,1,0.03243277428349112,5.67,3.87,1.8,3.596567225716509,3.6,measured_success,202
555,ppo,1000555,2901,monoprotic,far,acid,single,1,5.198,1.815,0.07504017675315164,0,0,,1,0,0,1,0,1,0,0.08696412679979204,7.86,7.86,0.0,1.901964126799792,1.9000000000000001,measured_success,202
555,ppo,1000555,2902,monoprotic,medium,acid,single,1,5.904,5.06,0.17746083081446445,4,2,0.075,1,1,0,1,0,5,4,0.008999115040849937,3.5,2.5,1.0,5.0689991150408495,5.07,measured_success,202
555,ppo,1000555,2903,diprotic,medium,acid,overlapping,2,3.564,1.79,0.09032873001813242,1,0,2.53,1,0,0,1,0,2,1,0.06543311231879967,5.6899999999999995,5.06,0.63,1.7245668876812004,1.72,measured_success,202
555,ppo,1000555,2904,triprotic,medium,acid,separated,3,3.627,2.236,0.05511609020675092,1,0,0.9,1,0,0,1,0,2,1,0.09023426265302392,5.67,5.67,0.0,2.1457657373469763,2.15,measured_success,202
555,ppo,1000555,2905,triprotic,near,acid,separated,3,6.215,5.596,0.07273372712342495,1,0,0.755,1,1,0,1,0,1,1,0.00829855430746207,1.51,1.51,0.0,5.587701445692538,5.59,measured_success,202
555,ppo,1000555,2906,triprotic,far,base,separated,3,1.866,5.507,0.10519819677149995,0,0,,1,0,0,1,0,7,0,0.06564803388793905,16.43,0.0,16.43,5.441351966112061,5.44,measured_success,202
555,ppo,1000555,2907,triprotic,near,acid,separated,3,2.179,1.531,0.06974900430936845,0,0,,1,0,0,1,0,3,0,0.07080089899201458,6.3100000000000005,6.3100000000000005,0.0,1.6018008989920145,1.6,measured_success,202
555,ppo,1000555,2908,monoprotic,medium,base,single,1,5.534,7.334,0.04017016166290108,43,4,0.01,0,0,0,0,0,50,43,0.12090378688970205,13.239999999999993,6.229999999999998,7.009999999999995,7.454903786889702,7.45,max_steps,202
555,ppo,1000555,2909,monoprotic,medium,acid,single,1,2.501,1.618,0.11158565318237665,0,0,,1,0,0,1,0,2,0,0.06193266871042291,5.28,5.28,0.0,1.679932668710423,1.68,measured_success,202
555,ppo,1000555,2910,diprotic,medium,base,separated,2,3.297,4.785,0.09819787480128085,0,0,,1,1,0,1,0,2,0,0.035344523571037456,7.76,0.0,7.76,4.749655476428963,4.75,measured_success,202
555,ppo,1000555,2911,triprotic,medium,base,separated,3,2.115,3.358,0.06078848569046067,0,0,,1,0,0,1,0,4,0,0.09496919388916014,6.3999999999999995,0.0,6.3999999999999995,3.26303080611084,3.2600000000000002,measured_success,202
555,ppo,1000555,2912,monoprotic,far,acid,single,1,5.647,1.779,0.1323872162679888,0,0,,1,1,0,1,0,1,0,0.02331841555392078,7.86,7.86,0.0,1.8023184155539207,1.8,measured_success,202
555,ppo,1000555,2913,triprotic,medium,acid,separated,3,3.921,2.973,0.17294989705061203,0,0,,1,0,0,1,0,8,0,0.06549624505661455,11.140000000000002,11.140000000000002,0.0,3.0384962450566144,3.04,measured_success,202
555,ppo,1000555,2914,monoprotic,medium,base,single,1,7.553,8.588,0.03653763031544468,2,0,0.905,1,0,0,1,0,3,2,0.061546489275260186,6.48,1.81,4.67,8.526453510724739,8.53,measured_success,202
555,ppo,1000555,2915,diprotic,far,base,separated,2,3.516,6.806,0.15760175509301552,3,0,0.18,1,1,0,1,0,8,3,0.013776957114235877,18.0,1.12,16.88,6.819776957114236,6.82,measured_success,202
555,ppo,1000555,2916,diprotic,medium,acid,separated,2,4.336,2.775,0.10819693702722358,0,0,,1,0,0,1,0,4,0,0.05813881528985254,8.86,8.86,0.0,2.8331388152898525,2.83,measured_success,202
555,ppo,1000555,2917,monoprotic,near,base,single,1,2.304,2.935,0.04084274795149632,0,0,,1,0,0,1,0,1,0,0.08970600588004585,2.12,0.0,2.12,2.845293994119954,2.85,measured_success,202
555,ppo,1000555,2918,monoprotic,medium,base,single,1,6.274,7.626,0.15821805174008488,0,0,,1,0,0,1,0,12,0,0.07398644310802727,14.110000000000003,0.0,14.110000000000003,7.552013556891973,7.55,measured_success,202
555,ppo,1000555,2919,monoprotic,near,base,single,1,3.548,4.09,0.10177238112208378,0,0,,1,1,0,1,0,1,0,0.033279960343660875,2.26,0.0,2.26,4.056720039656339,4.0600000000000005,measured_success,202
555,ppo,1000555,2920,diprotic,near,acid,separated,2,2.29,1.917,0.11523682395920261,0,0,,1,1,0,1,0,2,0,0.026492791334284727,3.1500000000000004,3.1500000000000004,0.0,1.9434927913342848,1.94,measured_success,202
555,ppo,1000555,2921,triprotic,medium,acid,separated,3,3.202,2.375,0.11073108076837705,0,0,,1,0,0,1,0,6,0,0.08609152326719904,9.709999999999999,9.709999999999999,0.0,2.461091523267199,2.46,measured_success,202
555,ppo,1000555,2922,triprotic,far,base,separated,3,8.403,10.987,0.06938656611217633,1,0,3.24,1,0,0,1,0,9,1,0.08491426479230846,12.3,5.819999999999999,6.48,11.071914264792309,11.07,measured_success,202
555,ppo,1000555,2923,triprotic,medium,acid,separated,3,5.288,3.71,0.06325956061962386,1,0,0.515,1,0,0,1,0,3,1,0.07283019263238533,7.89,7.89,0.0,3.6371698073676146,3.64,measured_success,202
555,ppo,1000555,2924,diprotic,medium,acid,separated,2,6.606,4.678,0.13516382260437038,0,0,,1,0,0,1,0,11,0,0.07990133692276036,15.070000000000002,15.070000000000002,0.0,4.75790133692276,4.76,measured_success,202
555,ppo,1000555,2925,triprotic,medium,acid,separated,3,6.956,6.089,0.11378294842108043,0,0,,1,0,0,1,0,8,0,0.06541951856553929,4.979999999999999,4.979999999999999,0.0,6.15441951856554,6.15,measured_success,202
555,ppo,1000555,2926,diprotic,medium,base,separated,2,5.826,7.495,0.07481914330270659,3,2,0.155,1,0,0,1,0,7,3,0.0810399779400699,10.1,2.77,7.33,7.57603997794007,7.58,measured_success,202
555,ppo,1000555,2927,triprotic,far,acid,separated,3,4.227,1.816,0.08748388071026869,1,0,0.515,1,1,0,1,0,4,1,0.008743374988835262,12.24,12.24,0.0,1.8072566250111648,1.81,measured_success,202
555,ppo,1000555,2928,triprotic,far,base,separated,3,3.693,7.075,0.14832718481169332,0,0,,1,0,0,1,0,5,0,0.08439035227845526,17.1,0.0,17.1,6.990609647721545,6.99,measured_success,202
555,ppo,1000555,2929,triprotic,near,acid,separated,3,3.891,3.657,0.14232720368566118,0,0,,1,0,0,1,0,2,0,0.06095438681781307,2.54,2.54,0.0,3.717954386817813,3.72,measured_success,202
555,ppo,1000555,2930,diprotic,near,acid,separated,2,3.176,2.484,0.10621699439903137,0,0,,1,1,0,1,0,2,0,0.006773785736000626,5.28,5.28,0.0,2.4907737857360006,2.49,measured_success,202
555,ppo,1000555,2931,triprotic,medium,base,separated,3,4.742,6.059,0.17571577984930797,0,0,,1,0,0,1,0,28,0,0.09200806338428702,14.579999999999998,0.0,14.579999999999998,5.966991936615713,5.97,measured_success,202
555,ppo,1000555,2932,diprotic,medium,base,separated,2,6.693,8.141,0.03321770703684283,7,2,0.01,1,1,0,1,0,12,7,0.03357131311591921,12.560000000000002,6.040000000000002,6.52,8.17457131311592,8.17,measured_success,202
555,ppo,1000555,2933,triprotic,near,acid,separated,3,2.26,2.057,0.03580155566733598,2,0,0.515,1,1,0,1,0,2,2,0.020241107578069073,3.1500000000000004,2.12,1.03,2.077241107578069,2.08,measured_success,202
555,ppo,1000555,2934,diprotic,medium,base,separated,2,3.64,4.968,0.11824736219024022,0,0,,1,0,0,1,0,10,0,0.09907500339794595,8.309999999999999,0.0,8.309999999999999,4.868924996602054,4.87,measured_success,202
555,ppo,1000555,2935,triprotic,medium,acid,separated,3,4.54,3.599,0.05130223177533284,0,0,,1,1,0,1,0,2,0,0.047257089333450075,5.67,5.67,0.0,3.6462570893334503,3.65,measured_success,202
555,ppo,1000555,2936,monoprotic,near,acid,single,1,2.528,2.035,0.07870093158550501,2,0,0.515,1,1,0,1,0,2,2,0.012078795022075539,4.51,3.48,1.03,2.0470787950220757,2.05,measured_success,202
555,ppo,1000555,2937,triprotic,medium,base,separated,3,1.865,3.181,0.0703547085131556,0,0,,1,0,0,1,0,9,0,0.08306965819813872,9.090000000000002,0.0,9.090000000000002,3.0979303418018613,3.1,measured_success,202
555,ppo,1000555,2938,triprotic,medium,base,overlapping,3,1.859,2.967,0.1034288744189451,0,0,,1,0,0,1,0,28,0,0.08345548390091517,19.479999999999983,0.0,19.479999999999983,2.883544516099085,2.88,measured_success,202
555,ppo,1000555,2939,triprotic,medium,acid,separated,3,4.802,4.051,0.08082224655976758,0,0,,1,0,0,1,0,2,0,0.062189412334964445,3.21,3.21,0.0,4.113189412334965,4.11,measured_success,202
555,ppo,1000555,2940,monoprotic,far,base,single,1,5.51,8.363,0.06093455639556162,45,22,0.01,0,0,0,0,0,50,45,0.291789552539683,15.749999999999993,6.849999999999997,8.899999999999995,8.654789552539683,8.65,max_steps,202
555,ppo,1000555,2941,monoprotic,medium,acid,single,1,4.744,3.012,0.11810151124735227,4,2,0.155,1,0,0,1,0,6,4,0.056086409622762456,9.84,5.819999999999999,4.02,3.0680864096227625,3.0700000000000003,measured_success,202
555,ppo,1000555,2942,triprotic,far,acid,separated,3,6.065,2.873,0.13908567924541115,0,0,,1,1,0,1,0,8,0,0.03748461841047401,27.9,27.9,0.0,2.9104846184104742,2.91,measured_success,202
555,ppo,1000555,2943,triprotic,far,base,separated,3,4.948,7.02,0.03403823931171304,1,0,2.625,1,1,0,1,0,1,0,0.00030212656427686113,5.25,0.0,5.25,7.019697873435723,7.0200000000000005,measured_success,202
555,ppo,1000555,2944,diprotic,medium,base,separated,2,4.389,5.462,0.03248135656536525,1,0,2.02,1,1,0,1,0,2,1,0.027161799149077126,4.89,0.85,4.04,5.489161799149077,5.49,measured_success,202
555,ppo,1000555,2945,diprotic,medium,base,overlapping,2,3.746,4.65,0.10272961685769626,1,1,0.425,1,1,0,1,0,4,1,0.021354396863506153,5.109999999999999,0.42,4.6899999999999995,4.6713543968635065,4.67,measured_success,202
555,ppo,1000555,2946,diprotic,medium,acid,overlapping,2,4.392,3.028,0.05562190158533391,4,2,0.225,1,0,0,1,0,5,4,0.07383642328333329,7.87,5.62,2.25,3.1018364232833333,3.1,measured_success,202
555,ppo,1000555,2947,diprotic,near,acid,separated,2,3.207,2.821,0.041801649282655375,3,2,0.135,1,1,0,1,0,4,3,0.028000070802955523,3.0700000000000003,1.78,1.29,2.7929999291970447,2.79,measured_success,202
555,ppo,1000555,2948,monoprotic,near,acid,single,1,6.507,6.275,0.08326502743151015,0,0,,0,0,0,0,0,50,0,0.13005607242639705,0.5000000000000002,0.5000000000000002,0.0,6.405056072426397,6.41,max_steps,202
555,ppo,1000555,2949,monoprotic,medium,acid,single,1,4.064,3.136,0.03335224781746045,5,2,0.045,1,1,0,1,0,8,5,0.027762201305869816,8.969999999999999,4.61,4.359999999999999,3.1082377986941303,3.11,measured_success,202
555,ppo,1000555,2950,diprotic,near,base,separated,2,4.82,5.279,0.07333769158053594,2,0,0.315,1,1,0,1,0,4,2,0.005411024194646785,3.91,1.48,2.43,5.273588975805353,5.2700000000000005,measured_success,202
555,ppo,1000555,2951,monoprotic,near,base,single,1,5.515,5.763,0.16403180067434234,0,0,,0,0,0,0,0,50,0,0.1873789600384388,0.5000000000000002,0.0,0.5000000000000002,5.575621039961561,5.58,max_steps,202
555,ppo,1000555,2952,monoprotic,medium,acid,single,1,3.786,2.518,0.03685152774519789,4,2,0.125,1,1,0,1,0,5,4,0.008161761934974088,7.46,4.38,3.08,2.526161761934974,2.5300000000000002,measured_success,202
555,ppo,1000555,2953,triprotic,near,acid,separated,3,6.637,5.941,0.03325392869534915,0,0,,1,1,0,1,0,2,0,0.012663226358024637,2.14,2.14,0.0,5.9536632263580245,5.95,measured_success,202
555,ppo,1000555,2954,monoprotic,near,base,single,1,4.934,5.592,0.1415901473091781,0,0,,1,0,0,1,0,3,0,0.09395591971329775,3.92,0.0,3.92,5.498044080286702,5.5,measured_success,202
555,ppo,1000555,2955,monoprotic,medium,base,single,1,4.203,6.076,0.07222455747415094,1,0,1.06,1,0,0,1,0,2,1,0.09337951825576862,7.37,0.0,7.37,6.169379518255768,6.17,measured_success,202
555,ppo,1000555,2956,triprotic,near,acid,separated,3,4.077,3.413,0.12784549492329667,0,0,,1,0,0,1,0,4,0,0.06274533665138238,5.64,5.64,0.0,3.475745336651382,3.48,measured_success,202
555,ppo,1000555,2957,triprotic,far,acid,separated,3,7.531,5.023,0.043046651625712445,2,0,0.315,1,0,0,1,0,2,2,0.08941519671820686,5.6899999999999995,5.06,0.63,5.1124151967182065,5.11,measured_success,202
555,ppo,1000555,2958,monoprotic,medium,base,single,1,6.236,7.369,0.04145900602399368,3,2,0.155,1,0,0,1,0,6,3,0.06583037429623317,6.969999999999999,2.31,4.659999999999999,7.434830374296233,7.43,measured_success,202
555,ppo,1000555,2959,triprotic,near,acid,separated,3,4.244,3.554,0.09379381178037285,0,0,,1,0,0,1,0,5,0,0.06024014041859216,6.27,6.27,0.0,3.614240140418592,3.61,measured_success,202
555,ppo,1000555,2960,monoprotic,medium,base,single,1,2.812,4.707,0.03558258749510558,5,2,0.045,1,0,0,1,0,6,5,0.07294678316892078,8.32,2.56,5.76,4.779946783168921,4.78,measured_success,202
555,ppo,1000555,2961,monoprotic,medium,base,single,1,6.453,7.181,0.09329859528748147,0,0,,1,0,0,1,0,1,0,0.08185380998682934,2.12,0.0,2.12,7.099146190013171,7.1000000000000005,measured_success,202
555,ppo,1000555,2962,triprotic,medium,acid,separated,3,5.583,4.8,0.06336165848052426,0,0,,1,0,0,1,0,5,0,0.0742954944858285,3.84,3.84,0.0,4.874295494485828,4.87,measured_success,202
555,ppo,1000555,2963,monoprotic,medium,acid,single,1,5.248,3.401,0.09770877170984796,3,1,0.21,1,0,0,1,0,5,3,0.07226107193911879,8.5,5.85,2.65,3.328738928060881,3.33,measured_success,202
555,ppo,1000555,2964,diprotic,far,acid,separated,2,5.456,2.283,0.09712901100829734,1,0,1.82,1,1,0,1,0,5,1,0.005606909849733999,15.23,13.350000000000001,1.88,2.277393090150266,2.2800000000000002,measured_success,202
555,ppo,1000555,2965,diprotic,near,acid,overlapping,2,3.512,2.912,0.06362382899421642,0,0,,1,1,0,1,0,3,0,0.02650122214151196,4.06,4.06,0.0,2.938501222141512,2.94,measured_success,202
555,ppo,1000555,2966,monoprotic,far,base,single,1,6.704,9.198,0.08656848056629976,2,1,0.315,1,1,0,1,0,5,2,0.009081593700944524,10.390000000000002,1.48,8.910000000000002,9.188918406299056,9.19,measured_success,202
555,ppo,1000555,2967,diprotic,near,acid,overlapping,2,3.368,2.778,0.09510114614839732,4,2,0.125,1,1,0,1,0,4,4,0.04879704424863762,3.9700000000000006,2.6900000000000004,1.28,2.8267970442486376,2.83,measured_success,202
555,ppo,1000555,2968,triprotic,far,base,overlapping,3,4.974,8.731,0.06736553474618304,48,23,0.01,0,0,0,0,0,50,48,0.3117428849569759,18.47999999999999,8.389999999999995,10.089999999999995,8.419257115043024,8.42,max_steps,202
555,ppo,1000555,2969,diprotic,near,base,separated,2,3.528,3.929,0.04846702228951338,0,0,,1,1,0,1,0,1,0,0.04341249824505988,1.51,0.0,1.51,3.88558750175494,3.89,measured_success,202
555,ppo,1000555,2970,diprotic,medium,acid,separated,2,3.085,1.639,0.1068648325490173,1,0,2.625,1,0,0,1,0,1,1,0.061793112786778126,5.25,5.25,0.0,1.5772068872132219,1.58,measured_success,202
555,ppo,1000555,2971,diprotic,far,base,separated,2,7.864,10.229,0.11820042625594733,5,2,0.025,1,0,0,1,0,11,5,0.08038356602659746,13.77,6.55,7.22,10.309383566026597,10.31,measured_success,202
555,ppo,1000555,2972,monoprotic,far,base,single,1,6.531,10.243,0.08898288910498624,4,2,0.02,1,0,0,1,0,9,4,0.08371269953122429,9.499999999999998,0.6900000000000001,8.809999999999999,10.159287300468776,10.16,measured_success,202
555,ppo,1000555,2973,monoprotic,medium,acid,single,1,3.796,2.997,0.0743233178947277,1,0,1.935,1,0,0,1,0,1,1,0.09508289168698525,3.87,3.87,0.0,2.9019171083130146,2.9,measured_success,202
555,ppo,1000555,2974,diprotic,far,acid,overlapping,2,5.691,2.996,0.04848222535054234,4,2,0.155,1,0,0,1,0,8,4,0.05563559985096811,13.760000000000002,11.340000000000002,2.42,3.051635599850968,3.0500000000000003,measured_success,202
555,ppo,1000555,2975,diprotic,medium,base,separated,2,3.639,4.619,0.04474491463069237,1,0,0.425,1,1,0,1,0,2,1,0.03943888369686199,3.11,0.0,3.11,4.658438883696862,4.66,measured_success,202
555,ppo,1000555,2976,triprotic,far,acid,separated,3,5.691,3.217,0.12698020605168275,0,0,,1,1,0,1,0,7,0,0.047415964287041756,18.730000000000004,18.730000000000004,0.0,3.264415964287042,3.2600000000000002,measured_success,202
555,ppo,1000555,2977,triprotic,far,acid,separated,3,7.026,4.737,0.04806839859680947,4,1,0.155,1,0,0,1,0,5,4,0.062190189453428246,8.44,5.909999999999999,2.5300000000000002,4.799190189453428,4.8,measured_success,202
555,ppo,1000555,2978,monoprotic,near,acid,single,1,6.463,6.012,0.03255323202499328,1,1,0.755,1,1,0,1,0,3,2,0.0028970580462575057,2.62,1.51,1.1099999999999999,6.014897058046257,6.01,measured_success,202
555,ppo,1000555,2979,diprotic,medium,base,separated,2,6.265,7.388,0.08147229702278883,3,0,0.155,1,1,0,1,0,5,3,0.007204703666626955,7.15,1.81,5.34,7.395204703666627,7.4,measured_success,202
555,ppo,1000555,2980,diprotic,near,acid,separated,2,4.011,3.611,0.120596189680439,0,0,,1,0,0,1,0,4,0,0.07853629552290942,4.0200000000000005,4.0200000000000005,0.0,3.6895362955229096,3.69,measured_success,202
555,ppo,1000555,2981,diprotic,far,acid,separated,2,4.743,2.454,0.08524694500076808,1,0,3.035,1,1,0,1,0,2,1,0.006039219684528252,6.7,6.07,0.63,2.447960780315472,2.45,measured_success,202
555,ppo,1000555,2982,monoprotic,medium,acid,single,1,8.137,7.074,0.15686978514879876,0,0,,0,0,1,0,0,50,0,0.9348051682888912,1.500000000000001,1.500000000000001,0.0,8.008805168288891,8.01,max_steps,202
555,ppo,1000555,2983,diprotic,far,base,separated,2,2.416,5.541,0.03701637800424265,1,0,0.155,1,0,0,1,0,6,1,0.08715816957281852,8.3,0.0,8.3,5.628158169572819,5.63,measured_success,202
555,ppo,1000555,2984,monoprotic,medium,base,single,1,5.831,7.546,0.03551238104537962,4,1,0.06,1,0,0,1,0,8,4,0.0623619225388401,10.97,4.420000000000001,6.55,7.48363807746116,7.48,measured_success,202
555,ppo,1000555,2985,triprotic,medium,base,overlapping,3,3.988,5.755,0.1258602567452301,2,1,0.185,1,0,0,1,0,7,2,0.05497098681219814,18.279999999999998,1.1600000000000001,17.119999999999997,5.700029013187802,5.7,measured_success,202
555,ppo,1000555,2986,monoprotic,far,base,single,1,4.922,7.507,0.09980097632116461,5,3,0.09,1,1,0,1,0,9,5,0.011122148071057936,12.63,4.390000000000001,8.24,7.518122148071058,7.5200000000000005,measured_success,202
555,ppo,1000555,2987,diprotic,far,base,separated,2,1.936,4.3,0.049560275042881144,0,0,,1,0,0,1,0,4,0,0.06447189664710695,10.52,0.0,10.52,4.235528103352893,4.24,measured_success,202
555,ppo,1000555,2988,monoprotic,near,acid,single,1,5.683,5.123,0.05288734476773683,2,0,0.315,1,1,0,1,0,3,2,0.0031105180961672474,2.45,1.82,0.63,5.1261105180961675,5.13,measured_success,202
555,ppo,1000555,2989,monoprotic,far,acid,single,1,6.017,3.458,0.09706721734561406,4,3,0.085,1,0,0,1,0,10,4,0.09244556950823224,12.59,7.220000000000001,5.369999999999999,3.5504455695082324,3.5500000000000003,measured_success,202
555,ppo,1000555,2990,diprotic,medium,base,separated,2,2.238,2.988,0.11862626703134965,0,0,,1,0,0,1,0,6,0,0.05974285296923432,6.88,0.0,6.88,2.9282571470307657,2.93,measured_success,202
555,ppo,1000555,2991,monoprotic,near,acid,single,1,5.601,5.077,0.15903804801354815,2,1,0.375,1,1,0,1,0,3,2,0.015850114998027465,2.5700000000000003,1.82,0.75,5.092850114998027,5.09,measured_success,202
555,ppo,1000555,2992,monoprotic,far,acid,single,1,8.42,5.55,0.07137838128200318,0,0,,0,0,1,0,0,50,0,2.457639450705856,1.500000000000001,1.500000000000001,0.0,8.007639450705856,8.01,max_steps,202
555,ppo,1000555,2993,monoprotic,medium,base,single,1,8.037,8.931,0.03303129035461031,2,1,0.04,1,0,0,1,0,6,2,0.08865374260063597,0.61,0.08,0.53,8.842346257399363,8.84,measured_success,202
555,ppo,1000555,2994,diprotic,medium,acid,separated,2,3.613,2.561,0.05184335745274139,3,1,0.255,1,1,0,1,0,4,2,0.0026876921175542634,7.21,4.38,2.83,2.563687692117554,2.56,measured_success,202
555,ppo,1000555,2995,triprotic,near,base,separated,3,7.606,8.153,0.0936037254199547,3,2,0.155,1,0,0,1,0,5,3,0.07852949447103619,4.0600000000000005,1.63,2.43,8.231529494471037,8.23,measured_success,202
555,ppo,1000555,2996,diprotic,near,base,separated,2,2.036,2.628,0.07616285114238688,0,0,,1,0,0,1,0,4,0,0.06537359390486497,4.63,0.0,4.63,2.562626406095135,2.56,measured_success,202
555,ppo,1000555,2997,monoprotic,medium,base,single,1,3.988,5.22,0.10746292938222574,0,0,,1,0,0,1,0,1,0,0.07067603867991057,5.25,0.0,5.25,5.149323961320089,5.15,measured_success,202
555,ppo,1000555,2998,diprotic,medium,base,separated,2,5.252,6.351,0.03157823517885048,1,0,2.02,1,1,0,1,0,2,1,0.012948223820683502,5.57,1.53,4.04,6.3639482238206835,6.36,measured_success,202
555,ppo,1000555,2999,monoprotic,near,base,single,1,6.42,6.81,0.15815266369388595,0,0,,1,0,0,1,0,4,0,0.09346526254385612,3.42,0.0,3.42,6.7165347374561435,6.72,measured_success,202
555,ppo,1000555,3000,diprotic,medium,acid,separated,2,4.228,2.343,0.10827730596952383,1,0,2.53,1,1,0,1,0,5,1,0.02375521815739745,7.31,5.06,2.25,2.3192447818426025,2.32,measured_success,202
