method,regime,distribution,task_seed,task_id,direction,difficulty,pka_family,true_pair_count,true_success,strict_success,severe_failure,measured_success,false_stop,steps,crossings,total_volume_ml,final_true_ph,final_measured_ph,final_abs_error,decision_time_ms_total,update_time_ms_total,controller_time_ms_per_step,stop_reason,benchmark_seed
new_pf,close_pka,close_pka,3000303,1,base,medium,overlapping,3,1,1,0,1,0,9,4,14.91,5.81847697455521,5.82,0.029523025444789575,136.71909999538912,195.25810000050114,36.886355555098916,measured_success,303
new_ppo,close_pka,close_pka,3000303,1,base,medium,overlapping,3,1,1,0,1,0,6,3,14.34,5.865214516933953,5.87,0.017214516933953483,0.8627999923191965,0.13869999384041876,0.16691666435993588,measured_success,303
new_pf,close_pka,close_pka,3000303,2,base,medium,single,1,1,0,0,1,0,8,4,7.929999999999999,5.399702483785601,5.4,0.08129751621439851,426.5396000118926,204.38500001910143,78.86557500387426,measured_success,303
new_ppo,close_pka,close_pka,3000303,2,base,medium,single,1,1,0,0,1,0,6,3,4.24,5.556591568064437,5.56,0.07559156806443745,0.4414000068209134,0.06409999332390726,0.08425000002413678,measured_success,303
new_pf,close_pka,close_pka,3000303,3,acid,near,single,1,1,1,0,1,0,3,1,2.9499999999999997,8.589927916047564,8.59,0.038072083952435776,61.7262000014307,87.52079999976559,49.74900000039876,measured_success,303
new_ppo,close_pka,close_pka,3000303,3,acid,near,single,1,0,0,0,0,0,50,0,0.5600000000000004,8.837554912151862,8.84,0.20955491215186228,4.266399992047809,0.7408999954350293,0.10014599974965677,max_steps,303
new_pf,close_pka,close_pka,3000303,4,acid,near,single,1,1,0,0,1,0,3,0,4.87,1.6604341130213287,1.66,0.08143411302132875,205.4504999978235,99.03889999259263,101.49646666347205,measured_success,303
new_ppo,close_pka,close_pka,3000303,4,acid,near,single,1,1,0,0,1,0,2,0,4.92,1.656888267412639,1.66,0.0778882674126391,0.32789999386295676,0.04000000626547262,0.1839500000642147,measured_success,303
new_pf,close_pka,close_pka,3000303,5,base,near,overlapping,2,1,0,0,1,0,4,0,2.3,2.960254318730068,2.96,0.08174568126993176,18.471200004569255,82.2261000139406,25.174325004627462,measured_success,303
new_ppo,close_pka,close_pka,3000303,5,base,near,overlapping,2,1,1,0,1,0,2,0,2.7199999999999998,3.009689853343837,3.01,0.03231014665616261,0.31599999056197703,0.039899990952108055,0.17794999075704254,measured_success,303
new_pf,close_pka,close_pka,3000303,6,acid,near,overlapping,3,1,0,0,1,0,2,1,1.29,5.378698141714565,5.38,0.069301858285435,7.261599996127188,59.17110000154935,33.21634999883827,measured_success,303
new_ppo,close_pka,close_pka,3000303,6,acid,near,overlapping,3,1,1,0,1,0,5,4,4.68,5.4657020003151935,5.47,0.01770200031519309,0.5076000088592991,0.084400009654928,0.11840000370284542,measured_success,303
new_pf,close_pka,close_pka,3000303,7,acid,medium,overlapping,2,1,0,0,1,0,2,0,3.69,1.7476826677810613,1.75,0.06968266778106136,76.40749999700347,63.510399995720945,69.95894999636221,measured_success,303
new_ppo,close_pka,close_pka,3000303,7,acid,medium,overlapping,2,1,1,0,1,0,2,1,4.29,1.6748599618566584,1.67,0.003140038143341517,0.34750000486383215,0.04579999949783087,0.1966500021808315,measured_success,303
new_pf,close_pka,close_pka,3000303,8,acid,medium,overlapping,3,1,0,0,1,0,8,0,6.559999999999999,3.934185140501329,3.93,0.08518514050132886,35.04660000180593,160.3318999768817,24.42231249733595,measured_success,303
new_ppo,close_pka,close_pka,3000303,8,acid,medium,overlapping,3,1,1,0,1,0,6,0,7.510000000000001,3.8638947311968312,3.86,0.014894731196831046,0.7893999936641194,0.11430000449763611,0.15061666636029258,measured_success,303
new_pf,close_pka,close_pka,3000303,9,acid,medium,single,1,1,1,0,1,0,6,3,5.77,3.2960598352409134,3.3,0.008940164759086766,325.18980000168085,110.99990001093829,72.69828333543653,measured_success,303
new_ppo,close_pka,close_pka,3000303,9,acid,medium,single,1,1,0,0,1,0,5,3,4.68,3.2346142241705005,3.23,0.07038577582949967,0.5959999907645397,0.0934999916353263,0.1378999964799732,measured_success,303
new_pf,close_pka,close_pka,3000303,10,acid,medium,overlapping,2,1,1,0,1,0,5,0,11.02,4.251594858911268,4.25,0.008594858911267877,113.18129999563098,100.37150000425754,42.710559999977704,measured_success,303
new_ppo,close_pka,close_pka,3000303,10,acid,medium,overlapping,2,1,1,0,1,0,9,0,10.79,4.2742753340764,4.27,0.031275334076399375,1.1116000023321249,0.1762999891070649,0.14309999904879886,measured_success,303
new_pf,close_pka,close_pka,3000303,11,acid,far,single,1,1,1,0,1,0,7,4,20.37,5.70566287815711,5.71,0.04166287815711023,270.5420999918715,132.19120001303963,57.533328572130166,measured_success,303
new_ppo,close_pka,close_pka,3000303,11,acid,far,single,1,1,1,0,1,0,45,6,23.11,5.706092573117683,5.71,0.04209257311768333,3.3767999848350883,0.5559000055654906,0.08739333312001286,measured_success,303
new_pf,close_pka,close_pka,3000303,12,base,medium,overlapping,2,1,1,0,1,0,8,4,14.700000000000001,4.749264390055716,4.75,0.0497356099442845,140.9295000048587,192.65060000907397,41.697512501741585,measured_success,303
new_ppo,close_pka,close_pka,3000303,12,base,medium,overlapping,2,1,1,0,1,0,8,4,18.36,4.749940544048453,4.75,0.04905945595154737,1.0021999987657182,0.1618999958736822,0.14551249932992505,measured_success,303
new_pf,close_pka,close_pka,3000303,13,base,medium,single,1,1,1,0,1,0,6,4,10.239999999999998,7.069999048408846,7.07,0.046000951591153694,374.06329999066656,195.58880000113277,94.94201666529989,measured_success,303
new_ppo,close_pka,close_pka,3000303,13,base,medium,single,1,1,1,0,1,0,4,1,6.449999999999999,7.128056117629027,7.13,0.012056117629027696,0.61860001005698,0.08359999628737569,0.1755500015860889,measured_success,303
new_pf,close_pka,close_pka,3000303,14,acid,medium,single,1,1,0,0,1,0,5,4,4.45,6.754581131339592,6.75,0.07558113133959132,88.40480000071693,97.1579999968526,37.112559999513905,measured_success,303
new_ppo,close_pka,close_pka,3000303,14,acid,medium,single,1,1,0,0,1,0,1,1,2.06,6.5946049055687155,6.59,0.08439509443128479,0.12009999772999436,0.013900003978051245,0.1340000017080456,measured_success,303
new_pf,close_pka,close_pka,3000303,15,base,medium,overlapping,2,1,1,0,1,0,14,8,11.709999999999996,6.755566014114507,6.76,0.016433985885493385,640.429300001415,315.4034999824944,68.27377142742209,measured_success,303
new_ppo,close_pka,close_pka,3000303,15,base,medium,overlapping,2,1,0,0,1,0,32,13,26.819999999999997,6.8671604319361155,6.87,0.09516043193611523,2.1970000088913366,0.4504999742493965,0.08273437447314791,measured_success,303
new_pf,close_pka,close_pka,3000303,16,base,far,single,1,1,0,0,1,0,14,8,19.629999999999995,7.616531426723398,7.62,0.07746857327660184,734.8720000009052,353.77720001270063,77.760657143829,measured_success,303
new_ppo,close_pka,close_pka,3000303,16,base,far,single,1,1,0,0,1,0,9,4,15.31,7.616717797040879,7.62,0.07728220295912092,0.9481000015512109,0.14960001863073558,0.12196666890910517,measured_success,303
new_pf,close_pka,close_pka,3000303,17,base,medium,single,1,1,1,0,1,0,11,7,16.61,7.005979724524995,7.01,0.03697972452499432,556.5122999978485,261.8536999943899,74.3969090902035,measured_success,303
new_ppo,close_pka,close_pka,3000303,17,base,medium,single,1,1,0,0,1,0,4,2,9.81,6.8803196061673475,6.88,0.0886803938326528,0.46070000098552555,0.0703999976394698,0.13277499965624884,measured_success,303
new_pf,close_pka,close_pka,3000303,18,acid,medium,overlapping,2,1,1,0,1,0,3,2,4.47,2.1412329870767115,2.14,0.015232987076711613,159.33750000112923,81.13260000391165,80.15670000168029,measured_success,303
new_ppo,close_pka,close_pka,3000303,18,acid,medium,overlapping,2,1,1,0,1,0,3,1,4.2299999999999995,2.121851259061545,2.12,0.0041487409384548535,0.4375000062282197,0.06110000686021522,0.16620000436281165,measured_success,303
new_pf,close_pka,close_pka,3000303,19,base,near,overlapping,3,1,0,0,1,0,2,0,1.7399999999999998,5.329176316766812,5.33,0.07982368323318756,11.750800011213869,58.20740000490332,34.979100008058595,measured_success,303
new_ppo,close_pka,close_pka,3000303,19,base,near,overlapping,3,1,1,0,1,0,1,1,2.06,5.445325880342001,5.45,0.036325880342000794,0.22989999706624076,0.019999999494757503,0.24989999656099826,measured_success,303
new_pf,close_pka,close_pka,3000303,20,base,near,overlapping,2,1,0,0,1,0,3,3,1.78,4.125928240081116,4.13,0.05992824008111608,62.23190000309842,97.4454999959562,53.225799999684874,measured_success,303
new_ppo,close_pka,close_pka,3000303,20,base,near,overlapping,2,1,0,0,1,0,3,2,3.5600000000000005,3.972715630639713,3.97,0.09328436936028695,0.4053999946336262,0.05609999061562121,0.1538333284164158,measured_success,303
new_pf,close_pka,close_pka,3000303,21,base,medium,single,1,1,1,0,1,0,10,6,6.769999999999999,8.53924397273856,8.54,0.031756027261439,257.7080999908503,255.32460000977153,51.303270000062184,measured_success,303
new_ppo,close_pka,close_pka,3000303,21,base,medium,single,1,1,0,0,1,0,6,4,9.759999999999998,8.514869852591612,8.51,0.05613014740838729,0.6150999979581684,0.09910000517265871,0.11903333385513785,measured_success,303
new_pf,close_pka,close_pka,3000303,22,acid,medium,single,1,1,0,0,1,0,4,3,5.800000000000001,2.478506482652051,2.48,0.050493517347948824,225.79060000134632,90.49740000773454,79.07200000227022,measured_success,303
new_ppo,close_pka,close_pka,3000303,22,acid,medium,single,1,1,1,0,1,0,5,4,6.13,2.577446307989173,2.58,0.04844630798917304,0.6275999912759289,0.0926999855437316,0.1440599953639321,measured_success,303
new_pf,close_pka,close_pka,3000303,23,base,medium,single,1,1,0,0,1,0,2,2,4.47,8.96479100408811,8.96,0.07620899591189101,9.999899993999861,91.15819999715313,50.5790499955765,measured_success,303
new_ppo,close_pka,close_pka,3000303,23,base,medium,single,1,1,0,0,1,0,27,0,1.4900000000000004,8.965381231509749,8.97,0.0756187684902514,2.876700003980659,0.5134999664733186,0.12556296186866583,measured_success,303
new_pf,close_pka,close_pka,3000303,24,acid,medium,overlapping,2,1,1,0,1,0,5,4,5.569999999999999,2.976897634287168,2.98,0.024897634287167847,156.13480000320124,118.24379998870427,54.8757199983811,measured_success,303
new_ppo,close_pka,close_pka,3000303,24,acid,medium,overlapping,2,1,0,0,1,0,3,2,9.33,3.0205326683583325,3.02,0.0685326683583325,0.4104000036022626,0.061400001868605614,0.1572666684902894,measured_success,303
new_pf,close_pka,close_pka,3000303,25,acid,medium,overlapping,2,1,0,0,1,0,5,0,12.260000000000002,1.8138936594027086,1.81,0.06589365940270864,258.3165999967605,138.75040000129957,79.41339999961201,measured_success,303
new_ppo,close_pka,close_pka,3000303,25,acid,medium,overlapping,2,1,0,0,1,0,3,0,12.16,1.8228837403283742,1.82,0.0748837403283742,0.589600000239443,0.0625000029685907,0.21736666773601124,measured_success,303
new_pf,close_pka,close_pka,3000303,26,base,medium,single,1,1,1,0,1,0,3,3,4.61,5.607900393157221,5.61,0.04790039315722172,121.88919999607606,112.86500000278465,78.25139999962023,measured_success,303
new_ppo,close_pka,close_pka,3000303,26,base,medium,single,1,1,1,0,1,0,4,3,3.8100000000000005,5.591680580653531,5.59,0.03168058065353119,0.5988999982946552,0.0813000078778714,0.17005000154313166,measured_success,303
new_pf,close_pka,close_pka,3000303,27,acid,far,single,1,1,1,0,1,0,16,10,12.019999999999998,5.3945643944671815,5.39,0.012564394467181828,796.0275000004913,310.91390000801766,69.18383750053181,measured_success,303
new_ppo,close_pka,close_pka,3000303,27,acid,far,single,1,0,0,1,0,0,31,18,50.0,6.800602344851548,6.8,1.4186023448515481,2.614299977722112,0.4649000184144825,0.09932903213343854,dose_limit,303
new_pf,close_pka,close_pka,3000303,28,acid,medium,overlapping,2,1,1,0,1,0,11,0,24.75,2.348370179931372,2.35,0.029370179931372142,174.57740000099875,283.29820000362815,41.62505454587517,measured_success,303
new_ppo,close_pka,close_pka,3000303,28,acid,medium,overlapping,2,1,1,0,1,0,9,0,24.55,2.363635048089746,2.36,0.04463504808974594,1.0478999829501845,0.1692000005277805,0.13523333149755168,measured_success,303
new_pf,close_pka,close_pka,3000303,29,base,far,single,1,1,1,0,1,0,13,8,19.569999999999993,9.339610872248734,9.34,0.02838912775126623,860.7927999837557,371.47920000279555,94.79015384511932,measured_success,303
new_ppo,close_pka,close_pka,3000303,29,base,far,single,1,1,1,0,1,0,9,5,14.250000000000002,9.410240333671368,9.41,0.04224033367136748,1.1357999974279664,0.17290000687353313,0.1454111115890555,measured_success,303
new_pf,close_pka,close_pka,3000303,30,acid,near,overlapping,2,1,0,0,1,0,9,0,5.949999999999999,5.032648271404694,5.03,0.08964827140469467,35.81359999225242,138.794099977531,19.40085555219816,measured_success,303
new_ppo,close_pka,close_pka,3000303,30,acid,near,overlapping,2,1,0,0,1,0,10,0,6.0200000000000005,5.028718931606566,5.03,0.08571893160656607,0.6602000066777691,0.10239999392069876,0.07626000005984679,measured_success,303
new_pf,close_pka,close_pka,3000303,31,base,medium,overlapping,2,1,1,0,1,0,10,6,7.47,5.481354854330505,5.48,0.04464514566949518,447.4943000241183,211.30529999936698,65.87996000234853,measured_success,303
new_ppo,close_pka,close_pka,3000303,31,base,medium,overlapping,2,1,0,0,1,0,7,3,5.949999999999999,5.60755718925364,5.61,0.08155718925364042,0.7822000115993433,0.11639999866019934,0.12837143003707752,measured_success,303
new_pf,close_pka,close_pka,3000303,32,acid,near,overlapping,2,1,0,0,1,0,1,0,3.45,2.360600067196322,2.36,0.07060006719632206,64.36419999954524,35.40529999736464,99.76949999690987,measured_success,303
new_ppo,close_pka,close_pka,3000303,32,acid,near,overlapping,2,1,1,0,1,0,3,0,4.09,2.298646146797517,2.3,0.008646146797516963,0.42359999497421086,0.04829999670619145,0.15729999722680077,measured_success,303
new_pf,close_pka,close_pka,3000303,33,acid,near,single,1,1,0,0,1,0,2,2,1.6300000000000001,2.4910182516006403,2.49,0.06801825160064023,124.88280000252416,59.94770000688732,92.41525000470574,measured_success,303
new_ppo,close_pka,close_pka,3000303,33,acid,near,single,1,1,0,0,1,0,2,1,3.1100000000000003,2.3367727055385537,2.34,0.08622729446144639,0.3482000029180199,0.04060000355821103,0.19440000323811546,measured_success,303
new_pf,close_pka,close_pka,3000303,34,base,medium,overlapping,3,1,1,0,1,0,2,1,6.4,4.494152568553508,4.49,0.005152568553508097,9.551299997838214,85.73570000589825,47.64350000186823,measured_success,303
new_ppo,close_pka,close_pka,3000303,34,base,medium,overlapping,3,1,1,0,1,0,6,4,10.649999999999999,4.47668263354481,4.48,0.012317366455190104,0.775400003476534,0.11110000195913017,0.14775000090594403,measured_success,303
new_pf,close_pka,close_pka,3000303,35,base,medium,single,1,1,1,0,1,0,4,1,13.600000000000001,8.39140563622501,8.39,0.04740563622500993,140.91069999267347,132.15080000372836,68.26537499910046,measured_success,303
new_ppo,close_pka,close_pka,3000303,35,base,medium,single,1,0,0,0,0,0,50,47,29.25999999999998,8.473252153796725,8.47,0.12925215379672572,4.178299968771171,0.6935999990673736,0.09743799935677089,max_steps,303
new_pf,close_pka,close_pka,3000303,36,base,near,overlapping,3,1,0,0,1,0,1,1,1.0,4.715019157046225,4.72,0.09501915704622466,2.1355999997467734,20.3789000006509,22.514500000397675,measured_success,303
new_ppo,close_pka,close_pka,3000303,36,base,near,overlapping,3,1,0,0,1,0,4,3,3.9900000000000007,4.707342298148998,4.71,0.08734229814899752,0.5089000042062253,0.0785999873187393,0.14687499788124114,measured_success,303
new_pf,close_pka,close_pka,3000303,37,acid,medium,single,1,1,0,0,1,0,8,0,15.860000000000003,2.0339775827495252,2.03,0.08197758274952527,88.47669999522623,188.65370001003612,34.64130000065779,measured_success,303
new_ppo,close_pka,close_pka,3000303,37,acid,medium,single,1,1,0,0,1,0,6,0,16.099999999999998,2.019482614464187,2.02,0.06748261446418713,0.7837000084691681,0.11269999231444672,0.14940000013060248,measured_success,303
new_pf,close_pka,close_pka,3000303,38,acid,near,single,1,1,0,0,1,0,5,0,4.26,6.089070895928495,6.09,0.06407089592849502,22.21859999553999,102.20089998620097,24.88389999634819,measured_success,303
new_ppo,close_pka,close_pka,3000303,38,acid,near,single,1,1,0,0,1,0,5,0,4.28,6.08553273113883,6.09,0.06053273113882973,0.6485999983851798,0.11050001194234937,0.15182000206550583,measured_success,303
new_pf,close_pka,close_pka,3000303,39,base,far,single,1,0,0,0,0,0,50,46,16.130000000000013,8.811435249603381,8.81,0.3255647503966195,2739.8428000014974,945.7984000036959,73.71282400010386,max_steps,303
new_ppo,close_pka,close_pka,3000303,39,base,far,single,1,0,0,0,0,0,50,35,13.39999999999998,9.520439069792292,9.52,0.38343906979229203,3.8488000063807704,0.6799999973736703,0.09057600007508881,max_steps,303
new_pf,close_pka,close_pka,3000303,40,acid,medium,single,1,1,0,0,1,0,7,0,8.4,5.9024974426991275,5.9,0.07349744269912772,67.54129999899305,151.41040000889916,31.278814286841744,measured_success,303
new_ppo,close_pka,close_pka,3000303,40,acid,medium,single,1,1,0,0,1,0,8,0,8.45,5.8967503176268945,5.9,0.06775031762689476,0.7873000067775138,0.1041000141412951,0.11142500261485111,measured_success,303
new_pf,close_pka,close_pka,3000303,41,acid,far,single,1,1,0,0,1,0,5,0,13.149999999999999,1.5978198455079133,1.6,0.06381984550791331,244.27610000566347,149.52230000199052,78.7596800015308,measured_success,303
new_ppo,close_pka,close_pka,3000303,41,acid,far,single,1,1,0,0,1,0,4,0,12.66,1.6215759837263932,1.62,0.08757598372639319,0.5587999912677333,0.07989999721758068,0.1596749971213285,measured_success,303
new_pf,close_pka,close_pka,3000303,42,acid,near,overlapping,2,1,0,0,1,0,5,0,2.07,4.593177114415015,4.59,0.09317711441501508,17.25020000594668,80.24949999526143,19.499940000241622,measured_success,303
new_ppo,close_pka,close_pka,3000303,42,acid,near,overlapping,2,1,0,0,1,0,1,0,2.06,4.59370097183268,4.59,0.09370097183268022,0.22140000510262325,0.02149999636458233,0.24290000146720558,measured_success,303
new_pf,close_pka,close_pka,3000303,43,base,medium,overlapping,2,1,1,0,1,0,9,6,7.960000000000001,4.076737086888173,4.08,0.04626291311182751,375.4084000174771,235.51320000115084,67.88017777984754,measured_success,303
new_ppo,close_pka,close_pka,3000303,43,base,medium,overlapping,2,1,1,0,1,0,18,9,19.1,4.153380370735036,4.15,0.030380370735035633,1.859200005128514,0.3150000120513141,0.12078888984332378,measured_success,303
new_pf,close_pka,close_pka,3000303,44,acid,near,overlapping,2,1,0,0,1,0,1,0,2.58,3.178131209376213,3.18,0.06513120937621286,49.31100000248989,28.19179999642074,77.50279999891063,measured_success,303
new_ppo,close_pka,close_pka,3000303,44,acid,near,overlapping,2,1,0,0,1,0,2,1,3.1100000000000003,3.0266042558329174,3.03,0.08639574416708262,0.2796000044327229,0.038700003642588854,0.1591500040376559,measured_success,303
new_pf,close_pka,close_pka,3000303,45,acid,medium,single,1,1,1,0,1,0,4,1,7.619999999999999,3.0584510737779365,3.06,0.009548926222063603,61.37679999665124,84.067399999185,36.36104999895906,measured_success,303
new_ppo,close_pka,close_pka,3000303,45,acid,medium,single,1,1,0,0,1,0,4,0,6.8999999999999995,3.1336279461898453,3.13,0.06562794618984524,0.6100999962654896,0.07110000296961516,0.1702999998087762,measured_success,303
new_pf,close_pka,close_pka,3000303,46,acid,medium,overlapping,2,1,1,0,1,0,3,1,6.26,2.515752519416516,2.52,0.0182474805834838,181.80230000143638,52.91779999242863,78.24003333128833,measured_success,303
new_ppo,close_pka,close_pka,3000303,46,acid,medium,overlapping,2,1,1,0,1,0,3,0,6.1,2.548201037326246,2.55,0.014201037326246002,0.36580000596586615,0.04629999602911994,0.13736666733166203,measured_success,303
new_pf,close_pka,close_pka,3000303,47,acid,medium,overlapping,3,1,0,0,1,0,21,0,22.879999999999995,2.6510065858586698,2.65,0.09500658585866972,78.9086999866413,362.4687999908929,21.01797618940639,measured_success,303
new_ppo,close_pka,close_pka,3000303,47,acid,medium,overlapping,3,1,0,0,1,0,14,0,23.48,2.6250515813902373,2.63,0.06905158139023726,1.5072000096552074,0.24079999275272712,0.12485714302913818,measured_success,303
new_pf,close_pka,close_pka,3000303,48,acid,near,overlapping,3,1,0,0,1,0,2,0,2.76,1.8682670993406827,1.87,0.09126709934068278,47.11350000434322,56.67890000040643,51.896200002374826,measured_success,303
new_ppo,close_pka,close_pka,3000303,48,acid,near,overlapping,3,1,0,0,1,0,1,0,3.06,1.8390653010390028,1.84,0.062065301039002874,0.22000000171829015,0.022300002456177026,0.24230000417446718,measured_success,303
new_pf,close_pka,close_pka,3000303,49,base,far,overlapping,3,0,0,0,0,0,50,46,19.270000000000064,6.885902070341899,6.89,0.3730979296581012,1577.8786999944714,906.8748999925447,49.69507199974032,max_steps,303
new_ppo,close_pka,close_pka,3000303,49,base,far,overlapping,3,0,0,1,0,0,50,27,31.780000000000012,11.664492721463802,11.66,4.405492721463801,4.895299985946622,0.8192000168492086,0.11429000005591661,max_steps,303
new_pf,close_pka,close_pka,3000303,50,base,medium,overlapping,2,1,1,0,1,0,8,4,10.58,5.584311795624597,5.58,0.04468820437540266,209.1491999963182,176.71129999507684,48.23256249892438,measured_success,303
new_ppo,close_pka,close_pka,3000303,50,base,medium,overlapping,2,1,1,0,1,0,12,3,13.860000000000001,5.640676872504308,5.64,0.011676872504308378,1.1397000125725754,0.19860001339111477,0.11152500216364085,measured_success,303
new_pf,close_pka,close_pka,3000303,51,acid,near,overlapping,3,1,0,0,1,0,9,0,4.040000000000001,4.8140429494683445,4.81,0.08704294946834423,38.16430001461413,181.06940000870964,24.359300002591528,measured_success,303
new_ppo,close_pka,close_pka,3000303,51,acid,near,overlapping,3,1,0,0,1,0,4,0,4.01,4.815239154567864,4.82,0.08823915456786402,0.6119999961811118,0.08700000762473792,0.17475000095146243,measured_success,303
new_pf,close_pka,close_pka,3000303,52,acid,medium,overlapping,3,0,0,0,1,1,8,1,9.239999999999998,3.8952501962313626,3.9,0.10374980376863752,60.44480002310593,164.26300000603078,28.08847500364209,measured_success,303
new_ppo,close_pka,close_pka,3000303,52,acid,medium,overlapping,3,1,0,0,1,0,6,0,6.82,4.0564075828590465,4.06,0.05740758285904635,0.39990000368561596,0.059300000430084765,0.07653333401928346,measured_success,303
new_pf,close_pka,close_pka,3000303,53,base,far,overlapping,3,1,0,0,1,0,14,9,14.319999999999999,7.15320843944005,7.15,0.056208439440049496,839.2175999906613,419.2828999730409,89.89289285455015,measured_success,303
new_ppo,close_pka,close_pka,3000303,53,base,far,overlapping,3,1,0,0,1,0,44,25,34.300000000000004,7.15178705331321,7.15,0.05478705331320999,4.389399997307919,0.6726000137859955,0.11504545479758897,measured_success,303
new_pf,close_pka,close_pka,3000303,54,acid,medium,overlapping,3,1,0,0,1,0,8,0,23.53,2.9365136511100367,2.94,0.06351365111003648,112.62419998820405,154.07680001226254,33.337625000058324,measured_success,303
new_ppo,close_pka,close_pka,3000303,54,acid,medium,overlapping,3,1,0,0,1,0,8,0,23.51,2.939150995420489,2.94,0.06615099542048863,0.9178999971481971,0.15339999663410708,0.13391249922278803,measured_success,303
new_pf,close_pka,close_pka,3000303,55,base,near,single,1,1,1,0,1,0,1,1,3.64,6.767152186484166,6.77,0.045152186484165746,68.35520000458928,24.68629999930272,93.041500003892,measured_success,303
new_ppo,close_pka,close_pka,3000303,55,base,near,single,1,1,1,0,1,0,2,0,3.1100000000000003,6.683139749858906,6.68,0.03886025014109418,0.27260000206297264,0.03699999797390774,0.1548000000184402,measured_success,303
new_pf,close_pka,close_pka,3000303,56,acid,far,overlapping,2,1,1,0,1,0,4,0,9.790000000000001,1.9992270909186072,2.0,0.046227090918607106,147.75430000008782,94.70510001119692,60.614850002821186,measured_success,303
new_ppo,close_pka,close_pka,3000303,56,acid,far,overlapping,2,1,0,0,1,0,2,1,10.58,1.8876169654761195,1.89,0.06538303452388061,0.3372999926796183,0.04390000685816631,0.1905999997688923,measured_success,303
new_pf,close_pka,close_pka,3000303,57,base,near,overlapping,2,1,0,0,1,0,3,3,1.69,6.196212375814952,6.2,0.06621237581495176,80.91430000786204,121.5448000075412,67.48636667180108,measured_success,303
new_ppo,close_pka,close_pka,3000303,57,base,near,overlapping,2,1,0,0,1,0,3,1,3.3800000000000003,6.206627671567199,6.21,0.0766276715671994,0.4262000002199784,0.05860000237589702,0.1616000008652918,measured_success,303
new_pf,close_pka,close_pka,3000303,58,base,near,single,1,1,1,0,1,0,2,2,0.94,3.4643269680365343,3.46,0.03467303196346583,50.76279999775579,75.36999999138061,63.0663999945682,measured_success,303
new_ppo,close_pka,close_pka,3000303,58,base,near,single,1,0,0,0,1,1,8,6,5.07,3.395166382331631,3.4,0.10383361766836918,0.826300005428493,0.12909998622490093,0.11942499895667424,measured_success,303
new_pf,close_pka,close_pka,3000303,59,base,medium,single,1,1,1,0,1,0,7,4,5.12,3.982040295264179,3.98,0.026959704735821433,379.6754000140936,209.54200000414858,84.17391428832032,measured_success,303
new_ppo,close_pka,close_pka,3000303,59,base,medium,single,1,1,1,0,1,0,4,2,5.069999999999999,4.003917963239399,4.0,0.005082036760601483,0.32810000266181305,0.04469999112188816,0.0931999984459253,measured_success,303
new_pf,close_pka,close_pka,3000303,60,base,near,single,1,1,1,0,1,0,4,2,4.6000000000000005,7.645323232720614,7.65,0.016676767279386162,142.25449999503326,85.41249999689171,56.91674999798124,measured_success,303
new_ppo,close_pka,close_pka,3000303,60,base,near,single,1,1,1,0,1,0,3,1,3.1300000000000003,7.671381691589513,7.67,0.009381691589513075,0.24239999038400128,0.03279999509686604,0.09173332849362244,measured_success,303
new_pf,close_pka,close_pka,3000303,61,base,medium,overlapping,3,1,1,0,1,0,4,0,8.92,6.08510814634959,6.09,0.018891853650409907,15.528600008110516,85.75839999684831,25.321750001239707,measured_success,303
new_ppo,close_pka,close_pka,3000303,61,base,medium,overlapping,3,1,0,0,1,0,4,2,10.41,6.010547020746017,6.01,0.09345297925398288,0.2972999936901033,0.041100007365457714,0.08460000026389025,measured_success,303
new_pf,close_pka,close_pka,3000303,62,acid,near,overlapping,3,1,0,0,1,0,11,0,6.299999999999999,2.323976881327808,2.32,0.09497688132780802,48.00239999167388,215.78950000548502,23.98108181792354,measured_success,303
new_ppo,close_pka,close_pka,3000303,62,acid,near,overlapping,3,1,0,0,1,0,6,0,7.090000000000002,2.289995534414957,2.29,0.060995534414956865,0.6373000069288537,0.09420000424142927,0.1219166685283805,measured_success,303
new_pf,close_pka,close_pka,3000303,63,base,medium,overlapping,2,1,1,0,1,0,8,5,13.370000000000001,6.466259946065836,6.47,0.022259946065836367,422.40199998923345,216.8621000018902,79.90801249889046,measured_success,303
new_ppo,close_pka,close_pka,3000303,63,base,medium,overlapping,2,1,0,0,1,0,8,4,13.609999999999998,6.362822821663546,6.36,0.08117717833645433,0.5173000099603087,0.07619999814778566,0.07418750101351179,measured_success,303
new_pf,close_pka,close_pka,3000303,64,base,far,overlapping,3,0,0,1,0,0,50,40,16.750000000000053,5.644852932555139,5.64,0.9811470674448612,2654.748999993899,1110.1094000187004,75.29716800025199,max_steps,303
new_ppo,close_pka,close_pka,3000303,64,base,far,overlapping,3,0,0,1,0,0,50,29,44.49999999999999,9.587539695269367,9.59,2.9615396952693667,5.204099994443823,0.893899989023339,0.12195999966934323,max_steps,303
new_pf,close_pka,close_pka,3000303,65,base,far,single,1,0,0,1,0,0,50,44,20.20000000000006,7.1123881320388875,7.11,0.5416118679611124,2344.891799999459,867.2081000040635,64.24199800007045,max_steps,303
new_ppo,close_pka,close_pka,3000303,65,base,far,single,1,0,0,1,0,0,50,31,19.770000000000017,9.1270594305288,9.13,1.4730594305287994,3.8072999814176,0.6374999938998371,0.08889599950634874,max_steps,303
new_pf,close_pka,close_pka,3000303,66,base,far,overlapping,2,1,0,0,1,0,9,3,26.37,5.5168468228688265,5.52,0.0858468228688265,212.2101999921142,219.55670000170358,47.97409999931309,measured_success,303
new_ppo,close_pka,close_pka,3000303,66,base,far,overlapping,2,1,1,0,1,0,7,2,24.54,5.4138495254836965,5.41,0.017150474516303582,0.4895999954896979,0.0723000121070072,0.08027142965667215,measured_success,303
new_pf,close_pka,close_pka,3000303,67,base,medium,overlapping,3,1,1,0,1,0,8,6,8.32,4.4124637603291585,4.41,0.03453623967084152,335.02859999862267,214.6609000119497,68.71118750132155,measured_success,303
new_ppo,close_pka,close_pka,3000303,67,base,medium,overlapping,3,1,0,0,1,0,10,5,7.809999999999999,4.54077079931538,4.54,0.09377079931538024,1.0140999947907403,0.17690000095171854,0.11909999957424589,measured_success,303
new_pf,close_pka,close_pka,3000303,68,acid,near,overlapping,3,1,0,0,1,0,11,0,5.229999999999999,3.5932143360632143,3.59,0.09421433606321417,46.003199997358024,199.67270000779536,22.334172727741215,measured_success,303
new_ppo,close_pka,close_pka,3000303,68,acid,near,overlapping,3,1,0,0,1,0,6,0,5.24,3.5928724023327456,3.59,0.09387240233274552,0.45369999861577526,0.08600001456215978,0.0899500021963225,measured_success,303
new_pf,close_pka,close_pka,3000303,69,acid,medium,single,1,1,1,0,1,0,10,7,7.290000000000001,6.160427138045804,6.16,0.006572861954195375,470.73079999972833,185.6180000177119,65.63488000174402,measured_success,303
new_ppo,close_pka,close_pka,3000303,69,acid,medium,single,1,1,0,0,1,0,10,6,8.31,6.231558679379043,6.23,0.06455867937904358,0.8299999826704152,0.1269999993382953,0.09569999820087105,measured_success,303
new_pf,close_pka,close_pka,3000303,70,base,near,single,1,1,0,0,1,0,1,1,3.2,5.528780353351953,5.53,0.08178035335195322,36.06479999871226,28.307399996265303,64.37219999497756,measured_success,303
new_ppo,close_pka,close_pka,3000303,70,base,near,single,1,1,0,0,1,0,2,1,3.1100000000000003,5.506587756608791,5.51,0.05958775660879123,0.3743999914149754,0.04350000381236896,0.20894999761367217,measured_success,303
new_pf,close_pka,close_pka,3000303,71,acid,far,single,1,1,1,0,1,0,5,4,10.97,6.271804974791726,6.27,0.02180497479172594,236.28050000115763,117.52910000359407,70.76192000095034,measured_success,303
new_ppo,close_pka,close_pka,3000303,71,acid,far,single,1,1,1,0,1,0,8,2,5.470000000000001,6.287882507834212,6.29,0.037882507834211765,0.7401000038953498,0.0971999834291637,0.10466249841556419,measured_success,303
new_pf,close_pka,close_pka,3000303,72,acid,near,single,1,1,0,0,1,0,2,1,4.03,2.9197537340701922,2.92,0.05424626592980797,90.43329999985872,53.970399996615015,72.20184999823687,measured_success,303
new_ppo,close_pka,close_pka,3000303,72,acid,near,single,1,1,1,0,1,0,3,1,3.91,2.9467599673187017,2.95,0.027240032681298487,0.4287999981897883,0.0610999995842576,0.1632999992580153,measured_success,303
new_pf,close_pka,close_pka,3000303,73,base,near,single,1,1,0,0,1,0,3,0,3.8200000000000003,5.650949625028705,5.65,0.08205037497129464,136.27220000489615,46.38170000544051,60.88463333677888,measured_success,303
new_ppo,close_pka,close_pka,3000303,73,base,near,single,1,1,0,0,1,0,3,0,3.72,5.640187444387442,5.64,0.09281255561255808,0.47250000352505594,0.06299999949987978,0.1785000010083119,measured_success,303
new_pf,close_pka,close_pka,3000303,74,base,medium,overlapping,2,1,0,0,1,0,10,8,12.659999999999998,5.96314450353772,5.96,0.053855496462280605,622.1356999958516,276.6926000113017,89.88283000071533,measured_success,303
new_ppo,close_pka,close_pka,3000303,74,base,medium,overlapping,2,1,0,0,1,0,12,5,15.449999999999996,6.080014496072465,6.08,0.06301449607246479,0.7431999838445336,0.11150001955684274,0.07122500028344803,measured_success,303
new_pf,close_pka,close_pka,3000303,75,base,medium,overlapping,3,1,1,0,1,0,7,5,5.91,5.863712361613693,5.86,0.011712361613692934,174.2182999951183,201.38460001180647,53.6575571438464,measured_success,303
new_ppo,close_pka,close_pka,3000303,75,base,medium,overlapping,3,1,1,0,1,0,1,0,4.02,5.807501096937772,5.81,0.04449890306222848,0.12409999908413738,0.014699995517730713,0.1387999946018681,measured_success,303
new_pf,close_pka,close_pka,3000303,76,base,far,overlapping,3,0,0,1,0,0,50,43,16.540000000000056,9.282891220273996,9.28,2.7138912202739958,2704.12750000105,1006.7098000072292,74.21674600016559,max_steps,303
new_ppo,close_pka,close_pka,3000303,76,base,far,overlapping,3,0,0,1,0,0,50,27,17.769999999999985,10.289073260120627,10.29,3.7200732601206274,4.198500006168615,0.7233999931486323,0.09843799998634495,max_steps,303
new_pf,close_pka,close_pka,3000303,77,base,medium,overlapping,2,1,0,0,1,0,13,8,13.43,6.368737987333944,6.37,0.08326201266605615,625.8498999814037,362.07599999033846,75.99429999782632,measured_success,303
new_ppo,close_pka,close_pka,3000303,77,base,medium,overlapping,2,1,0,0,1,0,5,2,8.909999999999998,6.368536207289907,6.37,0.08346379271009319,0.6468999999924563,0.09459999273531139,0.14829999854555354,measured_success,303
new_pf,close_pka,close_pka,3000303,78,acid,medium,overlapping,2,1,1,0,1,0,10,1,12.57,4.268658880122585,4.27,0.04534111987741518,92.00839998811716,199.0821000217693,29.109050000988645,measured_success,303
new_ppo,close_pka,close_pka,3000303,78,acid,medium,overlapping,2,1,0,0,1,0,10,0,10.629999999999999,4.404986811763239,4.4,0.09098681176323886,1.3064000086160377,0.19920000340789557,0.15056000120239332,measured_success,303
new_pf,close_pka,close_pka,3000303,79,base,medium,overlapping,3,1,0,0,1,0,3,0,3.59,3.577559240528914,3.58,0.06244075947108607,13.472599996021017,74.06740001169965,29.180000002573554,measured_success,303
new_ppo,close_pka,close_pka,3000303,79,base,medium,overlapping,3,1,1,0,1,0,2,1,3.8,3.659200005678821,3.66,0.019200005678821075,0.33569999504834414,0.048300003982149065,0.1919999995152466,measured_success,303
new_pf,close_pka,close_pka,3000303,80,acid,near,single,1,1,0,0,1,0,9,0,7.119999999999999,7.595257625678691,7.6,0.08625762567869089,142.3385000016424,153.81009999691742,32.90539999983998,measured_success,303
new_ppo,close_pka,close_pka,3000303,80,acid,near,single,1,1,0,0,1,0,15,0,7.180000000000001,7.591046434331723,7.59,0.08204643433172265,1.6576000052737072,0.2676999938557856,0.12835333327529952,measured_success,303
new_pf,close_pka,close_pka,3000303,81,acid,medium,overlapping,3,1,1,0,1,0,1,0,3.52,3.6230255812972993,3.62,2.5581297299126504e-05,44.19870000128867,42.528300000412855,86.72700000170153,measured_success,303
new_ppo,close_pka,close_pka,3000303,81,acid,medium,overlapping,3,1,0,0,1,0,2,0,3.1100000000000003,3.7040613717192636,3.7,0.08106137171926342,0.3958000015700236,0.05009999586036429,0.22294999871519394,measured_success,303
new_pf,close_pka,close_pka,3000303,82,acid,medium,overlapping,3,1,0,0,1,0,17,0,18.73,3.869194101796756,3.87,0.09219410179675602,77.5292999969679,326.58279999304796,23.771299999412697,measured_success,303
new_ppo,close_pka,close_pka,3000303,82,acid,medium,overlapping,3,1,0,0,1,0,12,0,19.36,3.839776104776904,3.84,0.06277610477690398,1.096899992262479,0.1829000102588907,0.10665000021011413,measured_success,303
new_pf,close_pka,close_pka,3000303,83,acid,far,overlapping,2,1,1,0,1,0,5,4,8.6,2.843152804268244,2.84,0.030152804268243738,329.5574999865494,143.47080000152346,94.60565999761457,measured_success,303
new_ppo,close_pka,close_pka,3000303,83,acid,far,overlapping,2,1,1,0,1,0,6,4,13.120000000000001,2.8486085450084193,2.85,0.035608545008419146,0.7320000004256144,0.11450000602053478,0.14108333440769152,measured_success,303
new_pf,close_pka,close_pka,3000303,84,base,near,single,1,1,1,0,1,0,3,2,3.2500000000000004,8.789601264601302,8.79,0.03339873539869842,74.4295999975293,103.60719999152934,59.34559999635288,measured_success,303
new_ppo,close_pka,close_pka,3000303,84,base,near,single,1,1,0,0,1,0,36,0,0.36000000000000015,8.729172848154626,8.73,0.0938271518453746,2.508200006559491,0.4286000330466777,0.08157777887794913,measured_success,303
new_pf,close_pka,close_pka,3000303,85,acid,near,single,1,1,0,0,1,0,2,2,2.25,3.868685203747815,3.87,0.09168520374781508,96.29590000258759,53.563100009341724,74.92950000596466,measured_success,303
new_ppo,close_pka,close_pka,3000303,85,acid,near,single,1,1,1,0,1,0,5,3,4.68,3.7588608868003464,3.76,0.018139113199653778,0.3502000035950914,0.051900009566452354,0.08042000263230875,measured_success,303
new_pf,close_pka,close_pka,3000303,86,acid,far,single,1,1,0,0,1,0,6,2,8.33,5.387073770970554,5.39,0.05607377097055366,162.71239999332465,136.8815999958315,49.932333331526024,measured_success,303
new_ppo,close_pka,close_pka,3000303,86,acid,far,single,1,1,0,0,1,0,9,4,13.069999999999999,5.420331388961364,5.42,0.08933138896136317,1.0030999983428046,0.14730000839335844,0.1278222229706848,measured_success,303
new_pf,close_pka,close_pka,3000303,87,base,near,overlapping,2,1,0,0,1,0,7,5,5.930000000000001,6.568869432242998,6.57,0.08686943224299792,414.87490000145044,216.462300006242,90.19102857252749,measured_success,303
new_ppo,close_pka,close_pka,3000303,87,base,near,overlapping,2,1,0,0,1,0,6,3,4.25,6.5688502911659405,6.57,0.08685029116594034,0.7650999905308709,0.11499998799990863,0.1466833297551299,measured_success,303
new_pf,close_pka,close_pka,3000303,88,base,medium,overlapping,2,1,0,0,1,0,5,2,9.64,5.702690289597195,5.7,0.07730971040280554,217.91769999981625,136.79039999260567,70.94161999848438,measured_success,303
new_ppo,close_pka,close_pka,3000303,88,base,medium,overlapping,2,1,0,0,1,0,3,2,9.61,5.714460725510472,5.71,0.06553927448952823,0.27269999554846436,0.03640000068116933,0.10303333207654457,measured_success,303
new_pf,close_pka,close_pka,3000303,89,base,far,overlapping,3,0,0,1,0,0,50,41,24.210000000000043,8.728318659526959,8.73,1.0893186595269588,2828.753899972071,1275.4283000031137,82.08364399950369,max_steps,303
new_ppo,close_pka,close_pka,3000303,89,base,far,overlapping,3,0,0,1,0,0,50,27,19.290000000000006,8.789154457344921,8.79,1.1501544573449207,3.46769999305252,0.6010000215610489,0.08137400029227138,max_steps,303
new_pf,close_pka,close_pka,3000303,90,base,near,overlapping,3,1,0,0,1,0,3,3,1.79,5.984555738221925,5.98,0.08055573822192486,12.986899993848056,90.70749999955297,34.56479999780034,measured_success,303
new_ppo,close_pka,close_pka,3000303,90,base,near,overlapping,3,1,0,0,1,0,3,1,3.3800000000000003,5.996701446980651,6.0,0.09270144698065153,0.37399999564513564,0.06509999366244301,0.14636666310252622,measured_success,303
new_pf,close_pka,close_pka,3000303,91,acid,near,single,1,1,0,0,1,0,4,2,2.02,5.312703190487678,5.31,0.07070319048767804,167.59479999745963,91.79399999266025,64.84719999752997,measured_success,303
new_ppo,close_pka,close_pka,3000303,91,acid,near,single,1,1,0,0,1,0,3,1,3.82,5.160204919043283,5.16,0.08179508095671739,0.23800000053597614,0.03189999551977962,0.08996666535191859,measured_success,303
new_pf,close_pka,close_pka,3000303,92,acid,far,single,1,1,0,0,1,0,11,7,13.36,3.613591877342474,3.61,0.0944081226575264,619.3161000192049,265.88519999495475,80.4728454558327,measured_success,303
new_ppo,close_pka,close_pka,3000303,92,acid,far,single,1,1,0,0,1,0,14,9,38.230000000000004,3.651334059017233,3.65,0.056665940982767005,1.4253000117605552,0.24800001119729131,0.11952143021127475,measured_success,303
new_pf,close_pka,close_pka,3000303,93,base,far,overlapping,3,0,0,1,0,0,50,45,15.979999999999993,9.028517109343738,9.03,2.3885171093437387,1429.4990000125836,766.9526000099722,43.929032000451116,max_steps,303
new_ppo,close_pka,close_pka,3000303,93,base,far,overlapping,3,0,0,1,0,0,50,25,33.78999999999998,9.455345789426985,9.46,2.8153457894269858,4.882799978076946,0.8719000179553404,0.11509399992064573,max_steps,303
new_pf,close_pka,close_pka,3000303,94,base,far,single,1,1,0,0,1,0,10,7,15.259999999999996,6.326278355708354,6.33,0.06627835570835394,502.06880000041565,283.9676000075997,78.60364000080153,measured_success,303
new_ppo,close_pka,close_pka,3000303,94,base,far,single,1,1,0,0,1,0,21,13,21.28,6.326887976646148,6.33,0.06688797664614832,2.0604999881470576,0.33650000841589645,0.11414285697918829,measured_success,303
new_pf,close_pka,close_pka,3000303,95,base,medium,overlapping,3,1,1,0,1,0,11,7,11.28,4.399085291067362,4.4,0.012085291067362114,253.65440002497053,210.68399999057874,42.212581819595385,measured_success,303
new_ppo,close_pka,close_pka,3000303,95,base,medium,overlapping,3,1,0,0,1,0,7,4,11.259999999999998,4.330771603704125,4.33,0.05622839629587428,0.7358999864663929,0.0945000138017349,0.1186285714668754,measured_success,303
new_pf,close_pka,close_pka,3000303,96,acid,medium,overlapping,2,1,1,0,1,0,3,0,7.72,2.0877455029437693,2.09,0.03974550294376922,134.03670000116108,72.7370999957202,68.92459999896043,measured_success,303
new_ppo,close_pka,close_pka,3000303,96,acid,medium,overlapping,2,1,0,0,1,0,2,1,8.43,1.9653635652437842,1.97,0.08263643475621585,0.28310000197961926,0.04199999966658652,0.1625500008231029,measured_success,303
new_pf,close_pka,close_pka,3000303,97,base,near,single,1,1,0,0,1,0,5,0,2.65,3.0345475522894922,3.03,0.09045244771050776,13.628000000608154,81.25949999521254,18.977499999164138,measured_success,303
new_ppo,close_pka,close_pka,3000303,97,base,near,single,1,1,0,0,1,0,2,0,2.7199999999999998,3.040302134249335,3.04,0.08469786575066518,0.1931000006152317,0.02269999822601676,0.10789999942062423,measured_success,303
new_pf,close_pka,close_pka,3000303,98,acid,near,overlapping,2,1,0,0,1,0,3,1,4.06,4.650163114244014,4.65,0.08983688575598592,60.18649999896297,98.38079999462934,52.85576666453077,measured_success,303
new_ppo,close_pka,close_pka,3000303,98,acid,near,overlapping,2,1,1,0,1,0,3,2,3.72,4.774526604040265,4.77,0.03452660404026453,0.4288000054657459,0.05819999933009967,0.16233333493194854,measured_success,303
new_pf,close_pka,close_pka,3000303,99,acid,medium,overlapping,2,1,1,0,1,0,3,1,6.16,2.1414076674486875,2.14,0.035592332551312555,177.72620000323514,80.10030000150437,85.9421666682465,measured_success,303
new_ppo,close_pka,close_pka,3000303,99,acid,medium,overlapping,2,1,0,0,1,0,3,2,5.09,2.2634181179543695,2.26,0.08641811795436949,0.3397999971639365,0.052600000344682485,0.13079999916953966,measured_success,303
new_pf,close_pka,close_pka,3000303,100,acid,medium,overlapping,3,1,0,0,1,0,4,1,7.65,3.743782027987417,3.74,0.07221797201258262,112.12309999245917,83.07960000820458,48.80067500016594,measured_success,303
new_ppo,close_pka,close_pka,3000303,100,acid,medium,overlapping,3,1,0,0,1,0,4,0,5.77,3.907408894999362,3.91,0.09140889499936211,0.5040999967604876,0.07470000127796084,0.1446999995096121,measured_success,303
new_pf,close_pka,close_pka,3000303,101,acid,medium,single,1,1,1,0,1,0,5,0,15.74,3.0620796708267184,3.06,0.02707967082671825,179.37100000563078,104.63520000485005,56.801240002096165,measured_success,303
new_ppo,close_pka,close_pka,3000303,101,acid,medium,single,1,1,1,0,1,0,4,1,15.89,3.0067511236932747,3.01,0.028248876306725457,0.3820000056293793,0.06960000609979033,0.11290000293229241,measured_success,303
new_pf,close_pka,close_pka,3000303,102,acid,far,single,1,1,0,0,1,0,14,9,18.850000000000005,3.7291687803952724,3.73,0.09283121960472762,724.6840999941924,249.2488999851048,69.56664285566409,measured_success,303
new_ppo,close_pka,close_pka,3000303,102,acid,far,single,1,1,0,0,1,0,11,6,22.380000000000003,3.8725298589069803,3.87,0.05052985890698025,0.7761000233585946,0.13020000187680125,0.08239091138503599,measured_success,303
new_pf,close_pka,close_pka,3000303,103,base,far,overlapping,3,1,1,0,1,0,15,8,24.979999999999997,5.2313565248040845,5.23,0.04464347519591527,736.4468999949167,414.5647999830544,76.73411333186475,measured_success,303
new_ppo,close_pka,close_pka,3000303,103,base,far,overlapping,3,1,1,0,1,0,15,8,27.8,5.234195358189481,5.23,0.04180464181051846,1.42680000863038,0.2252999911434017,0.11013999998491879,measured_success,303
new_pf,close_pka,close_pka,3000303,104,acid,medium,single,1,1,0,0,1,0,2,1,3.77,6.533699892095619,6.53,0.057300107904381115,5.754499994509388,58.64070000097854,32.197599997743964,measured_success,303
new_ppo,close_pka,close_pka,3000303,104,acid,medium,single,1,1,0,0,1,0,1,1,3.79,6.51487168000315,6.51,0.0761283199968501,0.15309999434975907,0.029199996788520366,0.18229999113827944,measured_success,303
new_pf,close_pka,close_pka,3000303,105,base,far,overlapping,3,0,0,1,0,0,50,43,21.350000000000055,9.119296330110274,9.12,1.1132963301102734,2536.026599984325,1050.2974999762955,71.72648199921241,max_steps,303
new_ppo,close_pka,close_pka,3000303,105,base,far,overlapping,3,0,0,1,0,0,50,29,21.580000000000005,10.028434620363313,10.03,2.0224346203633132,3.643100026238244,0.6439999851863831,0.08574200022849254,max_steps,303
new_pf,close_pka,close_pka,3000303,106,acid,medium,overlapping,2,1,0,0,1,0,7,0,12.83,3.0105094542100623,3.01,0.07950945421006228,89.81010000570677,172.64150001574308,37.49308571734998,measured_success,303
new_ppo,close_pka,close_pka,3000303,106,acid,medium,overlapping,2,1,0,0,1,0,8,0,12.709999999999999,3.0200954022009388,3.02,0.0890954022009387,0.7725000104983337,0.12630000128410757,0.11235000147280516,measured_success,303
new_pf,close_pka,close_pka,3000303,107,acid,medium,overlapping,2,1,1,0,1,0,4,0,10.16,3.2505023282213976,3.25,0.007502328221397736,120.08150000474416,98.96570000273641,54.76180000187014,measured_success,303
new_ppo,close_pka,close_pka,3000303,107,acid,medium,overlapping,2,1,0,0,1,0,4,0,9.83,3.2980820005367093,3.3,0.05508200053670942,0.3148000032524578,0.042300009226892143,0.08927500311983749,measured_success,303
new_pf,close_pka,close_pka,3000303,108,acid,medium,single,1,1,0,0,1,0,2,0,5.0,3.251220514337591,3.25,0.08322051433759103,53.90740000439109,67.82979999843519,60.86860000141314,measured_success,303
new_ppo,close_pka,close_pka,3000303,108,acid,medium,single,1,1,0,0,1,0,2,0,5.05,3.244701977881409,3.24,0.07670197788140865,0.18670000281417742,0.023100001271814108,0.10490000204299577,measured_success,303
new_pf,close_pka,close_pka,3000303,109,base,near,single,1,1,1,0,1,0,1,0,0.58,2.6870813288090076,2.69,0.022918671190992335,4.803599993465468,29.381299995293375,34.18489998875884,measured_success,303
new_ppo,close_pka,close_pka,3000303,109,base,near,single,1,1,1,0,1,0,2,1,2.7199999999999998,2.7150652558677386,2.72,0.0050652558677386494,0.30309999419841915,0.03500000457279384,0.1690499993856065,measured_success,303
new_pf,close_pka,close_pka,3000303,110,base,medium,overlapping,3,1,0,0,1,0,6,0,6.8100000000000005,4.616885194186496,4.62,0.05111480581350403,26.71130000089761,136.10690001223702,27.13636666885577,measured_success,303
new_ppo,close_pka,close_pka,3000303,110,base,medium,overlapping,3,1,1,0,1,0,5,0,6.859999999999999,4.628723764698966,4.63,0.03927623530103386,0.608000009378884,0.09379999391967431,0.14036000065971166,measured_success,303
new_pf,close_pka,close_pka,3000303,111,base,far,overlapping,2,0,0,1,0,0,50,40,24.30000000000005,5.309458203331587,5.31,1.005541796668413,2750.399099983042,1210.2367000261438,79.21271600018372,max_steps,303
new_ppo,close_pka,close_pka,3000303,111,base,far,overlapping,2,0,0,0,0,0,50,43,19.590000000000003,6.715083570492425,6.72,0.4000835704924244,5.700099965906702,0.9546999717713334,0.1330959987535607,max_steps,303
new_pf,close_pka,close_pka,3000303,112,base,far,single,1,1,0,0,1,0,8,5,9.799999999999997,8.97924732118166,8.98,0.08324732118165912,410.4269000017666,228.61520000151359,79.88026250041003,measured_success,303
new_ppo,close_pka,close_pka,3000303,112,base,far,single,1,1,1,0,1,0,6,4,11.779999999999998,8.870566344333668,8.87,0.025433655666333266,0.7708999983151443,0.12119999882997945,0.14868333285752064,measured_success,303
new_pf,close_pka,close_pka,3000303,113,acid,near,overlapping,2,1,1,0,1,0,2,0,3.7800000000000002,2.042777621656099,2.04,0.014777621656099083,100.73460000421619,43.75900000013644,72.24680000217631,measured_success,303
new_ppo,close_pka,close_pka,3000303,113,acid,near,overlapping,2,1,1,0,1,0,2,1,4.16,1.99440717056034,1.99,0.03359282943966013,0.2798999994411133,0.03569999535102397,0.15779999739606865,measured_success,303
new_pf,close_pka,close_pka,3000303,114,acid,near,single,1,1,1,0,1,0,2,1,2.02,3.0087067296083925,3.01,0.03529327039160757,69.43039999896428,54.24720000155503,61.83880000025965,measured_success,303
new_ppo,close_pka,close_pka,3000303,114,acid,near,single,1,1,0,0,1,0,2,2,3.1100000000000003,3.098630660285351,3.1,0.054630660285350796,0.19570000586099923,0.023800006601959467,0.10975000623147935,measured_success,303
new_pf,close_pka,close_pka,3000303,115,acid,near,overlapping,2,1,1,0,1,0,4,3,1.68,5.820286226735966,5.82,0.009713773264033776,215.33040000213077,108.31459999462822,80.91124999918975,measured_success,303
new_ppo,close_pka,close_pka,3000303,115,acid,near,overlapping,2,1,1,0,1,0,3,2,3.96,5.864784702902195,5.86,0.034784702902195264,0.41170000622514635,0.05589999636868015,0.1558666675312755,measured_success,303
new_pf,close_pka,close_pka,3000303,116,acid,near,overlapping,3,1,0,0,1,0,3,1,5.22,2.9339260920283508,2.93,0.05907390797164913,56.93970000720583,50.90609999751905,35.94860000157496,measured_success,303
new_ppo,close_pka,close_pka,3000303,116,acid,near,overlapping,3,1,0,0,1,0,3,0,3.91,3.0678054502154604,3.07,0.07480545021546048,0.4287999981897883,0.0594000011915341,0.16273333312710747,measured_success,303
new_pf,close_pka,close_pka,3000303,117,acid,medium,overlapping,2,1,0,0,1,0,3,1,5.38,5.305756093328878,5.31,0.08524390667112236,90.76500000082888,74.28470000013476,55.01656666698788,measured_success,303
new_ppo,close_pka,close_pka,3000303,117,acid,medium,overlapping,2,1,1,0,1,0,2,0,3.1100000000000003,5.427641547197906,5.43,0.03664154719790602,0.2938999969046563,0.0484000047435984,0.17115000082412735,measured_success,303
new_pf,close_pka,close_pka,3000303,118,acid,near,overlapping,2,1,0,0,1,0,6,5,3.12,3.2303038698242084,3.23,0.06869613017579157,314.2995999951381,128.1624000039301,73.74366666651137,measured_success,303
new_ppo,close_pka,close_pka,3000303,118,acid,near,overlapping,2,1,1,0,1,0,5,3,5.489999999999999,3.2943545014726165,3.29,0.004645498527383385,0.6745000064256601,0.09890001820167527,0.15468000492546707,measured_success,303
new_pf,close_pka,close_pka,3000303,119,acid,medium,overlapping,2,1,0,0,1,0,3,0,8.16,1.8642302337268837,1.86,0.07923023372688376,208.17410000017844,99.00249999191146,102.3921999973633,measured_success,303
new_ppo,close_pka,close_pka,3000303,119,acid,medium,overlapping,2,1,1,0,1,0,2,0,8.43,1.833475013646983,1.83,0.048475013646983145,0.3223000021534972,0.0486999997519888,0.185500000952743,measured_success,303
new_pf,close_pka,close_pka,3000303,120,base,far,overlapping,2,1,0,0,1,0,9,8,12.209999999999997,7.5792322804439465,7.58,0.08576771955605356,394.90179999847896,232.39670000475598,69.69983333369277,measured_success,303
new_ppo,close_pka,close_pka,3000303,120,base,far,overlapping,2,1,0,0,1,0,17,8,19.669999999999998,7.57894314823875,7.58,0.08605685176125011,1.8795999931171536,0.3313000124762766,0.1300529415054959,measured_success,303
new_pf,close_pka,close_pka,3000303,121,base,medium,overlapping,3,1,0,0,1,0,8,0,12.280000000000001,3.660488732658135,3.66,0.07851126734186487,113.55969999567606,160.91659999801777,34.30953749921173,measured_success,303
new_ppo,close_pka,close_pka,3000303,121,base,medium,overlapping,3,1,0,0,1,0,7,0,12.149999999999999,3.643493481940805,3.64,0.09550651805919497,0.8548000041628256,0.13649999891640618,0.14161428615417598,measured_success,303
new_pf,close_pka,close_pka,3000303,122,base,near,overlapping,3,1,0,0,1,0,6,0,4.51,3.170369809462257,3.17,0.09763019053774258,79.19069998024497,87.32990000135032,27.75343333026588,measured_success,303
new_ppo,close_pka,close_pka,3000303,122,base,near,overlapping,3,1,0,0,1,0,7,0,4.63,3.1792657790166796,3.18,0.08873422098332018,0.9362000055261888,0.13910000416217372,0.1536142870983375,measured_success,303
new_pf,close_pka,close_pka,3000303,123,base,medium,overlapping,2,0,0,0,0,0,50,46,14.089999999999995,6.128341123218092,6.13,0.3756588767819071,2109.8314999762806,1022.6009999823873,62.64864999917336,max_steps,303
new_ppo,close_pka,close_pka,3000303,123,base,medium,overlapping,2,0,0,1,0,0,50,23,26.709999999999983,10.259544432223077,10.26,3.7555444322230773,5.211000010604039,0.8872000253177248,0.12196400071843527,max_steps,303
new_pf,close_pka,close_pka,3000303,124,acid,medium,overlapping,2,1,1,0,1,0,1,0,3.75,5.269634586948827,5.27,0.0006345869488271205,38.59599999850616,49.57719999947585,88.17319999798201,measured_success,303
new_ppo,close_pka,close_pka,3000303,124,acid,medium,overlapping,2,1,1,0,1,0,3,0,3.72,5.274312918617593,5.27,0.0053129186175926435,0.5364999960875139,0.06089999806135893,0.1991333313829576,measured_success,303
new_pf,close_pka,close_pka,3000303,125,acid,near,overlapping,2,1,0,0,1,0,1,0,1.88,1.9952930461836682,2.0,0.061293046183668265,54.310600004100706,45.14119999657851,99.45180000067921,measured_success,303
new_ppo,close_pka,close_pka,3000303,125,acid,near,overlapping,2,1,0,0,1,0,1,1,2.75,1.8592998668223184,1.86,0.07470013317768154,0.11690000246744603,0.029499999072868377,0.1464000015403144,measured_success,303
new_pf,close_pka,close_pka,3000303,126,acid,near,overlapping,2,1,0,0,1,0,1,0,1.79,5.2572619936682425,5.26,0.06926199366824282,35.14320000249427,39.06789999746252,74.21109999995679,measured_success,303
new_ppo,close_pka,close_pka,3000303,126,acid,near,overlapping,2,1,1,0,1,0,1,0,2.06,5.2036881543926725,5.2,0.015688154392672793,0.21569999807979912,0.021200001356191933,0.23689999943599105,measured_success,303
new_pf,close_pka,close_pka,3000303,127,base,far,overlapping,2,0,0,0,0,0,50,42,20.970000000000056,5.421242198344771,5.42,0.4447578016552285,2884.7543000010774,1084.223199977714,79.37954999957583,max_steps,303
new_ppo,close_pka,close_pka,3000303,127,base,far,overlapping,2,0,0,1,0,0,50,40,20.109999999999992,4.675605689590144,4.68,1.1903943104098555,4.945800006680656,0.8278000095742755,0.11547200032509863,max_steps,303
new_pf,close_pka,close_pka,3000303,128,acid,far,single,1,1,0,0,1,0,11,7,14.02,4.008942283862995,4.01,0.07305771613700518,584.5871999990777,241.80459998024162,75.1265272708472,measured_success,303
new_ppo,close_pka,close_pka,3000303,128,acid,far,single,1,1,0,0,1,0,20,13,44.57,4.0084019733958804,4.01,0.0735980266041194,2.121400029864162,0.37200000224402174,0.1246700016054092,measured_success,303
new_pf,close_pka,close_pka,3000303,129,acid,medium,overlapping,2,1,1,0,1,0,5,2,10.59,3.01804633291343,3.02,0.019046332913430053,216.15929999825312,130.74710000364576,69.38128000037977,measured_success,303
new_ppo,close_pka,close_pka,3000303,129,acid,medium,overlapping,2,1,1,0,1,0,4,1,11.34,2.9908524871867224,2.99,0.008147512813277746,0.5190999945625663,0.07449999975506216,0.1483999985794071,measured_success,303
new_pf,close_pka,close_pka,3000303,130,acid,medium,overlapping,2,1,0,0,1,0,2,0,4.92,4.008041981988471,4.01,0.09504198198847158,74.88509999529924,86.29320000181906,80.58914999855915,measured_success,303
new_ppo,close_pka,close_pka,3000303,130,acid,medium,overlapping,2,1,0,0,1,0,2,0,5.050000000000001,3.988810997771699,3.99,0.0758109977716992,0.34049999521812424,0.039000005926936865,0.18975000057253055,measured_success,303
new_pf,close_pka,close_pka,3000303,131,base,near,overlapping,2,1,0,0,1,0,1,0,0.75,4.791648538631394,4.79,0.08935146136860617,56.80860000575194,18.735199999355245,75.54380000510719,measured_success,303
new_ppo,close_pka,close_pka,3000303,131,base,near,overlapping,2,1,1,0,1,0,2,2,3.1100000000000003,4.839457838145247,4.84,0.041542161854753346,0.19970000721514225,0.023600005079060793,0.11165000614710152,measured_success,303
new_pf,close_pka,close_pka,3000303,132,base,far,overlapping,2,1,1,0,1,0,10,5,18.380000000000006,6.038297441235102,6.04,0.025297441235101914,513.0405999952927,271.28960000845836,78.43302000037511,measured_success,303
new_ppo,close_pka,close_pka,3000303,132,base,far,overlapping,2,1,0,0,1,0,9,3,16.81,6.084418553149149,6.08,0.07141855314914913,1.0163000115426257,0.15279999206541106,0.12990000040089297,measured_success,303
new_pf,close_pka,close_pka,3000303,133,acid,medium,single,1,1,0,0,1,0,4,0,9.260000000000002,1.5976344383538041,1.6,0.06763443835380412,127.04310000117403,102.50490000180434,57.38700000074459,measured_success,303
new_ppo,close_pka,close_pka,3000303,133,acid,medium,single,1,1,1,0,1,0,5,0,9.63,1.5784907949656293,1.58,0.04849079496562925,0.6815000015194528,0.09779999527381733,0.15585999935865402,measured_success,303
new_pf,close_pka,close_pka,3000303,134,acid,medium,overlapping,2,1,0,0,1,0,4,0,10.54,2.222556182024447,2.22,0.08355618202444726,206.9271000000299,127.0896999994875,83.50419999987935,measured_success,303
new_ppo,close_pka,close_pka,3000303,134,acid,medium,overlapping,2,1,1,0,1,0,4,1,11.34,2.1071792441411805,2.11,0.03182075585881927,0.5287000094540417,0.08090000483207405,0.15240000357152894,measured_success,303
new_pf,close_pka,close_pka,3000303,135,acid,near,single,1,1,1,0,1,0,1,1,0.57,5.163382844804023,5.16,0.03261715519597708,2.249400000437163,33.39099999720929,35.640399997646455,measured_success,303
new_ppo,close_pka,close_pka,3000303,135,acid,near,single,1,1,0,0,1,0,3,2,3.77,5.25211989068325,5.25,0.05611989068325052,0.4513000094448216,0.06429999484680593,0.17186666809720919,measured_success,303
new_pf,close_pka,close_pka,3000303,136,acid,medium,overlapping,3,1,0,0,1,0,17,0,14.88,2.5315244541979247,2.53,0.09552445419792477,58.96029999712482,263.93450003524777,18.99381176661015,measured_success,303
new_ppo,close_pka,close_pka,3000303,136,acid,medium,overlapping,3,1,0,0,1,0,11,0,15.14,2.5197892172497696,2.52,0.08378921724976962,1.0414999851491302,0.17510000907350332,0.11059999947478487,measured_success,303
new_pf,close_pka,close_pka,3000303,137,acid,near,overlapping,2,1,0,0,1,0,14,0,10.280000000000001,3.3375937380929015,3.34,0.09759373809290128,51.04399999981979,230.96379998605698,20.143414284705482,measured_success,303
new_ppo,close_pka,close_pka,3000303,137,acid,near,overlapping,2,1,1,0,1,0,10,0,11.459999999999997,3.274676606232922,3.27,0.03467660623292179,1.0961999869323336,0.1917000045068562,0.12878999914391898,measured_success,303
new_pf,close_pka,close_pka,3000303,138,base,far,overlapping,2,1,1,0,1,0,14,10,16.69,5.891822779086937,5.89,0.02117722091306362,727.8028999935486,350.8563000068534,77.04708571431443,measured_success,303
new_ppo,close_pka,close_pka,3000303,138,base,far,overlapping,2,1,1,0,1,0,21,10,19.61,5.892488883021906,5.89,0.020511116978093824,2.311099997314159,0.3494999837130308,0.12669523719177095,measured_success,303
new_pf,close_pka,close_pka,3000303,139,acid,medium,single,1,1,1,0,1,0,2,1,6.0,3.381993796641421,3.38,0.020006203358579278,114.58600000332808,79.6072999946773,97.0966499990027,measured_success,303
new_ppo,close_pka,close_pka,3000303,139,acid,medium,single,1,1,1,0,1,0,6,4,11.620000000000001,3.4275181456224537,3.43,0.02551814562245358,0.7293000016943552,0.1047000041580759,0.13900000097540519,measured_success,303
new_pf,close_pka,close_pka,3000303,140,acid,medium,overlapping,3,0,0,0,1,1,15,0,15.0,4.300869176406334,4.3,0.10086917640633342,69.41410000581527,290.2602999965893,23.97829333349364,measured_success,303
new_ppo,close_pka,close_pka,3000303,140,acid,medium,overlapping,3,1,0,0,1,0,15,0,15.169999999999996,4.293546603868192,4.29,0.0935466038681918,1.3399999952525832,0.2331999858142808,0.10487999873779093,measured_success,303
new_pf,close_pka,close_pka,3000303,141,base,far,overlapping,3,0,0,1,0,0,50,46,15.649999999999993,7.334928576723257,7.33,0.8420714232767423,2679.8143000196433,1070.5510000043432,75.00730600047973,max_steps,303
new_ppo,close_pka,close_pka,3000303,141,base,far,overlapping,3,0,0,1,0,0,50,39,16.629999999999995,9.503014059300114,9.5,1.326014059300114,5.469899995659944,0.9117999579757452,0.12763399907271378,max_steps,303
new_pf,close_pka,close_pka,3000303,142,base,medium,overlapping,3,1,1,0,1,0,6,0,7.27,5.024389692297211,5.02,0.04361030770278873,20.740899999509566,101.55589999340009,20.382799998818275,measured_success,303
new_ppo,close_pka,close_pka,3000303,142,base,medium,overlapping,3,1,0,0,1,0,5,0,7.229999999999999,5.013935760734862,5.01,0.054064239265137815,0.5900000032852404,0.10749999637482688,0.13949999993201345,measured_success,303
new_pf,close_pka,close_pka,3000303,143,base,medium,single,1,1,0,0,1,0,8,6,15.079999999999997,6.877691199666527,6.88,0.0783088003334731,386.7282999926829,208.5043999904883,74.4040874978964,measured_success,303
new_ppo,close_pka,close_pka,3000303,143,base,medium,single,1,1,1,0,1,0,5,2,9.84,6.9444969900675595,6.94,0.01150300993244091,0.6070999952498823,0.08830000297166407,0.13907999964430928,measured_success,303
new_pf,close_pka,close_pka,3000303,144,base,medium,overlapping,3,1,0,0,1,0,21,0,23.509999999999998,4.660455546513335,4.66,0.08954445348666518,70.14859999617329,308.526199994958,18.032133332911013,measured_success,303
new_ppo,close_pka,close_pka,3000303,144,base,medium,overlapping,3,0,0,0,1,1,35,0,23.309999999999977,4.649605754193958,4.65,0.10039424580604184,3.902799988281913,0.6286000207182951,0.12946857168572024,measured_success,303
new_pf,close_pka,close_pka,3000303,145,base,medium,overlapping,2,1,0,0,1,0,3,0,3.88,3.7742455023811665,3.77,0.07575449761883357,9.060500000487082,61.42629999521887,23.49559999856865,measured_success,303
new_ppo,close_pka,close_pka,3000303,145,base,medium,overlapping,2,1,1,0,1,0,4,1,4.7,3.869696559340075,3.87,0.01969655934007486,0.3971999976783991,0.056900011259131134,0.11352500223438255,measured_success,303
new_pf,close_pka,close_pka,3000303,146,acid,medium,overlapping,2,1,1,0,1,0,1,0,3.43,5.211733428427561,5.21,0.01973342842756054,51.44319999817526,55.00620000384515,106.44940000202041,measured_success,303
new_ppo,close_pka,close_pka,3000303,146,acid,medium,overlapping,2,1,0,0,1,0,2,0,3.1100000000000003,5.279700654444813,5.28,0.0877006544448129,0.2674999923328869,0.036400007957126945,0.15195000014500692,measured_success,303
new_pf,close_pka,close_pka,3000303,147,base,far,overlapping,3,0,0,0,0,0,50,40,17.07000000000005,6.323345675124759,6.32,0.24565432487524053,2648.3808999619214,970.5273999788915,72.37816599881626,max_steps,303
new_ppo,close_pka,close_pka,3000303,147,base,far,overlapping,3,0,0,1,0,0,50,29,26.18999999999999,10.174950366467012,10.17,3.6059503664670123,4.237299952364992,0.7473999794456176,0.0996939986362122,max_steps,303
new_pf,close_pka,close_pka,3000303,148,acid,medium,single,1,1,1,0,1,0,6,4,4.8100000000000005,4.557195841884361,4.56,0.00519584188436184,356.78339999867603,170.4612000103225,87.87410000149976,measured_success,303
new_ppo,close_pka,close_pka,3000303,148,acid,medium,single,1,1,1,0,1,0,5,4,4.16,4.5815064568797546,4.58,0.02950645687975495,0.6649999995715916,0.10259999544359744,0.1535199990030378,measured_success,303
new_pf,close_pka,close_pka,3000303,149,acid,medium,overlapping,3,1,0,0,1,0,2,1,6.35,2.5772037118977975,2.58,0.08679628810220263,104.73599999386352,84.80089999648044,94.76844999517198,measured_success,303
new_ppo,close_pka,close_pka,3000303,149,acid,medium,overlapping,3,1,0,0,1,0,3,1,7.61,2.573417111302602,2.57,0.09058288869739828,0.40920000174082816,0.059100006183143705,0.15610000264132395,measured_success,303
new_pf,close_pka,close_pka,3000303,150,base,near,overlapping,3,1,0,0,1,0,5,0,2.5500000000000003,3.637745348405846,3.64,0.08625465159415402,21.01599999150494,94.66879999672528,23.136959997646045,measured_success,303
new_ppo,close_pka,close_pka,3000303,150,base,near,overlapping,3,1,1,0,1,0,2,0,3.1100000000000003,3.6792773073438205,3.68,0.044722692656179674,0.19850000535370782,0.026699999580159783,0.1126000024669338,measured_success,303
new_pf,close_pka,close_pka,3000303,151,base,far,overlapping,2,1,0,0,1,0,13,8,13.409999999999998,4.71286471921438,4.71,0.06413528078561992,543.3055999747012,313.37450000137324,65.8984692289288,measured_success,303
new_ppo,close_pka,close_pka,3000303,151,base,far,overlapping,2,1,0,0,1,0,6,4,14.43,4.715611319919564,4.72,0.06138868008043641,0.7847000160836615,0.109200002043508,0.14898333635452823,measured_success,303
new_pf,close_pka,close_pka,3000303,152,base,near,single,1,1,1,0,1,0,3,1,4.06,8.335938395085055,8.34,0.044938395085054594,46.14180000498891,79.27779999590712,41.80653333363201,measured_success,303
new_ppo,close_pka,close_pka,3000303,152,base,near,single,1,1,0,0,1,0,3,1,2.94,8.342076554222249,8.34,0.05107655422224866,0.497499990160577,0.06900000153109431,0.18883333056389043,measured_success,303
new_pf,close_pka,close_pka,3000303,153,base,medium,overlapping,2,1,0,0,1,0,10,0,12.430000000000001,4.999046233077223,5.0,0.07395376692277722,76.36449999699835,147.28509999986272,22.364959999686107,measured_success,303
new_ppo,close_pka,close_pka,3000303,153,base,medium,overlapping,2,1,0,0,1,0,15,0,12.319999999999993,4.985733712871909,4.99,0.08726628712809159,1.3540999934775755,0.2159000068786554,0.1046666666904154,measured_success,303
new_pf,close_pka,close_pka,3000303,154,acid,near,single,1,1,1,0,1,0,1,0,1.64,5.203867122191312,5.2,0.04286712219131239,52.28950000309851,38.509999998495914,90.79950000159442,measured_success,303
new_ppo,close_pka,close_pka,3000303,154,acid,near,single,1,1,1,0,1,0,1,1,2.06,5.127060388160091,5.13,0.03393961183990868,0.21329999435693026,0.020700004824902862,0.23399999918183312,measured_success,303
new_pf,close_pka,close_pka,3000303,155,base,medium,single,1,1,0,0,1,0,8,0,11.810000000000002,7.6828394265792,7.68,0.07416057342079974,220.44520001509227,168.39429999527056,48.60493750129535,measured_success,303
new_ppo,close_pka,close_pka,3000303,155,base,medium,single,1,1,1,0,1,0,4,0,12.14,7.735214124120114,7.74,0.021785875879885452,0.49279999802820385,0.06959999882383272,0.14059999921300914,measured_success,303
new_pf,close_pka,close_pka,3000303,156,acid,near,overlapping,2,1,0,0,1,0,2,1,5.24,4.274094672025894,4.27,0.06590532797410553,107.54910000105156,44.13140000542626,75.8402500032389,measured_success,303
new_ppo,close_pka,close_pka,3000303,156,acid,near,overlapping,2,1,0,0,1,0,4,0,4.01,4.42448302094415,4.42,0.08448302094415006,0.5247000008239411,0.07779998850310221,0.15062499733176082,measured_success,303
new_pf,close_pka,close_pka,3000303,157,base,medium,overlapping,2,1,1,0,1,0,10,6,10.809999999999999,7.893945898997686,7.89,0.042054101002314326,590.5317000069772,286.78459999355255,87.73163000005297,measured_success,303
new_ppo,close_pka,close_pka,3000303,157,base,medium,overlapping,2,1,1,0,1,0,11,6,12.090000000000002,7.8936821690856505,7.89,0.042317830914349486,1.1490999968373217,0.16799999866634607,0.11973636322760615,measured_success,303
new_pf,close_pka,close_pka,3000303,158,base,near,single,1,1,0,0,1,0,1,1,1.04,8.239653297350124,8.24,0.05365329735012381,3.9640000031795353,31.8184999996447,35.782500002824236,measured_success,303
new_ppo,close_pka,close_pka,3000303,158,base,near,single,1,1,1,0,1,0,2,1,3.1100000000000003,8.227839765939464,8.23,0.04183976593946426,0.3217999983462505,0.03989999822806567,0.1808499982871581,measured_success,303
new_pf,close_pka,close_pka,3000303,159,acid,far,single,1,1,0,0,1,0,3,2,8.49,2.3898331447017407,2.39,0.05083314470174072,206.60990000033053,98.32010000536684,101.64333333523246,measured_success,303
new_ppo,close_pka,close_pka,3000303,159,acid,far,single,1,1,0,0,1,0,2,1,7.46,2.2552589577472544,2.26,0.08374104225274559,0.3281999961473048,0.040199993236456066,0.18419999469188042,measured_success,303
new_pf,close_pka,close_pka,3000303,160,base,medium,single,1,1,0,0,1,0,4,4,6.9799999999999995,7.534078702439421,7.53,0.05792129756057829,264.465599997493,149.14850000059232,103.40352499952132,measured_success,303
new_ppo,close_pka,close_pka,3000303,160,base,medium,single,1,1,0,0,1,0,15,6,15.019999999999998,7.5340131251998965,7.53,0.057986874800103116,1.5398999967146665,0.2745000019785948,0.12095999991288409,measured_success,303
new_pf,close_pka,close_pka,3000303,161,base,near,single,1,1,0,0,1,0,1,0,0.83,8.482259808487722,8.48,0.0517401915122786,2.3838999986764975,25.411100003111642,27.79500000178814,measured_success,303
new_ppo,close_pka,close_pka,3000303,161,base,near,single,1,0,0,0,0,0,50,0,0.5000000000000002,8.368462189854455,8.37,0.1655378101455458,3.720799992152024,0.6074999691918492,0.08656599922687747,max_steps,303
new_pf,close_pka,close_pka,3000303,162,base,near,overlapping,2,1,0,0,1,0,3,0,1.73,3.8216606631733763,3.82,0.06833933682662385,8.524099990609102,55.917100005899556,21.48039999883622,measured_success,303
new_ppo,close_pka,close_pka,3000303,162,base,near,overlapping,2,1,1,0,1,0,1,0,2.06,3.878858082531141,3.88,0.011141917468858953,0.11539999832166359,0.01340000017080456,0.12879999849246815,measured_success,303
new_pf,close_pka,close_pka,3000303,163,base,near,single,1,1,1,0,1,0,4,3,6.950000000000001,7.120406760143311,7.12,0.025406760143311224,229.455799999414,144.24540000618435,93.42530000139959,measured_success,303
new_ppo,close_pka,close_pka,3000303,163,base,near,single,1,1,1,0,1,0,3,2,3.3800000000000003,7.051511431401343,7.05,0.04348856859865702,0.4208000027574599,0.05679999594576657,0.15919999956774214,measured_success,303
new_pf,close_pka,close_pka,3000303,164,base,near,overlapping,3,1,1,0,1,0,2,1,2.06,3.647832336667645,3.65,0.031832336667644956,69.57830000465037,58.02639999456005,63.80234999960521,measured_success,303
new_ppo,close_pka,close_pka,3000303,164,base,near,overlapping,3,1,1,0,1,0,1,1,2.06,3.647832336667645,3.65,0.031832336667644956,0.22629999875789508,0.022300002456177026,0.2486000012140721,measured_success,303
new_pf,close_pka,close_pka,3000303,165,acid,medium,overlapping,2,1,1,0,1,0,1,1,3.08,5.276181206776005,5.28,0.030818793223994945,64.96740000147838,60.16570000065258,125.13310000213096,measured_success,303
new_ppo,close_pka,close_pka,3000303,165,acid,medium,overlapping,2,1,1,0,1,0,2,1,3.1100000000000003,5.27109453445911,5.27,0.0359054655408908,0.3209999995306134,0.040099999750964344,0.18054999964078888,measured_success,303
new_pf,close_pka,close_pka,3000303,166,acid,medium,single,1,1,0,0,1,0,3,2,4.49,2.4967802533315,2.5,0.08678025333149986,199.00739999866346,91.57460000278661,96.86066666715003,measured_success,303
new_ppo,close_pka,close_pka,3000303,166,acid,medium,single,1,1,1,0,1,0,5,4,6.68,2.4304481405994034,2.43,0.020448140599403253,0.5807999987155199,0.08260000322479755,0.1326800003880635,measured_success,303
new_pf,close_pka,close_pka,3000303,167,base,medium,single,1,1,0,0,1,0,4,3,4.94,3.5868072388305734,3.59,0.0948072388305734,80.14109999203356,117.08599999838043,49.3067749976035,measured_success,303
new_ppo,close_pka,close_pka,3000303,167,base,medium,single,1,1,1,0,1,0,3,2,4.42,3.45304221140689,3.45,0.03895778859310983,0.43360000563552603,0.05740000051446259,0.16366666871666288,measured_success,303
new_pf,close_pka,close_pka,3000303,168,base,near,overlapping,2,1,1,0,1,0,2,1,1.6,3.4032886612798743,3.4,0.03328866127987418,73.17689999763388,47.64219999924535,60.409549998439616,measured_success,303
new_ppo,close_pka,close_pka,3000303,168,base,near,overlapping,2,1,1,0,1,0,1,1,1.67,3.4190986126560583,3.42,0.049098612656058194,0.11919999815290794,0.012699994840659201,0.13189999299356714,measured_success,303
new_pf,close_pka,close_pka,3000303,169,acid,medium,overlapping,2,1,0,0,1,0,8,0,7.5600000000000005,4.989301123856279,4.99,0.0853011238562793,75.7623000026797,146.12499999202555,27.735912499338156,measured_success,303
new_ppo,close_pka,close_pka,3000303,169,acid,medium,overlapping,2,1,0,0,1,0,14,0,7.370000000000001,5.001570454367641,5.0,0.09757045436764145,1.0710000060498714,0.19130000146105886,0.09016428625078074,measured_success,303
new_pf,close_pka,close_pka,3000303,170,base,near,single,1,1,0,0,1,0,1,1,0.82,6.891162374285852,6.89,0.05216237428585124,4.7158000015770085,32.27300000435207,36.98880000592908,measured_success,303
new_ppo,close_pka,close_pka,3000303,170,base,near,single,1,1,1,0,1,0,4,2,3.4200000000000004,6.82952493103225,6.83,0.009475068967750744,0.7020999837550335,0.08480000542476773,0.1967249972949503,measured_success,303
new_pf,close_pka,close_pka,3000303,171,acid,medium,single,1,1,0,0,1,0,6,0,5.33,6.8834325382923485,6.88,0.07243253829234853,83.74240001285216,104.85419999895385,31.432766668634333,measured_success,303
new_ppo,close_pka,close_pka,3000303,171,acid,medium,single,1,1,0,0,1,0,8,0,5.15,6.905032482541742,6.91,0.09403248254174201,0.7544000036432408,0.10909999400610104,0.10793749970616773,measured_success,303
new_pf,close_pka,close_pka,3000303,172,base,medium,single,1,1,1,0,1,0,1,0,2.08,6.810116160070825,6.81,0.012883839929175522,2.1353999982238747,26.14529999846127,28.280699996685144,measured_success,303
new_ppo,close_pka,close_pka,3000303,172,base,medium,single,1,1,1,0,1,0,1,0,2.06,6.803764620081484,6.8,0.019235379918516315,0.11959999392274767,0.027900001441594213,0.14749999536434188,measured_success,303
new_pf,close_pka,close_pka,3000303,173,base,medium,overlapping,2,1,1,0,1,0,9,5,6.17,7.764526521270703,7.76,0.004526521270703299,340.92349999264115,187.16660000791308,58.67667777783936,measured_success,303
new_ppo,close_pka,close_pka,3000303,173,base,medium,overlapping,2,1,0,0,1,0,8,5,9.86,7.833669227493207,7.83,0.07366922749320715,0.9181999921565875,0.1528000066173263,0.13387499984673923,measured_success,303
new_pf,close_pka,close_pka,3000303,174,base,far,overlapping,2,0,0,0,0,0,50,46,19.96000000000005,5.2605099049655415,5.26,0.33749009503445837,2553.932700000587,954.8882000017329,70.1764180000464,max_steps,303
new_ppo,close_pka,close_pka,3000303,174,base,far,overlapping,2,0,0,0,0,0,50,32,41.25999999999997,5.295340439688971,5.3,0.3026595603110289,4.702100013673771,0.8472999979858287,0.110988000233192,max_steps,303
new_pf,close_pka,close_pka,3000303,175,acid,medium,single,1,1,1,0,1,0,3,2,3.89,7.374479706841441,7.37,0.04447970684144131,66.89370000094641,83.49369999632472,50.12913333242371,measured_success,303
new_ppo,close_pka,close_pka,3000303,175,acid,medium,single,1,1,0,0,1,0,1,1,2.06,7.247348274153218,7.25,0.08265172584678204,0.2426999999443069,0.01889999839477241,0.2615999983390793,measured_success,303
new_pf,close_pka,close_pka,3000303,176,base,medium,overlapping,3,1,1,0,1,0,7,2,17.380000000000003,5.620079891903222,5.62,0.046920108096777824,73.73959999677027,159.486199998355,33.31797142787504,measured_success,303
new_ppo,close_pka,close_pka,3000303,176,base,medium,overlapping,3,0,0,0,0,0,50,45,30.45999999999996,5.884150469622821,5.88,0.2171504696228208,3.8266999981715344,0.6158000323921442,0.08885000061127357,max_steps,303
new_pf,close_pka,close_pka,3000303,177,base,near,overlapping,2,1,0,0,1,0,4,0,1.65,3.465164071581075,3.47,0.09183592841892496,15.960299992002547,87.38499999890337,25.83632499772648,measured_success,303
new_ppo,close_pka,close_pka,3000303,177,base,near,overlapping,2,1,0,0,1,0,1,0,2.06,3.4914128376149485,3.49,0.06558716238505147,0.24780000239843503,0.022400003217626363,0.2702000056160614,measured_success,303
new_pf,close_pka,close_pka,3000303,178,acid,near,overlapping,2,1,1,0,1,0,2,1,1.48,5.936132498321612,5.94,0.04886750167838816,75.29179999983171,79.3519000071683,77.3218500035,measured_success,303
new_ppo,close_pka,close_pka,3000303,178,acid,near,overlapping,2,1,1,0,1,0,3,2,3.77,6.032848533820548,6.03,0.04784853382054788,0.42779999785125256,0.05819999933009967,0.16199999906045073,measured_success,303
new_pf,close_pka,close_pka,3000303,179,acid,medium,overlapping,2,1,1,0,1,0,5,4,6.18,3.2367383187864407,3.24,0.0027383187864407077,318.820800013782,136.84579999971902,91.1333200027002,measured_success,303
new_ppo,close_pka,close_pka,3000303,179,acid,medium,overlapping,2,0,0,0,0,0,50,47,21.679999999999964,3.130864221824237,3.13,0.10313577817576292,4.93450001522433,0.8665000277687795,0.1160200008598622,max_steps,303
new_pf,close_pka,close_pka,3000303,180,acid,near,single,1,1,0,0,1,0,2,2,2.08,4.1356203600795425,4.14,0.06862036007954231,73.3678000033251,43.709499994292855,58.53864999880898,measured_success,303
new_ppo,close_pka,close_pka,3000303,180,acid,near,single,1,1,1,0,1,0,4,3,4.39,4.045178020382469,4.05,0.021821979617531184,0.2733000001171604,0.040399987483397126,0.07842499690013938,measured_success,303
new_pf,close_pka,close_pka,3000303,181,base,medium,overlapping,3,1,1,0,1,0,10,0,20.21,3.566860130500009,3.57,0.047139869499990716,35.548300002119504,188.2962000090629,22.38445000111824,measured_success,303
new_ppo,close_pka,close_pka,3000303,181,base,medium,overlapping,3,1,0,0,1,0,9,0,20.12,3.5431043399665745,3.54,0.0708956600334254,1.0731000002124347,0.1788000008673407,0.13910000011997503,measured_success,303
new_pf,close_pka,close_pka,3000303,182,base,medium,single,1,1,1,0,1,0,15,8,12.750000000000002,6.760129554396961,6.76,0.019870445603038966,925.8190000036848,387.1967000013683,87.53438000033687,measured_success,303
new_ppo,close_pka,close_pka,3000303,182,base,medium,single,1,1,1,0,1,0,12,6,12.99,6.760134121141732,6.76,0.019865878858268182,1.1786999966716394,0.20060000679222867,0.11494166695532233,measured_success,303
new_pf,close_pka,close_pka,3000303,183,acid,medium,single,1,1,1,0,1,0,5,4,6.94,3.3692779253978644,3.37,0.030277925397864447,331.29029998963233,134.21160000143573,93.10037999821361,measured_success,303
new_ppo,close_pka,close_pka,3000303,183,acid,medium,single,1,1,1,0,1,0,8,5,18.16,3.335172264187819,3.34,0.003827735812180766,0.9099999733734876,0.1472000076319091,0.1321499976256746,measured_success,303
new_pf,close_pka,close_pka,3000303,184,base,near,overlapping,3,1,1,0,1,0,2,0,1.47,3.8512625248278427,3.85,0.008737475172157172,6.178199997521006,37.27709999657236,21.727649997046683,measured_success,303
new_ppo,close_pka,close_pka,3000303,184,base,near,overlapping,3,1,0,0,1,0,3,3,3.72,3.9184374612375805,3.92,0.058437461237580646,0.37259999953676015,0.03820000711129978,0.1369333355493533,measured_success,303
new_pf,close_pka,close_pka,3000303,185,base,far,overlapping,2,1,0,0,1,0,11,6,20.099999999999998,6.535111286240124,6.54,0.08588871375987672,612.1338999946602,318.6679000064032,84.61834545464212,measured_success,303
new_ppo,close_pka,close_pka,3000303,185,base,far,overlapping,2,1,0,0,1,0,6,2,17.54,6.535076310017956,6.54,0.08592368998204414,0.7267000037245452,0.1140000022132881,0.14011666765630557,measured_success,303
new_pf,close_pka,close_pka,3000303,186,base,far,single,1,0,0,0,0,0,50,45,15.39999999999999,9.021405395735542,9.02,0.12140539573554143,2734.2198999904213,924.8192000159179,73.18078200012678,max_steps,303
new_ppo,close_pka,close_pka,3000303,186,base,far,single,1,0,0,0,1,1,22,15,18.480000000000004,9.004649021419937,9.0,0.10464902141993626,1.9348000059835613,0.310500014165882,0.10205909182497469,measured_success,303
new_pf,close_pka,close_pka,3000303,187,base,near,overlapping,2,1,0,0,1,0,6,0,5.379999999999999,2.963192558796898,2.96,0.06880744120310212,24.519400001736358,109.11449999548495,22.27231666620355,measured_success,303
new_ppo,close_pka,close_pka,3000303,187,base,near,overlapping,2,1,0,0,1,0,7,0,5.319999999999999,2.9540537216889975,2.95,0.07794627831100254,0.6916000129422173,0.1120000088121742,0.11480000310777021,measured_success,303
new_pf,close_pka,close_pka,3000303,188,acid,near,single,1,1,0,0,1,0,2,0,1.03,8.20201031877285,8.2,0.05201031877284912,6.505699995614123,40.989699999045115,23.74769999732962,measured_success,303
new_ppo,close_pka,close_pka,3000303,188,acid,near,single,1,0,0,0,0,0,50,0,0.5000000000000002,8.312793259352695,8.31,0.16279325935269462,5.071300009149127,0.9327999941888265,0.12008200006675906,max_steps,303
new_pf,close_pka,close_pka,3000303,189,acid,far,single,1,1,0,0,1,0,6,4,13.59,3.0143920292410566,3.01,0.05039202924105668,336.5226000169059,125.78149999899324,77.0506833359832,measured_success,303
new_ppo,close_pka,close_pka,3000303,189,acid,far,single,1,1,0,0,1,0,3,2,11.42,3.030650315508338,3.03,0.06665031550833822,0.5313999936333857,0.0746000005165115,0.20199999804996574,measured_success,303
new_pf,close_pka,close_pka,3000303,190,base,near,overlapping,3,1,1,0,1,0,3,1,2.94,5.096335406717035,5.1,0.019335406717035042,69.77399999595946,65.62449999182718,45.13283332926221,measured_success,303
new_ppo,close_pka,close_pka,3000303,190,base,near,overlapping,3,1,0,0,1,0,2,1,3.1100000000000003,5.155107601462177,5.16,0.0781076014621771,0.26169999910052866,0.030199997127056122,0.1459499981137924,measured_success,303
new_pf,close_pka,close_pka,3000303,191,base,medium,single,1,1,1,0,1,0,12,9,10.42,8.318799547968535,8.32,0.0047995479685347675,622.6997999983723,295.2175999962492,76.49311666621846,measured_success,303
new_ppo,close_pka,close_pka,3000303,191,base,medium,single,1,1,1,0,1,0,10,3,12.12,8.318181982853172,8.32,0.0041819828531721726,1.0803000041050836,0.17199999274453148,0.1252299996849615,measured_success,303
new_pf,close_pka,close_pka,3000303,192,base,medium,overlapping,3,1,1,0,1,0,8,6,6.929999999999999,6.066855449299021,6.07,0.027144550700978876,385.7818000105908,209.21069999894826,74.37406250119238,measured_success,303
new_ppo,close_pka,close_pka,3000303,192,base,medium,overlapping,3,1,1,0,1,0,8,4,7.2299999999999995,6.066865623181641,6.07,0.027134376818358952,1.044400007231161,0.15780000103404745,0.15027500103315106,measured_success,303
new_pf,close_pka,close_pka,3000303,193,acid,medium,single,1,1,0,0,1,0,3,0,5.39,6.1632063134280255,6.16,0.08320631342802542,13.411699997959659,72.13959999353392,28.517099997164525,measured_success,303
new_ppo,close_pka,close_pka,3000303,193,acid,medium,single,1,1,1,0,1,0,4,1,5.58,6.069950131351545,6.07,0.010049868648454918,0.6368000103975646,0.07959999493323267,0.17910000133269932,measured_success,303
new_pf,close_pka,close_pka,3000303,194,base,medium,overlapping,2,1,0,0,1,0,10,6,6.839999999999999,4.27714994082006,4.28,0.08485005917994037,430.8528999972623,198.11129999288823,62.89641999901505,measured_success,303
new_ppo,close_pka,close_pka,3000303,194,base,medium,overlapping,2,1,1,0,1,0,6,5,5.239999999999999,4.402402490990291,4.4,0.040402490990290474,0.6252000021049753,0.10539999493630603,0.12176666617354688,measured_success,303
new_pf,close_pka,close_pka,3000303,195,acid,near,overlapping,2,1,0,0,1,0,4,2,2.58,3.8579068829597984,3.86,0.08990688295979865,215.18140000262065,107.72549999092007,80.72672499838518,measured_success,303
new_ppo,close_pka,close_pka,3000303,195,acid,near,overlapping,2,1,0,0,1,0,6,4,5.779999999999999,3.8406224959480095,3.84,0.07262249594800974,0.70929999492364,0.10889999975915998,0.13636666578046666,measured_success,303
new_pf,close_pka,close_pka,3000303,196,acid,medium,single,1,1,0,0,1,0,1,1,3.39,2.3937917987630515,2.39,0.0862082012369485,55.85169999540085,55.55179999646498,111.40349999186583,measured_success,303
new_ppo,close_pka,close_pka,3000303,196,acid,medium,single,1,1,1,0,1,0,1,1,3.19,2.4597492353383874,2.46,0.020250764661612575,0.2209999947808683,0.021200001356191933,0.24219999613706023,measured_success,303
new_pf,close_pka,close_pka,3000303,197,acid,near,overlapping,3,1,1,0,1,0,2,0,4.11,2.342650590097711,2.34,0.0046505900977109604,93.58010000141803,51.04149999533547,72.31079999837675,measured_success,303
new_ppo,close_pka,close_pka,3000303,197,acid,near,overlapping,3,1,1,0,1,0,3,0,4.09,2.345077508114282,2.35,0.007077508114281983,0.45959999988554046,0.06350001058308408,0.1743666701562082,measured_success,303
new_pf,close_pka,close_pka,3000303,198,base,far,single,1,1,1,0,1,0,7,2,16.169999999999998,10.478016021952662,10.48,0.01798397804733831,285.6207999866456,232.88200000388315,74.07182857007554,measured_success,303
new_ppo,close_pka,close_pka,3000303,198,base,far,single,1,1,0,0,1,0,38,1,13.84,10.551010255951368,10.55,0.05501025595136788,3.7516000083996914,0.5943999713053927,0.11436842051855485,measured_success,303
new_pf,close_pka,close_pka,3000303,199,acid,medium,overlapping,2,1,1,0,1,0,2,1,4.81,2.3072264541459333,2.31,0.03677354585406656,110.1319999943371,74.74010000441922,92.43604999937816,measured_success,303
new_ppo,close_pka,close_pka,3000303,199,acid,medium,overlapping,2,1,1,0,1,0,4,4,4.52,2.384759965935766,2.38,0.04075996593576603,0.5680999965989031,0.09010000212583691,0.164549999681185,measured_success,303
new_pf,close_pka,close_pka,3000303,200,base,medium,overlapping,3,1,0,0,1,0,3,0,5.790000000000001,4.054617872980826,4.05,0.0743821270191738,125.20279999444028,88.33679999952437,71.17986666465488,measured_success,303
new_ppo,close_pka,close_pka,3000303,200,base,medium,overlapping,3,1,0,0,1,0,3,0,5.819999999999999,4.063733375796033,4.06,0.06526662420396612,0.3586000093491748,0.05220000457484275,0.13693333797467253,measured_success,303
new_pf,close_pka,close_pka,3000303,201,base,medium,overlapping,2,1,1,0,1,0,4,0,6.119999999999999,4.537909075924256,4.54,0.03009092407574343,13.332600006833673,71.86610001372173,21.29967500513885,measured_success,303
new_ppo,close_pka,close_pka,3000303,201,base,medium,overlapping,2,1,1,0,1,0,5,2,6.72,4.547637016154145,4.55,0.020362983845855,0.5813000025227666,0.08540000271750614,0.13334000104805455,measured_success,303
new_pf,close_pka,close_pka,3000303,202,acid,near,overlapping,3,1,0,0,1,0,4,1,4.76,3.4014513900896004,3.4,0.06254860991039957,65.1235000041197,92.1065000075032,39.307500002905726,measured_success,303
new_ppo,close_pka,close_pka,3000303,202,acid,near,overlapping,3,1,1,0,1,0,1,1,2.06,3.4160001461190523,3.42,0.04799985388094763,0.14899999951012433,0.018300001102034003,0.16730000061215833,measured_success,303
new_pf,close_pka,close_pka,3000303,203,base,near,single,1,1,0,0,1,0,7,0,4.979999999999999,4.612648850507346,4.61,0.09235114949265366,28.115799999795854,123.18020000384422,21.613714286234295,measured_success,303
new_ppo,close_pka,close_pka,3000303,203,base,near,single,1,1,0,0,1,0,7,0,5.0200000000000005,4.615541584979361,4.62,0.08945841502063878,0.6619000050704926,0.10760001168819144,0.10992857382266916,measured_success,303
new_pf,close_pka,close_pka,3000303,204,acid,near,overlapping,2,1,1,0,1,0,2,1,2.85,2.2085497902754634,2.21,0.034450209724536496,105.07089999737218,65.14250000327593,85.10670000032405,measured_success,303
new_ppo,close_pka,close_pka,3000303,204,acid,near,overlapping,2,1,0,0,1,0,4,3,5.7,2.1601576465770984,2.16,0.08284235342290147,0.43950000690529123,0.0664000035612844,0.1264750026166439,measured_success,303
new_pf,close_pka,close_pka,3000303,205,base,medium,single,1,1,1,0,1,0,5,4,6.13,4.767478985171271,4.77,0.022521014828728703,232.20529999525752,165.00340000493452,79.44174000003841,measured_success,303
new_ppo,close_pka,close_pka,3000303,205,base,medium,single,1,1,0,0,1,0,2,2,5.88,4.699540216582488,4.7,0.09045978341751226,0.3457999919191934,0.04930000432068482,0.19754999811993912,measured_success,303
new_pf,close_pka,close_pka,3000303,206,acid,medium,overlapping,3,1,1,0,1,0,4,0,8.0,2.8178464591256773,2.82,0.028846459125677182,187.34070000209613,111.86820001603337,74.80222500453237,measured_success,303
new_ppo,close_pka,close_pka,3000303,206,acid,medium,overlapping,3,1,1,0,1,0,5,0,7.94,2.828225521232814,2.83,0.039225521232813865,0.6640999999945052,0.1055000102496706,0.15392000204883516,measured_success,303
new_pf,close_pka,close_pka,3000303,207,acid,near,single,1,1,1,0,1,0,2,1,2.75,3.178739261970181,3.18,0.030260738029819212,50.191099995572586,59.40499999996973,54.79804999777116,measured_success,303
new_ppo,close_pka,close_pka,3000303,207,acid,near,single,1,1,1,0,1,0,3,3,3.91,3.1818140643888295,3.18,0.027185935611170553,0.4259999986970797,0.05890000466024503,0.16163333445244157,measured_success,303
new_pf,close_pka,close_pka,3000303,208,base,far,overlapping,2,0,0,0,0,0,50,47,18.360000000000063,9.351569229846838,9.35,0.3255692298468382,2875.36069998896,1019.3449000071269,77.89411199992173,max_steps,303
new_ppo,close_pka,close_pka,3000303,208,base,far,overlapping,2,0,0,1,0,0,50,45,16.450000000000028,9.747689774954903,9.75,0.7216897749549034,4.605699999956414,0.7860000187065452,0.10783400037325919,max_steps,303
new_pf,close_pka,close_pka,3000303,209,acid,medium,overlapping,2,1,1,0,1,0,3,2,6.13,3.807990363355133,3.81,0.04899036335513296,166.62219999125227,112.71050000505056,93.11089999876761,measured_success,303
new_ppo,close_pka,close_pka,3000303,209,acid,medium,overlapping,2,1,0,0,1,0,7,4,9.02,3.822396310737142,3.82,0.06339631073714225,0.9844999949564226,0.1320000010309741,0.15949999942677096,measured_success,303
new_pf,close_pka,close_pka,3000303,210,base,medium,single,1,1,0,0,1,0,10,7,15.51,9.718213720760215,9.72,0.0512137207602148,517.0673000029637,295.8217000050354,81.28890000079991,measured_success,303
new_ppo,close_pka,close_pka,3000303,210,base,medium,single,1,1,1,0,1,0,3,2,9.22,9.624697767445582,9.62,0.042302232554417785,0.40520000038668513,0.05720000626752153,0.1541333355514022,measured_success,303
new_pf,close_pka,close_pka,3000303,211,base,far,overlapping,2,0,0,0,0,0,50,43,21.020000000000056,9.626765890705713,9.63,0.25176589070571254,2667.8243999704137,984.8552999756066,73.0535939989204,max_steps,303
new_ppo,close_pka,close_pka,3000303,211,base,far,overlapping,2,0,0,1,0,0,50,43,19.91000000000002,10.164502689572284,10.16,0.7895026895722843,4.67040001967689,0.869700001203455,0.1108020004176069,max_steps,303
new_pf,close_pka,close_pka,3000303,212,base,medium,overlapping,2,1,0,0,1,0,4,2,6.279999999999999,4.4878028006957695,4.49,0.0831971993042302,17.04339999560034,119.62829998810776,34.167924995927024,measured_success,303
new_ppo,close_pka,close_pka,3000303,212,base,medium,overlapping,2,1,0,0,1,0,5,2,10.739999999999998,4.507236784547679,4.51,0.06376321545232067,0.5982000002404675,0.10210000618826598,0.1400600012857467,measured_success,303
new_pf,close_pka,close_pka,3000303,213,acid,medium,overlapping,3,1,0,0,1,0,15,0,12.99,3.9131040783760973,3.91,0.08710407837609724,66.49270000343677,281.1131999915233,23.17372666633067,measured_success,303
new_ppo,close_pka,close_pka,3000303,213,acid,medium,overlapping,3,1,0,0,1,0,11,0,13.250000000000002,3.8990457662858367,3.9,0.07304576628583659,1.2215000024298206,0.1745000045048073,0.12690909153951163,measured_success,303
new_pf,close_pka,close_pka,3000303,214,base,far,overlapping,3,0,0,1,0,0,50,44,15.309999999999993,6.612039950993847,6.61,0.8209600490061533,1472.4088999646483,825.5456999904709,45.959091999102384,max_steps,303
new_ppo,close_pka,close_pka,3000303,214,base,far,overlapping,3,0,0,1,0,0,50,30,17.489999999999984,6.612228202197457,6.61,0.8207717978025428,4.066900022735354,0.6931000243639573,0.09520000094198622,max_steps,303
new_pf,close_pka,close_pka,3000303,215,base,medium,overlapping,2,1,0,0,1,0,10,0,22.030000000000005,4.588568506859977,4.59,0.062431493140023164,301.4430000039283,202.86840001790551,50.43114000218338,measured_success,303
new_ppo,close_pka,close_pka,3000303,215,base,medium,overlapping,2,1,0,0,1,0,14,0,21.889999999999997,4.564638567352516,4.56,0.0863614326474842,1.0495999886188656,0.1536000199848786,0.0859428577574103,measured_success,303
new_pf,close_pka,close_pka,3000303,216,base,far,single,1,1,0,0,1,0,8,6,17.09,10.634954228700405,10.63,0.0930457712995949,374.5950999946217,204.80399999360088,72.42488749852782,measured_success,303
new_ppo,close_pka,close_pka,3000303,216,base,far,single,1,1,1,0,1,0,9,2,2.2399999999999998,10.719366634100897,10.72,0.008633365899102685,0.550200005818624,0.08299998444272205,0.0703555544734829,measured_success,303
new_pf,close_pka,close_pka,3000303,217,acid,near,overlapping,3,0,0,0,1,1,2,1,1.99,4.518241917390702,4.52,0.10075808260929797,8.033200007048436,65.19740000658203,36.61530000681523,measured_success,303
new_ppo,close_pka,close_pka,3000303,217,acid,near,overlapping,3,1,0,0,1,0,2,1,3.1100000000000003,4.551198408998317,4.55,0.06780159100168248,0.305800000205636,0.040899998566601425,0.17334999938611872,measured_success,303
new_pf,close_pka,close_pka,3000303,218,base,far,overlapping,3,1,0,0,1,0,9,6,14.910000000000002,6.403972775663238,6.4,0.09202722433676236,542.468599996937,264.87949999864213,89.70534444395324,measured_success,303
new_ppo,close_pka,close_pka,3000303,218,base,far,overlapping,3,1,1,0,1,0,11,7,14.68,6.507877084260713,6.51,0.011877084260712323,1.0462000136612915,0.1816000003600493,0.11161818309284915,measured_success,303
new_pf,close_pka,close_pka,3000303,219,base,medium,overlapping,2,1,0,0,1,0,5,0,5.33,2.3104242012848726,2.31,0.09157579871512755,124.11720000818605,103.1379999985802,45.45104000135325,measured_success,303
new_ppo,close_pka,close_pka,3000303,219,base,medium,overlapping,2,1,0,0,1,0,7,0,5.51,2.335384022641591,2.34,0.06661597735840896,0.6634000019403175,0.1109000004362315,0.11061428605379271,measured_success,303
new_pf,close_pka,close_pka,3000303,220,base,far,overlapping,3,1,0,0,1,0,11,8,19.429999999999996,7.970745499154631,7.97,0.07225450084536789,567.5040000060108,302.87309997947887,79.12519090777178,measured_success,303
new_ppo,close_pka,close_pka,3000303,220,base,far,overlapping,3,1,0,0,1,0,25,14,24.93,7.965753413023293,7.97,0.07724658697670606,2.643900013936218,0.4312999953981489,0.12300800037337467,measured_success,303
new_pf,close_pka,close_pka,3000303,221,acid,medium,single,1,1,1,0,1,0,1,0,4.47,1.6079477980682055,1.61,0.03294779806820558,47.156600005109794,33.917799999471754,81.07440000458155,measured_success,303
new_ppo,close_pka,close_pka,3000303,221,acid,medium,single,1,1,1,0,1,0,2,0,4.29,1.6226800071266965,1.62,0.04768000712669651,0.17240000306628644,0.023399996280204505,0.09789999967324547,measured_success,303
new_pf,close_pka,close_pka,3000303,222,acid,medium,overlapping,2,1,1,0,1,0,2,0,5.11,4.662524572499848,4.66,0.048524572499847984,125.65540000650799,51.56080000597285,88.60810000624042,measured_success,303
new_ppo,close_pka,close_pka,3000303,222,acid,medium,overlapping,2,1,0,0,1,0,5,0,4.760000000000001,4.711198038360095,4.71,0.09719803836009522,0.6178000039653853,0.08180000440916047,0.13992000167490914,measured_success,303
new_pf,close_pka,close_pka,3000303,223,acid,medium,single,1,1,0,0,1,0,7,5,12.139999999999999,3.752617959965388,3.75,0.07738204003461213,277.5872999918647,137.04800000414252,59.233614285143894,measured_success,303
new_ppo,close_pka,close_pka,3000303,223,acid,medium,single,1,1,1,0,1,0,13,12,18.800000000000004,3.8553069882258795,3.86,0.0253069882258794,1.5705999903730117,0.2593999888631515,0.14076922917201257,measured_success,303
new_pf,close_pka,close_pka,3000303,224,base,medium,single,1,1,1,0,1,0,7,5,13.299999999999999,7.408057938182143,7.41,0.017057938182142962,295.411500002956,226.3117999973474,74.53190000004335,measured_success,303
new_ppo,close_pka,close_pka,3000303,224,base,medium,single,1,1,1,0,1,0,7,4,13.489999999999998,7.382486465589032,7.38,0.008513534410967694,0.9533999982522801,0.15309999434975907,0.158071427514577,measured_success,303
new_pf,close_pka,close_pka,3000303,225,base,medium,single,1,1,0,0,1,0,1,0,2.32,6.241692034893923,6.24,0.07330796510607751,2.1836000014445744,36.35059999942314,38.53420000086771,measured_success,303
new_ppo,close_pka,close_pka,3000303,225,base,medium,single,1,1,1,0,1,0,3,1,3.8100000000000005,6.321694095516735,6.32,0.0066940955167344995,0.23060000239638612,0.03310000465717167,0.08790000235118593,measured_success,303
new_pf,close_pka,close_pka,3000303,226,base,medium,overlapping,2,1,0,0,1,0,8,6,10.830000000000002,6.130633085722181,6.13,0.09036691427781918,392.27040000696434,201.9333999924129,74.27547499992215,measured_success,303
new_ppo,close_pka,close_pka,3000303,226,base,medium,overlapping,2,1,0,0,1,0,6,4,9.04,6.166852968948746,6.17,0.0541470310512544,0.39339999784715474,0.06019999273121357,0.07559999842972805,measured_success,303
new_pf,close_pka,close_pka,3000303,227,acid,medium,single,1,1,1,0,1,0,1,1,3.56,1.9824738951153273,1.98,0.029526104884672666,41.012099994986784,46.83509999449598,87.84719998948276,measured_success,303
new_ppo,close_pka,close_pka,3000303,227,acid,medium,single,1,1,1,0,1,0,1,0,3.19,2.0314768228360736,2.03,0.01947682283607355,0.21399999968707561,0.021700005163438618,0.23570000485051423,measured_success,303
new_pf,close_pka,close_pka,3000303,228,acid,medium,single,1,1,1,0,1,0,8,4,8.24,3.019140065369675,3.02,0.01414006536967527,407.8624000030686,151.83580000302754,69.96227500076202,measured_success,303
new_ppo,close_pka,close_pka,3000303,228,acid,medium,single,1,1,0,0,1,0,6,4,8.15,3.073098007785693,3.07,0.06809800778569297,0.7920999923953786,0.1201999984914437,0.15204999848113707,measured_success,303
new_pf,close_pka,close_pka,3000303,229,acid,medium,single,1,1,0,0,1,0,2,1,3.89,3.652226349889461,3.65,0.07777365011053883,92.53599999647122,63.60069999936968,78.06834999792045,measured_success,303
new_ppo,close_pka,close_pka,3000303,229,acid,medium,single,1,1,1,0,1,0,13,10,10.979999999999999,3.7763988142186156,3.78,0.04639881421861558,1.149999996414408,0.21379999088821933,0.10490769133097134,measured_success,303
new_pf,close_pka,close_pka,3000303,230,acid,far,single,1,1,0,0,1,0,3,1,7.010000000000001,1.7298515666381524,1.73,0.056148433361847605,168.97959999914747,82.99599999736529,83.99186666550425,measured_success,303
new_ppo,close_pka,close_pka,3000303,230,acid,far,single,1,1,0,0,1,0,2,1,5.3100000000000005,1.6923313370181723,1.69,0.09366866298182774,0.32759999885456637,0.040700004319660366,0.18415000158711337,measured_success,303
new_pf,close_pka,close_pka,3000303,231,acid,medium,overlapping,2,1,1,0,1,0,2,0,5.2700000000000005,2.4945420902355897,2.49,0.004542090235589491,130.016599992814,79.21369999530725,104.61514999406063,measured_success,303
new_ppo,close_pka,close_pka,3000303,231,acid,medium,overlapping,2,1,0,0,1,0,2,0,5.05,2.573472960390375,2.57,0.08347296039037477,0.31179999496089295,0.039000005926936865,0.1754000004439149,measured_success,303
new_pf,close_pka,close_pka,3000303,232,acid,near,overlapping,3,1,1,0,1,0,1,1,2.05,2.113814857018287,2.11,0.015185142981712918,67.51569999323692,59.43660000048112,126.95229999371804,measured_success,303
new_ppo,close_pka,close_pka,3000303,232,acid,near,overlapping,3,1,0,0,1,0,2,1,3.67,2.051898401838878,2.05,0.07710159816112183,0.40839999564923346,0.040899998566601425,0.22464999710791744,measured_success,303
new_pf,close_pka,close_pka,3000303,233,acid,near,single,1,1,0,0,1,0,1,1,1.13,5.61308618872169,5.61,0.09391381127831,2.7399999962653965,26.407799996377435,29.14779999264283,measured_success,303
new_ppo,close_pka,close_pka,3000303,233,acid,near,single,1,1,1,0,1,0,2,1,3.1100000000000003,5.657184192133991,5.66,0.04981580786600848,0.18619999900693074,0.026599998818710446,0.10639999891282059,measured_success,303
new_pf,close_pka,close_pka,3000303,234,base,medium,single,1,1,0,0,1,0,3,0,4.6499999999999995,3.3988298919885347,3.4,0.06817010801146539,11.844199994811788,61.66289999237051,24.5023666623941,measured_success,303
new_ppo,close_pka,close_pka,3000303,234,base,medium,single,1,1,1,0,1,0,2,0,4.77,3.448925969944354,3.45,0.018074030055645895,0.37349999911384657,0.04340000305091962,0.2084500010823831,measured_success,303
new_pf,close_pka,close_pka,3000303,235,acid,near,overlapping,3,1,0,0,1,0,4,1,4.61,3.117367225850616,3.12,0.09163277414938387,54.57410000235541,89.32040000945562,35.97362500295276,measured_success,303
new_ppo,close_pka,close_pka,3000303,235,acid,near,overlapping,3,1,1,0,1,0,1,1,2.06,3.2044152549490184,3.2,0.00458474505098172,0.11510000331327319,0.01340000017080456,0.12850000348407775,measured_success,303
new_pf,close_pka,close_pka,3000303,236,acid,near,overlapping,2,1,1,0,1,0,3,1,2.92,3.0294633843771805,3.03,0.03453661562281951,56.298399991646875,73.4876999995322,43.262033330393024,measured_success,303
new_ppo,close_pka,close_pka,3000303,236,acid,near,overlapping,2,1,1,0,1,0,2,2,3.1100000000000003,3.0864634394685435,3.09,0.022463439468543456,0.30949999927543104,0.038899997889529914,0.17419999858248048,measured_success,303
new_pf,close_pka,close_pka,3000303,237,base,medium,single,1,0,0,1,0,0,50,45,15.90999999999999,7.403616048097717,7.4,0.5766160480977174,2659.7690000053262,964.0218999920762,72.47581799994805,max_steps,303
new_ppo,close_pka,close_pka,3000303,237,base,medium,single,1,0,0,1,0,0,50,26,23.35999999999999,6.1916416466280495,6.19,0.6353583533719505,4.043599983560853,0.7245000233524479,0.09536200013826601,max_steps,303
new_pf,close_pka,close_pka,3000303,238,acid,near,overlapping,2,1,1,0,1,0,1,0,2.69,3.1608925846814087,3.16,0.045892584681408444,54.35260000376729,22.388299999875017,76.74090000364231,measured_success,303
new_ppo,close_pka,close_pka,3000303,238,acid,near,overlapping,2,1,0,0,1,0,2,1,3.1100000000000003,3.0532804387942214,3.05,0.06171956120577882,0.35849999403581023,0.053299991122912616,0.20589999257936142,measured_success,303
new_pf,close_pka,close_pka,3000303,239,acid,near,single,1,1,1,0,1,0,1,0,1.98,2.046415906994252,2.05,0.011415906994251657,65.72810000216123,43.635500005621,109.36360000778222,measured_success,303
new_ppo,close_pka,close_pka,3000303,239,acid,near,single,1,1,0,0,1,0,2,1,3.67,1.9839278267480775,1.98,0.05107217325192259,0.32979999377857894,0.03979999746661633,0.18479999562259763,measured_success,303
new_pf,close_pka,close_pka,3000303,240,acid,far,single,1,1,0,0,1,0,13,9,14.709999999999999,4.519737125058111,4.52,0.06926287494188976,760.8856000006199,270.0208000096609,79.30049230848314,measured_success,303
new_ppo,close_pka,close_pka,3000303,240,acid,far,single,1,1,0,0,1,0,6,5,15.049999999999999,4.521456735934539,4.52,0.06754326406546163,0.6726000065100379,0.09969998791348189,0.1287166657372533,measured_success,303
new_pf,close_pka,close_pka,3000303,241,base,medium,overlapping,3,0,0,0,0,0,50,46,12.819999999999991,6.951568106011205,6.95,0.18743189398879512,2494.3735000051674,917.5106000257074,68.2376820006175,max_steps,303
new_ppo,close_pka,close_pka,3000303,241,base,medium,overlapping,3,0,0,0,0,0,50,34,21.88000000000003,6.951625571203564,6.95,0.18737442879643584,4.170799991698004,0.7349000370595604,0.0981140005751513,max_steps,303
new_pf,close_pka,close_pka,3000303,242,acid,medium,single,1,1,1,0,1,0,2,1,3.5199999999999996,2.357572408929885,2.36,0.03242759107011528,78.38090000586817,53.35340000601718,65.86715000594268,measured_success,303
new_ppo,close_pka,close_pka,3000303,242,acid,medium,single,1,1,0,0,1,0,2,1,4.29,2.333416617325775,2.33,0.056583382674225025,0.18429999909130856,0.021799991372972727,0.10304999523214065,measured_success,303
new_pf,close_pka,close_pka,3000303,243,base,near,overlapping,3,1,0,0,1,0,3,0,1.26,2.7047104172867362,2.7,0.06628958271326368,13.223499998275656,70.82279999303864,28.0154333304381,measured_success,303
new_ppo,close_pka,close_pka,3000303,243,base,near,overlapping,3,1,1,0,1,0,1,0,1.67,2.7563140719245878,2.76,0.014685928075412136,0.15279999934136868,0.02040000254055485,0.17320000188192353,measured_success,303
new_pf,close_pka,close_pka,3000303,244,base,far,overlapping,3,0,0,1,0,0,50,44,18.200000000000053,6.870556907659989,6.87,1.1114430923400116,2716.2161999731325,1336.569699968095,81.05571799882455,max_steps,303
new_ppo,close_pka,close_pka,3000303,244,base,far,overlapping,3,0,0,0,0,0,50,45,20.490000000000027,8.453401709916648,8.45,0.4714017099166474,3.6697999748867005,0.6087000074330717,0.08556999964639544,max_steps,303
new_pf,close_pka,close_pka,3000303,245,base,medium,single,1,1,1,0,1,0,13,9,13.969999999999995,6.7961556944202535,6.8,0.0051556944202530985,698.9604000118561,291.2091999896802,76.16689230781049,measured_success,303
new_ppo,close_pka,close_pka,3000303,245,base,medium,single,1,1,1,0,1,0,41,15,33.97,6.796491219871168,6.8,0.00549121987116763,4.012700002931524,0.7846000080462545,0.11700731734092143,measured_success,303
new_pf,close_pka,close_pka,3000303,246,base,near,overlapping,3,1,0,0,1,0,3,0,1.7800000000000002,2.650644803996987,2.65,0.0963551960030129,8.021400004508905,60.52919999638107,22.850200000296656,measured_success,303
new_ppo,close_pka,close_pka,3000303,246,base,near,overlapping,3,1,1,0,1,0,2,1,2.7199999999999998,2.7672943078516266,2.77,0.02029430785162667,0.19179999799234793,0.024299995857290924,0.10804999692481942,measured_success,303
new_pf,close_pka,close_pka,3000303,247,base,medium,overlapping,2,1,1,0,1,0,4,0,4.619999999999999,6.546345520091034,6.55,0.022654479908966074,14.863799995509908,66.37059999047779,20.308599996496923,measured_success,303
new_ppo,close_pka,close_pka,3000303,247,base,medium,overlapping,2,1,0,0,1,0,4,0,4.52,6.508341095698283,6.51,0.060658904301717165,0.48009999591158703,0.06740000389982015,0.1368749999528518,measured_success,303
new_pf,close_pka,close_pka,3000303,248,acid,medium,overlapping,2,1,1,0,1,0,9,1,19.8,3.497762969945513,3.5,0.016237030054486734,141.4024000041536,195.11880000209203,37.391244445138405,measured_success,303
new_ppo,close_pka,close_pka,3000303,248,acid,medium,overlapping,2,1,0,0,1,0,12,0,18.759999999999994,3.602460748339098,3.6,0.08846074833909823,1.2616999956662767,0.20169999334029853,0.12194999908388127,measured_success,303
new_pf,close_pka,close_pka,3000303,249,acid,near,single,1,1,1,0,1,0,3,3,3.0300000000000002,2.6919661887004116,2.69,0.03503381129958827,125.15210000128718,76.79829999688081,67.31679999938933,measured_success,303
new_ppo,close_pka,close_pka,3000303,249,acid,near,single,1,1,0,0,1,0,4,4,4.57,2.794449131743246,2.79,0.06744913174324596,0.48380000225733966,0.06399999256245792,0.1369499987049494,measured_success,303
new_pf,close_pka,close_pka,3000303,250,acid,medium,overlapping,3,1,1,0,1,0,5,1,10.95,3.492325563153728,3.49,0.005674436846272002,144.85050000075717,106.61460000119405,50.29302000039024,measured_success,303
new_ppo,close_pka,close_pka,3000303,250,acid,medium,overlapping,3,1,0,0,1,0,8,0,10.09,3.59304536371228,3.59,0.09504536371227967,0.9360999902128242,0.14340000052470714,0.13493749884219142,measured_success,303
new_pf,close_pka,close_pka,3000303,251,acid,near,overlapping,2,1,1,0,1,0,2,0,3.2199999999999998,4.758960233981165,4.76,0.024960233981165203,101.6996000034851,44.60240000480553,73.15100000414532,measured_success,303
new_ppo,close_pka,close_pka,3000303,251,acid,near,overlapping,2,1,1,0,1,0,2,0,3.1100000000000003,4.776898950054289,4.78,0.042898950054288676,0.19430000247666612,0.023800006601959467,0.1090500045393128,measured_success,303
new_pf,close_pka,close_pka,3000303,252,base,near,overlapping,2,1,0,0,1,0,1,1,0.86,4.306453181810907,4.31,0.08245318181090688,2.202199997554999,23.556300002383068,25.758499999938067,measured_success,303
new_ppo,close_pka,close_pka,3000303,252,base,near,overlapping,2,1,0,0,1,0,4,3,3.8500000000000005,4.299924411206376,4.3,0.07592441120637616,0.6381000057444908,0.09549999231239781,0.18339999951422215,measured_success,303
new_pf,close_pka,close_pka,3000303,253,acid,near,single,1,1,0,0,1,0,1,1,1.07,2.022946395188696,2.02,0.053053604811303945,65.26279999525286,51.86719999619527,117.12999999144813,measured_success,303
new_ppo,close_pka,close_pka,3000303,253,acid,near,single,1,1,1,0,1,0,2,2,3.1100000000000003,2.08443040784228,2.08,0.008430407842280108,0.3445999973337166,0.04020000051241368,0.19239999892306514,measured_success,303
new_pf,close_pka,close_pka,3000303,254,base,medium,single,1,1,1,0,1,0,8,6,15.41,6.9948658932530385,6.99,0.033134106746961045,440.11480001790915,234.7811999861733,84.3620000005103,measured_success,303
new_ppo,close_pka,close_pka,3000303,254,base,medium,single,1,1,1,0,1,0,8,4,10.65,6.994865190275789,6.99,0.03313480972421079,0.9034999966388568,0.14870001177769154,0.13152500105206855,measured_success,303
new_pf,close_pka,close_pka,3000303,255,acid,near,overlapping,2,1,1,0,1,0,1,1,1.73,2.8001143592412765,2.8,0.03888564075872347,60.902299999725074,29.77660000033211,90.67890000005718,measured_success,303
new_ppo,close_pka,close_pka,3000303,255,acid,near,overlapping,2,1,0,0,1,0,1,1,2.06,2.740016581148873,2.74,0.09898341885112716,0.23070000315783545,0.023200002033263445,0.2539000051910989,measured_success,303
new_pf,close_pka,close_pka,3000303,256,base,far,single,1,1,0,0,1,0,5,1,9.56,11.95873840357687,11.96,0.060738403576870326,23.051699994539376,130.6477000034647,30.739879999600817,measured_success,303
new_ppo,close_pka,close_pka,3000303,256,base,far,single,1,1,0,0,1,0,13,1,12.759999999999996,11.953352885030299,11.95,0.05535288503029889,1.3516000035451725,0.24590000248281285,0.12288461584830657,measured_success,303
new_pf,close_pka,close_pka,3000303,257,base,medium,overlapping,2,1,0,0,1,0,14,0,19.65,3.717767514602431,3.72,0.08123248539756878,64.50809999660123,286.1910000065109,25.049935714508006,measured_success,303
new_ppo,close_pka,close_pka,3000303,257,base,medium,overlapping,2,0,0,0,1,1,19,0,19.47999999999999,3.698210855446936,3.7,0.10078914455306398,2.0017999850097112,0.33990001247730106,0.12324736828879013,measured_success,303
new_pf,close_pka,close_pka,3000303,258,base,far,single,1,0,0,1,0,0,50,43,17.460000000000054,9.001557023662826,9.0,0.8705570236628262,2821.3894000073196,982.2486999764806,76.072761999676,max_steps,303
new_ppo,close_pka,close_pka,3000303,258,base,far,single,1,0,0,0,0,0,50,32,21.800000000000026,7.6313201110291615,7.63,0.4996798889708387,3.789500013226643,0.6634000237681903,0.08905800073989667,max_steps,303
new_pf,close_pka,close_pka,3000303,259,base,near,single,1,1,0,0,1,0,3,1,4.09,5.360465338192714,5.36,0.07046533819271428,95.5958999984432,67.21129999641562,54.26906666495294,measured_success,303
new_ppo,close_pka,close_pka,3000303,259,base,near,single,1,1,1,0,1,0,2,2,3.1100000000000003,5.248155405323612,5.25,0.04184459467638835,0.3321999975014478,0.0408000050811097,0.18650000129127875,measured_success,303
new_pf,close_pka,close_pka,3000303,260,acid,near,overlapping,2,1,0,0,1,0,4,0,5.92,3.3686557936141446,3.37,0.06065579361414475,82.23470000666566,104.85089999565389,46.77140000057989,measured_success,303
new_ppo,close_pka,close_pka,3000303,260,acid,near,overlapping,2,1,0,0,1,0,6,0,5.51,3.39982387690758,3.4,0.0918238769075801,0.7266999964485876,0.11139998969156295,0.13968333102335842,measured_success,303
new_pf,close_pka,close_pka,3000303,261,acid,medium,overlapping,2,1,0,0,1,0,5,0,7.709999999999999,4.504593350119865,4.5,0.08059335011986501,81.957299989881,105.13879999780329,37.41921999753686,measured_success,303
new_ppo,close_pka,close_pka,3000303,261,acid,medium,overlapping,2,1,0,0,1,0,9,0,7.49,4.520309262719227,4.52,0.09630926271922657,1.0277999972458929,0.16489998961333185,0.13252222076213607,measured_success,303
new_pf,close_pka,close_pka,3000303,262,acid,medium,single,1,1,1,0,1,0,8,5,9.569999999999999,3.5615586532949157,3.56,0.024441346705084133,421.45419999724254,158.3112999869627,72.47068749802565,measured_success,303
new_ppo,close_pka,close_pka,3000303,262,acid,medium,single,1,1,0,0,1,0,7,6,7.77,3.67574924916174,3.68,0.08974924916173999,0.4394000061438419,0.06859999848529696,0.07257142923273412,measured_success,303
new_pf,close_pka,close_pka,3000303,263,base,near,overlapping,2,1,0,0,1,0,1,0,0.94,3.311108772417933,3.31,0.06589122758206667,4.877299994404893,38.72949999640696,43.60679999081185,measured_success,303
new_ppo,close_pka,close_pka,3000303,263,base,near,overlapping,2,1,1,0,1,0,3,3,3.3299999999999996,3.3872303143308287,3.39,0.010230314330828882,0.40269999590236694,0.06029998621670529,0.15433332737302408,measured_success,303
new_pf,close_pka,close_pka,3000303,264,acid,near,overlapping,2,1,1,0,1,0,1,0,2.38,2.006904824247586,2.01,0.014904824247586212,52.464899999904446,47.43120000057388,99.89610000047833,measured_success,303
new_ppo,close_pka,close_pka,3000303,264,acid,near,overlapping,2,1,1,0,1,0,2,2,3.67,2.01851325895648,2.02,0.026513258956479824,0.38520000089192763,0.04980000085197389,0.21750000087195076,measured_success,303
new_pf,close_pka,close_pka,3000303,265,base,far,single,1,0,0,1,0,0,50,43,21.940000000000055,9.145612611069737,9.15,2.630612611069737,2741.8562000166276,1095.1063999673352,76.73925199967925,max_steps,303
new_ppo,close_pka,close_pka,3000303,265,base,far,single,1,0,0,1,0,0,50,22,21.57999999999998,5.205426547764661,5.21,1.3095734522353384,5.139599983522203,0.868399984028656,0.12015999935101718,max_steps,303
new_pf,close_pka,close_pka,3000303,266,acid,near,overlapping,3,1,0,0,1,0,11,0,6.68,3.746549408279666,3.75,0.09054940827966584,51.98960000416264,215.81919999880483,24.346254545724317,measured_success,303
new_ppo,close_pka,close_pka,3000303,266,acid,near,overlapping,3,1,0,0,1,0,10,0,6.53,3.7529467964679393,3.75,0.09694679646793913,1.2442000006558374,0.20339999900897965,0.1447599999664817,measured_success,303
new_pf,close_pka,close_pka,3000303,267,acid,medium,overlapping,2,1,0,0,1,0,3,0,6.73,1.702000477075786,1.7,0.09400047707578585,154.2534000109299,74.04759999917587,76.10033333670192,measured_success,303
new_ppo,close_pka,close_pka,3000303,267,acid,medium,overlapping,2,1,0,0,1,0,4,0,7.140000000000001,1.6723600326648826,1.67,0.06436003266488255,0.3277000068919733,0.044200001866556704,0.0929750021896325,measured_success,303
new_pf,close_pka,close_pka,3000303,268,acid,near,single,1,1,1,0,1,0,1,1,2.69,3.723652195808958,3.72,0.023347804191041988,31.617800006642938,23.864399998274166,55.482200004917104,measured_success,303
new_ppo,close_pka,close_pka,3000303,268,acid,near,single,1,1,0,0,1,0,1,0,2.06,3.818263455528351,3.82,0.07126345552835112,0.11999999696854502,0.013600001693703234,0.13359999866224825,measured_success,303
new_pf,close_pka,close_pka,3000303,269,base,near,overlapping,3,1,1,0,1,0,2,1,1.5099999999999998,2.4044607750578333,2.4,0.005460775057833267,75.64100001036422,64.6435999951791,70.14230000277166,measured_success,303
new_ppo,close_pka,close_pka,3000303,269,base,near,overlapping,3,1,1,0,1,0,1,1,1.67,2.4405868747343957,2.44,0.04158687473439571,0.2252000049338676,0.02119999408023432,0.24639999901410192,measured_success,303
new_pf,close_pka,close_pka,3000303,270,acid,medium,overlapping,2,1,0,0,1,0,1,1,5.73,4.283279173397876,4.28,0.08572082660212388,58.97410000034142,60.56919999537058,119.543299995712,measured_success,303
new_ppo,close_pka,close_pka,3000303,270,acid,medium,overlapping,2,1,0,0,1,0,1,0,4.44,4.4581998309038955,4.46,0.08919983090389572,0.22909999825060368,0.020799998310394585,0.24989999656099826,measured_success,303
new_pf,close_pka,close_pka,3000303,271,base,near,single,1,1,0,0,1,0,1,1,1.5,3.293174274806306,3.29,0.06417427480630611,2.1898999984841794,30.41799999482464,32.60789999330882,measured_success,303
new_ppo,close_pka,close_pka,3000303,271,base,near,single,1,1,1,0,1,0,3,2,2.9,3.20018849133268,3.2,0.028811508667319963,0.42350000148871914,0.062000006437301636,0.16183333597534025,measured_success,303
new_pf,close_pka,close_pka,3000303,272,base,far,overlapping,2,1,0,0,1,0,10,6,14.759999999999998,5.8904599665869455,5.89,0.06254003341305481,446.65259999601403,302.95270000351593,74.960529999953,measured_success,303
new_ppo,close_pka,close_pka,3000303,272,base,far,overlapping,2,1,1,0,1,0,9,1,11.440000000000001,5.992926423326381,5.99,0.03992642332638052,1.028999984555412,0.17049999587470666,0.13327777560334653,measured_success,303
new_pf,close_pka,close_pka,3000303,273,acid,near,overlapping,2,1,0,0,1,0,7,0,3.08,4.653271342345448,4.65,0.09427134234544798,28.241299994988367,134.91899999644374,23.3086142844903,measured_success,303
new_ppo,close_pka,close_pka,3000303,273,acid,near,overlapping,2,1,0,0,1,0,2,0,3.1100000000000003,4.6519654661825225,4.65,0.09296546618252233,0.19299999985378236,0.02409999433439225,0.1085499970940873,measured_success,303
new_pf,close_pka,close_pka,3000303,274,acid,medium,single,1,1,1,0,1,0,10,6,10.49,4.745375006699543,4.75,0.047375006699542865,484.5010999997612,191.32660001923796,67.58277000189992,measured_success,303
new_ppo,close_pka,close_pka,3000303,274,acid,medium,single,1,1,0,0,1,0,21,13,30.550000000000004,4.645331044551748,4.65,0.052668955448252675,2.2989999924902804,0.39230000402312726,0.12815714269111464,measured_success,303
new_pf,close_pka,close_pka,3000303,275,acid,medium,single,1,1,1,0,1,0,2,1,4.81,3.4581404717890303,3.46,0.046859528210969614,123.67599999561207,79.22790000156965,101.45194999859086,measured_success,303
new_ppo,close_pka,close_pka,3000303,275,acid,medium,single,1,1,0,0,1,0,3,1,4.8500000000000005,3.446710099710356,3.45,0.05828990028964398,0.44409999827621505,0.060599988501053303,0.16823332892575613,measured_success,303
new_pf,close_pka,close_pka,3000303,276,acid,medium,overlapping,3,1,1,0,1,0,11,1,14.37,3.1946502344491927,3.19,0.036349765550807156,95.30060000543017,217.38469998672372,28.425936362923082,measured_success,303
new_ppo,close_pka,close_pka,3000303,276,acid,medium,overlapping,3,1,0,0,1,0,12,0,12.65,3.323213891072885,3.32,0.09221389107288491,1.319599999987986,0.21519999427255243,0.12789999952171152,measured_success,303
new_pf,close_pka,close_pka,3000303,277,base,near,overlapping,2,1,0,0,1,0,3,1,6.199999999999999,4.147457004747938,4.15,0.06845700474793848,133.24809999176068,68.19690000702394,67.1483333329282,measured_success,303
new_ppo,close_pka,close_pka,3000303,277,base,near,overlapping,2,1,0,0,1,0,7,0,5.0200000000000005,4.004793043485025,4.0,0.074206956514975,0.8285999938379973,0.12930000229971483,0.13684285659110174,measured_success,303
new_pf,close_pka,close_pka,3000303,278,acid,medium,single,1,1,0,0,1,0,5,1,12.89,6.2347205538052695,6.23,0.07527944619473015,74.33140000648564,103.29920000367565,35.52612000203226,measured_success,303
new_ppo,close_pka,close_pka,3000303,278,acid,medium,single,1,1,0,0,1,0,7,1,12.889999999999999,6.2347205538052695,6.23,0.07527944619473015,0.7106999910320155,0.11009998706867918,0.11725713972867068,measured_success,303
new_pf,close_pka,close_pka,3000303,279,acid,near,overlapping,2,1,0,0,1,0,3,0,5.43,4.505163052104345,4.51,0.0831630521043456,77.31980000244221,88.70009999372996,55.339966665390726,measured_success,303
new_ppo,close_pka,close_pka,3000303,279,acid,near,overlapping,2,1,0,0,1,0,7,0,5.340000000000001,4.513002693841031,4.51,0.09100269384103132,0.683599995682016,0.11169999925186858,0.11361428499055494,measured_success,303
new_pf,close_pka,close_pka,3000303,280,base,near,single,1,1,0,0,1,0,2,0,1.6199999999999999,2.881409380115901,2.88,0.08759061988409877,8.014200000616256,51.47990000114078,29.747050000878517,measured_success,303
new_ppo,close_pka,close_pka,3000303,280,base,near,single,1,1,0,0,1,0,1,0,1.67,2.8940772243253754,2.89,0.07492277567462446,0.14740000187885016,0.01809999957913533,0.1655000014579855,measured_success,303
new_pf,close_pka,close_pka,3000303,281,acid,near,single,1,1,0,0,1,0,3,1,3.99,2.413564803987537,2.41,0.07343519601246307,64.42629999219207,89.21510000072885,51.21379999764031,measured_success,303
new_ppo,close_pka,close_pka,3000303,281,acid,near,single,1,1,1,0,1,0,2,1,3.8,2.4773093655571543,2.48,0.009690634442845791,0.3327000013086945,0.04050000279676169,0.1866000020527281,measured_success,303
new_pf,close_pka,close_pka,3000303,282,base,medium,single,1,1,0,0,1,0,9,0,12.879999999999999,6.503526658121238,6.5,0.09047334187876199,98.86800000094809,191.32110000646207,32.243233334156685,measured_success,303
new_ppo,close_pka,close_pka,3000303,282,base,medium,single,1,1,0,0,1,0,9,0,13.009999999999996,6.518045585805323,6.52,0.07595441419467708,1.0680999912437983,0.1705000177025795,0.1376222232162642,measured_success,303
new_pf,close_pka,close_pka,3000303,283,acid,near,overlapping,2,1,1,0,1,0,11,1,8.45,2.2315010952532326,2.23,0.04749890474676732,110.1011999999173,237.3034000120242,31.582236364721954,measured_success,303
new_ppo,close_pka,close_pka,3000303,283,acid,near,overlapping,2,1,0,0,1,0,5,0,6.110000000000001,2.3548763833899953,2.35,0.07587638338999536,0.62600000819657,0.09599999611964449,0.1444000008632429,measured_success,303
new_pf,close_pka,close_pka,3000303,284,acid,near,overlapping,2,1,0,0,1,0,10,0,6.679999999999999,1.9505172101136767,1.95,0.09651721011367664,39.873600006103516,186.06949999957578,22.59431000056793,measured_success,303
new_ppo,close_pka,close_pka,3000303,284,acid,near,overlapping,2,1,0,0,1,0,4,0,7.0,1.9348922214760242,1.93,0.08089222147602415,0.44799999886890873,0.06340000254567713,0.12785000035364646,measured_success,303
new_pf,close_pka,close_pka,3000303,285,acid,far,overlapping,2,1,0,0,1,0,6,0,19.220000000000002,2.21087908931814,2.21,0.06787908931814002,164.29259999858914,170.69160000392003,55.8307000004182,measured_success,303
new_ppo,close_pka,close_pka,3000303,285,acid,far,overlapping,2,1,0,0,1,0,5,1,19.98,2.0925161851578187,2.09,0.05048381484218112,0.6795000008423813,0.09800000407267362,0.15550000098301098,measured_success,303
new_pf,close_pka,close_pka,3000303,286,base,medium,single,1,1,0,0,1,0,8,6,7.849999999999999,4.264225094534828,4.26,0.08577490546517197,390.740500013635,207.00339999166317,74.71798750066228,measured_success,303
new_ppo,close_pka,close_pka,3000303,286,base,medium,single,1,1,0,0,1,0,7,5,7.62,4.406476745235798,4.41,0.056476745235798376,0.5889999883947894,0.09639999916544184,0.0979142839371759,measured_success,303
new_pf,close_pka,close_pka,3000303,287,acid,medium,single,1,1,1,0,1,0,4,3,7.44,6.32451032234443,6.32,0.02348967765556953,66.04159999551484,96.88459999597399,40.73154999787221,measured_success,303
new_ppo,close_pka,close_pka,3000303,287,acid,medium,single,1,1,1,0,1,0,4,3,8.08,6.313859968997734,6.31,0.03414003100226548,0.4361000028438866,0.07419999019475654,0.1275749982596608,measured_success,303
new_pf,close_pka,close_pka,3000303,288,base,far,single,1,1,1,0,1,0,3,0,7.41,5.331223045749169,5.33,0.02577695425083082,74.52060000650818,99.6240000022226,58.04820000291026,measured_success,303
new_ppo,close_pka,close_pka,3000303,288,base,far,single,1,1,0,0,1,0,3,1,7.609999999999999,5.425710008535043,5.43,0.06871000853504317,0.48869998863665387,0.056899996707215905,0.18186666178128993,measured_success,303
new_pf,close_pka,close_pka,3000303,289,base,medium,overlapping,2,1,0,0,1,0,8,0,15.25,4.268979341595255,4.27,0.06702065840474525,164.33390000020154,132.59790001029614,37.11647500131221,measured_success,303
new_ppo,close_pka,close_pka,3000303,289,base,medium,overlapping,2,1,0,0,1,0,6,0,15.16,4.255154104726838,4.26,0.08084589527316233,0.9110000028158538,0.10730000212788582,0.16971666749062328,measured_success,303
new_pf,close_pka,close_pka,3000303,290,base,medium,overlapping,2,1,1,0,1,0,6,1,15.659999999999998,4.841500063911235,4.84,0.032500063911235166,83.63049999752548,149.34039999207016,38.82848333159927,measured_success,303
new_ppo,close_pka,close_pka,3000303,290,base,medium,overlapping,2,1,1,0,1,0,9,4,19.06,4.773669405744776,4.77,0.03533059425522378,0.95929998497013,0.1593000124557875,0.12428888860287973,measured_success,303
new_pf,close_pka,close_pka,3000303,291,base,medium,overlapping,2,1,1,0,1,0,3,2,2.69,6.00938062438075,6.01,0.014619375619250086,60.15969999862136,86.25929999834625,48.80633333232254,measured_success,303
new_ppo,close_pka,close_pka,3000303,291,base,medium,overlapping,2,1,1,0,1,0,3,1,3.8100000000000005,6.029543962744562,6.03,0.0055439627445617035,0.2874999918276444,0.03789999755099416,0.10846666312621285,measured_success,303
new_pf,close_pka,close_pka,3000303,292,base,medium,overlapping,2,1,1,0,1,0,7,1,13.48,6.389732011315932,6.39,0.01573201131593205,58.55329999758396,163.52479998749914,31.72544285501187,measured_success,303
new_ppo,close_pka,close_pka,3000303,292,base,medium,overlapping,2,1,0,0,1,0,4,0,13.34,6.322797381489995,6.32,0.05120261851000496,0.5098000037833117,0.07709999772487208,0.14672500037704594,measured_success,303
new_pf,close_pka,close_pka,3000303,293,base,far,overlapping,2,1,0,0,1,0,8,3,21.259999999999998,4.340321796269173,4.34,0.06632179626917267,233.65719999128487,208.74249998450978,55.29996249697433,measured_success,303
new_ppo,close_pka,close_pka,3000303,293,base,far,overlapping,2,1,1,0,1,0,8,4,24.15,4.227921617418467,4.23,0.046078382581533184,0.4960999867762439,0.07610000466229394,0.07152499892981723,measured_success,303
new_pf,close_pka,close_pka,3000303,294,base,far,single,1,1,0,0,1,0,15,9,18.74,9.401444931490104,9.4,0.08444493149010412,754.978899974958,434.6256999997422,79.30697333164669,measured_success,303
new_ppo,close_pka,close_pka,3000303,294,base,far,single,1,0,0,0,0,0,50,45,13.27999999999999,9.46102344924958,9.46,0.14402344924958044,4.01879999844823,0.7131000456865877,0.09463800088269636,max_steps,303
new_pf,close_pka,close_pka,3000303,295,acid,near,single,1,1,0,0,1,0,3,0,1.86,6.503807456260738,6.5,0.06280745626073791,12.705800007097423,69.35170000360813,27.35250000356852,measured_success,303
new_ppo,close_pka,close_pka,3000303,295,acid,near,single,1,1,1,0,1,0,1,0,2.06,6.467316942971689,6.47,0.02631694297168874,0.11509999603731558,0.01290000363951549,0.12799999967683107,measured_success,303
new_pf,close_pka,close_pka,3000303,296,acid,medium,overlapping,2,1,0,0,1,0,13,0,22.490000000000002,3.554599346856997,3.55,0.0855993468569971,91.90780000790255,246.7471000054502,26.050376924104057,measured_success,303
new_ppo,close_pka,close_pka,3000303,296,acid,medium,overlapping,2,1,0,0,1,0,15,0,22.639999999999997,3.5404543624903644,3.54,0.07145436249036452,1.3892999850213528,0.21350001043174416,0.10685333303020646,measured_success,303
new_pf,close_pka,close_pka,3000303,297,base,medium,single,1,1,1,0,1,0,8,6,12.389999999999999,9.544128086343367,9.54,0.016871913656633097,493.98820001079,235.47129999496974,91.18243750071997,measured_success,303
new_ppo,close_pka,close_pka,3000303,297,base,medium,single,1,1,1,0,1,0,6,4,8.080000000000002,9.511032128180712,9.51,0.049967871819287524,0.43519998871488497,0.07019999611657113,0.08423333080524269,measured_success,303
new_pf,close_pka,close_pka,3000303,298,base,near,single,1,1,1,0,1,0,4,3,7.5200000000000005,6.250882161518055,6.25,0.0068821615180549855,142.63379998737946,122.48139999428531,66.2787999954162,measured_success,303
new_ppo,close_pka,close_pka,3000303,298,base,near,single,1,1,1,0,1,0,4,4,3.87,6.206944440649959,6.21,0.03705555935004057,0.4341000094427727,0.06589999975403771,0.1250000022992026,measured_success,303
new_pf,close_pka,close_pka,3000303,299,acid,near,single,1,1,0,0,1,0,3,3,2.58,7.895327034557917,7.9,0.05467296544208278,77.00049999402836,90.89139999559848,55.96396666320894,measured_success,303
new_ppo,close_pka,close_pka,3000303,299,acid,near,single,1,1,0,0,1,0,3,2,3.21,8.017605899213912,8.02,0.06760589921391169,0.3617999973357655,0.051099996198900044,0.13763333117822185,measured_success,303
new_pf,close_pka,close_pka,3000303,300,base,near,single,1,1,1,0,1,0,1,1,0.63,4.38620832241774,4.39,0.040208322417740305,3.4893999982159585,24.25560000119731,27.744999999413267,measured_success,303
new_ppo,close_pka,close_pka,3000303,300,base,near,single,1,1,0,0,1,0,4,1,3.41,4.42571447662519,4.43,0.07971447662519004,0.5339999916031957,0.08579999848734587,0.15494999752263539,measured_success,303
new_pf,close_pka,close_pka,3000303,301,acid,medium,single,1,1,0,0,1,0,5,4,5.53,5.118112412121063,5.12,0.0971124121210627,196.92329999088543,93.94999999494758,58.1746599971666,measured_success,303
new_ppo,close_pka,close_pka,3000303,301,acid,medium,single,1,1,0,0,1,0,9,4,8.87,5.118785342309419,5.12,0.09778534230941904,0.9251000010408461,0.1638999965507537,0.12099999973239998,measured_success,303
new_pf,close_pka,close_pka,3000303,302,acid,medium,single,1,1,1,0,1,0,10,5,11.579999999999998,3.2097476526625233,3.21,0.038252347337476955,528.0464999959804,197.73419999546604,72.57806999914465,measured_success,303
new_ppo,close_pka,close_pka,3000303,302,acid,medium,single,1,1,0,0,1,0,4,3,8.750000000000002,3.192730354723772,3.19,0.05526964527622802,0.5792000010842457,0.08099999831756577,0.16504999985045288,measured_success,303
new_pf,close_pka,close_pka,3000303,303,base,medium,overlapping,2,1,1,0,1,0,6,4,7.63,3.9405756733216712,3.94,0.008424326678328597,247.03910000243923,189.1230999972322,72.69369999994524,measured_success,303
new_ppo,close_pka,close_pka,3000303,303,base,medium,overlapping,2,1,1,0,1,0,9,5,14.789999999999997,3.9592593526407063,3.96,0.010259352640706432,0.995899987174198,0.16599999798927456,0.12909999835149696,measured_success,303
new_pf,close_pka,close_pka,3000303,304,acid,near,single,1,1,1,0,1,0,1,1,0.64,5.420669630869577,5.42,0.019330369130423186,4.709699998784345,38.93219999736175,43.641899996146094,measured_success,303
new_ppo,close_pka,close_pka,3000303,304,acid,near,single,1,1,0,0,1,0,3,2,3.77,5.536431905984468,5.54,0.09643190598446783,0.4219999973429367,0.05780000356025994,0.15993333363439888,measured_success,303
new_pf,close_pka,close_pka,3000303,305,base,far,overlapping,2,1,0,0,1,0,3,1,9.0,4.942907754516064,4.94,0.06890775451606412,75.7376999972621,105.85749999881955,60.531733332027216,measured_success,303
new_ppo,close_pka,close_pka,3000303,305,base,far,overlapping,2,1,1,0,1,0,4,1,10.57,4.910032667710041,4.91,0.036032667710041544,0.5042999910074286,0.08150000212481245,0.14644999828306027,measured_success,303
new_pf,close_pka,close_pka,3000303,306,base,near,single,1,1,0,0,1,0,1,1,1.42,5.058340774031995,5.06,0.05934077403199556,42.192899993096944,33.55110000120476,75.7439999943017,measured_success,303
new_ppo,close_pka,close_pka,3000303,306,base,near,single,1,1,1,0,1,0,2,2,3.1100000000000003,4.982478699957014,4.98,0.01652130004298602,0.26079999952344224,0.03759999526664615,0.1491999973950442,measured_success,303
new_pf,close_pka,close_pka,3000303,307,acid,medium,single,1,1,1,0,1,0,5,4,10.490000000000002,3.8445937984771765,3.84,0.034593798477176474,269.9637000114308,136.14289999532048,81.22132000135025,measured_success,303
new_ppo,close_pka,close_pka,3000303,307,acid,medium,single,1,0,0,0,0,0,50,49,22.349999999999962,3.6883860196385276,3.69,0.12161398036147242,4.37739999324549,0.7729999924777076,0.10300799971446395,max_steps,303
new_pf,close_pka,close_pka,3000303,308,base,medium,overlapping,3,1,1,0,1,0,8,5,10.16,5.367859304624176,5.37,0.005859304624175721,172.68879999028286,206.07179999205982,47.345074997792835,measured_success,303
new_ppo,close_pka,close_pka,3000303,308,base,medium,overlapping,3,1,0,0,1,0,9,1,8.99,5.4425173334839485,5.44,0.0805173334839484,0.923399995372165,0.14790002023801208,0.11903333506779745,measured_success,303
new_pf,close_pka,close_pka,3000303,309,acid,near,overlapping,2,1,0,0,1,0,1,1,2.49,4.4972079256864745,4.5,0.07979207431352542,34.7540000002482,34.05719999864232,68.81119999889052,measured_success,303
new_ppo,close_pka,close_pka,3000303,309,acid,near,overlapping,2,1,1,0,1,0,1,0,2.06,4.587893390881765,4.59,0.010893390881765441,0.11680000170599669,0.012899996363557875,0.12969999806955457,measured_success,303
new_pf,close_pka,close_pka,3000303,310,acid,medium,overlapping,2,1,0,0,1,0,6,0,9.32,4.384268158079452,4.38,0.08226815807945265,63.0583000020124,106.94779999903403,28.334350000174407,measured_success,303
new_ppo,close_pka,close_pka,3000303,310,acid,medium,overlapping,2,1,0,0,1,0,3,0,9.22,4.401775858741599,4.4,0.09977585874159978,0.3682999958982691,0.052799994591623545,0.14036666349663088,measured_success,303
new_pf,close_pka,close_pka,3000303,311,base,far,overlapping,3,0,0,0,0,0,50,43,20.370000000000054,9.128913557929497,9.13,0.3449135579294964,2685.208699949726,1084.0094999948633,75.38436399889179,max_steps,303
new_ppo,close_pka,close_pka,3000303,311,base,far,overlapping,3,0,0,1,0,0,50,33,40.699999999999974,10.15895554586993,10.16,1.3749555458699287,3.5155000296072103,0.5938999966019765,0.08218800052418374,max_steps,303
new_pf,close_pka,close_pka,3000303,312,acid,near,overlapping,2,1,0,0,1,0,3,0,3.8300000000000005,3.9653720393396004,3.97,0.07837203933960035,63.440599995374214,58.30209999840008,40.58089999792477,measured_success,303
new_ppo,close_pka,close_pka,3000303,312,acid,near,overlapping,2,1,0,0,1,0,3,0,3.91,3.9521973663441052,3.95,0.06519736634410522,0.2949999980046414,0.04169999738223851,0.11223333179562663,measured_success,303
new_pf,close_pka,close_pka,3000303,313,acid,near,single,1,1,0,0,1,0,6,0,3.87,5.019763361486612,5.02,0.07276336148661233,21.347500005504116,88.17900000576628,18.254416668545066,measured_success,303
new_ppo,close_pka,close_pka,3000303,313,acid,near,single,1,1,0,0,1,0,3,0,3.72,5.0332438278043465,5.03,0.08624382780434647,0.250899996899534,0.03420000575715676,0.09503333421889693,measured_success,303
new_pf,close_pka,close_pka,3000303,314,acid,medium,overlapping,3,1,0,0,1,0,4,1,10.25,2.706947473122594,2.71,0.05705252687740581,156.16620000946568,109.86270000285003,66.50722500307893,measured_success,303
new_ppo,close_pka,close_pka,3000303,314,acid,medium,overlapping,3,1,0,0,1,0,3,1,10.29,2.688171704038634,2.69,0.07582829596136564,0.27480001153890043,0.035500008380040526,0.10343333997298032,measured_success,303
new_pf,close_pka,close_pka,3000303,315,base,far,overlapping,2,0,0,0,0,0,50,46,13.22999999999999,6.956625377817545,6.96,0.23537462218245508,1599.830799990741,966.8629000007058,51.33387399982894,max_steps,303
new_ppo,close_pka,close_pka,3000303,315,base,far,overlapping,2,0,0,0,0,0,50,47,15.53999999999999,7.53586652850754,7.54,0.3438665285075402,4.631999952835031,0.8648000221000984,0.10993599949870259,max_steps,303
new_pf,close_pka,close_pka,3000303,316,base,medium,single,1,1,1,0,1,0,13,9,16.04,9.91378728013342,9.91,0.02178728013342024,655.5567000104929,337.33810001285747,76.37652307871926,measured_success,303
new_ppo,close_pka,close_pka,3000303,316,base,medium,single,1,1,0,0,1,0,3,1,0.31,9.99066650261776,9.99,0.09866650261776044,0.41229999624192715,0.0596999961999245,0.15733333081395054,measured_success,303
new_pf,close_pka,close_pka,3000303,317,acid,near,single,1,1,0,0,1,0,2,1,0.8699999999999999,5.723917807929267,5.72,0.07208219207073352,50.430999996024184,51.51520000799792,50.97310000201105,measured_success,303
new_ppo,close_pka,close_pka,3000303,317,acid,near,single,1,1,0,0,1,0,3,1,3.82,5.710931674316765,5.71,0.08506832568323563,0.40160000207833946,0.057199998991563916,0.15293333368996778,measured_success,303
new_pf,close_pka,close_pka,3000303,318,base,medium,overlapping,2,1,0,0,1,0,1,0,2.8,4.386267240449584,4.39,0.06373275955041624,4.725899998447858,56.57260000589304,61.298500004340895,measured_success,303
new_ppo,close_pka,close_pka,3000303,318,base,medium,overlapping,2,1,0,0,0,0,1,0,2.75,4.352789153869148,4.35,0.09721084613085207,0.13889999536331743,0.01920000067912042,0.15809999604243785,measured_success,303
new_pf,close_pka,close_pka,3000303,319,base,near,single,1,1,0,0,1,0,2,0,1.91,3.001658304541997,3.0,0.08834169545800297,7.249299997056369,33.55520000332035,20.40225000018836,measured_success,303
new_ppo,close_pka,close_pka,3000303,319,base,near,single,1,1,0,0,1,0,3,2,3.5199999999999996,3.0081593064310175,3.01,0.08184069356898238,0.2403999969828874,0.03319999814266339,0.0911999983751836,measured_success,303
new_pf,close_pka,close_pka,3000303,320,acid,medium,overlapping,3,1,0,0,1,0,7,0,15.459999999999999,2.1775074552238856,2.18,0.07050745522388535,185.78309998702025,163.42339999391697,49.886642854419605,measured_success,303
new_ppo,close_pka,close_pka,3000303,320,acid,medium,overlapping,3,1,0,0,1,0,5,0,15.56,2.164614801052412,2.16,0.05761480105241201,0.8198000068659894,0.1016000023810193,0.18428000184940174,measured_success,303
new_pf,close_pka,close_pka,3000303,321,acid,medium,overlapping,3,1,0,0,1,0,2,0,6.390000000000001,2.3128601667990747,2.31,0.09486016679907472,137.74310000007972,92.06879999692319,114.90594999850146,measured_success,303
new_ppo,close_pka,close_pka,3000303,321,acid,medium,overlapping,3,1,0,0,1,0,2,1,7.0,2.1433422656511425,2.14,0.07465773434885747,0.3409999990253709,0.04150000313529745,0.1912500010803342,measured_success,303
new_pf,close_pka,close_pka,3000303,322,base,near,overlapping,2,1,0,0,1,0,8,0,6.1800000000000015,5.395648906860124,5.4,0.08835109313987566,39.87179999239743,166.9322000016109,25.850499999251042,measured_success,303
new_ppo,close_pka,close_pka,3000303,322,base,near,overlapping,2,1,0,0,1,0,11,0,6.16,5.393590461598125,5.39,0.09040953840187527,1.149800002167467,0.1790999885997735,0.12080909006974914,measured_success,303
new_pf,close_pka,close_pka,3000303,323,base,near,overlapping,2,1,0,0,1,0,5,1,5.539999999999999,4.913888661230251,4.91,0.09888866123025064,104.86360000504646,80.40559999790275,37.053840000589844,measured_success,303
new_ppo,close_pka,close_pka,3000303,323,base,near,overlapping,2,1,0,0,1,0,1,0,2.06,4.7181192170683826,4.72,0.09688078293161784,0.1384999995934777,0.020899999071843922,0.15939999866532162,measured_success,303
new_pf,close_pka,close_pka,3000303,324,base,far,overlapping,2,1,0,0,1,0,9,2,25.240000000000002,5.3139719642555505,5.31,0.05402803574444981,194.2052999875159,209.2073999956483,44.82363333146269,measured_success,303
new_ppo,close_pka,close_pka,3000303,324,base,far,overlapping,2,1,0,0,1,0,5,0,23.67,5.284346073624532,5.28,0.08365392637546876,0.3257999924244359,0.06540000322274864,0.07823999912943691,measured_success,303
new_pf,close_pka,close_pka,3000303,325,base,medium,overlapping,3,1,1,0,1,0,5,0,10.24,3.792166563422347,3.79,0.049833436577653156,221.91310000926023,115.22309999418212,67.42724000068847,measured_success,303
new_ppo,close_pka,close_pka,3000303,325,base,medium,overlapping,3,1,0,0,1,0,14,0,9.469999999999995,3.7562258701364755,3.76,0.08577412986352462,2.2482000204036012,0.31200000375974923,0.18287143029738218,measured_success,303
new_pf,close_pka,close_pka,3000303,326,acid,medium,single,1,1,1,0,1,0,2,1,5.42,2.542061967041974,2.54,0.011938032958025868,108.29150000063237,54.589799998211674,81.44064999942202,measured_success,303
new_ppo,close_pka,close_pka,3000303,326,acid,medium,single,1,1,1,0,1,0,4,1,6.71,2.5301729480826998,2.53,0.023827051917300057,0.4678999976022169,0.07159999222494662,0.13487499745679088,measured_success,303
new_pf,close_pka,close_pka,3000303,327,base,near,overlapping,3,1,0,0,1,0,3,0,2.16,3.329544999037938,3.33,0.06945500096206203,10.057300001790281,52.353400002175476,20.803566667988587,measured_success,303
new_ppo,close_pka,close_pka,3000303,327,base,near,overlapping,3,1,1,0,1,0,2,1,2.7199999999999998,3.41909081399488,3.42,0.020090813994880108,0.2688000022317283,0.03790000482695177,0.15335000352934003,measured_success,303
new_pf,close_pka,close_pka,3000303,328,base,far,overlapping,3,1,0,0,1,0,17,9,26.919999999999998,6.1570557301649504,6.16,0.053055730164950354,742.6678000119864,341.3694000191754,63.766894119480106,measured_success,303
new_ppo,close_pka,close_pka,3000303,328,base,far,overlapping,3,1,0,0,1,0,17,7,27.060000000000002,6.1570747025982655,6.16,0.05307470259826541,1.8673999948077835,0.3091000035055913,0.12802941166549264,measured_success,303
new_pf,close_pka,close_pka,3000303,329,acid,near,single,1,1,0,0,1,0,2,2,1.83,2.4283486026270493,2.43,0.08934860262704936,87.12740000191843,68.19180000456981,77.65960000324412,measured_success,303
new_ppo,close_pka,close_pka,3000303,329,acid,near,single,1,1,0,0,1,0,2,1,3.1100000000000003,2.28382765819985,2.28,0.05517234180015018,0.2615000048535876,0.052299998060334474,0.15690000145696104,measured_success,303
new_pf,close_pka,close_pka,3000303,330,acid,medium,overlapping,3,1,0,0,1,0,6,0,13.689999999999998,3.450462050175201,3.45,0.09046205017520093,77.09249999606982,138.77870000578696,35.978533333642794,measured_success,303
new_ppo,close_pka,close_pka,3000303,330,acid,medium,overlapping,3,1,1,0,1,0,6,0,14.360000000000001,3.3753604245449456,3.38,0.015360424544945683,0.5459999956656247,0.0681000019540079,0.10234999960327211,measured_success,303
new_pf,close_pka,close_pka,3000303,331,base,near,overlapping,2,1,0,0,1,0,1,0,0.7,3.6951960339064387,3.7,0.07980396609356122,2.4454000013065524,39.8228999983985,42.26829999970505,measured_success,303
new_ppo,close_pka,close_pka,3000303,331,base,near,overlapping,2,1,1,0,1,0,2,1,3.1100000000000003,3.796520025012687,3.8,0.02152002501268724,0.44830000115325674,0.04920000355923548,0.2487500023562461,measured_success,303
new_pf,close_pka,close_pka,3000303,332,base,near,single,1,1,0,0,1,0,2,1,4.99,8.898557373465739,8.9,0.06155737346573886,116.8175999991945,83.47049999429146,100.14404999674298,measured_success,303
new_ppo,close_pka,close_pka,3000303,332,base,near,single,1,1,1,0,1,0,2,2,2.67,8.796807947205348,8.8,0.040192052794651545,0.331000002915971,0.0427999984822236,0.1869000006990973,measured_success,303
new_pf,close_pka,close_pka,3000303,333,acid,near,single,1,1,1,0,1,0,1,0,2.88,1.7974322938220308,1.8,0.04643229382203096,47.33049999776995,32.37819999776548,79.70869999553543,measured_success,303
new_ppo,close_pka,close_pka,3000303,333,acid,near,single,1,1,1,0,1,0,2,0,3.1100000000000003,1.7817902406844182,1.78,0.03079024068441827,0.3070999955525622,0.03979999746661633,0.17344999650958925,measured_success,303
new_pf,close_pka,close_pka,3000303,334,base,near,overlapping,3,1,0,0,1,0,7,0,6.28,3.731303307496245,3.73,0.07269669250375488,28.547099995194003,128.3355999912601,22.411814283779158,measured_success,303
new_ppo,close_pka,close_pka,3000303,334,base,near,overlapping,3,1,0,0,1,0,8,0,6.24,3.726077491955631,3.73,0.07792250804436884,0.8218000002671033,0.13529999705497175,0.11963749966525938,measured_success,303
new_pf,close_pka,close_pka,3000303,335,base,far,overlapping,2,0,0,0,0,0,50,46,18.11000000000006,6.456270096266664,6.46,0.4447299037333359,2826.2997999991057,1021.1228000116535,76.94845200021518,max_steps,303
new_ppo,close_pka,close_pka,3000303,335,base,far,overlapping,2,0,0,1,0,0,50,26,19.13999999999998,6.193760854752213,6.19,0.7072391452477866,4.893999990599696,0.8718000171938911,0.11531600015587173,max_steps,303
new_pf,close_pka,close_pka,3000303,336,acid,far,single,1,1,1,0,1,0,6,3,12.790000000000001,3.1378362701890508,3.14,0.04316372981094929,376.48379999154713,162.90280000248458,89.89776666567195,measured_success,303
new_ppo,close_pka,close_pka,3000303,336,acid,far,single,1,1,0,0,1,0,3,2,13.13,3.255311665290149,3.26,0.07431166529014899,0.46039999870117754,0.06059999577701092,0.17366666482606283,measured_success,303
new_pf,close_pka,close_pka,3000303,337,acid,medium,overlapping,2,1,0,0,1,0,8,0,16.189999999999998,2.6764077693012185,2.68,0.07840776930121862,98.99609999411041,169.34900000342168,33.54313749969151,measured_success,303
new_ppo,close_pka,close_pka,3000303,337,acid,medium,overlapping,2,1,0,0,1,0,6,0,16.05,2.6868597893118213,2.69,0.08885978931182148,0.5689999961759895,0.08540000999346375,0.10906666769490887,measured_success,303
new_pf,close_pka,close_pka,3000303,338,base,near,single,1,1,1,0,1,0,1,1,3.94,7.667747820904472,7.67,0.04074782090447204,45.71229999419302,24.496199999703094,70.20849999389611,measured_success,303
new_ppo,close_pka,close_pka,3000303,338,base,near,single,1,1,0,0,1,0,2,0,3.16,7.5753715610587395,7.58,0.051628438941260235,0.3144000002066605,0.036499994166661054,0.17544999718666077,measured_success,303
new_pf,close_pka,close_pka,3000303,339,base,near,single,1,1,1,0,1,0,4,3,6.300000000000001,7.050051252911487,7.05,0.011051252911487452,174.98660001001554,112.35219999798574,71.83470000200032,measured_success,303
new_ppo,close_pka,close_pka,3000303,339,base,near,single,1,1,0,0,1,0,3,2,3.5400000000000005,6.965753018337731,6.97,0.07324698166226895,0.47080000513233244,0.0664999897708185,0.1790999983010503,measured_success,303
new_pf,close_pka,close_pka,3000303,340,acid,near,single,1,1,0,0,1,0,1,0,1.03,7.137247853490576,7.14,0.07824785349057617,4.77080000564456,39.424399998097215,44.195200003741775,measured_success,303
new_ppo,close_pka,close_pka,3000303,340,acid,near,single,1,1,0,0,1,0,2,2,3.1100000000000003,7.14317135877611,7.14,0.0841713587761097,0.38389999099308625,0.04120000812690705,0.21254999955999665,measured_success,303
new_pf,close_pka,close_pka,3000303,341,acid,near,overlapping,2,1,0,0,1,0,2,2,1.7199999999999998,3.1684336847363044,3.17,0.07443368473630452,88.68609999626642,49.81870000483468,69.25240000055055,measured_success,303
new_ppo,close_pka,close_pka,3000303,341,acid,near,overlapping,2,1,1,0,1,0,4,3,4.57,3.089994547589897,3.09,0.004005452410102972,0.8365999965462834,0.11150000500492752,0.23702500038780272,measured_success,303
new_pf,close_pka,close_pka,3000303,342,base,medium,overlapping,3,1,0,0,1,0,7,1,16.49,5.14994047119683,5.15,0.06994047119682989,87.15800000209128,137.76030000735773,32.131185715635574,measured_success,303
new_ppo,close_pka,close_pka,3000303,342,base,medium,overlapping,3,1,0,0,1,0,5,1,14.55,5.137500295081004,5.14,0.05750029508100418,0.5635000052279793,0.11180000001331791,0.13506000104825944,measured_success,303
new_pf,close_pka,close_pka,3000303,343,acid,medium,single,1,1,0,0,1,0,5,3,5.819999999999999,7.025249112439715,7.03,0.06075088756028535,236.50440001074458,149.06020000489661,77.11292000312824,measured_success,303
new_ppo,close_pka,close_pka,3000303,343,acid,medium,single,1,1,1,0,1,0,4,2,3.8900000000000006,7.123652579973651,7.12,0.0376525799736509,0.5832000097143464,0.07989999721758068,0.16577500173298176,measured_success,303
new_pf,close_pka,close_pka,3000303,344,acid,near,overlapping,2,1,0,0,1,0,1,0,2.72,3.5438275479581227,3.54,0.08082754795812264,53.92220000067027,37.11579999799142,91.03799999866169,measured_success,303
new_ppo,close_pka,close_pka,3000303,344,acid,near,overlapping,2,1,1,0,1,0,2,0,3.1100000000000003,3.5013753130416285,3.5,0.038375313041628445,0.27129999944008887,0.03579999611247331,0.1535499977762811,measured_success,303
new_pf,close_pka,close_pka,3000303,345,acid,near,overlapping,2,1,0,0,1,0,1,0,1.92,1.8161903987505434,1.82,0.05919039875054355,39.25300000264542,35.45880000456236,74.71180000720778,measured_success,303
new_ppo,close_pka,close_pka,3000303,345,acid,near,overlapping,2,1,1,0,1,0,1,0,2.06,1.8046845571403796,1.8,0.04768455714037967,0.15690000145696104,0.02010000025620684,0.17700000171316788,measured_success,303
new_pf,close_pka,close_pka,3000303,346,base,far,overlapping,2,0,0,0,0,0,50,46,19.25000000000006,9.341036213469813,9.34,0.16196378653018684,2571.445900000981,974.4688999853679,70.91829599972698,max_steps,303
new_ppo,close_pka,close_pka,3000303,346,base,far,overlapping,2,1,0,0,1,0,15,7,34.06000000000001,9.567610350065479,9.57,0.06461035006547888,1.081000009435229,0.16480001795571297,0.08305333515939613,measured_success,303
new_pf,close_pka,close_pka,3000303,347,acid,medium,single,1,0,0,0,1,1,3,1,6.95,3.7354011506589933,3.74,0.10159884934100694,144.40189999731956,73.2890000072075,72.56363333484235,measured_success,303
new_ppo,close_pka,close_pka,3000303,347,acid,medium,single,1,1,0,0,1,0,4,1,6.8999999999999995,3.756368162552265,3.76,0.08063183744773506,0.46100000326987356,0.07049999112496153,0.13287499859870877,measured_success,303
new_pf,close_pka,close_pka,3000303,348,acid,medium,overlapping,3,1,0,0,1,0,24,0,24.69,2.6796209910580737,2.68,0.09162099105807364,91.91369998734444,382.4473999920883,19.765045832476364,measured_success,303
new_ppo,close_pka,close_pka,3000303,348,acid,medium,overlapping,3,1,0,0,1,0,16,0,25.07,2.66658066024546,2.67,0.07858066024545973,1.5259999854606576,0.2631000097608194,0.11181874970134231,measured_success,303
new_pf,close_pka,close_pka,3000303,349,base,far,overlapping,2,1,1,0,1,0,12,8,17.980000000000004,7.398583682117817,7.4,0.015416317882182895,632.4124000166194,301.2892000042484,77.80846666840564,measured_success,303
new_ppo,close_pka,close_pka,3000303,349,base,far,overlapping,2,1,1,0,1,0,9,6,19.84,7.398513363933294,7.4,0.015486636066706083,1.0191000037593767,0.1663000148255378,0.13171111317610162,measured_success,303
new_pf,close_pka,close_pka,3000303,350,acid,near,single,1,1,1,0,1,0,3,3,1.9999999999999998,6.803432161355623,6.8,0.013567838644377161,11.082999997597653,68.17940000473754,26.4208000007784,measured_success,303
new_ppo,close_pka,close_pka,3000303,350,acid,near,single,1,1,0,0,1,0,2,2,2.94,6.87439518389926,6.87,0.057395183899259905,0.335300006554462,0.04180000541964546,0.18855000598705374,measured_success,303
new_pf,close_pka,close_pka,3000303,351,acid,near,overlapping,2,1,1,0,1,0,2,0,2.97,4.706393187667343,4.71,0.04539318766734368,117.42899999808287,58.47460000222782,87.95180000015534,measured_success,303
new_ppo,close_pka,close_pka,3000303,351,acid,near,overlapping,2,1,1,0,1,0,2,0,3.1100000000000003,4.677265299532015,4.68,0.01626529953201583,0.338099998771213,0.040099999750964344,0.18909999926108867,measured_success,303
new_pf,close_pka,close_pka,3000303,352,base,far,overlapping,2,1,1,0,1,0,10,6,20.069999999999997,5.772642054159782,5.77,0.007357945840218427,226.4148999893223,223.3440000054543,44.97588999947766,measured_success,303
new_ppo,close_pka,close_pka,3000303,352,base,far,overlapping,2,1,1,0,1,0,7,3,21.45,5.815919860725199,5.82,0.03591986072519848,0.8425999985774979,0.14250000822357833,0.14072857240015374,measured_success,303
new_pf,close_pka,close_pka,3000303,353,base,medium,overlapping,3,1,1,0,1,0,7,2,14.58,5.767957685747161,5.77,0.022042314252838757,362.786400000914,179.62009999610018,77.48664285671632,measured_success,303
new_ppo,close_pka,close_pka,3000303,353,base,medium,overlapping,3,1,0,0,1,0,3,1,11.040000000000001,5.874790334365434,5.87,0.08479033436543393,0.41059999057324603,0.057999997807201,0.15619999612681568,measured_success,303
new_pf,close_pka,close_pka,3000303,354,acid,medium,overlapping,2,0,0,0,1,1,2,0,4.5,1.7136331489100902,1.71,0.10263314891009023,125.67950000084238,74.35070000065025,100.01510000074632,measured_success,303
new_ppo,close_pka,close_pka,3000303,354,acid,medium,overlapping,2,1,0,0,1,0,2,0,5.05,1.6637223191960193,1.66,0.05272231919601933,0.3225999971618876,0.04130000161239877,0.18194999938714318,measured_success,303
new_pf,close_pka,close_pka,3000303,355,base,far,single,1,1,0,0,1,0,16,9,16.099999999999998,9.484751409502106,9.48,0.07575140950210546,793.4513999935007,392.9216000105953,74.148312500256,measured_success,303
new_ppo,close_pka,close_pka,3000303,355,base,far,single,1,0,0,0,0,0,50,50,12.98999999999999,9.282667036519541,9.28,0.12633296348045953,4.2612000106601045,0.7963999742059968,0.10115199969732203,max_steps,303
new_pf,close_pka,close_pka,3000303,356,acid,far,single,1,1,1,0,1,0,4,1,12.1,5.717075235681532,5.72,0.016924764318467567,137.4022999953013,127.19450001168298,66.14920000174607,measured_success,303
new_ppo,close_pka,close_pka,3000303,356,acid,far,single,1,0,0,0,0,0,50,47,27.15999999999996,5.6189594127955225,5.62,0.11504058720447752,4.678100012824871,0.8055999860516749,0.10967399997753091,max_steps,303
new_pf,close_pka,close_pka,3000303,357,base,near,overlapping,3,1,0,0,1,0,10,0,8.54,4.024521522349199,4.02,0.06647847765080162,47.98700000537792,213.89400000771275,26.188100001309067,measured_success,303
new_ppo,close_pka,close_pka,3000303,357,base,near,overlapping,3,1,0,0,1,0,15,0,8.44,4.013202690427969,4.01,0.07779730957203146,1.5968000225257128,0.2680999969015829,0.12432666796181972,measured_success,303
new_pf,close_pka,close_pka,3000303,358,acid,medium,overlapping,3,1,1,0,1,0,7,0,13.28,2.51671526829785,2.52,0.039715268297850326,135.6220000088797,168.41959999874234,43.43451428680315,measured_success,303
new_ppo,close_pka,close_pka,3000303,358,acid,medium,overlapping,3,1,1,0,1,0,9,0,13.18,2.525739861177774,2.53,0.04873986117777429,0.6979000027058646,0.10099999781232327,0.0887666667242431,measured_success,303
new_pf,close_pka,close_pka,3000303,359,acid,near,overlapping,2,1,0,0,1,0,2,1,3.5599999999999996,3.7461382851369267,3.75,0.058861714863073455,115.91300000145566,47.94899999978952,81.93100000062259,measured_success,303
new_ppo,close_pka,close_pka,3000303,359,acid,near,overlapping,2,1,0,0,1,0,2,0,3.1100000000000003,3.900706817357597,3.9,0.09570681735759701,0.29289999656612054,0.03869999636663124,0.1657999964663759,measured_success,303
new_pf,close_pka,close_pka,3000303,360,base,near,overlapping,3,1,0,0,1,0,4,0,1.91,2.006069411159075,2.01,0.08693058884092508,13.614800001960248,75.24859999830369,22.215850000065984,measured_success,303
new_ppo,close_pka,close_pka,3000303,360,base,near,overlapping,3,1,1,0,1,0,2,0,2.7199999999999998,2.0750964101419127,2.08,0.017903589858087265,0.26059999800054356,0.03739999374374747,0.14899999587214552,measured_success,303
new_pf,close_pka,close_pka,3000303,361,acid,medium,overlapping,2,1,0,0,1,0,3,1,4.6,4.6095464591895166,4.61,0.09945354081048308,50.06179999327287,54.194299998926,34.75203333073296,measured_success,303
new_ppo,close_pka,close_pka,3000303,361,acid,medium,overlapping,2,1,1,0,1,0,1,0,2.06,4.72855687379178,4.73,0.01955687379177995,0.11749999976018444,0.012899996363557875,0.1303999961237423,measured_success,303
new_pf,close_pka,close_pka,3000303,362,acid,far,single,1,1,0,0,1,0,5,4,15.02,3.210149175967624,3.21,0.09714917596762396,288.75069999776315,116.02349999884609,80.95483999932185,measured_success,303
new_ppo,close_pka,close_pka,3000303,362,acid,far,single,1,1,1,0,1,0,9,6,18.210000000000004,3.1427109163212483,3.14,0.029710916321248337,1.0326000046916306,0.167199999850709,0.13331111161581552,measured_success,303
new_pf,close_pka,close_pka,3000303,363,acid,near,overlapping,3,1,0,0,1,0,3,0,1.53,3.255345859472782,3.26,0.06334585947278182,8.856600004946813,50.186499996925704,19.681033333957505,measured_success,303
new_ppo,close_pka,close_pka,3000303,363,acid,near,overlapping,3,1,1,0,1,0,1,1,2.06,3.1835757740903556,3.18,0.008424225909644534,0.15169999824138358,0.02059999678749591,0.1722999950288795,measured_success,303
new_pf,close_pka,close_pka,3000303,364,acid,medium,single,1,1,0,0,1,0,2,0,6.32,4.563432612080046,4.56,0.08243261208004604,111.9410000028438,56.09009999898262,84.01555000091321,measured_success,303
new_ppo,close_pka,close_pka,3000303,364,acid,medium,single,1,1,1,0,1,0,4,0,6.71,4.503096162023116,4.5,0.02209616202311615,0.5536999960895628,0.08010001329239458,0.15845000234548934,measured_success,303
new_pf,close_pka,close_pka,3000303,365,base,medium,overlapping,2,1,1,0,1,0,12,8,13.179999999999998,4.652857024550229,4.65,0.04914297544977053,576.7132999972091,298.1882000094629,72.90845833388933,measured_success,303
new_ppo,close_pka,close_pka,3000303,365,base,medium,overlapping,2,1,0,0,1,0,18,12,10.619999999999997,4.644222996803819,4.64,0.05777700319618084,1.5502000096603297,0.27319999207975343,0.10130000009667128,measured_success,303
new_pf,close_pka,close_pka,3000303,366,base,medium,single,1,1,1,0,1,0,5,2,7.139999999999999,6.099274628609368,6.1,0.02772537139063136,73.46149998920737,140.92670001264196,42.877640000369865,measured_success,303
new_ppo,close_pka,close_pka,3000303,366,base,medium,single,1,1,0,0,1,0,6,3,10.699999999999998,6.18067959473114,6.18,0.05367959473114059,0.5939999973634258,0.06659999053226784,0.1100999979826156,measured_success,303
new_pf,close_pka,close_pka,3000303,367,base,medium,overlapping,2,1,0,0,1,0,10,6,9.76,5.979986686365985,5.98,0.06401331363401486,625.8416999917245,254.95470000169007,88.07963999934145,measured_success,303
new_ppo,close_pka,close_pka,3000303,367,base,medium,overlapping,2,1,0,0,1,0,2,1,2.8600000000000003,6.111353858592389,6.11,0.06735385859238985,0.3237000055378303,0.03960000321967527,0.18165000437875278,measured_success,303
new_pf,close_pka,close_pka,3000303,368,base,near,overlapping,3,1,0,0,1,0,6,0,4.970000000000001,4.793141468812388,4.79,0.054858531187611526,20.668799996201415,96.54770000634016,19.53608333375693,measured_success,303
new_ppo,close_pka,close_pka,3000303,368,base,near,overlapping,3,1,0,0,1,0,6,0,4.73,4.752886118664007,4.75,0.09511388133599308,0.3660000002128072,0.05700001202058047,0.07050000203889795,measured_success,303
new_pf,close_pka,close_pka,3000303,369,acid,medium,overlapping,2,1,1,0,1,0,6,1,13.300000000000002,2.949029111906695,2.95,0.007970888093304929,231.9087999931071,128.48560000566067,60.06573333312796,measured_success,303
new_ppo,close_pka,close_pka,3000303,369,acid,medium,overlapping,2,1,0,0,1,0,5,1,13.56,2.8736328701959506,2.87,0.08336712980404926,0.6140999976196326,0.09140001202467829,0.14110000192886218,measured_success,303
new_pf,close_pka,close_pka,3000303,370,base,medium,single,1,1,1,0,1,0,11,7,13.490000000000002,9.93540738030299,9.94,0.027407380302991058,718.6538000023575,302.27410001680255,92.81162727446909,measured_success,303
new_ppo,close_pka,close_pka,3000303,370,base,medium,single,1,1,0,0,1,0,8,2,0.5900000000000001,9.833208246293388,9.83,0.07479175370661117,1.0003999850596301,0.13829999807057902,0.14233749789127614,measured_success,303
new_pf,close_pka,close_pka,3000303,371,base,near,single,1,1,0,0,1,0,1,1,3.54,7.093699294049701,7.09,0.05669929404970109,58.3556999990833,39.75189999619033,98.10759999527363,measured_success,303
new_ppo,close_pka,close_pka,3000303,371,base,near,single,1,1,1,0,1,0,2,1,3.1100000000000003,7.042968803398747,7.04,0.005968803398746836,0.3468999930191785,0.04189999890513718,0.19439999596215785,measured_success,303
new_pf,close_pka,close_pka,3000303,372,acid,medium,single,1,1,1,0,1,0,3,1,6.83,2.0226299130199434,2.02,0.013370086980056595,205.2862999989884,91.60469999915222,98.96366666604688,measured_success,303
new_ppo,close_pka,close_pka,3000303,372,acid,medium,single,1,1,0,0,1,0,2,1,5.3100000000000005,1.9623882449083814,1.96,0.07361175509161866,0.3339000031701289,0.038500009395647794,0.18620000628288835,measured_success,303
new_pf,close_pka,close_pka,3000303,373,base,medium,overlapping,2,1,0,0,1,0,16,8,11.47,6.476742304775939,6.48,0.06525769522406044,654.6563000010792,371.80170002102386,64.15362500138144,measured_success,303
new_ppo,close_pka,close_pka,3000303,373,base,medium,overlapping,2,1,0,0,1,0,12,6,9.209999999999997,6.476404763442588,6.48,0.06559523655741195,1.358200010145083,0.22789999638916925,0.13217500054452103,measured_success,303
new_pf,close_pka,close_pka,3000303,374,acid,medium,overlapping,2,1,0,0,1,0,2,2,4.2299999999999995,2.8989191182374965,2.9,0.06491911823749641,137.36030000291066,64.20290000096429,100.78160000193748,measured_success,303
new_ppo,close_pka,close_pka,3000303,374,acid,medium,overlapping,2,1,1,0,1,0,4,3,6.459999999999999,2.8100282183595917,2.81,0.023971781640408363,0.5492000127560459,0.07569999434053898,0.15622500177414622,measured_success,303
new_pf,close_pka,close_pka,3000303,375,acid,medium,single,1,1,1,0,1,0,7,5,11.829999999999998,5.7924398730835644,5.79,0.012560126916435266,311.1718000145629,138.51089998934185,64.24038571484354,measured_success,303
new_ppo,close_pka,close_pka,3000303,375,acid,medium,single,1,1,1,0,1,0,14,11,10.210000000000003,5.791826067136887,5.79,0.01317393286311308,1.2404000081005506,0.21389999892562628,0.10387857193044121,measured_success,303
new_pf,close_pka,close_pka,3000303,376,base,medium,overlapping,3,1,1,0,1,0,11,8,11.630000000000003,6.451326835140883,6.45,0.03867316485911765,556.0182999979588,252.57729999430012,73.50869090838718,measured_success,303
new_ppo,close_pka,close_pka,3000303,376,base,medium,overlapping,3,1,1,0,1,0,31,14,20.23,6.451677092190714,6.45,0.03832290780928638,2.5629999945522286,0.4569000011542812,0.09741612889375838,measured_success,303
new_pf,close_pka,close_pka,3000303,377,acid,near,single,1,1,1,0,1,0,2,2,2.26,5.719383640127347,5.72,0.006383640127347157,61.76169999525882,75.6346999987727,68.69819999701576,measured_success,303
new_ppo,close_pka,close_pka,3000303,377,acid,near,single,1,0,0,0,0,0,50,48,17.429999999999975,5.908740772474943,5.91,0.19574077247494248,5.043900026066694,0.8691999755683355,0.1182620000327006,max_steps,303
new_pf,close_pka,close_pka,3000303,378,base,medium,single,1,1,0,0,1,0,4,2,8.999999999999998,7.565112652659309,7.57,0.07088734734069124,181.33979999402072,117.51480001112213,74.71365000128571,measured_success,303
new_ppo,close_pka,close_pka,3000303,378,base,medium,single,1,1,0,0,1,0,11,8,11.459999999999996,7.546376900863818,7.55,0.08962309913618238,1.4573999869753607,0.212699975236319,0.15182726929197088,measured_success,303
new_pf,close_pka,close_pka,3000303,379,base,near,single,1,1,1,0,1,0,6,4,4.490000000000001,7.644858228214014,7.64,0.03214177178598554,309.0716999868164,178.04549999709707,81.18619999731891,measured_success,303
new_ppo,close_pka,close_pka,3000303,379,base,near,single,1,1,1,0,1,0,5,2,3.7700000000000005,7.644861835390669,7.64,0.03213816460933039,0.5420000015874393,0.07879998884163797,0.12415999808581546,measured_success,303
new_pf,close_pka,close_pka,3000303,380,acid,medium,overlapping,2,1,1,0,1,0,3,3,3.8400000000000003,2.7067073004717486,2.71,0.006292699528251511,82.00380000198493,86.60440000676317,56.202733336249366,measured_success,303
new_ppo,close_pka,close_pka,3000303,380,acid,medium,overlapping,2,1,0,0,1,0,5,5,5.76,2.6584852937127685,2.66,0.05451470628723154,0.6467000057455152,0.10449999535921961,0.15024000022094697,measured_success,303
new_pf,close_pka,close_pka,3000303,381,acid,far,overlapping,3,0,0,0,1,1,4,0,10.209999999999999,2.863598292006685,2.86,0.10159829200668513,164.01000000769272,109.08830000698799,68.27457500367018,measured_success,303
new_ppo,close_pka,close_pka,3000303,381,acid,far,overlapping,3,1,0,0,1,0,3,0,10.29,2.8468769267009693,2.85,0.08487692670096925,0.4274000020814128,0.06969999958528206,0.16570000055556497,measured_success,303
new_pf,close_pka,close_pka,3000303,382,acid,medium,single,1,1,1,0,1,0,1,0,1.85,7.572226156399873,7.57,0.04522615639987304,4.692599999543745,59.50750000192784,64.20010000147158,measured_success,303
new_ppo,close_pka,close_pka,3000303,382,acid,medium,single,1,1,1,0,1,0,1,1,2.06,7.512053628916172,7.51,0.014946371083827792,0.22119999630376697,0.023799999326001853,0.24499999562976882,measured_success,303
new_pf,close_pka,close_pka,3000303,383,acid,medium,overlapping,2,1,0,0,1,0,3,0,7.44,1.6289118445671331,1.63,0.05391184456713316,181.34539999300614,91.75490000779973,91.03343333360196,measured_success,303
new_ppo,close_pka,close_pka,3000303,383,acid,medium,overlapping,2,1,1,0,1,0,3,0,7.66,1.6101728659249788,1.61,0.03517286592497881,0.2460999967297539,0.0318000020342879,0.09263333292134728,measured_success,303
new_pf,close_pka,close_pka,3000303,384,acid,medium,overlapping,2,1,0,0,1,0,7,0,19.5,2.010677030379248,2.01,0.0886770303792479,205.71140001993626,175.87030000140658,54.51167143162041,measured_success,303
new_ppo,close_pka,close_pka,3000303,384,acid,medium,overlapping,2,1,1,0,1,0,7,0,20.0,1.9620604847549936,1.96,0.040060484754993686,0.9255000113626011,0.1345000055152923,0.15142857383969904,measured_success,303
new_pf,close_pka,close_pka,3000303,385,acid,medium,single,1,1,0,0,1,0,14,8,14.330000000000002,4.173877075035836,4.17,0.0678770750358364,779.4210999782081,284.2266000152449,75.97483571381807,measured_success,303
new_ppo,close_pka,close_pka,3000303,385,acid,medium,single,1,0,0,1,0,0,35,19,50.0,2.3966075973597514,2.4,1.7093924026402485,2.841000008629635,0.5012000110582449,0.09549142913393942,dose_limit,303
new_pf,close_pka,close_pka,3000303,386,acid,near,overlapping,3,1,0,0,1,0,2,0,2.8,3.2844326760655482,3.28,0.08443267606554805,56.44550000579329,40.611900003568735,48.52870000468101,measured_success,303
new_ppo,close_pka,close_pka,3000303,386,acid,near,overlapping,3,1,1,0,1,0,2,0,3.1100000000000003,3.2474107354823296,3.25,0.047410735482329436,0.2700000040931627,0.034699995012488216,0.15234999955282547,measured_success,303
new_pf,close_pka,close_pka,3000303,387,base,medium,overlapping,2,1,0,0,1,0,4,3,6.370000000000001,3.9091298153800693,3.91,0.07612981538006913,65.95500000548782,106.76829999283655,43.18082499958109,measured_success,303
new_ppo,close_pka,close_pka,3000303,387,base,medium,overlapping,2,1,1,0,1,0,6,2,8.379999999999999,3.8180105710561376,3.82,0.01498942894386257,0.4904999877908267,0.06590000702999532,0.092733332470137,measured_success,303
new_pf,close_pka,close_pka,3000303,388,base,near,single,1,1,0,0,1,0,4,1,4.34,6.214605129644193,6.21,0.06560512964419285,48.736899996583816,64.10089998826152,28.209449996211333,measured_success,303
new_ppo,close_pka,close_pka,3000303,388,base,near,single,1,1,1,0,1,0,2,1,3.1100000000000003,6.170154234664887,6.17,0.02115423466488675,0.2581999942776747,0.037800004065502435,0.14799999917158857,measured_success,303
new_pf,close_pka,close_pka,3000303,389,base,medium,overlapping,2,1,1,0,1,0,8,2,18.62,5.557711748736359,5.56,0.015288251263640973,110.7698000050732,217.80279999074992,41.07157499947789,measured_success,303
new_ppo,close_pka,close_pka,3000303,389,base,medium,overlapping,2,1,0,0,1,0,4,1,15.21,5.653003707239112,5.65,0.08000370723911132,0.41540000529494137,0.0636000040685758,0.11975000234087929,measured_success,303
new_pf,close_pka,close_pka,3000303,390,base,medium,overlapping,2,1,1,0,1,0,7,0,14.030000000000001,4.631646439044573,4.63,0.0013535609554269357,29.36099999351427,150.3076999943005,25.666957141116395,measured_success,303
new_ppo,close_pka,close_pka,3000303,390,base,medium,overlapping,2,1,1,0,1,0,6,2,15.16,4.594105310345677,4.59,0.03889468965432297,0.5819999933009967,0.09419999696547166,0.11269999837774473,measured_success,303
new_pf,close_pka,close_pka,3000303,391,base,near,single,1,1,1,0,1,0,5,4,5.48,6.77672873016888,6.78,0.013271269831119703,255.69449999602512,142.51239999430254,79.64137999806553,measured_success,303
new_ppo,close_pka,close_pka,3000303,391,base,near,single,1,1,1,0,1,0,4,2,3.4200000000000004,6.776727559933647,6.78,0.013272440066352864,0.5225000131758861,0.07509999704780057,0.14940000255592167,measured_success,303
new_pf,close_pka,close_pka,3000303,392,base,medium,single,1,1,1,0,1,0,7,6,9.989999999999998,5.647456635637823,5.65,0.03554336436217653,396.70049999404,241.39049999939743,91.15585714191964,measured_success,303
new_ppo,close_pka,close_pka,3000303,392,base,medium,single,1,1,0,0,1,0,6,4,10.699999999999998,5.625700616558497,5.63,0.05729938344150298,0.7076000038068742,0.11039999662898481,0.1363333334059765,measured_success,303
new_pf,close_pka,close_pka,3000303,393,base,medium,overlapping,2,1,0,0,1,0,5,1,13.059999999999999,4.485074725400606,4.49,0.080074725400606,22.826100008387584,149.38579999579815,34.44238000083715,measured_success,303
new_ppo,close_pka,close_pka,3000303,393,base,medium,overlapping,2,1,1,0,1,0,6,2,14.56,4.392672460297904,4.39,0.012327539702096324,0.7484000161639415,0.12049999349983409,0.14481666827729592,measured_success,303
new_pf,close_pka,close_pka,3000303,394,base,medium,overlapping,2,1,0,0,1,0,9,6,10.27,7.655929861568097,7.66,0.09007013843190315,532.2972999929334,277.37929999420885,89.96406666523802,measured_success,303
new_ppo,close_pka,close_pka,3000303,394,base,medium,overlapping,2,1,0,0,1,0,9,6,12.87,7.655827888953382,7.66,0.09017211104661804,1.0133999967365526,0.1681999783613719,0.1312888861219916,measured_success,303
new_pf,close_pka,close_pka,3000303,395,acid,medium,overlapping,2,0,0,0,1,1,10,0,8.8,3.2129024636010346,3.21,0.10190246360103439,45.48909999721218,205.20990000659367,25.069900000380585,measured_success,303
new_ppo,close_pka,close_pka,3000303,395,acid,medium,overlapping,2,1,0,0,1,0,7,0,8.92,3.2054810283624224,3.21,0.09448102836242223,0.7907000035629608,0.12940000306116417,0.1314428580891607,measured_success,303
new_pf,close_pka,close_pka,3000303,396,acid,far,overlapping,2,1,0,0,1,0,1,1,6.59,1.683263538083569,1.68,0.07773646191643091,67.7097000007052,59.64519999542972,127.35489999613492,measured_success,303
new_ppo,close_pka,close_pka,3000303,396,acid,far,overlapping,2,1,1,0,1,0,2,1,7.46,1.7378675585780852,1.74,0.02313244142191473,0.31969999690772966,0.03999999898951501,0.17984999794862233,measured_success,303
new_pf,close_pka,close_pka,3000303,397,acid,far,single,1,1,1,0,1,0,8,4,22.110000000000003,4.361876776151773,4.36,0.044876776151772546,347.7168999816058,194.18770000629593,67.73807499848772,measured_success,303
new_ppo,close_pka,close_pka,3000303,397,acid,far,single,1,1,0,0,1,0,7,3,19.46,4.257012336056112,4.26,0.05998766394388788,0.8807999911368825,0.14570001076208428,0.1466428574141381,measured_success,303
new_pf,close_pka,close_pka,3000303,398,acid,near,overlapping,2,1,0,0,1,0,11,0,4.99,1.7558456286753183,1.76,0.08784562867531842,44.69730000710115,189.64480001159245,21.30382727442669,measured_success,303
new_ppo,close_pka,close_pka,3000303,398,acid,near,overlapping,2,1,0,0,1,0,3,0,4.83,1.7612928258188743,1.76,0.09329282581887433,0.375000003259629,0.05199999577598646,0.14233333301187182,measured_success,303
new_pf,close_pka,close_pka,3000303,399,acid,near,overlapping,2,1,1,0,1,0,1,1,1.31,1.9059950140172783,1.91,0.006004985982721589,47.442699993553106,25.91299999767216,73.35569999122526,measured_success,303
new_ppo,close_pka,close_pka,3000303,399,acid,near,overlapping,2,1,1,0,1,0,3,3,3.8899999999999997,1.8664555584472065,1.87,0.04554444155279347,0.2406999992672354,0.03580001066438854,0.09216666997720797,measured_success,303
new_pf,close_pka,close_pka,3000303,400,base,medium,single,1,1,0,0,1,0,5,2,10.93,6.219758020060397,6.22,0.05324197993960311,180.88890000944957,159.85169999476057,68.14812000084203,measured_success,303
new_ppo,close_pka,close_pka,3000303,400,base,medium,single,1,1,1,0,1,0,4,2,13.34,6.255394307532882,6.26,0.01760569246711796,0.4802999974344857,0.06690001464448869,0.1368000030197436,measured_success,303
new_pf,close_pka,close_pka,3000303,401,base,medium,single,1,1,0,0,1,0,7,0,8.21,4.23751258824378,4.24,0.08848741175621999,178.89420001301914,148.34050000354182,46.747814288080136,measured_success,303
new_ppo,close_pka,close_pka,3000303,401,base,medium,single,1,1,0,0,1,0,10,0,8.309999999999999,4.247645213367647,4.25,0.07835478663235218,1.1457000073278323,0.1823999991756864,0.13281000065035187,measured_success,303
new_pf,close_pka,close_pka,3000303,402,acid,medium,single,1,1,0,0,1,0,6,5,9.95,3.083240853505142,3.08,0.06675914649485781,339.2521999994642,152.8570000155014,82.01820000249427,measured_success,303
new_ppo,close_pka,close_pka,3000303,402,acid,medium,single,1,1,0,0,1,0,6,5,10.86,3.078437832143866,3.08,0.071562167856134,0.7920999996713363,0.1253000009455718,0.152900000102818,measured_success,303
new_pf,close_pka,close_pka,3000303,403,base,far,single,1,1,0,0,1,0,13,9,19.329999999999995,9.993675957001237,9.99,0.09567595700123732,732.4146000028122,325.54610000079265,81.38159230796961,measured_success,303
new_ppo,close_pka,close_pka,3000303,403,base,far,single,1,1,1,0,1,0,17,3,1.8699999999999997,9.944208066511003,9.94,0.046208066511002954,1.6812999892863445,0.2849999946192838,0.1156647049356252,measured_success,303
new_pf,close_pka,close_pka,3000303,404,base,medium,overlapping,2,1,1,0,1,0,6,4,3.84,5.3217002767759745,5.32,0.041299723224025975,353.53489999397425,166.90599999856204,86.74014999875605,measured_success,303
new_ppo,close_pka,close_pka,3000303,404,base,medium,overlapping,2,1,1,0,1,0,4,2,3.6400000000000006,5.361105550578838,5.36,0.0018944494211625695,0.2820999943651259,0.04150001041125506,0.08090000119409524,measured_success,303
new_pf,close_pka,close_pka,3000303,405,base,near,overlapping,3,1,1,0,1,0,1,0,0.95,2.622710992016618,2.62,0.038289007983382195,4.122299993468914,31.662899993534666,35.78519998700358,measured_success,303
new_ppo,close_pka,close_pka,3000303,405,base,near,overlapping,3,1,1,0,1,0,3,3,3.3299999999999996,2.707282702689599,2.71,0.04628270268959911,0.3625000099418685,0.05070000042906031,0.1377333367903096,measured_success,303
new_pf,close_pka,close_pka,3000303,406,acid,medium,single,1,1,1,0,1,0,1,0,2.41,7.773794990497816,7.77,0.009794990497815625,4.1588000021874905,48.67499999818392,52.83380000037141,measured_success,303
new_ppo,close_pka,close_pka,3000303,406,acid,medium,single,1,1,1,0,1,0,5,1,2.98,7.76320457876316,7.76,0.000795421236840177,0.5681000038748607,0.08330000127898529,0.1302800010307692,measured_success,303
new_pf,close_pka,close_pka,3000303,407,base,medium,overlapping,3,1,1,0,1,0,3,1,4.2299999999999995,3.544015277859004,3.54,0.04901527785900406,12.207200001284946,80.93959999678191,31.04893333268895,measured_success,303
new_ppo,close_pka,close_pka,3000303,407,base,medium,overlapping,3,1,0,0,1,0,4,3,6.49,3.5774209100882883,3.58,0.08242091008828822,0.3991999983554706,0.062399994931183755,0.11539999832166359,measured_success,303
new_pf,close_pka,close_pka,3000303,408,base,medium,overlapping,3,1,0,0,1,0,9,7,8.99,7.04452847452572,7.04,0.09552847452571989,424.27289999614004,213.38590000232216,70.85097777760691,measured_success,303
new_ppo,close_pka,close_pka,3000303,408,base,medium,overlapping,3,1,0,0,1,0,7,3,8.929999999999998,7.044528820244253,7.04,0.0955288202442528,0.6521999966935255,0.10789999942062423,0.10858571373059281,measured_success,303
new_pf,close_pka,close_pka,3000303,409,base,near,overlapping,2,1,1,0,1,0,3,0,2.4699999999999998,4.472261932749269,4.47,0.04473806725073093,14.666900009615347,79.65800000238232,31.441633337332558,measured_success,303
new_ppo,close_pka,close_pka,3000303,409,base,near,overlapping,2,1,1,0,1,0,3,2,3.72,4.48132445289529,4.48,0.035675547104710326,0.4507999910856597,0.05699999746866524,0.16926666285144165,measured_success,303
new_pf,close_pka,close_pka,3000303,410,acid,near,overlapping,3,1,1,0,1,0,9,1,9.739999999999998,2.2247507777102573,2.22,0.03824922228974259,104.93679999490269,213.635099993553,35.396877776495074,measured_success,303
new_ppo,close_pka,close_pka,3000303,410,acid,near,overlapping,3,1,0,0,1,0,5,0,7.6800000000000015,2.358999172690675,2.36,0.09599917269067504,0.6558999957633205,0.09410001075593755,0.1500000013038516,measured_success,303
new_pf,close_pka,close_pka,3000303,411,base,medium,overlapping,3,1,0,0,1,0,13,0,15.409999999999998,3.958139528572481,3.96,0.07686047142751917,62.396800007263664,291.89970000152243,27.253576923752778,measured_success,303
new_ppo,close_pka,close_pka,3000303,411,base,medium,overlapping,3,1,0,0,1,0,18,0,15.189999999999992,3.939204613650678,3.94,0.09579538634932216,1.5896000040811487,0.2674000133993104,0.10316666763780329,measured_success,303
new_pf,close_pka,close_pka,3000303,412,base,medium,overlapping,3,1,1,0,1,0,6,4,4.81,3.877932826024826,3.88,0.033067173975174224,125.73900001007132,113.99679999885848,39.955966668154964,measured_success,303
new_ppo,close_pka,close_pka,3000303,412,base,medium,overlapping,3,1,0,0,1,0,3,3,4.72,3.991570271939807,3.99,0.08057027193980693,0.34699999378062785,0.05650000093737617,0.13449999823933467,measured_success,303
new_pf,close_pka,close_pka,3000303,413,base,far,overlapping,3,1,1,0,1,0,9,2,24.46,4.6016516488381,4.6,0.014348351161899586,286.703599995235,228.9022999975714,57.289544443645156,measured_success,303
new_ppo,close_pka,close_pka,3000303,413,base,far,overlapping,3,1,1,0,1,0,5,0,21.17,4.566509410199467,4.57,0.04949058980053245,0.6367000023601577,0.09519999730400741,0.14637999993283302,measured_success,303
new_pf,close_pka,close_pka,3000303,414,base,near,overlapping,2,1,0,0,1,0,5,0,4.37,5.867436178720247,5.87,0.06956382127975314,21.36669999890728,98.88260001025628,24.049860001832712,measured_success,303
new_ppo,close_pka,close_pka,3000303,414,base,near,overlapping,2,1,0,0,1,0,5,0,4.33,5.85973580880858,5.86,0.07726419119142047,0.5962999930488877,0.1171000039903447,0.14267999940784648,measured_success,303
new_pf,close_pka,close_pka,3000303,415,base,medium,overlapping,2,1,1,0,1,0,9,2,15.010000000000002,6.652750747659958,6.65,0.015249252340042041,340.62060001451755,218.08469999814406,62.078366668073514,measured_success,303
new_ppo,close_pka,close_pka,3000303,415,base,medium,overlapping,2,1,0,0,1,0,5,1,12.71,6.758220798271985,6.76,0.09022079827198493,0.5784000022686087,0.08260000322479755,0.13220000109868124,measured_success,303
new_pf,close_pka,close_pka,3000303,416,acid,medium,single,1,1,0,0,1,0,8,5,6.710000000000001,3.449608200967903,3.45,0.0833917990320967,411.81239998695673,139.117200000328,68.8661999984106,measured_success,303
new_ppo,close_pka,close_pka,3000303,416,acid,medium,single,1,1,1,0,1,0,10,6,11.029999999999998,3.567868126966329,3.57,0.034868126966328905,1.1586999971768819,0.1900000061141327,0.13487000032910146,measured_success,303
new_pf,close_pka,close_pka,3000303,417,acid,near,single,1,1,0,0,1,0,3,1,4.26,3.944527658240717,3.94,0.08647234175928276,62.21519999962766,80.61309999175137,47.60943333045967,measured_success,303
new_ppo,close_pka,close_pka,3000303,417,acid,near,single,1,1,0,0,1,0,2,1,3.1100000000000003,3.978219489817028,3.98,0.052780510182971696,0.286899994534906,0.050900001951958984,0.1688999982434325,measured_success,303
new_pf,close_pka,close_pka,3000303,418,acid,near,overlapping,2,1,1,0,1,0,2,0,4.15,4.626382916734405,4.63,0.028382916734405406,86.41159999388037,54.68089999340009,70.54624999364023,measured_success,303
new_ppo,close_pka,close_pka,3000303,418,acid,near,overlapping,2,1,0,0,1,0,3,0,3.72,4.67242924283449,4.67,0.0744292428344897,0.35370000114198774,0.04249999619787559,0.13206666577995443,measured_success,303
new_pf,close_pka,close_pka,3000303,419,acid,medium,single,1,1,1,0,1,0,9,4,11.939999999999998,4.675297697822314,4.68,0.019297697822314497,417.5297999972827,166.54259999631904,64.89693333262241,measured_success,303
new_ppo,close_pka,close_pka,3000303,419,acid,medium,single,1,1,1,0,1,0,20,13,38.75,4.630314402530393,4.63,0.025685597469606414,2.1355999997467734,0.3642999945441261,0.12499499971454497,measured_success,303
new_pf,close_pka,close_pka,3000303,420,acid,near,single,1,1,0,0,1,0,2,2,1.27,4.174922196499756,4.17,0.07092219649975551,43.438200002128724,48.71830000047339,46.07825000130106,measured_success,303
new_ppo,close_pka,close_pka,3000303,420,acid,near,single,1,1,1,0,1,0,4,2,4.39,4.115234188263358,4.12,0.011234188263357758,0.29570000333478674,0.0470000013592653,0.08567500117351301,measured_success,303
new_pf,close_pka,close_pka,3000303,421,acid,near,single,1,1,1,0,1,0,1,1,3.12,4.6167051582722305,4.62,0.033294841727769864,49.4472999998834,21.294900005159434,70.74220000504283,measured_success,303
new_ppo,close_pka,close_pka,3000303,421,acid,near,single,1,1,1,0,1,0,2,1,3.1100000000000003,4.618044366018937,4.62,0.03195563398106316,0.2953000002889894,0.040199993236456066,0.16774999676272273,measured_success,303
new_pf,close_pka,close_pka,3000303,422,acid,near,overlapping,3,1,0,0,1,0,13,0,7.81,3.263630852274294,3.26,0.09963085227429369,44.569699981366284,207.1232000089367,19.360992306946383,measured_success,303
new_ppo,close_pka,close_pka,3000303,422,acid,near,overlapping,3,1,1,0,1,0,9,0,9.530000000000001,3.2055074032492508,3.21,0.04150740324925062,1.0794000045279972,0.18050000653602183,0.13998889011822435,measured_success,303
new_pf,close_pka,close_pka,3000303,423,acid,medium,overlapping,2,1,1,0,1,0,10,0,26.93,3.7296639667790794,3.73,0.021663966779079225,78.21259999764152,156.93349999492057,23.51460999925621,measured_success,303
new_ppo,close_pka,close_pka,3000303,423,acid,medium,overlapping,2,1,1,0,1,0,9,1,27.060000000000002,3.679732344311817,3.68,0.028267655688183346,1.0429999965708703,0.17189998470712453,0.13498888680866608,measured_success,303
new_pf,close_pka,close_pka,3000303,424,acid,far,overlapping,2,1,1,0,1,0,3,0,12.14,2.2440163661493333,2.24,0.014016366149333326,124.26399999822024,108.11359999934211,77.45919999918745,measured_success,303
new_ppo,close_pka,close_pka,3000303,424,acid,far,overlapping,2,1,0,0,1,0,4,2,14.14,2.310927046089849,2.31,0.0809270460898488,0.4167000006418675,0.046599991037510335,0.11582499791984446,measured_success,303
new_pf,close_pka,close_pka,3000303,425,base,medium,single,1,1,0,0,1,0,11,6,13.009999999999998,8.703926065784742,8.7,0.0710739342152582,578.2013000134612,314.53830000100425,81.15814545586049,measured_success,303
new_ppo,close_pka,close_pka,3000303,425,base,medium,single,1,1,0,0,1,0,10,5,9.829999999999997,8.870296718068424,8.87,0.09529671806842366,1.0509999992791563,0.1807000080589205,0.12317000073380768,measured_success,303
new_pf,close_pka,close_pka,3000303,426,base,far,single,1,1,1,0,1,0,12,7,10.93,4.316889674944122,4.32,0.016889674944121857,530.8759000035934,321.67640000989195,71.04602500112378,measured_success,303
new_ppo,close_pka,close_pka,3000303,426,base,far,single,1,1,0,0,1,0,38,22,38.900000000000006,4.225660736156421,4.23,0.07433926384357914,3.775100012717303,0.6444999889936298,0.11630526320291928,measured_success,303
new_pf,close_pka,close_pka,3000303,427,acid,medium,overlapping,3,1,0,0,1,0,6,0,12.19,1.756837043015846,1.76,0.08183704301584593,89.61999999155523,157.92019999935292,41.25669999848469,measured_success,303
new_ppo,close_pka,close_pka,3000303,427,acid,medium,overlapping,3,1,0,0,1,0,6,0,11.93,1.7724604163122848,1.77,0.09746041631228475,0.7551000016974285,0.09729999874252826,0.1420666667399928,measured_success,303
new_pf,close_pka,close_pka,3000303,428,base,medium,single,1,1,0,0,1,0,7,5,8.389999999999999,4.790299733238797,4.79,0.09229973323879648,196.07729998824652,188.20179998874664,54.8970142824276,measured_success,303
new_ppo,close_pka,close_pka,3000303,428,base,medium,single,1,1,0,0,1,0,3,1,9.61,4.79071330124655,4.79,0.0927133012465493,0.32590000046184286,0.05680000322172418,0.12756666789452234,measured_success,303
new_pf,close_pka,close_pka,3000303,429,base,far,overlapping,2,1,0,0,1,0,15,9,15.799999999999997,6.9527008875882075,6.95,0.057700887588207905,881.3856999913696,424.9093000034918,87.08633333299076,measured_success,303
new_ppo,close_pka,close_pka,3000303,429,base,far,overlapping,2,1,0,0,1,0,34,17,30.979999999999997,6.952867490400649,6.95,0.05786749040064976,3.3030999984475784,0.5802999949082732,0.11421764686340741,measured_success,303
new_pf,close_pka,close_pka,3000303,430,base,far,single,1,1,0,0,1,0,12,6,10.850000000000001,5.221401962253189,5.22,0.06159803774681105,426.045799991698,371.6964000122971,66.4785166669996,measured_success,303
new_ppo,close_pka,close_pka,3000303,430,base,far,single,1,1,0,0,1,0,3,2,9.61,5.221049294215646,5.22,0.06195070578435402,0.3412000005482696,0.053600007959175855,0.13160000283581516,measured_success,303
new_pf,close_pka,close_pka,3000303,431,acid,medium,single,1,1,0,0,1,0,4,0,3.96,7.8109759528334575,7.81,0.07597595283345715,19.12140000058571,105.30930000095395,31.107675000384916,measured_success,303
new_ppo,close_pka,close_pka,3000303,431,acid,medium,single,1,1,0,0,1,0,4,0,3.99,7.805973222785777,7.81,0.07097322278577689,0.6047999995644204,0.08159998833434656,0.17159999697469175,measured_success,303
new_pf,close_pka,close_pka,3000303,432,base,medium,overlapping,2,1,1,0,1,0,8,4,10.57,6.983675409593907,6.98,0.023324590406092582,264.1436999911093,234.75109999708366,62.36184999852412,measured_success,303
new_ppo,close_pka,close_pka,3000303,432,base,medium,overlapping,2,1,1,0,1,0,1,0,4.95,6.983674340314243,6.98,0.023325659685756506,0.15189999976428226,0.019500002963468432,0.1714000027277507,measured_success,303
new_pf,close_pka,close_pka,3000303,433,base,medium,single,1,1,0,0,1,0,9,5,13.160000000000002,8.22462015000211,8.22,0.05062015000211062,407.10469998884946,234.51400001067668,71.29096666661401,measured_success,303
new_ppo,close_pka,close_pka,3000303,433,base,medium,single,1,1,0,0,1,0,10,4,9.769999999999998,8.097492852599519,8.1,0.07650714740048059,1.1492000048747286,0.19119997887173668,0.13403999837464653,measured_success,303
new_pf,close_pka,close_pka,3000303,434,base,medium,overlapping,3,1,0,0,1,0,5,2,8.61,4.63774110198219,4.64,0.06625889801780982,142.73920000414364,105.55680000106804,49.659200001042336,measured_success,303
new_ppo,close_pka,close_pka,3000303,434,base,medium,overlapping,3,1,0,0,1,0,6,4,11.029999999999998,4.648540774125189,4.65,0.055459225874810336,0.4890000054729171,0.06659999780822545,0.09260000054685709,measured_success,303
new_pf,close_pka,close_pka,3000303,435,base,far,overlapping,2,0,0,1,0,0,50,46,18.650000000000055,6.071907193789372,6.07,1.2520928062106282,2452.154500009783,1357.9479999825708,76.20204999984708,max_steps,303
new_ppo,close_pka,close_pka,3000303,435,base,far,overlapping,2,0,0,0,0,0,50,33,18.700000000000014,7.640196939268208,7.64,0.3161969392682078,5.041899996285792,0.8877999862306751,0.11859399965032935,max_steps,303
new_pf,close_pka,close_pka,3000303,436,base,medium,single,1,1,0,0,1,0,4,4,7.93,7.000873994871437,7.0,0.06612600512856304,190.34839999949327,128.2958000083454,79.66105000195967,measured_success,303
new_ppo,close_pka,close_pka,3000303,436,base,medium,single,1,0,0,0,0,0,50,50,20.189999999999966,6.9345331746926995,6.93,0.1324668253073007,4.444999991392251,0.7232999851112254,0.10336599953006953,max_steps,303
new_pf,close_pka,close_pka,3000303,437,base,near,single,1,1,1,0,1,0,1,1,0.84,6.9702116607692375,6.97,0.005211660769237625,4.832999999052845,38.65130000485806,43.4843000039109,measured_success,303
new_ppo,close_pka,close_pka,3000303,437,base,near,single,1,1,0,0,1,0,2,1,3.1100000000000003,7.021760462341307,7.02,0.05676046234130716,0.36130000080447644,0.04389999958220869,0.20260000019334257,measured_success,303
new_pf,close_pka,close_pka,3000303,438,base,medium,single,1,1,1,0,1,0,4,0,5.86,3.428944186487157,3.43,0.01505581351284313,16.801899997517467,85.85929999389919,25.665299997854163,measured_success,303
new_ppo,close_pka,close_pka,3000303,438,base,medium,single,1,1,1,0,1,0,3,0,5.819999999999999,3.413258992907495,3.41,0.030741007092505157,0.21859999833395705,0.030999995942693204,0.08319999809221675,measured_success,303
new_pf,close_pka,close_pka,3000303,439,base,far,overlapping,3,1,0,0,1,0,10,6,18.06,7.229544084193094,7.23,0.06145591580690635,545.9594999992987,288.00999999657506,83.39694999958738,measured_success,303
new_ppo,close_pka,close_pka,3000303,439,base,far,overlapping,3,1,0,0,1,0,9,4,16.24,7.229670429858288,7.23,0.06132957014171225,0.864199988427572,0.14470001042354852,0.11209999987234671,measured_success,303
new_pf,close_pka,close_pka,3000303,440,base,near,overlapping,2,1,1,0,1,0,3,1,2.76,5.626838647380913,5.63,0.0368386473809128,107.00360000191722,81.93110000138404,62.97823333443375,measured_success,303
new_ppo,close_pka,close_pka,3000303,440,base,near,overlapping,2,1,0,0,1,0,1,1,2.06,5.645341780019024,5.65,0.0553417800190239,0.16369999502785504,0.021100000594742596,0.18479999562259763,measured_success,303
new_pf,close_pka,close_pka,3000303,441,base,medium,overlapping,3,1,0,0,1,0,6,0,8.98,3.614381702105673,3.61,0.05761829789432715,24.530399990908336,119.05260001367424,23.93050000076376,measured_success,303
new_ppo,close_pka,close_pka,3000303,441,base,medium,overlapping,3,1,1,0,1,0,6,1,9.249999999999998,3.6957631175935663,3.7,0.023763117593566196,0.619700011156965,0.09450000652577728,0.11903333628045705,measured_success,303
new_pf,close_pka,close_pka,3000303,442,base,near,overlapping,3,1,0,0,1,0,4,2,6.31,4.205080949162419,4.21,0.07891905083758122,119.77779999870108,85.72569999523694,51.375874998484505,measured_success,303
new_ppo,close_pka,close_pka,3000303,442,base,near,overlapping,3,1,1,0,1,0,3,0,3.72,4.260201875960842,4.26,0.02379812403915782,0.3789000038523227,0.053300005674827844,0.1440666698423835,measured_success,303
new_pf,close_pka,close_pka,3000303,443,base,far,single,1,1,1,0,1,0,13,8,20.660000000000004,6.537572752853777,6.54,0.008427247146223671,699.8646000065492,270.73040001414483,74.6611538477457,measured_success,303
new_ppo,close_pka,close_pka,3000303,443,base,far,single,1,1,1,0,1,0,13,8,18.419999999999998,6.5374812611388755,6.54,0.008518738861124753,1.5017999976407737,0.24159999884432182,0.13410769203731504,measured_success,303
new_pf,close_pka,close_pka,3000303,444,base,near,single,1,1,0,0,1,0,1,0,0.79,3.400321926164297,3.4,0.05567807383570278,3.617300004407298,32.134000000951346,35.751300005358644,measured_success,303
new_ppo,close_pka,close_pka,3000303,444,base,near,single,1,1,1,0,1,0,2,1,3.1100000000000003,3.4645013265812663,3.46,0.008501326581266344,0.2578000057837926,0.036400007957126945,0.14710000687045977,measured_success,303
new_pf,close_pka,close_pka,3000303,445,acid,medium,single,1,1,1,0,1,0,7,4,8.909999999999998,6.842208241921927,6.84,0.0022082419219273675,126.57529998978134,172.88369999005226,42.77985713997623,measured_success,303
new_ppo,close_pka,close_pka,3000303,445,acid,medium,single,1,0,0,1,0,0,50,0,1.500000000000001,8.41459703950742,8.41,1.5745970395074202,3.788000023632776,0.6586999952560291,0.0889340003777761,max_steps,303
new_pf,close_pka,close_pka,3000303,446,base,medium,overlapping,3,1,1,0,1,0,11,7,10.610000000000001,5.686875449454728,5.69,0.01987544945472841,607.6869000025908,319.3535999816959,84.27640908948061,measured_success,303
new_ppo,close_pka,close_pka,3000303,446,base,medium,overlapping,3,1,0,0,1,0,7,3,7.6000000000000005,5.743929908458284,5.74,0.0769299084582844,0.6886999981361441,0.10399998427601531,0.11324285463030849,measured_success,303
new_pf,close_pka,close_pka,3000303,447,acid,medium,overlapping,3,1,1,0,1,0,13,0,18.32,2.6513951181092787,2.65,0.02939511810927886,82.53370000602445,230.81550002098083,24.103784617461944,measured_success,303
new_ppo,close_pka,close_pka,3000303,447,acid,medium,overlapping,3,1,0,0,1,0,11,0,17.58,2.697915126881319,2.7,0.07591512688131896,1.130700002249796,0.19990000873804092,0.12096363736253063,measured_success,303
new_pf,close_pka,close_pka,3000303,448,acid,medium,single,1,1,1,0,1,0,5,4,5.79,7.141002758630915,7.14,0.015002758630914492,116.37519999203505,93.90200000052573,42.055439998512156,measured_success,303
new_ppo,close_pka,close_pka,3000303,448,acid,medium,single,1,1,1,0,1,0,4,1,3.7700000000000005,7.078486497172449,7.08,0.04751350282755151,0.4163999910815619,0.06569999823113903,0.12052499732817523,measured_success,303
new_pf,close_pka,close_pka,3000303,449,base,medium,single,1,1,0,0,1,0,8,5,11.84,6.3435839251187485,6.34,0.07958392511874823,434.57730000227457,221.88530000130413,82.05782500044734,measured_success,303
new_ppo,close_pka,close_pka,3000303,449,base,medium,single,1,1,1,0,1,0,5,3,5.25,6.311756077445374,6.31,0.04775607744537336,0.5429999873740599,0.0822000001790002,0.125039997510612,measured_success,303
new_pf,close_pka,close_pka,3000303,450,acid,medium,overlapping,3,1,1,0,1,0,3,0,6.370000000000001,2.5578075707820176,2.56,0.038807570782017464,204.27009999548318,86.08139998978004,96.78383332842107,measured_success,303
new_ppo,close_pka,close_pka,3000303,450,acid,medium,overlapping,3,1,0,0,1,0,3,0,6.16,2.602341070135152,2.6,0.0833410701351518,0.4391999973449856,0.06340000254567713,0.16753333329688758,measured_success,303
new_pf,close_pka,close_pka,3000303,451,base,near,overlapping,3,1,0,0,1,0,4,0,2.7399999999999998,3.1478431555759094,3.15,0.08615684442409055,67.71470000239788,78.95030000508996,36.66625000187196,measured_success,303
new_ppo,close_pka,close_pka,3000303,451,base,near,overlapping,3,1,0,0,1,0,2,0,2.7199999999999998,3.145819052428773,3.15,0.08818094757122719,0.2531000063754618,0.0371999922208488,0.1451499992981553,measured_success,303
new_pf,close_pka,close_pka,3000303,452,base,medium,overlapping,3,1,1,0,1,0,9,6,7.219999999999998,6.010323467632389,6.01,0.0036765323676108963,326.66479999898,221.0168999954476,60.85352222160307,measured_success,303
new_ppo,close_pka,close_pka,3000303,452,base,medium,overlapping,3,1,0,0,1,0,10,3,9.999999999999998,6.096407290401531,6.1,0.08240729040153116,1.0428999885334633,0.17660000594332814,0.12194999944767915,measured_success,303
new_pf,close_pka,close_pka,3000303,453,acid,medium,overlapping,2,1,1,0,1,0,8,1,21.050000000000004,3.6148171952206223,3.61,0.016182804779377502,177.99599999852944,166.658300004201,43.081787500341306,measured_success,303
new_ppo,close_pka,close_pka,3000303,453,acid,medium,overlapping,2,1,1,0,1,0,8,2,23.07,3.655816219026984,3.66,0.024816219026984054,0.8021999965421855,0.12940000306116417,0.11644999995041871,measured_success,303
new_pf,close_pka,close_pka,3000303,454,base,far,overlapping,3,1,0,0,1,0,6,3,11.879999999999997,5.076979376033421,5.08,0.05997937603342063,274.10279999458,175.11569998896448,74.86974999725741,measured_success,303
new_ppo,close_pka,close_pka,3000303,454,base,far,overlapping,3,1,0,0,1,0,9,4,13.049999999999999,4.94217954686691,4.94,0.07482045313309005,0.9503000037511811,0.1353999978164211,0.12063333350751135,measured_success,303
new_pf,close_pka,close_pka,3000303,455,acid,medium,single,1,1,0,0,1,0,6,4,7.1,4.357712447975702,4.36,0.0917124479757021,331.0324999911245,154.28789999714354,80.88673333137801,measured_success,303
new_ppo,close_pka,close_pka,3000303,455,acid,medium,single,1,1,0,0,1,0,7,4,15.529999999999998,4.3340178377367575,4.33,0.06801783773675751,0.6766999867977574,0.23100000544218346,0.1296714274628487,measured_success,303
new_pf,close_pka,close_pka,3000303,456,base,medium,single,1,1,0,0,1,0,5,3,6.17,6.047705410255734,6.05,0.05670541025573428,168.99589999229647,160.92629999911878,65.98443999828305,measured_success,303
new_ppo,close_pka,close_pka,3000303,456,base,medium,single,1,1,0,0,1,0,4,3,6.85,6.075966124898274,6.08,0.08496612489827449,0.509299999976065,0.07929999264888465,0.14714999815623742,measured_success,303
new_pf,close_pka,close_pka,3000303,457,base,medium,overlapping,3,1,0,0,1,0,11,0,26.090000000000003,4.6969407567172805,4.7,0.06805924328271917,236.84259999572532,214.01859999605222,40.98738181743432,measured_success,303
new_ppo,close_pka,close_pka,3000303,457,base,medium,overlapping,3,1,0,0,1,0,30,0,25.629999999999985,4.667586458260237,4.67,0.0974135417397628,3.7434000041685067,0.5874000125913881,0.14436000055866316,measured_success,303
new_pf,close_pka,close_pka,3000303,458,acid,near,single,1,1,0,0,1,0,4,0,3.46,2.521719674826989,2.52,0.09671967482698918,20.103599992580712,86.76569999806816,26.717324997662217,measured_success,303
new_ppo,close_pka,close_pka,3000303,458,acid,near,single,1,1,0,0,1,0,2,0,3.85,2.479011779135039,2.48,0.054011779135039184,0.3264999977545813,0.040700004319660366,0.18360000103712082,measured_success,303
new_pf,close_pka,close_pka,3000303,459,acid,near,single,1,1,0,0,1,0,3,3,1.9600000000000002,5.641062394640855,5.64,0.06793760535914473,57.67089999426389,66.25600000552367,41.30896666659586,measured_success,303
new_ppo,close_pka,close_pka,3000303,459,acid,near,single,1,1,1,0,1,0,3,1,3.33,5.688441451903294,5.69,0.02055854809670521,0.42520000715740025,0.045400003727991134,0.15686667029513046,measured_success,303
new_pf,close_pka,close_pka,3000303,460,base,medium,overlapping,3,1,0,0,1,0,8,3,10.7,4.976795621985175,4.98,0.06179562198517541,280.47370000422234,227.02660000504693,63.43753750115866,measured_success,303
new_ppo,close_pka,close_pka,3000303,460,base,medium,overlapping,3,1,0,0,1,0,4,1,9.51,5.013902138380939,5.01,0.09890213838093853,0.5104999872855842,0.07509999704780057,0.1463999960833462,measured_success,303
new_pf,close_pka,close_pka,3000303,461,base,medium,single,1,1,1,0,1,0,10,8,13.629999999999999,7.4818487706123165,7.48,0.009151229387683202,517.3213999951258,263.25719998567365,78.05785999807995,measured_success,303
new_ppo,close_pka,close_pka,3000303,461,base,medium,single,1,1,1,0,1,0,13,4,12.690000000000001,7.481876317141431,7.48,0.009123682858568571,1.2699999788310379,0.1993000041693449,0.11302307561541405,measured_success,303
new_pf,close_pka,close_pka,3000303,462,acid,near,single,1,1,1,0,1,0,2,2,1.08,4.880788249457741,4.88,0.028788249457740278,68.53419999970356,58.72350000572624,63.6288500027149,measured_success,303
new_ppo,close_pka,close_pka,3000303,462,acid,near,single,1,1,0,0,1,0,4,3,4.39,4.782698406303179,4.78,0.06930159369682087,0.6278000073507428,0.08140000136336312,0.17730000217852648,measured_success,303
new_pf,close_pka,close_pka,3000303,463,base,medium,overlapping,3,1,0,0,1,0,9,6,5.31,7.022978339092333,7.02,0.08102166090766705,409.59519999159966,260.54599999042694,74.4601333313363,measured_success,303
new_ppo,close_pka,close_pka,3000303,463,base,medium,overlapping,3,1,0,0,1,0,27,10,17.09,7.0229586975302425,7.02,0.0810413024697576,2.7677000252879225,0.48420001985505223,0.12044074241270276,measured_success,303
new_pf,close_pka,close_pka,3000303,464,base,far,single,1,1,1,0,1,0,10,7,12.359999999999998,4.969724875830444,4.97,0.005724875830443565,476.80449999461416,275.4633000076865,75.22678000023006,measured_success,303
new_ppo,close_pka,close_pka,3000303,464,base,far,single,1,1,0,0,1,0,6,4,16.009999999999998,4.886522820543107,4.89,0.07747717945689381,0.6353999997372739,0.09699998918222263,0.12206666481991608,measured_success,303
new_pf,close_pka,close_pka,3000303,465,acid,near,overlapping,2,1,1,0,1,0,1,0,1.95,1.875648784866486,1.88,0.01464878486648602,46.9916000001831,58.51119999715593,105.50279999733903,measured_success,303
new_ppo,close_pka,close_pka,3000303,465,acid,near,overlapping,2,1,1,0,1,0,2,1,3.67,1.8298691451766294,1.83,0.031130854823370635,0.418099996750243,0.046799999836366624,0.23244999829330482,measured_success,303
new_pf,close_pka,close_pka,3000303,466,acid,medium,single,1,1,1,0,1,0,5,1,10.24,4.182446532547905,4.18,0.02755346745209497,151.31299999484327,138.7867000157712,58.019940002122894,measured_success,303
new_ppo,close_pka,close_pka,3000303,466,acid,medium,single,1,1,1,0,1,0,8,0,9.78,4.232395507930393,4.23,0.022395507930393244,0.8750999986659735,0.1475000026402995,0.12782500016328413,measured_success,303
new_pf,close_pka,close_pka,3000303,467,acid,near,single,1,1,1,0,1,0,2,0,2.0300000000000002,4.417630473852592,4.42,0.015630473852591642,60.10719999903813,48.105299996677786,54.10624999785796,measured_success,303
new_ppo,close_pka,close_pka,3000303,467,acid,near,single,1,1,1,0,1,0,1,0,2.06,4.404962168972583,4.4,0.002962168972582724,0.18599999748403206,0.019400002202019095,0.20539999968605116,measured_success,303
new_pf,close_pka,close_pka,3000303,468,acid,near,single,1,1,1,0,1,0,2,0,1.14,6.781009651467702,6.78,0.032009651467702405,8.273500003269874,48.187300002609845,28.23040000293986,measured_success,303
new_ppo,close_pka,close_pka,3000303,468,acid,near,single,1,1,0,0,1,0,2,2,3.16,6.834254610216748,6.83,0.08525461021674818,0.2773000014713034,0.03960000321967527,0.15845000234548934,measured_success,303
new_pf,close_pka,close_pka,3000303,469,base,near,overlapping,3,1,0,0,1,0,8,0,6.18,3.1129378415251745,3.11,0.08006215847482556,33.727800015185494,148.72730000206502,22.806887502156314,measured_success,303
new_ppo,close_pka,close_pka,3000303,469,base,near,overlapping,3,1,0,0,1,0,10,0,6.01,3.0960253512268023,3.1,0.09697464877319772,0.8502000055159442,0.13499998749466613,0.09851999930106103,measured_success,303
new_pf,close_pka,close_pka,3000303,470,acid,medium,overlapping,2,1,0,0,1,0,17,0,25.659999999999993,4.7573647266761405,4.76,0.09336472667614082,265.9436999965692,288.2936000023619,32.60219411758418,measured_success,303
new_ppo,close_pka,close_pka,3000303,470,acid,medium,overlapping,2,1,0,0,1,0,26,0,25.669999999999987,4.756945767855447,4.76,0.09294576785544706,2.497000001312699,0.4555000123218633,0.11355769283209856,measured_success,303
new_pf,close_pka,close_pka,3000303,471,acid,near,single,1,1,0,0,1,0,1,0,1.4,6.105338728946009,6.11,0.05833872894600933,54.362199996830896,32.09860000060871,86.46079999743961,measured_success,303
new_ppo,close_pka,close_pka,3000303,471,acid,near,single,1,1,1,0,1,0,1,1,2.06,6.000864327194664,6.0,0.04613567280533548,0.18199999612988904,0.019599996448960155,0.2015999925788492,measured_success,303
new_pf,close_pka,close_pka,3000303,472,base,medium,single,1,1,1,0,1,0,5,3,6.93,5.7696639870535105,5.77,0.006663987053510567,212.87139999185456,151.36059999349527,72.84639999706997,measured_success,303
new_ppo,close_pka,close_pka,3000303,472,base,medium,single,1,1,0,0,1,0,12,5,14.429999999999996,5.846242880012218,5.85,0.08324288001221802,1.3050000125076622,0.2046000081463717,0.12580000172116948,measured_success,303
new_pf,close_pka,close_pka,3000303,473,base,far,overlapping,2,1,1,0,1,0,14,9,18.780000000000005,6.771098582499832,6.77,0.03309858249983133,772.7534999939962,381.6832000084105,82.4597642858862,measured_success,303
new_ppo,close_pka,close_pka,3000303,473,base,far,overlapping,2,1,1,0,1,0,19,11,21.22,6.77128320354997,6.77,0.03328320354996972,1.635499982512556,0.2998999843839556,0.10186315615244798,measured_success,303
new_pf,close_pka,close_pka,3000303,474,base,medium,single,1,1,1,0,1,0,2,2,5.34,5.175346892270513,5.18,0.03365310772948682,109.6906000020681,64.56410000100732,87.1273500015377,measured_success,303
new_ppo,close_pka,close_pka,3000303,474,base,medium,single,1,1,0,0,1,0,2,2,3.8,5.140578487561356,5.14,0.06842151243864336,0.2643999978317879,0.037699996028095484,0.1510499969299417,measured_success,303
new_pf,close_pka,close_pka,3000303,475,acid,medium,single,1,1,0,0,1,0,3,3,7.09,3.0013019566766914,3.0,0.08469804332330844,177.60160000034375,101.57299999264069,93.05819999766148,measured_success,303
new_ppo,close_pka,close_pka,3000303,475,acid,medium,single,1,1,0,0,1,0,6,6,9.239999999999998,3.157075336134856,3.16,0.07107533613485595,0.7661999989068136,0.11459999223006889,0.14679999852281375,measured_success,303
new_pf,close_pka,close_pka,3000303,476,base,near,overlapping,2,1,0,0,1,0,4,0,3.02,4.695606694259645,4.7,0.06539330574035507,19.07740000024205,97.57659999741009,29.163499999413034,measured_success,303
new_ppo,close_pka,close_pka,3000303,476,base,near,overlapping,2,1,1,0,1,0,2,0,3.1100000000000003,4.711811834341654,4.71,0.04918816565834572,0.345900007232558,0.039699996705166996,0.1928000019688625,measured_success,303
new_pf,close_pka,close_pka,3000303,477,base,near,overlapping,3,1,0,0,1,0,15,0,8.5,3.101072099352251,3.1,0.0899279006477487,60.05600002390565,249.6624999839696,20.647900000525016,measured_success,303
new_ppo,close_pka,close_pka,3000303,477,base,near,overlapping,3,1,0,0,1,0,18,0,8.329999999999998,3.0952660272451133,3.1,0.09573397275488649,1.6055000087362714,0.2738999974098988,0.10441111145256501,measured_success,303
new_pf,close_pka,close_pka,3000303,478,base,far,overlapping,2,0,0,0,0,0,50,41,25.04000000000006,6.984762085454349,6.98,0.27576208545434966,2555.004000001645,1041.6201000043657,71.93248200012022,max_steps,303
new_ppo,close_pka,close_pka,3000303,478,base,far,overlapping,2,0,0,0,0,0,50,38,27.570000000000043,6.519750387547958,6.52,0.1892496124520413,5.309500018483959,0.8221000098274089,0.12263200056622736,max_steps,303
new_pf,close_pka,close_pka,3000303,479,base,far,single,1,1,1,0,1,0,8,5,12.790000000000001,9.890846530556093,9.89,0.023846530556092205,290.81619999487884,254.81520000175806,68.20392499957961,measured_success,303
new_ppo,close_pka,close_pka,3000303,479,base,far,single,1,1,0,0,1,0,22,2,6.329999999999998,9.800286065225244,9.8,0.06671393477475718,2.4114999614539556,0.3837999975075945,0.12705908904370683,measured_success,303
new_pf,close_pka,close_pka,3000303,480,base,medium,single,1,1,1,0,1,0,4,1,10.070000000000002,5.073253145736771,5.07,0.011253145736771053,131.9615999891539,122.24969999078894,63.55282499498571,measured_success,303
new_ppo,close_pka,close_pka,3000303,480,base,medium,single,1,1,0,0,1,0,20,8,23.020000000000007,4.973778948396186,4.97,0.08822105160381444,1.4745000007678755,0.2556999970693141,0.08650999989185948,measured_success,303
new_pf,close_pka,close_pka,3000303,481,acid,near,overlapping,3,1,0,0,1,0,14,0,9.18,2.9958509033881455,3.0,0.08585090338814538,55.90720000327565,255.7118999902741,22.25850714239641,measured_success,303
new_ppo,close_pka,close_pka,3000303,481,acid,near,overlapping,3,1,1,0,1,0,11,1,11.62,2.875508734261075,2.88,0.034491265738925136,1.1807999981101602,0.19829999655485153,0.12537272678772834,measured_success,303
new_pf,close_pka,close_pka,3000303,482,acid,medium,single,1,1,0,0,1,0,5,0,8.129999999999999,3.8240940282058107,3.82,0.08309402820581058,86.19520000502234,131.5662000051816,43.55228000204079,measured_success,303
new_ppo,close_pka,close_pka,3000303,482,acid,medium,single,1,1,0,0,1,0,7,0,8.04,3.8309522834983394,3.83,0.08995228349833928,0.5552999864448793,0.07920000643935055,0.09064285612631855,measured_success,303
new_pf,close_pka,close_pka,3000303,483,acid,medium,overlapping,3,1,0,0,1,0,16,0,12.96,3.3374129719613883,3.34,0.09141297196138831,61.5963000091142,269.16150000761263,20.672362501045427,measured_success,303
new_ppo,close_pka,close_pka,3000303,483,acid,medium,overlapping,3,1,0,0,1,0,11,0,13.63,3.3127717469892897,3.31,0.06677174698928967,1.2429999915184453,0.19959998462582007,0.1311454523767514,measured_success,303
new_pf,close_pka,close_pka,3000303,484,base,near,overlapping,2,1,0,0,1,0,1,0,0.62,2.4017837989767825,2.4,0.09121620102321737,3.924099997675512,22.41469999717083,26.33879999484634,measured_success,303
new_ppo,close_pka,close_pka,3000303,484,base,near,overlapping,2,1,0,0,1,0,2,2,2.7199999999999998,2.4182282938760595,2.42,0.07477170612394035,0.28249999741092324,0.03529999958118424,0.15889999849605374,measured_success,303
new_pf,close_pka,close_pka,3000303,485,acid,near,single,1,1,1,0,1,0,2,1,2.62,2.4277936716125783,2.43,0.027206328387421763,103.62270000769058,49.45049999514595,76.53660000141826,measured_success,303
new_ppo,close_pka,close_pka,3000303,485,acid,near,single,1,1,1,0,1,0,2,2,3.8,2.4802632976225985,2.48,0.02526329762259838,0.377499993192032,0.042400002712383866,0.20994999795220792,measured_success,303
new_pf,close_pka,close_pka,3000303,486,acid,medium,overlapping,2,1,1,0,1,0,2,0,6.569999999999999,2.461110594390272,2.46,0.013110594390271846,117.00689999997849,75.03230000293115,96.01960000145482,measured_success,303
new_ppo,close_pka,close_pka,3000303,486,acid,medium,overlapping,2,1,1,0,1,0,3,2,7.43,2.4733758432098396,2.47,0.025375843209839655,0.4569000011542812,0.04820001049665734,0.16836667055031285,measured_success,303
new_pf,close_pka,close_pka,3000303,487,base,medium,overlapping,2,1,0,0,1,0,9,6,8.03,7.418584842591173,7.42,0.08641515740882699,401.4655999853858,238.67859999154462,71.12713333077005,measured_success,303
new_ppo,close_pka,close_pka,3000303,487,base,medium,overlapping,2,1,0,0,1,0,10,4,12.97,7.418498862325228,7.42,0.08650113767477219,1.2902999951620586,0.18399999680696055,0.14742999919690192,measured_success,303
new_pf,close_pka,close_pka,3000303,488,base,far,overlapping,2,0,0,1,0,0,50,45,18.470000000000056,9.470663475153877,9.47,3.579663475153877,2666.956699977163,921.9598000418046,71.77833000037936,max_steps,303
new_ppo,close_pka,close_pka,3000303,488,base,far,overlapping,2,0,0,1,0,0,50,34,24.46,4.00400854725304,4.0,1.88699145274696,4.1335999994771555,0.7243999789352529,0.09715999956824817,max_steps,303
new_pf,close_pka,close_pka,3000303,489,base,far,single,1,1,1,0,1,0,7,0,15.189999999999998,8.481706273455089,8.48,0.032293726544910584,28.90260000276612,146.3827000115998,25.040757144909417,measured_success,303
new_ppo,close_pka,close_pka,3000303,489,base,far,single,1,1,0,0,1,0,5,1,15.43,8.577367891548306,8.58,0.06336789154830669,0.47230000200215727,0.07480000931536779,0.10942000226350501,measured_success,303
new_pf,close_pka,close_pka,3000303,490,acid,near,single,1,1,1,0,1,0,2,1,1.0899999999999999,4.676380221680187,4.68,0.020619778319812987,113.62419999932172,48.398200000519864,81.01119999992079,measured_success,303
new_ppo,close_pka,close_pka,3000303,490,acid,near,single,1,1,1,0,1,0,5,4,4.68,4.7195486944992115,4.72,0.022548694499211486,0.5363999953260645,0.0827999974717386,0.12383999855956063,measured_success,303
new_pf,close_pka,close_pka,3000303,491,acid,near,overlapping,3,1,1,0,1,0,1,0,2.84,3.1428005694760373,3.14,0.031800569476037044,52.96970000199508,33.19289999490138,86.16259999689646,measured_success,303
new_ppo,close_pka,close_pka,3000303,491,acid,near,overlapping,3,1,1,0,1,0,2,1,3.1100000000000003,3.099585797677599,3.1,0.011414202322401312,0.28479999309638515,0.03580001066438854,0.16030000188038684,measured_success,303
new_pf,close_pka,close_pka,3000303,492,base,medium,overlapping,2,1,0,0,1,0,2,1,7.52,4.9363338918045905,4.94,0.0723338918045906,8.720500001800247,58.1674999993993,33.44400000059977,measured_success,303
new_ppo,close_pka,close_pka,3000303,492,base,medium,overlapping,2,1,1,0,1,0,9,5,12.909999999999998,4.901191329877829,4.9,0.03719132987782903,0.78189999476308,0.1432000135537237,0.10278888981297819,measured_success,303
new_pf,close_pka,close_pka,3000303,493,acid,near,single,1,1,1,0,1,0,1,1,2.61,3.257936066027076,3.26,0.04006393397292385,56.005200000072364,28.756499996234197,84.76169999630656,measured_success,303
new_ppo,close_pka,close_pka,3000303,493,acid,near,single,1,1,0,0,1,0,1,0,2.06,3.377265650170881,3.38,0.07926565017088105,0.2327999973203987,0.023200002033263445,0.25599999935366213,measured_success,303
new_pf,close_pka,close_pka,3000303,494,acid,near,single,1,1,0,0,1,0,4,2,2.31,4.549079233179398,4.55,0.07107923317939857,201.81479999155272,116.90489999455167,79.6799249965261,measured_success,303
new_ppo,close_pka,close_pka,3000303,494,acid,near,single,1,1,0,0,1,0,4,2,4.87,4.5732824315873195,4.57,0.09528243158731975,0.5645999917760491,0.0788999896030873,0.1608749953447841,measured_success,303
new_pf,close_pka,close_pka,3000303,495,acid,near,overlapping,3,1,0,0,1,0,1,0,3.12,2.092040063026894,2.09,0.09504006302689372,55.17320000217296,38.89960000378778,94.07280000596074,measured_success,303
new_ppo,close_pka,close_pka,3000303,495,acid,near,overlapping,3,1,1,0,1,0,2,0,3.85,2.0311082040770563,2.03,0.03410820407705617,0.33600000460864976,0.04020000051241368,0.18810000256053172,measured_success,303
new_pf,close_pka,close_pka,3000303,496,acid,near,overlapping,2,1,0,0,1,0,7,0,4.42,3.0721956650322912,3.07,0.09119566503229137,32.973999994283076,155.1549000068917,26.875557143024967,measured_success,303
new_ppo,close_pka,close_pka,3000303,496,acid,near,overlapping,2,1,0,0,1,0,4,0,4.7,3.0546620004471388,3.05,0.07366200044713889,0.6472000095527619,0.08950001210905612,0.1841750054154545,measured_success,303
new_pf,close_pka,close_pka,3000303,497,acid,medium,single,1,1,1,0,1,0,10,8,9.66,4.28207311501391,4.28,0.005073115013909835,624.0670000115642,217.6684999722056,84.17354999837698,measured_success,303
new_ppo,close_pka,close_pka,3000303,497,acid,medium,single,1,1,0,0,1,0,14,8,30.619999999999997,4.36544761216283,4.37,0.08844761216283015,1.5892999872448854,0.25040000036824495,0.13140714197236644,measured_success,303
new_pf,close_pka,close_pka,3000303,498,acid,near,overlapping,2,1,1,0,1,0,6,0,9.01,2.724473297952289,2.72,0.039473297952289155,111.05720000341535,106.6627000036533,36.28665000117811,measured_success,303
new_ppo,close_pka,close_pka,3000303,498,acid,near,overlapping,2,1,0,0,1,0,6,0,8.480000000000002,2.7682133584270066,2.77,0.0832133584270065,0.3738999948836863,0.07779998850310221,0.07528333056446475,measured_success,303
new_pf,close_pka,close_pka,3000303,499,acid,medium,overlapping,3,1,1,0,1,0,13,0,25.799999999999997,2.4225929419127628,2.42,0.03759294191276297,246.5926000077161,258.99220000428613,38.89113846246171,measured_success,303
new_ppo,close_pka,close_pka,3000303,499,acid,medium,overlapping,3,1,0,0,1,0,11,0,25.21,2.471318774800805,2.47,0.08631877480080519,1.3680000192834996,0.20960000983905047,0.14341818446568635,measured_success,303
new_pf,close_pka,close_pka,3000303,500,acid,near,overlapping,3,1,0,0,1,0,7,0,3.13,3.9100794602016498,3.91,0.08607946020164992,33.087700001487974,156.47840000747237,27.080871429851477,measured_success,303
new_ppo,close_pka,close_pka,3000303,500,acid,near,overlapping,3,1,0,0,1,0,2,0,3.1100000000000003,3.911203726919088,3.91,0.08720372691908818,0.3559000033419579,0.039200000173877925,0.19755000175791793,measured_success,303
new_pf,close_pka,close_pka,3000303,501,base,near,single,1,1,0,0,1,0,1,0,2.52,7.432399808052722,7.43,0.058600191947277835,61.05819999356754,35.34429999854183,96.40249999210937,measured_success,303
new_ppo,close_pka,close_pka,3000303,501,base,near,single,1,1,1,0,1,0,2,1,3.1100000000000003,7.525875411757321,7.53,0.03487541175732112,0.34899999445769936,0.0427999984822236,0.19589999646996148,measured_success,303
new_pf,close_pka,close_pka,3000303,502,base,near,overlapping,2,1,0,0,1,0,7,0,4.83,3.099221408863656,3.1,0.07677859113634433,27.80759999586735,129.09089999448042,22.41407142719254,measured_success,303
new_ppo,close_pka,close_pka,3000303,502,base,near,overlapping,2,1,0,0,1,0,6,0,4.85,3.1015318030445442,3.1,0.07446819695545592,0.5106000098749064,0.06179999036248773,0.09540000003956568,measured_success,303
new_pf,close_pka,close_pka,3000303,503,acid,near,overlapping,3,1,1,0,1,0,1,0,2.22,3.1005331438671986,3.1,0.02053314386719851,53.955799994582776,39.404800001648255,93.36059999623103,measured_success,303
new_ppo,close_pka,close_pka,3000303,503,acid,near,overlapping,3,1,1,0,1,0,1,0,2.06,3.115720714712576,3.12,0.03572071471257576,0.22900000476511195,0.021100000594742596,0.25010000535985455,measured_success,303
new_pf,close_pka,close_pka,3000303,504,base,near,single,1,1,1,0,1,0,1,0,2.79,7.511108180436173,7.51,0.0248918195638268,60.082199997850694,29.627299998537637,89.70949999638833,measured_success,303
new_ppo,close_pka,close_pka,3000303,504,base,near,single,1,1,1,0,1,0,2,1,3.1100000000000003,7.581709491921272,7.58,0.04570949192127216,0.17700000171316788,0.022199994418770075,0.09959999806596898,measured_success,303
new_pf,close_pka,close_pka,3000303,505,acid,medium,overlapping,3,1,1,0,1,0,6,1,17.979999999999997,2.8431862643075396,2.84,0.02381373569246037,168.26649999711663,126.0443999999552,49.05181666617864,measured_success,303
new_ppo,close_pka,close_pka,3000303,505,acid,medium,overlapping,3,1,1,0,1,0,5,0,17.75,2.913079784574208,2.91,0.04607978457420803,0.5947999961790629,0.08510000043315813,0.1359799993224442,measured_success,303
new_pf,close_pka,close_pka,3000303,506,base,far,overlapping,2,1,0,0,1,0,4,3,9.34,5.104956308693762,5.1,0.0709563086937619,137.5964999970165,122.89450000389479,65.12275000022782,measured_success,303
new_ppo,close_pka,close_pka,3000303,506,base,far,overlapping,2,1,0,0,1,0,8,4,16.2,4.94256133008029,4.94,0.09143866991971006,0.6300999884842895,0.10069998825201765,0.09134999709203839,measured_success,303
new_pf,close_pka,close_pka,3000303,507,base,far,overlapping,2,1,0,0,1,0,10,5,20.09,9.124670883689248,9.12,0.07067088368924779,491.7137999946135,257.6049000126659,74.93187000072794,measured_success,303
new_ppo,close_pka,close_pka,3000303,507,base,far,overlapping,2,1,0,0,1,0,12,5,17.629999999999995,9.144494825295737,9.14,0.09049482529573716,1.2054000035277568,0.20030001178383827,0.11714166794263292,measured_success,303
new_pf,close_pka,close_pka,3000303,508,base,medium,overlapping,3,1,0,0,1,0,18,0,18.33,3.4813594472152065,3.48,0.09264055278479333,279.03919998789206,317.3979999992298,33.135399999284544,measured_success,303
new_ppo,close_pka,close_pka,3000303,508,base,medium,overlapping,3,1,0,0,1,0,29,0,18.319999999999983,3.4810060093078157,3.48,0.09299399069218417,3.0096999689703807,0.4856999876210466,0.1205310329859113,measured_success,303
new_pf,close_pka,close_pka,3000303,509,base,medium,overlapping,3,1,1,0,1,0,5,2,6.159999999999999,5.141856826408045,5.14,0.00614317359195482,55.269899996346794,132.65040000260342,37.58405999979004,measured_success,303
new_ppo,close_pka,close_pka,3000303,509,base,medium,overlapping,3,1,0,0,1,0,5,3,6.779999999999999,5.201141468082939,5.2,0.053141468082939625,0.5446000068332069,0.07279999408638105,0.12348000018391758,measured_success,303
new_pf,close_pka,close_pka,3000303,510,acid,near,overlapping,3,1,1,0,1,0,1,0,1.33,3.835504696001099,3.84,0.02750469600109895,2.135899994755164,18.6180999953649,20.753999990120064,measured_success,303
new_ppo,close_pka,close_pka,3000303,510,acid,near,overlapping,3,1,1,0,1,0,3,3,3.72,3.7730265994558456,3.77,0.03497340054415421,0.24539999867556617,0.030200004403013736,0.09186666769285996,measured_success,303
new_pf,close_pka,close_pka,3000303,511,base,medium,single,1,1,1,0,1,0,4,1,14.009999999999998,7.740245896051762,7.74,0.02524589605176253,147.50879999337485,111.62820000754436,64.7842500002298,measured_success,303
new_ppo,close_pka,close_pka,3000303,511,base,medium,single,1,1,1,0,1,0,7,2,17.65,7.688121444855524,7.69,0.026878555144476124,0.8903000125428662,0.13440000475384295,0.14638571675667272,measured_success,303
new_pf,close_pka,close_pka,3000303,512,acid,medium,single,1,1,0,0,1,0,8,7,8.98,5.788584426819757,5.79,0.06241557318024338,337.4522000012803,174.5773000002373,64.0036875001897,measured_success,303
new_ppo,close_pka,close_pka,3000303,512,acid,medium,single,1,1,0,0,1,0,10,7,9.200000000000001,5.788650425679881,5.79,0.062349574320118784,1.1328999971738085,0.17979998665396124,0.13126999838277698,measured_success,303
new_pf,close_pka,close_pka,3000303,513,base,near,single,1,1,0,0,1,0,2,1,2.89,5.413676266734951,5.41,0.06367626673495153,47.98440000740811,49.74779999611201,48.86610000176006,measured_success,303
new_ppo,close_pka,close_pka,3000303,513,base,near,single,1,1,1,0,1,0,1,0,2.06,5.3388920988835515,5.34,0.011107901116448105,0.21640000340994447,0.02050000330200419,0.23690000671194866,measured_success,303
new_pf,close_pka,close_pka,3000303,514,base,near,single,1,1,1,0,1,0,2,0,1.46,4.318079660110248,4.32,0.014920339889751943,9.783699992112815,58.341800002381206,34.06274999724701,measured_success,303
new_ppo,close_pka,close_pka,3000303,514,base,near,single,1,1,0,0,1,0,3,3,3.72,4.39002008927609,4.39,0.05702008927609015,0.4667000030167401,0.05810000584460795,0.17493333628711602,measured_success,303
new_pf,close_pka,close_pka,3000303,515,acid,far,single,1,0,0,0,0,0,50,45,16.190000000000026,4.893653076865856,4.89,0.21934692313414406,2668.1947000106447,901.0556999783148,71.38500799977919,max_steps,303
new_ppo,close_pka,close_pka,3000303,515,acid,far,single,1,0,0,0,0,0,50,43,31.470000000000056,4.967375721519895,4.97,0.1456242784801054,3.983499998867046,0.7765999980620109,0.09520199993858114,max_steps,303
new_pf,close_pka,close_pka,3000303,516,acid,far,single,1,1,1,0,1,0,3,1,10.309999999999999,4.968675036917153,4.97,0.046324963082846615,142.43449999048607,75.35550000466174,72.59666666504927,measured_success,303
new_ppo,close_pka,close_pka,3000303,516,acid,far,single,1,1,1,0,1,0,11,7,15.870000000000003,4.973299900552078,4.97,0.041700099447921524,0.70039998536231,0.12009999772999436,0.07459090755384584,measured_success,303
new_pf,close_pka,close_pka,3000303,517,base,medium,overlapping,2,1,0,0,1,0,3,0,4.95,4.373874355878412,4.37,0.06712564412158795,92.00229999987641,58.99710000085179,50.333133333576065,measured_success,303
new_ppo,close_pka,close_pka,3000303,517,base,medium,overlapping,2,1,0,0,1,0,4,0,4.84,4.362612299979961,4.36,0.07838770002003859,0.4614000135916285,0.06849999772384763,0.13247500282886904,measured_success,303
new_pf,close_pka,close_pka,3000303,518,base,medium,overlapping,2,1,0,0,1,0,12,0,20.67,3.756665373684017,3.76,0.07333462631598309,46.344399997906294,223.0043000090518,22.44572500057984,measured_success,303
new_ppo,close_pka,close_pka,3000303,518,base,medium,overlapping,2,1,0,0,1,0,11,0,20.7,3.761529029342779,3.76,0.06847097065722085,1.043300006131176,0.17019998631440103,0.11031818113141609,measured_success,303
new_pf,close_pka,close_pka,3000303,519,base,medium,overlapping,3,1,1,0,1,0,3,2,2.62,5.093118433505126,5.09,0.049881566494874185,12.6899000024423,73.75940000929404,28.816433337245446,measured_success,303
new_ppo,close_pka,close_pka,3000303,519,base,medium,overlapping,3,1,0,0,1,0,4,2,3.8100000000000005,5.064369313213614,5.06,0.07863068678638552,0.4991999885533005,0.07470000127796084,0.14347499745781533,measured_success,303
new_pf,close_pka,close_pka,3000303,520,base,far,overlapping,2,1,1,0,1,0,9,7,14.249999999999998,6.669224262382215,6.67,0.021224262382215642,514.3786000044202,270.07850000518374,87.1619000010671,measured_success,303
new_ppo,close_pka,close_pka,3000303,520,base,far,overlapping,2,1,1,0,1,0,9,5,15.309999999999999,6.669240042287939,6.67,0.021240042287939076,0.8229000013670884,0.12100000458303839,0.10487777843890297,measured_success,303
new_pf,close_pka,close_pka,3000303,521,acid,near,single,1,1,1,0,1,0,2,1,1.15,2.7721704349036393,2.77,0.0168295650963608,120.87700000120094,57.31270000251243,89.09485000185668,measured_success,303
new_ppo,close_pka,close_pka,3000303,521,acid,near,single,1,1,1,0,1,0,5,4,5.0,2.838797825664808,2.84,0.04979782566480795,0.5335000096238218,0.08329999400302768,0.1233600007253699,measured_success,303
new_pf,close_pka,close_pka,3000303,522,acid,near,overlapping,2,1,1,0,1,0,1,1,1.65,3.059230991249165,3.06,0.004769008750835191,55.64079999749083,32.31680000317283,87.95760000066366,measured_success,303
new_ppo,close_pka,close_pka,3000303,522,acid,near,overlapping,2,1,0,0,1,0,1,1,2.06,2.973307338335573,2.97,0.09069266166442702,0.14989999908721074,0.01930000144056976,0.1692000005277805,measured_success,303
new_pf,close_pka,close_pka,3000303,523,acid,near,overlapping,3,1,0,0,1,0,2,0,2.74,2.208053368802953,2.21,0.05705336880295331,49.346599997079466,44.75639999873238,47.05149999790592,measured_success,303
new_ppo,close_pka,close_pka,3000303,523,acid,near,overlapping,3,1,1,0,1,0,1,1,3.06,2.14992359521586,2.15,0.0010764047841398394,0.11349999840604141,0.013800003216601908,0.12730000162264332,measured_success,303
new_pf,close_pka,close_pka,3000303,524,base,near,single,1,1,0,0,1,0,6,4,6.1899999999999995,9.14179480657683,9.14,0.051205193423170314,221.62979999848176,169.9275000137277,65.25955000203491,measured_success,303
new_ppo,close_pka,close_pka,3000303,524,base,near,single,1,1,0,0,1,0,6,3,4.220000000000001,9.287677002588577,9.29,0.09467700258857725,0.762799994845409,0.11049999739043415,0.14554999870597385,measured_success,303
new_pf,close_pka,close_pka,3000303,525,base,far,overlapping,2,0,0,1,0,0,50,41,29.840000000000046,9.154473489265456,9.15,2.9354734892654557,2775.3527999593643,1413.4616000155802,83.77628799949889,max_steps,303
new_ppo,close_pka,close_pka,3000303,525,base,far,overlapping,2,0,0,1,0,0,50,26,27.009999999999984,5.314015462462976,5.31,0.9049845375370245,4.825500029255636,0.8183999962056987,0.1128780005092267,max_steps,303
new_pf,close_pka,close_pka,3000303,526,acid,medium,single,1,1,0,0,1,0,4,0,6.99,1.641576481015778,1.64,0.07357648101577796,137.38559999183053,76.20809999934863,53.39842499779479,measured_success,303
new_ppo,close_pka,close_pka,3000303,526,acid,medium,single,1,1,0,0,1,0,4,0,7.140000000000001,1.6333744642216281,1.63,0.06537446422162807,0.5081999988760799,0.07409999670926481,0.14557499889633618,measured_success,303
new_pf,close_pka,close_pka,3000303,527,acid,medium,overlapping,3,1,1,0,1,0,5,0,11.499999999999998,3.3542643389386013,3.35,0.04326433893860138,134.81410000531469,134.99520000914345,53.961860002891626,measured_success,303
new_ppo,close_pka,close_pka,3000303,527,acid,medium,overlapping,3,1,0,0,1,0,4,0,11.34,3.3991328061732746,3.4,0.08813280617327468,0.4602999979397282,0.06990000110818073,0.13254999976197723,measured_success,303
new_pf,close_pka,close_pka,3000303,528,acid,medium,overlapping,2,1,1,0,1,0,1,1,3.0,1.9993203199971044,2.0,0.03967968000289579,52.344700001413,41.20110000076238,93.54580000217538,measured_success,303
new_ppo,close_pka,close_pka,3000303,528,acid,medium,overlapping,2,1,0,0,1,0,1,1,3.19,1.9647428534292937,1.96,0.07425714657070648,0.24929999926825985,0.021699997887481004,0.27099999715574086,measured_success,303
new_pf,close_pka,close_pka,3000303,529,base,near,overlapping,3,1,0,0,1,0,3,0,2.44,3.81437907847375,3.81,0.07562092152625022,12.644600006751716,64.9660999988555,25.870233335202403,measured_success,303
new_ppo,close_pka,close_pka,3000303,529,base,near,overlapping,3,1,0,0,1,0,3,2,3.72,3.8294374755378175,3.83,0.060562524462182576,0.3538999953889288,0.050499998906161636,0.1347999980983635,measured_success,303
new_pf,close_pka,close_pka,3000303,530,acid,medium,single,1,1,1,0,1,0,3,2,6.2299999999999995,2.5987538758215756,2.6,0.008753875821575718,152.94730000459822,66.0542999903555,73.00053333165124,measured_success,303
new_ppo,close_pka,close_pka,3000303,530,acid,medium,single,1,1,1,0,1,0,3,2,5.74,2.614708503856761,2.61,0.024708503856761155,0.38579999818466604,0.05289999535307288,0.1462333311792463,measured_success,303
new_pf,close_pka,close_pka,3000303,531,base,far,overlapping,3,0,0,1,0,0,50,43,19.230000000000057,7.755699354239141,7.76,0.5016993542391415,2776.008799984993,1102.9357999941567,77.57889199958299,max_steps,303
new_ppo,close_pka,close_pka,3000303,531,base,far,overlapping,3,0,0,1,0,0,50,45,16.83000000000006,7.757443314963439,7.76,0.5034433149634392,4.748600003949832,0.8502000055159442,0.11197600018931553,max_steps,303
new_pf,close_pka,close_pka,3000303,532,base,near,single,1,1,0,0,1,0,2,1,4.33,6.317759910030686,6.32,0.07875991003068616,136.0489999933634,65.35730000177864,100.70314999757102,measured_success,303
new_ppo,close_pka,close_pka,3000303,532,base,near,single,1,1,1,0,1,0,3,0,3.77,6.196525808279091,6.2,0.04247419172090883,0.41280000004917383,0.05709999823011458,0.1566333327597628,measured_success,303
new_pf,close_pka,close_pka,3000303,533,acid,far,single,1,0,0,0,0,0,50,45,16.140000000000015,5.894959807486524,5.89,0.11204019251347574,2562.6767999710864,850.4924000080791,68.26338399958331,max_steps,303
new_ppo,close_pka,close_pka,3000303,533,acid,far,single,1,0,0,0,0,0,50,42,12.130000000000026,6.421030126101908,6.42,0.4140301261019079,4.68959999125218,0.7881999990786426,0.10955599980661646,max_steps,303
new_pf,close_pka,close_pka,3000303,534,base,far,overlapping,2,1,0,0,1,0,11,7,14.63,6.637960248342267,6.64,0.075960248342267,558.1721999915317,279.55870000005234,76.15735454468945,measured_success,303
new_ppo,close_pka,close_pka,3000303,534,base,far,overlapping,2,1,0,0,1,0,10,7,18.41,6.638167415079124,6.64,0.07616741507912383,0.9415000022272579,0.13350000517675653,0.10750000074040145,measured_success,303
new_pf,close_pka,close_pka,3000303,535,acid,medium,single,1,1,0,0,1,0,3,0,5.65,7.466606858987916,7.47,0.08560685898791576,12.75539999915054,69.03980000060983,27.26506666658679,measured_success,303
new_ppo,close_pka,close_pka,3000303,535,acid,medium,single,1,1,0,0,1,0,30,0,5.6499999999999995,7.466606858987916,7.47,0.08560685898791576,3.2309999733115546,0.5390000005718321,0.12566666579611288,measured_success,303
new_pf,close_pka,close_pka,3000303,536,acid,far,single,1,1,0,0,1,0,8,2,26.86,3.7173580050642716,3.72,0.05335800506427146,314.7151000011945,197.17479999235366,63.98623749919352,measured_success,303
new_ppo,close_pka,close_pka,3000303,536,acid,far,single,1,1,0,0,1,0,12,5,36.06999999999999,3.57889379509039,3.58,0.0851062049096103,1.4063000126043335,0.19619999511633068,0.13354166731005535,measured_success,303
new_pf,close_pka,close_pka,3000303,537,acid,near,single,1,1,0,0,1,0,2,1,2.63,3.3342367286917396,3.33,0.08776327130826056,66.338699994958,38.666000007651746,52.502350001304876,measured_success,303
new_ppo,close_pka,close_pka,3000303,537,acid,near,single,1,1,0,0,1,0,3,3,3.91,3.3308071034102316,3.33,0.09119289658976859,0.4546000054688193,0.06410000787582248,0.17290000444821393,measured_success,303
new_pf,close_pka,close_pka,3000303,538,acid,near,overlapping,3,1,1,0,1,0,1,1,1.78,2.823799229449283,2.82,0.04720077055071714,47.24519999581389,31.989600000088103,79.234799995902,measured_success,303
new_ppo,close_pka,close_pka,3000303,538,acid,near,overlapping,3,1,1,0,1,0,3,3,3.91,2.8244717399441015,2.82,0.046528260055898496,0.538500004040543,0.07530000584665686,0.20460000329573327,measured_success,303
new_pf,close_pka,close_pka,3000303,539,base,far,overlapping,3,1,1,0,1,0,11,8,12.659999999999998,6.9956231749342255,7.0,0.012376825065774533,644.18029999797,300.0073000075645,85.8352363641395,measured_success,303
new_ppo,close_pka,close_pka,3000303,539,base,far,overlapping,3,1,1,0,1,0,17,10,18.08,6.99562663533861,7.0,0.012373364661390163,1.8472999945515767,0.3099000023212284,0.1268941174631062,measured_success,303
new_pf,close_pka,close_pka,3000303,540,base,medium,overlapping,3,1,1,0,1,0,10,0,18.29,5.8478920686117135,5.85,0.04910793138828673,50.20820000208914,214.7585999846342,26.496679998672334,measured_success,303
new_ppo,close_pka,close_pka,3000303,540,base,medium,overlapping,3,1,0,0,1,0,6,0,18.12,5.805256881058959,5.81,0.09174311894104115,0.8136000033118762,0.11799999629147351,0.1552666666005583,measured_success,303
new_pf,close_pka,close_pka,3000303,541,acid,medium,overlapping,2,1,0,0,1,0,7,0,5.829999999999999,5.533704803318475,5.53,0.09070480331847541,29.460100013238844,118.96349999733502,21.20337143008198,measured_success,303
new_ppo,close_pka,close_pka,3000303,541,acid,medium,overlapping,2,1,0,0,1,0,9,0,5.73,5.540882065883853,5.54,0.09788206588385329,0.8966000095824711,0.14610002108383924,0.11585555896292338,measured_success,303
new_pf,close_pka,close_pka,3000303,542,base,near,single,1,1,1,0,1,0,8,6,7.579999999999999,6.026550608066309,6.03,0.004449391933690983,413.0671999955666,202.58449998073047,76.95646249703714,measured_success,303
new_ppo,close_pka,close_pka,3000303,542,base,near,single,1,1,0,0,1,0,5,2,3.7600000000000007,5.941621852705957,5.94,0.0893781472940427,0.6930999952601269,0.11150000500492752,0.16092000005301088,measured_success,303
new_pf,close_pka,close_pka,3000303,543,base,near,single,1,1,0,0,1,0,2,1,2.92,3.9635260344377974,3.96,0.09352603443779728,59.75199999375036,43.17200000514276,51.46199999944656,measured_success,303
new_ppo,close_pka,close_pka,3000303,543,base,near,single,1,1,1,0,1,0,1,0,2.06,3.8575035097014574,3.86,0.012496490298542717,0.1472000003559515,0.020000006770715117,0.1672000071266666,measured_success,303
new_pf,close_pka,close_pka,3000303,544,acid,medium,overlapping,3,1,0,0,1,0,3,0,8.129999999999999,2.3340447733364043,2.33,0.06404477333640424,146.32920000440208,80.85430000210181,75.7278333355013,measured_success,303
new_ppo,close_pka,close_pka,3000303,544,acid,medium,overlapping,3,1,1,0,1,0,5,3,10.71,2.245605909141071,2.25,0.024394090858928852,0.698099989676848,0.09800000407267362,0.15921999874990433,measured_success,303
new_pf,close_pka,close_pka,3000303,545,base,near,single,1,1,0,0,1,0,6,0,4.3,4.27981509579284,4.28,0.09318490420716063,27.303100017888937,129.47479999274947,26.12965000177307,measured_success,303
new_ppo,close_pka,close_pka,3000303,545,base,near,single,1,1,0,0,1,0,5,0,4.44,4.293074970193683,4.29,0.07992502980631766,0.5888999949092977,0.09280000813305378,0.1363400006084703,measured_success,303
new_pf,close_pka,close_pka,3000303,546,base,medium,single,1,1,1,0,1,0,16,9,14.120000000000001,6.845968843774315,6.85,0.03096884377431497,863.6507000046549,381.947100009711,77.84986250089787,measured_success,303
new_ppo,close_pka,close_pka,3000303,546,base,medium,single,1,1,1,0,1,0,19,7,14.419999999999998,6.8459723745506835,6.85,0.030972374550683135,1.2098999941372313,0.22360000002663583,0.07544736811388775,measured_success,303
new_pf,close_pka,close_pka,3000303,547,acid,far,overlapping,2,1,0,0,1,0,5,2,15.09,3.1985366766160546,3.2,0.09153667661605436,243.26499999733642,140.38279999658698,76.72955999878468,measured_success,303
new_ppo,close_pka,close_pka,3000303,547,acid,far,overlapping,2,1,0,0,1,0,3,1,14.31,3.0320029404496838,3.03,0.07499705955031644,0.22729999182047322,0.035400000342633575,0.08756666405436893,measured_success,303
new_pf,close_pka,close_pka,3000303,548,acid,medium,overlapping,3,1,0,0,1,0,5,0,12.129999999999999,2.0792197840763142,2.08,0.07021978407631435,230.39800000697142,133.08430000324734,72.69646000204375,measured_success,303
new_ppo,close_pka,close_pka,3000303,548,acid,medium,overlapping,3,1,1,0,1,0,4,0,12.59,2.0159799886134087,2.02,0.006979988613408761,0.4537999993772246,0.07019999611657113,0.13099999887344893,measured_success,303
new_pf,close_pka,close_pka,3000303,549,base,medium,single,1,1,0,0,1,0,12,6,15.620000000000001,9.86478924905694,9.86,0.06421075094305984,575.3036999958567,276.16449999186443,70.9556833323101,measured_success,303
new_ppo,close_pka,close_pka,3000303,549,base,medium,single,1,1,1,0,1,0,5,3,9.74,9.962297742172954,9.96,0.03329774217295345,0.5330000058165751,0.09229999704984948,0.12506000057328492,measured_success,303
new_pf,close_pka,close_pka,3000303,550,acid,near,single,1,1,0,0,1,0,4,2,3.87,9.424107911941103,9.42,0.061107911941103765,157.34209999936866,113.7189000073704,67.76525000168476,measured_success,303
new_ppo,close_pka,close_pka,3000303,550,acid,near,single,1,0,0,0,1,1,35,0,0.36000000000000015,9.463969740430962,9.46,0.10096974043096196,3.4919000027002767,0.6112000191933475,0.1172314291969607,measured_success,303
new_pf,close_pka,close_pka,3000303,551,base,near,single,1,1,0,0,1,0,2,0,4.29,8.068815310371843,8.07,0.09718468962815763,46.409299997321796,48.40189999958966,47.40559999845573,measured_success,303
new_ppo,close_pka,close_pka,3000303,551,base,near,single,1,1,0,0,1,0,5,0,4.3100000000000005,8.07074644431004,8.07,0.09525355568996119,0.49259998922934756,0.07899999764049426,0.11431999737396836,measured_success,303
new_pf,close_pka,close_pka,3000303,552,base,medium,single,1,1,0,0,1,0,12,8,10.110000000000001,5.894775655175302,5.89,0.06422434482469797,660.8771000246634,289.44859997864114,79.19380833360871,measured_success,303
new_ppo,close_pka,close_pka,3000303,552,base,medium,single,1,1,1,0,1,0,4,3,12.62,5.972328982261153,5.97,0.013328982261153755,0.5833000031998381,0.0799999907030724,0.16582499847572763,measured_success,303
new_pf,close_pka,close_pka,3000303,553,acid,medium,single,1,1,0,0,1,0,4,4,5.590000000000001,4.4083570501460905,4.41,0.0833570501460903,255.85419999697478,124.35180000466062,95.05150000040885,measured_success,303
new_ppo,close_pka,close_pka,3000303,553,acid,medium,single,1,1,1,0,1,0,6,6,6.63,4.36381388357246,4.36,0.03881388357245985,0.7589000015286729,0.1145000132964924,0.14556666913752755,measured_success,303
new_pf,close_pka,close_pka,3000303,554,acid,near,overlapping,2,1,0,0,1,0,16,0,17.82,1.7230515007705218,1.72,0.061051500770521905,118.9379999996163,352.79399999126326,29.483249999429972,measured_success,303
new_ppo,close_pka,close_pka,3000303,554,acid,near,overlapping,2,1,0,0,1,0,10,0,16.73,1.75800016080216,1.76,0.09600016080216012,1.1238000151934102,0.19379999866941944,0.13176000138628297,measured_success,303
new_pf,close_pka,close_pka,3000303,555,acid,medium,overlapping,2,1,1,0,1,0,3,0,6.66,2.099061083075397,2.1,0.04906108307539725,131.1786000005668,102.6443999944604,77.9409999983424,measured_success,303
new_ppo,close_pka,close_pka,3000303,555,acid,medium,overlapping,2,1,1,0,1,0,2,1,7.0,2.0231234507549,2.02,0.026876549245099746,0.1933999956236221,0.023899992811493576,0.10864999421755783,measured_success,303
new_pf,close_pka,close_pka,3000303,556,acid,medium,overlapping,3,1,0,0,1,0,3,1,4.87,2.8440710906252527,2.84,0.0779289093747475,61.93540000094799,82.31850000447594,48.08463333514131,measured_success,303
new_ppo,close_pka,close_pka,3000303,556,acid,medium,overlapping,3,1,0,0,1,0,1,0,3.19,2.995852360918809,3.0,0.07385236091880865,0.15050000365590677,0.01990000600926578,0.17040000966517255,measured_success,303
new_pf,close_pka,close_pka,3000303,557,base,medium,overlapping,3,1,0,0,1,0,9,6,6.7700000000000005,6.009087305497303,6.01,0.05691269450269676,299.7862000047462,258.1427999975858,61.99211111137023,measured_success,303
new_ppo,close_pka,close_pka,3000303,557,base,medium,overlapping,3,1,0,0,1,0,8,3,7.089999999999999,6.151787796940839,6.15,0.08578779694083938,0.7420999972964637,0.121000011858996,0.10788750114443246,measured_success,303
new_pf,close_pka,close_pka,3000303,558,base,medium,single,1,1,1,0,1,0,6,2,13.419999999999998,6.464627852885453,6.46,0.021372147114546713,230.81300000922056,207.02719999098917,72.97336666670162,measured_success,303
new_ppo,close_pka,close_pka,3000303,558,base,medium,single,1,1,1,0,1,0,6,4,11.939999999999998,6.477179408876351,6.48,0.008820591123648747,0.7885999948484823,0.11679999443003908,0.1508999982130869,measured_success,303
new_pf,close_pka,close_pka,3000303,559,base,medium,single,1,1,0,0,1,0,9,6,9.16,8.271299232412712,8.27,0.09870076758728707,473.9985000123852,249.29610000253888,80.36606666832489,measured_success,303
new_ppo,close_pka,close_pka,3000303,559,base,medium,single,1,1,0,0,1,0,17,8,16.759999999999998,8.27049311696323,8.27,0.09950688303676891,1.7832000230555423,0.29650001670233905,0.12233529645634596,measured_success,303
new_pf,close_pka,close_pka,3000303,560,acid,medium,single,1,1,0,0,1,0,1,0,3.1,1.612562412722749,1.61,0.0885624127227489,52.4308000021847,49.230199998419266,101.66100000060396,measured_success,303
new_ppo,close_pka,close_pka,3000303,560,acid,medium,single,1,1,0,0,1,0,1,0,3.19,1.6029107137167387,1.6,0.07891071371673863,0.16770000365795568,0.019500002963468432,0.1872000066214241,measured_success,303
new_pf,close_pka,close_pka,3000303,561,base,near,single,1,1,1,0,1,0,3,2,4.41,6.852820999998775,6.85,0.04617900000122521,158.48180000466527,90.14220000244677,82.87466666903735,measured_success,303
new_ppo,close_pka,close_pka,3000303,561,base,near,single,1,1,0,0,1,0,2,1,3.33,6.9601624143708705,6.96,0.061162414370870444,0.1852000059443526,0.024800006940495223,0.10500000644242391,measured_success,303
new_pf,close_pka,close_pka,3000303,562,acid,far,single,1,1,0,0,1,0,4,3,10.17,2.4093078831425467,2.41,0.059692116857453126,188.66479999996955,101.07569999672705,72.43512499917415,measured_success,303
new_ppo,close_pka,close_pka,3000303,562,acid,far,single,1,1,1,0,1,0,7,5,12.809999999999999,2.439888390222695,2.44,0.02911160977730498,0.8522999924025498,0.13200001558288932,0.14061428685506275,measured_success,303
new_pf,close_pka,close_pka,3000303,563,base,medium,single,1,1,0,0,1,0,11,6,8.93,8.756875124482384,8.76,0.08012487551761538,340.43299999757437,276.8242000020109,56.11429090905321,measured_success,303
new_ppo,close_pka,close_pka,3000303,563,base,medium,single,1,1,0,0,1,0,11,4,12.21,8.755194156227745,8.76,0.08180584377225486,0.6305000133579597,0.10830000974237919,0.06716363846366717,measured_success,303
new_pf,close_pka,close_pka,3000303,564,base,medium,single,1,1,1,0,1,0,14,9,15.69,6.680119108740598,6.68,0.028119108740598087,731.220099994971,317.940400011139,74.94003571472214,measured_success,303
new_ppo,close_pka,close_pka,3000303,564,base,medium,single,1,1,1,0,1,0,8,5,9.87,6.679966549968427,6.68,0.027966549968426513,0.9850000060396269,0.16730000061215833,0.14403750083147315,measured_success,303
new_pf,close_pka,close_pka,3000303,565,base,medium,single,1,1,0,0,1,0,4,0,5.95,3.1630431814560387,3.16,0.0619568185439614,19.734399997105356,103.80279999662889,30.884299998433562,measured_success,303
new_ppo,close_pka,close_pka,3000303,565,base,medium,single,1,1,1,0,1,0,5,2,6.859999999999999,3.1812468062700345,3.18,0.043753193729965556,0.7034000009298325,0.09830000635702163,0.16034000145737082,measured_success,303
new_pf,close_pka,close_pka,3000303,566,base,near,overlapping,2,1,0,0,1,0,5,0,3.41,2.421839640718236,2.42,0.08416035928176369,19.448899998678826,88.42489998642122,21.57475999702001,measured_success,303
new_ppo,close_pka,close_pka,3000303,566,base,near,overlapping,2,1,0,0,1,0,3,0,3.3299999999999996,2.412618894034474,2.41,0.09338110596552562,0.3660000002128072,0.03609999839682132,0.13403333286987618,measured_success,303
new_pf,close_pka,close_pka,3000303,567,base,near,single,1,1,0,0,1,0,4,0,2.25,4.719641635882374,4.72,0.07935836411762676,16.342300004907884,77.01289999386063,23.338799999692128,measured_success,303
new_ppo,close_pka,close_pka,3000303,567,base,near,single,1,0,0,0,1,1,1,0,2.06,4.6989309018721315,4.7,0.1000690981278689,0.148899998748675,0.019899998733308166,0.16879999748198316,measured_success,303
new_pf,close_pka,close_pka,3000303,568,acid,medium,single,1,1,1,0,1,0,6,5,9.700000000000001,2.634529427730814,2.63,0.03747057226918615,327.9481999925338,137.50149998668348,77.5749499965362,measured_success,303
new_ppo,close_pka,close_pka,3000303,568,acid,medium,single,1,1,0,0,1,0,6,5,9.68,2.588743027628503,2.59,0.0832569723714971,0.7036000024527311,0.12360000982880592,0.13786666871358952,measured_success,303
new_pf,close_pka,close_pka,3000303,569,base,near,overlapping,3,1,0,0,1,0,13,0,5.210000000000001,3.960661501349488,3.96,0.09133849865051147,44.750799992471,185.61850001424318,17.72071538513186,measured_success,303
new_ppo,close_pka,close_pka,3000303,569,base,near,overlapping,3,1,0,0,1,0,7,0,5.0200000000000005,3.955953067703783,3.96,0.09604693229621653,0.44850000995211303,0.06600000051548705,0.07350000149537143,measured_success,303
new_pf,close_pka,close_pka,3000303,570,acid,medium,overlapping,2,1,1,0,1,0,3,1,6.62,2.240077572636804,2.24,0.017922427363195936,118.05390000517946,59.99750000773929,59.350466670972914,measured_success,303
new_ppo,close_pka,close_pka,3000303,570,acid,medium,overlapping,2,1,0,0,1,0,3,0,6.15,2.3263292701386913,2.33,0.06832927013869128,0.41769999370444566,0.06400000711437315,0.16056666693960628,measured_success,303
new_pf,close_pka,close_pka,3000303,571,base,far,overlapping,3,1,1,0,1,0,13,6,34.11,4.496078414045371,4.5,0.032921585954628796,235.23549998208182,366.5809000012814,46.29356922948948,measured_success,303
new_ppo,close_pka,close_pka,3000303,571,base,far,overlapping,3,1,0,0,1,0,13,3,37.449999999999996,4.593465034965067,4.59,0.0644650349650675,1.17709998448845,0.1930000289576128,0.10539230872662021,measured_success,303
new_pf,close_pka,close_pka,3000303,572,acid,near,overlapping,2,1,0,0,1,0,2,0,3.49,4.550553384168893,4.55,0.0845533841688928,103.40949999954319,45.91000000073109,74.65975000013714,measured_success,303
new_ppo,close_pka,close_pka,3000303,572,acid,near,overlapping,2,1,0,0,1,0,3,0,3.72,4.516699092072978,4.52,0.050699092072977514,0.41090000740950927,0.06749999738531187,0.15946666826494038,measured_success,303
new_pf,close_pka,close_pka,3000303,573,acid,far,single,1,1,1,0,1,0,12,9,14.389999999999997,4.5267302897082935,4.53,0.049269710291706126,648.4412000063458,226.24219998397166,72.89028333252645,measured_success,303
new_ppo,close_pka,close_pka,3000303,573,acid,far,single,1,0,0,1,0,0,19,10,50.0,6.501659185069954,6.5,1.9256591850699545,1.9020999825443141,0.33799999800976366,0.1178999989765304,dose_limit,303
new_pf,close_pka,close_pka,3000303,574,acid,near,overlapping,2,1,0,0,1,0,3,1,3.7600000000000002,3.94457058390047,3.94,0.08242941609953025,50.10310000216123,91.82500000315486,47.30936666843869,measured_success,303
new_ppo,close_pka,close_pka,3000303,574,acid,near,overlapping,2,1,0,0,1,0,2,2,3.1100000000000003,4.12443184360245,4.12,0.0974318436024495,0.2758999980869703,0.039500002458225936,0.15770000027259812,measured_success,303
new_pf,close_pka,close_pka,3000303,575,acid,medium,overlapping,2,1,1,0,1,0,4,0,10.349999999999998,2.799066635187101,2.8,0.007066635187101156,181.09389999881387,93.53819999523694,68.6580249985127,measured_success,303
new_ppo,close_pka,close_pka,3000303,575,acid,medium,overlapping,2,1,1,0,1,0,6,2,11.559999999999999,2.80698965278211,2.81,0.014989652782110063,0.818000000435859,0.1221999991685152,0.15669999993406236,measured_success,303
new_pf,close_pka,close_pka,3000303,576,base,medium,overlapping,3,1,1,0,1,0,7,0,19.060000000000002,3.890224024937009,3.89,0.032775975062991236,64.96490001154598,141.18769998458447,29.450371428018634,measured_success,303
new_ppo,close_pka,close_pka,3000303,576,base,medium,overlapping,3,1,1,0,1,0,6,0,19.12,3.9226899055658038,3.92,0.00031009443419627303,0.5410000012489036,0.08279999019578099,0.10396666524078076,measured_success,303
new_pf,close_pka,close_pka,3000303,577,base,far,single,1,0,0,0,0,0,50,44,24.930000000000057,5.411610867971277,5.41,0.11538913202872347,2775.353300028655,1206.8939999880968,79.64494600033504,max_steps,303
new_ppo,close_pka,close_pka,3000303,577,base,far,single,1,0,0,0,0,0,50,45,26.56000000000006,6.023807445316379,6.02,0.4968074453163789,5.885299971851055,0.9567999950377271,0.13684199933777563,max_steps,303
new_pf,close_pka,close_pka,3000303,578,acid,medium,overlapping,2,1,0,0,1,0,2,1,3.02,1.8653414682564984,1.87,0.05465853174350155,98.07840000576107,59.93750000197906,79.00795000387006,measured_success,303
new_ppo,close_pka,close_pka,3000303,578,acid,medium,overlapping,2,1,0,0,1,0,2,1,3.8,1.8244002490075277,1.82,0.0955997509924722,0.3730000025825575,0.04550000448944047,0.20925000353599899,measured_success,303
new_pf,close_pka,close_pka,3000303,579,acid,medium,overlapping,2,1,0,0,1,0,3,0,8.38,3.6660025051959995,3.67,0.0770025051959995,104.16130000521662,72.52849999349564,58.89659999957075,measured_success,303
new_ppo,close_pka,close_pka,3000303,579,acid,medium,overlapping,2,1,1,0,1,0,6,0,8.55,3.6374619683899088,3.64,0.048461968389908794,0.5466999937198125,0.07000000914558768,0.10278333381090003,measured_success,303
new_pf,close_pka,close_pka,3000303,580,base,far,overlapping,2,1,0,0,1,0,10,5,17.700000000000003,4.115695492412847,4.12,0.057695492412847216,161.95170000719372,260.59060000261525,42.2542300009809,measured_success,303
new_ppo,close_pka,close_pka,3000303,580,base,far,overlapping,2,1,1,0,1,0,17,8,22.720000000000002,4.033073560879899,4.03,0.02492643912010095,1.8221999998786487,0.2883000051951967,0.12414705912199091,measured_success,303
new_pf,close_pka,close_pka,3000303,581,base,far,overlapping,2,0,0,1,0,0,50,46,15.799999999999994,7.037135864544325,7.04,0.5188641354556749,2566.1771000304725,998.2970999844838,71.28948400029913,max_steps,303
new_ppo,close_pka,close_pka,3000303,581,base,far,overlapping,2,0,0,1,0,0,50,25,28.429999999999996,10.675224215462688,10.68,3.1192242154626877,4.030199997941963,0.7440999979735352,0.09548599991830997,max_steps,303
new_pf,close_pka,close_pka,3000303,582,acid,medium,single,1,1,0,0,1,0,3,1,6.87,2.760370568323281,2.76,0.09062943167671911,81.80359999096254,85.31829999265028,55.70729999453761,measured_success,303
new_ppo,close_pka,close_pka,3000303,582,acid,medium,single,1,1,1,0,1,0,3,2,5.48,2.8530944811751118,2.85,0.0020944811751117953,0.43939999159192666,0.057000004744622856,0.1654666654455165,measured_success,303
new_pf,close_pka,close_pka,3000303,583,acid,near,overlapping,2,1,0,0,1,0,3,0,6.720000000000001,2.401981007719402,2.4,0.08898100771940198,101.37710000708466,59.68599999323487,53.68770000010651,measured_success,303
new_ppo,close_pka,close_pka,3000303,583,acid,near,overlapping,2,1,0,0,1,0,4,0,6.700000000000001,2.4039208600467683,2.4,0.09092086004676814,0.37259999953676015,0.06320000102277845,0.10895000013988465,measured_success,303
new_pf,close_pka,close_pka,3000303,584,base,far,single,1,1,0,0,1,0,9,5,16.55,9.558916947438718,9.56,0.07291694743871702,482.6696000091033,309.7154000060982,88.04277777946683,measured_success,303
new_ppo,close_pka,close_pka,3000303,584,base,far,single,1,1,1,0,1,0,12,7,21.23,9.528160196633507,9.53,0.042160196633506786,1.1200000008102506,0.1849000109359622,0.10874166764551774,measured_success,303
new_pf,close_pka,close_pka,3000303,585,base,medium,single,1,1,1,0,1,0,16,8,13.42,7.875141358975556,7.88,0.0028586410244439975,813.3777000039117,450.90630000049714,79.01775000027556,measured_success,303
new_ppo,close_pka,close_pka,3000303,585,base,medium,single,1,1,1,0,1,0,9,4,10.04,7.875604431493912,7.88,0.0023955685060883525,0.8074000215856358,0.12129999959142879,0.10318889124189606,measured_success,303
new_pf,close_pka,close_pka,3000303,586,base,near,overlapping,2,1,0,0,1,0,7,0,3.46,4.916586343123148,4.92,0.09641365687685166,32.892099996388424,140.3973999840673,24.755642854350818,measured_success,303
new_ppo,close_pka,close_pka,3000303,586,base,near,overlapping,2,1,0,0,1,0,3,0,3.72,4.930624349996469,4.93,0.08237565000353086,0.4464000157895498,0.05819999205414206,0.16820000261456394,measured_success,303
new_pf,close_pka,close_pka,3000303,587,acid,near,overlapping,2,1,0,0,1,0,3,1,6.529999999999999,3.0415709712267693,3.04,0.06042902877323053,112.93420000583865,68.3707999996841,60.43500000184091,measured_success,303
new_ppo,close_pka,close_pka,3000303,587,acid,near,overlapping,2,1,0,0,1,0,5,0,5.5600000000000005,3.15519183852751,3.16,0.05319183852751008,0.6654000098933466,0.1016999885905534,0.15341999969678,measured_success,303
new_pf,close_pka,close_pka,3000303,588,base,near,overlapping,3,1,0,0,1,0,14,0,9.160000000000002,2.33845805661871,2.34,0.0955419433812903,49.86089999874821,231.59130001295125,20.10372857226425,measured_success,303
new_ppo,close_pka,close_pka,3000303,588,base,near,overlapping,3,1,0,0,1,0,15,0,9.299999999999997,2.3438991843400894,2.34,0.0901008156599108,1.5192000137176365,0.24900001153582707,0.11788000168356423,measured_success,303
new_pf,close_pka,close_pka,3000303,589,acid,near,overlapping,2,1,0,0,1,0,1,1,3.11,3.924355347140488,3.92,0.09364465285951162,43.68129999784287,23.935099998197984,67.61639999604085,measured_success,303
new_ppo,close_pka,close_pka,3000303,589,acid,near,overlapping,2,1,1,0,1,0,1,0,2.06,4.052570068235044,4.05,0.03457006823504383,0.11660000018309802,0.016099998902063817,0.13269999908516183,measured_success,303
new_pf,close_pka,close_pka,3000303,590,base,near,single,1,1,0,0,1,0,1,0,1.04,3.9432114289530897,3.94,0.054788571046910484,3.333699998620432,34.53299999819137,37.8666999968118,measured_success,303
new_ppo,close_pka,close_pka,3000303,590,base,near,single,1,1,0,0,1,0,2,2,3.1100000000000003,3.932919627880441,3.93,0.0650803721195592,0.24860000849002972,0.03460000152699649,0.1416000050085131,measured_success,303
new_pf,close_pka,close_pka,3000303,591,acid,medium,single,1,1,1,0,1,0,6,4,4.560000000000001,6.839406886967987,6.84,0.04240688696798767,331.9772999966517,162.44400000141468,82.40354999967774,measured_success,303
new_ppo,close_pka,close_pka,3000303,591,acid,medium,single,1,1,0,0,1,0,4,2,3.33,6.888576864594995,6.89,0.09157686459499548,0.46019999717827886,0.05800000508315861,0.12955000056535937,measured_success,303
new_pf,close_pka,close_pka,3000303,592,acid,near,overlapping,2,1,0,0,1,0,1,0,2.45,2.2468481068812203,2.25,0.09284810688122036,33.51180000026943,39.58099999726983,73.09279999753926,measured_success,303
new_ppo,close_pka,close_pka,3000303,592,acid,near,overlapping,2,1,1,0,1,0,1,0,2.75,2.1986832434290333,2.2,0.044683243429033404,0.2277999956277199,0.022000000171829015,0.24979999579954892,measured_success,303
new_pf,close_pka,close_pka,3000303,593,base,near,overlapping,2,1,0,0,1,0,9,0,6.250000000000001,4.423672729324391,4.42,0.08032727067560863,33.81109998736065,151.9241999994847,20.637255554093926,measured_success,303
new_ppo,close_pka,close_pka,3000303,593,base,near,overlapping,2,1,0,0,1,0,11,0,6.180000000000001,4.4183807796128995,4.42,0.08561922038710001,0.9941000171238557,0.1646999953663908,0.1053454556809315,measured_success,303
new_pf,close_pka,close_pka,3000303,594,base,far,single,1,1,1,0,1,0,14,8,12.070000000000002,8.899672437917118,8.9,0.02732756208288123,705.1778999957605,312.2021000162931,72.67000000086098,measured_success,303
new_ppo,close_pka,close_pka,3000303,594,base,far,single,1,1,1,0,1,0,14,8,15.769999999999998,8.893539422521705,8.89,0.03346057747829434,1.0772999958135188,0.18950000230688602,0.09048571415145748,measured_success,303
new_pf,close_pka,close_pka,3000303,595,base,near,overlapping,3,1,0,0,1,0,7,0,3.53,4.040621127202204,4.04,0.09737887279779578,22.962699993513525,126.72110000130488,21.383399999259773,measured_success,303
new_ppo,close_pka,close_pka,3000303,595,base,near,overlapping,3,1,0,0,1,0,3,0,3.72,4.051251395229851,4.05,0.08674860477014867,0.4804999989573844,0.06340000254567713,0.1813000005010205,measured_success,303
new_pf,close_pka,close_pka,3000303,596,base,medium,overlapping,3,1,1,0,1,0,2,0,4.13,5.134498106890767,5.13,0.028501893109233123,10.150800000701565,70.34929999645101,40.25004999857629,measured_success,303
new_ppo,close_pka,close_pka,3000303,596,base,medium,overlapping,3,1,0,0,1,0,4,3,5.829999999999999,5.229282913340569,5.23,0.06628291334056868,0.3215999895473942,0.0520999965374358,0.0934249965212075,measured_success,303
new_pf,close_pka,close_pka,3000303,597,acid,far,single,1,0,0,0,0,0,50,43,18.360000000000056,4.357889938267617,4.36,0.17511006173238375,2667.176799950539,904.7606000240194,71.43874799949117,max_steps,303
new_ppo,close_pka,close_pka,3000303,597,acid,far,single,1,0,0,1,0,0,26,17,50.0,2.4785659573951406,2.48,2.0544340426048597,2.3223999742185697,0.4028999974252656,0.10481922967860904,dose_limit,303
new_pf,close_pka,close_pka,3000303,598,acid,far,single,1,1,0,0,1,0,13,10,13.059999999999997,5.415907542254658,5.42,0.08690754225465813,708.4287000034237,276.2369000047329,75.74350769293513,measured_success,303
new_ppo,close_pka,close_pka,3000303,598,acid,far,single,1,1,0,0,1,0,20,14,16.540000000000003,5.418541496891578,5.42,0.0895414968915782,1.7948999957297929,0.3298999945400283,0.10623999951349106,measured_success,303
new_pf,close_pka,close_pka,3000303,599,base,medium,overlapping,2,1,1,0,1,0,10,6,9.53,5.733301697549907,5.73,0.04869830245009332,444.1971999913221,274.7730000046431,71.89701999959652,measured_success,303
new_ppo,close_pka,close_pka,3000303,599,base,medium,overlapping,2,1,1,0,1,0,4,3,8.879999999999999,5.800099666505631,5.8,0.01809966650563055,0.5241999970166944,0.08510000770911574,0.15232500118145254,measured_success,303
new_pf,close_pka,close_pka,3000303,600,base,medium,single,1,1,0,0,1,0,4,3,8.3,11.138118157108284,11.14,0.05011815710828493,81.13079999748152,123.18570000206819,51.079124999887426,measured_success,303
new_ppo,close_pka,close_pka,3000303,600,base,medium,single,1,1,0,0,1,0,18,0,2.0,11.03489228603577,11.03,0.053107713964228864,1.1176999978488311,0.182400006451644,0.07222777801669306,measured_success,303
new_pf,close_pka,close_pka,3000303,601,base,medium,overlapping,3,1,1,0,1,0,6,4,7.36,4.853371472323019,4.85,0.03162852767698077,28.24140001030173,165.48889999830863,32.28838333476839,measured_success,303
new_ppo,close_pka,close_pka,3000303,601,base,medium,overlapping,3,1,1,0,1,0,6,3,10.699999999999998,4.92629880203577,4.93,0.04129880203577052,0.6825000018579885,0.09609999688109383,0.12976666645651372,measured_success,303
new_pf,close_pka,close_pka,3000303,602,acid,far,single,1,1,1,0,1,0,5,4,9.040000000000001,2.529345962857903,2.53,0.037345962857902926,263.0543999985093,95.47400000883499,71.70568000146886,measured_success,303
new_ppo,close_pka,close_pka,3000303,602,acid,far,single,1,1,1,0,1,0,6,6,10.99,2.5340678528199376,2.53,0.042067852819937634,0.8548000041628256,0.10650000331224874,0.1602166679125124,measured_success,303
new_pf,close_pka,close_pka,3000303,603,base,medium,overlapping,2,1,0,0,1,0,12,0,23.69,4.673617765294086,4.67,0.054382234705913746,39.46709999581799,197.87480001104996,19.778491667238995,measured_success,303
new_ppo,close_pka,close_pka,3000303,603,base,medium,overlapping,2,1,0,0,1,0,11,0,23.63,4.659983981883826,4.66,0.06801601811617353,0.9633999870857224,0.14919999375706539,0.1011454528038898,measured_success,303
new_pf,close_pka,close_pka,3000303,604,acid,near,overlapping,2,1,0,0,1,0,4,0,5.33,1.7291023595750845,1.73,0.0881023595750845,135.32829999167006,75.37360000424087,52.675474998977734,measured_success,303
new_ppo,close_pka,close_pka,3000303,604,acid,near,overlapping,2,1,1,0,1,0,3,0,6.15,1.6675581562442234,1.67,0.02655815624422342,0.25070000265259296,0.04920000355923548,0.09996666873727615,measured_success,303
new_pf,close_pka,close_pka,3000303,605,acid,near,overlapping,3,1,1,0,1,0,11,1,11.140000000000002,2.0003090000900388,2.0,0.012690999909961143,108.61519999161828,225.8815000022878,30.408790908536915,measured_success,303
new_ppo,close_pka,close_pka,3000303,605,acid,near,overlapping,3,1,0,0,1,0,6,0,8.97,2.108250591832231,2.11,0.09525059183223128,0.672699992719572,0.11440001253504306,0.13118333420910253,measured_success,303
new_pf,close_pka,close_pka,3000303,606,acid,medium,overlapping,2,1,1,0,1,0,1,0,4.73,1.6752939707057934,1.68,0.015293970705793525,51.18950000178302,58.91909999627387,110.10859999805689,measured_success,303
new_ppo,close_pka,close_pka,3000303,606,acid,medium,overlapping,2,1,0,0,1,0,2,0,4.29,1.7148511732810277,1.71,0.05485117328102773,0.35989999742014334,0.040899998566601425,0.20039999799337238,measured_success,303
new_pf,close_pka,close_pka,3000303,607,acid,medium,single,1,1,1,0,1,0,1,0,4.41,4.884877298998493,4.88,0.047877298998493245,39.85839999950258,45.10370000207331,84.96210000157589,measured_success,303
new_ppo,close_pka,close_pka,3000303,607,acid,medium,single,1,1,0,0,1,0,2,0,4.22,4.922167669165589,4.92,0.08516766916558893,0.331300005200319,0.0411000000895001,0.18620000264490955,measured_success,303
new_pf,close_pka,close_pka,3000303,608,base,far,overlapping,2,0,0,1,0,0,50,44,21.300000000000058,6.312604698116843,6.31,1.3123953018831571,2654.017800006841,1187.7978999837069,76.83631399981095,max_steps,303
new_ppo,close_pka,close_pka,3000303,608,base,far,overlapping,2,0,0,1,0,0,50,48,19.180000000000028,5.464584898846226,5.46,2.1604151011537738,4.647199988539796,0.7796999925631098,0.10853799962205812,max_steps,303
new_pf,close_pka,close_pka,3000303,609,base,far,single,1,0,0,1,0,0,50,45,23.10000000000006,9.363167904140376,9.36,1.7701679041403757,2818.228799966164,1054.5618999749422,77.45581399882212,max_steps,303
new_ppo,close_pka,close_pka,3000303,609,base,far,single,1,0,0,1,0,0,50,34,16.900000000000013,6.511493462975665,6.51,1.0815065370243353,5.4070000114734285,0.9068000144907273,0.12627600051928312,max_steps,303
new_pf,close_pka,close_pka,3000303,610,base,medium,overlapping,2,1,0,0,1,0,7,0,6.589999999999998,3.740715892958952,3.74,0.07828410704104805,77.09559999784688,156.86089999508113,33.42235714184686,measured_success,303
new_ppo,close_pka,close_pka,3000303,610,base,medium,overlapping,2,1,0,0,1,0,4,0,6.43,3.7245472325698614,3.72,0.09445276743013853,0.6063000109861605,0.07660000119358301,0.17072500304493587,measured_success,303
new_pf,close_pka,close_pka,3000303,611,base,medium,overlapping,3,1,0,0,1,0,22,0,28.13,3.431471108049071,3.43,0.08152889195092872,83.48760001535993,342.7168999987771,19.37293181882441,measured_success,303
new_ppo,close_pka,close_pka,3000303,611,base,medium,overlapping,3,1,0,0,1,0,30,0,28.119999999999987,3.430869283658078,3.43,0.08213071634192204,2.448700033710338,0.43330002517905086,0.0960666686296463,measured_success,303
new_pf,close_pka,close_pka,3000303,612,base,medium,single,1,1,0,0,1,0,11,8,14.189999999999998,10.001133034596972,10.0,0.07886696540302829,339.6356999874115,289.2727999933413,57.17349999825026,measured_success,303
new_ppo,close_pka,close_pka,3000303,612,base,medium,single,1,1,0,0,1,0,10,2,0.9,10.028989589662697,10.03,0.05101041033730347,0.9911000015563332,0.13380001473706216,0.11249000162933953,measured_success,303
new_pf,close_pka,close_pka,3000303,613,base,near,single,1,1,0,0,1,0,1,1,2.59,8.038221882596822,8.04,0.0682218825968226,35.49070000008214,22.826899999927264,58.317600000009406,measured_success,303
new_ppo,close_pka,close_pka,3000303,613,base,near,single,1,1,1,0,1,0,1,0,2.06,7.942712695688883,7.94,0.027287304311117033,0.12199999764561653,0.01340000017080456,0.1353999978164211,measured_success,303
new_pf,close_pka,close_pka,3000303,614,acid,medium,overlapping,2,1,0,0,1,0,4,0,8.22,2.0925750893461057,2.09,0.07657508934610568,121.15760001324816,62.71790000027977,45.96887500338198,measured_success,303
new_ppo,close_pka,close_pka,3000303,614,acid,medium,overlapping,2,1,0,0,1,0,5,0,8.120000000000001,2.101307766647606,2.1,0.08530776664760609,0.42079999548150226,0.06280000525293872,0.0967200001468882,measured_success,303
new_pf,close_pka,close_pka,3000303,615,acid,far,single,1,1,0,0,1,0,7,6,12.099999999999998,5.561424042318276,5.56,0.06842404231827537,362.36909999570344,150.5040000047302,73.26758571434766,measured_success,303
new_ppo,close_pka,close_pka,3000303,615,acid,far,single,1,1,0,0,1,0,7,5,11.8,5.426020546805692,5.43,0.06697945319430865,0.757500012696255,0.13500000932253897,0.127500003145542,measured_success,303
new_pf,close_pka,close_pka,3000303,616,acid,near,overlapping,3,1,0,0,1,0,6,0,2.91,2.352677731399387,2.35,0.08967773139938728,28.56850000534905,137.07619999331655,27.6074499997776,measured_success,303
new_ppo,close_pka,close_pka,3000303,616,acid,near,overlapping,3,1,0,0,1,0,2,0,3.1100000000000003,2.3396916912468964,2.34,0.07669169124689645,0.3173000004608184,0.03899999865097925,0.17814999955589883,measured_success,303
new_pf,close_pka,close_pka,3000303,617,base,medium,overlapping,3,1,0,0,1,0,14,0,14.729999999999999,4.894229762609349,4.89,0.08177023739065081,63.2835999931558,276.8005999896559,24.291728570200835,measured_success,303
new_ppo,close_pka,close_pka,3000303,617,base,medium,overlapping,3,1,0,0,1,0,23,0,14.639999999999986,4.887956682297677,4.89,0.08804331770232299,2.252599995699711,0.39989999640965834,0.11532608661345085,measured_success,303
new_pf,close_pka,close_pka,3000303,618,base,far,overlapping,3,0,0,0,0,0,50,47,16.600000000000062,5.700433437599713,5.7,0.22543343759971357,2661.482799987425,980.5061999941245,72.83977999963099,max_steps,303
new_ppo,close_pka,close_pka,3000303,618,base,far,overlapping,3,0,0,0,0,0,50,44,17.81000000000006,5.362119317358662,5.36,0.11288068264133777,4.324299996369518,0.7651000123587437,0.10178800017456524,max_steps,303
new_pf,close_pka,close_pka,3000303,619,base,far,overlapping,2,0,0,0,0,0,50,47,20.91000000000006,9.42832141195828,9.43,0.48032141195827904,2855.609899990668,1040.6032999890158,77.92426399959368,max_steps,303
new_ppo,close_pka,close_pka,3000303,619,base,far,overlapping,2,0,0,0,0,0,50,34,14.139999999999988,8.779451129509482,8.78,0.16854887049051825,3.8629000118817203,0.6623999797739089,0.09050599983311258,max_steps,303
new_pf,close_pka,close_pka,3000303,620,base,near,overlapping,3,1,0,0,1,0,5,0,4.73,3.7700112164795767,3.77,0.06798878352042337,18.14609999564709,93.14599999197526,22.25841999752447,measured_success,303
new_ppo,close_pka,close_pka,3000303,620,base,near,overlapping,3,0,0,0,1,1,5,0,4.56,3.735742395580493,3.74,0.10225760441950715,0.33569999504834414,0.05219999729888514,0.07757999846944585,measured_success,303
new_pf,close_pka,close_pka,3000303,621,acid,medium,overlapping,3,1,0,0,1,0,5,1,12.61,2.7406166345171945,2.74,0.054383365482805424,139.63569999759784,118.8111000083154,51.68936000118265,measured_success,303
new_ppo,close_pka,close_pka,3000303,621,acid,medium,overlapping,3,1,1,0,1,0,4,1,12.59,2.7460469135248866,2.75,0.04895308647511332,0.5439999949885532,0.08169999637175351,0.15642499784007668,measured_success,303
new_pf,close_pka,close_pka,3000303,622,acid,near,single,1,1,0,0,1,0,1,1,0.56,3.3770379586901376,3.38,0.054962041309862375,4.874499994912185,38.867700000992045,43.74219999590423,measured_success,303
new_ppo,close_pka,close_pka,3000303,622,acid,near,single,1,1,1,0,1,0,3,2,3.72,3.4455068510700144,3.45,0.01350685107001448,0.45200000749900937,0.06150000263005495,0.17116667004302144,measured_success,303
new_pf,close_pka,close_pka,3000303,623,acid,near,single,1,1,1,0,1,0,1,1,1.14,4.931029765531376,4.93,0.03397023446862413,2.1797000008518808,29.930999997304752,32.11069999815663,measured_success,303
new_ppo,close_pka,close_pka,3000303,623,acid,near,single,1,1,0,0,1,0,2,2,3.16,5.022301508851745,5.02,0.05730150885174545,0.19780000002356246,0.02479999966453761,0.11129999984405003,measured_success,303
new_pf,close_pka,close_pka,3000303,624,acid,medium,overlapping,2,1,0,0,1,0,4,1,5.069999999999999,2.2199528894182414,2.22,0.06004711058175838,42.482600001676474,91.46109999710461,33.48592499969527,measured_success,303
new_ppo,close_pka,close_pka,3000303,624,acid,medium,overlapping,2,1,1,0,1,0,3,1,4.05,2.237767119463366,2.24,0.042232880536633655,0.3480000013951212,0.04289999924367294,0.1303000002129314,measured_success,303
new_pf,close_pka,close_pka,3000303,625,base,medium,overlapping,3,1,0,0,1,0,19,0,24.75,3.639496371361709,3.64,0.09350362863829131,145.92390001780586,308.05049998889444,23.89338947403686,measured_success,303
new_ppo,close_pka,close_pka,3000303,625,base,medium,overlapping,3,1,0,0,1,0,28,0,24.939999999999987,3.6481736223768877,3.65,0.0848263776231124,2.8087000027881004,0.47849999828031287,0.11740000003815762,measured_success,303
new_pf,close_pka,close_pka,3000303,626,acid,medium,overlapping,3,1,1,0,1,0,3,0,5.72,2.0995894329260887,2.1,0.03458943292608874,77.36789999034954,79.55029999720864,52.30606666251939,measured_success,303
new_ppo,close_pka,close_pka,3000303,626,acid,medium,overlapping,3,1,1,0,1,0,4,1,7.859999999999999,2.041203355620823,2.04,0.023796644379177057,0.4848000025958754,0.06569999823113903,0.1376250002067536,measured_success,303
new_pf,close_pka,close_pka,3000303,627,base,medium,overlapping,3,1,1,0,1,0,7,0,9.680000000000001,3.5458931389550115,3.55,0.039106861044988506,26.39620000263676,145.5541999966954,24.56434285704745,measured_success,303
new_ppo,close_pka,close_pka,3000303,627,base,medium,overlapping,3,1,1,0,1,0,7,0,9.679999999999998,3.545893138955016,3.55,0.039106861044984065,0.8448000007774681,0.1286999904550612,0.13907142731893277,measured_success,303
new_pf,close_pka,close_pka,3000303,628,base,medium,overlapping,2,1,0,0,1,0,9,0,11.469999999999999,5.62790063798214,5.63,0.08009936201785983,91.15559999918332,159.89239999908023,27.894222222029285,measured_success,303
new_ppo,close_pka,close_pka,3000303,628,base,medium,overlapping,2,1,0,0,1,0,10,0,11.279999999999996,5.608190911458209,5.61,0.09980908854179127,1.0721000071498565,0.1616999797988683,0.12337999869487248,measured_success,303
new_pf,close_pka,close_pka,3000303,629,base,medium,overlapping,2,1,0,0,1,0,11,0,10.88,4.753349559284013,4.75,0.09065044071598738,37.81310000340454,189.26839999039657,20.64377272670919,measured_success,303
new_ppo,close_pka,close_pka,3000303,629,base,medium,overlapping,2,1,0,0,1,0,16,0,10.879999999999992,4.753349559284011,4.75,0.09065044071598916,1.7000999941956252,0.28920000477228314,0.12433124993549427,measured_success,303
new_pf,close_pka,close_pka,3000303,630,base,far,single,1,0,0,0,0,0,50,43,19.22000000000006,7.212055446129,7.21,0.21805544612900007,1770.6667999955243,939.9048999912338,54.21143399973516,max_steps,303
new_ppo,close_pka,close_pka,3000303,630,base,far,single,1,0,0,0,0,0,50,34,25.230000000000032,6.747624749732182,6.75,0.2463752502678176,4.0534000218031,0.7410999751300551,0.0958899999386631,max_steps,303
new_pf,close_pka,close_pka,3000303,631,base,medium,single,1,1,0,0,1,0,4,0,5.39,4.909082089436874,4.91,0.061917910563126455,16.11659999616677,88.98659999977099,26.27579999898444,measured_success,303
new_ppo,close_pka,close_pka,3000303,631,base,medium,single,1,1,0,0,1,0,3,1,5.819999999999999,5.04242465599566,5.04,0.07142465599565995,0.3357999958097935,0.05110000347485766,0.12896666642821705,measured_success,303
new_pf,close_pka,close_pka,3000303,632,acid,near,single,1,1,0,0,1,0,1,0,2.11,1.804202422214222,1.8,0.06720242221422179,45.320899997022934,47.40519999904791,92.72609999607084,measured_success,303
new_ppo,close_pka,close_pka,3000303,632,acid,near,single,1,1,1,0,1,0,1,1,3.06,1.6873195467042814,1.69,0.049680453295718685,0.15010000061010942,0.020699997548945248,0.17079999815905467,measured_success,303
new_pf,close_pka,close_pka,3000303,633,acid,near,overlapping,3,1,1,0,1,0,1,0,2.38,2.346361141554561,2.35,0.03636114155456083,64.25199999648612,50.002399999357294,114.25439999584341,measured_success,303
new_ppo,close_pka,close_pka,3000303,633,acid,near,overlapping,3,1,0,0,1,0,1,1,2.75,2.2478797419372247,2.25,0.062120258062775324,0.24110000231303275,0.021700005163438618,0.26280000747647136,measured_success,303
new_pf,close_pka,close_pka,3000303,634,acid,medium,single,1,1,1,0,1,0,4,3,5.98,5.922788076088395,5.92,0.024211923911605204,196.2819999898784,128.99779999861494,81.31994999712333,measured_success,303
new_ppo,close_pka,close_pka,3000303,634,acid,medium,single,1,1,0,0,1,0,2,2,5.65,6.006272662202647,6.01,0.059272662202647375,0.33310000435449183,0.027499998395796865,0.18030000137514435,measured_success,303
new_pf,close_pka,close_pka,3000303,635,base,medium,overlapping,2,1,1,0,1,0,5,3,4.449999999999999,4.198617003400393,4.2,0.04961700340039332,137.02709999779472,175.86480001045857,62.57838000165066,measured_success,303
new_ppo,close_pka,close_pka,3000303,635,base,medium,overlapping,2,1,0,0,1,0,8,6,7.110000000000001,4.0788312114219,4.08,0.07016878857810038,0.9552999981679022,0.1554999835207127,0.13884999771107687,measured_success,303
new_pf,close_pka,close_pka,3000303,636,base,near,overlapping,2,1,0,0,1,0,9,0,7.829999999999998,3.4938903630211664,3.49,0.09010963697883367,39.48339999624295,184.74050001532305,24.913766667951776,measured_success,303
new_ppo,close_pka,close_pka,3000303,636,base,near,overlapping,2,1,0,0,1,0,13,0,7.74,3.4860110271140723,3.49,0.09798897288592778,1.3251000200398266,0.2319999985047616,0.11977692450342986,measured_success,303
new_pf,close_pka,close_pka,3000303,637,acid,medium,single,1,1,0,0,1,0,8,5,11.46,5.434404590496937,5.43,0.06359540950306286,439.47430000116583,169.42500000732252,76.11241250106104,measured_success,303
new_ppo,close_pka,close_pka,3000303,637,acid,medium,single,1,1,1,0,1,0,12,6,10.850000000000001,5.534790015694362,5.53,0.03679001569436213,1.1386999976821244,0.18179999460699037,0.11004166602409289,measured_success,303
new_pf,close_pka,close_pka,3000303,638,base,medium,single,1,1,0,0,1,0,11,7,9.960000000000004,5.423977540077949,5.42,0.07897754007794955,561.8589000150678,257.49899999209447,74.48708181883293,measured_success,303
new_ppo,close_pka,close_pka,3000303,638,base,medium,single,1,1,0,0,1,0,6,3,8.979999999999999,5.423435992002727,5.42,0.07843599200272688,0.7281000071088783,0.11600000289035961,0.14068333499987298,measured_success,303
new_pf,close_pka,close_pka,3000303,639,base,near,single,1,1,1,0,1,0,2,2,2.26,3.097651300529061,3.1,0.020348699470938758,55.69560000003548,93.99459999985993,74.8450999999477,measured_success,303
new_ppo,close_pka,close_pka,3000303,639,base,near,single,1,1,0,0,1,0,3,2,2.63,3.048625146437695,3.05,0.06937485356230466,0.34420000156387687,0.03599999763537198,0.1267333330664163,measured_success,303
new_pf,close_pka,close_pka,3000303,640,acid,near,single,1,1,1,0,1,0,2,1,1.25,3.4069490440399264,3.41,0.024050955960073672,6.898400002683047,34.70060000108788,20.799500001885463,measured_success,303
new_ppo,close_pka,close_pka,3000303,640,acid,near,single,1,1,0,0,1,0,4,3,4.15,3.3755880702799343,3.38,0.0554119297200657,0.32300000748364255,0.045000000682193786,0.09200000204145908,measured_success,303
new_pf,close_pka,close_pka,3000303,641,base,far,overlapping,2,0,0,1,0,0,50,47,15.799999999999992,8.63396550170927,8.63,1.6869655017092695,2760.0554999735323,1274.0889999404317,80.68288999827928,max_steps,303
new_ppo,close_pka,close_pka,3000303,641,base,far,overlapping,2,0,0,1,0,0,50,30,20.929999999999986,5.299380014639784,5.3,1.6476199853602163,4.289799966500141,0.8088000322459266,0.10197199997492135,max_steps,303
new_pf,close_pka,close_pka,3000303,642,acid,near,single,1,1,0,0,1,0,4,2,2.05,2.8863097768872485,2.89,0.07030977688724871,246.7369000078179,110.17069999797968,89.2269000014494,measured_success,303
new_ppo,close_pka,close_pka,3000303,642,acid,near,single,1,1,0,0,1,0,8,7,6.359999999999999,2.720200264728156,2.72,0.09579973527184382,0.9716999920783564,0.1508999994257465,0.14032499893801287,measured_success,303
new_pf,close_pka,close_pka,3000303,643,base,medium,overlapping,3,1,0,0,1,0,6,0,5.250000000000001,3.729079525214223,3.73,0.06592047478577712,20.465599998715334,84.9653000041144,17.57181666713829,measured_success,303
new_ppo,close_pka,close_pka,3000303,643,base,medium,overlapping,3,1,0,0,1,0,5,0,5.13,3.7127772185221835,3.71,0.08222278147781648,0.6320999964373186,0.094600000011269,0.14533999928971753,measured_success,303
new_pf,close_pka,close_pka,3000303,644,acid,near,overlapping,3,1,0,0,1,0,4,1,5.359999999999999,2.408215281236557,2.41,0.07178471876344306,54.05859999882523,70.58130000223173,31.15997500026424,measured_success,303
new_ppo,close_pka,close_pka,3000303,644,acid,near,overlapping,3,1,1,0,1,0,2,0,3.8,2.5192529577400515,2.52,0.03925295774005155,0.39259999903151765,0.0320999970426783,0.21234999803709798,measured_success,303
new_pf,close_pka,close_pka,3000303,645,acid,medium,single,1,1,0,0,1,0,4,3,3.31,6.2655775822740285,6.27,0.05842241772597134,169.63390000455547,73.00739999482175,60.660324999844306,measured_success,303
new_ppo,close_pka,close_pka,3000303,645,acid,medium,single,1,1,1,0,1,0,5,3,3.62,6.3136007963673215,6.31,0.010399203632678322,0.37539999902946874,0.05270000110613182,0.08562000002712011,measured_success,303
new_pf,close_pka,close_pka,3000303,646,base,medium,overlapping,2,1,0,0,1,0,5,1,10.629999999999999,6.3984228290190615,6.4,0.08042282901906184,68.535400001565,117.99090000567958,37.305260001448914,measured_success,303
new_ppo,close_pka,close_pka,3000303,646,base,medium,overlapping,2,1,0,0,1,0,5,2,14.04,6.223115082552223,6.22,0.09488491744777683,0.8390000002691522,0.11359999916749075,0.1905199998873286,measured_success,303
new_pf,close_pka,close_pka,3000303,647,base,near,single,1,1,1,0,1,0,2,1,3.04,7.04677802063952,7.05,0.04277802063952052,71.32650000130525,75.03750000614673,73.18200000372599,measured_success,303
new_ppo,close_pka,close_pka,3000303,647,base,near,single,1,1,0,0,1,0,2,2,2.67,6.9417026466504055,6.94,0.062297353349594076,0.31180000223685056,0.039200000173877925,0.17550000120536424,measured_success,303
new_pf,close_pka,close_pka,3000303,648,base,medium,overlapping,3,1,0,0,1,0,9,1,24.31,4.271013562228077,4.27,0.07401356222807731,43.88179999659769,225.85899999830872,29.971199999434045,measured_success,303
new_ppo,close_pka,close_pka,3000303,648,base,medium,overlapping,3,1,0,0,1,0,7,1,24.310000000000002,4.271013562228065,4.27,0.07401356222806488,0.8997999975690618,0.11280000762781128,0.1446571435995533,measured_success,303
new_pf,close_pka,close_pka,3000303,649,acid,near,overlapping,3,1,0,0,1,0,1,0,0.58,4.250755447626558,4.25,0.08875544762655796,2.505099997506477,25.135699994280003,27.64079999178648,measured_success,303
new_ppo,close_pka,close_pka,3000303,649,acid,near,overlapping,3,1,1,0,1,0,2,2,3.1100000000000003,4.166762594248274,4.17,0.004762594248274077,0.22090000129537657,0.024500004656147212,0.12270000297576189,measured_success,303
new_pf,close_pka,close_pka,3000303,650,base,near,overlapping,3,1,0,0,1,0,5,0,2.34,3.9729444249487127,3.97,0.09505557505128692,19.45509999495698,111.09339999529766,26.109699998050928,measured_success,303
new_ppo,close_pka,close_pka,3000303,650,base,near,overlapping,3,1,1,0,1,0,2,0,3.1100000000000003,4.026297141278484,4.03,0.04170285872151602,0.24639999901410192,0.03599999035941437,0.14119999468675815,measured_success,303
new_pf,close_pka,close_pka,3000303,651,acid,near,single,1,1,0,0,1,0,1,1,0.68,6.209215069543067,6.21,0.0717849304569329,2.2039999967091717,26.681199997256044,28.885199993965216,measured_success,303
new_ppo,close_pka,close_pka,3000303,651,acid,near,single,1,1,1,0,1,0,4,2,3.6,6.3003809871427325,6.3,0.01938098714273284,0.41649999184301123,0.06359999679261819,0.12002499715890735,measured_success,303
new_pf,close_pka,close_pka,3000303,652,acid,medium,overlapping,2,1,0,0,1,0,8,0,6.5200000000000005,5.089967489180676,5.09,0.09696748918067577,30.55609999137232,131.74740000249585,20.28793749923352,measured_success,303
new_ppo,close_pka,close_pka,3000303,652,acid,medium,overlapping,2,1,0,0,1,0,11,0,6.500000000000001,5.091291435077638,5.09,0.0982914350776376,1.1042000041925348,0.17859999206848443,0.11661818147827448,measured_success,303
new_pf,close_pka,close_pka,3000303,653,base,medium,single,1,1,0,0,1,0,1,0,2.67,8.42936543548911,8.43,0.08463456451088902,2.2069000042392872,33.14340000360971,35.350300007849,measured_success,303
new_ppo,close_pka,close_pka,3000303,653,base,medium,single,1,1,1,0,1,0,6,1,2.9899999999999998,8.546039996960676,8.55,0.03203999696067683,0.6273000035434961,0.0996999951894395,0.12116666645548928,measured_success,303
new_pf,close_pka,close_pka,3000303,654,base,far,overlapping,3,0,0,0,0,0,50,46,17.13000000000006,7.007162746701397,7.01,0.19883725329860358,2583.823699991626,1200.779800004966,75.69206999993185,max_steps,303
new_ppo,close_pka,close_pka,3000303,654,base,far,overlapping,3,0,0,1,0,0,50,30,35.21000000000002,5.668993073099529,5.67,1.5370069269004718,5.093199964903761,0.9371000196551904,0.12060599969117902,max_steps,303
new_pf,close_pka,close_pka,3000303,655,acid,near,overlapping,2,1,1,0,1,0,2,1,2.9699999999999998,2.969900969361647,2.97,0.019099030638352943,88.2223000007798,42.21049999614479,65.2163999984623,measured_success,303
new_ppo,close_pka,close_pka,3000303,655,acid,near,overlapping,2,1,1,0,1,0,2,1,3.1100000000000003,2.9414250565039515,2.94,0.047574943496048405,0.3012000015587546,0.04150000313529745,0.17135000234702602,measured_success,303
new_pf,close_pka,close_pka,3000303,656,acid,far,single,1,1,1,0,1,0,6,3,9.930000000000001,5.176021860238748,5.18,0.039978139761251974,324.60109999374254,184.54439998458838,84.85758332972182,measured_success,303
new_ppo,close_pka,close_pka,3000303,656,acid,far,single,1,1,1,0,1,0,28,17,35.15,5.200663745479973,5.2,0.015336254520026849,2.806199998303782,0.5104000010760501,0.11844999997785115,measured_success,303
new_pf,close_pka,close_pka,3000303,657,base,medium,overlapping,3,1,0,0,1,0,7,0,10.690000000000001,5.663464682841669,5.66,0.06953531715833083,28.839699996751733,158.48329998698318,26.760428569104988,measured_success,303
new_ppo,close_pka,close_pka,3000303,657,base,medium,overlapping,3,1,0,0,1,0,10,0,10.579999999999997,5.635014709946061,5.64,0.09798529005393863,1.0529000064707361,0.16119999781949446,0.12141000042902306,measured_success,303
new_pf,close_pka,close_pka,3000303,658,acid,far,overlapping,2,1,1,0,1,0,2,2,6.52,2.3604376320973355,2.36,0.0314376320973353,120.42020000080811,73.70169999921927,97.06095000001369,measured_success,303
new_ppo,close_pka,close_pka,3000303,658,acid,far,overlapping,2,1,0,0,1,0,7,4,12.469999999999999,2.392259462726872,2.39,0.06325946272687188,0.884000000951346,0.1821999903768301,0.15231428447545373,measured_success,303
new_pf,close_pka,close_pka,3000303,659,acid,medium,single,1,1,0,0,1,0,2,1,4.3999999999999995,3.3619741780346297,3.36,0.07002582196537022,108.77220000111265,48.95490000490099,78.86355000300682,measured_success,303
new_ppo,close_pka,close_pka,3000303,659,acid,medium,single,1,1,1,0,1,0,2,1,4.24,3.4319739363389106,3.43,2.6063661089370527e-05,0.3578999967430718,0.04099999932805076,0.1994499980355613,measured_success,303
new_pf,close_pka,close_pka,3000303,660,base,medium,overlapping,2,1,1,0,1,0,8,4,12.27,4.983788751814291,4.98,0.014211248185708847,237.83990000083577,212.02210000046762,56.23275000016292,measured_success,303
new_ppo,close_pka,close_pka,3000303,660,base,medium,overlapping,2,1,1,0,1,0,10,4,18.65,4.98522956523086,4.99,0.012770434769140415,1.0649999967426993,0.15810000331839547,0.12231000000610948,measured_success,303
new_pf,close_pka,close_pka,3000303,661,base,medium,single,1,1,0,0,1,0,6,0,13.92,8.431883603109508,8.43,0.05711639689049264,179.26119999901857,148.07009999640286,54.55521666590357,measured_success,303
new_ppo,close_pka,close_pka,3000303,661,base,medium,single,1,1,1,0,1,0,5,0,14.049999999999999,8.459798991091482,8.46,0.029201008908518844,0.613899996096734,0.0903000109246932,0.14084000140428543,measured_success,303
new_pf,close_pka,close_pka,3000303,662,acid,medium,single,1,1,1,0,1,0,3,2,5.870000000000001,6.205723320892615,6.21,0.02272332089261475,95.7503000026918,95.60470000724308,63.78500000331163,measured_success,303
new_ppo,close_pka,close_pka,3000303,662,acid,medium,single,1,1,1,0,1,0,4,2,6.88,6.191367728932054,6.19,0.008367728932054064,0.45259999751579016,0.06889999349368736,0.13037499775236938,measured_success,303
new_pf,close_pka,close_pka,3000303,663,base,near,overlapping,3,1,1,0,1,0,5,3,3.2199999999999998,4.157436733798159,4.16,0.007436733798158457,138.3950000090408,137.80129999940982,55.23926000169013,measured_success,303
new_ppo,close_pka,close_pka,3000303,663,base,near,overlapping,3,1,0,0,1,0,2,2,2.8600000000000003,4.089009440021412,4.09,0.060990559978588266,0.2517000029911287,0.036799996451009065,0.1442499997210689,measured_success,303
new_pf,close_pka,close_pka,3000303,664,base,medium,overlapping,3,1,0,0,1,0,6,0,6.300000000000001,2.471796492625522,2.47,0.09120350737447813,195.63329999073176,116.17479999404168,51.9680166641289,measured_success,303
new_ppo,close_pka,close_pka,3000303,664,base,medium,overlapping,3,1,0,0,1,0,9,0,6.41,2.481299061059884,2.48,0.08170093894011599,1.0098999919136986,0.17559999105287716,0.13172222032961953,measured_success,303
new_pf,close_pka,close_pka,3000303,665,acid,medium,single,1,1,0,0,1,0,3,0,10.08,4.925982066005666,4.93,0.08498206600566593,119.030500005465,96.98000000207685,72.00350000251395,measured_success,303
new_ppo,close_pka,close_pka,3000303,665,acid,medium,single,1,1,0,0,1,0,6,2,12.08,4.926204356651441,4.93,0.08520435665144088,0.5120000059832819,0.06409999332390726,0.09601666655119818,measured_success,303
new_pf,close_pka,close_pka,3000303,666,acid,near,single,1,1,0,0,1,0,5,0,8.25,2.0280133395072166,2.03,0.06501333950721655,83.6736999990535,120.90699998952914,40.91613999771653,measured_success,303
new_ppo,close_pka,close_pka,3000303,666,acid,near,single,1,1,0,0,1,0,5,0,8.120000000000001,2.0365305287130173,2.04,0.07353052871301724,0.6323999987216666,0.09390001650899649,0.14526000304613262,measured_success,303
new_pf,close_pka,close_pka,3000303,667,base,near,single,1,1,1,0,1,0,5,4,8.340000000000002,7.8454323075996175,7.85,0.019567692400382697,286.2507999961963,133.81409999419702,84.01297999807866,measured_success,303
new_ppo,close_pka,close_pka,3000303,667,base,near,single,1,1,0,0,1,0,3,2,3.72,7.799277308235764,7.8,0.06572269176423617,0.26000000070780516,0.031099989428184927,0.09703333004533003,measured_success,303
new_pf,close_pka,close_pka,3000303,668,base,near,single,1,1,0,0,1,0,2,0,1.5899999999999999,2.6207309336324904,2.62,0.08326906636750975,4.49780000053579,37.50439999566879,21.00109999810229,measured_success,303
new_ppo,close_pka,close_pka,3000303,668,base,near,single,1,1,0,0,1,0,1,0,1.67,2.637372284400925,2.64,0.0666277155990751,0.17040000238921493,0.020499996026046574,0.1908999984152615,measured_success,303
new_pf,close_pka,close_pka,3000303,669,base,far,overlapping,2,0,0,0,0,0,50,44,14.969999999999988,7.462929794344575,7.46,0.13507020565542494,2770.174900033453,883.2556000052136,73.06861000077333,max_steps,303
new_ppo,close_pka,close_pka,3000303,669,base,far,overlapping,2,0,0,0,0,0,50,41,19.840000000000053,7.742088207216085,7.74,0.14408820721608517,4.028300012578256,0.6544999632751569,0.09365599951706827,max_steps,303
new_pf,close_pka,close_pka,3000303,670,base,near,single,1,1,0,0,1,0,3,0,1.9700000000000002,2.477286162938795,2.48,0.07971383706120472,11.529499999596737,62.5136000016937,24.68103333376348,measured_success,303
new_ppo,close_pka,close_pka,3000303,670,base,near,single,1,1,1,0,1,0,2,1,2.7199999999999998,2.5845982747446667,2.58,0.027598274744666806,0.3239999932702631,0.04090000584255904,0.18244999955641106,measured_success,303
new_pf,close_pka,close_pka,3000303,671,base,far,single,1,1,0,0,1,0,14,10,16.870000000000005,9.824452278762653,9.82,0.05754772123734675,719.5842999863089,382.8584000002593,78.74590714189773,measured_success,303
new_ppo,close_pka,close_pka,3000303,671,base,far,single,1,1,1,0,1,0,13,8,14.530000000000001,9.857303186301337,9.86,0.024696813698662723,1.5659999990020879,0.24289999419124797,0.1391461533225643,measured_success,303
new_pf,close_pka,close_pka,3000303,672,acid,near,single,1,1,1,0,1,0,2,2,2.48,2.428785989263875,2.43,0.02278598926387465,135.77970000187634,79.11459999741055,107.44714999964344,measured_success,303
new_ppo,close_pka,close_pka,3000303,672,acid,near,single,1,1,1,0,1,0,5,4,5.69,2.4417860162035714,2.44,0.03578601620357125,0.5996000036248006,0.094600000011269,0.13884000072721392,measured_success,303
new_pf,close_pka,close_pka,3000303,673,acid,near,overlapping,2,1,0,0,1,0,9,0,6.759999999999999,4.23293724803459,4.23,0.09293724803459025,41.98709999764105,188.00240002019564,25.554388890870744,measured_success,303
new_ppo,close_pka,close_pka,3000303,673,acid,near,overlapping,2,1,0,0,1,0,12,0,6.790000000000001,4.231093394552454,4.23,0.09109339455245458,1.255600007425528,0.2145999897038564,0.1225166664274487,measured_success,303
new_pf,close_pka,close_pka,3000303,674,acid,near,overlapping,2,1,0,0,1,0,11,0,5.799999999999999,4.8031383902127125,4.8,0.08313839021271274,44.31519999343436,197.37119998899288,21.971490907493386,measured_success,303
new_ppo,close_pka,close_pka,3000303,674,acid,near,overlapping,2,1,0,0,1,0,10,0,5.75,4.805483566137935,4.81,0.08548356613793562,0.8610000077169389,0.13069999840809032,0.09917000061250292,measured_success,303
new_pf,close_pka,close_pka,3000303,675,base,far,overlapping,2,0,0,0,0,0,50,44,20.010000000000048,6.986099117583327,6.99,0.17490088241667223,2786.7829000533675,1030.725300021004,76.35016400148743,max_steps,303
new_ppo,close_pka,close_pka,3000303,675,base,far,overlapping,2,0,0,1,0,0,50,25,36.94,11.401050566263713,11.4,4.240050566263713,5.683700030203909,0.9829000118770637,0.13333200084161945,max_steps,303
new_pf,close_pka,close_pka,3000303,676,base,medium,single,1,1,0,0,1,0,14,8,13.920000000000002,8.179362420508152,8.18,0.09763757949184715,702.3810000027879,374.8632999995607,76.94602142873919,measured_success,303
new_ppo,close_pka,close_pka,3000303,676,base,medium,single,1,1,0,0,1,0,7,4,9.96,8.179889933285303,8.18,0.09711006671469669,0.7959000067785382,0.12910000077681616,0.1321428582221935,measured_success,303
new_pf,close_pka,close_pka,3000303,677,base,far,overlapping,2,0,0,0,0,0,50,46,25.990000000000055,7.140890182080284,7.14,0.3211098179197158,2684.3587999755982,1318.2841999951052,80.05285999941407,max_steps,303
new_ppo,close_pka,close_pka,3000303,677,base,far,overlapping,2,0,0,0,0,0,50,33,26.820000000000036,7.940390167342002,7.94,0.47839016734200257,5.817400000523776,0.9633999870857224,0.13561599975218996,max_steps,303
new_pf,close_pka,close_pka,3000303,678,acid,medium,overlapping,2,1,1,0,1,0,6,0,10.11,3.373743203352306,3.37,0.038743203352305855,120.64629999076715,129.60800000291783,41.7090499989475,measured_success,303
new_ppo,close_pka,close_pka,3000303,678,acid,medium,overlapping,2,1,1,0,1,0,3,1,10.29,3.324573519810598,3.32,0.010426480189401843,0.38779999886173755,0.05319999763742089,0.14699999883305281,measured_success,303
new_pf,close_pka,close_pka,3000303,679,base,far,overlapping,2,1,0,0,1,0,15,7,21.349999999999998,5.042272546766849,5.04,0.06627254676684924,731.3589999976102,360.93399999663234,72.8195333329495,measured_success,303
new_ppo,close_pka,close_pka,3000303,679,base,far,overlapping,2,1,1,0,1,0,9,4,19.799999999999997,4.957864567651953,4.96,0.018135432348047154,1.3709999911952764,0.18869999621529132,0.17329999860117418,measured_success,303
new_pf,close_pka,close_pka,3000303,680,acid,medium,overlapping,2,1,1,0,1,0,3,2,5.920000000000001,4.2952850483755896,4.3,0.04428504837558922,105.11299999052426,77.07570000638952,60.729566665637925,measured_success,303
new_ppo,close_pka,close_pka,3000303,680,acid,medium,overlapping,2,1,1,0,1,0,1,1,4.44,4.212331621747937,4.21,0.03866837825206293,0.17690000095171854,0.019599996448960155,0.1964999974006787,measured_success,303
new_pf,close_pka,close_pka,3000303,681,acid,near,overlapping,2,1,0,0,1,0,6,0,3.12,2.7083986934547166,2.71,0.08139869345471684,28.62629998708144,136.26769999973476,27.482333331136033,measured_success,303
new_ppo,close_pka,close_pka,3000303,681,acid,near,overlapping,2,1,0,0,1,0,2,0,3.1100000000000003,2.709134794626527,2.71,0.08213479462652717,0.3445000038482249,0.03960000321967527,0.19205000353395008,measured_success,303
new_pf,close_pka,close_pka,3000303,682,acid,near,single,1,1,0,0,1,0,2,0,3.41,1.737917366096224,1.74,0.08491736609622391,105.49230000469834,74.50259999313857,89.99744999891846,measured_success,303
new_ppo,close_pka,close_pka,3000303,682,acid,near,single,1,1,1,0,1,0,2,0,4.16,1.670074701266091,1.67,0.017074701266091008,0.323799999023322,0.040700004319660366,0.1822500016714912,measured_success,303
new_pf,close_pka,close_pka,3000303,683,base,far,overlapping,2,0,0,0,0,0,50,45,19.400000000000055,9.084930040105291,9.08,0.37793004010529074,2653.3388999669114,962.1606999717187,72.3099919987726,max_steps,303
new_ppo,close_pka,close_pka,3000303,683,base,far,overlapping,2,0,0,1,0,0,50,29,16.320000000000004,10.240362731491118,10.24,1.533362731491117,5.88120000611525,1.0432999915792607,0.13848999995389022,max_steps,303
new_pf,close_pka,close_pka,3000303,684,base,near,overlapping,3,1,0,0,1,0,3,0,2.66,4.294898875849523,4.29,0.08110112415047777,13.60680000652792,68.35570000112057,27.320833335882828,measured_success,303
new_ppo,close_pka,close_pka,3000303,684,base,near,overlapping,3,1,1,0,1,0,2,1,3.1100000000000003,4.41437709535718,4.41,0.03837709535717959,0.20790000417036936,0.025300003471784294,0.11660000382107683,measured_success,303
new_pf,close_pka,close_pka,3000303,685,acid,near,single,1,1,0,0,1,0,5,4,2.6,3.34344949687452,3.34,0.07544949687452007,316.18879998859484,131.816399996751,89.60103999706917,measured_success,303
new_ppo,close_pka,close_pka,3000303,685,acid,near,single,1,1,0,0,1,0,28,16,23.6,3.3353049677651105,3.34,0.06730496776511075,2.8356999828247353,0.47840001207077876,0.11836071410341122,measured_success,303
new_pf,close_pka,close_pka,3000303,686,acid,near,overlapping,3,1,0,0,1,0,5,1,6.09,3.4635974650632653,3.46,0.07640253493673477,63.04759998602094,79.27349999954458,28.464219997113105,measured_success,303
new_ppo,close_pka,close_pka,3000303,686,acid,near,overlapping,3,1,1,0,1,0,4,0,4.5200000000000005,3.5815798559182586,3.58,0.041579855918258524,0.5569000059040263,0.0810999990790151,0.15950000124576036,measured_success,303
new_pf,close_pka,close_pka,3000303,687,base,near,overlapping,3,1,0,0,1,0,8,0,4.950000000000001,3.5296536949902535,3.53,0.08534630500974671,29.208399981143884,137.94720000441885,20.89444999819534,measured_success,303
new_ppo,close_pka,close_pka,3000303,687,base,near,overlapping,3,1,0,0,1,0,8,0,4.92,3.527384354297821,3.53,0.08761564570217928,0.9359999821754172,0.14849999570287764,0.13556249723478686,measured_success,303
new_pf,close_pka,close_pka,3000303,688,acid,medium,overlapping,2,1,0,0,1,0,3,0,10.48,2.732474528340834,2.73,0.06147452834083422,140.73640000424348,101.56029999780003,80.76556666734784,measured_success,303
new_ppo,close_pka,close_pka,3000303,688,acid,medium,overlapping,2,1,0,0,1,0,4,1,13.0,2.598303552415806,2.6,0.0726964475841938,0.5133000086061656,0.07829999958630651,0.14790000204811804,measured_success,303
new_pf,close_pka,close_pka,3000303,689,base,far,overlapping,3,0,0,0,0,0,50,42,35.78999999999994,6.842610874130884,6.84,0.2583891258691162,2149.078100010229,1134.8967000303674,65.67949600081192,max_steps,303
new_ppo,close_pka,close_pka,3000303,689,base,far,overlapping,3,0,0,1,0,0,50,39,36.73999999999994,7.6442909040033555,7.64,0.5432909040033556,4.603999994287733,0.7941999865579419,0.1079639996169135,max_steps,303
new_pf,close_pka,close_pka,3000303,690,base,near,overlapping,3,1,0,0,1,0,7,0,6.199999999999999,3.6601531208263767,3.66,0.06584687917362331,31.1435999974492,130.61269999161595,23.108042855580738,measured_success,303
new_ppo,close_pka,close_pka,3000303,690,base,near,overlapping,3,1,0,0,1,0,10,0,6.01,3.6305439442550025,3.63,0.09545605574499749,1.0277999899699353,0.17220000881934538,0.11999999987892807,measured_success,303
new_pf,close_pka,close_pka,3000303,691,acid,near,overlapping,3,1,1,0,1,0,2,1,3.71,2.3567031568131185,2.36,0.00929684318688162,73.29520000348566,47.96550000173738,60.63035000261152,measured_success,303
new_ppo,close_pka,close_pka,3000303,691,acid,near,overlapping,3,1,1,0,1,0,2,0,3.1100000000000003,2.4025981256391677,2.4,0.036598125639167645,0.34919999598059803,0.05559999408433214,0.20239999503246509,measured_success,303
new_pf,close_pka,close_pka,3000303,692,acid,medium,overlapping,3,1,0,0,1,0,6,0,15.4,3.326859304438388,3.33,0.06685930443838828,134.37400000111666,153.9582999976119,48.055383333121426,measured_success,303
new_ppo,close_pka,close_pka,3000303,692,acid,medium,overlapping,3,1,1,0,1,0,6,0,15.610000000000001,3.2997374243186037,3.3,0.03973742431860394,0.5952999854343943,0.07900001219240949,0.11238333293780063,measured_success,303
new_pf,close_pka,close_pka,3000303,693,base,medium,single,1,1,0,0,1,0,1,1,2.13,6.406563948670447,6.41,0.0595639486704469,4.844199997023679,59.98909999470925,64.83329999173293,measured_success,303
new_ppo,close_pka,close_pka,3000303,693,base,medium,single,1,1,1,0,1,0,1,1,2.06,6.356339264694077,6.36,0.0093392646940762,0.2215000058640726,0.022799998987466097,0.2443000048515387,measured_success,303
new_pf,close_pka,close_pka,3000303,694,base,medium,single,1,1,1,0,1,0,2,0,5.1,4.252568596121549,4.25,0.0034314038784515333,9.573699993779883,100.50339999725111,55.038549995515496,measured_success,303
new_ppo,close_pka,close_pka,3000303,694,base,medium,single,1,1,1,0,1,0,5,2,8.26,4.233979725447783,4.23,0.02202027455221689,0.597400008700788,0.09890000364976004,0.1392600024701096,measured_success,303
new_pf,close_pka,close_pka,3000303,695,base,far,overlapping,3,1,1,0,1,0,12,6,30.390000000000004,5.680409049075671,5.68,0.008590950924329377,255.11140000162413,278.35050000430783,44.45515833382766,measured_success,303
new_ppo,close_pka,close_pka,3000303,695,base,far,overlapping,3,1,0,0,1,0,16,6,36.96,5.609398192576094,5.61,0.07960180742390577,1.6036999804782681,0.30440001137321815,0.11925624949071789,measured_success,303
new_pf,close_pka,close_pka,3000303,696,acid,medium,single,1,1,0,0,1,0,4,0,7.44,5.827123311327526,5.83,0.060123311327525464,16.2105999988853,86.5676999965217,25.69457499885175,measured_success,303
new_ppo,close_pka,close_pka,3000303,696,acid,medium,single,1,1,0,0,1,0,3,0,7.3500000000000005,5.854855438134718,5.85,0.08785543813471808,0.4636000012396835,0.06369999755406752,0.17576666626458368,measured_success,303
new_pf,close_pka,close_pka,3000303,697,acid,medium,single,1,1,1,0,1,0,3,2,6.65,3.711714610005738,3.71,0.009714610005738145,174.45679999218555,92.50990000145976,88.98889999788177,measured_success,303
new_ppo,close_pka,close_pka,3000303,697,acid,medium,single,1,1,0,0,1,0,3,3,3.91,3.650326272275585,3.65,0.05167372772441503,0.4239000118104741,0.059799996961373836,0.16123333625728264,measured_success,303
new_pf,close_pka,close_pka,3000303,698,base,medium,overlapping,2,1,0,0,1,0,3,2,2.75,5.654726002187987,5.65,0.09427399781201284,66.81650000246009,81.28379999834578,49.36676666693529,measured_success,303
new_ppo,close_pka,close_pka,3000303,698,base,medium,overlapping,2,1,0,0,1,0,3,1,3.8100000000000005,5.800124875761789,5.8,0.051124875761789035,0.36840000393567607,0.05060000694356859,0.13966667029308155,measured_success,303
new_pf,close_pka,close_pka,3000303,699,acid,near,overlapping,3,1,0,0,1,0,3,1,5.28,3.8177437065793605,3.82,0.07225629342063966,72.7201999980025,73.4833999958937,48.734533331298735,measured_success,303
new_ppo,close_pka,close_pka,3000303,699,acid,near,overlapping,3,1,0,0,1,0,3,0,3.91,3.9712207880980257,3.97,0.08122078809802558,0.43340000411262736,0.06469999789260328,0.16603333400174355,measured_success,303
new_pf,close_pka,close_pka,3000303,700,acid,medium,overlapping,3,0,0,0,1,1,15,0,15.610000000000001,3.254195421258033,3.25,0.10319542125803327,65.8703000008245,285.12610000325367,23.39976000027188,measured_success,303
new_ppo,close_pka,close_pka,3000303,700,acid,medium,overlapping,3,1,1,0,1,0,11,0,17.63,3.169604271064121,3.17,0.018604271064121214,1.249000008101575,0.19040001643588766,0.1308545476852239,measured_success,303
new_pf,close_pka,close_pka,3000303,701,base,far,overlapping,3,1,1,0,1,0,3,1,10.34,5.069926813962736,5.07,0.022926813962736325,193.9667999977246,119.61830001382623,104.52836667051695,measured_success,303
new_ppo,close_pka,close_pka,3000303,701,base,far,overlapping,3,1,1,0,1,0,5,3,14.04,5.054679327525919,5.05,0.00767932752591971,0.6168000036268495,0.09229999704984948,0.1418200001353398,measured_success,303
new_pf,close_pka,close_pka,3000303,702,base,far,single,1,1,1,0,1,0,10,8,12.559999999999997,4.405146444535651,4.41,0.014853555464348744,532.1523999955389,239.36649999814108,77.151889999368,measured_success,303
new_ppo,close_pka,close_pka,3000303,702,base,far,single,1,1,1,0,1,0,7,4,6.7,4.392744142981162,4.39,0.02725585701883837,0.5263000057311729,0.07609999738633633,0.08605714330250132,measured_success,303
new_pf,close_pka,close_pka,3000303,703,acid,medium,overlapping,3,1,1,0,1,0,3,0,6.5,3.6839780037115943,3.68,0.03997800371159421,90.00349999405444,101.81890000239946,63.940799998817965,measured_success,303
new_ppo,close_pka,close_pka,3000303,703,acid,medium,overlapping,3,1,0,0,1,0,3,0,6.1,3.7321119162764314,3.73,0.08811191627643122,0.34529999538790435,0.04730000364361331,0.13086666634383923,measured_success,303
new_pf,close_pka,close_pka,3000303,704,acid,medium,overlapping,3,1,1,0,1,0,3,0,8.05,2.088785950508041,2.09,0.03878595050804101,183.78119999397313,95.05679999710992,92.94599999702768,measured_success,303
new_ppo,close_pka,close_pka,3000303,704,acid,medium,overlapping,3,1,1,0,1,0,3,0,8.1,2.080103111841419,2.08,0.030103111841419228,0.36389999877428636,0.05450000026030466,0.13946666634486368,measured_success,303
new_pf,close_pka,close_pka,3000303,705,base,far,overlapping,3,1,1,0,1,0,11,6,23.48,6.837248872665562,6.84,0.01075112733443806,429.18420001660706,314.66020000516437,67.6222181837974,measured_success,303
new_ppo,close_pka,close_pka,3000303,705,base,far,overlapping,3,1,0,0,1,0,9,5,23.330000000000002,6.918951246992918,6.92,0.07095124699291855,0.7696000029682182,0.13800000306218863,0.10084444511448964,measured_success,303
new_pf,close_pka,close_pka,3000303,706,base,near,single,1,1,0,0,1,0,3,2,2.86,5.480381834516628,5.48,0.0756181654833723,69.77710000501247,85.94859999720939,51.908566667407285,measured_success,303
new_ppo,close_pka,close_pka,3000303,706,base,near,single,1,1,0,0,1,0,2,2,2.8600000000000003,5.496199254507594,5.5,0.05980074549240566,0.34779999987222254,0.04040000931126997,0.19410000459174626,measured_success,303
new_pf,close_pka,close_pka,3000303,707,acid,near,single,1,1,1,0,1,0,3,3,3.2299999999999995,2.9279232767187438,2.93,0.020076723281256204,101.71799999807263,79.55490000313148,60.42430000040137,measured_success,303
new_ppo,close_pka,close_pka,3000303,707,acid,near,single,1,1,0,0,1,0,3,3,3.91,2.8492704116608225,2.85,0.09872958833917744,0.35370000114198774,0.05190000229049474,0.13520000114416084,measured_success,303
new_pf,close_pka,close_pka,3000303,708,acid,near,overlapping,3,1,1,0,1,0,5,1,4.79,2.030958674572304,2.03,0.0220413254276961,80.85070001106942,110.71269999229116,38.31268000067212,measured_success,303
new_ppo,close_pka,close_pka,3000303,708,acid,near,overlapping,3,1,0,0,1,0,2,0,3.1100000000000003,2.1235164717767505,2.12,0.07051647177675058,0.1899999988381751,0.02300000051036477,0.10649999967426993,measured_success,303
new_pf,close_pka,close_pka,3000303,709,acid,medium,single,1,1,1,0,1,0,4,4,5.73,7.025317951030475,7.03,0.045317951030474646,165.88869999395683,107.98760000761831,68.46907500039379,measured_success,303
new_ppo,close_pka,close_pka,3000303,709,acid,medium,single,1,1,1,0,1,0,5,3,6.7,6.970358040534611,6.97,0.00964195946538915,0.5074000000604428,0.08449998131254688,0.11837999627459794,measured_success,303
new_pf,close_pka,close_pka,3000303,710,acid,near,overlapping,3,1,0,0,1,0,6,0,4.25,4.025947495441882,4.03,0.09494749544188164,27.81920000415994,133.42319999355823,26.873733332953027,measured_success,303
new_ppo,close_pka,close_pka,3000303,710,acid,near,overlapping,3,1,0,0,1,0,4,0,4.470000000000001,4.00837636702018,4.01,0.07737636702017969,0.4776999994646758,0.06939999730093405,0.13677499919140246,measured_success,303
new_pf,close_pka,close_pka,3000303,711,base,near,overlapping,2,1,0,0,1,0,5,0,2.25,3.8599150965928457,3.86,0.08808490340715425,24.192500008211937,105.29780000797473,25.898060003237333,measured_success,303
new_ppo,close_pka,close_pka,3000303,711,base,near,overlapping,2,0,0,0,1,1,1,0,2.06,3.8460778859701863,3.85,0.10192211402981366,0.2165000041713938,0.021699997887481004,0.23820000205887482,measured_success,303
new_pf,close_pka,close_pka,3000303,712,base,far,overlapping,3,0,0,0,1,1,11,7,17.689999999999998,7.754908979914035,7.75,0.10490897991403436,508.86099999479484,295.6824999928358,73.1403181806937,measured_success,303
new_ppo,close_pka,close_pka,3000303,712,base,far,overlapping,3,0,0,0,0,0,50,46,16.82000000000006,7.389333430279635,7.39,0.2606665697203656,4.778100032126531,0.8705999789526686,0.11297400022158399,max_steps,303
new_pf,close_pka,close_pka,3000303,713,base,medium,single,1,1,1,0,1,0,2,1,3.9499999999999997,3.400600854316669,3.4,0.004600854316668901,9.067700011655688,72.15500000165775,40.61135000665672,measured_success,303
new_ppo,close_pka,close_pka,3000303,713,base,medium,single,1,1,0,0,1,0,1,1,4.02,3.458165992057279,3.46,0.06216599205727924,0.14460000238614157,0.02040000254055485,0.16500000492669642,measured_success,303
new_pf,close_pka,close_pka,3000303,714,base,medium,single,1,1,0,0,1,0,3,0,3.72,3.008147661235154,3.01,0.05785233876484597,114.18950001097983,64.41070000437321,59.53340000511768,measured_success,303
new_ppo,close_pka,close_pka,3000303,714,base,medium,single,1,1,1,0,1,0,2,0,3.8,3.021786404219987,3.02,0.04421359578001294,0.1863000070443377,0.022899999748915434,0.10460000339662656,measured_success,303
new_pf,close_pka,close_pka,3000303,715,acid,medium,overlapping,2,1,1,0,1,0,3,0,7.1,2.220479188281594,2.22,0.0364791882815938,160.29359999811277,90.73129999887897,83.67496666566392,measured_success,303
new_ppo,close_pka,close_pka,3000303,715,acid,medium,overlapping,2,1,1,0,1,0,4,1,9.469999999999999,2.181965273866739,2.18,0.0020347261332611666,0.4405999934533611,0.05730000702897087,0.12447500012058299,measured_success,303
new_pf,close_pka,close_pka,3000303,716,acid,far,single,1,1,0,0,1,0,12,7,13.14,4.284573967758725,4.28,0.06142603224127541,561.3904000128969,246.97419999574777,67.36371666738705,measured_success,303
new_ppo,close_pka,close_pka,3000303,716,acid,far,single,1,0,0,1,0,0,20,14,50.0,6.675751022690802,6.68,2.329751022690802,2.0843999955104664,0.3741999971680343,0.12292999963392504,dose_limit,303
new_pf,close_pka,close_pka,3000303,717,base,medium,overlapping,3,1,1,0,1,0,7,6,9.139999999999999,5.632965454004477,5.63,0.00803454599552289,299.9862999859033,197.83910000842297,71.11791428490376,measured_success,303
new_ppo,close_pka,close_pka,3000303,717,base,medium,overlapping,3,0,0,0,1,1,16,9,11.85,5.7414388059065296,5.74,0.10043880590652954,1.6090000062831677,0.29069998709019274,0.11873124958583503,measured_success,303
new_pf,close_pka,close_pka,3000303,718,acid,medium,overlapping,3,1,0,0,1,0,2,0,5.09,2.332524142135675,2.33,0.06552414213567515,115.39989999437239,49.508600000990555,82.45424999768147,measured_success,303
new_ppo,close_pka,close_pka,3000303,718,acid,medium,overlapping,3,1,0,0,1,0,2,0,5.05,2.340805427242165,2.34,0.07380542724216488,0.3082999974139966,0.04749999789055437,0.1778999976522755,measured_success,303
new_pf,close_pka,close_pka,3000303,719,acid,medium,single,1,0,0,0,1,1,4,0,11.510000000000002,3.1843500612535234,3.18,0.10335006125352342,112.40350001025945,95.80649999406887,52.05250000108208,measured_success,303
new_ppo,close_pka,close_pka,3000303,719,acid,medium,single,1,1,0,0,1,0,6,0,11.67,3.1618330523450267,3.16,0.08083305234502669,0.6713000038871542,0.10180000390391797,0.128850001298512,measured_success,303
new_pf,close_pka,close_pka,3000303,720,acid,near,single,1,1,1,0,1,0,2,1,2.2399999999999998,2.6913461584231833,2.69,0.03065384157681672,63.59810000867583,35.158899998350535,49.37850000351318,measured_success,303
new_ppo,close_pka,close_pka,3000303,720,acid,near,single,1,1,1,0,1,0,2,2,3.1100000000000003,2.725452709122246,2.73,0.003452709122246045,0.19239999528508633,0.022999993234407157,0.10769999425974675,measured_success,303
new_pf,close_pka,close_pka,3000303,721,base,far,overlapping,2,1,0,0,1,0,7,1,21.890000000000004,5.829868222547191,5.83,0.09286822254719063,184.3356999961543,126.73889999859966,44.439228570679134,measured_success,303
new_ppo,close_pka,close_pka,3000303,721,base,far,overlapping,2,0,0,0,0,0,50,45,35.68999999999997,5.851209479700493,5.85,0.11420947970049333,4.6876999840606,0.7598000011057593,0.1089499997033272,max_steps,303
new_pf,close_pka,close_pka,3000303,722,acid,near,overlapping,2,1,1,0,1,0,1,1,1.68,2.4885151228296056,2.49,0.02348487717039438,42.315799997595605,37.76749999815365,80.08329999574926,measured_success,303
new_ppo,close_pka,close_pka,3000303,722,acid,near,overlapping,2,1,1,0,1,0,3,3,3.91,2.470422996167553,2.47,0.041577003832447,0.4065999964950606,0.06030000076862052,0.15563333242122704,measured_success,303
new_pf,close_pka,close_pka,3000303,723,acid,medium,single,1,1,0,0,1,0,4,4,5.279999999999999,6.6971587227888065,6.7,0.06815872278880697,143.63389999198262,82.37419999932172,56.502024997826084,measured_success,303
new_ppo,close_pka,close_pka,3000303,723,acid,medium,single,1,1,1,0,1,0,4,3,4.04,6.589780806762073,6.59,0.03921919323792622,0.4270999925211072,0.05800000508315861,0.12127499940106645,measured_success,303
new_pf,close_pka,close_pka,3000303,724,acid,near,overlapping,3,1,0,0,1,0,2,0,3.1799999999999997,3.416316874963468,3.42,0.07131687496346784,72.01290000375593,51.60729999624891,61.81010000000242,measured_success,303
new_ppo,close_pka,close_pka,3000303,724,acid,near,overlapping,3,1,0,0,1,0,2,0,3.1100000000000003,3.421489218318425,3.42,0.0764892183184247,0.3187000038451515,0.04839999746764079,0.18355000065639615,measured_success,303
new_pf,close_pka,close_pka,3000303,725,acid,far,single,1,1,0,0,1,0,13,10,14.539999999999997,4.443413964271356,4.44,0.08441396427135572,630.4630999948131,242.5319999747444,67.1534692284275,measured_success,303
new_ppo,close_pka,close_pka,3000303,725,acid,far,single,1,0,0,1,0,0,29,18,50.0,6.369821047635055,6.37,2.010821047635055,2.6023999889730476,0.4566999996313825,0.10548620650360103,dose_limit,303
new_pf,close_pka,close_pka,3000303,726,acid,medium,overlapping,2,1,0,0,1,0,7,1,15.23,3.5850452916047493,3.59,0.06995470839525053,100.9083999961149,134.4430000099237,33.62162857229123,measured_success,303
new_ppo,close_pka,close_pka,3000303,726,acid,medium,overlapping,2,1,0,0,1,0,10,0,13.919999999999998,3.728377866374786,3.73,0.07337786637478638,1.234599985764362,0.1663000075495802,0.1400899993313942,measured_success,303
new_pf,close_pka,close_pka,3000303,727,base,near,overlapping,3,1,0,0,1,0,2,0,0.95,2.2759414790043806,2.28,0.07605852099561927,4.908699993393384,36.0378999976092,20.473299995501293,measured_success,303
new_ppo,close_pka,close_pka,3000303,727,base,near,overlapping,3,1,1,0,1,0,1,1,1.67,2.3746777898237665,2.37,0.02267778982376667,0.23820000205887482,0.02099999983329326,0.2592000018921681,measured_success,303
new_pf,close_pka,close_pka,3000303,728,acid,medium,overlapping,2,1,0,0,1,0,3,0,8.469999999999999,2.3120684432068987,2.31,0.07306844320689887,151.19630000117468,60.24459999753162,70.48029999956877,measured_success,303
new_ppo,close_pka,close_pka,3000303,728,acid,medium,overlapping,2,1,1,0,1,0,3,1,8.86,2.222837522825855,2.22,0.016162477174145096,0.25260000256821513,0.03309999738121405,0.09523333331647639,measured_success,303
new_pf,close_pka,close_pka,3000303,729,base,medium,single,1,1,0,0,1,0,3,1,7.0,6.203100854789698,6.2,0.07510085478969764,155.6482000014512,90.37519999401411,82.00779999848844,measured_success,303
new_ppo,close_pka,close_pka,3000303,729,base,medium,single,1,1,0,0,1,0,5,3,10.739999999999998,6.217574213881125,6.22,0.08957421388112508,0.5941999988863245,0.09159999171970412,0.13715999812120572,measured_success,303
new_pf,close_pka,close_pka,3000303,730,acid,medium,overlapping,2,1,0,0,1,0,7,0,22.58,3.0808786190492405,3.08,0.07987861904924065,179.04580000322312,182.72150000120746,51.6810428577758,measured_success,303
new_ppo,close_pka,close_pka,3000303,730,acid,medium,overlapping,2,1,0,0,1,0,7,0,22.53,3.094941089591888,3.09,0.09394108959188818,0.8670999959576875,0.130899999930989,0.14257142798409664,measured_success,303
new_pf,close_pka,close_pka,3000303,731,acid,near,single,1,1,0,0,1,0,1,1,0.74,4.571758111244826,4.57,0.09824188875517414,62.375100002100226,19.277200000942685,81.65230000304291,measured_success,303
new_ppo,close_pka,close_pka,3000303,731,acid,near,single,1,1,1,0,1,0,4,3,4.39,4.644267501439401,4.64,0.02573249856059867,0.2863000045181252,0.043499996536411345,0.08245000026363414,measured_success,303
new_pf,close_pka,close_pka,3000303,732,base,medium,overlapping,2,1,0,0,1,0,6,0,12.43,4.336200861131687,4.34,0.07879913886831336,219.2219999997178,113.66790001193294,55.481650001941794,measured_success,303
new_ppo,close_pka,close_pka,3000303,732,base,medium,overlapping,2,1,0,0,1,0,8,0,12.439999999999998,4.337597814540807,4.34,0.07740218545919308,0.9169999902951531,0.15690002328483388,0.13423750169749837,measured_success,303
new_pf,close_pka,close_pka,3000303,733,acid,near,single,1,1,0,0,1,0,2,0,1.6600000000000001,6.838623511582856,6.84,0.053623511582856054,4.444399994099513,32.1910999919055,18.317749993002508,measured_success,303
new_ppo,close_pka,close_pka,3000303,733,acid,near,single,1,1,1,0,1,0,1,1,2.06,6.740576519560541,6.74,0.044423480439458984,0.20989999757148325,0.016199999663513154,0.2260999972349964,measured_success,303
new_pf,close_pka,close_pka,3000303,734,acid,medium,overlapping,2,1,0,0,1,0,6,2,17.0,3.421971338855501,3.42,0.071971338855501,215.41220000653993,129.80240000615595,57.53576666878265,measured_success,303
new_ppo,close_pka,close_pka,3000303,734,acid,medium,overlapping,2,1,1,0,1,0,8,2,18.27,3.364361412801977,3.36,0.014361412801977114,0.8527999889338389,0.13220000255387276,0.12312499893596396,measured_success,303
new_pf,close_pka,close_pka,3000303,735,base,near,overlapping,3,1,0,0,1,0,4,3,1.8599999999999999,5.2266331207473335,5.23,0.07263312074733363,179.23689999588532,113.82130000129109,73.2645499992941,measured_success,303
new_ppo,close_pka,close_pka,3000303,735,base,near,overlapping,3,1,1,0,1,0,5,3,4.43,5.199730157196253,5.2,0.045730157196253174,0.44130000605946407,0.07529999857069924,0.10332000092603266,measured_success,303
new_pf,close_pka,close_pka,3000303,736,acid,far,single,1,1,0,0,1,0,16,10,22.350000000000005,4.445475762550338,4.45,0.08947576255033773,793.0823999849963,304.2820999980904,68.58528124894292,measured_success,303
new_ppo,close_pka,close_pka,3000303,736,acid,far,single,1,1,0,0,1,0,21,13,29.34000000000001,4.267429592608641,4.27,0.08857040739135869,2.1255999818095006,0.3819999910774641,0.11940952251842689,measured_success,303
new_pf,close_pka,close_pka,3000303,737,acid,near,single,1,1,0,0,1,0,4,0,2.8,7.452473375869374,7.45,0.07547337586937442,9.760599990841001,77.9190999965067,21.919924996836926,measured_success,303
new_ppo,close_pka,close_pka,3000303,737,acid,near,single,1,1,1,0,1,0,2,0,3.1100000000000003,7.412956178673088,7.41,0.035956178673088424,0.3096999935223721,0.0425000034738332,0.17609999849810265,measured_success,303
new_pf,close_pka,close_pka,3000303,738,base,near,single,1,1,0,0,1,0,3,3,4.550000000000001,7.744793237388626,7.74,0.07479323738862576,116.49510000279406,81.40629999252269,65.96713333177225,measured_success,303
new_ppo,close_pka,close_pka,3000303,738,base,near,single,1,1,1,0,1,0,3,2,2.94,7.659966951354848,7.66,0.010033048645151865,0.46010000369278714,0.061700004152953625,0.17393333594858026,measured_success,303
new_pf,close_pka,close_pka,3000303,739,acid,medium,overlapping,2,1,1,0,1,0,2,0,5.13,3.6241068270224854,3.62,0.010106827022485554,134.3773999979021,78.97190000221599,106.67465000005905,measured_success,303
new_ppo,close_pka,close_pka,3000303,739,acid,medium,overlapping,2,1,1,0,1,0,2,0,5.05,3.643894115209857,3.64,0.029894115209857297,0.33850000181701034,0.04069999704370275,0.18959999943035655,measured_success,303
new_pf,close_pka,close_pka,3000303,740,base,medium,single,1,1,1,0,1,0,5,0,6.26,4.275375536754375,4.28,0.03462446324562496,18.49689999653492,82.2045000095386,20.140280001214705,measured_success,303
new_ppo,close_pka,close_pka,3000303,740,base,medium,single,1,1,1,0,1,0,4,1,6.43,4.329740928384702,4.33,0.019740928384702094,0.2853999976650812,0.057600002037361264,0.08574999992561061,measured_success,303
new_pf,close_pka,close_pka,3000303,741,acid,near,single,1,1,0,0,1,0,1,1,2.61,4.620903546498084,4.62,0.06109645350191606,67.76559999707388,59.36890000157291,127.13449999864679,measured_success,303
new_ppo,close_pka,close_pka,3000303,741,acid,near,single,1,1,0,0,1,0,1,0,2.06,4.762029776467896,4.76,0.08002977646789589,0.2131000001099892,0.022000000171829015,0.2351000002818182,measured_success,303
new_pf,close_pka,close_pka,3000303,742,base,medium,overlapping,2,1,1,0,1,0,6,4,10.540000000000001,6.3578744456332625,6.36,0.03012555436673736,219.82339999522083,184.27930001053028,67.35045000095852,measured_success,303
new_ppo,close_pka,close_pka,3000303,742,base,medium,overlapping,2,1,1,0,1,0,5,3,10.579999999999998,6.437983719701153,6.44,0.04998371970115301,0.6555000072694384,0.10130000009667128,0.15136000147322193,measured_success,303
new_pf,close_pka,close_pka,3000303,743,base,near,overlapping,3,1,0,0,1,0,9,0,6.220000000000001,2.6758406485380135,2.68,0.09315935146198662,42.87569998996332,187.032799993176,25.54538888701548,measured_success,303
new_ppo,close_pka,close_pka,3000303,743,base,near,overlapping,3,1,0,0,1,0,10,0,6.1499999999999995,2.6712608748737114,2.67,0.09773912512628868,1.101900008507073,0.19130001601297408,0.1293200024520047,measured_success,303
new_pf,close_pka,close_pka,3000303,744,base,far,single,1,1,1,0,1,0,9,6,13.559999999999999,8.034085392707972,8.03,0.01591460729202865,526.671699990402,279.1448000134551,89.53516666709523,measured_success,303
new_ppo,close_pka,close_pka,3000303,744,base,far,single,1,1,1,0,1,0,10,8,15.16,8.033770979015287,8.03,0.01622902098471357,0.8952999924076721,0.15379999240394682,0.10490999848116189,measured_success,303
new_pf,close_pka,close_pka,3000303,745,acid,medium,single,1,1,1,0,1,0,3,1,4.45,5.059826752897312,5.06,0.0001732471026878457,77.80829999683192,96.12770000239834,57.978666666410085,measured_success,303
new_ppo,close_pka,close_pka,3000303,745,acid,medium,single,1,1,0,0,1,0,2,0,4.24,5.149349393840723,5.15,0.08934939384072305,0.2935999946203083,0.04859999899053946,0.17109999680542387,measured_success,303
new_pf,close_pka,close_pka,3000303,746,acid,medium,single,1,1,0,0,1,0,3,0,5.5600000000000005,5.853663950416156,5.85,0.07366395041615537,14.507299994875211,77.45479999721283,30.654033330696013,measured_success,303
new_ppo,close_pka,close_pka,3000303,746,acid,medium,single,1,1,1,0,1,0,2,0,5.65,5.818212947806753,5.82,0.03821294780675277,0.19079999765381217,0.02239999594166875,0.10659999679774046,measured_success,303
new_pf,close_pka,close_pka,3000303,747,acid,medium,single,1,1,0,0,1,0,10,8,10.64,4.629341958595555,4.63,0.0643419585955547,482.91479999898,171.52519999217475,65.44399999911548,measured_success,303
new_ppo,close_pka,close_pka,3000303,747,acid,medium,single,1,1,1,0,1,0,20,12,36.99,4.604655357518389,4.6,0.03965535751838889,1.6274000008706935,0.286899994534906,0.09571499977027997,measured_success,303
new_pf,close_pka,close_pka,3000303,748,base,near,overlapping,3,1,1,0,1,0,2,0,2.02,4.641038468215692,4.64,0.017961531784307816,4.561800000374205,34.52639999886742,19.544099999620812,measured_success,303
new_ppo,close_pka,close_pka,3000303,748,base,near,overlapping,3,1,1,0,1,0,1,1,2.06,4.659979844244464,4.66,0.0009798442444646227,0.12789999891538173,0.02890000178012997,0.1568000006955117,measured_success,303
new_pf,close_pka,close_pka,3000303,749,acid,medium,single,1,1,0,0,1,0,2,1,3.6500000000000004,1.7521798997516251,1.75,0.07582010024837493,75.38100000238046,39.38900000503054,57.3850000037055,measured_success,303
new_ppo,close_pka,close_pka,3000303,749,acid,medium,single,1,1,1,0,1,0,2,1,3.8,1.7953261699472582,1.8,0.032673830052741826,0.18049999926006421,0.02349999704165384,0.10199999815085903,measured_success,303
new_pf,close_pka,close_pka,3000303,750,base,medium,overlapping,3,1,1,0,1,0,4,2,8.040000000000001,4.5423958980203345,4.54,0.02660410197966545,66.87270000111312,140.63229999737814,51.876249999622814,measured_success,303
new_ppo,close_pka,close_pka,3000303,750,base,medium,overlapping,3,1,1,0,1,0,8,4,11.179999999999998,4.544735546792257,4.54,0.024264453207742953,0.8233999978983775,0.12180001067463309,0.11815000107162632,measured_success,303
new_pf,close_pka,close_pka,3000303,751,base,near,single,1,1,0,0,1,0,5,0,3.77,2.889107969084905,2.89,0.09789203091509524,18.604899996716995,94.30649999558227,22.582279998459853,measured_success,303
new_ppo,close_pka,close_pka,3000303,751,base,near,single,1,1,0,0,1,0,4,0,3.76,2.8878861000594336,2.89,0.09911389994056652,0.5316999959177338,0.08859999798005447,0.15507499847444706,measured_success,303
new_pf,close_pka,close_pka,3000303,752,base,far,single,1,0,0,0,0,0,50,43,17.770000000000053,8.109421432199241,8.11,0.26842143219924086,2720.4917000053683,990.4774000169709,74.21938200044679,max_steps,303
new_ppo,close_pka,close_pka,3000303,752,base,far,single,1,0,0,0,0,0,50,38,25.260000000000034,7.544946152527103,7.54,0.29605384747289687,4.590700009430293,0.7991999882506207,0.10779799995361827,max_steps,303
new_pf,close_pka,close_pka,3000303,753,acid,near,overlapping,2,1,0,0,1,0,1,1,2.04,3.1937456877246344,3.19,0.060254312275365596,57.130399996822234,18.469100003130734,75.59949999995297,measured_success,303
new_ppo,close_pka,close_pka,3000303,753,acid,near,overlapping,2,1,0,0,1,0,1,1,2.06,3.191035613214299,3.19,0.06296438678570082,0.11639999866019934,0.019999999494757503,0.13639999815495685,measured_success,303
new_pf,close_pka,close_pka,3000303,754,base,far,single,1,1,1,0,1,0,5,5,9.4,5.080174452001341,5.08,0.04017445200134073,221.55660000134958,168.16329999710433,77.94397999969078,measured_success,303
new_ppo,close_pka,close_pka,3000303,754,base,far,single,1,1,1,0,1,0,7,4,7.590000000000001,5.011591068839728,5.01,0.02840893116027221,0.8080999978119507,0.1354000050923787,0.13478571470061848,measured_success,303
new_pf,close_pka,close_pka,3000303,755,acid,far,overlapping,2,1,1,0,1,0,7,1,26.630000000000003,2.7113625856937995,2.71,0.016637414306200693,189.0778999950271,174.82860000018263,51.98664285645854,measured_success,303
new_ppo,close_pka,close_pka,3000303,755,acid,far,overlapping,2,0,0,0,1,1,7,1,26.869999999999997,2.6253330489878595,2.63,0.10266695101214074,1.029300008667633,0.16649999452056363,0.17082857188402809,measured_success,303
new_pf,close_pka,close_pka,3000303,756,acid,near,single,1,1,1,0,1,0,4,4,3.22,6.2467331190578985,6.25,0.007733119057898641,131.88110000191955,96.03230000357144,56.978350001372746,measured_success,303
new_ppo,close_pka,close_pka,3000303,756,acid,near,single,1,0,0,0,0,0,50,49,16.839999999999975,6.080428364012111,6.08,0.15857163598788926,5.666199969709851,0.9049000000231899,0.13142199939466082,max_steps,303
new_pf,close_pka,close_pka,3000303,757,base,medium,overlapping,2,1,0,0,1,0,3,2,3.61,5.056544261518393,5.06,0.06945573848160702,12.06129999627592,137.04999999026768,49.7037666621812,measured_success,303
new_ppo,close_pka,close_pka,3000303,757,base,medium,overlapping,2,1,1,0,1,0,4,2,4.14,5.113997152202259,5.11,0.01200284779774119,0.5955999949947,0.07690000347793102,0.16812499961815774,measured_success,303
new_pf,close_pka,close_pka,3000303,758,base,medium,single,1,1,0,0,1,0,4,1,8.12,6.610310995665657,6.61,0.06331099566565701,65.15920000674669,97.82409999752417,40.745825001067715,measured_success,303
new_ppo,close_pka,close_pka,3000303,758,base,medium,single,1,1,1,0,1,0,4,2,6.2700000000000005,6.540244028280426,6.54,0.006755971719573317,0.519900000654161,0.06949999806238338,0.1473499996791361,measured_success,303
new_pf,close_pka,close_pka,3000303,759,acid,medium,single,1,1,1,0,1,0,2,1,4.2,3.299034207782171,3.3,0.016965792217829012,78.88970000203699,48.61260000325274,63.75115000264486,measured_success,303
new_ppo,close_pka,close_pka,3000303,759,acid,medium,single,1,1,0,0,1,0,2,0,3.92,3.3876197145816587,3.39,0.07161971458165883,0.2386999985901639,0.039300008211284876,0.13900000340072438,measured_success,303
new_pf,close_pka,close_pka,3000303,760,acid,near,single,1,1,0,0,1,0,4,1,4.66,4.4041218840764245,4.4,0.056878115923575834,61.071599993738346,61.51110000064364,30.645674998595496,measured_success,303
new_ppo,close_pka,close_pka,3000303,760,acid,near,single,1,1,0,0,1,0,1,1,2.06,4.389412146194347,4.39,0.07158785380565291,0.13519999629352242,0.012899996363557875,0.1480999926570803,measured_success,303
new_pf,close_pka,close_pka,3000303,761,acid,medium,overlapping,2,1,0,0,1,0,13,0,23.560000000000002,4.048875053816737,4.05,0.07887505381673643,110.63740000827238,247.97770000441233,27.58577692405267,measured_success,303
new_ppo,close_pka,close_pka,3000303,761,acid,medium,overlapping,2,1,1,0,1,0,12,0,23.98,4.00914059876129,4.01,0.03914059876128961,1.3045999949099496,0.23610000789631158,0.12839166690052176,measured_success,303
new_pf,close_pka,close_pka,3000303,762,acid,far,single,1,1,0,0,1,0,3,1,8.03,1.8886189590689888,1.89,0.05738104093101115,132.10260000050766,77.91819999692962,70.0069333324791,measured_success,303
new_ppo,close_pka,close_pka,3000303,762,acid,far,single,1,1,0,0,1,0,4,1,8.68,1.8499003743794606,1.85,0.09609962562053931,0.563799992960412,0.07610001193825155,0.1599750012246659,measured_success,303
new_pf,close_pka,close_pka,3000303,763,base,medium,single,1,1,0,0,1,0,14,7,12.520000000000001,9.652677005708828,9.65,0.05367700570882761,749.1020999950706,328.07769998908043,76.94141428458222,measured_success,303
new_ppo,close_pka,close_pka,3000303,763,base,medium,single,1,1,0,0,1,0,11,5,10.499999999999998,9.661325412953914,9.66,0.06232541295391414,1.2555999855976552,0.20619999850168824,0.13289090764539485,measured_success,303
new_pf,close_pka,close_pka,3000303,764,base,near,single,1,1,0,0,1,0,9,5,8.229999999999999,7.2799768920269,7.28,0.07797689202689995,454.38289999583503,228.90020001796074,75.9203444459773,measured_success,303
new_ppo,close_pka,close_pka,3000303,764,base,near,single,1,1,0,0,1,0,18,6,9.159999999999998,7.111275640576514,7.11,0.09072435942348633,1.1823999884654768,0.17410000873496756,0.07536111095558023,measured_success,303
new_pf,close_pka,close_pka,3000303,765,acid,near,overlapping,3,1,0,0,1,0,27,0,18.86,2.94947331788286,2.95,0.09147331788285973,124.28950000321493,530.3066999913426,24.24430370350213,measured_success,303
new_ppo,close_pka,close_pka,3000303,765,acid,near,overlapping,3,1,0,0,1,0,18,0,19.62,2.927365370867383,2.93,0.06936537086738293,2.1091000162414275,0.33930001518456265,0.13602222396811056,measured_success,303
new_pf,close_pka,close_pka,3000303,766,base,near,overlapping,2,1,0,0,1,0,4,0,1.59,4.3274313005865945,4.33,0.07256869941340582,15.888899994024541,82.57350000349106,24.6155999993789,measured_success,303
new_ppo,close_pka,close_pka,3000303,766,base,near,overlapping,2,1,1,0,1,0,1,0,2.06,4.371462603994951,4.37,0.02853739600504923,0.20570000197039917,0.021299994841683656,0.22699999681208283,measured_success,303
new_pf,close_pka,close_pka,3000303,767,acid,medium,single,1,1,0,0,1,0,3,2,5.76,6.232386377049922,6.23,0.08638637704992203,39.562199999636505,73.37650000408757,37.646233334574696,measured_success,303
new_ppo,close_pka,close_pka,3000303,767,acid,medium,single,1,1,1,0,1,0,2,1,4.4,6.138447018160173,6.14,0.007552981839826778,0.3242999955546111,0.050199996621813625,0.18724999608821236,measured_success,303
new_pf,close_pka,close_pka,3000303,768,acid,medium,overlapping,2,1,0,0,1,0,9,1,10.940000000000001,3.4302665371525958,3.43,0.08073346284740435,63.547199992171954,158.0357000202639,24.620322223603985,measured_success,303
new_ppo,close_pka,close_pka,3000303,768,acid,medium,overlapping,2,1,0,0,1,0,8,0,8.649999999999999,3.602427893439616,3.6,0.09142789343961599,0.9891000081552193,0.15329999587265775,0.14280000050348463,measured_success,303
new_pf,close_pka,close_pka,3000303,769,base,far,overlapping,2,0,0,1,0,0,50,46,15.289999999999988,6.6325814256090325,6.63,0.5754185743909677,2047.4808000144549,1327.645700017456,67.50253000063822,max_steps,303
new_ppo,close_pka,close_pka,3000303,769,base,far,overlapping,2,0,0,1,0,0,50,27,39.17000000000001,11.141337299052225,11.14,3.9333372990522246,3.984700008004438,0.6778000097256154,0.09325000035460107,max_steps,303
new_pf,close_pka,close_pka,3000303,770,acid,near,single,1,1,1,0,1,0,2,2,2.96,2.566563585691399,2.57,0.02856358569139905,81.97599999402883,52.22960000537569,67.10279999970226,measured_success,303
new_ppo,close_pka,close_pka,3000303,770,acid,near,single,1,1,0,0,1,0,4,4,5.21,2.6082254287477076,2.61,0.07022542874770776,0.5400000009103678,0.08369999704882503,0.1559249994897982,measured_success,303
new_pf,close_pka,close_pka,3000303,771,base,medium,overlapping,2,1,1,0,1,0,5,1,11.1,3.4195525380130425,3.42,0.008552538013042454,131.4992999905371,117.67469999904279,49.83479999791598,measured_success,303
new_ppo,close_pka,close_pka,3000303,771,base,medium,overlapping,2,1,0,0,1,0,4,1,11.190000000000001,3.468762165977239,3.47,0.05776216597723893,0.4231000057188794,0.06629999552387744,0.12235000031068921,measured_success,303
new_pf,close_pka,close_pka,3000303,772,base,medium,overlapping,2,1,0,0,1,0,14,0,14.139999999999999,3.994393190151471,3.99,0.08760680984852875,114.25449998205295,275.57810000143945,27.8451857131066,measured_success,303
new_ppo,close_pka,close_pka,3000303,772,base,medium,overlapping,2,1,0,0,1,0,21,0,14.009999999999987,3.988133547844469,3.99,0.09386645215553102,2.3788999824319035,0.40109997644321993,0.13238095042262493,measured_success,303
new_pf,close_pka,close_pka,3000303,773,acid,near,overlapping,3,0,0,0,1,1,7,0,5.629999999999999,3.721565737144526,3.72,0.10056573714452588,24.11069998925086,123.92950000503333,21.148599999183457,measured_success,303
new_ppo,close_pka,close_pka,3000303,773,acid,near,overlapping,3,1,0,0,1,0,7,0,5.66,3.7192977879660827,3.72,0.09829778796608268,0.8789999919827096,0.13400001625996083,0.14471428689181007,measured_success,303
new_pf,close_pka,close_pka,3000303,774,base,medium,overlapping,3,1,0,0,1,0,7,0,13.599999999999998,3.613020234257294,3.61,0.07897976574270604,28.279300000576768,135.9392999947886,23.45979999933791,measured_success,303
new_ppo,close_pka,close_pka,3000303,774,base,medium,overlapping,3,1,1,0,1,0,6,1,13.99,3.7360561322585237,3.74,0.04405613225852356,0.7684000083827414,0.11430000449763611,0.14711666881339625,measured_success,303
new_pf,close_pka,close_pka,3000303,775,base,medium,overlapping,2,1,0,0,1,0,5,0,5.56,3.724883498170609,3.72,0.05911650182939088,24.37780000764178,114.3596000110847,27.747480003745295,measured_success,303
new_ppo,close_pka,close_pka,3000303,775,base,medium,overlapping,2,1,1,0,1,0,3,1,5.819999999999999,3.7923876625480784,3.79,0.008387662548078545,0.363199993444141,0.05160000000614673,0.13826666448342925,measured_success,303
new_pf,close_pka,close_pka,3000303,776,base,medium,overlapping,3,1,0,0,1,0,15,0,19.100000000000005,3.073301074420873,3.07,0.08069892557912706,59.568999997281935,269.71450001292396,21.952233334013727,measured_success,303
new_ppo,close_pka,close_pka,3000303,776,base,medium,overlapping,3,1,0,0,1,0,19,0,19.109999999999992,3.0740835235741573,3.07,0.07991647642584265,2.4091000159387477,0.37769999471493065,0.14667368477124623,measured_success,303
new_pf,close_pka,close_pka,3000303,777,base,medium,single,1,1,0,0,1,0,13,9,14.12,5.895946942470033,5.9,0.07294694247003264,686.6472999972757,290.6801999924937,75.1790384607515,measured_success,303
new_ppo,close_pka,close_pka,3000303,777,base,medium,single,1,1,0,0,1,0,19,9,14.54,5.89607969076696,5.9,0.07307969076695997,1.1785999886342324,0.20939998648827896,0.07305263026960586,measured_success,303
new_pf,close_pka,close_pka,3000303,778,base,medium,overlapping,2,1,0,0,1,0,5,1,10.4,3.896991124394619,3.9,0.06799112439461874,57.63360000128159,125.45260000479175,36.61724000121467,measured_success,303
new_ppo,close_pka,close_pka,3000303,778,base,medium,overlapping,2,1,1,0,1,0,8,4,14.749999999999998,3.824166999292089,3.82,0.00483300070791115,0.5056000081822276,0.09419999696547166,0.07497500064346241,measured_success,303
new_pf,close_pka,close_pka,3000303,779,base,near,single,1,1,1,0,1,0,11,7,8.7,7.752145832028843,7.75,0.00014583202884299595,420.3588000018499,289.64770000311546,64.54604545499684,measured_success,303
new_ppo,close_pka,close_pka,3000303,779,base,near,single,1,1,1,0,1,0,7,4,4.41,7.710938232131237,7.71,0.04106176786876237,0.7680999988224357,0.11919999815290794,0.1267571424250491,measured_success,303
new_pf,close_pka,close_pka,3000303,780,acid,medium,overlapping,3,1,0,0,1,0,6,1,8.64,2.858841965120413,2.86,0.08915803487958707,82.30950000142911,145.65489999222336,37.99406666560875,measured_success,303
new_ppo,close_pka,close_pka,3000303,780,acid,medium,overlapping,3,1,0,0,1,0,3,0,5.610000000000001,3.036470510748618,3.04,0.08847051074861811,0.3783000065595843,0.05270000110613182,0.14366666922190538,measured_success,303
new_pf,close_pka,close_pka,3000303,781,base,medium,overlapping,2,1,1,0,1,0,8,7,7.890000000000001,4.930045396114004,4.93,0.016045396114003907,389.39709999249317,219.07039998768596,76.05843749752239,measured_success,303
new_ppo,close_pka,close_pka,3000303,781,base,medium,overlapping,2,1,0,0,1,0,10,5,8.56,4.978444999347197,4.98,0.06444499934719694,1.1918000018340535,0.19479999173199758,0.1386599993566051,measured_success,303
new_pf,close_pka,close_pka,3000303,782,acid,medium,single,1,1,0,0,1,0,7,0,9.680000000000001,6.366341281820416,6.37,0.09034128182041634,30.358399999386165,144.60749999125255,24.995128570091246,measured_success,303
new_ppo,close_pka,close_pka,3000303,782,acid,medium,single,1,1,1,0,1,0,9,1,10.22,6.274554814818069,6.27,0.0014451851819305972,0.9613999936846085,0.16820000018924475,0.12551111043042815,measured_success,303
new_pf,close_pka,close_pka,3000303,783,base,near,single,1,1,1,0,1,0,5,4,4.949999999999999,5.86923976228185,5.87,0.02776023771814984,279.0013999983785,145.49849999457365,84.89997999859042,measured_success,303
new_ppo,close_pka,close_pka,3000303,783,base,near,single,1,0,0,1,0,0,50,24,37.02,5.185119762565213,5.19,0.7118802374347872,4.779499970027246,0.8433000257355161,0.11245599991525523,max_steps,303
new_pf,close_pka,close_pka,3000303,784,acid,near,single,1,1,0,0,1,0,3,0,3.8600000000000003,8.660741990367299,8.66,0.06274199036729833,127.13179999991553,58.30049999349285,61.81076666446946,measured_success,303
new_ppo,close_pka,close_pka,3000303,784,acid,near,single,1,0,0,0,0,0,50,0,0.9100000000000005,9.048378121487673,9.05,0.4503781214876721,4.137800002354197,0.7159000015235506,0.09707400007755496,max_steps,303
new_pf,close_pka,close_pka,3000303,785,base,medium,overlapping,3,1,0,0,1,0,11,0,14.42,4.962529464507048,4.96,0.07747053549295213,52.83799998869654,223.31180000765016,25.104527272395156,measured_success,303
new_ppo,close_pka,close_pka,3000303,785,base,medium,overlapping,3,1,0,0,1,0,16,0,14.339999999999993,4.951668642781174,4.95,0.08833135721882623,1.7168999984278344,0.3034999899682589,0.12627499927475583,measured_success,303
new_pf,close_pka,close_pka,3000303,786,base,near,single,1,1,1,0,1,0,4,4,5.0,8.276119851221075,8.28,0.0018801487789250615,121.7043999931775,118.91849999665283,60.15572499745758,measured_success,303
new_ppo,close_pka,close_pka,3000303,786,base,near,single,1,1,0,0,1,0,1,1,2.06,8.345938028269853,8.35,0.06793802826985207,0.21519999427255243,0.020200001017656177,0.2353999952902086,measured_success,303
new_pf,close_pka,close_pka,3000303,787,base,near,overlapping,3,1,0,0,1,0,4,0,2.14,2.274334840583882,2.27,0.08666515941611808,18.477400008123368,94.6269999985816,28.27610000167624,measured_success,303
new_ppo,close_pka,close_pka,3000303,787,base,near,overlapping,3,1,1,0,1,0,2,0,2.7199999999999998,2.3300217564938484,2.33,0.03097824350615186,0.3039999937755056,0.043100008042529225,0.1735500009090174,measured_success,303
new_pf,close_pka,close_pka,3000303,788,base,medium,single,1,1,1,0,1,0,1,0,3.04,6.4968716878013115,6.5,0.04512831219868829,4.743800003780052,55.85350000183098,60.59730000561103,measured_success,303
new_ppo,close_pka,close_pka,3000303,788,base,medium,single,1,1,0,0,1,0,5,4,7.279999999999999,6.485068326624663,6.49,0.056931673375336445,0.5350999999791384,0.07970001024659723,0.12296000204514712,measured_success,303
new_pf,close_pka,close_pka,3000303,789,acid,medium,overlapping,3,1,1,0,1,0,1,0,2.17,3.558964700162565,3.56,0.0229647001625648,4.161499993642792,44.08250000415137,48.24399999779416,measured_success,303
new_ppo,close_pka,close_pka,3000303,789,acid,medium,overlapping,3,1,1,0,1,0,1,0,2.06,3.58197456444947,3.58,0.04597456444947001,0.3620999996201135,0.02059999678749591,0.38269999640760943,measured_success,303
new_pf,close_pka,close_pka,3000303,790,base,near,overlapping,2,1,1,0,1,0,4,1,5.63,5.345894913761754,5.35,0.007894913761753664,145.80189999833237,110.05960000329651,63.96537500040722,measured_success,303
new_ppo,close_pka,close_pka,3000303,790,base,near,overlapping,2,1,1,0,1,0,3,1,3.72,5.374152945150534,5.37,0.036152945150534244,0.45000000682193786,0.057000004744622856,0.16900000385552025,measured_success,303
new_pf,close_pka,close_pka,3000303,791,acid,near,overlapping,2,1,1,0,1,0,1,0,2.72,4.287054934950323,4.29,0.017054934950323286,54.3930999992881,34.32740000425838,88.72050000354648,measured_success,303
new_ppo,close_pka,close_pka,3000303,791,acid,near,overlapping,2,1,1,0,1,0,2,1,3.1100000000000003,4.2251335363640266,4.23,0.04486646363597302,0.2905000073951669,0.040700004319660366,0.16560000585741363,measured_success,303
new_pf,close_pka,close_pka,3000303,792,base,near,single,1,1,0,0,1,0,4,0,2.11,4.961915871867657,4.96,0.06808412813234366,18.849899992346764,84.66870000847848,25.87965000020631,measured_success,303
new_ppo,close_pka,close_pka,3000303,792,base,near,single,1,1,0,0,1,0,1,0,2.06,4.9562583070740605,4.96,0.0737416929259398,0.22090000129537657,0.021200001356191933,0.2421000026515685,measured_success,303
new_pf,close_pka,close_pka,3000303,793,acid,medium,single,1,1,0,0,1,0,2,1,3.13,7.210875846397755,7.21,0.05812415360224499,65.60570000146981,72.75549999758368,69.18059999952675,measured_success,303
new_ppo,close_pka,close_pka,3000303,793,acid,medium,single,1,1,1,0,1,0,2,1,3.16,7.256230558808028,7.26,0.01276944119197232,0.1886000027297996,0.023299995518755168,0.10594999912427738,measured_success,303
new_pf,close_pka,close_pka,3000303,794,acid,near,overlapping,3,1,1,0,1,0,3,3,3.26,2.9127727024289785,2.91,0.02822729757102138,88.40139998937957,80.75280000048224,56.38473332995394,measured_success,303
new_ppo,close_pka,close_pka,3000303,794,acid,near,overlapping,3,1,1,0,1,0,4,4,5.08,2.9465180226116905,2.95,0.005518022611690654,0.6243000098038465,0.091200003225822,0.17887500325741712,measured_success,303
new_pf,close_pka,close_pka,3000303,795,base,near,single,1,1,1,0,1,0,5,4,3.46,3.190015321563667,3.19,0.01598467843633289,151.6482000151882,137.5971000015852,57.84906000335468,measured_success,303
new_ppo,close_pka,close_pka,3000303,795,base,near,single,1,0,0,0,1,1,11,10,5.22,3.1056559506671952,3.11,0.10034404933280472,1.3866000081179664,0.22080000780988485,0.1461272741752592,measured_success,303
new_pf,close_pka,close_pka,3000303,796,base,far,single,1,1,1,0,1,0,7,5,14.73,7.479512105263204,7.48,0.03551210526320414,368.7073999972199,216.3938000012422,83.58588571406601,measured_success,303
new_ppo,close_pka,close_pka,3000303,796,base,far,single,1,1,0,0,1,0,12,5,15.499999999999998,7.518370612277678,7.52,0.07437061227767838,1.3999999937368557,0.20740000036312267,0.13394999950833153,measured_success,303
new_pf,close_pka,close_pka,3000303,797,base,medium,single,1,1,0,0,1,0,11,7,10.66,4.8109808174051345,4.81,0.09798081740513442,611.2620999992942,254.12810000852915,78.67183636434757,measured_success,303
new_ppo,close_pka,close_pka,3000303,797,base,medium,single,1,1,0,0,1,0,6,2,9.049999999999999,4.6340591990255575,4.63,0.07894080097444256,0.6847999975434504,0.1368999874102883,0.13694999749228978,measured_success,303
new_pf,close_pka,close_pka,3000303,798,base,medium,overlapping,2,1,1,0,1,0,7,0,10.930000000000001,5.452250497336875,5.45,0.04774950266312494,71.00019999779761,139.2242000074475,30.032057143606444,measured_success,303
new_ppo,close_pka,close_pka,3000303,798,base,medium,overlapping,2,1,0,0,1,0,4,0,10.82,5.426553186448256,5.43,0.07344681355174387,0.49229999422095716,0.0712000037310645,0.14087499948800541,measured_success,303
new_pf,close_pka,close_pka,3000303,799,acid,medium,single,1,1,1,0,1,0,5,3,10.22,4.125057884194764,4.13,0.005942115805236625,173.5601000036695,133.07239999994636,61.32650000072317,measured_success,303
new_ppo,close_pka,close_pka,3000303,799,acid,medium,single,1,1,1,0,1,0,4,1,11.129999999999999,4.088649481106138,4.09,0.04235051889386199,0.2859000087482855,0.04310000076657161,0.08225000237871427,measured_success,303
new_pf,close_pka,close_pka,3000303,800,acid,medium,single,1,1,1,0,1,0,8,5,6.8500000000000005,5.120764101135869,5.12,0.04623589886413093,337.21509999304544,148.19980000174837,60.67686249934923,measured_success,303
new_ppo,close_pka,close_pka,3000303,800,acid,medium,single,1,1,1,0,1,0,10,5,8.790000000000001,5.121414349421114,5.12,0.04558565057888586,0.7015000010142103,0.11589999485295266,0.0817399995867163,measured_success,303
new_pf,close_pka,close_pka,3000303,801,base,far,single,1,1,1,0,1,0,5,1,21.64,5.889692661701297,5.89,0.034692661701296146,58.36509999789996,194.73079999443144,50.61917999846628,measured_success,303
new_ppo,close_pka,close_pka,3000303,801,base,far,single,1,1,1,0,1,0,12,5,27.720000000000002,5.890507775231413,5.89,0.03550777523141235,1.5533999903709628,0.23269999655894935,0.14884166557749268,measured_success,303
new_pf,close_pka,close_pka,3000303,802,base,medium,overlapping,2,1,0,0,1,0,16,0,16.640000000000004,2.985722089335482,2.99,0.09627791066451774,72.91819999954896,309.6734999999171,23.91198124996663,measured_success,303
new_ppo,close_pka,close_pka,3000303,802,base,medium,overlapping,2,1,0,0,1,0,21,0,16.68999999999999,2.988519264101569,2.99,0.09348073589843064,2.42239999352023,0.4067999907420017,0.134723808774392,measured_success,303
new_pf,close_pka,close_pka,3000303,803,acid,near,overlapping,3,1,0,0,1,0,25,0,18.55,3.0083075062790456,3.01,0.08830750627904571,98.72190000896808,415.4712000017753,20.567724000429735,measured_success,303
new_ppo,close_pka,close_pka,3000303,803,acid,near,overlapping,3,1,0,0,1,0,18,0,19.750000000000004,2.9704470826591542,2.97,0.05044708265915432,1.7407999839633703,0.28890000976389274,0.11276111076262572,measured_success,303
new_pf,close_pka,close_pka,3000303,804,acid,near,single,1,1,1,0,1,0,4,2,1.6199999999999999,8.908244678620186,8.91,0.011244678620185411,80.33819999400293,78.58499999565538,39.73079999741458,measured_success,303
new_ppo,close_pka,close_pka,3000303,804,acid,near,single,1,1,0,0,1,0,11,0,0.10999999999999999,8.993918216645625,8.99,0.09691821664562461,1.5347000007750466,0.23910000891191885,0.1612545463351787,measured_success,303
new_pf,close_pka,close_pka,3000303,805,acid,medium,single,1,0,0,0,1,1,7,0,7.57,7.504319512850477,7.5,0.10331951285047758,24.709100005566142,115.18190000060713,19.984428572310467,measured_success,303
new_ppo,close_pka,close_pka,3000303,805,acid,medium,single,1,1,0,0,1,0,7,0,7.710000000000001,7.48624691874236,7.49,0.08524691874236012,0.9948000006261282,0.15150001127040014,0.1637571445566469,measured_success,303
new_pf,close_pka,close_pka,3000303,806,acid,far,single,1,1,1,0,1,0,8,6,12.75,3.198171177818411,3.2,0.005171177818410921,424.2382000084035,171.67950001021381,74.48971250232717,measured_success,303
new_ppo,close_pka,close_pka,3000303,806,acid,far,single,1,1,1,0,1,0,9,5,18.59,3.1911487076571827,3.19,0.0018512923428173345,0.8996999968076125,0.16020000475691631,0.1177666668405032,measured_success,303
new_pf,close_pka,close_pka,3000303,807,acid,medium,overlapping,2,1,0,0,1,0,10,0,18.1,1.5713316506396193,1.57,0.06233165063961943,207.46269998926437,221.9974000036018,42.946009999286616,measured_success,303
new_ppo,close_pka,close_pka,3000303,807,acid,medium,overlapping,2,1,0,0,1,0,9,0,17.62,1.5882526709145095,1.59,0.0792526709145096,0.9408999976585619,0.1494999960414134,0.12115555485555281,measured_success,303
new_pf,close_pka,close_pka,3000303,808,base,medium,single,1,0,0,1,0,0,50,47,11.569999999999991,8.909062482876834,8.91,2.997062482876834,2547.785800008569,990.5648999992991,70.76701400015736,max_steps,303
new_ppo,close_pka,close_pka,3000303,808,base,medium,single,1,0,0,1,0,0,50,28,23.359999999999992,5.147226360612024,5.15,0.7647736393879763,4.912999989755917,0.8694000134710222,0.11564800006453879,max_steps,303
new_pf,close_pka,close_pka,3000303,809,acid,near,single,1,1,0,0,1,0,2,1,1.8900000000000001,3.445022137448359,3.45,0.07497786255164085,110.90490000060527,73.32200000382727,92.11345000221627,measured_success,303
new_ppo,close_pka,close_pka,3000303,809,acid,near,single,1,1,1,0,1,0,4,3,4.39,3.496818750777983,3.5,0.02318124922201692,0.6051999880583026,0.15500000154133886,0.19004999739991035,measured_success,303
new_pf,close_pka,close_pka,3000303,810,acid,medium,overlapping,2,1,1,0,1,0,2,1,4.5,3.6101183488592694,3.61,0.005881651140730693,109.93069999676663,79.24949999869568,94.59009999773116,measured_success,303
new_ppo,close_pka,close_pka,3000303,810,acid,medium,overlapping,2,1,0,0,1,0,2,0,4.24,3.6787525075207377,3.68,0.06275250752073758,0.3144000002066605,0.04049999552080408,0.17744999786373228,measured_success,303
new_pf,close_pka,close_pka,3000303,811,acid,near,overlapping,2,1,1,0,1,0,2,1,1.7999999999999998,2.8655137156534236,2.87,0.030486284346576298,101.04440000577597,65.9282999986317,83.48635000220384,measured_success,303
new_ppo,close_pka,close_pka,3000303,811,acid,near,overlapping,2,1,1,0,1,0,4,2,4.39,2.9019134113176186,2.9,0.005913411317618689,0.5050000036135316,0.07669999467907473,0.14542499957315158,measured_success,303
new_pf,close_pka,close_pka,3000303,812,acid,near,overlapping,3,1,1,0,1,0,10,0,10.530000000000001,2.9109079293623283,2.91,0.006907929362328424,103.61029997875448,210.27789999789093,31.38881999766454,measured_success,303
new_ppo,close_pka,close_pka,3000303,812,acid,near,overlapping,3,1,0,0,1,0,10,0,9.22,2.989617301222874,2.99,0.08561730122287425,1.0957999984384514,0.1753999968059361,0.12711999952443875,measured_success,303
new_pf,close_pka,close_pka,3000303,813,base,far,single,1,0,0,1,0,0,50,44,20.91000000000006,6.659889881473163,6.66,0.5541101185268378,1553.7949000572553,1196.4262999536004,55.004424000217114,max_steps,303
new_ppo,close_pka,close_pka,3000303,813,base,far,single,1,0,0,0,0,0,50,47,17.760000000000062,7.377388890995917,7.38,0.16338889099591647,3.774900033022277,0.622000006842427,0.08793800079729408,max_steps,303
new_pf,close_pka,close_pka,3000303,814,base,medium,single,1,1,0,0,1,0,2,1,5.88,6.724953849395451,6.72,0.0829538493954507,39.39430000173161,45.28489999938756,42.339600000559585,measured_success,303
new_ppo,close_pka,close_pka,3000303,814,base,medium,single,1,1,1,0,1,0,2,0,5.75,6.602173329414168,6.6,0.03982667058583278,0.33030000486178324,0.04060000355821103,0.18545000420999713,measured_success,303
new_pf,close_pka,close_pka,3000303,815,acid,near,overlapping,2,1,0,0,1,0,2,1,2.39,5.077397585740041,5.08,0.09760241425995897,57.93220000487054,56.79759999475209,57.364899999811314,measured_success,303
new_ppo,close_pka,close_pka,3000303,815,acid,near,overlapping,2,1,1,0,1,0,2,2,3.1100000000000003,5.181602410705391,5.18,0.0066024107053914705,0.33200000325450674,0.03909999941242859,0.18555000133346766,measured_success,303
new_pf,close_pka,close_pka,3000303,816,base,medium,single,1,1,1,0,1,0,8,6,10.200000000000003,9.060975755571231,9.06,0.035024244428768725,395.64850000169827,248.9129999958095,80.57018749968847,measured_success,303
new_ppo,close_pka,close_pka,3000303,816,base,medium,single,1,1,0,0,1,0,5,4,8.05,9.044235189144686,9.04,0.051764810855313925,0.7705000025453046,0.10540000948822126,0.17518000240670517,measured_success,303
new_pf,close_pka,close_pka,3000303,817,acid,near,single,1,1,1,0,1,0,2,0,1.24,6.986769429929279,6.99,0.037769429929278786,9.737899999890942,58.627999998861924,34.18294999937643,measured_success,303
new_ppo,close_pka,close_pka,3000303,817,acid,near,single,1,1,1,0,1,0,3,3,3.5400000000000005,6.931137624595385,6.93,0.017862375404614994,0.4064999957336113,0.07149999146349728,0.15933332906570286,measured_success,303
new_pf,close_pka,close_pka,3000303,818,acid,medium,overlapping,3,1,0,0,1,0,8,0,14.11,1.9989464468067761,2.0,0.0669464468067762,189.23519999952987,149.7241999968537,42.36992499954795,measured_success,303
new_ppo,close_pka,close_pka,3000303,818,acid,medium,overlapping,3,1,0,0,1,0,8,0,13.94,2.01071744017138,2.01,0.07871744017137994,0.9773999991011806,0.14740000915480778,0.14060000103199854,measured_success,303
new_pf,close_pka,close_pka,3000303,819,base,medium,overlapping,2,1,1,0,1,0,8,0,12.03,3.6009382256970914,3.6,0.04106177430290847,31.522499994025566,151.08730000065407,22.826224999334954,measured_success,303
new_ppo,close_pka,close_pka,3000303,819,base,medium,overlapping,2,1,0,0,1,0,9,0,11.989999999999998,3.590549738113415,3.59,0.05145026188658486,0.8985000094980933,0.15180001355474815,0.11670000256142682,measured_success,303
new_pf,close_pka,close_pka,3000303,820,acid,far,single,1,1,0,0,1,0,4,2,14.29,3.1251304873764516,3.13,0.06313048737645177,248.1812000114587,91.81249998800922,84.99842499986698,measured_success,303
new_ppo,close_pka,close_pka,3000303,820,acid,far,single,1,1,1,0,1,0,8,4,14.069999999999997,3.074578990201009,3.07,0.012578990201009166,0.931399998080451,0.15010000061010942,0.13518749983632006,measured_success,303
new_pf,close_pka,close_pka,3000303,821,acid,near,overlapping,2,1,0,0,1,0,4,3,3.0100000000000002,2.7207779791109745,2.72,0.09422202088902543,251.7907999936142,115.47930000233464,91.81752499898721,measured_success,303
new_ppo,close_pka,close_pka,3000303,821,acid,near,overlapping,2,1,0,0,1,0,30,29,12.739999999999986,2.7163575064153402,2.72,0.09864249358465971,2.6525999783189036,0.4561000023386441,0.10362333268858492,measured_success,303
new_pf,close_pka,close_pka,3000303,822,acid,medium,single,1,1,1,0,1,0,9,6,12.110000000000001,3.952224112154328,3.95,0.027224112154327962,440.1572000060696,177.4967000092147,68.62821111280937,measured_success,303
new_ppo,close_pka,close_pka,3000303,822,acid,medium,single,1,1,0,0,1,0,17,9,22.41,3.846401507031592,3.85,0.07859849296840782,1.4831000007689,0.237300009757746,0.10120000061921447,measured_success,303
new_pf,close_pka,close_pka,3000303,823,base,medium,single,1,1,1,0,1,0,2,1,3.32,5.913441253846418,5.91,0.008441253846418029,56.50620000233175,65.1653000022634,60.83575000229757,measured_success,303
new_ppo,close_pka,close_pka,3000303,823,base,medium,single,1,1,1,0,1,0,4,4,7.54,5.898710844715243,5.9,0.006289155284757264,0.32190000638365746,0.041999992390628904,0.09097499969357159,measured_success,303
new_pf,close_pka,close_pka,3000303,824,base,near,single,1,1,0,0,1,0,3,0,1.5,8.144602783064833,8.14,0.08639721693516655,10.700400009227451,66.51820000115549,25.739533336794313,measured_success,303
new_ppo,close_pka,close_pka,3000303,824,base,near,single,1,0,0,0,0,0,50,0,0.5000000000000002,8.028464866214385,8.03,0.20253513378561472,6.468499974289443,0.989399995887652,0.1491579994035419,max_steps,303
new_pf,close_pka,close_pka,3000303,825,acid,medium,overlapping,2,1,0,0,1,0,9,0,18.39,1.7633165512316724,1.76,0.08631655123167237,224.67820000747452,210.36999998614192,48.338688888179604,measured_success,303
new_ppo,close_pka,close_pka,3000303,825,acid,medium,overlapping,2,1,0,0,1,0,8,0,18.2,1.773170446879492,1.77,0.09617044687949194,0.8731999914743938,0.1593000051798299,0.12906249958177796,measured_success,303
new_pf,close_pka,close_pka,3000303,826,acid,medium,overlapping,3,1,0,0,1,0,5,0,11.38,2.1788905359370645,2.18,0.09289053593706464,220.51039999496425,144.76210001157597,73.05450000130804,measured_success,303
new_ppo,close_pka,close_pka,3000303,826,acid,medium,overlapping,3,1,1,0,1,0,4,0,11.83,2.1240696714881135,2.12,0.03806967148811369,0.49339999532094225,0.07419999019475654,0.1418999963789247,measured_success,303
new_pf,close_pka,close_pka,3000303,827,base,medium,overlapping,2,1,1,0,1,0,7,4,5.2,4.680157979256228,4.68,0.014842020743772721,231.20260000723647,175.82030000630766,58.14612857336345,measured_success,303
new_ppo,close_pka,close_pka,3000303,827,base,medium,overlapping,2,1,0,0,1,0,5,5,5.11,4.7794915696599745,4.78,0.08449156965997418,0.6248999925446697,0.09799998952075839,0.1445799964130856,measured_success,303
new_pf,close_pka,close_pka,3000303,828,acid,medium,overlapping,3,1,0,0,1,0,3,0,7.31,1.904399064561292,1.9,0.0893990645612921,107.16669999965234,74.77559999824734,60.64743333263323,measured_success,303
new_ppo,close_pka,close_pka,3000303,828,acid,medium,overlapping,3,1,1,0,1,0,5,0,8.120000000000001,1.8308138152008508,1.83,0.0158138152008509,0.542099995072931,0.08250000973930582,0.12492000096244738,measured_success,303
new_pf,close_pka,close_pka,3000303,829,acid,medium,single,1,1,0,0,1,0,5,0,12.32,1.8962099430896888,1.9,0.07720994308968887,141.61789999343455,103.7607999969623,49.07573999807937,measured_success,303
new_ppo,close_pka,close_pka,3000303,829,acid,medium,single,1,1,1,0,1,0,5,0,12.81,1.8537222033815173,1.85,0.034722203381517325,0.6496999994851649,0.10090000432683155,0.15012000076239929,measured_success,303
new_pf,close_pka,close_pka,3000303,830,acid,near,overlapping,2,1,0,0,1,0,3,1,4.08,3.4973409244529297,3.5,0.0796590755470703,77.8433999948902,93.02419999585254,56.95586666358091,measured_success,303
new_ppo,close_pka,close_pka,3000303,830,acid,near,overlapping,2,1,1,0,1,0,1,1,2.06,3.556680938465301,3.56,0.020319061534698868,0.2201999959652312,0.020700004824902862,0.24090000079013407,measured_success,303
new_pf,close_pka,close_pka,3000303,831,base,medium,single,1,1,1,0,1,0,1,1,4.05,5.966419624069463,5.97,0.010419624069462508,2.2414000050048344,38.48609999840846,40.7275000034133,measured_success,303
new_ppo,close_pka,close_pka,3000303,831,base,medium,single,1,1,1,0,1,0,1,1,4.02,5.959680465589512,5.96,0.003680465589511961,0.11100000119768083,0.014199998986441642,0.12520000018412247,measured_success,303
new_pf,close_pka,close_pka,3000303,832,base,medium,single,1,1,0,0,1,0,7,0,11.86,6.388199155799541,6.39,0.06480084420045973,58.95490000693826,136.0350999966613,27.85571428622851,measured_success,303
new_ppo,close_pka,close_pka,3000303,832,base,medium,single,1,1,1,0,1,0,4,1,12.280000000000001,6.478002428477637,6.48,0.025002428477637118,0.5300999982864596,0.07330000516958535,0.15085000086401124,measured_success,303
new_pf,close_pka,close_pka,3000303,833,base,near,overlapping,3,1,0,0,1,0,3,0,2.5799999999999996,2.963082763754615,2.96,0.09491723624538473,90.48319999419618,56.59140000352636,49.02486666590752,measured_success,303
new_ppo,close_pka,close_pka,3000303,833,base,near,overlapping,3,1,0,0,1,0,2,0,2.7199999999999998,2.9773907432865867,2.98,0.08060925671341312,0.34389999927952886,0.04230000195093453,0.1931000006152317,measured_success,303
new_pf,close_pka,close_pka,3000303,834,acid,medium,overlapping,3,1,0,0,1,0,7,0,16.84,1.6846573857782259,1.68,0.09765738577822591,175.9608000065782,148.17730000504525,46.30544285880335,measured_success,303
new_ppo,close_pka,close_pka,3000303,834,acid,medium,overlapping,3,1,0,0,1,0,7,0,17.6,1.646946491931593,1.65,0.05994649193159307,0.8046000148169696,0.1297999988310039,0.1334857162354248,measured_success,303
new_pf,close_pka,close_pka,3000303,835,base,near,overlapping,3,1,1,0,1,0,2,1,1.5,3.5811669569280067,3.58,0.035166956928006865,72.14999999996508,83.24760000687093,77.698800003418,measured_success,303
new_ppo,close_pka,close_pka,3000303,835,base,near,overlapping,3,1,1,0,1,0,4,2,3.42,3.5137295870592222,3.51,0.03227041294077759,0.5188999930396676,0.07789998926455155,0.1491999955760548,measured_success,303
new_pf,close_pka,close_pka,3000303,836,base,near,overlapping,3,1,0,0,1,0,6,0,4.7,3.3611062968734897,3.36,0.08889370312651046,29.49850000004517,136.5596999967238,27.67636666612816,measured_success,303
new_ppo,close_pka,close_pka,3000303,836,base,near,overlapping,3,1,0,0,1,0,6,0,4.85,3.3795123680101966,3.38,0.07048763198980357,0.6772999913664535,0.10800000745803118,0.1308833331374141,measured_success,303
new_pf,close_pka,close_pka,3000303,837,base,medium,overlapping,3,1,1,0,1,0,7,6,8.440000000000001,6.373906025694907,6.37,0.012093974305092736,333.86820000305306,191.71919998916565,75.08391428460267,measured_success,303
new_ppo,close_pka,close_pka,3000303,837,base,medium,overlapping,3,1,0,0,1,0,8,4,7.129999999999999,6.308439029539764,6.31,0.0775609704602358,0.7845000000088476,0.1261000070371665,0.11382500088075176,measured_success,303
new_pf,close_pka,close_pka,3000303,838,acid,medium,overlapping,2,1,0,0,1,0,3,0,7.08,1.7311733860478369,1.73,0.08317338604783697,176.47980000037933,85.03589999600081,87.17189999879338,measured_success,303
new_ppo,close_pka,close_pka,3000303,838,acid,medium,overlapping,2,1,0,0,1,0,2,0,7.0,1.739360887810975,1.74,0.09136088781097507,0.3219999998691492,0.05149999924469739,0.18674999955692329,measured_success,303
new_pf,close_pka,close_pka,3000303,839,acid,near,single,1,1,1,0,1,0,2,2,2.0500000000000003,4.951006893683568,4.95,0.03300689368356746,51.14579999644775,60.052300003007986,55.59904999972787,measured_success,303
new_ppo,close_pka,close_pka,3000303,839,acid,near,single,1,1,1,0,1,0,5,3,4.5200000000000005,4.9125058304631,4.91,0.00549416953689974,0.32720000308472663,0.06879999273223802,0.07919999916339293,measured_success,303
new_pf,close_pka,close_pka,3000303,840,acid,near,overlapping,2,1,0,0,1,0,10,0,6.409999999999999,3.041168144223785,3.04,0.09516814422378461,44.907700015755836,196.78100000601262,24.168870002176845,measured_success,303
new_ppo,close_pka,close_pka,3000303,840,acid,near,overlapping,2,1,1,0,1,0,8,1,8.969999999999999,2.898002981322084,2.9,0.04799701867791617,0.8753000001888722,0.14730000111740083,0.12782500016328413,measured_success,303
new_pf,close_pka,close_pka,3000303,841,base,medium,overlapping,2,1,0,0,1,0,10,2,27.86,6.428499477713208,6.43,0.07150052228679193,86.05479999823729,191.85770000331104,27.791250000154832,measured_success,303
new_ppo,close_pka,close_pka,3000303,841,base,medium,overlapping,2,1,1,0,1,0,7,1,26.400000000000002,6.543325669437154,6.54,0.04332566943715399,0.8684999993420206,0.11890000314451754,0.1410571432123626,measured_success,303
new_pf,close_pka,close_pka,3000303,842,acid,far,overlapping,2,1,0,0,1,0,5,0,17.12,1.855396106273762,1.86,0.08139610627376204,168.20210000150837,111.68180000095163,55.976780000492,measured_success,303
new_ppo,close_pka,close_pka,3000303,842,acid,far,overlapping,2,1,0,0,1,0,5,0,17.35,1.837522792958894,1.84,0.06352279295889396,0.5970999991404824,0.09110000974033028,0.13764000177616253,measured_success,303
new_pf,close_pka,close_pka,3000303,843,acid,near,single,1,1,1,0,1,0,1,1,0.83,4.912338534408496,4.91,0.005661465591503934,5.174800004169811,21.91799999854993,27.09280000271974,measured_success,303
new_ppo,close_pka,close_pka,3000303,843,acid,near,single,1,1,0,0,1,0,2,1,3.16,4.857855765863471,4.86,0.06014423413652903,0.2528999903006479,0.034000004234258085,0.143449997267453,measured_success,303
new_pf,close_pka,close_pka,3000303,844,acid,near,overlapping,2,1,0,0,1,0,4,0,4.7700000000000005,4.473342808201883,4.47,0.08834280820188312,55.28570000024047,89.8343999942881,36.28002499863214,measured_success,303
new_ppo,close_pka,close_pka,3000303,844,acid,near,overlapping,2,1,0,0,1,0,5,0,4.760000000000001,4.47466884854574,4.47,0.08966884854573998,0.5259000099613331,0.05559999408433214,0.11630000080913305,measured_success,303
new_pf,close_pka,close_pka,3000303,845,acid,near,overlapping,2,1,1,0,1,0,1,0,2.1,3.1912285558129785,3.19,0.017228555812978552,68.16370000160532,38.82269999303389,106.98639999463921,measured_success,303
new_ppo,close_pka,close_pka,3000303,845,acid,near,overlapping,2,1,1,0,1,0,1,0,2.06,3.2075829778524634,3.21,0.03358297785246345,0.2376000047661364,0.020899999071843922,0.25850000383798033,measured_success,303
new_pf,close_pka,close_pka,3000303,846,acid,near,overlapping,3,1,0,0,1,0,7,0,2.84,2.9336556988621014,2.93,0.08565569886210156,33.123399996839,156.15229999821167,27.039385713578667,measured_success,303
new_ppo,close_pka,close_pka,3000303,846,acid,near,overlapping,3,1,0,0,1,0,2,0,3.1100000000000003,2.921723730442313,2.92,0.07372373044231306,0.3132999991066754,0.0391000066883862,0.1762000028975308,measured_success,303
new_pf,close_pka,close_pka,3000303,847,base,medium,single,1,1,0,0,1,0,8,6,12.610000000000001,9.442965477302991,9.44,0.06603452269700938,459.6961000133888,234.68320001848042,86.79741250398365,measured_success,303
new_ppo,close_pka,close_pka,3000303,847,base,medium,single,1,1,0,0,1,0,13,4,12.53,9.443094197367323,9.44,0.06590580263267753,1.062799994542729,0.1982999820029363,0.09700769050351273,measured_success,303
new_pf,close_pka,close_pka,3000303,848,acid,near,single,1,1,0,0,1,0,4,2,1.66,3.495445366261838,3.5,0.07144536626183795,245.2340000163531,120.39799999911338,91.40800000386662,measured_success,303
new_ppo,close_pka,close_pka,3000303,848,acid,near,single,1,1,1,0,1,0,5,4,5.489999999999999,3.451672296351865,3.45,0.02767229635186519,0.6270999947446398,0.09410000347997993,0.14423999964492396,measured_success,303
new_pf,close_pka,close_pka,3000303,849,base,far,single,1,1,1,0,1,0,8,4,10.0,7.736765644130145,7.74,0.028234355869854788,323.6939999842434,175.95799999980954,62.45649999800662,measured_success,303
new_ppo,close_pka,close_pka,3000303,849,base,far,single,1,1,0,0,1,0,13,3,15.239999999999997,7.823989779332614,7.82,0.058989779332613956,1.2060000080964528,0.2130000139004551,0.10915384784591599,measured_success,303
new_pf,close_pka,close_pka,3000303,850,acid,near,overlapping,3,1,0,0,1,0,13,0,9.549999999999999,2.7768178964042045,2.78,0.09081789640420457,45.29049999109702,202.88299998355797,19.090269228819615,measured_success,303
new_ppo,close_pka,close_pka,3000303,850,acid,near,overlapping,3,1,0,0,1,0,7,0,9.460000000000003,2.7809722146439606,2.78,0.09497221464396066,0.7898999974713661,0.1317000060225837,0.13165714335627854,measured_success,303
new_pf,close_pka,close_pka,3000303,851,base,far,overlapping,2,1,1,0,1,0,5,2,10.689999999999998,7.251073309038755,7.25,0.023926690961245,156.72110000014072,121.31500000396045,55.607220000820234,measured_success,303
new_ppo,close_pka,close_pka,3000303,851,base,far,overlapping,2,1,1,0,1,0,29,12,26.889999999999993,7.250694654976442,7.25,0.02430534502355819,3.1057999876793474,0.5173000172362663,0.1249344829281246,measured_success,303
new_pf,close_pka,close_pka,3000303,852,base,far,single,1,1,0,0,1,0,11,7,13.67,5.850061654888606,5.85,0.07406165488860594,440.3546000030474,229.21519999363227,60.86998181787997,measured_success,303
new_ppo,close_pka,close_pka,3000303,852,base,far,single,1,1,0,0,1,0,10,5,16.25,5.850525299303428,5.85,0.07452529930342777,1.103500006138347,0.15029999485705048,0.12538000009953976,measured_success,303
new_pf,close_pka,close_pka,3000303,853,acid,far,single,1,1,0,0,1,0,13,9,15.8,4.008534661689451,4.01,0.09746533831054904,685.2911999958451,256.1968000154593,72.42215384702341,measured_success,303
new_ppo,close_pka,close_pka,3000303,853,acid,far,single,1,1,1,0,1,0,17,10,38.51,4.115357063771501,4.12,0.009357063771501473,2.233199993497692,0.34920000325655565,0.15190588216201456,measured_success,303
new_pf,close_pka,close_pka,3000303,854,acid,far,single,1,1,1,0,1,0,12,8,13.129999999999999,5.549187455982878,5.55,0.006187455982877843,519.845399998303,250.82650001422735,64.22265833437753,measured_success,303
new_ppo,close_pka,close_pka,3000303,854,acid,far,single,1,1,1,0,1,0,24,10,33.29,5.573612141672426,5.57,0.03061214167242543,1.5038000128697604,0.24809999740682542,0.07299583376152441,measured_success,303
new_pf,close_pka,close_pka,3000303,855,base,medium,single,1,1,0,0,1,0,5,0,6.840000000000001,5.4298681777211755,5.43,0.08813182227882432,68.14460000168765,116.14270001155091,36.85746000264771,measured_success,303
new_ppo,close_pka,close_pka,3000303,855,base,medium,single,1,1,0,0,1,0,8,0,7.02,5.456596963787922,5.46,0.0614030362120781,0.6540999966091476,0.11119999544462189,0.09566249900672119,measured_success,303
new_pf,close_pka,close_pka,3000303,856,acid,near,overlapping,3,1,0,0,1,0,1,1,2.52,3.3122528860001976,3.31,0.05774711399980248,52.98499999480555,38.55389999807812,91.53889999288367,measured_success,303
new_ppo,close_pka,close_pka,3000303,856,acid,near,overlapping,3,1,1,0,1,0,1,0,2.06,3.3739399543171187,3.37,0.003939954317118577,0.21360000391723588,0.02130000211764127,0.23490000603487715,measured_success,303
new_pf,close_pka,close_pka,3000303,857,acid,medium,overlapping,2,1,0,0,1,0,4,0,9.63,2.0723157879866854,2.07,0.06731578798668547,211.00409999053227,115.11749999772292,81.5303999970638,measured_success,303
new_ppo,close_pka,close_pka,3000303,857,acid,medium,overlapping,2,1,0,0,1,0,3,1,10.73,1.9257767963393033,1.93,0.07922320366069657,0.39200000173877925,0.05300000339047983,0.14833333504308635,measured_success,303
new_pf,close_pka,close_pka,3000303,858,base,medium,overlapping,2,1,0,0,1,0,11,0,19.699999999999996,6.251120484134319,6.25,0.052879515865681626,85.8583999943221,179.939599991485,24.16345454416428,measured_success,303
new_ppo,close_pka,close_pka,3000303,858,base,medium,overlapping,2,1,1,0,1,0,6,0,19.740000000000002,6.259918804545652,6.26,0.04408119545434808,0.659200013615191,0.09320000390289351,0.12540000291968076,measured_success,303
new_pf,close_pka,close_pka,3000303,859,base,medium,single,1,0,0,0,0,0,50,45,6.819999999999992,5.179502521462759,5.18,0.167502521462759,2866.366799993557,975.3559999589925,76.83445599905099,max_steps,303
new_ppo,close_pka,close_pka,3000303,859,base,medium,single,1,1,0,0,1,0,32,20,15.949999999999998,4.935769794340999,4.94,0.07623020565900074,3.261399964685552,0.5754000012530014,0.11989999893557979,measured_success,303
new_pf,close_pka,close_pka,3000303,860,acid,far,single,1,1,1,0,1,0,13,8,17.839999999999996,4.273384044602489,4.27,0.013384044602489098,479.1185000067344,195.03540000732755,51.857992308773994,measured_success,303
new_ppo,close_pka,close_pka,3000303,860,acid,far,single,1,0,0,1,0,0,17,12,50.0,6.065241092751018,6.07,1.805241092751018,1.9546999974409118,0.2798000132315792,0.13144117709838182,dose_limit,303
new_pf,close_pka,close_pka,3000303,861,base,far,single,1,1,1,0,1,0,8,8,13.359999999999998,9.657454592477002,9.66,0.013545407522997266,338.08659999340307,278.39209999365266,77.05983749838197,measured_success,303
new_ppo,close_pka,close_pka,3000303,861,base,far,single,1,1,0,0,1,0,17,2,4.949999999999999,9.57586701470882,9.58,0.09513298529117975,1.6141000087372959,0.2784000025712885,0.11132353007697555,measured_success,303
new_pf,close_pka,close_pka,3000303,862,acid,far,single,1,1,1,0,1,0,3,2,8.590000000000002,2.2666702178309217,2.27,0.0086702178309217,130.91390000045067,73.1856999991578,68.0331999998695,measured_success,303
new_ppo,close_pka,close_pka,3000303,862,acid,far,single,1,1,0,0,1,0,2,1,7.46,2.189495203136887,2.19,0.06850479686311317,0.2631999959703535,0.0318000020342879,0.1474999990023207,measured_success,303
new_pf,close_pka,close_pka,3000303,863,acid,medium,overlapping,2,1,1,0,1,0,8,1,17.21,3.662966433834783,3.66,0.04603356616521692,110.31189998902846,148.3592000004137,32.33388749868027,measured_success,303
new_ppo,close_pka,close_pka,3000303,863,acid,medium,overlapping,2,1,0,0,1,0,13,0,16.039999999999996,3.7804348143208975,3.78,0.07143481432089738,1.007500002742745,0.1649999976507388,0.09019230772257568,measured_success,303
new_pf,close_pka,close_pka,3000303,864,acid,medium,single,1,1,0,0,1,0,3,1,4.1,2.7113793043438434,2.71,0.058620695656156574,59.24570000206586,80.42500000010477,46.556900000723545,measured_success,303
new_ppo,close_pka,close_pka,3000303,864,acid,medium,single,1,1,1,0,1,0,2,1,3.8,2.7563218670608753,2.76,0.013678132939124676,0.3316000002087094,0.0411000000895001,0.18635000014910474,measured_success,303
new_pf,close_pka,close_pka,3000303,865,base,far,single,1,1,0,0,1,0,6,4,12.43,10.864691190322983,10.86,0.09130880967701671,216.79700000822777,183.76219998754095,66.75986666596145,measured_success,303
new_ppo,close_pka,close_pka,3000303,865,base,far,single,1,1,0,0,1,0,10,1,2.5500000000000003,11.035058058704347,11.04,0.0790580587043479,0.8919999963836744,0.12450000212993473,0.10164999985136092,measured_success,303
new_pf,close_pka,close_pka,3000303,866,base,medium,overlapping,2,1,0,0,1,0,12,7,9.459999999999996,4.9907948193718905,4.99,0.05779481937189068,509.4186999995145,273.67120000417344,65.25749166697399,measured_success,303
new_ppo,close_pka,close_pka,3000303,866,base,medium,overlapping,2,1,0,0,1,0,9,5,9.619999999999997,4.990877669347695,4.99,0.057877669347695004,1.1006999993696809,0.16850000974955037,0.14102222323547015,measured_success,303
new_pf,close_pka,close_pka,3000303,867,acid,near,single,1,1,1,0,1,0,1,1,0.95,5.694164087576603,5.69,0.0028359124233974242,4.791899998963345,33.26500000548549,38.056900004448835,measured_success,303
new_ppo,close_pka,close_pka,3000303,867,acid,near,single,1,1,1,0,1,0,2,1,3.1100000000000003,5.676760084433312,5.68,0.02023991556668836,0.1877999966382049,0.024500004656147212,0.10615000064717606,measured_success,303
new_pf,close_pka,close_pka,3000303,868,acid,medium,single,1,1,1,0,1,0,10,7,5.76,3.846953532766239,3.85,0.00804646723376079,509.38520000636345,202.56889998563565,71.19540999919991,measured_success,303
new_ppo,close_pka,close_pka,3000303,868,acid,medium,single,1,1,1,0,1,0,6,4,5.010000000000001,3.904744921508329,3.9,0.04974492150832921,0.3646999903139658,0.057400007790420204,0.07034999968406434,measured_success,303
new_pf,close_pka,close_pka,3000303,869,acid,medium,single,1,1,1,0,1,0,3,1,5.449999999999999,2.027095437074683,2.03,0.007904562925316938,131.7237000039313,55.53650000365451,62.42006666919527,measured_success,303
new_ppo,close_pka,close_pka,3000303,869,acid,medium,single,1,1,1,0,1,0,2,2,3.8,2.051334692845897,2.05,0.016334692845896726,0.17419999494450167,0.0242000023717992,0.09919999865815043,measured_success,303
new_pf,close_pka,close_pka,3000303,870,base,medium,overlapping,3,1,0,0,1,0,4,2,4.83,5.648622228550693,5.65,0.05037777144930722,132.66740000835853,111.00309999892488,60.91762500182085,measured_success,303
new_ppo,close_pka,close_pka,3000303,870,base,medium,overlapping,3,1,1,0,1,0,4,3,5.829999999999999,5.745765358782188,5.75,0.04676535878218857,0.5352000007405877,0.07789999654050916,0.15327499932027422,measured_success,303
new_pf,close_pka,close_pka,3000303,871,acid,near,single,1,1,0,0,1,0,6,0,8.469999999999999,1.6087956922599194,1.61,0.09079569225991935,74.79739999689627,130.59739999880549,34.23246666595029,measured_success,303
new_ppo,close_pka,close_pka,3000303,871,acid,near,single,1,1,0,0,1,0,6,0,8.97,1.5889648827437854,1.59,0.07096488274378543,0.4393999988678843,0.06959999882383272,0.0848333329486195,measured_success,303
new_pf,close_pka,close_pka,3000303,872,acid,medium,overlapping,2,1,1,0,1,0,4,4,3.9299999999999997,3.0864705975908473,3.09,0.015470597590847124,124.65429999429034,87.81230000749929,53.11665000044741,measured_success,303
new_ppo,close_pka,close_pka,3000303,872,acid,medium,overlapping,2,1,1,0,1,0,6,5,7.99,3.0604399226385715,3.06,0.010560077361428721,0.5526000022655353,0.07960000220919028,0.10536666741245426,measured_success,303
new_pf,close_pka,close_pka,3000303,873,base,near,single,1,1,1,0,1,0,2,1,1.98,6.029255779394962,6.03,0.0412557793949615,62.486899994837586,58.7982000070042,60.64255000092089,measured_success,303
new_ppo,close_pka,close_pka,3000303,873,base,near,single,1,1,1,0,1,0,2,1,3.1100000000000003,6.0261643777198834,6.03,0.038164377719883014,0.33310000435449183,0.03999999898951501,0.18655000167200342,measured_success,303
new_pf,close_pka,close_pka,3000303,874,base,near,overlapping,2,1,1,0,1,0,2,1,2.12,4.03391436176506,4.03,0.04491436176506003,9.840800004894845,53.27260000194656,31.5567000034207,measured_success,303
new_ppo,close_pka,close_pka,3000303,874,base,near,overlapping,2,1,1,0,1,0,1,1,2.06,3.9932490703934054,3.99,0.004249070393405496,0.12400000559864566,0.013800003216601908,0.13780000881524757,measured_success,303
new_pf,close_pka,close_pka,3000303,875,acid,near,overlapping,2,1,0,0,1,0,2,1,4.57,2.943688638691113,2.94,0.0703113613088866,100.31650000746595,49.266500005614944,74.79150000654045,measured_success,303
new_ppo,close_pka,close_pka,3000303,875,acid,near,overlapping,2,1,1,0,1,0,3,0,3.91,3.0615758333618857,3.06,0.047575833361885866,0.38190000486792997,0.060000005760230124,0.14730000354272002,measured_success,303
new_pf,close_pka,close_pka,3000303,876,acid,near,single,1,1,1,0,1,0,3,3,2.9699999999999998,2.5753258812426054,2.58,0.02667411875739445,103.35840000334429,89.72240000002785,64.36026666779071,measured_success,303
new_ppo,close_pka,close_pka,3000303,876,acid,near,single,1,1,1,0,1,0,4,3,5.260000000000001,2.5910515690065896,2.59,0.010948430993410252,0.5011000030208379,0.08040000102482736,0.14537500101141632,measured_success,303
new_pf,close_pka,close_pka,3000303,877,acid,medium,overlapping,3,1,0,0,1,0,1,1,3.28,1.6058735437896305,1.61,0.07512645621036951,50.23269999946933,48.22229999990668,98.45499999937601,measured_success,303
new_ppo,close_pka,close_pka,3000303,877,acid,medium,overlapping,3,1,0,0,1,0,1,1,3.19,1.616117824831934,1.62,0.06488217516806616,0.12319999950705096,0.029800001357216388,0.15300000086426735,measured_success,303
new_pf,close_pka,close_pka,3000303,878,base,near,single,1,1,0,0,1,0,3,0,1.23,2.2167788077856914,2.22,0.07422119221430856,11.65719999698922,72.00710001052357,27.888100002504263,measured_success,303
new_ppo,close_pka,close_pka,3000303,878,base,near,single,1,1,1,0,1,0,1,0,1.67,2.26794088910363,2.27,0.023059110896369805,0.14060000103199854,0.019899998733308166,0.1604999997653067,measured_success,303
new_pf,close_pka,close_pka,3000303,879,base,medium,single,1,1,1,0,1,0,1,1,4.21,6.635173365162881,6.64,0.036173365162881055,4.737899995234329,59.47020000166958,64.20809999690391,measured_success,303
new_ppo,close_pka,close_pka,3000303,879,base,medium,single,1,1,0,0,1,0,4,2,9.65,6.535599070095193,6.54,0.06340092990480706,0.5447999938041903,0.07799999002600089,0.1556999959575478,measured_success,303
new_pf,close_pka,close_pka,3000303,880,base,far,overlapping,2,0,0,0,0,0,50,42,20.120000000000047,7.7741918472602265,7.77,0.13080815273977375,2582.3870999738574,1003.3660999833955,71.71506399914506,max_steps,303
new_ppo,close_pka,close_pka,3000303,880,base,far,overlapping,2,0,0,1,0,0,50,31,20.010000000000023,9.416534451676728,9.42,1.5115344516767282,2.6935000205412507,0.47439997433684766,0.06335799989756197,max_steps,303
new_pf,close_pka,close_pka,3000303,881,acid,medium,overlapping,2,1,1,0,1,0,8,3,19.069999999999997,2.9431959099859837,2.94,0.021804090014016175,134.60109999141423,164.7131000063382,37.414274999719055,measured_success,303
new_ppo,close_pka,close_pka,3000303,881,acid,medium,overlapping,2,1,0,0,1,0,7,2,21.6,3.0646344069599385,3.06,0.09963440695993864,0.4608000162988901,0.06950001261429861,0.07575714698759839,measured_success,303
new_pf,close_pka,close_pka,3000303,882,acid,medium,overlapping,3,1,0,0,1,0,9,0,21.700000000000003,1.953129484963787,1.95,0.07012948496378701,200.60969999758527,159.02170001209015,39.95904444551949,measured_success,303
new_ppo,close_pka,close_pka,3000303,882,acid,medium,overlapping,3,1,0,0,1,0,7,0,21.94,1.9354304856137188,1.94,0.05243048561371877,0.4915999961667694,0.07660000846954063,0.08117142923375857,measured_success,303
new_pf,close_pka,close_pka,3000303,883,acid,far,single,1,1,1,0,1,0,9,4,15.049999999999999,3.0869936586629976,3.09,0.04899365866299776,507.8660000071977,177.65569999755826,76.16907777830622,measured_success,303
new_ppo,close_pka,close_pka,3000303,883,acid,far,single,1,1,1,0,1,0,7,4,15.54,3.0431218737835843,3.04,0.00512187378358453,0.9647999977460131,0.1545999984955415,0.15991428517736495,measured_success,303
new_pf,close_pka,close_pka,3000303,884,acid,medium,overlapping,3,1,1,0,1,0,17,1,20.810000000000002,2.9442682775616698,2.94,0.023731722438330216,117.88430000160588,311.4370999901439,25.254199999514693,measured_success,303
new_ppo,close_pka,close_pka,3000303,884,acid,medium,overlapping,3,1,0,0,1,0,15,1,21.239999999999995,2.9175408289703704,2.92,0.0504591710296296,1.6842000113683753,0.2832000027410686,0.1311600009406296,measured_success,303
new_pf,close_pka,close_pka,3000303,885,base,near,overlapping,3,1,0,0,1,0,10,0,8.8,4.814465388993488,4.81,0.0815346110065116,37.88129999884404,150.89609998540254,18.87773999842466,measured_success,303
new_ppo,close_pka,close_pka,3000303,885,base,near,overlapping,3,1,0,0,1,0,17,0,8.749999999999998,4.809536525546562,4.81,0.0864634744534376,1.4575000095646828,0.2505999873392284,0.10047647040611242,measured_success,303
new_pf,close_pka,close_pka,3000303,886,acid,far,single,1,1,0,0,1,0,8,5,10.85,5.837481838613316,5.84,0.09451816138668434,325.02549999480834,174.06830000254558,62.38672499966924,measured_success,303
new_ppo,close_pka,close_pka,3000303,886,acid,far,single,1,1,1,0,1,0,39,10,23.289999999999996,5.9599978913616365,5.96,0.027997891361636107,2.787599958537612,0.48060000699479133,0.08379999911621547,measured_success,303
new_pf,close_pka,close_pka,3000303,887,base,medium,overlapping,3,1,0,0,1,0,11,7,12.37,6.314110947910187,6.31,0.08111094791018747,390.667100007704,246.46699999721022,57.921281818628565,measured_success,303
new_ppo,close_pka,close_pka,3000303,887,base,medium,overlapping,3,1,0,0,1,0,30,17,18.789999999999996,6.314819738061487,6.31,0.08181973806148779,2.8688999882433563,0.46099998871795833,0.11099666589871049,measured_success,303
new_pf,close_pka,close_pka,3000303,888,acid,medium,single,1,1,1,0,1,0,4,1,7.82,4.609685889434143,4.61,0.022314110565856637,138.49179999670014,113.10709999816027,62.8997249987151,measured_success,303
new_ppo,close_pka,close_pka,3000303,888,acid,medium,single,1,1,0,0,1,0,5,2,12.08,4.685934804141944,4.69,0.05393480414194407,0.5094999942230061,0.08220000745495781,0.11834000033559278,measured_success,303
new_pf,close_pka,close_pka,3000303,889,base,near,overlapping,2,1,0,0,1,0,5,0,2.8,2.970173574756368,2.97,0.07882642524363215,25.212899992766324,113.28169999615056,27.698919997783378,measured_success,303
new_ppo,close_pka,close_pka,3000303,889,base,near,overlapping,2,1,0,0,1,0,2,0,2.7199999999999998,2.9611697185425925,2.96,0.08783028145740746,0.30220000189729035,0.028399997972883284,0.16529999993508682,measured_success,303
new_pf,close_pka,close_pka,3000303,890,acid,medium,single,1,1,0,0,1,0,2,1,4.99,5.042968981816561,5.04,0.09703101818343907,5.629600003885571,52.35499999980675,28.99230000184616,measured_success,303
new_ppo,close_pka,close_pka,3000303,890,acid,medium,single,1,1,0,0,1,0,5,3,5.73,5.0878734974331135,5.09,0.052126502566886224,0.4832000195165165,0.06509999366244301,0.1096600026357919,measured_success,303
new_pf,close_pka,close_pka,3000303,891,acid,near,single,1,1,0,0,1,0,1,1,1.34,5.53748175310259,5.54,0.09951824689740985,2.245800002128817,21.832599995832425,24.07839999796124,measured_success,303
new_ppo,close_pka,close_pka,3000303,891,acid,near,single,1,1,1,0,1,0,2,2,3.1100000000000003,5.662770838944919,5.66,0.025770838944919383,0.18679999629966915,0.024100001610349864,0.1054499989550095,measured_success,303
new_pf,close_pka,close_pka,3000303,892,acid,far,single,1,1,0,0,1,0,15,9,23.289999999999992,3.771492839776884,3.77,0.07650716022311599,814.8455999908037,323.43829997989815,75.88559333138012,measured_success,303
new_ppo,close_pka,close_pka,3000303,892,acid,far,single,1,1,0,0,1,0,37,30,35.47000000000003,3.909974124591436,3.91,0.06197412459143603,2.9583000068669207,0.5048999955761246,0.09360000006602825,measured_success,303
new_pf,close_pka,close_pka,3000303,893,base,medium,single,1,1,1,0,1,0,11,7,12.250000000000002,4.495921297301688,4.5,0.028921297301688575,524.680200003786,259.28099999873666,71.26920000022933,measured_success,303
new_ppo,close_pka,close_pka,3000303,893,base,medium,single,1,1,1,0,1,0,18,10,16.139999999999997,4.430305966689673,4.43,0.036694033310326724,1.7189999998663552,0.2944999869214371,0.11186111037709957,measured_success,303
new_pf,close_pka,close_pka,3000303,894,base,medium,overlapping,2,1,1,0,1,0,5,2,7.960000000000001,6.729008062194239,6.73,0.006991937805760351,15.026500004751142,92.04090000275755,21.41348000150174,measured_success,303
new_ppo,close_pka,close_pka,3000303,894,base,medium,overlapping,2,1,1,0,1,0,2,1,7.75,6.758303420779312,6.76,0.0223034207793118,0.28040000324836,0.041900006181094795,0.1611500047147274,measured_success,303
new_pf,close_pka,close_pka,3000303,895,base,near,overlapping,3,1,0,0,1,0,4,0,3.31,4.068902552345367,4.07,0.07409744765463255,14.716699995915405,92.42990000348072,26.786649999849033,measured_success,303
new_ppo,close_pka,close_pka,3000303,895,base,near,overlapping,3,1,1,0,1,0,3,0,3.72,4.13490497768303,4.13,0.008095022316969569,0.40219999209512025,0.057999990531243384,0.1533999942087879,measured_success,303
new_pf,close_pka,close_pka,3000303,896,base,near,single,1,1,1,0,1,0,4,1,5.0,7.161313267959423,7.16,0.03331326795942324,76.55039999372093,73.474000004353,37.50609999951848,measured_success,303
new_ppo,close_pka,close_pka,3000303,896,base,near,single,1,1,0,0,1,0,2,1,2.67,7.185333601328914,7.19,0.05733360132891363,0.19040000915993005,0.023300010070670396,0.10685000961530022,measured_success,303
new_pf,close_pka,close_pka,3000303,897,base,medium,overlapping,3,1,1,0,1,0,10,3,20.61,4.909330624472021,4.91,0.0013306244720210358,283.35380000498844,255.67610000871355,53.9029900013702,measured_success,303
new_ppo,close_pka,close_pka,3000303,897,base,medium,overlapping,3,1,1,0,1,0,6,1,15.16,4.9431668679506835,4.94,0.035166867950683134,0.43659999209921807,0.0625000029685907,0.08318333251130146,measured_success,303
new_pf,close_pka,close_pka,3000303,898,acid,near,single,1,1,0,0,1,0,3,3,2.69,3.397539419014783,3.4,0.051460580985216886,108.96379999030614,85.43240000290098,64.79873333106904,measured_success,303
new_ppo,close_pka,close_pka,3000303,898,acid,near,single,1,1,0,0,1,0,2,2,3.16,3.5007336104390037,3.5,0.05173361043900382,0.3132999991066754,0.037999998312443495,0.17564999870955944,measured_success,303
new_pf,close_pka,close_pka,3000303,899,base,near,single,1,1,0,0,0,0,5,4,5.320000000000001,6.351550426454919,6.35,0.09844957354508121,255.91840000561206,152.79459999146638,81.74259999941569,measured_success,303
new_ppo,close_pka,close_pka,3000303,899,base,near,single,1,1,1,0,1,0,6,3,4.28,6.461351082588095,6.46,0.011351082588094918,0.8331999997608364,0.13000000035390258,0.16053333335245648,measured_success,303
new_pf,close_pka,close_pka,3000303,900,acid,near,overlapping,2,1,0,0,1,0,1,0,2.31,4.865579945888205,4.87,0.05157994588820536,67.36459999956423,33.24290000455221,100.60750000411645,measured_success,303
new_ppo,close_pka,close_pka,3000303,900,acid,near,overlapping,2,1,0,0,1,0,1,0,2.06,4.911431750549472,4.91,0.09743175054947173,0.11649999942164868,0.014500001270789653,0.13100000069243833,measured_success,303
new_pf,close_pka,close_pka,3000303,901,base,near,single,1,1,0,0,1,0,1,1,0.9,4.21600297905573,4.22,0.08900297905573051,4.7481000001425855,39.63900000235299,44.38710000249557,measured_success,303
new_ppo,close_pka,close_pka,3000303,901,base,near,single,1,1,1,0,1,0,4,2,4.3,4.106572121526634,4.11,0.0204278784733658,0.5077000096207485,0.07620000542374328,0.14597500376112293,measured_success,303
new_pf,close_pka,close_pka,3000303,902,base,near,overlapping,2,1,0,0,1,0,5,0,4.220000000000001,4.734349318434369,4.73,0.07665068156563137,20.409499993547797,100.08050000033109,24.097999998775776,measured_success,303
new_ppo,close_pka,close_pka,3000303,902,base,near,overlapping,2,1,0,0,1,0,4,0,4.15,4.723684683599659,4.72,0.08731531640034085,0.5516999954124913,0.07559999357908964,0.15682499724789523,measured_success,303
new_pf,close_pka,close_pka,3000303,903,base,medium,overlapping,3,1,1,0,1,0,9,6,8.0,4.48736885290926,4.49,0.015631147090740427,330.26049999170937,229.21379999024794,62.16381110910637,measured_success,303
new_ppo,close_pka,close_pka,3000303,903,base,medium,overlapping,3,1,1,0,1,0,3,3,6.58,4.537843054663641,4.54,0.034843054663641126,0.34810000215657055,0.04170000465819612,0.12993333560492223,measured_success,303
new_pf,close_pka,close_pka,3000303,904,acid,far,single,1,1,1,0,1,0,5,3,10.19,2.5926002337931298,2.59,0.014399766206870446,225.9971999883419,116.03579999791691,68.40659999725176,measured_success,303
new_ppo,close_pka,close_pka,3000303,904,acid,far,single,1,1,0,0,1,0,4,3,8.96,2.547143173722203,2.55,0.059856826277797204,0.48550000065006316,0.076299998909235,0.14044999988982454,measured_success,303
new_pf,close_pka,close_pka,3000303,905,base,far,overlapping,2,1,0,0,1,0,12,8,19.049999999999997,5.664814635109298,5.66,0.0871853648907015,487.32579999341397,339.1382999907364,68.87200833201253,measured_success,303
new_ppo,close_pka,close_pka,3000303,905,base,far,overlapping,2,1,0,0,1,0,19,8,26.950000000000003,5.666251649708897,5.67,0.0857483502911025,1.5496999913011678,0.2494000073056668,0.09468947361088603,measured_success,303
new_pf,close_pka,close_pka,3000303,906,base,near,overlapping,2,1,0,0,1,0,9,0,5.5,2.9475920336233097,2.95,0.09840796637669014,34.86460000567604,153.10109999700217,20.885077778075356,measured_success,303
new_ppo,close_pka,close_pka,3000303,906,base,near,overlapping,2,1,0,0,1,0,9,0,5.72,2.9601713657402717,2.96,0.08582863425972809,0.8044999995036051,0.12280000373721123,0.10303333369342403,measured_success,303
new_pf,close_pka,close_pka,3000303,907,acid,medium,single,1,1,0,0,1,0,8,5,12.829999999999998,5.755781457068053,5.76,0.07021854293194618,359.0101999870967,175.52180000348017,66.81649999882211,measured_success,303
new_ppo,close_pka,close_pka,3000303,907,acid,medium,single,1,1,0,0,1,0,9,5,10.49,5.75526199611282,5.76,0.07073800388717988,0.8709000030648895,0.15480001457035542,0.11396666862613831,measured_success,303
new_pf,close_pka,close_pka,3000303,908,acid,near,overlapping,2,1,0,0,1,0,3,0,4.02,3.4225599625508973,3.42,0.08555996255089715,64.40299998939736,85.03409999684663,49.81236666208133,measured_success,303
new_ppo,close_pka,close_pka,3000303,908,acid,near,overlapping,2,1,1,0,1,0,4,0,4.5200000000000005,3.3485951460781314,3.35,0.011595146078131169,0.524800008861348,0.07849999383324757,0.1508250006736489,measured_success,303
new_pf,close_pka,close_pka,3000303,909,base,near,overlapping,2,1,1,0,1,0,8,6,3.88,5.135853494626488,5.14,0.03814650537351216,331.25529999961145,208.02140000887448,67.40958750106074,measured_success,303
new_ppo,close_pka,close_pka,3000303,909,base,near,overlapping,2,1,1,0,1,0,8,2,4.94,5.136086787917284,5.14,0.03791321208271636,0.8256999863078818,0.13230001786723733,0.11975000052188989,measured_success,303
new_pf,close_pka,close_pka,3000303,910,base,far,single,1,1,0,0,1,0,1,1,7.44,12.06791555924276,12.07,0.09291555924276018,3.0841000043437816,55.34730000363197,58.43140000797575,measured_success,303
new_ppo,close_pka,close_pka,3000303,910,base,far,single,1,1,0,0,1,0,3,1,9.72,12.043090502767622,12.04,0.06809050276762285,0.4270000063115731,0.05190000229049474,0.15963333620068929,measured_success,303
new_pf,close_pka,close_pka,3000303,911,base,far,overlapping,2,1,0,0,1,0,13,6,24.519999999999996,5.544295166538603,5.54,0.050704833461396426,444.573799992213,299.98589999740943,57.273823076124806,measured_success,303
new_ppo,close_pka,close_pka,3000303,911,base,far,overlapping,2,1,0,0,1,0,15,5,29.930000000000007,5.664540873792831,5.66,0.06954087379283092,1.5768000012030825,0.2960999991046265,0.12486000002051394,measured_success,303
new_pf,close_pka,close_pka,3000303,912,acid,far,single,1,1,1,0,1,0,4,2,11.600000000000001,2.455238229428761,2.46,0.04823822942876088,181.73319999186788,86.73110000381712,67.11607499892125,measured_success,303
new_ppo,close_pka,close_pka,3000303,912,acid,far,single,1,1,1,0,1,0,7,5,13.85,2.3644224300666874,2.36,0.04257756993331263,0.8450000095763244,0.1387999946018681,0.1405428577397418,measured_success,303
new_pf,close_pka,close_pka,3000303,913,acid,medium,single,1,1,1,0,1,0,2,0,4.4799999999999995,3.180068035117097,3.18,6.803511709696508e-05,85.61259999987669,38.74539999378612,62.17899999683141,measured_success,303
new_ppo,close_pka,close_pka,3000303,913,acid,medium,single,1,1,1,0,1,0,4,2,5.58,3.209804502404757,3.21,0.02980450240475685,0.5451999968499877,0.07810000533936545,0.15582500054733828,measured_success,303
new_pf,close_pka,close_pka,3000303,914,base,far,overlapping,2,1,0,0,1,0,10,8,16.199999999999996,5.936734422094105,5.94,0.07926557790589506,491.48910000076285,252.53010001324583,74.40192000140087,measured_success,303
new_ppo,close_pka,close_pka,3000303,914,base,far,overlapping,2,1,1,0,1,0,9,5,13.529999999999998,6.029799439417445,6.03,0.013799439417445214,1.1186000047018752,0.17829999706009403,0.14410000019577435,measured_success,303
new_pf,close_pka,close_pka,3000303,915,base,far,overlapping,2,1,0,0,1,0,12,6,20.449999999999996,6.611910843976432,6.61,0.07808915602356858,453.01930000277935,305.42799999238923,63.20394166626405,measured_success,303
new_ppo,close_pka,close_pka,3000303,915,base,far,overlapping,2,1,0,0,1,0,21,6,24.39,6.611980951982304,6.61,0.07801904801769677,1.3964000172563829,0.2900999897974543,0.08030952414542082,measured_success,303
new_pf,close_pka,close_pka,3000303,916,base,medium,single,1,1,0,0,1,0,8,4,12.05,7.450458394954239,7.45,0.0765416050457608,438.29729999561096,226.1451000085799,83.05530000052386,measured_success,303
new_ppo,close_pka,close_pka,3000303,916,base,medium,single,1,1,0,0,1,0,4,3,3.2500000000000004,7.583571028735511,7.58,0.05657102873551079,0.44209999759914353,0.06810000922996551,0.12755000170727726,measured_success,303
new_pf,close_pka,close_pka,3000303,917,acid,near,single,1,1,0,0,1,0,2,1,3.27,3.1872689490233395,3.19,0.06973105097666066,51.71189999964554,80.92290000786306,66.3174000037543,measured_success,303
new_ppo,close_pka,close_pka,3000303,917,acid,near,single,1,1,0,0,1,0,1,0,2.06,3.3281419883496683,3.33,0.07114198834966823,0.2184999975725077,0.02050000330200419,0.2390000008745119,measured_success,303
new_pf,close_pka,close_pka,3000303,918,acid,medium,overlapping,3,1,0,0,1,0,1,0,3.16,1.6960968371732497,1.7,0.07709683717324967,67.64740000653546,60.233900003368035,127.8813000099035,measured_success,303
new_ppo,close_pka,close_pka,3000303,918,acid,medium,overlapping,3,1,0,0,1,0,1,0,3.19,1.6922273464576487,1.69,0.07322734645764872,0.21750000450992957,0.020799998310394585,0.23830000282032415,measured_success,303
new_pf,close_pka,close_pka,3000303,919,acid,medium,single,1,1,0,0,1,0,12,7,13.030000000000001,4.9413185942479085,4.94,0.07168140575209137,590.9808000069461,222.83579997747438,67.81804999870171,measured_success,303
new_ppo,close_pka,close_pka,3000303,919,acid,medium,single,1,1,0,0,1,0,13,9,18.610000000000003,4.948156712299946,4.95,0.06484328770005376,1.0671999843907543,0.18710000585997477,0.09648461463467146,measured_success,303
new_pf,close_pka,close_pka,3000303,920,acid,medium,overlapping,2,1,1,0,1,0,6,3,12.799999999999999,2.971365633821894,2.97,0.004634366178105864,193.07470000785543,133.31340000149794,54.39801666822556,measured_success,303
new_ppo,close_pka,close_pka,3000303,920,acid,medium,overlapping,2,1,1,0,1,0,5,3,12.879999999999999,2.949248804879856,2.95,0.02675119512014401,0.5980000059935264,0.07950000872369856,0.135500002943445,measured_success,303
new_pf,close_pka,close_pka,3000303,921,acid,near,single,1,1,0,0,1,0,3,0,1.9000000000000001,8.070359776966363,8.07,0.07235977696636287,12.452899994968902,72.3881000012625,28.280333332077134,measured_success,303
new_ppo,close_pka,close_pka,3000303,921,acid,near,single,1,0,0,0,0,0,50,0,0.5000000000000002,8.299947772141191,8.3,0.3019477721411912,3.0318999852170236,0.5971999853500165,0.0725819994113408,max_steps,303
new_pf,close_pka,close_pka,3000303,922,base,far,single,1,1,1,0,1,0,6,4,9.260000000000002,8.967271821979587,8.97,0.04872817802041318,101.48669999762205,191.87149999925168,48.89303333281229,measured_success,303
new_ppo,close_pka,close_pka,3000303,922,base,far,single,1,0,0,1,0,0,50,0,6.359999999999997,8.365606648916096,8.37,0.6503933510839044,5.24339999537915,0.8753000001888722,0.12237399991136044,max_steps,303
new_pf,close_pka,close_pka,3000303,923,acid,near,single,1,1,0,0,1,0,1,0,2.38,1.7673904242662197,1.77,0.07239042426621967,64.02779999916675,26.862200000323355,90.8899999994901,measured_success,303
new_ppo,close_pka,close_pka,3000303,923,acid,near,single,1,1,1,0,1,0,1,0,3.06,1.701435440700573,1.7,0.006435440700572892,0.15619999612681568,0.020699997548945248,0.17689999367576092,measured_success,303
new_pf,close_pka,close_pka,3000303,924,acid,near,single,1,1,1,0,1,0,2,2,1.79,4.113914926372079,4.11,0.046914926372078725,41.88170000270475,43.24639999686042,42.56404999978258,measured_success,303
new_ppo,close_pka,close_pka,3000303,924,acid,near,single,1,1,0,0,1,0,2,2,3.16,4.156572718388894,4.16,0.08957271838889369,0.40099999750964344,0.04969999281456694,0.2253499951621052,measured_success,303
new_pf,close_pka,close_pka,3000303,925,acid,medium,single,1,1,0,0,1,0,5,4,4.8999999999999995,5.846956485683483,5.85,0.07395648568348356,97.43190000881441,127.1811999977217,44.92262000130722,measured_success,303
new_ppo,close_pka,close_pka,3000303,925,acid,medium,single,1,1,0,0,1,0,6,4,8.53,5.857788904255065,5.86,0.08478890425506513,0.47670000640209764,0.07659998664166778,0.09221666550729424,measured_success,303
new_pf,close_pka,close_pka,3000303,926,base,far,overlapping,3,1,1,0,1,0,11,9,15.11,6.827206136927089,6.83,0.009206136927089048,471.3354999985313,283.26980000565527,68.60048181856241,measured_success,303
new_ppo,close_pka,close_pka,3000303,926,base,far,overlapping,3,1,1,0,1,0,21,9,21.769999999999996,6.827315957991146,6.83,0.009315957991146817,2.064799962681718,0.36789999285247177,0.11584285502543762,measured_success,303
new_pf,close_pka,close_pka,3000303,927,base,medium,overlapping,3,1,0,0,1,0,7,5,6.449999999999999,6.6582988380667985,6.66,0.08829883806679817,334.9579999994603,190.52649999503046,75.06921428492726,measured_success,303
new_ppo,close_pka,close_pka,3000303,927,base,medium,overlapping,3,1,0,0,1,0,33,11,22.669999999999998,6.6590963737542666,6.66,0.08909637375426627,3.34689998999238,0.5646000281558372,0.118530303580249,measured_success,303
new_pf,close_pka,close_pka,3000303,928,acid,near,overlapping,2,1,0,0,1,0,1,0,2.76,3.911713319067899,3.91,0.0787133190678988,59.51900000218302,27.292400001897477,86.8114000040805,measured_success,303
new_ppo,close_pka,close_pka,3000303,928,acid,near,overlapping,2,1,1,0,1,0,2,0,3.1100000000000003,3.88195102167993,3.88,0.048951021679929596,0.25659999664640054,0.036299999919719994,0.14644999828306027,measured_success,303
new_pf,close_pka,close_pka,3000303,929,acid,near,overlapping,2,1,0,0,1,0,4,0,1.8699999999999999,2.5210512881570875,2.52,0.0910512881570873,14.508999985991977,62.05319999571657,19.140549995427136,measured_success,303
new_ppo,close_pka,close_pka,3000303,929,acid,near,overlapping,2,1,0,0,1,0,1,0,2.06,2.5063930965642838,2.51,0.07639309656428361,0.22479999461211264,0.020799998310394585,0.24559999292250723,measured_success,303
new_pf,close_pka,close_pka,3000303,930,base,near,overlapping,3,1,0,0,1,0,2,0,4.08,3.8264920726502316,3.83,0.08550792734976831,53.34499999298714,56.36260000028415,54.853799996635644,measured_success,303
new_ppo,close_pka,close_pka,3000303,930,base,near,overlapping,3,1,0,0,1,0,4,0,4.15,3.8322785354025175,3.83,0.07972146459748242,0.5696999942301773,0.08769999840296805,0.16434999815828633,measured_success,303
new_pf,close_pka,close_pka,3000303,931,base,far,single,1,1,1,0,1,0,13,9,13.959999999999997,6.652773504705337,6.65,0.01377350470533667,656.4505000060308,343.38639998895815,76.9105307688453,measured_success,303
new_ppo,close_pka,close_pka,3000303,931,base,far,single,1,1,1,0,1,0,7,5,14.7,6.652791467805734,6.65,0.013791467805734037,0.7313999885809608,0.1078000059351325,0.11988571350229904,measured_success,303
new_pf,close_pka,close_pka,3000303,932,acid,far,single,1,1,0,0,1,0,1,1,7.1,2.0412995452076004,2.04,0.059700454792399604,31.587800003762823,32.38039999996545,63.96820000372827,measured_success,303
new_ppo,close_pka,close_pka,3000303,932,acid,far,single,1,1,1,0,1,0,1,1,6.85,2.0915972837048447,2.09,0.009402716295155322,0.11339999764459208,0.01340000017080456,0.12679999781539664,measured_success,303
new_pf,close_pka,close_pka,3000303,933,base,medium,overlapping,2,1,0,0,1,0,7,4,6.96,4.067198326864329,4.07,0.07980167313567144,210.10649999516318,185.303299993393,56.48711428407945,measured_success,303
new_ppo,close_pka,close_pka,3000303,933,base,medium,overlapping,2,1,0,0,1,0,8,4,9.519999999999998,4.0730160122313315,4.07,0.07398398776866877,0.9468000134802423,0.14689998351968825,0.13671249962499132,measured_success,303
new_pf,close_pka,close_pka,3000303,934,base,far,overlapping,3,1,0,0,1,0,8,5,12.249999999999998,5.863198645477183,5.86,0.05519864547718356,258.86999999784166,214.33609999803593,59.1507624994847,measured_success,303
new_ppo,close_pka,close_pka,3000303,934,base,far,overlapping,3,1,0,0,1,0,11,1,11.5,5.897117754037065,5.9,0.08911775403706557,1.057899986335542,0.16530000721104443,0.11119999941332605,measured_success,303
new_pf,close_pka,close_pka,3000303,935,acid,near,single,1,1,0,0,1,0,2,2,2.6999999999999997,3.3472178046332743,3.35,0.07421780463327421,55.245000003196765,50.862700009020045,53.053850006108405,measured_success,303
new_ppo,close_pka,close_pka,3000303,935,acid,near,single,1,1,0,0,1,0,3,3,3.91,3.2089482404551593,3.21,0.06405175954484088,0.2982000005431473,0.034699995012488216,0.11096666518521185,measured_success,303
new_pf,close_pka,close_pka,3000303,936,base,near,overlapping,2,1,0,0,1,0,2,0,2.04,2.2253987337011143,2.23,0.06660126629888552,49.54880000150297,58.235399999830406,53.89210000066669,measured_success,303
new_ppo,close_pka,close_pka,3000303,936,base,near,overlapping,2,1,1,0,1,0,2,1,2.7199999999999998,2.3035397773038744,2.3,0.011539777303874565,0.16959999629762024,0.022599997464567423,0.09609999688109383,measured_success,303
new_pf,close_pka,close_pka,3000303,937,acid,medium,single,1,1,0,0,1,0,10,5,9.05,4.794056085610666,4.79,0.06294391438933378,432.7496000114479,169.34000000765081,60.20896000190987,measured_success,303
new_ppo,close_pka,close_pka,3000303,937,acid,medium,single,1,1,1,0,1,0,7,4,13.469999999999999,4.886945343716844,4.89,0.029945343716843986,0.676499999826774,0.10180000390391797,0.11118571481867028,measured_success,303
new_pf,close_pka,close_pka,3000303,938,acid,medium,single,1,1,1,0,1,0,2,1,3.45,3.0630730715777315,3.06,0.04492692842226864,58.366199998999946,77.21160000073723,67.78889999986859,measured_success,303
new_ppo,close_pka,close_pka,3000303,938,acid,medium,single,1,1,1,0,1,0,2,2,3.62,3.1357923670988255,3.14,0.027792367098825377,0.3100000030826777,0.029499999072868377,0.16975000107777305,measured_success,303
new_pf,close_pka,close_pka,3000303,939,base,near,overlapping,2,1,0,0,1,0,4,0,1.7,2.734681442596332,2.73,0.078318557403668,19.045499990170356,93.9515999998548,28.24927499750629,measured_success,303
new_ppo,close_pka,close_pka,3000303,939,base,near,overlapping,2,1,0,0,1,0,1,0,1.67,2.732109313581989,2.73,0.080890686418011,0.14209999790182337,0.019099999917671084,0.16119999781949446,measured_success,303
new_pf,close_pka,close_pka,3000303,940,acid,near,overlapping,2,1,0,0,1,0,6,1,5.710000000000001,4.9221381687716494,4.92,0.08786183122835034,76.16840000991942,105.7167999970261,30.314200001157587,measured_success,303
new_ppo,close_pka,close_pka,3000303,940,acid,near,overlapping,2,1,1,0,1,0,2,0,3.1100000000000003,5.047852542290713,5.05,0.037852542290712776,0.2733000001171604,0.03670000296551734,0.15500000154133886,measured_success,303
new_pf,close_pka,close_pka,3000303,941,base,near,single,1,1,1,0,1,0,3,3,3.0300000000000002,8.651834144252415,8.65,0.038834144252415825,122.13740000152029,110.8712999994168,77.66956666697904,measured_success,303
new_ppo,close_pka,close_pka,3000303,941,base,near,single,1,1,1,0,1,0,2,2,2.8600000000000003,8.596314285867251,8.6,0.01668571413274833,0.3129999968223274,0.03779999678954482,0.1753999968059361,measured_success,303
new_pf,close_pka,close_pka,3000303,942,acid,near,overlapping,3,1,1,0,1,0,1,0,1.41,1.935876466726587,1.94,0.010876466726587042,68.21889999991981,45.175399995059706,113.39429999497952,measured_success,303
new_ppo,close_pka,close_pka,3000303,942,acid,near,overlapping,3,1,0,0,1,0,1,1,2.06,1.8507060120852796,1.85,0.07429398791472042,0.20280000171624124,0.020300001779105514,0.22310000349534675,measured_success,303
new_pf,close_pka,close_pka,3000303,943,base,medium,overlapping,2,1,0,0,1,0,5,3,6.7299999999999995,6.600274013709392,6.6,0.0952740137093917,261.73680000647437,161.9492999961949,84.73722000053385,measured_success,303
new_ppo,close_pka,close_pka,3000303,943,base,medium,overlapping,2,1,0,0,1,0,9,3,9.2,6.581514138484769,6.58,0.07651413848476896,1.1603999955696054,0.182100004167296,0.1491666666374335,measured_success,303
new_pf,close_pka,close_pka,3000303,944,base,far,single,1,1,1,0,1,0,6,3,17.369999999999997,10.156251599606744,10.16,0.030251599606744506,332.3513999930583,208.86809999501565,90.20324999801232,measured_success,303
new_ppo,close_pka,close_pka,3000303,944,base,far,single,1,1,0,0,1,0,23,0,2.4899999999999993,10.053701283934828,10.05,0.07229871606517158,2.2090000129537657,0.36949999048374593,0.11210869580163094,measured_success,303
new_pf,close_pka,close_pka,3000303,945,acid,far,overlapping,2,1,1,0,1,0,5,1,20.34,2.483899030902098,2.48,0.034100969097901945,187.70349999977043,164.20149999612477,70.38099999917904,measured_success,303
new_ppo,close_pka,close_pka,3000303,945,acid,far,overlapping,2,1,1,0,1,0,6,1,21.49,2.486878698506475,2.49,0.03112130149352499,0.5455999926198274,0.06949999806238338,0.10251666511370179,measured_success,303
new_pf,close_pka,close_pka,3000303,946,acid,far,single,1,1,1,0,1,0,6,5,17.14,3.207917946516302,3.21,0.025082053483698186,401.1636999930488,149.17480000440264,91.72308333290857,measured_success,303
new_ppo,close_pka,close_pka,3000303,946,acid,far,single,1,1,0,0,1,0,14,8,33.449999999999996,3.290612029488301,3.29,0.05761202948830091,1.6765000109444372,0.316400000883732,0.14235000084486923,measured_success,303
new_pf,close_pka,close_pka,3000303,947,acid,near,single,1,1,0,0,1,0,1,0,1.52,4.453392553172355,4.45,0.051392553172354916,2.177400005166419,29.962199994770344,32.13959999993676,measured_success,303
new_ppo,close_pka,close_pka,3000303,947,acid,near,single,1,1,0,0,1,0,1,1,2.06,4.3499573096008,4.35,0.052042690399200175,0.11970000196015462,0.013799995940644294,0.13349999790079892,measured_success,303
new_pf,close_pka,close_pka,3000303,948,base,far,overlapping,2,1,1,0,1,0,11,9,17.790000000000006,7.814199358844633,7.81,0.03819935884463277,411.46810001373524,273.03939998091664,62.227954544968355,measured_success,303
new_ppo,close_pka,close_pka,3000303,948,base,far,overlapping,2,1,1,0,1,0,7,5,16.11,7.8147304012831,7.81,0.038730401283100235,0.7096000044839457,0.10789999942062423,0.11678571484350998,measured_success,303
new_pf,close_pka,close_pka,3000303,949,acid,near,single,1,1,1,0,1,0,5,4,1.3699999999999999,3.3443501615264744,3.34,0.041350161526474416,292.8786000047694,114.36969997885171,81.44965999672422,measured_success,303
new_ppo,close_pka,close_pka,3000303,949,acid,near,single,1,1,1,0,1,0,5,3,5.6,3.265794707980719,3.27,0.03720529201928091,0.6243000025278889,0.0973999995039776,0.1443400004063733,measured_success,303
new_pf,close_pka,close_pka,3000303,950,base,far,single,1,1,0,0,1,0,14,9,16.939999999999998,9.806773759820999,9.81,0.08077375982099788,761.7803000102867,286.02439999667695,74.84319285764026,measured_success,303
new_ppo,close_pka,close_pka,3000303,950,base,far,single,1,1,0,0,1,0,12,5,2.13,9.785160566008997,9.79,0.05916056600899644,1.4783000005991198,0.2443999910610728,0.14355833263834938,measured_success,303
new_pf,close_pka,close_pka,3000303,951,base,medium,overlapping,3,1,1,0,1,0,6,0,11.129999999999999,3.383327334281785,3.38,0.037672665718214926,121.51509998511756,142.53240000107326,44.00791666436513,measured_success,303
new_ppo,close_pka,close_pka,3000303,951,base,medium,overlapping,3,1,0,0,1,0,5,1,11.43,3.479345544285666,3.48,0.05834554428566596,0.5354000022634864,0.08600000001024455,0.12428000045474619,measured_success,303
new_pf,close_pka,close_pka,3000303,952,acid,medium,single,1,1,1,0,1,0,8,5,9.84,3.7523519254095126,3.75,0.01664807459048756,447.25549999566283,155.0913999963086,75.29336249899643,measured_success,303
new_ppo,close_pka,close_pka,3000303,952,acid,medium,single,1,1,0,0,1,0,7,7,7.77,3.7072434661994755,3.71,0.06175653380052459,0.821299989183899,0.1320000010309741,0.136185712887839,measured_success,303
new_pf,close_pka,close_pka,3000303,953,base,far,single,1,1,0,0,1,0,7,6,12.419999999999996,6.1297124834867205,6.13,0.08028751651327948,376.0550000006333,211.30290001019603,83.90827143011848,measured_success,303
new_ppo,close_pka,close_pka,3000303,953,base,far,single,1,1,0,0,1,0,18,9,19.06,6.285858324796198,6.29,0.07585832479619814,1.7831999939517118,0.30870000773575157,0.11621666676041463,measured_success,303
new_pf,close_pka,close_pka,3000303,954,acid,near,single,1,1,1,0,1,0,2,1,1.84,3.5069535087030133,3.51,0.03204649129698689,56.44380000012461,50.91759999777423,53.68069999894942,measured_success,303
new_ppo,close_pka,close_pka,3000303,954,acid,near,single,1,1,0,0,1,0,2,1,3.16,3.4409918220332845,3.44,0.09800817796671568,0.3010000000358559,0.037299992982298136,0.16914999650907703,measured_success,303
new_pf,close_pka,close_pka,3000303,955,acid,medium,single,1,1,0,0,1,0,2,0,6.18,2.280720553546108,2.28,0.08372055354610808,98.74220000347123,63.842099996691104,81.29215000008116,measured_success,303
new_ppo,close_pka,close_pka,3000303,955,acid,medium,single,1,1,0,0,1,0,2,1,6.92,2.1305826222906044,2.13,0.06641737770939571,0.2151000007870607,0.027399997634347528,0.12124999921070412,measured_success,303
new_pf,close_pka,close_pka,3000303,956,acid,near,overlapping,2,1,1,0,1,0,1,0,1.29,3.2347389942197093,3.23,0.04673899421970917,2.272000005177688,21.804700001666788,24.076700006844476,measured_success,303
new_ppo,close_pka,close_pka,3000303,956,acid,near,overlapping,2,1,0,0,1,0,3,3,3.91,3.1245840628734527,3.12,0.06341593712654747,0.3440999935264699,0.056500008213333786,0.1335333339132679,measured_success,303
new_pf,close_pka,close_pka,3000303,957,base,near,overlapping,3,1,0,0,1,0,3,0,1.4100000000000001,3.7772568101060653,3.78,0.0767431898939348,12.003499999991618,77.46010000846582,29.821200002819143,measured_success,303
new_ppo,close_pka,close_pka,3000303,957,base,near,overlapping,3,1,1,0,1,0,1,1,2.06,3.8821663329470733,3.88,0.02816633294707316,0.23610000062035397,0.021200001356191933,0.2573000019765459,measured_success,303
new_pf,close_pka,close_pka,3000303,958,base,medium,overlapping,2,1,0,0,1,0,4,1,6.93,5.345150346067669,5.35,0.0891503460676688,84.92480000131764,111.79360000096494,49.179600000570645,measured_success,303
new_ppo,close_pka,close_pka,3000303,958,base,medium,overlapping,2,1,1,0,1,0,3,0,6.789999999999999,5.229720812723723,5.23,0.026279187276276872,0.34640000376384705,0.05059999239165336,0.13233333205183348,measured_success,303
new_pf,close_pka,close_pka,3000303,959,acid,medium,overlapping,2,1,1,0,1,0,6,0,9.780000000000001,2.9260740174710502,2.93,0.04107401747105044,76.61289999668952,138.48010000219801,35.84883333314792,measured_success,303
new_ppo,close_pka,close_pka,3000303,959,acid,medium,overlapping,2,1,0,0,1,0,7,0,9.090000000000002,2.980738382918548,2.98,0.0957383829185483,0.6415999960154295,0.09690000297268853,0.10549999985544543,measured_success,303
new_pf,close_pka,close_pka,3000303,960,acid,near,single,1,1,0,0,1,0,3,0,4.56,1.643203605916431,1.64,0.08520360591643095,145.99720000114758,81.92899999994552,75.97540000036436,measured_success,303
new_ppo,close_pka,close_pka,3000303,960,acid,near,single,1,1,1,0,1,0,3,0,5.140000000000001,1.605746991534052,1.61,0.04774699153405204,0.3806000022450462,0.06079999729990959,0.14713333318165192,measured_success,303
new_pf,close_pka,close_pka,3000303,961,acid,medium,single,1,1,1,0,1,0,7,6,11.540000000000003,2.733946173804825,2.73,0.016946173804825104,400.43109999533044,155.10760000324808,79.36267142836836,measured_success,303
new_ppo,close_pka,close_pka,3000303,961,acid,medium,single,1,1,1,0,1,0,7,6,11.569999999999999,2.745600896087698,2.75,0.02860089608769778,0.822000001790002,0.13899998884880915,0.13728571294840158,measured_success,303
new_pf,close_pka,close_pka,3000303,962,base,medium,overlapping,2,1,1,0,1,0,10,5,9.779999999999998,4.779212996927562,4.78,0.001212996927562493,330.6226999993669,243.28539998532506,57.390809998469194,measured_success,303
new_ppo,close_pka,close_pka,3000303,962,base,medium,overlapping,2,1,1,0,1,0,8,3,9.63,4.810021311274738,4.81,0.03202131127473873,0.7161999892559834,0.14000001101521775,0.10702500003390014,measured_success,303
new_pf,close_pka,close_pka,3000303,963,acid,near,overlapping,2,1,0,0,1,0,3,1,5.81,3.5054887931572862,3.51,0.07551120684271373,56.41500000638189,66.96360000933055,41.12620000523748,measured_success,303
new_ppo,close_pka,close_pka,3000303,963,acid,near,overlapping,2,1,1,0,1,0,4,3,4.39,3.55901212950399,3.56,0.021987870496010142,0.3060000017285347,0.042800005758181214,0.08720000187167898,measured_success,303
new_pf,close_pka,close_pka,3000303,964,base,medium,overlapping,3,1,1,0,1,0,8,6,7.1000000000000005,5.610849551250428,5.61,0.004150448749571822,398.42660001886543,201.66109999991022,75.01096250234696,measured_success,303
new_ppo,close_pka,close_pka,3000303,964,base,medium,overlapping,3,1,1,0,1,0,6,3,7.17,5.658817553830362,5.66,0.04381755383036179,0.8787000042502768,0.1199999896925874,0.16644999899047738,measured_success,303
new_pf,close_pka,close_pka,3000303,965,base,near,single,1,1,1,0,1,0,1,0,0.89,6.272608558895941,6.27,0.042391441104059346,4.753799999889452,38.87869999743998,43.63249999732943,measured_success,303
new_ppo,close_pka,close_pka,3000303,965,base,near,single,1,1,1,0,1,0,2,2,3.1100000000000003,6.309532438743906,6.31,0.005467561256094378,0.31399999716086313,0.03850000211969018,0.17624999964027666,measured_success,303
new_pf,close_pka,close_pka,3000303,966,acid,medium,single,1,1,1,0,1,0,12,8,11.06,6.382395361149072,6.38,0.04339536114907183,573.1880999883288,248.0655000108527,68.43779999993178,measured_success,303
new_ppo,close_pka,close_pka,3000303,966,acid,medium,single,1,1,0,0,1,0,5,4,8.190000000000001,6.42902167984545,6.43,0.0900216798454494,0.7553999967058189,0.12019999121548608,0.175119997584261,measured_success,303
new_pf,close_pka,close_pka,3000303,967,acid,medium,overlapping,2,1,0,0,1,0,5,0,4.59,2.9442162253387503,2.94,0.09921622533875007,24.63299999362789,117.49219999910565,28.42503999854671,measured_success,303
new_ppo,close_pka,close_pka,3000303,967,acid,medium,overlapping,2,1,0,0,1,0,3,0,5.04,2.9078205705031763,2.91,0.06282057050317613,0.2269000033265911,0.03189999551977962,0.08626666628212358,measured_success,303
new_pf,close_pka,close_pka,3000303,968,acid,medium,overlapping,2,1,1,0,1,0,2,1,3.7199999999999998,3.1567665113899617,3.16,0.03023348861003816,108.26679999445332,66.12239999230951,87.19459999338142,measured_success,303
new_ppo,close_pka,close_pka,3000303,968,acid,medium,overlapping,2,1,1,0,1,0,4,4,7.2700000000000005,3.202061963721417,3.2,0.015061963721417104,0.47230000200215727,0.06969999230932444,0.13549999857787043,measured_success,303
new_pf,close_pka,close_pka,3000303,969,acid,medium,single,1,1,0,0,1,0,2,2,3.13,4.072066041872294,4.07,0.07406604187229338,89.03250000730623,54.48679999972228,71.75965000351425,measured_success,303
new_ppo,close_pka,close_pka,3000303,969,acid,medium,single,1,1,1,0,1,0,5,4,3.9000000000000004,4.0354261835413805,4.04,0.037426183541380276,0.3732000113814138,0.05199999577598646,0.08504000143148005,measured_success,303
new_pf,close_pka,close_pka,3000303,970,base,medium,single,1,1,0,0,1,0,5,5,9.139999999999999,5.708215926102286,5.71,0.05621592610228543,248.2097000029171,137.22159999451833,77.08625999948708,measured_success,303
new_ppo,close_pka,close_pka,3000303,970,base,medium,single,1,1,0,0,1,0,6,4,7.3999999999999995,5.580767795528228,5.58,0.07123220447177214,0.9432000006199814,0.1311999949393794,0.17906666592656015,measured_success,303
new_pf,close_pka,close_pka,3000303,971,acid,medium,overlapping,2,1,0,0,1,0,13,0,13.19,3.4355907954828977,3.44,0.09259079548289773,50.76940001163166,221.63599998748396,20.95426153839351,measured_success,303
new_ppo,close_pka,close_pka,3000303,971,acid,medium,overlapping,2,1,0,0,1,0,10,0,13.229999999999999,3.4332732767438205,3.43,0.09027327674382057,1.1377000046195462,0.1827000014600344,0.13204000060795806,measured_success,303
new_pf,close_pka,close_pka,3000303,972,acid,near,single,1,1,0,0,1,0,1,0,3.04,4.466034443104691,4.47,0.06803444310469153,67.45930000033695,37.26160000223899,104.72090000257595,measured_success,303
new_ppo,close_pka,close_pka,3000303,972,acid,near,single,1,1,0,0,1,0,2,0,3.1100000000000003,4.459153148220025,4.46,0.0611531482200256,0.2406999992672354,0.025500004994682968,0.13310000213095918,measured_success,303
new_pf,close_pka,close_pka,3000303,973,acid,near,single,1,1,1,0,1,0,4,2,3.27,2.3657920164121045,2.37,0.010792016412104477,209.48950000456534,94.07920001103776,75.89217500390077,measured_success,303
new_ppo,close_pka,close_pka,3000303,973,acid,near,single,1,1,1,0,1,0,5,4,6.24,2.3884131713707255,2.39,0.033413171370725525,0.3459999934420921,0.04980000085197389,0.0791599988588132,measured_success,303
new_pf,close_pka,close_pka,3000303,974,acid,near,single,1,1,1,0,1,0,2,1,2.89,3.559769020312454,3.56,0.02623097968754573,50.333999999566004,58.98810000508092,54.661050002323464,measured_success,303
new_ppo,close_pka,close_pka,3000303,974,acid,near,single,1,1,0,0,1,0,1,0,2.06,3.6530253688549124,3.65,0.0670253688549125,0.1627000019652769,0.017799997294787318,0.18049999926006421,measured_success,303
new_pf,close_pka,close_pka,3000303,975,acid,near,overlapping,2,1,0,0,1,0,17,0,10.879999999999997,3.5272474379471666,3.53,0.09524743794716661,65.13169997924706,285.09729997313116,20.60170587955166,measured_success,303
new_ppo,close_pka,close_pka,3000303,975,acid,near,overlapping,2,1,0,0,1,0,11,0,11.21,3.5171105007888954,3.52,0.08511050078889548,0.8008999939193018,0.15440001152455807,0.08684545504035089,measured_success,303
new_pf,close_pka,close_pka,3000303,976,acid,near,single,1,1,0,0,1,0,1,1,0.95,4.546952429054617,4.55,0.07404757094538361,4.747200000565499,27.87499999976717,32.62220000033267,measured_success,303
new_ppo,close_pka,close_pka,3000303,976,acid,near,single,1,1,0,0,1,0,2,1,3.16,4.540301118985463,4.54,0.0806988810145377,0.21720000222558156,0.04410000838106498,0.13065000530332327,measured_success,303
new_pf,close_pka,close_pka,3000303,977,acid,medium,single,1,1,0,0,1,0,8,0,7.82,7.059627034154628,7.06,0.08162703415462857,163.69220000342466,138.10369999555405,37.72448749987234,measured_success,303
new_ppo,close_pka,close_pka,3000303,977,acid,medium,single,1,1,0,0,1,0,7,0,7.710000000000001,7.068502328610501,7.07,0.09050232861050134,1.0381999964010902,0.14630000077886507,0.16921428531142219,measured_success,303
new_pf,close_pka,close_pka,3000303,978,acid,medium,overlapping,2,1,0,0,1,0,18,0,16.91,3.4133494561426536,3.41,0.09434945614265366,71.54399999126326,310.79749998025363,21.24119444286205,measured_success,303
new_ppo,close_pka,close_pka,3000303,978,acid,medium,overlapping,2,1,0,0,1,0,12,0,17.06,3.4072702310200356,3.41,0.08827023102003562,1.3060000055702403,0.22850000823382288,0.1278750011503386,measured_success,303
new_pf,close_pka,close_pka,3000303,979,base,near,overlapping,2,1,0,0,1,0,7,0,5.07,4.10758655024047,4.11,0.09441344975953037,21.83750000403961,101.80840000975877,17.663700001971197,measured_success,303
new_ppo,close_pka,close_pka,3000303,979,base,near,overlapping,2,1,0,0,1,0,8,0,5.3100000000000005,4.127770105065819,4.13,0.07422989493418086,0.8182000092347153,0.1283999881707132,0.11832499967567855,measured_success,303
new_pf,close_pka,close_pka,3000303,980,base,far,single,1,1,1,0,1,0,9,6,11.12,5.22695314523186,5.23,0.02204685476813939,514.7420999928727,240.14350000652485,83.87617777771084,measured_success,303
new_ppo,close_pka,close_pka,3000303,980,base,far,single,1,1,1,0,1,0,8,6,13.54,5.2280626268390336,5.23,0.02093737316096611,0.6657999983872287,0.09390000923303887,0.09496250095253345,measured_success,303
new_pf,close_pka,close_pka,3000303,981,base,near,single,1,1,0,0,1,0,3,0,2.1,4.921639876050021,4.92,0.07536012394997904,11.116199995740317,62.856600001396146,24.657599999045487,measured_success,303
new_ppo,close_pka,close_pka,3000303,981,base,near,single,1,1,0,0,1,0,1,0,2.06,4.914630160014857,4.91,0.08236983998514269,0.12660000356845558,0.014000004739500582,0.14060000830795616,measured_success,303
new_pf,close_pka,close_pka,3000303,982,acid,medium,single,1,1,0,0,1,0,3,2,6.02,2.6298980472285427,2.63,0.09489804722854256,146.8069999900763,65.37550000211922,70.72749999739851,measured_success,303
new_ppo,close_pka,close_pka,3000303,982,acid,medium,single,1,1,0,0,1,0,3,1,5.660000000000001,2.4641299085220707,2.46,0.07087009147792944,0.5505000008270144,0.07300000288523734,0.2078333345707506,measured_success,303
new_pf,close_pka,close_pka,3000303,983,base,near,single,1,1,1,0,1,0,2,1,3.52,6.385401185637383,6.39,0.007401185637382568,122.32349999976577,70.2677999943262,96.29564999704598,measured_success,303
new_ppo,close_pka,close_pka,3000303,983,base,near,single,1,1,0,0,1,0,2,2,3.1100000000000003,6.313190874329058,6.31,0.06480912567094244,0.19629999587778002,0.026599998818710446,0.11144999734824523,measured_success,303
new_pf,close_pka,close_pka,3000303,984,base,far,single,1,1,1,0,1,0,11,6,18.490000000000002,5.492878965410046,5.49,0.014121034589953396,417.0927000013762,207.31740000337595,56.76455454588656,measured_success,303
new_ppo,close_pka,close_pka,3000303,984,base,far,single,1,1,1,0,1,0,6,3,17.84,5.532295292861587,5.53,0.02529529286158727,0.41110000165645033,0.05930001498199999,0.07840000277307506,measured_success,303
new_pf,close_pka,close_pka,3000303,985,acid,near,overlapping,2,1,0,0,1,0,1,0,3.3,5.2237865963684165,5.22,0.08578659636841657,66.41929999750573,38.73580000072252,105.15509999822825,measured_success,303
new_ppo,close_pka,close_pka,3000303,985,acid,near,overlapping,2,1,1,0,1,0,3,0,3.72,5.170514525759586,5.17,0.03251452575958602,0.4134999981033616,0.0562999994144775,0.15659999917261302,measured_success,303
new_pf,close_pka,close_pka,3000303,986,acid,medium,single,1,1,1,0,1,0,3,0,3.04,7.6052367303870945,7.61,0.025236730387094397,14.790400004130788,78.22679999662796,31.00573333358625,measured_success,303
new_ppo,close_pka,close_pka,3000303,986,acid,medium,single,1,1,1,0,1,0,2,0,3.1100000000000003,7.582083756404925,7.58,0.0020837564049251966,0.3482000101939775,0.04099999932805076,0.19460000476101413,measured_success,303
new_pf,close_pka,close_pka,3000303,987,base,near,overlapping,2,1,0,0,1,0,3,0,2.5700000000000003,2.882272425131105,2.88,0.07372757486889503,14.789900000323541,78.46330000029411,31.084400000205886,measured_success,303
new_ppo,close_pka,close_pka,3000303,987,base,near,overlapping,2,1,1,0,1,0,2,0,2.7199999999999998,2.9126306680254093,2.91,0.0433693319745907,0.32610000198474154,0.039599988667760044,0.1828499953262508,measured_success,303
new_pf,close_pka,close_pka,3000303,988,base,far,single,1,0,0,0,0,0,50,46,21.990000000000062,5.13729793811757,5.14,0.32570206188243045,1741.840000031516,628.4963999933098,47.406728000496514,max_steps,303
new_ppo,close_pka,close_pka,3000303,988,base,far,single,1,0,0,1,0,0,47,21,50.0,10.706657930127786,10.71,5.243657930127786,3.293000023404602,0.5270000110613182,0.0812765964779983,dose_limit,303
new_pf,close_pka,close_pka,3000303,989,acid,near,overlapping,2,1,0,0,1,0,1,1,2.56,3.3940871372544112,3.39,0.08591286274558874,43.25629999948433,31.39289999671746,74.64919999620179,measured_success,303
new_ppo,close_pka,close_pka,3000303,989,acid,near,overlapping,2,1,1,0,1,0,1,1,2.06,3.4621228402760424,3.46,0.017877159723957536,0.229199999012053,0.024599998141638935,0.25379999715369195,measured_success,303
new_pf,close_pka,close_pka,3000303,990,acid,near,single,1,1,1,0,1,0,1,0,0.76,7.997082606947389,8.0,0.02308260694738884,4.912600001262035,34.85270000237506,39.765300003637094,measured_success,303
new_ppo,close_pka,close_pka,3000303,990,acid,near,single,1,0,0,0,0,0,50,0,0.5000000000000002,8.077441716790116,8.08,0.10344171679011538,5.227100045885891,0.8570999925723299,0.12168400076916441,max_steps,303
new_pf,close_pka,close_pka,3000303,991,base,medium,overlapping,2,1,0,0,1,0,5,2,6.82,5.127154922819699,5.13,0.07484507718030109,141.0580000083428,119.8664000039571,52.18488000245998,measured_success,303
new_ppo,close_pka,close_pka,3000303,991,base,medium,overlapping,2,1,0,0,1,0,16,7,17.61,5.255493206143926,5.26,0.053493206143926386,2.044199987722095,0.3166000096825883,0.1475499998377927,measured_success,303
new_pf,close_pka,close_pka,3000303,992,base,far,overlapping,2,0,0,1,0,0,50,42,23.590000000000046,6.017804891191414,6.02,1.301195108808586,1705.1492000100552,681.702400004724,47.737032000295585,max_steps,303
new_ppo,close_pka,close_pka,3000303,992,base,far,overlapping,2,0,0,1,0,0,50,48,19.220000000000024,5.282259639225714,5.28,2.036740360774286,3.0767999996896833,0.5164999674889259,0.07186599934357218,max_steps,303
new_pf,close_pka,close_pka,3000303,993,acid,near,overlapping,2,1,0,0,1,0,6,0,3.8899999999999997,4.00429238360087,4.0,0.07729238360086965,26.135500003874768,119.88700000802055,24.337083335315885,measured_success,303
new_ppo,close_pka,close_pka,3000303,993,acid,near,overlapping,2,1,0,0,1,0,3,0,3.91,4.002452457584589,4.0,0.07545245758458874,0.42019999091280624,0.06030000076862052,0.16016666389380893,measured_success,303
new_pf,close_pka,close_pka,3000303,994,acid,near,overlapping,2,1,1,0,1,0,3,1,4.09,4.208547353693879,4.21,0.024452646306120762,75.76259999041213,98.633499997959,58.132033329457045,measured_success,303
new_ppo,close_pka,close_pka,3000303,994,acid,near,overlapping,2,1,1,0,1,0,3,2,3.72,4.233307192484233,4.23,0.0003071924842332763,0.4149000087636523,0.057399993238504976,0.1574333340007191,measured_success,303
new_pf,close_pka,close_pka,3000303,995,base,near,single,1,1,1,0,1,0,2,1,4.52,7.027566220847342,7.03,0.025566220847342613,131.61440000112634,51.831100005074404,91.72275000310037,measured_success,303
new_ppo,close_pka,close_pka,3000303,995,base,near,single,1,1,0,0,1,0,2,0,3.1100000000000003,6.912150562665953,6.91,0.08984943733404638,0.32980000105453655,0.041600003896746784,0.18570000247564167,measured_success,303
new_pf,close_pka,close_pka,3000303,996,acid,far,single,1,1,0,0,1,0,12,8,18.7,4.244412531142485,4.24,0.09241253114248504,531.6885000065668,190.61180000426248,60.1916916675691,measured_success,303
new_ppo,close_pka,close_pka,3000303,996,acid,far,single,1,0,0,0,0,0,25,13,50.0,3.6731557006013897,3.67,0.4788442993986104,1.4918999877409078,0.2552999940235168,0.06988799927057698,dose_limit,303
new_pf,close_pka,close_pka,3000303,997,base,far,overlapping,3,1,1,0,1,0,14,9,14.889999999999997,7.955783570818312,7.96,0.049783570818312306,649.3882999711786,282.3417000035988,66.55214285534124,measured_success,303
new_ppo,close_pka,close_pka,3000303,997,base,far,overlapping,3,1,1,0,1,0,14,9,17.07,7.953489970835193,7.95,0.04748997083519324,0.9290999951190315,0.1813000053516589,0.07931428574790646,measured_success,303
new_pf,close_pka,close_pka,3000303,998,base,medium,overlapping,2,1,1,0,1,0,9,5,6.03,4.101067127616389,4.1,0.015067127616388731,164.130799988925,147.66020001843572,34.643444445262304,measured_success,303
new_ppo,close_pka,close_pka,3000303,998,base,medium,overlapping,2,1,0,0,1,0,8,5,5.909999999999999,4.136004508636919,4.14,0.05000450863691874,0.6537999943247996,0.0931999966269359,0.09337499886896694,measured_success,303
new_pf,close_pka,close_pka,3000303,999,acid,medium,single,1,1,1,0,1,0,2,0,5.5,3.908007308037246,3.91,0.03400730803724583,136.52059999731136,79.14979999623029,107.83519999677083,measured_success,303
new_ppo,close_pka,close_pka,3000303,999,acid,medium,single,1,1,1,0,1,0,4,0,5.58,3.8935137355894067,3.89,0.01951373558940661,0.5385999975260347,0.07789999654050916,0.15412499851663597,measured_success,303
new_pf,close_pka,close_pka,3000303,1000,base,medium,single,1,1,1,0,1,0,5,4,8.440000000000001,6.308382899436541,6.31,0.01061710056345877,270.5162000056589,169.27769999892917,87.95878000091761,measured_success,303
new_ppo,close_pka,close_pka,3000303,1000,base,medium,single,1,1,1,0,1,0,5,3,7.279999999999999,6.359276500756867,6.36,0.04027650075686662,0.4504000098677352,0.06829999620094895,0.10374000121373683,measured_success,303
