method,regime,distribution,task_seed,task_id,direction,difficulty,pka_family,true_pair_count,true_success,strict_success,severe_failure,measured_success,false_stop,steps,crossings,total_volume_ml,final_true_ph,final_measured_ph,final_abs_error,decision_time_ms_total,update_time_ms_total,controller_time_ms_per_step,stop_reason,benchmark_seed
new_pf,response_fraction_0p70,nominal,3000101,1,acid,medium,single,1,1,1,0,1,0,10,1,7.880000000000002,2.7140176757937153,2.68,0.04698232420628479,1218.3164000161923,539.8966999928234,175.82131000090158,measured_success,101
new_ppo,response_fraction_0p70,nominal,3000101,1,acid,medium,single,1,1,0,0,1,0,7,2,11.299999999999997,2.8357180224671614,2.72,0.0747180224671613,3.433700003370177,0.22569999418919906,0.522771428222768,measured_success,101
new_pf,response_fraction_0p70,nominal,3000101,2,acid,medium,single,1,1,1,0,1,0,7,0,15.89,3.413992417924357,3.45,0.049992417924356936,438.9454999982263,349.9859999938053,112.70449999886166,measured_success,101
new_ppo,response_fraction_0p70,nominal,3000101,2,acid,medium,single,1,1,1,0,1,0,7,1,16.46,3.3255279310341495,3.37,0.038472068965850426,4.679000012401957,0.6326000002445653,0.7588000018066461,measured_success,101
new_pf,response_fraction_0p70,nominal,3000101,3,acid,far,single,1,0,0,1,0,0,50,1,11.63000000000002,2.3797271494102823,2.37,0.7172728505897177,6729.574700046214,1901.9290000142064,172.6300740012084,max_steps,101
new_ppo,response_fraction_0p70,nominal,3000101,3,acid,far,single,1,0,0,0,1,1,8,2,11.079999999999998,3.3587862155437973,3.06,0.26178621554379733,1.5213000078801997,0.22279999393504113,0.2180125002269051,measured_success,101
new_pf,response_fraction_0p70,nominal,3000101,4,base,far,separated,2,1,1,0,1,0,38,4,15.699999999999989,8.074254754239192,8.13,0.04674524576080863,2861.6805000056047,1615.8328999590594,117.8292999990701,measured_success,101
new_ppo,response_fraction_0p70,nominal,3000101,4,base,far,separated,2,0,0,1,1,1,15,6,17.26,6.8665320121072515,8.12,1.254467987892749,2.151300010154955,0.3437999912421219,0.16634000009313846,measured_success,101
new_pf,response_fraction_0p70,nominal,3000101,5,base,near,separated,2,1,1,0,1,0,1,1,0.63,2.743390773141435,2.67,0.014390773141434998,9.455500003241468,64.2946000007214,73.75010000396287,measured_success,101
new_ppo,response_fraction_0p70,nominal,3000101,5,base,near,separated,2,1,1,0,1,0,2,1,2.7199999999999998,2.7527051960390274,2.79,0.02370519603902732,0.48490000335732475,0.05510000482900068,0.2700000040931627,measured_success,101
new_pf,response_fraction_0p70,nominal,3000101,6,base,medium,overlapping,3,0,0,0,1,1,5,1,11.860000000000001,4.648778068812003,4.49,0.19177806881200343,32.39209999446757,309.3745000005583,68.35331999900518,measured_success,101
new_ppo,response_fraction_0p70,nominal,3000101,6,base,medium,overlapping,3,1,1,0,1,0,6,1,13.0,4.472006245155111,4.54,0.015006245155110953,3.074899985222146,0.17160000425064936,0.5410833315787992,measured_success,101
new_pf,response_fraction_0p70,nominal,3000101,7,base,far,separated,2,1,1,0,1,0,6,0,13.7,4.712857890637489,4.68,0.01814210936251115,62.7604000037536,337.12479999667266,66.64753333340438,measured_success,101
new_ppo,response_fraction_0p70,nominal,3000101,7,base,far,separated,2,0,0,0,1,1,4,1,14.510000000000002,4.831262512268731,4.71,0.10026251226873129,0.7781000022077933,0.17589999333722517,0.23849999888625462,measured_success,101
new_pf,response_fraction_0p70,nominal,3000101,8,acid,near,separated,2,1,0,0,1,0,2,2,3.0300000000000002,3.4412764779531058,3.29,0.09627647795310557,273.87979999912204,164.2294999983278,219.05464999872493,measured_success,101
new_ppo,response_fraction_0p70,nominal,3000101,8,acid,near,separated,2,1,0,0,1,0,2,2,3.1100000000000003,3.44145914610763,3.29,0.09645914610762985,0.43009999353671446,0.062200000684242696,0.24614999711047858,measured_success,101
new_pf,response_fraction_0p70,nominal,3000101,9,base,medium,single,1,1,1,0,1,0,4,0,4.97,5.5296418554146936,5.51,0.03135814458530639,174.34640000283252,226.02989999722922,100.09407500001544,measured_success,101
new_ppo,response_fraction_0p70,nominal,3000101,9,base,medium,single,1,1,0,0,1,0,5,0,4.789999999999999,5.508662186547422,5.49,0.05233781345257782,1.0177000003750436,0.13750000653089955,0.23104000138118863,measured_success,101
new_pf,response_fraction_0p70,nominal,3000101,10,acid,medium,overlapping,3,1,0,0,1,0,2,1,2.6199999999999997,3.802395716427334,3.9,0.05760428357266578,14.30120000441093,170.1528999983566,92.22705000138376,measured_success,101
new_ppo,response_fraction_0p70,nominal,3000101,10,acid,medium,overlapping,3,0,0,0,1,1,2,1,3.1100000000000003,3.7347024731497225,3.85,0.1252975268502774,1.1173000020789914,0.05579999560723081,0.5865499988431111,measured_success,101
new_pf,response_fraction_0p70,nominal,3000101,11,acid,near,single,1,1,0,0,1,0,1,1,1.13,7.880028106379587,8.03,0.07197189362041279,12.058499996783212,93.14309999899706,105.20159999578027,measured_success,101
new_ppo,response_fraction_0p70,nominal,3000101,11,acid,near,single,1,0,0,0,0,0,50,0,0.5000000000000002,8.109267191080072,8.11,0.1572671910800718,9.963300013623666,1.3283999942359515,0.22583400015719235,max_steps,101
new_pf,response_fraction_0p70,nominal,3000101,12,base,medium,single,1,0,0,0,1,1,3,1,8.33,3.916649448414015,3.7,0.13564944841401472,143.79310000367695,202.12589999573538,115.30633333313745,measured_success,101
new_ppo,response_fraction_0p70,nominal,3000101,12,base,medium,single,1,0,0,0,1,1,3,1,8.55,3.980656587629845,3.84,0.19965658762984484,0.5984000090393238,0.0836000035633333,0.22733333753421903,measured_success,101
new_pf,response_fraction_0p70,nominal,3000101,13,base,medium,separated,3,0,0,1,1,1,17,2,9.34999999999999,7.9759521188810325,8.45,0.523047881118968,2141.5329000083148,844.7254000057001,175.66225294200086,measured_success,101
new_ppo,response_fraction_0p70,nominal,3000101,13,base,medium,separated,3,1,1,0,1,0,15,4,10.699999999999998,8.476728443488113,8.44,0.02227155651188717,6.16309999168152,0.4256999964127317,0.4392533325396168,measured_success,101
new_pf,response_fraction_0p70,nominal,3000101,14,base,far,single,1,1,0,0,1,0,32,5,18.440000000000026,7.234204972822511,7.1,0.07520497282251082,840.2674999888404,1416.7587000119966,70.53206875002616,measured_success,101
new_ppo,response_fraction_0p70,nominal,3000101,14,base,far,single,1,0,0,1,0,0,22,12,50.0,5.44029883909635,6.24,1.7187011609036498,7.109499973012134,0.6134999930509366,0.3510454530028669,dose_limit,101
new_pf,response_fraction_0p70,nominal,3000101,15,acid,medium,separated,3,0,0,0,0,0,50,1,6.89000000000001,4.833066392708558,4.83,0.1839336072914426,6199.384600004123,1932.4148000087007,162.63598800025648,max_steps,101
new_ppo,response_fraction_0p70,nominal,3000101,15,acid,medium,separated,3,0,0,0,1,1,2,1,3.1100000000000003,4.75639023448052,4.95,0.26060976551948034,0.538200001756195,0.06839999696239829,0.30329999935929663,measured_success,101
new_pf,response_fraction_0p70,nominal,3000101,16,base,medium,separated,2,1,0,0,1,0,3,1,4.98,3.561917414212079,3.48,0.05091741421207896,178.14429999270942,163.02619999623857,113.723499996316,measured_success,101
new_ppo,response_fraction_0p70,nominal,3000101,16,base,medium,separated,2,1,0,0,1,0,4,1,6.619999999999999,3.5710414929343948,3.59,0.06004149293439465,0.7353000037255697,0.10689999908208847,0.21055000070191454,measured_success,101
new_pf,response_fraction_0p70,nominal,3000101,17,acid,near,separated,2,0,0,0,1,1,1,1,3.5,2.450382465765764,2.71,0.22561753423423614,142.26830000552582,124.91420000151265,267.18250000703847,measured_success,101
new_ppo,response_fraction_0p70,nominal,3000101,17,acid,near,separated,2,1,0,0,1,0,4,1,4.84,2.6249681795266655,2.59,0.051031820473334655,0.9767999945324846,0.12199999764561653,0.2746999980445253,measured_success,101
new_pf,response_fraction_0p70,nominal,3000101,18,base,medium,separated,2,1,1,0,1,0,20,2,10.660000000000005,4.320766888815044,4.3,0.04523311118495599,180.48110001836903,995.1364999869838,58.78088000026764,measured_success,101
new_ppo,response_fraction_0p70,nominal,3000101,18,base,medium,separated,2,0,0,0,1,1,10,3,13.189999999999996,4.487430179255952,4.39,0.12143017925595245,1.7659999793977477,0.27850000333273783,0.20444999827304855,measured_success,101
new_pf,response_fraction_0p70,nominal,3000101,19,acid,near,separated,3,1,0,0,1,0,8,0,6.180000000000001,2.349423523894444,2.36,0.07342352389444429,73.63450000411831,313.2988000070327,48.366662501393876,measured_success,101
new_ppo,response_fraction_0p70,nominal,3000101,19,acid,near,separated,3,1,1,0,1,0,4,0,6.700000000000001,2.3124958346580424,2.35,0.036495834658042625,0.7693000079598278,0.11580000136746094,0.22127500233182218,measured_success,101
new_pf,response_fraction_0p70,nominal,3000101,20,base,near,separated,2,1,1,0,1,0,4,2,3.4899999999999998,3.355248092988342,3.41,0.015751907011658073,443.6148000022513,198.36339999892516,160.4945500002941,measured_success,101
new_ppo,response_fraction_0p70,nominal,3000101,20,base,near,separated,2,0,0,0,1,1,1,1,1.67,3.51201976362879,3.34,0.14101976362878998,0.2893999990192242,0.02630000381032005,0.31570000282954425,measured_success,101
new_pf,response_fraction_0p70,nominal,3000101,21,acid,medium,separated,2,1,1,0,1,0,5,0,8.559999999999999,3.7435211067106113,3.78,0.010521106710611239,135.8297999977367,218.64109999296488,70.89417999814032,measured_success,101
new_ppo,response_fraction_0p70,nominal,3000101,21,acid,medium,separated,2,1,1,0,1,0,6,0,8.5,3.755098476123993,3.8,0.02209847612399285,2.9448999994201586,0.1646999953663908,0.5182666657977583,measured_success,101
new_pf,response_fraction_0p70,nominal,3000101,22,base,far,separated,2,0,0,0,1,1,11,3,19.159999999999993,8.73229967900484,8.55,0.12729967900483885,900.4739999945741,587.1583999905852,135.23930908955992,measured_success,101
new_ppo,response_fraction_0p70,nominal,3000101,22,base,far,separated,2,0,0,1,1,1,4,2,17.71,7.8097976817738655,8.53,0.795202318226135,0.5651000028592534,0.09279999358113855,0.164474999110098,measured_success,101
new_pf,response_fraction_0p70,nominal,3000101,23,base,near,single,1,1,1,0,1,0,4,2,2.2600000000000002,5.602517382310555,5.65,0.031482617689444936,262.4133999925107,193.76179999380838,114.04379999657976,measured_success,101
new_ppo,response_fraction_0p70,nominal,3000101,23,base,near,single,1,0,0,0,1,1,2,2,3.1100000000000003,5.423395980041896,5.61,0.21060401995810452,0.4811000035260804,0.05860000237589702,0.2698500029509887,measured_success,101
new_pf,response_fraction_0p70,nominal,3000101,24,acid,near,single,1,0,0,0,1,1,1,1,1.76,1.801303775454961,2.05,0.25769622454503915,134.27009999577422,101.12399999343324,235.39409998920746,measured_success,101
new_ppo,response_fraction_0p70,nominal,3000101,24,acid,near,single,1,1,1,0,1,0,4,2,4.890000000000001,2.0729489672163472,2.01,0.013948967216347086,0.8597999985795468,0.11719999747583643,0.2442499990138458,measured_success,101
new_pf,response_fraction_0p70,nominal,3000101,25,base,near,single,1,1,0,0,1,0,2,1,3.02,3.500238275104574,3.38,0.08123827510457415,86.91949999774806,96.34319999895524,91.63134999835165,measured_success,101
new_ppo,response_fraction_0p70,nominal,3000101,25,base,near,single,1,1,1,0,1,0,2,1,2.7199999999999998,3.4383530610147153,3.35,0.019353061014715234,0.3574999936972745,0.04610000178217888,0.20179999773972668,measured_success,101
new_pf,response_fraction_0p70,nominal,3000101,26,base,medium,single,1,1,0,0,1,0,15,3,11.450000000000003,9.725539582777142,9.64,0.05053958277714088,1076.0120999912033,761.2860000081128,122.4865399999544,measured_success,101
new_ppo,response_fraction_0p70,nominal,3000101,26,base,medium,single,1,1,0,0,1,0,16,0,1.03,9.595758101725988,9.58,0.07924189827401307,6.838199995399918,0.4594999918481335,0.45610624920300324,measured_success,101
new_pf,response_fraction_0p70,nominal,3000101,27,base,medium,single,1,0,0,1,1,1,16,2,9.660000000000007,3.706995264675875,4.37,0.6090047353241248,1965.3463000140619,831.3942000022507,174.79628125101954,measured_success,101
new_ppo,response_fraction_0p70,nominal,3000101,27,base,medium,single,1,0,0,1,1,1,23,8,34.39,1.9927923277535253,4.35,2.3232076722464745,9.10079998720903,0.6349000032059848,0.4232913039310876,measured_success,101
new_pf,response_fraction_0p70,nominal,3000101,28,base,far,single,1,0,0,1,1,1,28,6,16.48000000000001,6.117741668206463,6.79,0.6052583317935367,2682.7238999903784,1358.5295000229962,144.33047857190624,measured_success,101
new_ppo,response_fraction_0p70,nominal,3000101,28,base,far,single,1,0,0,1,0,0,50,20,31.8,5.0257317148785035,4.98,1.6972682851214964,19.33360000111861,1.478200028941501,0.41623600060120225,max_steps,101
new_pf,response_fraction_0p70,nominal,3000101,29,acid,medium,separated,2,1,1,0,1,0,5,3,7.470000000000001,3.778991969861516,3.88,0.01300803013848384,450.2147999883164,326.33050000004005,155.30905999767128,measured_success,101
new_ppo,response_fraction_0p70,nominal,3000101,29,acid,medium,separated,2,0,0,0,1,1,3,2,5.09,4.014723840024379,3.84,0.22272384002437917,0.6940999955986626,0.0990999978967011,0.2643999978317879,measured_success,101
new_pf,response_fraction_0p70,nominal,3000101,30,acid,far,separated,2,0,0,0,1,1,3,1,11.56,2.2293220679180656,2.6,0.3196779320819343,332.3997000043164,233.05120000441093,188.48363333624243,measured_success,101
new_ppo,response_fraction_0p70,nominal,3000101,30,acid,far,separated,2,0,0,0,1,1,3,1,12.32,2.073444622268041,2.59,0.475555377731959,0.5936000088695437,0.07729999197181314,0.2236333336137856,measured_success,101
new_pf,response_fraction_0p70,nominal,3000101,31,base,near,separated,2,1,0,0,1,0,13,1,6.339999999999999,4.534594030782737,4.55,0.0605940307827364,260.3321000060532,590.5897000047844,65.45552307775674,measured_success,101
new_ppo,response_fraction_0p70,nominal,3000101,31,base,near,separated,2,1,0,0,1,0,1,1,2.06,4.569680912314681,4.41,0.09568091231468046,0.2575999969849363,0.028200003725942224,0.2858000007108785,measured_success,101
new_pf,response_fraction_0p70,nominal,3000101,32,acid,near,single,1,1,1,0,1,0,2,1,1.05,5.573409473608821,5.62,0.033590526391178877,12.178300006780773,111.61510000238195,61.89670000458136,measured_success,101
new_ppo,response_fraction_0p70,nominal,3000101,32,acid,near,single,1,1,1,0,1,0,2,1,3.1100000000000003,5.5852632767659856,5.54,0.021736723234014654,0.4413999995449558,0.05490000330610201,0.2481500014255289,measured_success,101
new_pf,response_fraction_0p70,nominal,3000101,33,acid,medium,single,1,0,0,0,1,1,6,4,7.609999999999999,3.9768203815507697,3.78,0.22982038155076978,486.59730000508716,335.342699989269,136.98999999905936,measured_success,101
new_ppo,response_fraction_0p70,nominal,3000101,33,acid,medium,single,1,1,1,0,1,0,5,2,8.05,3.7690241831869784,3.84,0.02202418318697852,2.9363000066950917,0.14769998961128294,0.6167999992612749,measured_success,101
new_pf,response_fraction_0p70,nominal,3000101,34,base,far,single,1,0,0,0,1,1,36,3,19.410000000000043,8.375161805513315,8.16,0.18916180551331507,2337.7149000079953,1588.6383000179194,109.06536666738651,measured_success,101
new_ppo,response_fraction_0p70,nominal,3000101,34,base,far,single,1,0,0,1,1,1,7,4,13.419999999999998,7.124670803439095,8.1,1.061329196560905,3.3769000074244104,0.20850000146310776,0.5122000012696455,measured_success,101
new_pf,response_fraction_0p70,nominal,3000101,35,acid,near,separated,2,0,0,0,1,1,2,1,2.97,2.086058188055543,2.18,0.12594181194445708,141.95639999525156,124.79219999659108,133.37429999592132,measured_success,101
new_ppo,response_fraction_0p70,nominal,3000101,35,acid,near,separated,2,0,0,0,1,1,1,1,3.06,2.062667925111638,2.3,0.14933207488836198,0.2612000025692396,0.03499999729683623,0.2961999998660758,measured_success,101
new_pf,response_fraction_0p70,nominal,3000101,36,acid,medium,separated,2,0,0,0,1,1,14,1,21.77,2.9621566281545952,3.03,0.11484337184540472,263.6727999924915,560.130100006063,58.843064285611035,measured_success,101
new_ppo,response_fraction_0p70,nominal,3000101,36,acid,medium,separated,2,1,1,0,1,0,9,0,19.76,3.114428534978524,3.14,0.03742853497852394,6.491599982837215,0.30390000029001385,0.7550555536808032,measured_success,101
new_pf,response_fraction_0p70,nominal,3000101,37,acid,medium,separated,3,1,0,0,1,0,4,1,11.700000000000001,4.122119867490552,4.23,0.05088013250944812,404.99329999875044,239.1895999899134,161.04572499716596,measured_success,101
new_ppo,response_fraction_0p70,nominal,3000101,37,acid,medium,separated,3,1,1,0,1,0,5,1,11.69,4.123712075456339,4.18,0.04928792454366082,2.9097000006004237,0.13889999536331743,0.6097199991927482,measured_success,101
new_pf,response_fraction_0p70,nominal,3000101,38,acid,medium,separated,2,1,0,0,1,0,12,0,18.44,2.406088110783898,2.42,0.0750881107838981,123.76890000450658,527.2901000207639,54.254916668772545,measured_success,101
new_ppo,response_fraction_0p70,nominal,3000101,38,acid,medium,separated,2,1,0,0,1,0,6,0,18.8,2.3817740790350657,2.43,0.0507740790350657,1.2040999863529578,0.1672000071266666,0.22854999891327074,measured_success,101
new_pf,response_fraction_0p70,nominal,3000101,39,base,near,separated,3,1,0,0,1,0,17,2,6.6700000000000035,6.520543660745901,6.51,0.07345633925409967,682.4260000212234,881.7434000084177,92.00996470762595,measured_success,101
new_ppo,response_fraction_0p70,nominal,3000101,39,base,near,separated,3,0,0,0,1,1,3,2,3.72,6.47123293580807,6.57,0.12276706419193051,0.6285999988904223,0.09259999933419749,0.24039999940820658,measured_success,101
new_pf,response_fraction_0p70,nominal,3000101,40,base,medium,single,1,0,0,0,0,0,50,2,9.98999999999998,3.3661573570025274,3.36,0.3648426429974725,850.3615000154241,2141.4251000096556,59.835732000501594,max_steps,101
new_ppo,response_fraction_0p70,nominal,3000101,40,base,medium,single,1,0,0,1,1,1,10,4,15.159999999999997,3.103239770725267,3.71,0.6277602292747329,1.5172000057646073,0.2516000022296794,0.17688000079942867,measured_success,101
new_pf,response_fraction_0p70,nominal,3000101,41,base,far,separated,2,1,0,0,1,0,10,0,23.710000000000004,5.371687095052296,5.34,0.05931290494770369,175.5831999980728,469.0556999994442,64.4638899997517,measured_success,101
new_ppo,response_fraction_0p70,nominal,3000101,41,base,far,separated,2,1,1,0,1,0,7,1,24.240000000000002,5.440930767881985,5.37,0.009930767881985325,1.3841999971191399,0.20749998657265678,0.22738571195597096,measured_success,101
new_pf,response_fraction_0p70,nominal,3000101,42,base,medium,separated,2,0,0,0,0,0,50,2,8.190000000000005,6.829062189651237,6.81,0.23593781034876304,671.7438999839942,2081.1701999919023,55.05828199951793,max_steps,101
new_ppo,response_fraction_0p70,nominal,3000101,42,base,medium,separated,2,1,1,0,1,0,9,3,8.349999999999998,7.09943682063026,7.13,0.03443682063025921,3.8854000013088807,0.28920000477228314,0.46384444512012935,measured_success,101
new_pf,response_fraction_0p70,nominal,3000101,43,acid,medium,single,1,1,1,0,1,0,3,1,5.41,3.866137385763193,3.92,0.016862614236806905,147.27140000468353,122.95899999298854,90.07679999922402,measured_success,101
new_ppo,response_fraction_0p70,nominal,3000101,43,acid,medium,single,1,1,0,0,1,0,4,1,5.77,3.7936157264198433,3.87,0.08938427358015666,0.8500000112690032,0.12759999663103372,0.24440000197500922,measured_success,101
new_pf,response_fraction_0p70,nominal,3000101,44,base,medium,separated,2,1,1,0,1,0,23,1,9.30000000000001,6.56900391087097,6.63,0.03200391087097021,2769.842099987727,973.7194999834173,162.76354782483236,measured_success,101
new_ppo,response_fraction_0p70,nominal,3000101,44,base,medium,separated,2,0,0,1,1,1,5,2,11.579999999999998,5.9742905965721995,6.58,0.5627094034278004,1.851000008173287,0.15580000035697594,0.40136000170605257,measured_success,101
new_pf,response_fraction_0p70,nominal,3000101,45,base,near,single,1,0,0,0,1,1,1,1,1.37,9.98526591390701,9.79,0.10726591390701046,13.243499997770414,83.64869999786606,96.89219999563647,measured_success,101
new_ppo,response_fraction_0p70,nominal,3000101,45,base,near,single,1,0,0,0,0,0,50,0,0.9300000000000003,9.678601603460969,9.68,0.19939839653903135,16.815000024507754,3.4720999974524602,0.4057420004392043,max_steps,101
new_pf,response_fraction_0p70,nominal,3000101,46,acid,medium,single,1,0,0,0,1,1,2,1,4.66,2.86069003939783,3.05,0.26330996060217027,302.2064000033424,163.19850000581937,232.7024500045809,measured_success,101
new_ppo,response_fraction_0p70,nominal,3000101,46,acid,medium,single,1,1,1,0,1,0,3,2,6.1,3.141260874806167,3.08,0.017260874806166893,0.694800000928808,0.10049999400507659,0.2650999983112949,measured_success,101
new_pf,response_fraction_0p70,nominal,3000101,47,base,medium,separated,2,1,0,0,1,0,3,1,4.9399999999999995,2.752892869578144,2.67,0.05489286957814388,126.29350000497652,133.98240000242367,86.75863333580007,measured_success,101
new_ppo,response_fraction_0p70,nominal,3000101,47,base,medium,separated,2,1,0,0,1,0,4,1,6.619999999999999,2.7770056041692515,2.79,0.07900560416925151,0.9417999972356483,0.13070000568404794,0.26812500072992407,measured_success,101
new_pf,response_fraction_0p70,nominal,3000101,48,base,near,separated,3,1,1,0,1,0,2,0,1.18,6.247786088479566,6.2,0.02621391152043362,22.28109999850858,119.74740000005113,71.01424999927985,measured_success,101
new_ppo,response_fraction_0p70,nominal,3000101,48,base,near,separated,3,0,0,0,1,1,1,1,2.06,6.504770068383763,6.35,0.23077006838376324,0.24370000028284267,0.026100002287421376,0.26980000257026404,measured_success,101
new_pf,response_fraction_0p70,nominal,3000101,49,acid,medium,separated,2,1,0,0,1,0,44,1,8.91999999999998,2.429308078654044,2.43,0.09869192134595606,701.626199981547,1724.3875000131084,55.13667499987853,measured_success,101
new_ppo,response_fraction_0p70,nominal,3000101,49,acid,medium,separated,2,1,1,0,1,0,5,1,8.65,2.499603947396836,2.46,0.028396052603163913,0.9241999941878021,0.1407999952789396,0.21299999789334834,measured_success,101
new_pf,response_fraction_0p70,nominal,3000101,50,base,far,overlapping,3,0,0,1,0,0,50,3,16.970000000000024,9.819474759669447,9.77,0.6104747596694473,5971.179600019241,2163.416999981564,162.6919320000161,max_steps,101
new_ppo,response_fraction_0p70,nominal,3000101,50,base,far,overlapping,3,0,0,0,0,0,50,37,15.579999999999984,9.568809797226947,9.39,0.35980979722694784,21.51330000924645,3.4833999816328287,0.4999339998175856,max_steps,101
new_pf,response_fraction_0p70,nominal,3000101,51,base,near,single,1,1,1,0,1,0,1,0,0.69,3.0979873993548726,3.02,0.009012600645127655,5.288400003337301,45.70880000392208,50.99720000725938,measured_success,101
new_ppo,response_fraction_0p70,nominal,3000101,51,base,near,single,1,1,1,0,1,0,2,2,2.7199999999999998,3.0775291277751338,3.17,0.02947087222486644,0.4254000014043413,0.05129999772179872,0.23834999956307001,measured_success,101
new_pf,response_fraction_0p70,nominal,3000101,52,acid,medium,overlapping,2,0,0,0,1,1,3,1,8.1,3.264243433069793,3.41,0.22875656693020696,364.7093999970821,165.2003999988665,176.63659999864953,measured_success,101
new_ppo,response_fraction_0p70,nominal,3000101,52,acid,medium,overlapping,2,0,0,0,1,1,3,1,7.97,3.3162761924895623,3.48,0.1767238075104376,0.7179000022006221,0.0971000044955872,0.2716666688987364,measured_success,101
new_pf,response_fraction_0p70,nominal,3000101,53,base,medium,separated,2,0,0,0,1,1,2,1,8.35,5.461607267341575,5.09,0.37960726734157557,243.78499999147607,150.45289999397937,197.11894999272772,measured_success,101
new_ppo,response_fraction_0p70,nominal,3000101,53,base,medium,separated,2,1,1,0,1,0,8,1,10.269999999999998,5.1096294517357865,5.14,0.02762945173578668,1.382399997964967,0.2089000045089051,0.19891250030923402,measured_success,101
new_pf,response_fraction_0p70,nominal,3000101,54,acid,near,single,1,1,0,0,1,0,3,0,1.75,7.387883565571325,7.42,0.05488356557132512,22.018700001353864,167.36819998914143,63.12896666349843,measured_success,101
new_ppo,response_fraction_0p70,nominal,3000101,54,acid,near,single,1,0,0,0,0,0,50,0,0.5000000000000002,7.565259808387397,7.57,0.23225980838739702,25.839799978712108,1.5623999934177846,0.5480439994425979,max_steps,101
new_pf,response_fraction_0p70,nominal,3000101,55,acid,near,single,1,1,1,0,1,0,2,0,2.26,1.7248404077157171,1.75,0.02584040771571705,110.3551000051084,163.64660000544973,137.00085000527906,measured_success,101
new_ppo,response_fraction_0p70,nominal,3000101,55,acid,near,single,1,1,1,0,1,0,2,1,3.1100000000000003,1.6635489341970628,1.7,0.03545106580293722,0.37169999995967373,0.062200000684242696,0.21695000032195821,measured_success,101
new_pf,response_fraction_0p70,nominal,3000101,56,base,far,separated,2,0,0,1,0,0,50,2,16.51999999999997,7.870572854656089,7.96,1.82642714534391,2421.914399994421,2092.00529998634,90.27839399961522,max_steps,101
new_ppo,response_fraction_0p70,nominal,3000101,56,base,far,separated,2,0,0,1,1,1,13,3,15.299999999999994,10.743030029087414,9.64,1.0460300290874152,8.77759997092653,0.4371999893919565,0.7088307661783452,measured_success,101
new_pf,response_fraction_0p70,nominal,3000101,57,acid,medium,separated,2,1,0,0,1,0,4,1,9.53,2.145759397808452,2.21,0.062240602191548255,297.12409999774536,291.5106000000378,147.1586749994458,measured_success,101
new_ppo,response_fraction_0p70,nominal,3000101,57,acid,medium,separated,2,0,0,0,1,1,4,1,9.959999999999999,2.086728523929504,2.18,0.12127147607049604,0.7595000060973689,0.12199999764561653,0.22037500093574636,measured_success,101
new_pf,response_fraction_0p70,nominal,3000101,58,acid,near,single,1,0,0,0,1,1,2,1,4.08,2.716681942191193,2.8,0.15131805780880692,267.0681999952649,107.89870000007795,187.4834499976714,measured_success,101
new_ppo,response_fraction_0p70,nominal,3000101,58,acid,near,single,1,1,1,0,1,0,2,1,3.1100000000000003,2.865958158090974,2.95,0.0020418419090257878,0.4906000031041913,0.048800000513438135,0.2697000018088147,measured_success,101
new_pf,response_fraction_0p70,nominal,3000101,59,acid,medium,single,1,1,0,0,1,0,5,3,9.14,6.588513181452965,6.76,0.07148681854703476,377.26109998766333,364.7299000003841,148.39819999760948,measured_success,101
new_ppo,response_fraction_0p70,nominal,3000101,59,acid,medium,single,1,1,1,0,1,0,7,2,5.929999999999999,6.689086073876782,6.64,0.029086073876781526,1.072699982614722,0.16490000416524708,0.17679999811142416,measured_success,101
new_pf,response_fraction_0p70,nominal,3000101,60,acid,medium,separated,2,1,0,0,1,0,16,1,7.699999999999998,4.033021085914699,4.03,0.08997891408530112,358.6237000054098,679.9385999911465,64.91014374978477,measured_success,101
new_ppo,response_fraction_0p70,nominal,3000101,60,acid,medium,separated,2,0,0,0,1,1,3,1,4.97,4.0040303513732045,4.11,0.11896964862679571,0.6803000142099336,0.09040000441018492,0.25690000620670617,measured_success,101
new_pf,response_fraction_0p70,nominal,3000101,61,base,medium,overlapping,3,0,0,1,1,1,5,2,10.18,3.3348272005144812,3.95,0.5711727994855189,54.32559998007491,325.43060000170954,75.95123999635689,measured_success,101
new_ppo,response_fraction_0p70,nominal,3000101,61,base,medium,overlapping,3,0,0,1,0,0,29,6,50.0,3.088856087449221,4.93,0.8171439125507791,9.425399985047989,3.9639999959035777,0.46170344761901955,dose_limit,101
new_pf,response_fraction_0p70,nominal,3000101,62,base,near,separated,2,0,0,0,1,1,2,1,4.49,4.438487458635439,4.27,0.2644874586354389,168.68789999716682,130.08750000153668,149.38769999935175,measured_success,101
new_ppo,response_fraction_0p70,nominal,3000101,62,base,near,separated,2,1,0,0,1,0,2,1,3.1100000000000003,4.243779625930754,4.15,0.06977962593075393,0.40079999598674476,0.05509999755304307,0.22794999676989391,measured_success,101
new_pf,response_fraction_0p70,nominal,3000101,63,base,medium,separated,2,1,0,0,1,0,3,1,3.29,4.884802027319319,4.81,0.08980202731931897,28.157000000646804,121.45660000533098,49.8712000019926,measured_success,101
new_ppo,response_fraction_0p70,nominal,3000101,63,base,medium,separated,2,1,1,0,1,0,2,1,3.1100000000000003,4.831017820652141,4.7,0.0360178206521411,0.4248999975970946,0.054100004490464926,0.23950000104377978,measured_success,101
new_pf,response_fraction_0p70,nominal,3000101,64,base,medium,single,1,1,0,0,1,0,19,2,7.839999999999998,6.889768261863296,6.96,0.06923173813670402,2484.860699987621,955.7095000127447,181.08264210528242,measured_success,101
new_ppo,response_fraction_0p70,nominal,3000101,64,base,medium,single,1,1,0,0,1,0,8,4,5.219999999999999,6.866332227375116,6.96,0.09266777262488368,1.5424999874085188,0.203800002054777,0.21828749868291197,measured_success,101
new_pf,response_fraction_0p70,nominal,3000101,65,base,medium,separated,2,1,1,0,1,0,5,1,8.72,3.1941721728852004,3.13,0.01117217288520056,210.4578000071342,298.3975000170176,101.77106000483036,measured_success,101
new_ppo,response_fraction_0p70,nominal,3000101,65,base,medium,separated,2,1,1,0,1,0,5,0,8.639999999999999,3.1748528246117234,3.1,0.008147175388276473,0.9338000018033199,0.14399999781744555,0.2155599999241531,measured_success,101
new_pf,response_fraction_0p70,nominal,3000101,66,base,near,single,1,1,0,0,1,0,1,1,0.58,3.9924452478702763,3.9,0.0934452478702763,12.85690000077011,78.71549999981653,91.57240000058664,measured_success,101
new_ppo,response_fraction_0p70,nominal,3000101,66,base,near,single,1,1,0,0,1,0,3,2,3.91,3.8088345489567157,3.94,0.09016545104328433,0.7293999879038893,0.09220000356435776,0.273866663822749,measured_success,101
new_pf,response_fraction_0p70,nominal,3000101,67,base,medium,single,1,1,1,0,1,0,11,3,10.750000000000002,8.292849647847664,8.21,0.015849647847664627,512.5238999971771,595.0195000041276,100.68576363648225,measured_success,101
new_ppo,response_fraction_0p70,nominal,3000101,67,base,medium,single,1,0,0,0,1,1,9,4,10.579999999999998,8.123448914794235,8.21,0.15355108520576444,1.5439000126207247,0.24700000358279794,0.1989888906892803,measured_success,101
new_pf,response_fraction_0p70,nominal,3000101,68,acid,near,single,1,1,1,0,1,0,4,1,1.8200000000000003,7.259572594759476,7.24,0.031427405240524564,40.012400000705384,201.0290000034729,60.26035000104457,measured_success,101
new_ppo,response_fraction_0p70,nominal,3000101,68,acid,near,single,1,0,0,0,1,1,2,2,3.16,7.400587076895238,7.27,0.10958707689523806,0.4059999992023222,0.052100003813393414,0.22905000150785781,measured_success,101
new_pf,response_fraction_0p70,nominal,3000101,69,acid,far,single,1,0,0,0,1,1,18,3,14.369999999999996,4.732090424501642,5.06,0.374909575498358,1725.0918000063393,909.8601999940001,146.3862222222411,measured_success,101
new_ppo,response_fraction_0p70,nominal,3000101,69,acid,far,single,1,0,0,1,0,0,22,12,50.0,7.2151505763982176,5.94,2.1081505763982173,3.3200999823748134,0.5678999950760044,0.1767272717023099,dose_limit,101
new_pf,response_fraction_0p70,nominal,3000101,70,base,medium,separated,3,1,0,0,1,0,4,1,9.5,7.149897030569907,7.08,0.06089703056990636,128.95609999395674,217.69900000072084,86.6637749986694,measured_success,101
new_ppo,response_fraction_0p70,nominal,3000101,70,base,medium,separated,3,0,0,0,1,1,3,1,10.54,7.339379772988144,7.12,0.2503797729881434,2.7062999943154864,0.11399999493733048,0.9400999964176057,measured_success,101
new_pf,response_fraction_0p70,nominal,3000101,71,acid,near,separated,3,1,0,0,1,0,20,1,7.2500000000000036,3.8597005651002076,3.86,0.09029943489979253,265.7739000133006,758.3608999921125,51.206740000270656,measured_success,101
new_ppo,response_fraction_0p70,nominal,3000101,71,acid,near,separated,3,1,1,0,1,0,3,0,3.91,3.9619810727765836,4.01,0.011981072776583446,0.588800001423806,0.07230000483104959,0.2203666687516185,measured_success,101
new_pf,response_fraction_0p70,nominal,3000101,72,acid,near,separated,3,0,0,0,1,1,5,3,3.21,7.908540583462809,8.0,0.15445941653719153,303.8561999928788,267.9087000142317,114.35298000142211,measured_success,101
new_ppo,response_fraction_0p70,nominal,3000101,72,acid,near,separated,3,1,0,0,1,0,30,0,0.3000000000000001,8.160771389047966,8.16,0.09777138904796523,13.274800025101285,0.9085999772651121,0.47278000007887994,measured_success,101
new_pf,response_fraction_0p70,nominal,3000101,73,base,medium,separated,3,1,0,0,1,0,4,1,7.2,4.988216474893365,4.91,0.07621647489336514,33.66549999918789,222.02000000106636,63.92137500006356,measured_success,101
new_ppo,response_fraction_0p70,nominal,3000101,73,base,medium,separated,3,0,0,0,1,1,2,1,7.75,5.1703932432297,4.83,0.25839324322970025,2.49910000275122,0.0619000056758523,1.2805000042135362,measured_success,101
new_pf,response_fraction_0p70,nominal,3000101,74,acid,far,single,1,0,0,0,0,0,50,1,11.459999999999992,1.7996192511499376,1.8,0.2183807488500622,6337.019399987184,1966.8696000080672,166.07777999990503,max_steps,101
new_ppo,response_fraction_0p70,nominal,3000101,74,acid,far,single,1,1,0,0,1,0,8,1,15.129999999999997,1.9506719085519428,1.93,0.06732809144805696,1.7656000054557808,0.2505000084056519,0.2520125017326791,measured_success,101
new_pf,response_fraction_0p70,nominal,3000101,75,base,far,single,1,1,0,0,1,0,31,1,14.799999999999983,5.818420788880985,5.83,0.05842078888098534,3663.273299993307,1388.3230999999796,162.9547225804286,measured_success,101
new_ppo,response_fraction_0p70,nominal,3000101,75,base,far,single,1,0,0,1,1,1,10,4,21.8,5.225649881586801,5.76,0.5343501184131991,1.617099995200988,0.26640000578481704,0.1883500000985805,measured_success,101
new_pf,response_fraction_0p70,nominal,3000101,76,acid,medium,single,1,1,1,0,1,0,12,3,7.6,6.9364573402631375,6.9,0.027542659736862873,235.2783000242198,581.1795000045095,68.0381500023941,measured_success,101
new_ppo,response_fraction_0p70,nominal,3000101,76,acid,medium,single,1,0,0,0,1,1,5,3,3.89,6.712924627457683,6.88,0.25107537254231715,4.855700004554819,0.14620000001741573,1.000380000914447,measured_success,101
new_pf,response_fraction_0p70,nominal,3000101,77,base,near,separated,2,1,0,0,1,0,5,0,4.22,3.085807916315577,3.06,0.07119208368442287,47.70650001592003,197.48849999450613,49.03900000208523,measured_success,101
new_ppo,response_fraction_0p70,nominal,3000101,77,base,near,separated,2,1,1,0,1,0,5,0,4.56,3.124589895837455,3.1,0.03241010416254486,0.9006000036606565,0.13580000086221844,0.207280000904575,measured_success,101
new_pf,response_fraction_0p70,nominal,3000101,78,base,near,single,1,1,1,0,1,0,2,1,2.85,4.853565482487749,4.78,0.021565482487749144,135.50799999939045,103.91640000307234,119.7122000012314,measured_success,101
new_ppo,response_fraction_0p70,nominal,3000101,78,base,near,single,1,1,0,0,1,0,2,1,3.1100000000000003,4.8925652957040455,4.8,0.060565295704045674,2.3104000065359287,0.06180000491440296,1.1861000057251658,measured_success,101
new_pf,response_fraction_0p70,nominal,3000101,79,acid,near,separated,2,1,0,0,1,0,2,1,3.2600000000000002,2.4910133087874593,2.57,0.08798669121254088,273.56690000306116,126.97399999888148,200.27045000097132,measured_success,101
new_ppo,response_fraction_0p70,nominal,3000101,79,acid,near,separated,2,1,0,0,1,0,2,1,3.1100000000000003,2.5224847643881576,2.61,0.056515235611842574,1.800600002752617,0.05860000237589702,0.929600002564257,measured_success,101
new_pf,response_fraction_0p70,nominal,3000101,80,base,near,single,1,1,0,0,1,0,6,0,2.95,2.2493995297753093,2.24,0.07560047022469085,57.3617999907583,241.43569999432657,49.799583330847476,measured_success,101
new_ppo,response_fraction_0p70,nominal,3000101,80,base,near,single,1,1,1,0,1,0,3,0,3.5199999999999996,2.2878082517261307,2.26,0.03719174827386951,0.640600010228809,0.09259999205823988,0.2444000007623496,measured_success,101
new_pf,response_fraction_0p70,nominal,3000101,81,base,near,separated,2,1,1,0,1,0,3,1,3.61,2.450513492306392,2.39,0.015513492306391985,137.52039999963017,150.7653999942704,96.09526666463353,measured_success,101
new_ppo,response_fraction_0p70,nominal,3000101,81,base,near,separated,2,1,1,0,1,0,3,0,3.5199999999999996,2.429973658250697,2.35,0.005026341749303054,4.350200004409999,0.09500000305706635,1.481733335822355,measured_success,101
new_pf,response_fraction_0p70,nominal,3000101,82,acid,medium,separated,2,0,0,1,1,1,1,1,4.84,1.9683148567200313,2.65,0.6576851432799686,108.77669999899808,118.35780000546947,227.13450000446755,measured_success,101
new_ppo,response_fraction_0p70,nominal,3000101,82,acid,medium,separated,2,0,0,1,1,1,1,1,4.7,2.0012289302819193,2.68,0.6247710697180806,0.22310000349534675,0.03300000389572233,0.2561000073910691,measured_success,101
new_pf,response_fraction_0p70,nominal,3000101,83,acid,near,separated,2,1,1,0,1,0,2,2,2.31,2.8669441342325985,2.78,0.02994413423259834,247.38990000332706,147.02740000211634,197.2086500027217,measured_success,101
new_ppo,response_fraction_0p70,nominal,3000101,83,acid,near,separated,2,1,1,0,1,0,4,2,4.5200000000000005,2.8522829239469303,2.91,0.015282923946930094,0.7432999991578981,0.09750000026542693,0.21019999985583127,measured_success,101
new_pf,response_fraction_0p70,nominal,3000101,84,base,medium,separated,2,1,0,0,1,0,5,2,10.5,5.769125553273684,5.86,0.06287444672631626,258.0461999896215,292.15570000815205,110.04037999955472,measured_success,101
new_ppo,response_fraction_0p70,nominal,3000101,84,base,medium,separated,2,1,1,0,1,0,6,1,9.67,5.871695715144387,5.91,0.0396957151443873,2.9865000033169053,0.1590999963809736,0.5242666666163132,measured_success,101
new_pf,response_fraction_0p70,nominal,3000101,85,acid,near,single,1,1,0,0,1,0,4,0,3.08,7.370478581773547,7.4,0.06647858177354671,39.16440000466537,163.85199999785982,50.7541000006313,measured_success,101
new_ppo,response_fraction_0p70,nominal,3000101,85,acid,near,single,1,1,1,0,1,0,3,1,3.72,7.281346282989434,7.33,0.02265371701056651,0.5295000009937212,0.07990000449353829,0.20313333516241983,measured_success,101
new_pf,response_fraction_0p70,nominal,3000101,86,base,near,separated,2,0,0,0,1,1,3,1,6.62,4.02463165988755,3.94,0.11563165988755042,272.6921999928891,161.6757000083453,144.78930000041146,measured_success,101
new_ppo,response_fraction_0p70,nominal,3000101,86,base,near,separated,2,1,0,0,1,0,6,0,4.85,3.8505707641618985,3.84,0.058429235838101334,3.062999989197124,0.17329998081550002,0.5393833283354373,measured_success,101
new_pf,response_fraction_0p70,nominal,3000101,87,base,near,separated,2,1,1,0,1,0,2,0,1.51,3.660923129603387,3.61,0.026076870396612772,20.540099998470396,132.8085999994073,76.67434999893885,measured_success,101
new_ppo,response_fraction_0p70,nominal,3000101,87,base,near,separated,2,1,0,0,1,0,1,1,2.06,3.765296404724774,3.63,0.07829640472477406,0.26610000350046903,0.026200003048870713,0.29230000654933974,measured_success,101
new_pf,response_fraction_0p70,nominal,3000101,88,base,medium,separated,3,1,0,0,1,0,11,0,10.41,4.152273085100141,4.14,0.07772691489985917,107.77850000158651,427.23540001315996,48.63762727406786,measured_success,101
new_ppo,response_fraction_0p70,nominal,3000101,88,base,medium,separated,3,1,0,0,1,0,15,0,10.269999999999992,4.142974888763932,4.14,0.08702511123606804,3.5953999831690453,0.34520000917837024,0.26270666615649435,measured_success,101
new_pf,response_fraction_0p70,nominal,3000101,89,base,near,single,1,0,0,0,1,1,3,2,1.23,6.726813769769333,6.8,0.14218623023066712,26.837899997190107,151.8394000013359,59.55909999950867,measured_success,101
new_ppo,response_fraction_0p70,nominal,3000101,89,base,near,single,1,0,0,0,1,1,4,2,3.99,6.767417626935144,6.86,0.10158237306485596,2.499199988960754,0.10099999781232327,0.6500499966932693,measured_success,101
new_pf,response_fraction_0p70,nominal,3000101,90,acid,near,separated,2,1,1,0,1,0,2,1,2.5900000000000003,2.782536112085787,2.83,0.009463887914212599,102.25650000211317,116.53469999873778,109.39560000042547,measured_success,101
new_ppo,response_fraction_0p70,nominal,3000101,90,acid,near,separated,2,1,0,0,1,0,2,1,3.1100000000000003,2.6929092854900922,2.77,0.09909071450990758,0.3924000047845766,0.052499992307275534,0.22244999854592606,measured_success,101
new_pf,response_fraction_0p70,nominal,3000101,91,acid,medium,single,1,1,1,0,1,0,3,1,7.43,1.7023859258723193,1.76,0.012614074127680786,370.1361999992514,153.1466999949771,174.4276333314095,measured_success,101
new_ppo,response_fraction_0p70,nominal,3000101,91,acid,medium,single,1,0,0,0,1,1,3,1,9.53,1.5774078645732859,1.67,0.13759213542671422,0.4245000018272549,0.05920000694459304,0.16123333625728264,measured_success,101
new_pf,response_fraction_0p70,nominal,3000101,92,acid,near,single,1,1,0,0,1,0,16,1,6.060000000000005,3.2174761468712383,3.2,0.056523853128761736,275.35640000132844,665.8062000060454,58.822662500460865,measured_success,101
new_ppo,response_fraction_0p70,nominal,3000101,92,acid,near,single,1,0,0,0,1,1,3,2,3.72,3.3918957474095093,3.33,0.11789574740950926,0.5552000002353452,0.06739999662386253,0.20753333228640258,measured_success,101
new_pf,response_fraction_0p70,nominal,3000101,93,acid,medium,separated,3,0,0,0,1,1,2,1,5.9,2.678859691562984,2.93,0.21314030843701604,143.07220000046073,169.3652000030852,156.21870000177296,measured_success,101
new_ppo,response_fraction_0p70,nominal,3000101,93,acid,medium,separated,3,0,0,0,1,1,2,1,6.300000000000001,2.599650855533298,2.85,0.2923491444667019,0.33819999953266233,0.04130000161239877,0.18975000057253055,measured_success,101
new_pf,response_fraction_0p70,nominal,3000101,94,base,medium,single,1,0,0,0,0,0,50,2,12.609999999999982,3.774723712571558,3.77,0.4662762874284416,5227.160400005232,2041.5552000049502,145.37431200020364,max_steps,101
new_ppo,response_fraction_0p70,nominal,3000101,94,base,medium,single,1,0,0,1,1,1,4,2,10.709999999999999,3.5316543178118023,4.15,0.7093456821881974,0.9081999960471876,0.13640000543091446,0.2611500003695255,measured_success,101
new_pf,response_fraction_0p70,nominal,3000101,95,acid,medium,separated,2,1,0,0,1,0,10,1,5.400000000000001,5.934165359357646,5.92,0.08483464064235413,1041.3111000088975,385.1803999932599,142.64915000021574,measured_success,101
new_ppo,response_fraction_0p70,nominal,3000101,95,acid,medium,separated,2,1,1,0,1,0,7,2,6.25,6.067281446336121,6.01,0.04828144633612119,5.149600001459476,0.1982000030693598,0.7639714292184051,measured_success,101
new_pf,response_fraction_0p70,nominal,3000101,96,acid,medium,single,1,1,1,0,1,0,3,1,3.5300000000000002,5.030251058380994,5.1,0.030748941619005876,127.73689999448834,132.98879999638302,86.90856666362379,measured_success,101
new_ppo,response_fraction_0p70,nominal,3000101,96,acid,medium,single,1,1,0,0,1,0,3,1,3.72,4.973315173635383,5.06,0.08768482636461705,0.5117000036989339,0.07340000593103468,0.19503333654332286,measured_success,101
new_pf,response_fraction_0p70,nominal,3000101,97,acid,medium,single,1,1,0,0,1,0,5,0,5.9799999999999995,6.5980196695905065,6.62,0.053019669590506524,36.78270000091288,207.63299999089213,48.883139998361,measured_success,101
new_ppo,response_fraction_0p70,nominal,3000101,97,acid,medium,single,1,1,0,0,1,0,9,0,5.800000000000001,6.620856785366289,6.64,0.07585678536628926,1.065699994796887,0.17600000865058973,0.13796666704971963,measured_success,101
new_pf,response_fraction_0p70,nominal,3000101,98,acid,medium,separated,3,1,0,0,1,0,28,1,4.649999999999991,1.9801901149844077,1.98,0.0908098850155925,3423.8315999973565,1058.0188000094495,160.06608571452878,measured_success,101
new_ppo,response_fraction_0p70,nominal,3000101,98,acid,medium,separated,3,1,1,0,1,0,4,2,7.08,2.1115129026535557,2.04,0.04051290265355556,0.6378000107361004,0.09960000170394778,0.18435000311001204,measured_success,101
new_pf,response_fraction_0p70,nominal,3000101,99,acid,near,separated,2,1,0,0,1,0,6,0,4.24,5.281014490572478,5.29,0.07401449057247778,46.52279999572784,283.47939999366645,55.00036666489905,measured_success,101
new_ppo,response_fraction_0p70,nominal,3000101,99,acid,near,separated,2,1,0,0,1,0,5,0,4.3,5.276437712251411,5.29,0.06943771225141138,2.1555000203079544,0.14039999950909987,0.45918000396341085,measured_success,101
new_pf,response_fraction_0p70,nominal,3000101,100,acid,medium,separated,3,0,0,1,1,1,1,1,6.04,6.792688890405973,7.64,0.9443111095940271,126.31630000396399,126.62229999841657,252.93860000238055,measured_success,101
new_ppo,response_fraction_0p70,nominal,3000101,100,acid,medium,separated,3,1,0,0,1,0,39,1,4.080000000000001,7.638751176784984,7.8,0.09824882321501605,12.472899987187702,1.1221999884583056,0.34859230706784633,measured_success,101
new_pf,response_fraction_0p70,nominal,3000101,101,acid,medium,separated,2,0,0,0,1,1,2,1,3.63,3.9437792543065218,4.08,0.10822074569347784,166.31450000568293,119.14789999718778,142.73120000143535,measured_success,101
new_ppo,response_fraction_0p70,nominal,3000101,101,acid,medium,separated,2,1,1,0,1,0,4,1,4.34,4.005531492961534,3.99,0.04646850703846539,0.7255000018631108,0.1047000041580759,0.20755000150529668,measured_success,101
new_pf,response_fraction_0p70,nominal,3000101,102,acid,medium,single,1,1,1,0,1,0,16,2,9.220000000000004,3.4844896092491124,3.56,0.006489609249112238,1331.9010999694,733.6748000161606,129.09849374909754,measured_success,101
new_ppo,response_fraction_0p70,nominal,3000101,102,acid,medium,single,1,0,0,0,1,1,25,13,32.690000000000005,3.3030666575376824,3.45,0.17493334246231784,15.866700006881729,2.354499985813163,0.7288479997077957,measured_success,101
new_pf,response_fraction_0p70,nominal,3000101,103,acid,medium,separated,2,1,1,0,1,0,2,1,5.17,1.8934457522592618,2.0,0.020554247740738107,243.66890000237618,129.36869999975897,186.51880000106758,measured_success,101
new_ppo,response_fraction_0p70,nominal,3000101,103,acid,medium,separated,2,0,0,0,1,1,3,1,6.1,1.807104780512422,1.87,0.10689521948757785,4.310299998905975,0.0900999948498793,1.4667999979186181,measured_success,101
new_pf,response_fraction_0p70,nominal,3000101,104,acid,near,separated,3,1,0,0,1,0,16,1,5.929999999999998,5.682630302840526,5.67,0.0653696971594746,303.1762999962666,639.8270999852684,58.93771249884594,measured_success,101
new_ppo,response_fraction_0p70,nominal,3000101,104,acid,near,separated,3,0,0,0,1,1,1,1,2.06,5.608818975757053,5.78,0.13918102424294698,0.23689999943599105,0.03090000245720148,0.26780000189319253,measured_success,101
new_pf,response_fraction_0p70,nominal,3000101,105,base,medium,single,1,0,0,1,0,0,50,2,12.00000000000003,3.1731618902151952,3.16,0.933838109784805,692.4082000259659,2094.2975000070874,55.734114000661066,max_steps,101
new_ppo,response_fraction_0p70,nominal,3000101,105,base,medium,single,1,0,0,0,1,1,10,5,6.799999999999999,4.23973179415372,4.16,0.13273179415371938,3.8292999888653867,0.28249999013496563,0.41117999790003523,measured_success,101
new_pf,response_fraction_0p70,nominal,3000101,106,base,far,separated,3,0,0,0,1,1,7,1,24.21,6.3138061451164535,6.16,0.22480614511645314,248.25119999877643,426.869999988412,96.44588571245549,measured_success,101
new_ppo,response_fraction_0p70,nominal,3000101,106,base,far,separated,3,1,1,0,1,0,7,2,24.979999999999997,6.06348855392258,6.11,0.025511446077420175,1.0509999992791563,0.17400000797351822,0.17500000103609636,measured_success,101
new_pf,response_fraction_0p70,nominal,3000101,107,acid,far,single,1,0,0,0,1,1,25,5,14.709999999999994,4.259583645008334,4.36,0.1644163549916664,2703.920999992988,986.6549999642302,147.62303999828873,measured_success,101
new_ppo,response_fraction_0p70,nominal,3000101,107,acid,far,single,1,0,0,0,1,1,18,11,42.31000000000001,4.010506978349611,4.48,0.4134930216503898,3.260499994212296,0.5177999992156401,0.20990555519044088,measured_success,101
new_pf,response_fraction_0p70,nominal,3000101,108,base,far,overlapping,2,0,0,1,0,0,50,19,15.369999999999989,7.515909463496655,7.25,0.7299094634966554,2943.9684999961173,2067.2663999939687,100.22469799980172,max_steps,101
new_ppo,response_fraction_0p70,nominal,3000101,108,base,far,overlapping,2,0,0,1,1,1,19,8,17.589999999999996,4.91000029031834,6.73,1.8759997096816594,3.1716999947093427,0.520200002938509,0.19431052619199218,measured_success,101
new_pf,response_fraction_0p70,nominal,3000101,109,acid,near,single,1,1,1,0,1,0,2,0,3.32,4.219247921337477,4.3,0.009247921337476761,136.66389999707462,136.13850000547245,136.40120000127354,measured_success,101
new_ppo,response_fraction_0p70,nominal,3000101,109,acid,near,single,1,1,0,0,1,0,3,1,3.72,4.118369559214679,4.19,0.09163044078532057,2.44129999919096,0.08379999781027436,0.8416999990004115,measured_success,101
new_pf,response_fraction_0p70,nominal,3000101,110,acid,near,separated,2,1,0,0,1,0,4,0,2.2399999999999998,4.159507405516557,4.17,0.06350740551655676,40.07830000773538,199.96429999446264,60.010650000549504,measured_success,101
new_ppo,response_fraction_0p70,nominal,3000101,110,acid,near,separated,2,1,1,0,1,0,2,1,3.1100000000000003,4.069926167972973,4.12,0.026073832027027066,2.3714999988442287,0.0602000072831288,1.2158500030636787,measured_success,101
new_pf,response_fraction_0p70,nominal,3000101,111,base,near,single,1,1,0,0,1,0,7,0,6.08,4.487497620498269,4.47,0.05550237950173109,62.121899994963314,249.1608999989694,44.46897142770467,measured_success,101
new_ppo,response_fraction_0p70,nominal,3000101,111,base,near,single,1,1,0,0,1,0,8,0,5.82,4.461729550358195,4.45,0.08127044964180552,1.3150999948265962,0.18840000848285854,0.18793750041368185,measured_success,101
new_pf,response_fraction_0p70,nominal,3000101,112,acid,medium,overlapping,3,1,1,0,1,0,14,1,25.29,3.0204756673994213,3.07,0.04252433260057886,329.10630000696983,601.1808000039309,66.4490785722072,measured_success,101
new_ppo,response_fraction_0p70,nominal,3000101,112,acid,medium,overlapping,3,1,0,0,1,0,13,0,23.64,3.1473207685586413,3.16,0.08432076855864112,8.85099999140948,0.3685000046971254,0.7091923073928158,measured_success,101
new_pf,response_fraction_0p70,nominal,3000101,113,base,near,separated,3,1,0,0,1,0,9,0,7.75,8.283740613463532,8.27,0.06625938653646735,75.07190000615083,362.88849999255035,48.662266666522356,measured_success,101
new_ppo,response_fraction_0p70,nominal,3000101,113,base,near,separated,3,1,0,0,1,0,15,0,7.539999999999996,8.264437545587327,8.25,0.0855624544126723,2.0609000348486006,0.34669999149627984,0.16050666842299202,measured_success,101
new_pf,response_fraction_0p70,nominal,3000101,114,base,near,overlapping,2,1,1,0,1,0,2,1,2.0,5.530811997796562,5.48,0.03881199779656175,138.36019999871496,91.11290000146255,114.73655000008876,measured_success,101
new_ppo,response_fraction_0p70,nominal,3000101,114,base,near,overlapping,2,1,0,0,1,0,1,1,2.06,5.544823818414876,5.42,0.05282381841487638,0.22510000417241827,0.021100000594742596,0.24620000476716086,measured_success,101
new_pf,response_fraction_0p70,nominal,3000101,115,base,near,single,1,1,0,0,1,0,34,2,7.0200000000000005,7.859295320456939,7.85,0.08470467954306127,4176.265100002638,1442.8339000223787,165.26761764779462,measured_success,101
new_ppo,response_fraction_0p70,nominal,3000101,115,base,near,single,1,0,0,1,1,1,4,2,4.140000000000001,7.405161489432301,7.85,0.5388385105676994,2.8829000002588145,0.11229998926864937,0.748799997381866,measured_success,101
new_pf,response_fraction_0p70,nominal,3000101,116,base,medium,single,1,1,0,0,1,0,36,2,11.06,7.41915568081474,7.41,0.0688443191852608,4486.247500004538,1431.417399981001,164.37958055515386,measured_success,101
new_ppo,response_fraction_0p70,nominal,3000101,116,base,medium,single,1,1,1,0,1,0,21,7,16.09,7.519816608864403,7.54,0.03181660886440252,5.834500028868206,0.6320999818854034,0.30793333384540994,measured_success,101
new_pf,response_fraction_0p70,nominal,3000101,117,acid,near,overlapping,3,1,0,0,1,0,7,0,3.9700000000000006,3.675669611577474,3.68,0.0786696115774741,66.65129998873454,309.0329999977257,53.669185712351464,measured_success,101
new_ppo,response_fraction_0p70,nominal,3000101,117,acid,near,overlapping,3,1,1,0,1,0,4,0,4.5200000000000005,3.6403255329358535,3.66,0.043325532935853506,4.711699999461416,0.12219999189255759,1.2084749978384934,measured_success,101
new_pf,response_fraction_0p70,nominal,3000101,118,base,near,single,1,1,1,0,1,0,3,1,7.33,7.286991005033279,7.21,0.0059910050332794285,402.4695999978576,180.45270000584424,194.30743333456726,measured_success,101
new_ppo,response_fraction_0p70,nominal,3000101,118,base,near,single,1,1,0,0,1,0,11,0,6.52,7.20731124294999,7.2,0.07368875705000999,2.1572000041487627,0.3381000060471706,0.22684545547235757,measured_success,101
new_pf,response_fraction_0p70,nominal,3000101,119,acid,near,overlapping,3,1,1,0,1,0,2,1,2.37,1.7858775266198417,1.85,0.039122473380158285,152.78740000212565,146.24730000650743,149.51735000431654,measured_success,101
new_ppo,response_fraction_0p70,nominal,3000101,119,acid,near,overlapping,3,0,0,0,1,1,1,1,3.06,1.697161729942977,1.89,0.12783827005702286,0.2741999996942468,0.030199997127056122,0.3043999968213029,measured_success,101
new_pf,response_fraction_0p70,nominal,3000101,120,acid,medium,overlapping,2,1,1,0,1,0,4,1,9.540000000000001,1.9102300018849716,1.97,0.014769998115028438,388.4342999954242,252.2603999968851,160.17367499807733,measured_success,101
new_ppo,response_fraction_0p70,nominal,3000101,120,acid,medium,overlapping,2,0,0,0,1,1,3,1,10.29,1.824680417204517,1.98,0.10031958279548303,2.6800999912666157,0.09049999061971903,0.9235333272954449,measured_success,101
new_pf,response_fraction_0p70,nominal,3000101,121,acid,medium,single,1,1,1,0,1,0,16,2,9.199999999999994,3.6562673682912985,3.71,0.04526736829129829,973.6921999938204,726.4635999890743,106.25973749893092,measured_success,101
new_ppo,response_fraction_0p70,nominal,3000101,121,acid,medium,single,1,0,0,0,1,1,2,2,6.8500000000000005,3.809382316181117,3.54,0.1983823161811169,1.8704999965848401,0.0630999929853715,0.9667999947851058,measured_success,101
new_pf,response_fraction_0p70,nominal,3000101,122,acid,medium,single,1,1,1,0,1,0,6,1,11.03,5.603470455024176,5.64,0.03252954497582383,202.09670000622282,290.41290001623565,82.08493333707641,measured_success,101
new_ppo,response_fraction_0p70,nominal,3000101,122,acid,medium,single,1,1,1,0,1,0,4,1,11.08,5.590207393425249,5.7,0.04579260657475093,2.6623999947332777,0.10589999874355271,0.6920749983692076,measured_success,101
new_pf,response_fraction_0p70,nominal,3000101,123,acid,far,overlapping,3,1,1,0,1,0,4,1,12.409999999999998,1.9382398893087944,2.03,0.04876011069120567,381.5673000062816,293.0437000031816,168.6527500023658,measured_success,101
new_ppo,response_fraction_0p70,nominal,3000101,123,acid,far,overlapping,3,0,0,0,1,1,4,1,13.54,1.813969949150644,1.91,0.17303005084935608,0.8628999930806458,0.13150000449968502,0.2485999993950827,measured_success,101
new_pf,response_fraction_0p70,nominal,3000101,124,acid,near,separated,3,1,0,0,1,0,14,1,3.780000000000001,4.462857197155076,4.45,0.0731428028449237,277.75980001024436,591.4535999836517,62.08667142813543,measured_success,101
new_ppo,response_fraction_0p70,nominal,3000101,124,acid,near,separated,3,0,0,0,1,1,1,1,2.06,4.204257647902054,4.47,0.33174235209794567,0.2744000012171455,0.03060000017285347,0.30500000138999894,measured_success,101
new_pf,response_fraction_0p70,nominal,3000101,125,base,medium,separated,2,1,0,0,1,0,10,0,18.020000000000003,6.531920319261689,6.51,0.06707968073831161,183.34430000686552,427.64729999908013,61.099160000594566,measured_success,101
new_ppo,response_fraction_0p70,nominal,3000101,125,base,medium,separated,2,1,0,0,1,0,6,1,19.05,6.6537877063931425,6.59,0.054787706393142344,1.2283000032766722,0.17710001702653244,0.23423333671720079,measured_success,101
new_pf,response_fraction_0p70,nominal,3000101,126,base,medium,single,1,1,0,0,1,0,27,1,10.120000000000003,6.710886138450567,6.73,0.07288613845056702,3337.4970000004396,1313.041900008102,172.24218148179784,measured_success,101
new_ppo,response_fraction_0p70,nominal,3000101,126,base,medium,single,1,0,0,0,1,1,3,1,3.77,6.796970528724481,6.67,0.15897052872448114,0.5258000019239262,0.07300001016119495,0.19960000402837372,measured_success,101
new_pf,response_fraction_0p70,nominal,3000101,127,base,medium,separated,2,1,1,0,1,0,17,3,9.779999999999996,5.385852348252675,5.32,0.04485234825267437,430.1082999954815,796.4337000084925,72.14952941199847,measured_success,101
new_ppo,response_fraction_0p70,nominal,3000101,127,base,medium,separated,2,0,0,0,1,1,12,5,13.389999999999997,5.446735137205334,5.35,0.10573513720533345,5.552900001930539,0.31519999174633995,0.48900833280640654,measured_success,101
new_pf,response_fraction_0p70,nominal,3000101,128,acid,far,single,1,0,0,0,0,0,50,26,15.759999999999987,5.334880415915444,5.14,0.4318804159154448,4755.205300032685,1903.3352000114974,133.17081000088365,max_steps,101
new_ppo,response_fraction_0p70,nominal,3000101,128,acid,far,single,1,0,0,1,0,0,21,13,50.0,2.1899083922500413,3.48,2.7130916077499583,3.6829000018769875,0.6062000029487535,0.20424285737265432,dose_limit,101
new_pf,response_fraction_0p70,nominal,3000101,129,base,near,separated,2,1,1,0,1,0,3,0,2.7299999999999995,2.957623087010658,2.92,0.029376912989341974,241.39219999779016,133.6827999984962,125.02499999876211,measured_success,101
new_ppo,response_fraction_0p70,nominal,3000101,129,base,near,separated,2,1,1,0,1,0,2,0,2.7199999999999998,2.956514599612367,2.9,0.03048540038763292,0.46100000326987356,0.05560000863624737,0.25830000595306046,measured_success,101
new_pf,response_fraction_0p70,nominal,3000101,130,acid,near,overlapping,2,0,0,0,1,1,1,1,1.43,1.9244688349698165,2.16,0.3045311650301836,156.77039999718545,118.2383999985177,275.00879999570316,measured_success,101
new_ppo,response_fraction_0p70,nominal,3000101,130,acid,near,overlapping,2,1,0,0,1,0,3,2,4.779999999999999,2.3053200628319157,2.2,0.07632006283191561,0.6379000042215921,0.09619999764254317,0.24470000062137842,measured_success,101
new_pf,response_fraction_0p70,nominal,3000101,131,acid,medium,single,1,1,1,0,1,0,12,3,13.009999999999996,4.371644610134476,4.41,0.025355389865524103,653.6985999846365,614.7665000098641,105.70542499954172,measured_success,101
new_ppo,response_fraction_0p70,nominal,3000101,131,acid,medium,single,1,1,0,0,1,0,7,3,16.53,4.32222187997343,4.45,0.07477812002657025,0.9768999952939339,0.1759000078891404,0.1646857147404392,measured_success,101
new_pf,response_fraction_0p70,nominal,3000101,132,base,far,separated,2,1,0,0,1,0,19,2,20.500000000000004,7.848176142985695,7.83,0.07782385701430528,598.3192999847233,1032.9282000166131,85.85513157901771,measured_success,101
new_ppo,response_fraction_0p70,nominal,3000101,132,base,far,separated,2,0,0,0,1,1,10,3,23.779999999999998,8.103526181374264,8.01,0.17752618137426346,1.2807999955839477,0.2035999932559207,0.14843999888398685,measured_success,101
new_pf,response_fraction_0p70,nominal,3000101,133,acid,far,single,1,0,0,1,0,0,50,1,12.72999999999999,2.0176636752854638,2.02,0.738336324714536,6483.290299991495,1951.1758999578888,168.68932399898767,max_steps,101
new_ppo,response_fraction_0p70,nominal,3000101,133,acid,far,single,1,1,1,0,1,0,8,3,17.11,2.7486667158003257,2.71,0.0073332841996740505,3.566899998986628,0.22509999689646065,0.47399999948538607,measured_success,101
new_pf,response_fraction_0p70,nominal,3000101,134,base,medium,single,1,1,0,0,1,0,11,0,17.080000000000002,2.9641576633752704,2.94,0.055842336624729594,231.46910001378274,506.9934000057401,67.13295454722935,measured_success,101
new_ppo,response_fraction_0p70,nominal,3000101,134,base,medium,single,1,1,0,0,1,0,14,0,16.919999999999995,2.9437315606772776,2.93,0.07626843932272243,5.262199993012473,0.4017000028397888,0.4045642854180187,measured_success,101
new_pf,response_fraction_0p70,nominal,3000101,135,base,medium,separated,3,1,0,0,0,0,5,0,8.209999999999999,7.097084615222887,7.06,0.06291538477711356,37.92800000519492,241.05630000121891,55.79686000128277,measured_success,101
new_ppo,response_fraction_0p70,nominal,3000101,135,base,medium,separated,3,0,0,0,1,1,3,1,9.48,7.262319961067654,7.16,0.10231996106765351,0.6037999992258847,0.08340000204043463,0.2290666670887731,measured_success,101
new_pf,response_fraction_0p70,nominal,3000101,136,base,near,overlapping,2,1,1,0,1,0,2,0,1.6,3.356120332158694,3.3,0.03787966784130603,171.30750000069384,127.61360000877175,149.4605500047328,measured_success,101
new_ppo,response_fraction_0p70,nominal,3000101,136,base,near,overlapping,2,1,1,0,1,0,3,1,3.5199999999999996,3.4297643412705465,3.46,0.035764341270546396,0.770199992984999,3.3461999919381924,1.3721333283077304,measured_success,101
new_pf,response_fraction_0p70,nominal,3000101,137,base,medium,single,1,0,0,0,1,1,17,2,12.7,8.076093497755668,8.27,0.26890650224433266,2216.502599992964,829.1934999797377,179.1585941160413,measured_success,101
new_ppo,response_fraction_0p70,nominal,3000101,137,base,medium,single,1,1,0,0,1,0,14,4,12.319999999999997,8.253396111154363,8.25,0.09160388884563808,2.259600005345419,0.3924999837181531,0.18943571350454086,measured_success,101
new_pf,response_fraction_0p70,nominal,3000101,138,acid,far,separated,3,1,1,0,1,0,5,1,16.68,4.054249416821918,4.15,0.037750583178081776,142.28110000112792,354.8147000037716,99.4191600009799,measured_success,101
new_ppo,response_fraction_0p70,nominal,3000101,138,acid,far,separated,3,0,0,0,1,1,5,1,17.360000000000003,3.9206508652625915,4.05,0.1713491347374081,1.0301000002073124,0.15299999358830974,0.23661999875912443,measured_success,101
new_pf,response_fraction_0p70,nominal,3000101,139,base,medium,separated,2,1,0,0,1,0,19,1,8.949999999999998,5.615215356380638,5.64,0.05521535638063835,519.3940999815823,760.3806000042823,67.35656315715077,measured_success,101
new_ppo,response_fraction_0p70,nominal,3000101,139,base,medium,separated,2,1,1,0,1,0,8,2,10.939999999999998,5.516799177831034,5.58,0.04320082216896548,3.2995999936247244,0.2026999936788343,0.43778749841294484,measured_success,101
new_pf,response_fraction_0p70,nominal,3000101,140,base,far,single,1,0,0,1,1,1,42,4,19.56000000000003,5.7640230560333805,6.42,0.5569769439666192,2692.367900017416,1832.6502999916556,107.73852857164457,measured_success,101
new_ppo,response_fraction_0p70,nominal,3000101,140,base,far,single,1,0,0,1,1,1,17,8,22.83,4.879999944569178,6.38,1.4410000554308215,3.145600014249794,0.4983999679097906,0.2143529401270344,measured_success,101
new_pf,response_fraction_0p70,nominal,3000101,141,base,far,separated,2,0,0,1,0,0,50,22,18.61000000000003,7.279236315110094,7.74,0.5857636848899066,4440.606699987256,2313.0249000314507,135.07263200037414,max_steps,101
new_ppo,response_fraction_0p70,nominal,3000101,141,base,far,separated,2,0,0,1,0,0,50,23,31.170000000000012,11.671437727469147,10.34,3.806437727469147,11.64809999318095,1.2664999812841415,0.2582919994893018,max_steps,101
new_pf,response_fraction_0p70,nominal,3000101,142,base,near,separated,2,1,0,0,1,0,2,2,1.25,5.692733060601515,5.77,0.0652669393984846,19.662699989567045,158.01659999851836,88.8396499940427,measured_success,101
new_ppo,response_fraction_0p70,nominal,3000101,142,base,near,separated,2,1,1,0,1,0,12,4,10.839999999999996,5.747467259361105,5.68,0.010532740638894644,2.2452000048360787,0.34919999598059803,0.2162000000680564,measured_success,101
new_pf,response_fraction_0p70,nominal,3000101,143,acid,medium,separated,2,0,0,1,1,1,1,1,4.8,1.9582648826026912,2.66,0.681735117397309,124.8005999950692,136.55709999875398,261.3576999938232,measured_success,101
new_ppo,response_fraction_0p70,nominal,3000101,143,acid,medium,separated,2,0,0,1,1,1,1,1,4.7,1.976936058366686,2.68,0.6630639416333142,0.3034999972442165,0.030999995942693204,0.3344999931869097,measured_success,101
new_pf,response_fraction_0p70,nominal,3000101,144,base,medium,separated,2,0,0,0,1,1,1,1,3.78,6.993238755084404,6.55,0.4042387550844033,150.47989999584388,105.59159999684198,256.07149999268586,measured_success,101
new_ppo,response_fraction_0p70,nominal,3000101,144,base,medium,separated,2,1,1,0,1,0,6,2,4.83,6.575565391082293,6.61,0.013434608917707536,1.0963999957311898,0.17029999435180798,0.21111666501383297,measured_success,101
new_pf,response_fraction_0p70,nominal,3000101,145,acid,near,single,1,1,0,0,1,0,18,1,6.130000000000005,3.963581311374213,3.96,0.08941868862578684,268.2128999949782,694.3968000123277,53.478316667072555,measured_success,101
new_ppo,response_fraction_0p70,nominal,3000101,145,acid,near,single,1,1,0,0,1,0,1,1,2.06,3.9751051368230037,4.12,0.07789486317699623,0.2125999963027425,0.02390000008745119,0.2364999963901937,measured_success,101
new_pf,response_fraction_0p70,nominal,3000101,146,acid,medium,separated,3,1,0,0,1,0,14,1,5.709999999999996,2.294732515216113,2.29,0.08626748478388668,359.12899999675574,514.5640000118874,62.406642857760225,measured_success,101
new_ppo,response_fraction_0p70,nominal,3000101,146,acid,medium,separated,3,1,0,0,1,0,3,1,6.1,2.3007853096594033,2.29,0.08021469034059647,2.625099994475022,0.08679999882588163,0.9039666644336345,measured_success,101
new_pf,response_fraction_0p70,nominal,3000101,147,acid,near,single,1,0,0,0,1,1,2,1,1.58,6.9280292411757,7.0,0.1079707588242993,20.387799995660316,132.04269999550888,76.2152499955846,measured_success,101
new_ppo,response_fraction_0p70,nominal,3000101,147,acid,near,single,1,0,0,0,1,1,1,1,2.06,6.747079304711699,6.97,0.2889206952883008,0.2701999983401038,0.028599999495781958,0.29879999783588573,measured_success,101
new_pf,response_fraction_0p70,nominal,3000101,148,acid,far,separated,3,0,0,0,1,1,6,1,19.299999999999997,2.4470650534840814,2.54,0.11593494651591874,356.08009999850765,294.1759999957867,108.37601666571572,measured_success,101
new_ppo,response_fraction_0p70,nominal,3000101,148,acid,far,separated,3,0,0,0,1,1,5,1,19.220000000000002,2.46118319575407,2.58,0.1018168042459302,0.8567999975639395,0.12299999798415229,0.19595999910961837,measured_success,101
new_pf,response_fraction_0p70,nominal,3000101,149,base,far,single,1,1,0,0,1,0,30,2,15.709999999999981,9.01290610036314,9.18,0.09909389963686088,523.5333000164246,1253.0813999837846,59.220490000006976,measured_success,101
new_ppo,response_fraction_0p70,nominal,3000101,149,base,far,single,1,1,1,0,1,0,11,4,19.940000000000005,9.074516236692155,9.12,0.03748376330784531,1.912700005050283,0.3073999978369102,0.20182727298974482,measured_success,101
new_pf,response_fraction_0p70,nominal,3000101,150,acid,medium,single,1,0,0,0,1,1,3,1,10.14,3.5697257971180534,3.86,0.2632742028819468,246.1637000014889,193.771199999901,146.64496666712998,measured_success,101
new_ppo,response_fraction_0p70,nominal,3000101,150,acid,medium,single,1,1,0,0,1,0,7,3,16.84,3.7762152363237105,3.89,0.05678476367628971,3.3779999939724803,0.21599997853627428,0.5134285675012507,measured_success,101
new_pf,response_fraction_0p70,nominal,3000101,151,acid,medium,separated,3,0,0,1,1,1,1,1,5.64,5.423887771080393,6.22,0.8291122289196071,87.53240000078222,121.12410000554519,208.6565000063274,measured_success,101
new_ppo,response_fraction_0p70,nominal,3000101,151,acid,medium,separated,3,0,0,0,1,1,5,2,7.65,6.434263671324063,6.23,0.18126367132406251,1.0019000037573278,0.15449999045813456,0.23127999884309247,measured_success,101
new_pf,response_fraction_0p70,nominal,3000101,152,acid,medium,single,1,0,0,1,1,1,21,2,9.929999999999989,5.616552556376599,5.01,0.5465525563765983,2616.9002000024193,879.6080000029178,166.50039047644464,measured_success,101
new_ppo,response_fraction_0p70,nominal,3000101,152,acid,medium,single,1,0,0,0,1,1,12,8,28.759999999999998,5.303270914721425,5.04,0.23327091472142492,3.9209999958984554,0.29350000113481656,0.351208333086106,measured_success,101
new_pf,response_fraction_0p70,nominal,3000101,153,acid,medium,separated,2,1,1,0,1,0,12,0,24.380000000000006,1.6686373585160452,1.69,0.03863735851604533,441.28089999139775,575.4824000177905,84.73027500076569,measured_success,101
new_ppo,response_fraction_0p70,nominal,3000101,153,acid,medium,separated,2,1,1,0,1,0,11,0,24.05,1.6796930942365336,1.69,0.049693094236533675,1.7627999986871146,0.2818999928422272,0.18588181741175835,measured_success,101
new_pf,response_fraction_0p70,nominal,3000101,154,acid,near,separated,2,1,1,0,1,0,2,0,2.92,1.6858465311867032,1.75,0.011846531186703313,138.36299999820767,117.52550000528572,127.9442500017467,measured_success,101
new_ppo,response_fraction_0p70,nominal,3000101,154,acid,near,separated,2,0,0,0,1,1,2,1,4.16,1.563710886675174,1.65,0.11028911332482583,0.3915999986929819,0.06399999983841553,0.22779999926569872,measured_success,101
new_pf,response_fraction_0p70,nominal,3000101,155,acid,medium,single,1,0,0,0,1,1,4,1,11.309999999999999,3.2454956034489344,3.46,0.2715043965510655,216.87160000146832,194.75650000094902,102.90702500060434,measured_success,101
new_ppo,response_fraction_0p70,nominal,3000101,155,acid,medium,single,1,1,1,0,1,0,6,1,12.909999999999998,3.473542107724527,3.42,0.0434578922754727,0.8544000011170283,0.12159999459981918,0.1626666659528079,measured_success,101
new_pf,response_fraction_0p70,nominal,3000101,156,acid,near,separated,3,1,1,0,1,0,1,1,1.72,2.8524076233096984,2.95,0.04359237669030147,138.31850000133272,80.34939999924973,218.66790000058245,measured_success,101
new_ppo,response_fraction_0p70,nominal,3000101,156,acid,near,separated,3,0,0,0,1,1,1,1,2.06,2.770955277666923,2.9,0.12504472233307684,0.28789999487344176,0.029800001357216388,0.31769999623065814,measured_success,101
new_pf,response_fraction_0p70,nominal,3000101,157,acid,medium,separated,3,1,1,0,1,0,3,1,6.029999999999999,1.901559352641752,1.96,0.048440647358247935,253.29429999692366,203.76039999973727,152.35156666555363,measured_success,101
new_ppo,response_fraction_0p70,nominal,3000101,157,acid,medium,separated,3,1,0,0,1,0,3,1,6.15,1.8862833991752956,1.97,0.06371660082470432,0.440200004959479,0.06110000686021522,0.16710000393989807,measured_success,101
new_pf,response_fraction_0p70,nominal,3000101,158,base,near,separated,3,1,1,0,1,0,2,1,1.83,5.827154027800287,5.75,0.013154027800286627,9.833900003286544,99.4661000004271,54.650000001856824,measured_success,101
new_ppo,response_fraction_0p70,nominal,3000101,158,base,near,separated,3,1,0,0,1,0,1,1,2.06,5.901900731872043,5.74,0.08790073187204328,0.26709999656304717,0.02800000220304355,0.2950999987660907,measured_success,101
new_pf,response_fraction_0p70,nominal,3000101,159,acid,medium,separated,2,0,0,1,1,1,1,1,2.91,5.057132448461729,5.53,0.5518675515382707,114.55900000146357,98.2469000009587,212.80590000242228,measured_success,101
new_ppo,response_fraction_0p70,nominal,3000101,159,acid,medium,separated,2,1,1,0,1,0,5,1,4.42,5.568908138223259,5.52,0.040091861776740956,3.070799997658469,0.16370000957977027,0.6469000014476478,measured_success,101
new_pf,response_fraction_0p70,nominal,3000101,160,acid,near,single,1,0,0,0,1,1,1,1,1.48,3.7863407841995373,3.92,0.21965921580046288,123.34569999802625,39.51770000276156,162.8634000007878,measured_success,101
new_ppo,response_fraction_0p70,nominal,3000101,160,acid,near,single,1,1,0,0,1,0,3,2,3.72,4.10463551487331,4.04,0.09863551487331002,0.5145000104676001,0.08430000161752105,0.19960000402837372,measured_success,101
new_pf,response_fraction_0p70,nominal,3000101,161,acid,medium,overlapping,2,0,0,0,1,1,2,1,5.83,4.3274943880335,4.54,0.2545056119664997,122.61620000208495,138.94559999607736,130.78089999908116,measured_success,101
new_ppo,response_fraction_0p70,nominal,3000101,161,acid,medium,overlapping,2,1,0,0,1,0,3,1,7.3500000000000005,4.518442382948553,4.49,0.06355761705144669,0.6495999987237155,0.09779999527381733,0.24913333133251095,measured_success,101
new_pf,response_fraction_0p70,nominal,3000101,162,base,near,single,1,1,0,0,1,0,5,0,3.25,2.026891778394658,2.01,0.07510822160534181,34.22149999823887,197.60929999756627,46.36615999916103,measured_success,101
new_ppo,response_fraction_0p70,nominal,3000101,162,base,near,single,1,1,0,0,1,0,3,0,3.5199999999999996,2.0519060794433575,2.02,0.05009392055664241,0.5866999999852851,0.07689999620197341,0.22119999872908616,measured_success,101
new_pf,response_fraction_0p70,nominal,3000101,163,base,medium,single,1,0,0,0,1,1,11,3,9.710000000000004,9.424105221872502,9.21,0.2941052218725009,1042.999500008591,620.0282999925548,151.18434545464962,measured_success,101
new_ppo,response_fraction_0p70,nominal,3000101,163,base,medium,single,1,1,0,0,1,0,12,3,10.859999999999996,9.184053876791928,9.22,0.054053876791927635,7.357299997238442,0.351099981344305,0.6423666648818956,measured_success,101
new_pf,response_fraction_0p70,nominal,3000101,164,base,far,single,1,1,0,0,1,0,40,3,11.299999999999995,10.280154288161704,10.22,0.08015428816170456,345.92660001362674,1499.8711999942316,46.14494500019646,measured_success,101
new_ppo,response_fraction_0p70,nominal,3000101,164,base,far,single,1,0,0,0,1,1,10,1,1.29,10.614205153846413,10.15,0.41420515384641376,3.8206000099307857,0.29430000722641125,0.4114900017157197,measured_success,101
new_pf,response_fraction_0p70,nominal,3000101,165,acid,medium,separated,3,1,0,0,1,0,7,0,13.739999999999998,5.505694567877315,5.53,0.0516945678773153,283.5544999979902,321.50860000547254,86.4375857147804,measured_success,101
new_ppo,response_fraction_0p70,nominal,3000101,165,acid,medium,separated,3,1,0,0,1,0,10,0,13.499999999999996,5.533421248862998,5.55,0.07942124886299862,1.7573999866726808,0.27299998328089714,0.2030399969953578,measured_success,101
new_pf,response_fraction_0p70,nominal,3000101,166,acid,far,single,1,0,0,0,0,0,50,1,7.859999999999991,1.784892626378761,1.78,0.4551073736212392,6231.301400002849,1820.7324000104563,161.0406760002661,max_steps,101
new_ppo,response_fraction_0p70,nominal,3000101,166,acid,far,single,1,1,1,0,1,0,8,2,10.579999999999998,2.287678942115453,2.23,0.04767894211545265,3.411000012420118,0.2294000005349517,0.4550500016193837,measured_success,101
new_pf,response_fraction_0p70,nominal,3000101,167,acid,medium,separated,2,0,0,0,1,1,3,1,9.399999999999999,3.2420504749587327,3.41,0.16294952504126714,240.82320000889013,203.925399997388,148.24953333542604,measured_success,101
new_ppo,response_fraction_0p70,nominal,3000101,167,acid,medium,separated,2,0,0,0,1,1,3,1,9.48,3.225020364135255,3.37,0.17997963586474475,0.5206999994697981,0.07049999840091914,0.19706666595690572,measured_success,101
new_pf,response_fraction_0p70,nominal,3000101,168,base,near,single,1,0,0,0,1,1,2,1,4.2700000000000005,6.314065873748701,6.24,0.15306587374870162,137.28350000019418,76.2789000000339,106.78120000011404,measured_success,101
new_ppo,response_fraction_0p70,nominal,3000101,168,base,near,single,1,1,0,0,1,0,3,1,3.77,6.235195729890085,6.18,0.07419572989008572,0.5492000054800883,0.0788000033935532,0.20933333629121384,measured_success,101
new_pf,response_fraction_0p70,nominal,3000101,169,acid,near,separated,2,1,1,0,1,0,3,0,6.29,1.860773926850439,1.9,0.029773926850439114,281.65449999505654,207.1392000070773,162.9312333340446,measured_success,101
new_ppo,response_fraction_0p70,nominal,3000101,169,acid,near,separated,2,1,1,0,1,0,3,0,6.15,1.8722981336336986,1.93,0.04129813363369861,0.5531999995582737,0.08710000111022964,0.21343333355616778,measured_success,101
new_pf,response_fraction_0p70,nominal,3000101,170,acid,near,separated,2,1,0,0,1,0,2,1,4.47,5.625609879619848,5.78,0.07239012038015247,137.43129999784287,105.20220000034897,121.31674999909592,measured_success,101
new_ppo,response_fraction_0p70,nominal,3000101,170,acid,near,separated,2,1,1,0,1,0,3,0,3.72,5.729821026354653,5.78,0.03182102635465256,0.5330999993020669,0.0754000066081062,0.202833335303391,measured_success,101
new_pf,response_fraction_0p70,nominal,3000101,171,acid,medium,single,1,0,0,0,1,1,18,3,10.53000000000001,6.315732020511071,6.38,0.10426797948892919,394.49539998167893,776.7891999901622,65.07136666510229,measured_success,101
new_ppo,response_fraction_0p70,nominal,3000101,171,acid,medium,single,1,0,0,0,1,1,6,2,7.3100000000000005,6.65413671500345,6.36,0.23413671500344968,3.2670999789843336,0.181099989276845,0.5746999947101964,measured_success,101
new_pf,response_fraction_0p70,nominal,3000101,172,base,far,separated,2,1,1,0,1,0,19,2,11.849999999999998,4.9354668921382,4.91,0.04053310786180031,789.2724000048474,1001.5995999710867,94.25642105136495,measured_success,101
new_ppo,response_fraction_0p70,nominal,3000101,172,base,far,separated,2,0,0,0,1,1,6,2,14.069999999999999,4.631634524528858,4.88,0.34436547547114227,1.2094999983673915,0.18170000839745626,0.2318666677941413,measured_success,101
new_pf,response_fraction_0p70,nominal,3000101,173,acid,near,separated,2,0,0,0,1,1,1,1,2.26,3.2959714416948183,3.57,0.3600285583051819,116.53379999916069,81.77839999552816,198.31219999468885,measured_success,101
new_ppo,response_fraction_0p70,nominal,3000101,173,acid,near,separated,2,0,0,0,1,1,1,1,2.06,3.3916370662308832,3.63,0.2643629337691169,0.27209999825572595,0.0259000007645227,0.29799999902024865,measured_success,101
new_pf,response_fraction_0p70,nominal,3000101,174,acid,far,single,1,1,0,0,1,0,19,1,9.559999999999988,2.1438269489819675,2.14,0.08717305101803241,2350.7245000000694,841.5909999966971,168.0166052629877,measured_success,101
new_ppo,response_fraction_0p70,nominal,3000101,174,acid,far,single,1,1,0,0,1,0,6,2,13.01,2.301826483437151,2.24,0.07082648343715103,3.2169999976758845,0.18119999003829435,0.5663666646190298,measured_success,101
new_pf,response_fraction_0p70,nominal,3000101,175,acid,medium,separated,2,0,0,0,1,1,3,1,9.77,4.0684525991953535,4.25,0.15754740080464646,260.4799000037019,225.93090000736993,162.13693333702395,measured_success,101
new_ppo,response_fraction_0p70,nominal,3000101,175,acid,medium,separated,2,0,0,0,1,1,4,1,9.83,4.055312719501563,4.14,0.17068728049843696,2.5565000032656826,0.11709999671438709,0.6683999999950174,measured_success,101
new_pf,response_fraction_0p70,nominal,3000101,176,base,near,overlapping,2,1,0,0,1,0,6,0,3.44,4.766783281104001,4.76,0.07221671889599968,59.014000005845446,273.0264999845531,55.34008333173309,measured_success,101
new_ppo,response_fraction_0p70,nominal,3000101,176,base,near,overlapping,2,1,1,0,1,0,3,0,3.72,4.7918708988948975,4.76,0.04712910110510293,0.5975000021862797,0.08940000407164916,0.22896666875264296,measured_success,101
new_pf,response_fraction_0p70,nominal,3000101,177,base,near,separated,2,1,0,0,1,0,8,0,5.3999999999999995,2.7608778154312184,2.75,0.08512218456878173,68.59949998761294,315.6334000013885,48.02911249862518,measured_success,101
new_ppo,response_fraction_0p70,nominal,3000101,177,base,near,separated,2,1,0,0,1,0,8,0,5.43,2.762861474658483,2.75,0.08313852534151689,0.9150999976554886,0.14820000797044486,0.13291250070324168,measured_success,101
new_pf,response_fraction_0p70,nominal,3000101,178,base,medium,single,1,1,1,0,1,0,20,3,8.529999999999994,10.506667199709824,10.46,0.039667199709823464,1609.6521000217763,949.68029998563,127.96662000037031,measured_success,101
new_ppo,response_fraction_0p70,nominal,3000101,178,base,medium,single,1,1,1,0,1,0,21,0,2.34,10.460272145121031,10.43,0.006727854878969097,10.183000020333566,0.6080999810365029,0.5138619048271461,measured_success,101
new_pf,response_fraction_0p70,nominal,3000101,179,acid,medium,single,1,1,1,0,1,0,37,3,7.7599999999999945,6.019842299165784,6.06,0.0041577008342157384,2935.1748999979463,1445.1109000001452,118.38610270265113,measured_success,101
new_ppo,response_fraction_0p70,nominal,3000101,179,acid,medium,single,1,0,0,1,1,1,3,2,4.04,7.179438876783816,5.94,1.1554388767838164,0.5622000026050955,0.07069999992381781,0.21096666750963777,measured_success,101
new_pf,response_fraction_0p70,nominal,3000101,180,acid,medium,single,1,1,0,0,1,0,4,1,5.9399999999999995,4.193628363472085,4.19,0.0923716365279148,138.42349999322323,222.25080000498565,90.16857499955222,measured_success,101
new_ppo,response_fraction_0p70,nominal,3000101,180,acid,medium,single,1,1,1,0,1,0,5,1,6.249999999999999,4.2511719733383675,4.22,0.034828026661632094,0.9112999978242442,0.1438000035705045,0.21102000027894974,measured_success,101
new_pf,response_fraction_0p70,nominal,3000101,181,base,far,separated,2,1,0,0,1,0,38,3,15.349999999999971,6.810614513509144,6.83,0.06561451350914371,660.5913000239525,1572.659699995711,58.769763158412196,measured_success,101
new_ppo,response_fraction_0p70,nominal,3000101,181,base,far,separated,2,0,0,0,1,1,10,4,12.639999999999997,6.549394397878329,6.67,0.19560560212167122,1.3809000083710998,0.22869999520480633,0.16096000035759062,measured_success,101
new_pf,response_fraction_0p70,nominal,3000101,182,acid,near,single,1,1,1,0,1,0,3,0,1.4100000000000001,5.905401666744567,5.93,0.02440166674456634,30.863600004522596,156.86989999812795,62.57783333421685,measured_success,101
new_ppo,response_fraction_0p70,nominal,3000101,182,acid,near,single,1,0,0,0,1,1,1,1,2.06,5.780736213499015,5.89,0.10026378650098522,0.23689999943599105,0.03029999788850546,0.2671999973244965,measured_success,101
new_pf,response_fraction_0p70,nominal,3000101,183,acid,near,separated,2,1,0,0,1,0,2,2,1.56,4.265789887083935,4.18,0.05878988708393518,283.689099996991,128.81329999800073,206.25119999749586,measured_success,101
new_ppo,response_fraction_0p70,nominal,3000101,183,acid,near,separated,2,0,0,0,1,1,5,3,5.16,4.0759078201635255,4.15,0.13109217983647437,3.1185000043478794,0.15859999984968454,0.6554200008395128,measured_success,101
new_pf,response_fraction_0p70,nominal,3000101,184,base,near,single,1,0,0,0,1,1,2,2,1.98,3.52128896462043,3.64,0.1477110353795701,121.17579999903683,150.36870000039926,135.77224999971804,measured_success,101
new_ppo,response_fraction_0p70,nominal,3000101,184,base,near,single,1,0,0,0,1,1,22,7,28.580000000000013,3.9112137709919805,3.66,0.2422137709919805,9.19640000211075,0.5981999929645099,0.44520909068523906,measured_success,101
new_pf,response_fraction_0p70,nominal,3000101,185,acid,near,single,1,0,0,0,1,1,1,1,1.47,2.092597488175379,2.24,0.17440251182462108,138.2759000043734,92.92560000176309,231.20150000613648,measured_success,101
new_ppo,response_fraction_0p70,nominal,3000101,185,acid,near,single,1,1,1,0,1,0,2,1,3.1100000000000003,2.2573105795806203,2.22,0.00968942041937959,0.3443999958108179,0.04979999357601628,0.1970999946934171,measured_success,101
new_pf,response_fraction_0p70,nominal,3000101,186,base,medium,overlapping,2,0,0,0,1,1,43,3,10.629999999999981,6.40492628160996,6.31,0.14592628160995957,3469.0931999939494,1906.5914999810047,125.01592325523148,measured_success,101
new_ppo,response_fraction_0p70,nominal,3000101,186,base,medium,overlapping,2,0,0,1,0,0,40,12,50.0,4.9823524000026005,5.56,1.2766475999973999,13.314899981196504,1.0620000102790073,0.3594224997868878,dose_limit,101
new_pf,response_fraction_0p70,nominal,3000101,187,base,medium,single,1,1,0,0,1,0,34,2,11.490000000000002,4.954640275146756,4.91,0.053359724853243584,1348.1111000000965,1497.5796000435366,83.69678529540097,measured_success,101
new_ppo,response_fraction_0p70,nominal,3000101,187,base,medium,single,1,0,0,0,1,1,11,3,11.61,5.280068237470498,5.09,0.27206823747049835,1.9492000064929016,0.3890999942086637,0.21257272733650592,measured_success,101
new_pf,response_fraction_0p70,nominal,3000101,188,acid,far,separated,2,0,0,1,1,1,1,1,5.08,4.807414145623627,5.72,0.9885858543763737,117.78130000311648,113.80599999392871,231.5872999970452,measured_success,101
new_ppo,response_fraction_0p70,nominal,3000101,188,acid,far,separated,2,0,0,0,1,1,7,3,10.0,5.695387959245586,5.77,0.10061204075441399,2.638300007674843,0.1987000141525641,0.40528571740391534,measured_success,101
new_pf,response_fraction_0p70,nominal,3000101,189,base,medium,single,1,0,0,1,1,1,17,2,10.850000000000007,6.5321651368263876,7.12,0.5948348631736122,2140.1284000021406,782.6926000052481,171.93064705925815,measured_success,101
new_ppo,response_fraction_0p70,nominal,3000101,189,base,medium,single,1,0,0,1,0,0,36,11,50.0,10.864395770658483,10.92,3.737395770658483,9.190500029944815,1.0319000066374429,0.2839555565717294,dose_limit,101
new_pf,response_fraction_0p70,nominal,3000101,190,base,medium,single,1,1,0,0,1,0,5,2,6.1899999999999995,4.508312590081287,4.58,0.09968740991871261,47.11400000087451,285.97829999489477,66.61845999915386,measured_success,101
new_ppo,response_fraction_0p70,nominal,3000101,190,base,medium,single,1,1,0,0,1,0,17,5,14.639999999999993,4.683891945375077,4.62,0.07589194537507726,2.1443999867187813,0.40180000360123813,0.14977647001882466,measured_success,101
new_pf,response_fraction_0p70,nominal,3000101,191,acid,near,separated,3,1,1,0,1,0,1,0,1.7,2.0851044850117972,2.16,0.00810448501179728,160.97540000191657,83.14999999856809,244.12540000048466,measured_success,101
new_ppo,response_fraction_0p70,nominal,3000101,191,acid,near,separated,3,1,1,0,1,0,1,1,2.06,2.0345103381526766,2.12,0.04248966184732339,0.24530000519007444,0.02970000059576705,0.2750000057858415,measured_success,101
new_pf,response_fraction_0p70,nominal,3000101,192,acid,near,separated,2,0,0,0,1,1,1,1,3.49,4.25961605553165,4.49,0.22338394446834986,100.4019000029075,44.562800001585856,144.96470000449335,measured_success,101
new_ppo,response_fraction_0p70,nominal,3000101,192,acid,near,separated,2,0,0,0,1,1,2,1,3.1100000000000003,4.3349595376692776,4.44,0.1480404623307221,0.38219999987632036,0.047900000936351717,0.21505000040633604,measured_success,101
new_pf,response_fraction_0p70,nominal,3000101,193,base,far,separated,3,1,0,0,1,0,38,1,23.49000000000003,5.252595938657141,5.25,0.09959593865714123,831.6417000169167,1580.3779000343638,63.47420000134949,measured_success,101
new_ppo,response_fraction_0p70,nominal,3000101,193,base,far,separated,3,1,1,0,1,0,6,0,20.099999999999998,5.142087779685118,5.1,0.01091222031488126,3.1527999963145703,2.1939000143902376,0.8911166684508013,measured_success,101
new_pf,response_fraction_0p70,nominal,3000101,194,base,medium,separated,3,1,0,0,1,0,6,1,21.110000000000003,6.138329029140195,6.05,0.08432902914019458,591.7206999874907,353.09879999113036,157.4699166631035,measured_success,101
new_ppo,response_fraction_0p70,nominal,3000101,194,base,medium,separated,3,1,0,0,1,0,8,0,19.0,5.982368919668428,5.97,0.0716310803315725,5.4692000048817135,0.22750000789528713,0.7120875015971251,measured_success,101
new_pf,response_fraction_0p70,nominal,3000101,195,acid,near,single,1,1,1,0,1,0,4,0,2.88,6.241419667715922,6.27,0.00641966771592184,44.987099994614255,193.28370000584982,59.56770000011602,measured_success,101
new_ppo,response_fraction_0p70,nominal,3000101,195,acid,near,single,1,1,1,0,1,0,2,1,3.1100000000000003,6.1955184984009755,6.28,0.03948150159902486,0.41700000292621553,0.05610000516753644,0.23655000404687598,measured_success,101
new_pf,response_fraction_0p70,nominal,3000101,196,base,far,single,1,0,0,0,1,1,40,4,17.810000000000027,5.796528507171104,6.21,0.46947149282889633,4141.163300002518,1680.9852000078536,145.55371250025928,measured_success,101
new_ppo,response_fraction_0p70,nominal,3000101,196,base,far,single,1,0,0,1,0,0,34,11,50.0,11.565351678217379,11.02,5.299351678217379,7.121199982066173,0.8676999859744683,0.23496764611884238,dose_limit,101
new_pf,response_fraction_0p70,nominal,3000101,197,base,medium,single,1,0,0,1,1,1,5,2,15.700000000000001,5.012399157638791,5.47,0.546600842361209,468.08580000652,374.79719999828376,168.57660000096075,measured_success,101
new_ppo,response_fraction_0p70,nominal,3000101,197,base,medium,single,1,1,1,0,1,0,4,1,12.280000000000001,5.576158160576611,5.61,0.017158160576610904,0.7019000040600076,0.1114999977289699,0.20335000044724438,measured_success,101
new_pf,response_fraction_0p70,nominal,3000101,198,base,near,separated,3,0,0,0,1,1,1,1,0.92,8.596227055855017,8.43,0.2102270558550181,10.054999998828862,65.85520000226097,75.91020000108983,measured_success,101
new_ppo,response_fraction_0p70,nominal,3000101,198,base,near,separated,3,0,0,0,1,1,7,3,4.889999999999999,8.52784718419895,8.45,0.14184718419895148,1.3402000040514395,0.19500000780681148,0.21931428740832157,measured_success,101
new_pf,response_fraction_0p70,nominal,3000101,199,base,medium,single,1,0,0,0,1,1,15,3,9.169999999999998,4.838283656610754,4.75,0.12728365661075358,501.13890001375694,887.9591999939294,92.60654000051242,measured_success,101
new_ppo,response_fraction_0p70,nominal,3000101,199,base,medium,single,1,0,0,0,1,1,19,9,18.21,5.134152006819599,4.81,0.4231520068195991,6.813300002249889,0.498800007335376,0.3848473689255403,measured_success,101
new_pf,response_fraction_0p70,nominal,3000101,200,base,medium,separated,3,0,0,0,1,1,2,1,5.4399999999999995,7.593285066699638,7.23,0.31728506669963785,11.738599998352583,119.4852999979048,65.6119499981287,measured_success,101
new_ppo,response_fraction_0p70,nominal,3000101,200,base,medium,separated,3,0,0,1,1,1,5,2,13.499999999999998,6.694784906244259,7.2,0.5812150937557412,2.865800001018215,0.1500999860581942,0.6031799974152818,measured_success,101
new_pf,response_fraction_0p70,nominal,3000101,201,base,medium,separated,2,1,0,0,1,0,50,2,14.929999999999975,6.428586590023317,6.41,0.07941340997668345,576.6555000082008,2083.0594999788445,53.194299999740906,measured_success,101
new_ppo,response_fraction_0p70,nominal,3000101,201,base,medium,separated,2,0,0,0,0,0,50,18,48.500000000000014,6.18184154933892,7.44,0.3261584506610804,14.917499996954575,3.454699988651555,0.3674439997121226,max_steps,101
new_pf,response_fraction_0p70,nominal,3000101,202,acid,medium,separated,2,0,0,0,1,1,2,1,5.67,4.826847949528553,5.0,0.1461520504714473,234.64049999893177,159.9867999975686,197.31364999825018,measured_success,101
new_ppo,response_fraction_0p70,nominal,3000101,202,acid,medium,separated,2,1,1,0,1,0,3,1,4.97,4.9639211236113905,5.07,0.00907887638860938,0.5155000035301782,0.07329999789362773,0.19626666714126864,measured_success,101
new_pf,response_fraction_0p70,nominal,3000101,203,base,far,separated,2,0,0,1,0,0,50,2,16.530000000000005,5.868439667653828,5.84,0.5605603323461725,781.5845000150148,2161.614400007238,58.86397800044506,max_steps,101
new_ppo,response_fraction_0p70,nominal,3000101,203,base,far,separated,2,0,0,0,1,1,10,4,15.37,6.285106897986497,6.43,0.1438931020135037,1.8256000039400533,0.279399988357909,0.21049999922979623,measured_success,101
new_pf,response_fraction_0p70,nominal,3000101,204,base,near,separated,2,0,0,0,1,1,23,2,4.459999999999997,5.254173560485825,5.37,0.15982643951417508,3063.79649999144,1081.574299998465,180.23351304303935,measured_success,101
new_ppo,response_fraction_0p70,nominal,3000101,204,base,near,separated,2,0,0,0,1,1,24,7,19.8,5.793635797195808,5.5,0.3796357971958084,7.89620001160074,0.6199999843374826,0.35484166649742593,measured_success,101
new_pf,response_fraction_0p70,nominal,3000101,205,base,far,separated,3,1,1,0,1,0,8,0,19.129999999999995,4.806130962833123,4.77,0.029869037166877277,174.868800007971,461.81810001144186,79.58586250242661,measured_success,101
new_ppo,response_fraction_0p70,nominal,3000101,205,base,far,separated,3,0,0,0,1,1,6,1,20.51,5.000299613967524,4.91,0.16429961396752368,3.107099990302231,0.19300001440569758,0.5500166674513215,measured_success,101
new_pf,response_fraction_0p70,nominal,3000101,206,base,far,single,1,0,0,0,1,1,27,3,12.500000000000002,8.948066302083319,8.86,0.1120663020833188,1481.301399981021,1105.392200021015,95.80346666674207,measured_success,101
new_ppo,response_fraction_0p70,nominal,3000101,206,base,far,single,1,0,0,1,1,1,8,4,14.62,8.171295835527523,8.76,0.6647041644724769,1.2112999975215644,0.20250001398380846,0.1767250014381716,measured_success,101
new_pf,response_fraction_0p70,nominal,3000101,207,base,far,separated,2,0,0,0,1,1,22,3,11.780000000000001,9.793323607224295,9.58,0.15832360722429506,2750.160399991728,890.4721999861067,165.4832999989925,measured_success,101
new_ppo,response_fraction_0p70,nominal,3000101,207,base,far,separated,2,0,0,0,1,1,6,3,9.249999999999998,10.035225032474273,9.71,0.4002250324742729,3.372300008777529,0.190200014912989,0.5937500039484197,measured_success,101
new_pf,response_fraction_0p70,nominal,3000101,208,base,near,single,1,1,1,0,1,0,2,1,1.6600000000000001,7.878642637575087,7.8,0.04564263757508691,27.520300005562603,113.5527999867918,70.5365499961772,measured_success,101
new_ppo,response_fraction_0p70,nominal,3000101,208,base,near,single,1,0,0,0,1,1,1,1,2.06,8.100375378025305,7.9,0.26737537802530476,0.26539999817032367,0.027399997634347528,0.2927999958046712,measured_success,101
new_pf,response_fraction_0p70,nominal,3000101,209,base,medium,single,1,1,1,0,1,0,6,1,14.67,3.528810334824886,3.48,0.032810334824886045,555.4018999901018,273.65629999985686,138.1763666649931,measured_success,101
new_ppo,response_fraction_0p70,nominal,3000101,209,base,medium,single,1,1,0,0,1,0,6,0,13.82,3.4322988863601154,3.4,0.06370111363988462,0.8601999943493865,0.13830001989845186,0.1664166690413064,measured_success,101
new_pf,response_fraction_0p70,nominal,3000101,210,acid,medium,single,1,1,0,0,1,0,4,1,5.280000000000001,6.587330903473122,6.65,0.09866909652687816,26.298100005078595,190.412700008892,54.177700003492646,measured_success,101
new_ppo,response_fraction_0p70,nominal,3000101,210,acid,medium,single,1,1,1,0,1,0,6,0,4.930000000000001,6.711924514613974,6.75,0.02592451461397438,3.2350000110454857,2.2184999979799613,0.9089166681709079,measured_success,101
new_pf,response_fraction_0p70,nominal,3000101,211,base,medium,separated,2,0,0,1,1,1,20,2,12.550000000000002,7.614296051933589,8.2,0.5507039480664098,2640.367999993032,920.343599995249,178.03557999941404,measured_success,101
new_ppo,response_fraction_0p70,nominal,3000101,211,base,medium,separated,2,1,1,0,1,0,10,3,11.049999999999997,8.18286093839896,8.26,0.017860938398960968,4.135100003622938,0.29290001111803576,0.44280000147409737,measured_success,101
new_pf,response_fraction_0p70,nominal,3000101,212,base,far,separated,2,1,1,0,1,0,8,0,19.41,6.056917663351706,6.02,0.04008233664829408,239.06770000758115,399.12879998155404,79.7745624986419,measured_success,101
new_ppo,response_fraction_0p70,nominal,3000101,212,base,far,separated,2,1,0,0,1,0,6,1,19.97,6.150368626384276,6.1,0.053368626384275863,1.2980000028619543,0.18850000196835026,0.24775000080505075,measured_success,101
new_pf,response_fraction_0p70,nominal,3000101,213,acid,near,separated,2,1,1,0,1,0,12,1,4.3500000000000005,4.196502683547809,4.18,0.041497316452191235,205.67039996240055,482.68699999607634,57.363116663206405,measured_success,101
new_ppo,response_fraction_0p70,nominal,3000101,213,acid,near,separated,2,0,0,0,1,1,1,1,2.06,3.9500507254602963,4.17,0.2879492745397041,0.2649000016390346,0.029300004825927317,0.2942000064649619,measured_success,101
new_pf,response_fraction_0p70,nominal,3000101,214,acid,medium,single,1,1,0,0,1,0,6,0,9.87,5.493579304582706,5.52,0.057579304582706214,286.98219999932917,326.4522000026773,102.23906666700107,measured_success,101
new_ppo,response_fraction_0p70,nominal,3000101,214,acid,medium,single,1,1,0,0,1,0,6,0,9.759999999999998,5.5088414473455405,5.53,0.07284144734554054,2.5330000062240288,0.1847000021371059,0.45295000139352243,measured_success,101
new_pf,response_fraction_0p70,nominal,3000101,215,base,near,single,1,1,1,0,1,0,3,1,3.52,8.821880614518196,8.88,0.024880614518195898,140.942999998515,156.45039999799337,99.13113333216945,measured_success,101
new_ppo,response_fraction_0p70,nominal,3000101,215,base,near,single,1,0,0,0,0,0,50,0,0.5000000000000002,8.693045331302624,8.69,0.10395466869737646,12.115800003812183,1.4398999846889637,0.27111399977002293,max_steps,101
new_pf,response_fraction_0p70,nominal,3000101,216,base,far,separated,3,0,0,1,1,1,6,2,15.02,6.2576316893322215,6.79,0.5053683106677784,326.0643000030541,365.6799000018509,115.2907000008175,measured_success,101
new_ppo,response_fraction_0p70,nominal,3000101,216,base,far,separated,3,1,0,0,1,0,13,5,22.049999999999997,6.856283869754094,6.74,0.09328386975409408,2.2241999831749126,0.3320000250823796,0.19663076986594555,measured_success,101
new_pf,response_fraction_0p70,nominal,3000101,217,acid,medium,single,1,0,0,0,1,1,1,1,2.63,2.4066457943246222,2.73,0.36135420567537757,102.9807000013534,66.08160000178032,169.0623000031337,measured_success,101
new_ppo,response_fraction_0p70,nominal,3000101,217,acid,medium,single,1,0,0,0,1,1,1,1,2.75,2.361527842522256,2.7,0.4064721574777437,0.2647000001161359,0.03170000127283856,0.2964000013889745,measured_success,101
new_pf,response_fraction_0p70,nominal,3000101,218,base,near,single,1,0,0,0,1,1,2,1,3.13,4.133726039640429,4.01,0.19172603964042878,153.6631999988458,121.81080000300426,137.73700000092504,measured_success,101
new_ppo,response_fraction_0p70,nominal,3000101,218,base,near,single,1,1,1,0,1,0,1,1,2.06,3.9651516092680232,3.86,0.023151609268023066,0.23230000078910962,0.022300002456177026,0.25460000324528664,measured_success,101
new_pf,response_fraction_0p70,nominal,3000101,219,acid,medium,separated,2,0,0,0,1,1,3,1,8.17,3.6650278456246514,3.89,0.30897215437534875,157.40580000419868,228.29490000003716,128.56690000141194,measured_success,101
new_ppo,response_fraction_0p70,nominal,3000101,219,acid,medium,separated,2,1,0,0,1,0,5,1,9.01,3.9044449468809805,3.88,0.06955505311901966,2.993600006448105,0.15659999917261302,0.6300400011241436,measured_success,101
new_pf,response_fraction_0p70,nominal,3000101,220,acid,far,single,1,1,1,0,1,0,47,3,13.619999999999994,3.428852113561647,3.51,0.02114788643835297,5738.7663000044995,1769.0372999932151,159.74050212761094,measured_success,101
new_ppo,response_fraction_0p70,nominal,3000101,220,acid,far,single,1,0,0,0,1,1,12,7,18.7,3.138660419293344,3.41,0.31133958070665635,4.966100001183804,0.32229998760158196,0.4406999990654488,measured_success,101
new_pf,response_fraction_0p70,nominal,3000101,221,acid,far,single,1,0,0,1,1,1,1,1,7.92,1.8368926935527892,3.42,1.638107306447211,133.73149999824818,116.84799999784445,250.57949999609264,measured_success,101
new_ppo,response_fraction_0p70,nominal,3000101,221,acid,far,single,1,0,0,1,1,1,1,1,6.99,1.995861381511412,3.53,1.4791386184885882,0.22879999596625566,0.03279999509686604,0.2615999910631217,measured_success,101
new_pf,response_fraction_0p70,nominal,3000101,222,acid,near,separated,2,1,1,0,1,0,2,1,2.95,2.29219591580678,2.37,0.041804084193219904,104.31139999127481,120.21410000306787,112.26274999717134,measured_success,101
new_ppo,response_fraction_0p70,nominal,3000101,222,acid,near,separated,2,1,0,0,1,0,3,1,4.46,2.2417997182047067,2.24,0.09220028179529338,0.5371000079321675,0.08109999180305749,0.20606666657840833,measured_success,101
new_pf,response_fraction_0p70,nominal,3000101,223,acid,medium,separated,2,0,0,0,1,1,2,1,3.05,1.8620813359549282,1.97,0.19291866404507196,128.468700000667,146.09660000860458,137.2826500046358,measured_success,101
new_ppo,response_fraction_0p70,nominal,3000101,223,acid,medium,separated,2,0,0,0,1,1,1,1,3.19,1.8396370776920907,2.15,0.21536292230790943,0.25570000434527174,0.02819999644998461,0.28390000079525635,measured_success,101
new_pf,response_fraction_0p70,nominal,3000101,224,base,medium,single,1,1,0,0,1,0,6,1,14.8,7.255023454088187,7.26,0.08402345408818679,399.5978000020841,351.3533999939682,125.15853333267539,measured_success,101
new_ppo,response_fraction_0p70,nominal,3000101,224,base,medium,single,1,0,0,0,1,1,6,2,19.1,6.837901592242005,7.21,0.33309840775799504,2.104299986967817,0.15140001778490841,0.3759500007921209,measured_success,101
new_pf,response_fraction_0p70,nominal,3000101,225,base,medium,separated,2,1,1,0,1,0,5,1,5.71,4.959174493609682,5.01,0.02217449360968171,254.5246000008774,290.0952000054531,108.9239600012661,measured_success,101
new_ppo,response_fraction_0p70,nominal,3000101,225,base,medium,separated,2,0,0,0,1,1,4,2,8.409999999999998,4.50819573279999,5.03,0.4288042672000101,0.6403999941539951,0.09760000830283388,0.18450000061420724,measured_success,101
new_pf,response_fraction_0p70,nominal,3000101,226,acid,medium,separated,3,0,0,0,1,1,3,1,7.19,4.397863018572709,4.51,0.1381369814272908,224.2580000020098,170.22620000352617,131.49473333517867,measured_success,101
new_ppo,response_fraction_0p70,nominal,3000101,226,acid,medium,separated,3,0,0,0,1,1,2,1,8.17,4.225954050353645,4.55,0.310045949646355,0.39200000173877925,0.05900000542169437,0.2255000035802368,measured_success,101
new_pf,response_fraction_0p70,nominal,3000101,227,acid,medium,separated,3,0,0,1,1,1,1,1,4.21,1.8530472630758008,2.41,0.5189527369241991,107.47369999444345,116.91050000081304,224.3841999952565,measured_success,101
new_ppo,response_fraction_0p70,nominal,3000101,227,acid,medium,separated,3,1,1,0,1,0,5,2,6.050000000000001,2.374372520827718,2.3,0.0023725208277181054,1.0751000081654638,0.1742999884299934,0.24987999931909144,measured_success,101
new_pf,response_fraction_0p70,nominal,3000101,228,base,medium,single,1,1,0,0,1,0,6,0,7.7,4.641377789426091,4.61,0.0676222105739086,54.69809999340214,258.77790000959067,52.2460000004988,measured_success,101
new_ppo,response_fraction_0p70,nominal,3000101,228,base,medium,single,1,1,0,0,1,0,6,0,7.709999999999999,4.642943644097452,4.61,0.06605635590254799,1.0672999997041188,2.035099998465739,0.517066666361643,measured_success,101
new_pf,response_fraction_0p70,nominal,3000101,229,base,medium,single,1,1,1,0,1,0,4,0,5.79,5.844376804071546,5.82,0.04962319592845432,150.18359999521635,203.1699000071967,88.33837500060326,measured_success,101
new_ppo,response_fraction_0p70,nominal,3000101,229,base,medium,single,1,1,0,0,1,0,8,0,5.659999999999999,5.831139083267685,5.82,0.06286091673231553,1.539299999421928,0.24789998860796914,0.22339999850373715,measured_success,101
new_pf,response_fraction_0p70,nominal,3000101,230,acid,medium,single,1,1,0,0,1,0,12,2,6.93,5.1060955257573415,5.13,0.06009552575734123,402.28380000189645,541.5057999853161,78.64913333226771,measured_success,101
new_ppo,response_fraction_0p70,nominal,3000101,230,acid,medium,single,1,0,0,0,1,1,6,2,6.460000000000001,5.287247860364202,5.08,0.24124786036420165,0.9811999989324249,0.1638999965507537,0.19084999924719645,measured_success,101
new_pf,response_fraction_0p70,nominal,3000101,231,base,medium,single,1,0,0,0,0,0,50,2,15.159999999999975,4.044694538458089,4.03,0.10230546154191167,439.7463999921456,2097.739899989392,50.749725999630755,max_steps,101
new_ppo,response_fraction_0p70,nominal,3000101,231,base,medium,single,1,0,0,1,1,1,6,2,16.15,3.392689633836379,4.12,0.7543103661636215,0.7256000026245601,0.11359999916749075,0.1398666669653418,measured_success,101
new_pf,response_fraction_0p70,nominal,3000101,232,base,near,single,1,0,0,0,1,1,4,2,3.34,8.58574874187397,8.67,0.12125125812602988,165.3555999873788,237.3853000026429,100.68522499750543,measured_success,101
new_ppo,response_fraction_0p70,nominal,3000101,232,base,near,single,1,0,0,0,1,1,5,2,4.420000000000001,8.546257792698587,8.66,0.1607422073014142,0.8133999872370623,0.11810000432888046,0.18629999831318855,measured_success,101
new_pf,response_fraction_0p70,nominal,3000101,233,acid,medium,separated,2,0,0,0,1,1,3,1,6.99,4.139011461847636,4.26,0.15698853815236458,259.6256999968318,163.72150000097463,141.11573333260216,measured_success,101
new_ppo,response_fraction_0p70,nominal,3000101,233,acid,medium,separated,2,0,0,0,1,1,2,1,8.17,3.8549661124446537,4.21,0.44103388755534656,0.4476999965845607,0.050900001951958984,0.24929999926825985,measured_success,101
new_pf,response_fraction_0p70,nominal,3000101,234,acid,medium,single,1,1,1,0,1,0,39,2,11.010000000000012,5.3429806373083615,5.42,0.015980637308361523,3009.607900035917,1430.7359999947948,113.85497179565927,measured_success,101
new_ppo,response_fraction_0p70,nominal,3000101,234,acid,medium,single,1,0,0,1,0,0,17,9,50.0,2.609424897127008,3.8,2.717575102872992,3.0660999909741804,0.48570001672487706,0.20892941221759162,dose_limit,101
new_pf,response_fraction_0p70,nominal,3000101,235,acid,near,separated,3,1,1,0,1,0,5,2,6.9799999999999995,4.858651096224527,4.81,0.0076510962245270875,319.11609999951907,225.05919999821344,108.8350599995465,measured_success,101
new_ppo,response_fraction_0p70,nominal,3000101,235,acid,near,separated,3,0,0,0,1,1,3,1,3.72,4.736951702282914,4.81,0.11404829771708602,2.601700005470775,0.10469999688211828,0.9021333341176311,measured_success,101
new_pf,response_fraction_0p70,nominal,3000101,236,acid,medium,single,1,0,0,0,1,1,11,3,7.009999999999999,4.325631503858023,4.47,0.2163684961419765,341.7887999967206,486.5871000001789,75.30689999971814,measured_success,101
new_ppo,response_fraction_0p70,nominal,3000101,236,acid,medium,single,1,1,0,0,1,0,11,6,14.919999999999998,4.62032582940876,4.64,0.07832582940875987,1.3724999807891436,0.23859999782871455,0.14646363441980528,measured_success,101
new_pf,response_fraction_0p70,nominal,3000101,237,base,near,separated,2,0,0,0,1,1,2,1,2.53,7.1939426582969475,7.08,0.1819426582969479,143.90609999827575,80.37110000441317,112.13860000134446,measured_success,101
new_ppo,response_fraction_0p70,nominal,3000101,237,base,near,separated,2,1,1,0,1,0,4,1,3.99,7.055194439280685,7.11,0.04319443928068534,0.6615000020246953,0.08969999908003956,0.1878000002761837,measured_success,101
new_pf,response_fraction_0p70,nominal,3000101,238,acid,near,separated,2,1,0,0,1,0,3,2,2.5999999999999996,4.057611402160219,4.0,0.07761140216021944,359.4491999974707,133.73390000197105,164.39436666648058,measured_success,101
new_ppo,response_fraction_0p70,nominal,3000101,238,acid,near,separated,2,0,0,0,1,1,3,2,3.72,4.08296305775127,4.0,0.1029630577512699,0.5522999927052297,0.06959999882383272,0.20729999717635414,measured_success,101
new_pf,response_fraction_0p70,nominal,3000101,239,acid,near,separated,3,0,0,0,1,1,1,1,1.39,2.6781204585489604,2.83,0.18987954145103947,130.76659999933327,78.05119999829913,208.8177999976324,measured_success,101
new_ppo,response_fraction_0p70,nominal,3000101,239,acid,near,separated,3,1,1,0,1,0,2,1,3.1100000000000003,2.8492164031971345,2.78,0.018783596802865343,0.4453000001376495,0.06359999679261819,0.25444999846513383,measured_success,101
new_pf,response_fraction_0p70,nominal,3000101,240,base,far,single,1,0,0,1,0,0,50,2,12.509999999999993,9.202335102490284,9.22,0.9056648975097161,5470.640600004117,2021.9140000262996,149.85109200060833,max_steps,101
new_ppo,response_fraction_0p70,nominal,3000101,240,base,far,single,1,0,0,1,1,1,6,1,0.78,10.634315415537028,10.04,0.5263154155370273,0.9178000036627054,0.14169999485602602,0.17658333308645524,measured_success,101
new_pf,response_fraction_0p70,nominal,3000101,241,acid,near,single,1,1,0,0,1,0,4,0,2.46,5.031943391753973,5.05,0.061943391753973565,181.7347999967751,159.09230001125252,85.2067750020069,measured_success,101
new_ppo,response_fraction_0p70,nominal,3000101,241,acid,near,single,1,1,1,0,1,0,2,1,3.1100000000000003,4.964673635779185,5.01,0.005326364220814561,0.4236999957356602,0.05390000296756625,0.23879999935161322,measured_success,101
new_pf,response_fraction_0p70,nominal,3000101,242,acid,near,separated,3,1,0,0,1,0,1,1,1.85,5.3871598856103375,5.54,0.07784011438966232,101.26599999784958,72.88109999353765,174.14709999138722,measured_success,101
new_ppo,response_fraction_0p70,nominal,3000101,242,acid,near,separated,3,0,0,0,1,1,1,1,2.06,5.327939645443134,5.5,0.1370603545568656,0.24950000079115853,0.03060000017285347,0.280100000964012,measured_success,101
new_pf,response_fraction_0p70,nominal,3000101,243,acid,far,separated,3,1,0,0,1,0,18,1,10.119999999999997,2.5235098293319895,2.51,0.06749017066801066,1432.8911999982665,735.6570999982068,120.47490555535963,measured_success,101
new_ppo,response_fraction_0p70,nominal,3000101,243,acid,far,separated,3,1,1,0,1,0,9,1,14.349999999999996,2.5700305418025184,2.53,0.02096945819748175,3.350399994815234,0.2257000087411143,0.39734444483959425,measured_success,101
new_pf,response_fraction_0p70,nominal,3000101,244,base,medium,separated,2,1,1,0,1,0,4,0,8.770000000000001,5.456478595480656,5.4,0.032521404519344266,138.5596999898553,278.42339999915566,104.24577499725274,measured_success,101
new_ppo,response_fraction_0p70,nominal,3000101,244,base,medium,separated,2,1,0,0,1,0,4,1,9.42,5.560838326324069,5.49,0.07183832632406872,0.8337999970535748,0.11399999493733048,0.2369499979977263,measured_success,101
new_pf,response_fraction_0p70,nominal,3000101,245,acid,near,overlapping,2,1,1,0,1,0,3,0,3.5600000000000005,4.332987206369246,4.35,0.04798720636924614,110.48889999074163,114.91810000006808,75.13566666360323,measured_success,101
new_ppo,response_fraction_0p70,nominal,3000101,245,acid,near,overlapping,2,1,1,0,1,0,3,0,3.72,4.316487741194589,4.35,0.031487741194588637,0.6359999970300123,0.0822000001790002,0.23939999906967083,measured_success,101
new_pf,response_fraction_0p70,nominal,3000101,246,acid,medium,separated,2,0,0,0,0,0,50,1,7.800000000000001,2.155577863361094,2.15,0.41342213663890615,6401.09610001673,1972.5640000106068,167.47320200054673,max_steps,101
new_ppo,response_fraction_0p70,nominal,3000101,246,acid,medium,separated,2,0,0,0,1,1,14,5,15.890000000000002,2.395356845450249,2.49,0.173643154549751,4.565199997159652,0.3825000021606684,0.35340714280859437,measured_success,101
new_pf,response_fraction_0p70,nominal,3000101,247,base,far,separated,3,0,0,1,1,1,4,2,17.360000000000003,6.03691498693199,7.08,1.1110850130680099,137.6176999983727,257.6982999962638,98.82899999865913,measured_success,101
new_ppo,response_fraction_0p70,nominal,3000101,247,base,far,separated,3,0,0,1,1,1,4,2,17.71,6.193996812745469,7.22,0.9540031872545303,0.7687999896006659,0.11890000314451754,0.22192499818629585,measured_success,101
new_pf,response_fraction_0p70,nominal,3000101,248,acid,far,single,1,0,0,1,0,0,50,1,6.8199999999999905,1.8201471021041629,1.82,0.644852897895837,6485.500799986767,2023.3372999937274,170.17676199960988,max_steps,101
new_ppo,response_fraction_0p70,nominal,3000101,248,acid,far,single,1,0,0,0,1,1,8,2,7.889999999999999,2.6391452536768476,2.54,0.17414525367684774,3.2630999994580634,0.22250000620260835,0.43570000070758397,measured_success,101
new_pf,response_fraction_0p70,nominal,3000101,249,acid,near,separated,2,1,1,0,1,0,7,1,6.039999999999999,4.226707656776599,4.18,0.03629234322340125,906.7883000097936,318.2150999928126,175.00048571465803,measured_success,101
new_ppo,response_fraction_0p70,nominal,3000101,249,acid,near,separated,2,0,0,0,1,1,1,1,2.06,4.055197485104021,4.33,0.20780251489597923,0.27799999952549115,0.02800000220304355,0.3060000017285347,measured_success,101
new_pf,response_fraction_0p70,nominal,3000101,250,acid,far,single,1,0,0,0,1,1,3,3,8.969999999999999,4.713469191882853,4.93,0.16153080811714737,281.1671000017668,227.9357000006712,169.70093333414601,measured_success,101
new_ppo,response_fraction_0p70,nominal,3000101,250,acid,far,single,1,0,0,1,1,1,5,4,9.790000000000003,5.6415474464336075,4.95,0.7665474464336075,0.718699986464344,0.1247000036528334,0.16867999802343547,measured_success,101
new_pf,response_fraction_0p70,nominal,3000101,251,acid,near,single,1,1,1,0,1,0,1,0,0.78,7.910295202483644,8.0,0.0052952024836434575,7.006400002865121,68.78090000100201,75.78730000386713,measured_success,101
new_ppo,response_fraction_0p70,nominal,3000101,251,acid,near,single,1,1,0,0,1,0,49,0,0.49000000000000027,8.00262632571718,8.0,0.09762632571718033,10.408799971628468,1.3794999686069787,0.2405775498007234,measured_success,101
new_pf,response_fraction_0p70,nominal,3000101,252,acid,near,single,1,1,1,0,1,0,1,0,0.6,7.669269087638648,7.73,0.01626908763864865,10.07749999553198,93.48009999666829,103.55759999220027,measured_success,101
new_ppo,response_fraction_0p70,nominal,3000101,252,acid,near,single,1,1,0,0,1,0,35,0,0.35000000000000014,7.75102962265392,7.75,0.09802962265392079,13.735399988945574,0.9351999906357378,0.4191599994166089,measured_success,101
new_pf,response_fraction_0p70,nominal,3000101,253,base,far,single,1,0,0,1,0,0,50,2,17.16000000000002,4.998952736579515,4.95,0.9860472634204855,3554.731600001105,2117.5932999976794,113.44649799997569,max_steps,101
new_ppo,response_fraction_0p70,nominal,3000101,253,base,far,single,1,0,0,1,1,1,15,8,21.38,3.888708107259399,6.01,2.0962918927406013,4.8748999906820245,0.4323999892221764,0.3538199986602801,measured_success,101
new_pf,response_fraction_0p70,nominal,3000101,254,base,medium,separated,3,1,1,0,1,0,22,2,10.999999999999996,6.998800213792556,7.08,0.03919978620744402,2848.8029999789433,1068.7872000125935,178.07228181779712,measured_success,101
new_ppo,response_fraction_0p70,nominal,3000101,254,base,medium,separated,3,0,0,1,1,1,2,2,7.75,5.978042460044497,7.03,1.0599575399555032,0.4383999985293485,0.05280000186758116,0.24560000019846484,measured_success,101
new_pf,response_fraction_0p70,nominal,3000101,255,acid,medium,separated,2,1,1,0,1,0,4,1,10.75,6.595103775492751,6.7,0.02389622450724893,294.36810000333935,175.59869999240618,117.49169999893638,measured_success,101
new_ppo,response_fraction_0p70,nominal,3000101,255,acid,medium,separated,2,1,1,0,1,0,9,0,10.22,6.647687105977624,6.68,0.028687105977624583,3.440200009208638,0.24030001077335328,0.40894444666466573,measured_success,101
new_pf,response_fraction_0p70,nominal,3000101,256,acid,medium,separated,2,0,0,1,1,1,1,1,4.81,1.6091805081315145,2.34,0.6508194918684853,127.61039999895729,102.52480000053765,230.13519999949494,measured_success,101
new_ppo,response_fraction_0p70,nominal,3000101,256,acid,medium,separated,2,0,0,1,1,1,1,1,4.7,1.6201047168408613,2.35,0.6398952831591385,0.2610000010463409,0.022899999748915434,0.28390000079525635,measured_success,101
new_pf,response_fraction_0p70,nominal,3000101,257,acid,medium,separated,3,1,1,0,1,0,9,1,5.0100000000000025,5.303671924408311,5.27,0.04732807559168872,1294.5828000156325,439.5089000099688,192.67685555840015,measured_success,101
new_ppo,response_fraction_0p70,nominal,3000101,257,acid,medium,separated,3,0,0,0,1,1,5,2,4.550000000000001,5.474578442652572,5.4,0.12357844265257167,1.0000999973271973,0.15330000314861536,0.23068000009516254,measured_success,101
new_pf,response_fraction_0p70,nominal,3000101,258,base,medium,single,1,1,1,0,1,0,6,1,9.79,6.270556476049629,6.3,0.010556476049629282,283.4521000040695,367.40369998733513,108.47596666523411,measured_success,101
new_ppo,response_fraction_0p70,nominal,3000101,258,base,medium,single,1,1,0,0,1,0,4,2,10.41,6.195219675574716,6.25,0.06478032442528381,0.8430000016232952,0.11079999967478216,0.23845000032451935,measured_success,101
new_pf,response_fraction_0p70,nominal,3000101,259,base,far,single,1,1,0,0,1,0,20,6,14.649999999999993,8.371863471728062,8.5,0.05813652827193749,2234.9003999624983,930.9706999993068,158.29355499809026,measured_success,101
new_ppo,response_fraction_0p70,nominal,3000101,259,base,far,single,1,0,0,0,1,1,26,12,19.21999999999999,8.021237352293937,8.51,0.4087626477060624,7.005100043897983,0.6447999767260626,0.2942269238701556,measured_success,101
new_pf,response_fraction_0p70,nominal,3000101,260,acid,medium,separated,2,0,0,0,0,0,50,1,5.74999999999999,3.4240521679838167,3.42,0.4889478320161831,6411.979399978009,1854.7393000044394,165.33437399964896,max_steps,101
new_ppo,response_fraction_0p70,nominal,3000101,260,acid,medium,separated,2,0,0,1,1,1,1,1,4.44,3.3509908871052057,3.97,0.5620091128947942,0.2718999967328273,0.03220000508008525,0.3041000018129125,measured_success,101
new_pf,response_fraction_0p70,nominal,3000101,261,acid,medium,single,1,0,0,0,1,1,2,1,3.4099999999999997,6.513714455266188,6.67,0.21028554473381256,22.227100002055522,161.2980999998399,91.76260000094771,measured_success,101
new_ppo,response_fraction_0p70,nominal,3000101,261,acid,medium,single,1,0,0,0,1,1,2,1,3.1100000000000003,6.599009570633335,6.77,0.12499042936666527,2.483700001903344,0.0596999961999245,1.2716999990516342,measured_success,101
new_pf,response_fraction_0p70,nominal,3000101,262,base,near,single,1,0,0,0,1,1,2,1,3.85,7.727916302559413,7.64,0.11691630255941288,121.94309999176767,95.97339999891119,108.95824999533943,measured_success,101
new_ppo,response_fraction_0p70,nominal,3000101,262,base,near,single,1,1,0,0,1,0,3,1,3.77,7.70934122834338,7.64,0.09834122834338022,0.637700009974651,0.08609999349573627,0.24126666782346243,measured_success,101
new_pf,response_fraction_0p70,nominal,3000101,263,acid,far,separated,3,0,0,0,1,1,6,1,18.93,5.139183233947177,5.23,0.1638167660528227,304.9461999980849,283.5456999964663,98.0819833324252,measured_success,101
new_ppo,response_fraction_0p70,nominal,3000101,263,acid,far,separated,3,1,1,0,1,0,5,0,17.360000000000003,5.308059321660586,5.39,0.005059321660586313,3.6828999873250723,0.15639999764971435,0.7678599969949573,measured_success,101
new_pf,response_fraction_0p70,nominal,3000101,264,base,medium,single,1,1,0,0,1,0,3,1,4.779999999999999,7.940559422694358,7.86,0.054559422694357984,23.867899995821062,140.87989999825368,54.91593333135825,measured_success,101
new_ppo,response_fraction_0p70,nominal,3000101,264,base,medium,single,1,1,1,0,1,0,6,1,6.89,7.902848242524666,7.93,0.016848242524665658,6.116399992606603,0.1948000062839128,1.0518666664817526,measured_success,101
new_pf,response_fraction_0p70,nominal,3000101,265,acid,medium,single,1,1,1,0,1,0,30,3,11.700000000000001,5.623360804747703,5.59,0.003639195252296723,2620.9471999973175,1275.671399984276,129.88728666605311,measured_success,101
new_ppo,response_fraction_0p70,nominal,3000101,265,acid,medium,single,1,0,0,1,1,1,32,14,34.92,6.5146821264046775,5.53,0.8876821264046777,7.5540999678196386,2.9422000006888993,0.3280093740158918,measured_success,101
new_pf,response_fraction_0p70,nominal,3000101,266,base,near,separated,3,1,0,0,1,0,2,0,1.05,1.9866796550146222,1.96,0.06432034498537798,163.39220000372734,116.9760000120732,140.18410000790027,measured_success,101
new_ppo,response_fraction_0p70,nominal,3000101,266,base,near,separated,3,1,1,0,1,0,1,1,1.67,2.088217089106511,2.01,0.03721708910651067,0.3555000002961606,0.030800001695752144,0.3863000019919127,measured_success,101
new_pf,response_fraction_0p70,nominal,3000101,267,base,medium,overlapping,3,0,0,0,1,1,3,1,3.87,5.204756875348368,5.1,0.15875687534836747,22.75979999831179,159.7812000036356,60.84700000064913,measured_success,101
new_ppo,response_fraction_0p70,nominal,3000101,267,base,medium,overlapping,3,0,0,0,1,1,4,2,6.52,4.873500693128134,5.01,0.17249930687186588,0.8368999988306314,0.13279999984661117,0.24242499966931064,measured_success,101
new_pf,response_fraction_0p70,nominal,3000101,268,acid,medium,separated,2,1,1,0,1,0,4,0,7.43,5.786903705093065,5.84,0.029903705093065724,145.52900000853697,245.05920000228798,97.64705000270624,measured_success,101
new_ppo,response_fraction_0p70,nominal,3000101,268,acid,medium,separated,2,1,1,0,1,0,5,0,7.58,5.761750022389064,5.79,0.004750022389064412,0.796900007117074,0.1258000120287761,0.18454000382917002,measured_success,101
new_pf,response_fraction_0p70,nominal,3000101,269,acid,medium,separated,2,1,0,0,1,0,21,1,9.309999999999995,3.9041661381474952,3.89,0.08283386185250485,1865.4338999986066,822.6733000119566,128.00510476240777,measured_success,101
new_ppo,response_fraction_0p70,nominal,3000101,269,acid,medium,separated,2,1,0,0,1,0,4,2,7.960000000000001,4.050814572135792,3.99,0.06381457213579189,0.65409998933319,0.09349999891128391,0.18689999706111848,measured_success,101
new_pf,response_fraction_0p70,nominal,3000101,270,acid,near,single,1,1,0,0,1,0,2,0,1.27,5.303123890395975,5.34,0.056123890395975096,14.808499996433966,78.40520000172546,46.606849999079714,measured_success,101
new_ppo,response_fraction_0p70,nominal,3000101,270,acid,near,single,1,0,0,0,1,1,1,1,2.06,5.109187143499735,5.24,0.13781285650026476,0.22280000121099874,0.02099999983329326,0.243800001044292,measured_success,101
new_pf,response_fraction_0p70,nominal,3000101,271,acid,near,overlapping,2,1,0,0,1,0,2,1,5.91,3.866213690291402,3.98,0.09578630970859825,254.35920000018086,158.3420999959344,206.35064999805763,measured_success,101
new_ppo,response_fraction_0p70,nominal,3000101,271,acid,near,overlapping,2,1,0,0,1,0,5,0,4.760000000000001,4.012090554660665,4.03,0.05009055466066448,0.7022999998298474,0.11560000712051988,0.16358000139007345,measured_success,101
new_pf,response_fraction_0p70,nominal,3000101,272,acid,medium,overlapping,2,1,0,0,1,0,4,0,5.07,2.4535660711698632,2.49,0.05456607116986323,32.88779999274993,199.15729999775067,58.01127499762515,measured_success,101
new_ppo,response_fraction_0p70,nominal,3000101,272,acid,medium,overlapping,2,1,1,0,1,0,3,1,6.1,2.353109608387137,2.42,0.04589039161286301,0.5511000053957105,0.06989999383222312,0.20699999974264452,measured_success,101
new_pf,response_fraction_0p70,nominal,3000101,273,acid,near,separated,2,1,0,0,1,0,12,0,7.23,1.767085175034905,1.77,0.09008517503490499,129.68040000851033,536.6883999813581,55.530733332489035,measured_success,101
new_ppo,response_fraction_0p70,nominal,3000101,273,acid,near,separated,2,1,0,0,1,0,5,0,7.99,1.739040360884776,1.75,0.062040360884775936,2.8696000008494593,0.13500000204658136,0.6009200005792081,measured_success,101
new_pf,response_fraction_0p70,nominal,3000101,274,base,medium,single,1,0,0,0,1,1,11,5,11.14,9.101550473046093,9.01,0.10755047304609278,345.34310000162804,613.1311000062851,87.13401818253756,measured_success,101
new_ppo,response_fraction_0p70,nominal,3000101,274,base,medium,single,1,1,0,0,1,0,13,3,14.329999999999995,9.052118539940864,9.08,0.05811853994086391,2.2735000093234703,0.35870001011062413,0.20247692457185343,measured_success,101
new_pf,response_fraction_0p70,nominal,3000101,275,acid,medium,separated,3,0,0,0,1,1,2,1,3.87,1.8674376632696408,1.97,0.17456233673035904,276.165300005232,133.75100000121165,204.95815000322182,measured_success,101
new_ppo,response_fraction_0p70,nominal,3000101,275,acid,medium,separated,3,1,1,0,1,0,4,1,5.33,2.009205097746558,1.99,0.03279490225344173,0.6915999983903021,0.10879999899771065,0.20009999934700318,measured_success,101
new_pf,response_fraction_0p70,nominal,3000101,276,acid,far,separated,3,0,0,0,1,1,5,1,16.95,2.418118676570816,2.52,0.18088132342918417,409.76080000109505,332.75169999251375,148.50249999872176,measured_success,101
new_ppo,response_fraction_0p70,nominal,3000101,276,acid,far,separated,3,1,1,0,1,0,7,1,18.34,2.549857314103395,2.53,0.04914268589660509,1.0353000106988475,0.16849998792167753,0.17197142837436072,measured_success,101
new_pf,response_fraction_0p70,nominal,3000101,277,base,medium,single,1,0,0,1,1,1,2,2,8.33,7.052351784019667,8.01,0.9676482159803328,213.5610000041197,147.04340000025695,180.30220000218833,measured_success,101
new_ppo,response_fraction_0p70,nominal,3000101,277,base,medium,single,1,0,0,1,1,1,2,2,6.8100000000000005,7.183525143334279,8.06,0.8364748566657205,0.3158000035909936,0.04099999932805076,0.17840000145952217,measured_success,101
new_pf,response_fraction_0p70,nominal,3000101,278,base,far,single,1,0,0,1,0,0,50,1,14.95999999999998,11.968921984633766,11.97,1.1339219846337656,615.9042999861413,2019.384400016861,52.705774000060046,max_steps,101
new_ppo,response_fraction_0p70,nominal,3000101,278,base,far,single,1,0,0,0,1,1,10,2,14.879999999999997,10.635107486747266,10.81,0.19989251325273472,3.632299994933419,0.25990001449827105,0.389220000943169,measured_success,101
new_pf,response_fraction_0p70,nominal,3000101,279,acid,medium,single,1,1,1,0,1,0,12,3,7.56,5.8522498246087995,5.82,0.005750175391200152,451.87509999232134,561.869500001194,84.47871666612627,measured_success,101
new_ppo,response_fraction_0p70,nominal,3000101,279,acid,medium,single,1,0,0,1,1,1,17,8,17.21,6.630888401859236,5.81,0.7728884018592366,6.92880000860896,2.034000019193627,0.527223531047211,measured_success,101
new_pf,response_fraction_0p70,nominal,3000101,280,base,medium,single,1,0,0,0,1,1,39,4,13.67,8.464740617288186,8.6,0.17325938271181407,3720.278499982669,1674.6171999984654,138.33065897387525,measured_success,101
new_ppo,response_fraction_0p70,nominal,3000101,280,base,medium,single,1,0,0,0,1,1,15,7,11.999999999999998,8.827697998212955,8.71,0.18969799821295474,4.957399993145373,0.43730000470532104,0.35964666652337957,measured_success,101
new_pf,response_fraction_0p70,nominal,3000101,281,base,near,single,1,1,0,0,1,0,2,1,2.5700000000000003,4.82933643849732,4.74,0.0673364384973203,136.46750000771135,105.68290000082925,121.0752000042703,measured_success,101
new_ppo,response_fraction_0p70,nominal,3000101,281,base,near,single,1,0,0,0,1,1,2,1,3.1100000000000003,4.954069769430719,4.83,0.19206976943071918,0.41739999869605526,0.06090000533731654,0.2391500020166859,measured_success,101
new_pf,response_fraction_0p70,nominal,3000101,282,base,near,separated,2,1,1,0,1,0,4,0,3.0600000000000005,3.9236065847097716,3.9,0.006393415290228521,41.56079998938367,181.91469999874244,55.868874997031526,measured_success,101
new_ppo,response_fraction_0p70,nominal,3000101,282,base,near,separated,2,1,1,0,1,0,2,1,3.1100000000000003,3.9323037579755917,3.85,0.0023037579755915694,0.46010000369278714,0.06839999696239829,0.2642500003275927,measured_success,101
new_pf,response_fraction_0p70,nominal,3000101,283,base,far,separated,3,1,0,0,1,0,24,4,27.21000000000002,8.234580558982685,8.21,0.0714194410173139,1222.5351999732084,1026.6448000256787,93.71583333328697,measured_success,101
new_ppo,response_fraction_0p70,nominal,3000101,283,base,far,separated,3,0,0,0,1,1,12,3,31.369999999999997,8.576367408770238,8.26,0.27036740877023924,1.9886999871232547,0.31599999783793464,0.19205833208009912,measured_success,101
new_pf,response_fraction_0p70,nominal,3000101,284,base,medium,separated,3,1,1,0,1,0,3,1,6.2700000000000005,3.828063160953336,3.85,0.04506316095333629,270.0998000000254,120.8143999974709,130.30473333249878,measured_success,101
new_ppo,response_fraction_0p70,nominal,3000101,284,base,medium,separated,3,0,0,0,1,1,2,1,3.8,3.894479022676415,3.77,0.11147902267641507,1.7253000041819178,0.06269999721553177,0.8940000006987248,measured_success,101
new_pf,response_fraction_0p70,nominal,3000101,285,base,medium,separated,3,1,0,0,1,0,6,2,11.19,7.689223759826177,7.75,0.06977624017382311,127.25340000906726,216.6410000063479,57.31573333590253,measured_success,101
new_ppo,response_fraction_0p70,nominal,3000101,285,base,medium,separated,3,0,0,0,1,1,4,2,11.59,7.640019275871303,7.77,0.11898072412869709,0.8020000022952445,0.11299999459879473,0.2287499992235098,measured_success,101
new_pf,response_fraction_0p70,nominal,3000101,286,base,far,separated,2,1,1,0,1,0,16,2,16.799999999999986,6.661351971681688,6.64,0.029648028318312036,370.70020000828663,852.9673999801162,76.47922499927517,measured_success,101
new_ppo,response_fraction_0p70,nominal,3000101,286,base,far,separated,2,1,0,0,1,0,11,3,18.64,6.7423640279567145,6.64,0.051364027956714686,1.91350000386592,0.29079998057568446,0.2003909076765095,measured_success,101
new_pf,response_fraction_0p70,nominal,3000101,287,base,medium,single,1,0,0,0,1,1,17,2,7.469999999999999,4.015657431086927,4.32,0.39134256891307295,1951.2790000007953,891.6188999937731,167.2292882349746,measured_success,101
new_ppo,response_fraction_0p70,nominal,3000101,287,base,medium,single,1,0,0,0,1,1,17,6,19.249999999999996,3.9584572669537046,4.41,0.44854273304629544,5.11410000763135,0.49039998702937737,0.32967647027416047,measured_success,101
new_pf,response_fraction_0p70,nominal,3000101,288,base,near,separated,2,0,0,0,1,1,2,1,3.45,3.0165550993247763,2.87,0.17655509932477642,97.15209999558283,138.09469999250723,117.62339999404503,measured_success,101
new_ppo,response_fraction_0p70,nominal,3000101,288,base,near,separated,2,1,0,0,1,0,2,1,2.7199999999999998,2.8906013199919567,2.79,0.05060131999195683,2.224299998488277,0.05220000457484275,1.13825000153156,measured_success,101
new_pf,response_fraction_0p70,nominal,3000101,289,acid,far,single,1,0,0,1,1,1,2,2,8.129999999999999,7.376382483474689,6.34,0.9943824834746895,129.2498999973759,223.8630999927409,176.5564999950584,measured_success,101
new_ppo,response_fraction_0p70,nominal,3000101,289,acid,far,single,1,0,0,1,1,1,43,6,17.32,7.59993254013772,6.38,1.2179325401377206,9.948299993993714,1.1300000041956082,0.2576348836788215,measured_success,101
new_pf,response_fraction_0p70,nominal,3000101,290,acid,medium,separated,2,1,0,0,1,0,3,1,6.71,2.6195180816155412,2.7,0.07048191838445872,337.3063000035472,157.35169999970822,164.88600000108514,measured_success,101
new_ppo,response_fraction_0p70,nominal,3000101,290,acid,medium,separated,2,0,0,0,1,1,4,1,7.140000000000001,2.5401025961541626,2.62,0.14989740384583738,0.8751000059419312,0.12110000534448773,0.24905000282160472,measured_success,101
new_pf,response_fraction_0p70,nominal,3000101,291,acid,near,single,1,1,0,0,1,0,4,3,3.68,3.132485581936135,3.19,0.09851441806386507,248.12170000950573,243.87379999825498,122.99887500194018,measured_success,101
new_ppo,response_fraction_0p70,nominal,3000101,291,acid,near,single,1,1,0,0,1,0,4,4,4.34,3.316732448514643,3.25,0.08573244851464334,2.9961999898659997,0.131200002215337,0.7818499980203342,measured_success,101
new_pf,response_fraction_0p70,nominal,3000101,292,base,medium,single,1,1,0,0,1,0,4,2,3.52,4.608561115221619,4.76,0.05743888477838155,42.79699999460718,282.6987999942503,81.37394999721437,measured_success,101
new_ppo,response_fraction_0p70,nominal,3000101,292,base,medium,single,1,1,0,0,1,0,3,3,3.98,4.719466852968466,4.67,0.05346685296846587,0.6854000021121465,0.08620000153314322,0.25720000121509656,measured_success,101
new_pf,response_fraction_0p70,nominal,3000101,293,acid,medium,separated,2,0,0,0,0,0,50,1,8.129999999999981,4.691789610796931,4.69,0.1012103892030689,548.1552999626729,1872.9547999828355,48.42220199891017,max_steps,101
new_ppo,response_fraction_0p70,nominal,3000101,293,acid,medium,separated,2,1,1,0,1,0,4,1,5.58,4.75659707615003,4.84,0.03640292384997057,0.824199989438057,0.11909999011550099,0.23582499488838948,measured_success,101
new_pf,response_fraction_0p70,nominal,3000101,294,base,medium,separated,2,0,0,0,1,1,2,1,6.039999999999999,4.628084497685649,4.35,0.19508449768564873,130.67140000202926,167.044599991641,148.85799999683513,measured_success,101
new_ppo,response_fraction_0p70,nominal,3000101,294,base,medium,separated,2,1,1,0,1,0,5,2,10.170000000000002,4.399888821778173,4.48,0.03311117822182652,0.7364999983110465,0.11440000525908545,0.1701800007140264,measured_success,101
new_pf,response_fraction_0p70,nominal,3000101,295,acid,near,single,1,0,0,0,1,1,4,1,5.45,4.331306528297311,4.43,0.177693471702689,139.8585000060848,181.71209999127313,80.39264999933948,measured_success,101
new_ppo,response_fraction_0p70,nominal,3000101,295,acid,near,single,1,1,1,0,1,0,3,0,3.72,4.515010161651384,4.55,0.006010161651383683,0.4642999992938712,0.061400001868605614,0.1752333337208256,measured_success,101
new_pf,response_fraction_0p70,nominal,3000101,296,base,medium,single,1,0,0,0,1,1,46,3,12.800000000000002,6.616650733009777,6.53,0.15065073300977705,3571.0990999868955,1968.7616000010166,120.43175434756331,measured_success,101
new_ppo,response_fraction_0p70,nominal,3000101,296,base,medium,single,1,0,0,1,0,0,39,11,50.0,10.775103357497517,10.82,4.309103357497517,13.283100008266047,3.1541000280412845,0.42146666759762386,dose_limit,101
new_pf,response_fraction_0p70,nominal,3000101,297,acid,medium,separated,3,1,0,0,1,0,8,0,8.959999999999999,6.4643319348770305,6.48,0.05833193487703081,68.66919998719823,303.9790999973775,46.581037498071964,measured_success,101
new_ppo,response_fraction_0p70,nominal,3000101,297,acid,medium,separated,3,1,0,0,1,0,14,0,8.819999999999999,6.47657974411613,6.49,0.07057974411613,4.672200018831063,0.4084000029251911,0.36290000155401814,measured_success,101
new_pf,response_fraction_0p70,nominal,3000101,298,base,far,separated,2,0,0,0,1,1,38,4,17.969999999999995,8.429610301589264,8.8,0.3973896984107359,828.244199983601,1664.6731000073487,65.6030868418671,measured_success,101
new_ppo,response_fraction_0p70,nominal,3000101,298,base,far,separated,2,0,0,0,1,1,16,8,18.589999999999993,8.42403040539557,8.73,0.40296959460443027,4.536099993856624,0.4064999957336113,0.3089124993493897,measured_success,101
new_pf,response_fraction_0p70,nominal,3000101,299,base,near,separated,2,1,1,0,1,0,4,2,2.5200000000000005,5.414335580044492,5.49,0.009664419955508485,286.0493000043789,186.69410000438802,118.18585000219173,measured_success,101
new_ppo,response_fraction_0p70,nominal,3000101,299,base,near,separated,2,1,1,0,1,0,3,2,3.72,5.399708303376908,5.35,0.024291696623092385,0.5430000019259751,0.08989999332698062,0.21096666508431858,measured_success,101
new_pf,response_fraction_0p70,nominal,3000101,300,base,medium,separated,3,0,0,1,1,1,1,1,5.63,7.992010456107318,7.32,0.6320104561073174,133.111099996313,133.61859999713488,266.72969999344787,measured_success,101
new_ppo,response_fraction_0p70,nominal,3000101,300,base,medium,separated,3,0,0,0,1,1,4,2,8.08,7.154550518330971,7.37,0.20544948166902888,2.7168999949935824,0.12079998850822449,0.7094249958754517,measured_success,101
new_pf,response_fraction_0p70,nominal,3000101,301,base,far,separated,2,0,0,0,1,1,13,3,18.310000000000002,7.579371581321336,7.47,0.17937158132133568,514.0020000108052,632.8001999791013,88.21555384537743,measured_success,101
new_ppo,response_fraction_0p70,nominal,3000101,301,base,far,separated,2,1,0,0,1,0,18,3,16.470000000000006,7.4927265567948,7.5,0.09272655679479946,4.628300004696939,0.4427000239957124,0.28172222381625844,measured_success,101
new_pf,response_fraction_0p70,nominal,3000101,302,acid,near,separated,2,1,0,0,1,0,1,1,1.77,3.760536535191995,3.9,0.09146346480800505,126.23460000031628,72.17150000360562,198.4061000039219,measured_success,101
new_ppo,response_fraction_0p70,nominal,3000101,302,acid,near,separated,2,0,0,0,1,1,1,1,2.06,3.6727619789059327,3.83,0.17923802109406717,0.24980000307550654,0.028399997972883284,0.2782000010483898,measured_success,101
new_pf,response_fraction_0p70,nominal,3000101,303,base,far,single,1,0,0,0,1,1,3,2,14.0,8.797912419829345,9.29,0.47708758017065556,151.90599999914411,263.9513000031002,138.6191000007481,measured_success,101
new_ppo,response_fraction_0p70,nominal,3000101,303,base,far,single,1,0,0,0,1,1,27,1,10.029999999999998,9.612187510454973,9.28,0.33718751045497264,6.586000003153458,3.608900005929172,0.3775888892252826,measured_success,101
new_pf,response_fraction_0p70,nominal,3000101,304,base,medium,single,1,1,1,0,1,0,40,3,10.96,6.380255252731466,6.33,0.04225525273146591,2219.4158999845968,1648.7818999885349,96.70494499932829,measured_success,101
new_ppo,response_fraction_0p70,nominal,3000101,304,base,medium,single,1,0,0,0,1,1,26,8,30.66,5.862768530607248,6.33,0.4752314693927522,6.427500011341181,0.7848999885027297,0.27739999999399656,measured_success,101
new_pf,response_fraction_0p70,nominal,3000101,305,base,far,single,1,1,1,0,1,0,34,3,13.499999999999988,9.846671338386102,9.76,0.02367133838610158,4270.292299996072,1432.0533000136493,167.71604705910946,measured_success,101
new_ppo,response_fraction_0p70,nominal,3000101,305,base,far,single,1,0,0,0,1,1,16,4,12.229999999999993,9.657226001337904,9.74,0.16577399866209674,8.388400005060248,2.6905000195256434,0.6924312515366182,measured_success,101
new_pf,response_fraction_0p70,nominal,3000101,306,acid,far,separated,3,1,0,0,1,0,16,1,9.799999999999994,3.876887295349446,3.86,0.05011270465055384,401.79440002248157,681.6199999811943,67.71340000022974,measured_success,101
new_ppo,response_fraction_0p70,nominal,3000101,306,acid,far,separated,3,0,0,0,1,1,4,2,13.959999999999999,4.266453003434345,3.99,0.3394530034343446,5.882599994947668,0.12319999950705096,1.5014499986136798,measured_success,101
new_pf,response_fraction_0p70,nominal,3000101,307,base,near,single,1,1,1,0,1,0,3,1,4.0200000000000005,8.209266334904669,8.17,0.03326633490466868,368.2513999956427,141.14729999710107,169.79956666424792,measured_success,101
new_ppo,response_fraction_0p70,nominal,3000101,307,base,near,single,1,1,1,0,1,0,3,1,3.77,8.181444031916985,8.15,0.005444031916985281,0.4192000051261857,0.06900000153109431,0.16273333555242667,measured_success,101
new_pf,response_fraction_0p70,nominal,3000101,308,acid,medium,single,1,0,0,0,1,1,6,2,10.27,7.181155801045891,7.07,0.19515580104589159,60.64719999267254,354.6436000033282,69.21513333266678,measured_success,101
new_ppo,response_fraction_0p70,nominal,3000101,308,acid,medium,single,1,1,1,0,1,0,46,1,8.9,6.9647976186139875,7.05,0.02120238138601227,13.703100004931912,1.2635999883059412,0.32536304333125765,measured_success,101
new_pf,response_fraction_0p70,nominal,3000101,309,base,medium,single,1,1,0,0,1,0,3,1,4.05,7.425226385094369,7.37,0.08122638509436886,35.502200000337325,183.79100000311155,73.09773333448295,measured_success,101
new_ppo,response_fraction_0p70,nominal,3000101,309,base,medium,single,1,0,0,0,1,1,2,1,4.819999999999999,7.562240443050532,7.41,0.21824044305053203,0.37880000309087336,0.05280000186758116,0.21580000247922726,measured_success,101
new_pf,response_fraction_0p70,nominal,3000101,310,base,medium,single,1,1,0,0,1,0,6,2,11.61,4.827491489969889,4.88,0.05550851003011115,359.0704000016558,350.1350999940769,118.20091666595545,measured_success,101
new_ppo,response_fraction_0p70,nominal,3000101,310,base,medium,single,1,1,1,0,1,0,7,2,10.269999999999998,4.866056192194057,4.9,0.0169438078059434,1.1717000088538043,0.16849999519763514,0.19145714343591994,measured_success,101
new_pf,response_fraction_0p70,nominal,3000101,311,acid,medium,single,1,0,0,0,1,1,4,1,12.3,3.1590415900106104,3.33,0.2649584099893896,450.3434000071138,223.81999999925029,168.54085000159102,measured_success,101
new_ppo,response_fraction_0p70,nominal,3000101,311,acid,medium,single,1,1,1,0,1,0,7,2,14.86,3.4646724579514894,3.39,0.04067245795148944,4.334200013545342,0.20069999300176278,0.6478428580781578,measured_success,101
new_pf,response_fraction_0p70,nominal,3000101,312,base,medium,separated,3,1,0,0,1,0,9,1,4.16,5.183327812763068,5.2,0.06932781276306788,1141.081799985841,436.2943000087398,175.26401111050896,measured_success,101
new_ppo,response_fraction_0p70,nominal,3000101,312,base,medium,separated,3,1,0,0,1,0,5,2,5.260000000000001,5.018740578388359,5.08,0.09525942161164114,2.5209999876096845,0.12960000458406284,0.5301199984387495,measured_success,101
new_pf,response_fraction_0p70,nominal,3000101,313,base,medium,single,1,1,1,0,1,0,12,2,8.090000000000002,7.60654839950902,7.57,0.03145160049098017,1039.4133000081638,534.9849999984144,131.1998583338815,measured_success,101
new_ppo,response_fraction_0p70,nominal,3000101,313,base,medium,single,1,0,0,1,1,1,2,2,6.8100000000000005,6.904233492164783,7.54,0.7337665078352167,0.40010000520851463,0.061599996115546674,0.23085000066203065,measured_success,101
new_pf,response_fraction_0p70,nominal,3000101,314,base,medium,single,1,0,0,1,1,1,2,2,7.51,8.109599112671294,8.84,0.7114008873287059,117.67140000301879,199.27380000444828,158.47260000373353,measured_success,101
new_ppo,response_fraction_0p70,nominal,3000101,314,base,medium,single,1,1,1,0,1,0,7,3,8.59,8.856277437778449,8.73,0.03527743777844883,1.3836999933118932,0.19420000171521679,0.22541428500387287,measured_success,101
new_pf,response_fraction_0p70,nominal,3000101,315,base,medium,separated,3,1,0,0,1,0,5,1,5.14,4.812197395046994,4.85,0.057197395046993726,265.3133999920101,270.8270000075572,107.22807999991346,measured_success,101
new_ppo,response_fraction_0p70,nominal,3000101,315,base,medium,separated,3,0,0,0,1,1,2,1,4.77,5.060030093258115,4.76,0.30503009325811536,2.543800001149066,0.0610999995842576,1.3024500003666617,measured_success,101
new_pf,response_fraction_0p70,nominal,3000101,316,acid,near,single,1,1,1,0,1,0,3,1,4.1,2.354320378533356,2.4,0.0006796214666437983,257.38620000629453,133.11999999859836,130.1687333349643,measured_success,101
new_ppo,response_fraction_0p70,nominal,3000101,316,acid,near,single,1,1,0,0,1,0,2,1,4.61,2.2611493034663708,2.39,0.09385069653362921,0.3102999980910681,0.03989999822806567,0.1750999981595669,measured_success,101
new_pf,response_fraction_0p70,nominal,3000101,317,acid,near,single,1,0,0,0,1,1,1,1,1.54,8.267628112290925,8.39,0.15337188770907417,81.29259999986971,64.284600004612,145.5772000044817,measured_success,101
new_ppo,response_fraction_0p70,nominal,3000101,317,acid,near,single,1,0,0,0,1,1,43,0,0.4300000000000002,8.522288404483557,8.52,0.10128840448355803,13.15420003811596,3.1026000215206295,0.3780651176659672,measured_success,101
new_pf,response_fraction_0p70,nominal,3000101,318,base,medium,single,1,1,1,0,1,0,5,1,9.629999999999999,7.790381931197276,7.74,0.04838193119727574,182.6807999968878,215.86150000075577,79.70845999952871,measured_success,101
new_ppo,response_fraction_0p70,nominal,3000101,318,base,medium,single,1,1,0,0,1,0,5,1,11.419999999999998,7.799385312403691,7.83,0.05738531240369138,0.8074000070337206,0.1216000018757768,0.18580000178189948,measured_success,101
new_pf,response_fraction_0p70,nominal,3000101,319,acid,medium,separated,2,1,0,0,1,0,8,0,9.549999999999999,4.5898705280290955,4.6,0.06087052802909554,69.67180000356166,293.1230000031064,45.34935000083351,measured_success,101
new_ppo,response_fraction_0p70,nominal,3000101,319,acid,medium,separated,2,1,0,0,1,0,11,0,9.639999999999995,4.580268089925278,4.6,0.051268089925278204,1.6392000034102239,0.2637999859871343,0.17299999903612348,measured_success,101
new_pf,response_fraction_0p70,nominal,3000101,320,base,near,single,1,0,0,0,1,1,2,1,1.26,6.626400811134637,6.55,0.11840081113463707,22.39460000419058,116.3856999919517,69.39014999807114,measured_success,101
new_ppo,response_fraction_0p70,nominal,3000101,320,base,near,single,1,1,1,0,1,0,5,2,4.28,6.487384087891574,6.46,0.020615912108426393,3.119900000456255,0.21410000772448257,0.6668000016361475,measured_success,101
new_pf,response_fraction_0p70,nominal,3000101,321,acid,far,separated,2,0,0,0,1,1,6,1,22.6,3.006113043377339,3.12,0.15688695662266072,450.3928999984055,299.0847999972175,124.9129499992705,measured_success,101
new_ppo,response_fraction_0p70,nominal,3000101,321,acid,far,separated,2,0,0,0,1,1,5,1,22.830000000000002,2.940984792530762,3.23,0.22201520746923764,0.8163999882526696,0.11829999857582152,0.18693999736569822,measured_success,101
new_pf,response_fraction_0p70,nominal,3000101,322,base,medium,separated,2,1,0,0,1,0,26,4,11.10999999999999,6.833694386770807,6.81,0.05730561322919314,974.4874999814783,1211.9996000255924,84.09565769257964,measured_success,101
new_ppo,response_fraction_0p70,nominal,3000101,322,base,medium,separated,2,0,0,0,1,1,8,3,10.719999999999997,7.187344718339421,6.88,0.2963447183394212,1.176500016299542,0.20059998496435583,0.17213750015798723,measured_success,101
new_pf,response_fraction_0p70,nominal,3000101,323,base,medium,single,1,0,0,1,1,1,26,2,13.810000000000004,8.578021199696177,9.21,0.6929788003038233,1977.9841000126908,1236.6530999934184,123.63989230792728,measured_success,101
new_ppo,response_fraction_0p70,nominal,3000101,323,base,medium,single,1,1,1,0,1,0,12,6,12.219999999999997,9.25789964064893,9.35,0.013100359351071234,1.814199989894405,0.30309998692246154,0.17644166473473888,measured_success,101
new_pf,response_fraction_0p70,nominal,3000101,324,acid,far,single,1,0,0,0,1,1,2,1,7.12,1.8908586690956057,2.16,0.3571413309043945,114.85910000192234,129.88179999956628,122.37045000074431,measured_success,101
new_ppo,response_fraction_0p70,nominal,3000101,324,acid,far,single,1,0,0,1,1,1,2,1,8.43,1.7284982699695601,2.21,0.5195017300304401,0.3633999949670397,0.04980000085197389,0.20659999790950678,measured_success,101
new_pf,response_fraction_0p70,nominal,3000101,325,acid,near,single,1,1,0,0,1,0,2,1,2.64,3.605929754883908,3.65,0.05407024511609215,156.47860000171931,99.6374000023934,128.05800000205636,measured_success,101
new_ppo,response_fraction_0p70,nominal,3000101,325,acid,near,single,1,0,0,0,1,1,2,1,3.1100000000000003,3.516881157482419,3.6,0.14311884251758134,0.41510000301059335,0.06059999577701092,0.23784999939380214,measured_success,101
new_pf,response_fraction_0p70,nominal,3000101,326,base,medium,single,1,0,0,0,1,1,3,1,4.91,3.678957352397634,3.53,0.1549573523976342,24.374599997827318,140.88410000113072,55.08623333298601,measured_success,101
new_ppo,response_fraction_0p70,nominal,3000101,326,base,medium,single,1,0,0,0,1,1,6,2,7.6499999999999995,3.298062443652272,3.51,0.22593755634772794,0.8680999962962233,0.14050000754650682,0.16810000064045502,measured_success,101
new_pf,response_fraction_0p70,nominal,3000101,327,base,near,overlapping,3,0,0,0,1,1,2,1,3.56,3.8566090657737773,3.74,0.11560906577377716,128.79339999199146,130.91390000045067,129.85364999622107,measured_success,101
new_ppo,response_fraction_0p70,nominal,3000101,327,base,near,overlapping,3,1,0,0,1,0,2,1,3.1100000000000003,3.801377201492027,3.73,0.060377201492026966,0.44639999396167696,0.05619999865302816,0.25129999630735256,measured_success,101
new_pf,response_fraction_0p70,nominal,3000101,328,base,medium,separated,2,0,0,0,1,1,5,2,6.87,4.754727488437581,4.84,0.11527251156241913,450.12129999668105,330.1244000103907,156.04914000141434,measured_success,101
new_ppo,response_fraction_0p70,nominal,3000101,328,base,medium,separated,2,1,0,0,1,0,4,2,6.52,4.780581499775659,4.89,0.08941850022434128,4.280099994502962,0.11040000390494242,1.097624999601976,measured_success,101
new_pf,response_fraction_0p70,nominal,3000101,329,acid,near,overlapping,3,1,1,0,1,0,1,1,2.77,2.8738077131172313,2.97,0.006192286882768627,145.1868000003742,65.58429999859072,210.77109999896493,measured_success,101
new_ppo,response_fraction_0p70,nominal,3000101,329,acid,near,overlapping,3,1,1,0,1,0,2,1,3.1100000000000003,2.8304813282582355,2.89,0.049518671741764386,0.43279999954393134,0.05109998892294243,0.24194999423343688,measured_success,101
new_pf,response_fraction_0p70,nominal,3000101,330,acid,near,separated,3,1,0,0,1,0,13,1,5.329999999999998,4.379208435313046,4.37,0.07979156468695336,251.44490000093356,526.4934000078938,59.84140769298672,measured_success,101
new_ppo,response_fraction_0p70,nominal,3000101,330,acid,near,separated,3,1,0,0,1,0,2,1,3.1100000000000003,4.3836228038302565,4.5,0.07537719616974314,0.3575000009732321,0.04369999805931002,0.20059999951627105,measured_success,101
new_pf,response_fraction_0p70,nominal,3000101,331,acid,near,separated,3,1,1,0,1,0,1,0,1.26,1.9029951233140392,1.98,0.0009951233140392812,132.74539999838453,114.04870000114897,246.7940999995335,measured_success,101
new_ppo,response_fraction_0p70,nominal,3000101,331,acid,near,separated,3,0,0,0,1,1,1,1,2.06,1.7771521838767095,1.9,0.12484781612329043,2.3204000026453286,0.024499997380189598,2.3449000000255182,measured_success,101
new_pf,response_fraction_0p70,nominal,3000101,332,acid,near,separated,2,1,1,0,1,0,7,1,3.1000000000000005,2.274671791303571,2.24,0.001328208696429023,950.852499998291,357.0448999889777,186.84248571246695,measured_success,101
new_ppo,response_fraction_0p70,nominal,3000101,332,acid,near,separated,2,0,0,0,1,1,3,2,4.779999999999999,2.3875690042003512,2.27,0.11156900420035143,0.5519000042113476,0.07020000339252874,0.2073666692012921,measured_success,101
new_pf,response_fraction_0p70,nominal,3000101,333,acid,medium,separated,3,1,1,0,1,0,3,1,6.239999999999999,1.6201550277632126,1.67,0.03184497223678728,339.10309999919264,169.08340000372846,169.3955000009737,measured_success,101
new_ppo,response_fraction_0p70,nominal,3000101,333,acid,medium,separated,3,1,1,0,1,0,3,1,6.15,1.6268243031930778,1.7,0.02517569680692211,2.710299988393672,0.1055999964592047,0.9386333282842921,measured_success,101
new_pf,response_fraction_0p70,nominal,3000101,334,base,near,separated,3,0,0,0,1,1,1,1,1.02,7.399722380692559,7.22,0.221722380692559,5.400900001404807,74.67900000483496,80.07990000623977,measured_success,101
new_ppo,response_fraction_0p70,nominal,3000101,334,base,near,separated,3,0,0,0,1,1,3,2,4.03,6.827874140776229,7.22,0.3501258592237706,0.7519999999203719,0.097699994512368,0.28323333147757995,measured_success,101
new_pf,response_fraction_0p70,nominal,3000101,335,base,near,single,1,1,0,0,1,0,18,2,8.6,7.087469330025215,7.14,0.06153066997478529,2135.73510000424,927.2469999996247,170.1656722224369,measured_success,101
new_ppo,response_fraction_0p70,nominal,3000101,335,base,near,single,1,0,0,0,1,1,7,3,4.949999999999999,7.284596797290503,7.2,0.13559679729050256,1.0006000084104016,0.15920000441838056,0.16568571611839747,measured_success,101
new_pf,response_fraction_0p70,nominal,3000101,336,acid,medium,separated,2,0,0,0,0,0,50,1,6.860000000000011,1.804255378249056,1.8,0.12874462175094403,6454.169100004947,2001.3763999886578,169.1109099998721,max_steps,101
new_ppo,response_fraction_0p70,nominal,3000101,336,acid,medium,separated,2,1,0,0,1,0,6,1,8.240000000000002,1.8811607094075034,1.84,0.0518392905924967,1.2285999982850626,0.17589999333722517,0.23408333193704797,measured_success,101
new_pf,response_fraction_0p70,nominal,3000101,337,acid,medium,separated,2,1,1,0,1,0,2,1,4.83,6.308551226679036,6.25,0.0224487733209644,147.26330000848975,121.19610000081593,134.22970000465284,measured_success,101
new_ppo,response_fraction_0p70,nominal,3000101,337,acid,medium,separated,2,1,1,0,1,0,6,3,7.87,6.318222095199355,6.37,0.012777904800645778,0.9145999938482419,0.14490000467048958,0.17658333308645524,measured_success,101
new_pf,response_fraction_0p70,nominal,3000101,338,base,medium,overlapping,2,1,0,0,1,0,8,0,7.779999999999999,4.2325926389594635,4.22,0.08640736104053648,86.71999999933178,367.8270000164048,56.81837500196707,measured_success,101
new_ppo,response_fraction_0p70,nominal,3000101,338,base,medium,overlapping,2,1,0,0,1,0,8,0,7.7299999999999995,4.228378190719974,4.22,0.09062180928002572,1.2426999819581397,0.19430000247666612,0.17962499805435073,measured_success,101
new_pf,response_fraction_0p70,nominal,3000101,339,base,far,separated,3,1,1,0,1,0,6,1,19.6,5.397386831435329,5.28,0.0353868314353285,211.58989999094047,355.35600000002887,94.49098333182822,measured_success,101
new_ppo,response_fraction_0p70,nominal,3000101,339,base,far,separated,3,1,1,0,1,0,8,1,21.41,5.400010119991171,5.43,0.038010119991170654,0.9150999976554886,0.15419998817378655,0.1336624982286594,measured_success,101
new_pf,response_fraction_0p70,nominal,3000101,340,base,far,separated,3,0,0,0,1,1,17,4,13.109999999999996,6.237718800633864,6.34,0.14028119936613592,740.8234999966226,817.0086000027368,91.6371823529035,measured_success,101
new_ppo,response_fraction_0p70,nominal,3000101,340,base,far,separated,3,0,0,1,0,0,50,18,49.89,5.797910732654232,7.13,0.5800892673457678,17.15280002099462,1.376300017000176,0.3705820007598959,max_steps,101
new_pf,response_fraction_0p70,nominal,3000101,341,base,near,single,1,0,0,0,1,1,4,2,4.800000000000001,5.211378083636264,5.28,0.13762191636373622,309.5631000032881,188.91219998477027,124.6188249970146,measured_success,101
new_ppo,response_fraction_0p70,nominal,3000101,341,base,near,single,1,0,0,0,1,1,3,2,3.72,5.229447955636591,5.32,0.1195520443634095,0.41679999412735924,0.06909999501658604,0.16196666304798177,measured_success,101
new_pf,response_fraction_0p70,nominal,3000101,342,base,far,separated,3,0,0,1,1,1,2,1,14.12,12.060434424248921,10.72,1.400434424248921,130.76590000127908,151.1157999993884,140.94085000033374,measured_success,101
new_ppo,response_fraction_0p70,nominal,3000101,342,base,far,separated,3,0,0,1,1,1,2,1,12.67,11.807838120735646,10.59,1.1478381207356456,0.39539999852422625,0.059799996961373836,0.22759999774280004,measured_success,101
new_pf,response_fraction_0p70,nominal,3000101,343,acid,medium,single,1,0,0,0,1,1,17,2,11.37,5.4256311562246005,5.25,0.23863115622460018,2115.8256999915466,765.449800004717,169.48679411742728,measured_success,101
new_ppo,response_fraction_0p70,nominal,3000101,343,acid,medium,single,1,0,0,1,1,1,3,2,10.58,5.8989574592043965,5.16,0.7119574592043962,0.5016000068280846,0.07640000694664195,0.1926666712582422,measured_success,101
new_pf,response_fraction_0p70,nominal,3000101,344,acid,medium,separated,3,1,0,0,1,0,9,1,18.029999999999998,2.1713377602364146,2.23,0.08966223976358556,328.3569000122952,420.0576999937766,83.15717777845242,measured_success,101
new_ppo,response_fraction_0p70,nominal,3000101,344,acid,medium,separated,3,1,1,0,1,0,8,0,16.64,2.2718053296306593,2.3,0.010805329630659166,1.4916000072844326,0.27060000866185874,0.22027500199328642,measured_success,101
new_pf,response_fraction_0p70,nominal,3000101,345,acid,medium,separated,3,1,1,0,1,0,4,0,8.25,1.8470170421767382,1.87,0.022017042176738277,408.39540000160923,232.70620000403142,160.27540000141016,measured_success,101
new_ppo,response_fraction_0p70,nominal,3000101,345,acid,medium,separated,3,1,1,0,1,0,3,1,8.86,1.796325840437997,1.9,0.028674159562003032,2.7486000035423785,0.1002000062726438,0.9496000032716742,measured_success,101
new_pf,response_fraction_0p70,nominal,3000101,346,acid,near,separated,2,0,0,0,1,1,2,1,2.34,5.269611241073523,5.36,0.1753887589264771,115.53730000014184,136.24609999533277,125.8916999977373,measured_success,101
new_ppo,response_fraction_0p70,nominal,3000101,346,acid,near,separated,2,1,1,0,1,0,5,1,4.44,5.407309798357028,5.38,0.0376902016429721,0.9394000007887371,0.13839999883202836,0.2155599999241531,measured_success,101
new_pf,response_fraction_0p70,nominal,3000101,347,acid,medium,separated,3,0,0,1,1,1,1,1,3.94,1.722177050876168,2.29,0.5588229491238321,145.00689999840688,121.08699999953387,266.09389999794075,measured_success,101
new_ppo,response_fraction_0p70,nominal,3000101,347,acid,medium,separated,3,0,0,0,1,1,6,2,6.48,2.4572212687409776,2.36,0.17622126874097743,0.9498999934294261,0.25150000146823004,0.2002333324829427,measured_success,101
new_pf,response_fraction_0p70,nominal,3000101,348,acid,far,single,1,0,0,0,1,1,30,3,15.600000000000001,4.098407594560054,4.46,0.41159240543994535,3153.079899973818,1322.026600013487,149.1702166662435,measured_success,101
new_ppo,response_fraction_0p70,nominal,3000101,348,acid,far,single,1,0,0,1,0,0,32,18,50.0,6.734150415946621,5.91,2.224150415946621,6.064200002583675,0.9523000044282526,0.21926562521912274,dose_limit,101
new_pf,response_fraction_0p70,nominal,3000101,349,acid,near,separated,2,0,0,0,1,1,4,1,6.290000000000001,2.7889274503491066,2.91,0.2050725496508936,144.00949999981094,244.6087000062107,97.15455000150541,measured_success,101
new_ppo,response_fraction_0p70,nominal,3000101,349,acid,near,separated,2,1,1,0,1,0,4,1,4.760000000000001,2.968373549630636,3.01,0.025626450369364395,2.5231999970856123,0.1168999879155308,0.6600249962502858,measured_success,101
new_pf,response_fraction_0p70,nominal,3000101,350,base,near,separated,2,1,1,0,1,0,5,0,4.659999999999999,4.2927703060013265,4.27,0.02722969399867381,50.094699996407144,257.0884999950067,61.43663999828277,measured_success,101
new_ppo,response_fraction_0p70,nominal,3000101,350,base,near,separated,2,1,1,0,1,0,4,0,4.84,4.318356108982298,4.29,0.001643891017701904,2.336299992748536,0.09079998562810943,0.6067749945941614,measured_success,101
new_pf,response_fraction_0p70,nominal,3000101,351,base,medium,single,1,0,0,1,1,1,3,2,5.779999999999999,2.9480653301286184,4.07,1.0989346698713813,278.1341000008979,248.69100000796607,175.60836666962132,measured_success,101
new_ppo,response_fraction_0p70,nominal,3000101,351,base,medium,single,1,1,1,0,1,0,26,7,22.639999999999997,4.054379576831405,4.08,0.00737957683140511,3.94249998498708,0.6480000010924414,0.17655769177228928,measured_success,101
new_pf,response_fraction_0p70,nominal,3000101,352,base,medium,overlapping,2,1,0,0,1,0,12,0,17.13,4.872449926658559,4.85,0.07255007334144103,84.67289999680361,412.78439999587135,41.45477499938958,measured_success,101
new_ppo,response_fraction_0p70,nominal,3000101,352,base,medium,overlapping,2,1,0,0,1,0,15,0,17.239999999999995,4.886979430566015,4.87,0.05802056943398526,4.829400000744499,0.40689999877940863,0.3490866666349272,measured_success,101
new_pf,response_fraction_0p70,nominal,3000101,353,base,medium,separated,3,1,1,0,1,0,34,2,7.180000000000007,7.255247437513194,7.22,0.0027525624868056653,573.2023000018671,1326.9431999942753,55.88663235282772,measured_success,101
new_ppo,response_fraction_0p70,nominal,3000101,353,base,medium,separated,3,1,1,0,1,0,8,4,5.069999999999999,7.226631005751646,7.32,0.031368994248354376,1.1683000047923997,0.19219998648623005,0.17006249890982872,measured_success,101
new_pf,response_fraction_0p70,nominal,3000101,354,base,near,single,1,1,0,0,1,0,1,1,1.47,5.657429845458362,5.58,0.05242984545836116,105.9808999998495,69.87780000054045,175.85870000038994,measured_success,101
new_ppo,response_fraction_0p70,nominal,3000101,354,base,near,single,1,0,0,0,1,1,1,1,2.06,5.746821765928496,5.64,0.14182176592849594,0.2730999985942617,0.026599998818710446,0.29969999741297215,measured_success,101
new_pf,response_fraction_0p70,nominal,3000101,355,base,medium,separated,2,1,0,0,1,0,13,1,6.919999999999999,4.963871409574489,4.98,0.08287140957448891,1360.931300012453,590.5325999847264,150.11260769209073,measured_success,101
new_ppo,response_fraction_0p70,nominal,3000101,355,base,medium,separated,2,0,0,0,1,1,2,1,5.08,5.224704581095629,4.93,0.3437045810956292,0.3771999981836416,0.055999997130129486,0.21659999765688553,measured_success,101
new_pf,response_fraction_0p70,nominal,3000101,356,acid,medium,separated,2,0,0,0,1,1,1,1,4.94,3.7812796289991395,4.27,0.49872037100086075,121.7155999984243,127.33759999537142,249.05319999379572,measured_success,101
new_ppo,response_fraction_0p70,nominal,3000101,356,acid,medium,separated,2,1,1,0,1,0,4,2,5.28,4.312941769262181,4.27,0.032941769262181175,0.7234999939100817,0.10520000068936497,0.20717499864986166,measured_success,101
new_pf,response_fraction_0p70,nominal,3000101,357,acid,near,separated,2,1,0,0,1,0,1,1,1.3,2.006968796243086,2.12,0.08003120375691397,81.42970000335481,91.56110000185436,172.99080000520917,measured_success,101
new_ppo,response_fraction_0p70,nominal,3000101,357,acid,near,separated,2,0,0,0,1,1,1,1,2.06,1.8300681842754187,2.0,0.25693181572458146,0.2801999944495037,0.03060000017285347,0.3107999946223572,measured_success,101
new_pf,response_fraction_0p70,nominal,3000101,358,base,near,single,1,1,0,0,1,0,2,1,1.12,6.125429786657952,6.08,0.0634297866579514,16.899599999305792,72.84059999801684,44.87009999866132,measured_success,101
new_ppo,response_fraction_0p70,nominal,3000101,358,base,near,single,1,0,0,0,1,1,1,1,2.06,6.338707470680358,6.16,0.27670747068035784,0.22309999621938914,0.02660000609466806,0.2497000023140572,measured_success,101
new_pf,response_fraction_0p70,nominal,3000101,359,base,far,single,1,0,0,0,1,1,20,2,12.17,5.136987769004474,5.24,0.1350122309955264,2541.099200010649,986.5745000133757,176.38368500120123,measured_success,101
new_ppo,response_fraction_0p70,nominal,3000101,359,base,far,single,1,0,0,1,1,1,33,12,40.10000000000001,4.489660800030718,5.18,0.7823391999692824,11.317199991026428,0.9319000018876977,0.371184848270125,measured_success,101
new_pf,response_fraction_0p70,nominal,3000101,360,base,medium,separated,3,0,0,0,1,1,20,2,6.979999999999998,7.022039436690363,7.4,0.39696056330963625,2376.727699993353,874.8370999892359,162.57823999912944,measured_success,101
new_ppo,response_fraction_0p70,nominal,3000101,360,base,medium,separated,3,1,1,0,1,0,44,14,30.909999999999986,7.402352405786344,7.45,0.016647594213655914,11.626799969235435,1.231000031111762,0.2922227272806181,measured_success,101
new_pf,response_fraction_0p70,nominal,3000101,361,acid,far,separated,3,0,0,0,1,1,3,1,12.31,1.9246161445342231,2.14,0.21638385546577688,254.66429999505635,215.2399000042351,156.63473333309716,measured_success,101
new_ppo,response_fraction_0p70,nominal,3000101,361,acid,far,separated,3,0,0,0,1,1,3,1,12.44,1.9123401497660906,2.13,0.22865985023390945,0.5010000022593886,0.06730000313837081,0.18943333513258645,measured_success,101
new_pf,response_fraction_0p70,nominal,3000101,362,acid,near,single,1,1,0,0,1,0,1,1,1.07,6.212299471547805,6.36,0.07470052845219488,5.859899996721651,74.17649999842979,80.03639999515144,measured_success,101
new_ppo,response_fraction_0p70,nominal,3000101,362,acid,near,single,1,1,0,0,1,0,2,1,3.1100000000000003,6.233922158506225,6.2,0.053077841493775146,0.33599999733269215,0.04580000677378848,0.19090000205324031,measured_success,101
new_pf,response_fraction_0p70,nominal,3000101,363,base,far,single,1,0,0,0,1,1,45,5,12.509999999999993,9.474288374418506,9.34,0.10028837441850591,5546.423699990555,1995.1155000308063,167.5897600004747,measured_success,101
new_ppo,response_fraction_0p70,nominal,3000101,363,base,far,single,1,0,0,0,1,1,8,4,10.479999999999997,9.115855595502069,9.43,0.25814440449793175,4.16959998983657,0.22209999588085338,0.5489624982146779,measured_success,101
new_pf,response_fraction_0p70,nominal,3000101,364,base,medium,separated,2,0,0,0,1,1,2,1,4.930000000000001,5.15812171870625,4.95,0.19312171870624972,116.10189999919385,188.33720000839094,152.2195500037924,measured_success,101
new_ppo,response_fraction_0p70,nominal,3000101,364,base,medium,separated,2,0,0,0,1,1,2,1,5.08,5.205942904985417,4.98,0.24094290498541682,2.9309000019566156,0.06880000000819564,1.4998500009824056,measured_success,101
new_pf,response_fraction_0p70,nominal,3000101,365,acid,near,single,1,0,0,0,1,1,2,1,4.2,4.034843526370095,4.17,0.1601564736299057,128.0992999963928,135.5260000054841,131.81265000093845,measured_success,101
new_ppo,response_fraction_0p70,nominal,3000101,365,acid,near,single,1,1,1,0,1,0,2,1,3.1100000000000003,4.165924404420197,4.23,0.029075595579802993,0.4377000004751608,0.062200000684242696,0.24995000057970174,measured_success,101
new_pf,response_fraction_0p70,nominal,3000101,366,base,medium,separated,2,0,0,0,1,1,47,3,12.920000000000003,7.2001712256709425,7.06,0.19217122567094247,5071.0639000244555,1951.0573000006843,149.40683404308808,measured_success,101
new_ppo,response_fraction_0p70,nominal,3000101,366,base,medium,separated,2,0,0,1,1,1,16,6,24.039999999999996,5.48622863509212,7.07,1.5217713649078801,2.729400002863258,0.49500001478008926,0.2015250011027092,measured_success,101
new_pf,response_fraction_0p70,nominal,3000101,367,base,near,single,1,1,1,0,1,0,6,0,4.859999999999999,2.454780400341755,2.44,0.04521959965824518,51.395999995293096,286.89729999314295,56.38221666473934,measured_success,101
new_ppo,response_fraction_0p70,nominal,3000101,367,base,near,single,1,1,0,0,1,0,5,0,4.79,2.4467065415105935,2.42,0.053293458489406476,0.9456000043428503,0.14300001203082502,0.21772000327473506,measured_success,101
new_pf,response_fraction_0p70,nominal,3000101,368,base,medium,separated,2,1,0,0,1,0,6,1,12.71,5.236150211168683,5.13,0.07715021116868304,153.7021999974968,320.73389999277424,79.07268333171184,measured_success,101
new_ppo,response_fraction_0p70,nominal,3000101,368,base,medium,separated,2,1,1,0,1,0,5,0,11.43,5.109842262808051,5.07,0.04915773719194849,0.8661999963806011,0.11749999976018444,0.1967399992281571,measured_success,101
new_pf,response_fraction_0p70,nominal,3000101,369,base,far,separated,3,1,1,0,1,0,7,2,15.05,7.660119974823763,7.71,0.035880025176236785,500.481300005049,440.41610000567744,134.41391428724663,measured_success,101
new_ppo,response_fraction_0p70,nominal,3000101,369,base,far,separated,3,1,1,0,1,0,8,1,14.889999999999995,7.720236388732214,7.76,0.024236388732214564,1.4614000101573765,0.1951999875018373,0.20707499970740173,measured_success,101
new_pf,response_fraction_0p70,nominal,3000101,370,acid,medium,separated,2,1,1,0,1,0,9,1,7.839999999999999,3.081196472280399,3.04,0.0028035277196010178,1174.6052999878884,447.80549999995856,180.26786666531632,measured_success,101
new_ppo,response_fraction_0p70,nominal,3000101,370,acid,medium,separated,2,0,0,0,1,1,5,2,11.17,3.280130332138569,3.09,0.19613033213856879,1.0709999987739138,0.14740000187885016,0.2436800001305528,measured_success,101
new_pf,response_fraction_0p70,nominal,3000101,371,acid,near,separated,2,0,0,0,1,1,1,1,2.52,5.417283217535109,5.55,0.18471678246489098,105.47109999606619,82.5782000028994,188.04929999896558,measured_success,101
new_ppo,response_fraction_0p70,nominal,3000101,371,acid,near,separated,2,0,0,0,1,1,1,1,2.06,5.496029531543133,5.61,0.1059704684568672,2.3259000008692965,0.028299997211433947,2.3541999980807304,measured_success,101
new_pf,response_fraction_0p70,nominal,3000101,372,base,medium,single,1,0,0,0,0,0,50,2,10.519999999999982,4.286370569901575,4.28,0.21762943009842495,629.8357999912696,2068.7862999839126,53.972441999503644,max_steps,101
new_ppo,response_fraction_0p70,nominal,3000101,372,base,medium,single,1,1,1,0,1,0,25,9,29.139999999999997,4.549139614283817,4.5,0.04513961428381741,4.4999999954598024,3.213600008166395,0.3085440001450479,measured_success,101
new_pf,response_fraction_0p70,nominal,3000101,373,base,medium,separated,3,0,0,0,1,1,2,1,6.65,6.3964297445436475,6.11,0.2184297445436476,275.0539999906323,145.30159999412717,210.17779999237973,measured_success,101
new_ppo,response_fraction_0p70,nominal,3000101,373,base,medium,separated,3,0,0,0,1,1,2,1,7.75,6.655462266063413,6.23,0.47746226606341313,0.5154000027687289,0.05900000542169437,0.2872000040952116,measured_success,101
new_pf,response_fraction_0p70,nominal,3000101,374,acid,near,separated,3,0,0,0,1,1,1,1,3.35,4.794044560424636,5.0,0.1829554395753643,110.83969999890542,86.95129999978235,197.79099999868777,measured_success,101
new_ppo,response_fraction_0p70,nominal,3000101,374,acid,near,separated,3,0,0,0,1,1,2,1,3.1100000000000003,4.8433896736615765,4.94,0.13361032633842385,0.4212000058032572,0.058999998145736754,0.240100001974497,measured_success,101
new_pf,response_fraction_0p70,nominal,3000101,375,acid,medium,separated,3,1,0,0,1,0,9,0,12.299999999999997,5.105103296951473,5.12,0.07510329695147266,78.00169998517958,330.6542999998783,45.406222220561986,measured_success,101
new_ppo,response_fraction_0p70,nominal,3000101,375,acid,medium,separated,3,1,1,0,1,0,10,0,12.690000000000001,5.063558930681403,5.11,0.033558930681402366,1.4230999950086698,0.26110000908374786,0.16842000040924177,measured_success,101
new_pf,response_fraction_0p70,nominal,3000101,376,base,far,separated,3,0,0,0,1,1,7,2,19.41,6.992230541890084,7.11,0.12476945810991591,785.3304999953252,519.394300004933,186.38925714289402,measured_success,101
new_ppo,response_fraction_0p70,nominal,3000101,376,base,far,separated,3,1,1,0,1,0,8,1,17.09,7.1561839187810445,7.19,0.03918391878104455,3.7560999917332083,0.23759999021422118,0.4992124977434287,measured_success,101
new_pf,response_fraction_0p70,nominal,3000101,377,acid,near,single,1,1,0,0,1,0,4,0,2.47,7.014047345301552,7.03,0.0640473453015522,32.115799993334804,198.61199999286328,57.68194999654952,measured_success,101
new_ppo,response_fraction_0p70,nominal,3000101,377,acid,near,single,1,1,1,0,1,0,2,1,3.1100000000000003,6.931165808368384,6.99,0.01883419163161637,0.4489999992074445,0.05280000186758116,0.2509000005375128,measured_success,101
new_pf,response_fraction_0p70,nominal,3000101,378,base,medium,single,1,0,0,1,1,1,3,2,3.93,3.029085779447594,3.67,0.738914220552406,233.78650000086054,268.2409999979427,167.34249999960107,measured_success,101
new_ppo,response_fraction_0p70,nominal,3000101,378,base,medium,single,1,0,0,1,1,1,4,2,5.51,3.0272213676825466,3.7,0.7407786323174532,0.8504000070388429,0.12870000500697643,0.24477500301145483,measured_success,101
new_pf,response_fraction_0p70,nominal,3000101,379,acid,far,separated,3,1,0,0,1,0,21,1,13.680000000000007,3.7720044698542683,3.77,0.08299553014573169,435.65140003192937,988.0214999939199,67.79394762027853,measured_success,101
new_ppo,response_fraction_0p70,nominal,3000101,379,acid,far,separated,3,0,0,0,1,1,3,1,12.58,3.548830827118495,3.79,0.3061691728815048,0.5994000021019019,0.07960000220919028,0.22633333477036408,measured_success,101
new_pf,response_fraction_0p70,nominal,3000101,380,acid,near,single,1,1,0,0,1,0,8,0,5.3100000000000005,3.533368505039733,3.54,0.07836850503973292,78.21240000339458,392.02049998857547,58.779112498996255,measured_success,101
new_ppo,response_fraction_0p70,nominal,3000101,380,acid,near,single,1,1,0,0,1,0,6,0,5.24,3.5379438184043313,3.55,0.08294381840433118,1.1869000081787817,0.1762000028975308,0.2271833351793854,measured_success,101
new_pf,response_fraction_0p70,nominal,3000101,381,base,far,single,1,0,0,1,0,0,50,2,14.959999999999962,5.406305558274669,5.37,0.7146944417253316,738.765699963551,2154.6931999837398,57.869177998945815,max_steps,101
new_ppo,response_fraction_0p70,nominal,3000101,381,base,far,single,1,1,0,0,1,0,27,10,27.2,6.033616903366312,6.14,0.0873830966336886,9.152800012088846,0.7922000295366161,0.3683333348750171,measured_success,101
new_pf,response_fraction_0p70,nominal,3000101,382,acid,medium,separated,2,1,0,0,1,0,11,0,11.739999999999998,3.2130146195308313,3.22,0.06901461953083121,118.9617999989423,501.37210001412313,56.393990910278674,measured_success,101
new_ppo,response_fraction_0p70,nominal,3000101,382,acid,medium,separated,2,1,1,0,1,0,7,0,12.22,3.175598334844369,3.2,0.031598334844368914,5.397199987783097,0.19809999503195286,0.7993285689735785,measured_success,101
new_pf,response_fraction_0p70,nominal,3000101,383,base,medium,single,1,0,0,0,1,1,3,1,10.009999999999998,6.690732242776743,6.29,0.43173224277674294,99.35930000210647,168.96960000303807,89.44296666838152,measured_success,101
new_ppo,response_fraction_0p70,nominal,3000101,383,base,medium,single,1,1,0,0,1,0,9,3,15.719999999999997,6.3392904742345735,6.25,0.08029047423457314,1.2605999945662916,0.25949998234864324,0.16889999743499276,measured_success,101
new_pf,response_fraction_0p70,nominal,3000101,384,base,far,single,1,0,0,0,0,0,50,30,15.619999999999987,8.41242023933728,8.65,0.3945797606627206,4226.467000007688,2459.247700033302,133.7142940008198,max_steps,101
new_ppo,response_fraction_0p70,nominal,3000101,384,base,far,single,1,0,0,0,1,1,13,8,14.619999999999996,8.415892309701405,8.86,0.39110769029859505,4.245600001013372,0.3732999903149903,0.355299999332951,measured_success,101
new_pf,response_fraction_0p70,nominal,3000101,385,base,far,separated,2,1,1,0,1,0,24,3,18.350000000000012,7.660510430390104,7.6,0.04351043039010438,2089.5790999784367,1052.9071999844746,130.9369291651213,measured_success,101
new_ppo,response_fraction_0p70,nominal,3000101,385,base,far,separated,2,1,1,0,1,0,13,4,15.759999999999996,7.576753643452662,7.68,0.0402463565473381,2.183599994168617,0.3293000045232475,0.1932999998993742,measured_success,101
new_pf,response_fraction_0p70,nominal,3000101,386,acid,medium,single,1,1,0,0,1,0,14,1,3.449999999999998,3.175376112052005,3.17,0.0766238879479948,1612.7999000163982,546.151499998814,154.21081428680085,measured_success,101
new_ppo,response_fraction_0p70,nominal,3000101,386,acid,medium,single,1,1,1,0,1,0,3,1,3.72,3.2276672713885945,3.17,0.02433272861140523,0.6375000011757948,0.08940000407164916,0.24230000174914798,measured_success,101
new_pf,response_fraction_0p70,nominal,3000101,387,acid,medium,single,1,0,0,0,0,0,50,1,5.71999999999999,4.6923560401259845,4.69,0.3316439598740155,562.821800034726,2064.1576000052737,52.539588000799995,max_steps,101
new_ppo,response_fraction_0p70,nominal,3000101,387,acid,medium,single,1,0,0,0,1,1,5,2,7.57,5.254436010008417,5.06,0.2304360100084173,1.0246999954688363,0.1556999995955266,0.23607999901287258,measured_success,101
new_pf,response_fraction_0p70,nominal,3000101,388,base,far,single,1,0,0,1,0,0,50,1,12.299999999999962,12.313856266989191,12.32,1.9478562669891915,6760.258199989039,1947.8814000249258,174.1627920002793,max_steps,101
new_ppo,response_fraction_0p70,nominal,3000101,388,base,far,single,1,1,0,0,1,0,24,3,15.259999999999987,10.421881752689526,10.45,0.05588175268952611,3.927300000214018,2.6871000009123236,0.2756000000469309,measured_success,101
new_pf,response_fraction_0p70,nominal,3000101,389,base,near,separated,2,0,0,0,1,1,2,1,1.34,4.19503556614743,4.12,0.13403556614743017,17.824099995777942,120.47329999768408,69.14869999673101,measured_success,101
new_ppo,response_fraction_0p70,nominal,3000101,389,base,near,separated,2,1,1,0,1,0,2,2,3.1100000000000003,4.05403273401517,4.13,0.006967265984830107,0.46909999946365133,0.055900003644637764,0.26250000155414455,measured_success,101
new_pf,response_fraction_0p70,nominal,3000101,390,acid,medium,separated,3,0,0,0,1,1,3,1,10.23,2.8282657609296296,3.13,0.31073423907037023,164.34099998878082,212.8353000007337,125.72543332983817,measured_success,101
new_ppo,response_fraction_0p70,nominal,3000101,390,acid,medium,separated,3,0,0,0,1,1,3,1,10.29,2.816442111015899,3.04,0.32255788898410076,4.324400004406925,0.08740000339457765,1.470600002600501,measured_success,101
new_pf,response_fraction_0p70,nominal,3000101,391,acid,medium,separated,3,1,0,0,1,0,16,1,6.690000000000004,5.706083065101021,5.69,0.07291693489897888,642.7080999783357,520.4875000199536,72.69972499989308,measured_success,101
new_ppo,response_fraction_0p70,nominal,3000101,391,acid,medium,separated,3,1,1,0,1,0,5,1,5.99,5.761317036958317,5.72,0.017682963041682598,1.132500015955884,0.15899999561952427,0.25830000231508166,measured_success,101
new_pf,response_fraction_0p70,nominal,3000101,392,acid,near,separated,2,1,0,0,1,0,1,1,2.36,3.3467843357658644,3.48,0.08821566423413563,142.3246000049403,65.03949999751057,207.36410000245087,measured_success,101
new_ppo,response_fraction_0p70,nominal,3000101,392,acid,near,separated,2,1,1,0,1,0,1,1,2.06,3.4063349254267363,3.52,0.028665074573263727,0.25720000121509656,0.03079999441979453,0.2879999956348911,measured_success,101
new_pf,response_fraction_0p70,nominal,3000101,393,base,far,separated,2,1,1,0,1,0,13,3,14.309999999999999,8.70695654908765,8.63,0.02495654908764955,1453.3897000001161,690.9545999878901,164.94956153753895,measured_success,101
new_ppo,response_fraction_0p70,nominal,3000101,393,base,far,separated,2,1,0,0,1,0,21,4,17.750000000000014,8.611030200385358,8.6,0.07096979961464278,5.683999974280596,0.5632999891531654,0.2974904744492267,measured_success,101
new_pf,response_fraction_0p70,nominal,3000101,394,acid,near,separated,3,1,0,0,1,0,6,0,4.4399999999999995,3.5720286006850737,3.59,0.05602860068507365,71.83249999798136,297.823500004597,61.60933333376306,measured_success,101
new_ppo,response_fraction_0p70,nominal,3000101,394,acid,near,separated,3,1,1,0,1,0,4,0,4.5200000000000005,3.5636401212930693,3.6,0.04764012129306927,2.1256000036373734,0.11049999739043415,0.5590250002569519,measured_success,101
new_pf,response_fraction_0p70,nominal,3000101,395,acid,near,separated,3,1,0,0,1,0,6,0,4.319999999999999,6.012806245313357,6.03,0.07080624531335644,57.89290001121117,262.8308000130346,53.45395000404096,measured_success,101
new_ppo,response_fraction_0p70,nominal,3000101,395,acid,near,separated,3,1,0,0,1,0,5,0,4.28,6.016342024199801,6.03,0.07434202419980096,0.7525999899371527,0.12029999925289303,0.17457999783800915,measured_success,101
new_pf,response_fraction_0p70,nominal,3000101,396,base,medium,single,1,0,0,0,1,1,3,1,4.78,7.2431738433669715,7.13,0.19617384336697175,27.32310000283178,206.19710000028135,77.84006666770438,measured_success,101
new_ppo,response_fraction_0p70,nominal,3000101,396,base,medium,single,1,0,0,0,1,1,2,1,4.819999999999999,7.26346001614011,7.07,0.21646001614011023,0.3687000062200241,0.043799998820759356,0.20625000252039172,measured_success,101
new_pf,response_fraction_0p70,nominal,3000101,397,acid,medium,single,1,0,0,1,1,1,2,2,6.18,5.284005166505882,4.65,0.7180051665058818,264.5851000052062,139.62000000174157,202.10255000347388,measured_success,101
new_ppo,response_fraction_0p70,nominal,3000101,397,acid,medium,single,1,0,0,1,1,1,2,2,6.8500000000000005,5.312591540803197,4.66,0.7465915408031973,0.40899999294197187,0.05959999543847516,0.23429999419022352,measured_success,101
new_pf,response_fraction_0p70,nominal,3000101,398,acid,far,separated,3,1,1,0,1,0,7,1,27.850000000000005,2.5209416538382152,2.61,0.04605834616178495,479.5239999948535,397.143700014567,125.23824285848865,measured_success,101
new_ppo,response_fraction_0p70,nominal,3000101,398,acid,far,separated,3,1,1,0,1,0,7,0,27.270000000000003,2.5814268448551854,2.66,0.014426844855185195,1.1632000023382716,0.18269998690811917,0.19227142703519867,measured_success,101
new_pf,response_fraction_0p70,nominal,3000101,399,base,medium,single,1,0,0,0,1,1,7,2,8.14,8.707130127033082,9.04,0.27086987296691767,980.4551000124775,436.8104000168387,202.46650000418802,measured_success,101
new_ppo,response_fraction_0p70,nominal,3000101,399,base,medium,single,1,0,0,0,1,1,6,3,4.4399999999999995,9.107862219889189,9.0,0.12986221988918878,0.9157000022241846,0.14830000145593658,0.17733333394668685,measured_success,101
new_pf,response_fraction_0p70,nominal,3000101,400,base,medium,single,1,1,1,0,1,0,26,3,13.839999999999995,8.074196131885227,7.99,0.006196131885227274,3675.850800027547,1156.0779999999795,185.8434153856741,measured_success,101
new_ppo,response_fraction_0p70,nominal,3000101,400,base,medium,single,1,0,0,0,1,1,11,3,14.719999999999995,8.215454109951963,8.02,0.14745410995196373,3.1318999972427264,0.313300006382633,0.3132000003295781,measured_success,101
new_pf,response_fraction_0p70,nominal,3000101,401,base,medium,separated,2,0,0,0,1,1,3,2,5.68,6.768017256159373,6.88,0.15798274384062694,133.8340000002063,184.28169999970123,106.03856666663584,measured_success,101
new_ppo,response_fraction_0p70,nominal,3000101,401,base,medium,separated,2,1,1,0,1,0,9,3,9.2,6.950569949743269,6.97,0.024569949743268538,1.5395000009448268,0.265800001216121,0.2005888891289942,measured_success,101
new_pf,response_fraction_0p70,nominal,3000101,402,base,far,separated,3,1,0,0,1,0,38,6,14.869999999999983,8.413893497708386,8.47,0.07110650229161308,2036.543399997754,1662.4414999751025,97.34170789402253,measured_success,101
new_ppo,response_fraction_0p70,nominal,3000101,402,base,far,separated,3,0,0,0,1,1,18,8,14.159999999999997,8.230980318759183,8.4,0.2540196812408162,3.1286000012187287,2.5209999876096845,0.313866666046023,measured_success,101
new_pf,response_fraction_0p70,nominal,3000101,403,base,near,single,1,0,0,0,1,1,1,1,2.97,7.203481581488807,6.96,0.22348158148880692,126.93729999591596,90.86769999703392,217.8049999929499,measured_success,101
new_ppo,response_fraction_0p70,nominal,3000101,403,base,near,single,1,1,1,0,1,0,3,1,3.77,6.997445838634324,7.04,0.017445838634323252,0.599599996348843,0.09130000398727134,0.2303000001120381,measured_success,101
new_pf,response_fraction_0p70,nominal,3000101,404,acid,far,separated,3,1,1,0,1,0,5,0,16.77,1.6836908980098042,1.73,0.013690898009804275,372.45209999673534,293.5505999921588,133.20053999777883,measured_success,101
new_ppo,response_fraction_0p70,nominal,3000101,404,acid,far,separated,3,1,1,0,1,0,5,1,17.92,1.6307009468318006,1.68,0.03929905316819937,1.1993999942205846,2.2325999962049536,0.6863999980851077,measured_success,101
new_pf,response_fraction_0p70,nominal,3000101,405,acid,medium,separated,3,1,1,0,1,0,5,1,14.29,2.9757859215000106,3.11,0.04021407849998937,117.63769999379292,236.80639999656705,70.888819998072,measured_success,101
new_ppo,response_fraction_0p70,nominal,3000101,405,acid,medium,separated,3,0,0,0,1,1,5,1,15.07,2.885398084728104,2.96,0.13060191527189602,0.8364000022993423,0.12250000145286322,0.1917800007504411,measured_success,101
new_pf,response_fraction_0p70,nominal,3000101,406,base,near,single,1,1,0,0,1,0,2,1,3.2800000000000002,5.377222920308874,5.3,0.09722292030887392,151.0160000034375,121.57719999231631,136.2965999978769,measured_success,101
new_ppo,response_fraction_0p70,nominal,3000101,406,base,near,single,1,1,0,0,1,0,2,1,3.1100000000000003,5.352554957668174,5.26,0.07255495766817344,0.4745999976876192,0.061400001868605614,0.2679999997781124,measured_success,101
new_pf,response_fraction_0p70,nominal,3000101,407,acid,far,single,1,0,0,0,1,1,43,3,14.279999999999996,3.794854397319888,3.88,0.1621456026801118,5727.390800006106,1755.1181000089855,174.01183488407187,measured_success,101
new_ppo,response_fraction_0p70,nominal,3000101,407,acid,far,single,1,0,0,1,0,0,26,9,50.0,2.6597093326551375,3.67,1.2972906673448623,3.9743000015732832,0.7058999908622354,0.1800076920167507,dose_limit,101
new_pf,response_fraction_0p70,nominal,3000101,408,base,near,separated,2,1,0,0,1,0,1,1,0.7,6.12070993082839,6.02,0.08670993082839029,11.290499998722225,53.73099999997066,65.02149999869289,measured_success,101
new_ppo,response_fraction_0p70,nominal,3000101,408,base,near,separated,2,1,0,0,1,0,9,3,6.269999999999999,6.100746415875461,6.04,0.06674641587546137,3.4219999943161383,0.2460999967297539,0.4075666656717658,measured_success,101
new_pf,response_fraction_0p70,nominal,3000101,409,base,near,single,1,1,1,0,1,0,1,0,0.54,7.6988046279060605,7.64,0.013195372093939284,10.224700003163889,82.70129999436904,92.92599999753293,measured_success,101
new_ppo,response_fraction_0p70,nominal,3000101,409,base,near,single,1,1,0,0,1,0,31,0,0.3100000000000001,7.617197278171663,7.62,0.09480272182833716,7.386799974483438,0.8767000181251206,0.26656451589059865,measured_success,101
new_pf,response_fraction_0p70,nominal,3000101,410,base,medium,separated,2,1,0,0,1,0,14,1,10.440000000000005,7.085593257633006,7.1,0.0555932576330056,383.6754000149085,669.9988000109443,75.26244285898949,measured_success,101
new_ppo,response_fraction_0p70,nominal,3000101,410,base,medium,separated,2,0,0,0,1,1,4,2,11.59,6.9099661996397295,7.04,0.12003380036027078,0.6502000105683692,0.10379999002907425,0.18850000014936086,measured_success,101
new_pf,response_fraction_0p70,nominal,3000101,411,base,near,separated,3,1,0,0,1,0,5,0,5.22,3.774193626654541,3.75,0.0698063733454588,42.38030000124127,188.83719999575987,46.24349999940023,measured_success,101
new_ppo,response_fraction_0p70,nominal,3000101,411,base,near,separated,3,1,1,0,1,0,3,1,5.819999999999999,3.847212586193229,3.78,0.003212586193229061,0.6821999995736405,0.0836000035633333,0.2552666677123246,measured_success,101
new_pf,response_fraction_0p70,nominal,3000101,412,acid,near,overlapping,2,1,0,0,1,0,4,0,3.44,3.0789227382071864,3.1,0.07692273820718665,34.84289999323664,174.83650000212947,52.41984999884153,measured_success,101
new_ppo,response_fraction_0p70,nominal,3000101,412,acid,near,overlapping,2,1,1,0,1,0,3,0,4.09,3.0209422687508862,3.07,0.01894226875088645,0.6311999968602322,0.08710000111022964,0.23943333265682062,measured_success,101
new_pf,response_fraction_0p70,nominal,3000101,413,base,far,overlapping,2,0,0,0,1,1,22,3,17.429999999999996,7.964639780489961,7.68,0.29163978048996064,2690.618999993603,1068.4065999957966,170.86479999951817,measured_success,101
new_ppo,response_fraction_0p70,nominal,3000101,413,base,far,overlapping,2,0,0,0,1,1,11,7,15.209999999999996,7.9804084442622525,7.71,0.30740844426225244,3.8968000080785714,2.3737000083201565,0.570045456036248,measured_success,101
new_pf,response_fraction_0p70,nominal,3000101,414,acid,medium,single,1,1,1,0,1,0,14,2,5.930000000000001,5.721040178474533,5.77,0.037040178474533114,375.786300006439,616.4396999956807,70.87328571443712,measured_success,101
new_ppo,response_fraction_0p70,nominal,3000101,414,acid,medium,single,1,0,0,0,1,1,7,4,7.999999999999999,6.126340611989363,5.74,0.4423406119893629,0.9245000037481077,0.16120000509545207,0.15510000126336568,measured_success,101
new_pf,response_fraction_0p70,nominal,3000101,415,base,near,single,1,1,1,0,1,0,2,1,1.9900000000000002,7.470175964871405,7.38,0.024175964871405498,13.9874999949825,78.3341000060318,46.16080000050715,measured_success,101
new_ppo,response_fraction_0p70,nominal,3000101,415,base,near,single,1,1,1,0,1,0,5,1,4.28,7.4538923236182715,7.5,0.007892323618271746,1.040600000123959,0.1683999944361858,0.24179999891202897,measured_success,101
new_pf,response_fraction_0p70,nominal,3000101,416,acid,medium,separated,2,1,0,0,1,0,8,0,7.779999999999999,5.620242806050941,5.64,0.07424280605094058,70.70920000114711,404.73349999956554,59.43033750008908,measured_success,101
new_ppo,response_fraction_0p70,nominal,3000101,416,acid,medium,separated,2,1,1,0,1,0,8,0,8.38,5.562266929925524,5.59,0.016266929925524032,1.328700003796257,2.2555000032298267,0.44802500087826047,measured_success,101
new_pf,response_fraction_0p70,nominal,3000101,417,acid,near,single,1,0,0,0,1,1,2,1,3.08,3.336970491898426,3.45,0.16202950810157413,176.18039999797475,94.07100000680657,135.12570000239066,measured_success,101
new_ppo,response_fraction_0p70,nominal,3000101,417,acid,near,single,1,0,0,0,1,1,2,1,3.1100000000000003,3.3221218667864063,3.48,0.1768781332135938,0.4313000026741065,0.05740000051446259,0.24435000159428455,measured_success,101
new_pf,response_fraction_0p70,nominal,3000101,418,base,medium,single,1,0,0,0,1,1,3,1,8.850000000000001,5.315553438477863,5.14,0.13355343847786294,263.4298999910243,166.65690000081668,143.362266663947,measured_success,101
new_ppo,response_fraction_0p70,nominal,3000101,418,base,medium,single,1,1,0,0,1,0,3,1,8.55,5.264438801136654,5.17,0.0824388011366537,0.6552999911946245,0.0788000033935532,0.24469999819605923,measured_success,101
new_pf,response_fraction_0p70,nominal,3000101,419,acid,far,single,1,0,0,1,0,0,50,1,11.009999999999971,1.640581120219108,1.64,0.745418879780892,6532.5241000100505,2083.741000002192,172.32530200024485,max_steps,101
new_ppo,response_fraction_0p70,nominal,3000101,419,acid,far,single,1,1,1,0,1,0,12,2,13.669999999999995,2.426038478711927,2.36,0.040038478711927006,2.293600009579677,0.3513999909046106,0.22041666670702398,measured_success,101
new_pf,response_fraction_0p70,nominal,3000101,420,acid,far,separated,2,0,0,0,1,1,3,1,12.86,2.832162893653428,3.1,0.20083710634657193,247.89709998731269,160.84679999767104,136.24796666166125,measured_success,101
new_ppo,response_fraction_0p70,nominal,3000101,420,acid,far,separated,2,1,1,0,1,0,9,1,16.75,3.024214624204988,2.99,0.00878537579501204,1.3226999872131273,0.2193000036641024,0.1713333323196922,measured_success,101
new_pf,response_fraction_0p70,nominal,3000101,421,acid,medium,single,1,1,0,0,1,0,3,1,3.48,5.5389909829934325,5.61,0.09100901700656738,38.75719999632565,165.4229000050691,68.06003333379824,measured_success,101
new_ppo,response_fraction_0p70,nominal,3000101,421,acid,medium,single,1,0,0,0,1,1,3,1,3.72,5.445344850205032,5.55,0.18465514979496778,0.6226000041351654,0.09860000136541203,0.2404000018335258,measured_success,101
new_pf,response_fraction_0p70,nominal,3000101,422,acid,near,separated,2,1,1,0,1,0,1,0,2.31,3.2743277399385553,3.36,0.012327739938555293,137.02060000650818,96.7467000009492,233.76730000745738,measured_success,101
new_ppo,response_fraction_0p70,nominal,3000101,422,acid,near,separated,2,0,0,0,1,1,2,1,3.1100000000000003,3.150197968903968,3.22,0.11180203109603193,2.53280000470113,0.0577000027988106,1.2952500037499703,measured_success,101
new_pf,response_fraction_0p70,nominal,3000101,423,base,medium,separated,3,1,1,0,1,0,6,0,13.13,3.9089991780889903,3.85,0.03900082191100962,198.91630000347504,362.4675000028219,93.56396666771616,measured_success,101
new_ppo,response_fraction_0p70,nominal,3000101,423,base,medium,separated,3,1,1,0,1,0,7,1,15.59,3.986170455558641,4.01,0.03817045555864107,1.263199999812059,0.19899999460903928,0.20888571348872834,measured_success,101
new_pf,response_fraction_0p70,nominal,3000101,424,acid,medium,separated,2,0,0,0,0,0,50,1,4.8599999999999905,4.7384816968588535,4.74,0.19151830314114626,6679.030800005421,1965.3855999786174,172.88832799968077,max_steps,101
new_ppo,response_fraction_0p70,nominal,3000101,424,acid,medium,separated,2,0,0,0,1,1,2,1,3.92,4.624125691013624,4.95,0.30587430898637535,0.4304999965825118,0.06040000153006986,0.24544999905629084,measured_success,101
new_pf,response_fraction_0p70,nominal,3000101,425,acid,medium,single,1,0,0,0,1,1,4,2,7.039999999999999,4.308110858484483,3.97,0.261110858484483,360.18930000136606,302.84019999817247,165.75737499988463,measured_success,101
new_ppo,response_fraction_0p70,nominal,3000101,425,acid,medium,single,1,0,0,0,1,1,3,2,9.33,4.402119300434709,3.95,0.3551193004347093,0.5664999989676289,0.07059999916236848,0.21236666604333246,measured_success,101
new_pf,response_fraction_0p70,nominal,3000101,426,base,medium,separated,3,1,0,0,1,0,26,1,7.769999999999992,5.5485657041071175,5.56,0.0805657041071175,2940.5103999888524,1175.3267000094638,158.30142692301217,measured_success,101
new_ppo,response_fraction_0p70,nominal,3000101,426,base,medium,separated,3,0,0,0,1,1,2,1,5.08,5.718254894227794,5.44,0.250254894227794,0.4362999970908277,0.044800006435252726,0.2405500017630402,measured_success,101
new_pf,response_fraction_0p70,nominal,3000101,427,base,near,single,1,1,0,0,1,0,3,1,2.97,8.905327617368435,8.85,0.0783276173684353,24.80150000337744,144.3931000030716,56.39820000214968,measured_success,101
new_ppo,response_fraction_0p70,nominal,3000101,427,base,near,single,1,0,0,0,1,1,2,1,3.16,8.964137779345403,8.82,0.1371377793454034,0.39989999640965834,0.04099999932805076,0.22044999786885455,measured_success,101
new_pf,response_fraction_0p70,nominal,3000101,428,acid,near,separated,2,1,0,0,1,0,2,1,2.41,4.446178402406767,4.5,0.06082159759323247,97.88570000091568,91.75359999062493,94.8196499957703,measured_success,101
new_ppo,response_fraction_0p70,nominal,3000101,428,acid,near,separated,2,1,0,0,1,0,3,1,3.72,4.42694331409993,4.42,0.08005668590006998,0.6530999962706119,0.09189999400405213,0.24833333009155467,measured_success,101
new_pf,response_fraction_0p70,nominal,3000101,429,acid,medium,single,1,1,0,0,1,0,4,2,11.290000000000001,3.6524066479065853,3.53,0.053406647906585114,299.0168000033009,247.91820000245934,136.73375000144006,measured_success,101
new_ppo,response_fraction_0p70,nominal,3000101,429,acid,medium,single,1,0,0,0,1,1,4,2,14.31,3.8386034216348133,3.55,0.23960342163481307,0.8445999847026542,0.10040000051958486,0.23624999630555976,measured_success,101
new_pf,response_fraction_0p70,nominal,3000101,430,base,near,overlapping,3,1,0,0,1,0,26,2,3.299999999999996,5.072763164432585,5.06,0.056236835567414545,232.73189998872112,1169.769100015401,53.942346154004696,measured_success,101
new_ppo,response_fraction_0p70,nominal,3000101,430,base,near,overlapping,3,0,0,1,1,1,9,4,9.639999999999999,4.4148598522963205,5.03,0.7141401477036791,1.2343000053078867,0.2164999968954362,0.16120000024481365,measured_success,101
new_pf,response_fraction_0p70,nominal,3000101,431,acid,near,separated,2,1,1,0,1,0,3,1,5.91,2.8975949754229475,2.98,0.049405024577052536,243.58529999881284,181.24689999240218,141.610733330405,measured_success,101
new_ppo,response_fraction_0p70,nominal,3000101,431,acid,near,separated,2,1,1,0,1,0,3,1,5.66,2.938676998901477,3.01,0.008323001098522909,0.6110000031185336,0.08849999721860513,0.23316666677904627,measured_success,101
new_pf,response_fraction_0p70,nominal,3000101,432,acid,near,single,1,0,0,0,1,1,1,1,1.91,3.6966638394156774,3.87,0.19933616058432246,133.76340000104392,76.83579999866197,210.5991999997059,measured_success,101
new_ppo,response_fraction_0p70,nominal,3000101,432,acid,near,single,1,0,0,0,1,1,1,1,2.06,3.651198035632941,3.83,0.24480196436705892,0.2632999967318028,0.03480000304989517,0.298099999781698,measured_success,101
new_pf,response_fraction_0p70,nominal,3000101,433,acid,far,single,1,1,1,0,1,0,7,2,16.02,4.819388973797933,4.77,0.04538897379793294,466.22580000257585,345.3430000008666,115.93840000049178,measured_success,101
new_ppo,response_fraction_0p70,nominal,3000101,433,acid,far,single,1,1,1,0,1,0,8,2,17.479999999999997,4.79385006345324,4.7,0.01985006345323992,1.1537999962456524,0.18709999858401716,0.1676124993537087,measured_success,101
new_pf,response_fraction_0p70,nominal,3000101,434,base,medium,separated,3,1,0,0,1,0,9,1,6.280000000000002,5.548916449168745,5.57,0.05891644916874483,842.8645999956643,478.73070000787266,146.84392222261522,measured_success,101
new_ppo,response_fraction_0p70,nominal,3000101,434,base,medium,separated,3,1,1,0,1,0,4,1,5.98,5.508261097980565,5.54,0.018261097980564855,0.8134999952744693,0.12110000534448773,0.23365000015473925,measured_success,101
new_pf,response_fraction_0p70,nominal,3000101,435,acid,medium,separated,3,0,0,0,1,1,3,1,8.77,2.9413522554494778,3.15,0.1446477445505221,133.3535000012489,187.25959999574115,106.87103333233001,measured_success,101
new_ppo,response_fraction_0p70,nominal,3000101,435,acid,medium,separated,3,1,0,0,1,0,5,1,10.52,3.014923463881015,2.99,0.0710765361189849,0.8566999895265326,0.12350000179139897,0.1960399982635863,measured_success,101
new_pf,response_fraction_0p70,nominal,3000101,436,base,medium,single,1,0,0,0,1,1,5,1,15.840000000000002,4.583327214965763,4.4,0.22532721496576347,160.11729998717783,326.0372000077041,97.23089999897638,measured_success,101
new_ppo,response_fraction_0p70,nominal,3000101,436,base,medium,single,1,0,0,0,1,1,4,1,16.05,4.746332533077306,4.38,0.388332533077306,0.8773000008659437,0.1216000018757768,0.24972500068543013,measured_success,101
new_pf,response_fraction_0p70,nominal,3000101,437,base,near,single,1,1,1,0,1,0,6,0,5.1899999999999995,4.339042039359441,4.32,0.048957960640558795,55.830899997090455,242.807399990852,49.773049997990405,measured_success,101
new_ppo,response_fraction_0p70,nominal,3000101,437,base,near,single,1,1,0,0,1,0,7,0,5.0200000000000005,4.317947153129952,4.3,0.07005284687004831,1.1694999993778765,0.2004999914788641,0.19571428440810582,measured_success,101
new_pf,response_fraction_0p70,nominal,3000101,438,acid,near,separated,3,1,0,0,1,0,4,0,4.8500000000000005,1.6322958350623136,1.64,0.06529583506231362,396.91739999398123,180.5945999949472,144.3779999972321,measured_success,101
new_ppo,response_fraction_0p70,nominal,3000101,438,acid,near,separated,3,1,1,0,1,0,3,0,6.02,1.5713514533225403,1.61,0.004351453322540388,3.2705999983591028,0.11040000390494242,1.1270000007546817,measured_success,101
new_pf,response_fraction_0p70,nominal,3000101,439,acid,near,single,1,1,0,0,1,0,17,2,2.5700000000000007,6.662681287630727,6.69,0.07168128763072712,528.3304000040516,721.3897999972687,73.51295294125414,measured_success,101
new_ppo,response_fraction_0p70,nominal,3000101,439,acid,near,single,1,0,0,1,1,1,10,4,8.81,7.14671483219545,6.69,0.5557148321954495,3.9496999961556867,0.2721999990171753,0.4221899995172862,measured_success,101
new_pf,response_fraction_0p70,nominal,3000101,440,base,far,single,1,0,0,1,1,1,3,2,14.690000000000001,3.6988170195355146,5.33,1.7131829804644854,168.55049999867333,218.3971000049496,128.982533334541,measured_success,101
new_ppo,response_fraction_0p70,nominal,3000101,440,base,far,single,1,0,0,1,0,0,33,13,50.0,10.938146033272233,8.89,5.526146033272233,12.071099976310506,0.94449998869095,0.3944121201515593,dose_limit,101
new_pf,response_fraction_0p70,nominal,3000101,441,base,medium,single,1,0,0,0,1,1,3,1,6.84,8.216894291722625,8.12,0.11189429172262422,343.8780000069528,153.13919999607606,165.6724000010096,measured_success,101
new_ppo,response_fraction_0p70,nominal,3000101,441,base,medium,single,1,1,0,0,1,0,8,0,5.469999999999999,8.021491199339032,8.01,0.08350880066096877,1.2485999905038625,0.20229999063303694,0.18136249764211243,measured_success,101
new_pf,response_fraction_0p70,nominal,3000101,442,base,far,separated,2,0,0,0,0,0,50,2,24.810000000000045,4.567789777644762,4.56,0.40321022235523785,678.4158000009484,2097.57769999851,55.51986999998917,max_steps,101
new_ppo,response_fraction_0p70,nominal,3000101,442,base,far,separated,2,0,0,1,1,1,22,8,42.39000000000001,4.401591164376754,5.0,0.5694088356232463,5.532700015464798,0.6363000065903179,0.2804090919115962,measured_success,101
new_pf,response_fraction_0p70,nominal,3000101,443,acid,far,separated,2,1,1,0,1,0,10,1,29.38,3.5481721830507063,3.63,0.028827816949293705,218.41849997872487,468.31509999901755,68.67335999777424,measured_success,101
new_ppo,response_fraction_0p70,nominal,3000101,443,acid,far,separated,2,1,1,0,1,0,9,0,28.560000000000002,3.6080490498611333,3.63,0.031049049861133327,1.4194000032148324,0.22349999198922887,0.18254444391156235,measured_success,101
new_pf,response_fraction_0p70,nominal,3000101,444,base,near,separated,3,1,0,0,1,0,6,0,5.24,5.172035644743675,5.16,0.06496435525632549,46.54570000275271,229.70770000392804,46.04223333444679,measured_success,101
new_ppo,response_fraction_0p70,nominal,3000101,444,base,near,separated,3,1,0,0,1,0,6,0,5.079999999999999,5.156658180468339,5.14,0.08034181953166097,1.1975999950664118,0.17579999257577583,0.2288999979403646,measured_success,101
new_pf,response_fraction_0p70,nominal,3000101,445,acid,medium,separated,3,0,0,0,1,1,2,1,5.74,3.454244062866435,3.69,0.14275593713356516,177.09710000053747,121.86239999573445,149.47974999813596,measured_success,101
new_ppo,response_fraction_0p70,nominal,3000101,445,acid,medium,separated,3,0,0,0,1,1,2,1,6.300000000000001,3.3445335058949484,3.57,0.2524664941050516,0.42440000834176317,0.05420000525191426,0.23930000679683872,measured_success,101
new_pf,response_fraction_0p70,nominal,3000101,446,acid,near,single,1,1,1,0,1,0,3,1,2.47,4.860860696029233,4.91,0.014139303970766903,182.64890000864398,143.06769999529934,108.57220000131444,measured_success,101
new_ppo,response_fraction_0p70,nominal,3000101,446,acid,near,single,1,0,0,0,1,1,2,1,3.1100000000000003,4.660921503526353,4.78,0.21407849647364685,0.3431000004638918,0.04839999746764079,0.19574999896576628,measured_success,101
new_pf,response_fraction_0p70,nominal,3000101,447,base,far,separated,3,0,0,0,0,0,50,2,16.96000000000006,7.503611172708615,7.5,0.43738882729138506,3419.4931999591063,2020.9132000090904,108.80812799936393,max_steps,101
new_ppo,response_fraction_0p70,nominal,3000101,447,base,far,separated,3,1,0,0,1,0,24,3,19.990000000000016,8.017149061954655,8.03,0.07614906195465476,3.8961000173003413,0.6279000081121922,0.18850000105885556,measured_success,101
new_pf,response_fraction_0p70,nominal,3000101,448,acid,medium,separated,2,0,0,1,1,1,1,1,4.73,4.130547025195314,4.66,0.5224529748046853,134.00980000005802,125.0039000005927,259.0137000006507,measured_success,101
new_ppo,response_fraction_0p70,nominal,3000101,448,acid,medium,separated,2,1,1,0,1,0,4,2,5.28,4.684117483499461,4.64,0.031117483499461862,0.6980999969528057,0.11159999121446162,0.20242499704181682,measured_success,101
new_pf,response_fraction_0p70,nominal,3000101,449,acid,near,separated,3,1,1,0,1,0,1,1,2.8,2.6634556603395945,2.75,0.004544339660405683,140.26430000376422,46.53709999547573,186.80139999923995,measured_success,101
new_ppo,response_fraction_0p70,nominal,3000101,449,acid,near,separated,3,1,1,0,1,0,2,1,3.1100000000000003,2.6298268243532705,2.68,0.03817317564672962,0.41480000072624534,0.04669999179895967,0.2307499962626025,measured_success,101
new_pf,response_fraction_0p70,nominal,3000101,450,acid,medium,single,1,0,0,0,1,1,2,1,5.779999999999999,1.9342088613969262,2.12,0.20379113860307374,106.87710000638617,165.22670000995276,136.05190000816947,measured_success,101
new_ppo,response_fraction_0p70,nominal,3000101,450,acid,medium,single,1,0,0,0,1,1,2,1,6.5600000000000005,1.8263414761829724,2.07,0.3116585238170275,0.48820000665728003,0.07159999950090423,0.27990000307909213,measured_success,101
new_pf,response_fraction_0p70,nominal,3000101,451,base,medium,single,1,0,0,1,1,1,2,2,7.09,8.666289735195242,9.29,0.6827102648047578,157.374800008256,220.0010000015027,188.68790000487934,measured_success,101
new_ppo,response_fraction_0p70,nominal,3000101,451,base,medium,single,1,0,0,0,1,1,8,4,9.419999999999998,9.125714727381926,9.25,0.22328527261807452,1.4701999971293844,0.22759999410482123,0.2122249989042757,measured_success,101
new_pf,response_fraction_0p70,nominal,3000101,452,base,medium,separated,2,1,0,0,1,0,17,1,9.939999999999998,5.028051994012436,5.04,0.06505199401243633,387.87579998461297,664.6710999993957,61.91452352847109,measured_success,101
new_ppo,response_fraction_0p70,nominal,3000101,452,base,medium,separated,2,1,1,0,1,0,6,1,6.119999999999999,4.982462823895965,5.01,0.019462823895964654,4.735399990750011,0.17970000772038475,0.8191833330783993,measured_success,101
new_pf,response_fraction_0p70,nominal,3000101,453,acid,near,separated,3,1,1,0,1,0,4,0,4.23,3.635604214132754,3.68,0.02360421413275393,29.109399998560548,161.21980000752956,47.582300001522526,measured_success,101
new_ppo,response_fraction_0p70,nominal,3000101,453,acid,near,separated,3,0,0,0,1,1,3,1,4.97,3.5004578777181825,3.59,0.11154212228181759,0.5894999922020361,0.09210000280290842,0.2271999983349815,measured_success,101
new_pf,response_fraction_0p70,nominal,3000101,454,base,near,separated,3,1,0,0,1,0,4,2,4.640000000000001,3.8378029901478214,3.91,0.09619700985217872,387.38719999673776,174.99390000011772,140.59527499921387,measured_success,101
new_ppo,response_fraction_0p70,nominal,3000101,454,base,near,separated,3,0,0,0,1,1,2,1,2.7199999999999998,4.1641919510199354,4.02,0.23019195101993528,2.467799997248221,0.058200006606057286,1.2630000019271392,measured_success,101
new_pf,response_fraction_0p70,nominal,3000101,455,acid,near,separated,2,1,1,0,1,0,3,0,2.13,3.80047383560818,3.83,0.030473835608180178,21.038500002759974,126.72519999614451,49.25456666630149,measured_success,101
new_ppo,response_fraction_0p70,nominal,3000101,455,acid,near,separated,2,0,0,0,1,1,2,1,3.1100000000000003,3.6490810392538258,3.73,0.12091896074617425,0.3907999926013872,0.05190000229049474,0.22134999744594097,measured_success,101
new_pf,response_fraction_0p70,nominal,3000101,456,base,far,separated,3,0,0,0,1,1,11,5,16.630000000000003,9.349858517362577,9.09,0.25685851736257703,483.89440000028117,598.7128000197117,98.4188363654539,measured_success,101
new_ppo,response_fraction_0p70,nominal,3000101,456,base,far,separated,3,1,0,0,1,0,13,7,15.599999999999996,9.154835173534678,9.09,0.06183517353467849,4.2706999956863,2.4537999925087206,0.5172692298611554,measured_success,101
new_pf,response_fraction_0p70,nominal,3000101,457,acid,medium,separated,2,0,0,0,1,1,3,1,8.29,3.9859972387012386,4.13,0.17400276129876158,283.649900011369,206.7325000098208,163.46080000706328,measured_success,101
new_ppo,response_fraction_0p70,nominal,3000101,457,acid,medium,separated,2,1,1,0,1,0,4,0,6.8999999999999995,4.18903776566504,4.25,0.029037765665039572,4.256399995938409,0.11629999789875001,1.0931749984592898,measured_success,101
new_pf,response_fraction_0p70,nominal,3000101,458,base,medium,separated,3,1,0,0,1,0,19,1,12.840000000000007,3.670481353921165,3.68,0.08548135392116496,461.0203999982332,816.6660999995656,67.246657894621,measured_success,101
new_ppo,response_fraction_0p70,nominal,3000101,458,base,medium,separated,3,1,0,0,1,0,4,1,10.82,3.6770783621233036,3.57,0.09207836212330367,0.8281999980681576,0.11919999815290794,0.23684999905526638,measured_success,101
new_pf,response_fraction_0p70,nominal,3000101,459,acid,medium,single,1,0,0,0,1,1,5,2,3.5300000000000002,7.232097752042561,7.08,0.16109775204256138,382.23689998994814,312.5231999947573,138.9520199969411,measured_success,101
new_ppo,response_fraction_0p70,nominal,3000101,459,acid,medium,single,1,0,0,0,1,1,8,3,5.01,6.91765177873175,7.01,0.15334822126824932,8.776799986662809,0.23260000307345763,1.1261749987170333,measured_success,101
new_pf,response_fraction_0p70,nominal,3000101,460,base,medium,separated,3,1,0,0,1,0,9,0,9.469999999999999,3.883209875422043,3.87,0.08379012457795687,83.08440000837436,409.8114000080386,54.76620000182366,measured_success,101
new_ppo,response_fraction_0p70,nominal,3000101,460,base,medium,separated,3,1,0,0,1,0,12,0,9.399999999999995,3.8770573919787736,3.87,0.08994260802122644,2.2648999947705306,0.31400000443682075,0.2149083332672793,measured_success,101
new_pf,response_fraction_0p70,nominal,3000101,461,acid,medium,separated,3,1,0,0,1,0,12,0,16.020000000000003,6.697068992034513,6.71,0.0850689920345129,113.31249999784632,561.6554000007454,56.24732499988264,measured_success,101
new_ppo,response_fraction_0p70,nominal,3000101,461,acid,medium,separated,3,1,0,0,1,0,19,0,16.069999999999997,6.693773622209427,6.7,0.08177362220942719,5.183800007216632,2.1868999756406993,0.38793157804512274,measured_success,101
new_pf,response_fraction_0p70,nominal,3000101,462,base,near,single,1,1,1,0,1,0,3,1,2.02,4.698753634927627,4.65,0.03775363492762729,28.392900007020216,184.14250000205357,70.84513333635793,measured_success,101
new_ppo,response_fraction_0p70,nominal,3000101,462,base,near,single,1,1,0,0,1,0,1,1,2.06,4.71137300877759,4.58,0.050373008777590655,0.2773000014713034,0.026900001103058457,0.30420000257436186,measured_success,101
new_pf,response_fraction_0p70,nominal,3000101,463,acid,near,separated,2,1,0,0,1,0,14,1,6.979999999999999,3.6547409426643425,3.62,0.05225905733565739,255.0847999882535,538.4811000039917,56.68327857087466,measured_success,101
new_ppo,response_fraction_0p70,nominal,3000101,463,acid,near,separated,2,0,0,0,1,1,1,1,2.06,3.527473815851952,3.78,0.179526184148048,0.3630999999586493,0.02510000194888562,0.3882000019075349,measured_success,101
new_pf,response_fraction_0p70,nominal,3000101,464,base,near,separated,3,0,0,0,1,1,9,2,2.8400000000000003,7.901468809426476,8.03,0.21953119057352488,317.4104999998235,610.1657000108389,103.06402222340694,measured_success,101
new_ppo,response_fraction_0p70,nominal,3000101,464,base,near,separated,3,1,0,0,1,0,13,0,0.12999999999999998,8.041772723104238,8.04,0.0792272768957627,2.4313000103575177,0.3713999976753257,0.21559230831021872,measured_success,101
new_pf,response_fraction_0p70,nominal,3000101,465,acid,near,overlapping,2,1,1,0,1,0,1,0,1.84,2.677130201806766,2.76,0.009130201806765825,151.5097000010428,84.63469999696827,236.14439999801107,measured_success,101
new_ppo,response_fraction_0p70,nominal,3000101,465,acid,near,overlapping,2,1,1,0,1,0,1,1,2.06,2.6352405724237666,2.74,0.03275942757623351,0.23520000104326755,0.030999995942693204,0.26619999698596075,measured_success,101
new_pf,response_fraction_0p70,nominal,3000101,466,acid,far,separated,2,0,0,0,1,1,6,1,21.87,3.6991120176310988,3.87,0.2448879823689012,349.165500010713,312.9063999876962,110.34531666640153,measured_success,101
new_ppo,response_fraction_0p70,nominal,3000101,466,acid,far,separated,2,1,1,0,1,0,8,1,23.38,3.9434710821220786,3.89,0.0005289178779213088,3.671300000860356,0.22589999571209773,0.4871499995715567,measured_success,101
new_pf,response_fraction_0p70,nominal,3000101,467,base,medium,separated,2,0,0,0,1,1,4,1,8.69,4.07074806201404,4.0,0.14074806201404,30.694699999003205,211.467499997525,60.540549999132054,measured_success,101
new_ppo,response_fraction_0p70,nominal,3000101,467,base,medium,separated,2,0,0,0,1,1,3,1,8.85,4.107073708313614,3.91,0.17707370831361358,2.6970999970217235,0.08539999544154853,0.9274999974877574,measured_success,101
new_pf,response_fraction_0p70,nominal,3000101,468,acid,far,separated,2,1,0,0,1,0,22,1,12.280000000000008,3.524631244939136,3.52,0.07636875506086405,426.1714000022039,1017.6468999998178,65.62810454554644,measured_success,101
new_ppo,response_fraction_0p70,nominal,3000101,468,acid,far,separated,2,1,1,0,1,0,6,2,13.479999999999999,3.637140377458339,3.59,0.03614037745833887,1.3241999986348674,0.1886000100057572,0.2521333347734374,measured_success,101
new_pf,response_fraction_0p70,nominal,3000101,469,acid,near,separated,3,1,0,0,1,0,3,2,2.91,6.397834171132979,6.32,0.07683417113297963,327.3589999953401,164.70880000269972,164.02259999934662,measured_success,101
new_ppo,response_fraction_0p70,nominal,3000101,469,acid,near,separated,3,1,1,0,1,0,3,2,3.72,6.355440026892305,6.26,0.0344400268923053,0.5024999991292134,0.07170000026235357,0.191399999797189,measured_success,101
new_pf,response_fraction_0p70,nominal,3000101,470,acid,near,single,1,0,0,0,1,1,3,1,2.4799999999999995,6.279603674360793,6.34,0.10439632563920753,22.986199997831136,127.92320000880864,50.30313333554659,measured_success,101
new_ppo,response_fraction_0p70,nominal,3000101,470,acid,near,single,1,1,1,0,1,0,5,2,4.1000000000000005,6.4250596626907726,6.38,0.041059662690772214,0.9611000059521757,0.14239999291021377,0.2206999997724779,measured_success,101
new_pf,response_fraction_0p70,nominal,3000101,471,acid,medium,single,1,0,0,0,1,1,6,2,11.45,6.080383138129287,5.79,0.19638313812928665,256.80429999920307,355.0804999904358,101.98079999827314,measured_success,101
new_ppo,response_fraction_0p70,nominal,3000101,471,acid,medium,single,1,0,0,0,1,1,3,1,10.03,5.6136799066451974,5.96,0.2703200933548029,2.661500002432149,0.08320000779349357,0.9149000034085475,measured_success,101
new_pf,response_fraction_0p70,nominal,3000101,472,acid,medium,single,1,1,1,0,1,0,3,0,5.280000000000001,4.224501167310628,4.29,0.010501167310627224,111.20840000512544,145.65240000229096,85.6202666691388,measured_success,101
new_ppo,response_fraction_0p70,nominal,3000101,472,acid,medium,single,1,1,0,0,1,0,4,1,5.58,4.156389873164178,4.22,0.05761012683582223,0.8693000054336153,0.16170000162674114,0.2577500017650891,measured_success,101
new_pf,response_fraction_0p70,nominal,3000101,473,base,medium,single,1,0,0,0,0,0,50,2,10.329999999999963,4.695049907513596,4.67,0.45395009248640417,710.1626000003307,2168.4323999943445,57.5718999998935,max_steps,101
new_ppo,response_fraction_0p70,nominal,3000101,473,base,medium,single,1,1,1,0,1,0,12,3,9.270000000000001,5.149572896503672,5.23,0.0005728965036722045,3.756200007046573,0.3623999946285039,0.3432166668062564,measured_success,101
new_pf,response_fraction_0p70,nominal,3000101,474,acid,medium,single,1,1,0,0,1,0,6,0,12.209999999999999,4.964267217251056,4.99,0.06426721725105544,657.4496000102954,328.8382999962778,164.3813166677622,measured_success,101
new_ppo,response_fraction_0p70,nominal,3000101,474,acid,medium,single,1,1,0,0,1,0,9,0,12.059999999999999,4.9820569337544445,5.0,0.08205693375444412,4.369700021925382,0.27289999707136303,0.5158444465551939,measured_success,101
new_pf,response_fraction_0p70,nominal,3000101,475,base,near,overlapping,3,1,0,0,1,0,9,0,6.529999999999999,2.4239233948721672,2.42,0.09007660512783255,95.1375000004191,420.313199996599,57.272299999668675,measured_success,101
new_ppo,response_fraction_0p70,nominal,3000101,475,base,near,overlapping,3,1,0,0,1,0,10,0,6.6499999999999995,2.430982924508309,2.42,0.08301707549169057,3.55810001201462,0.26849999267142266,0.38266000046860427,measured_success,101
new_pf,response_fraction_0p70,nominal,3000101,476,acid,medium,separated,3,1,1,0,1,0,15,1,7.3199999999999985,3.620647244496374,3.59,0.0383527555036256,225.4902999920887,593.4270000216202,54.59448666758059,measured_success,101
new_ppo,response_fraction_0p70,nominal,3000101,476,acid,medium,separated,3,1,1,0,1,0,6,2,4.78,3.7088665457011896,3.66,0.04986654570118976,3.2365000079153106,0.17659999866737053,0.5688500010971135,measured_success,101
new_pf,response_fraction_0p70,nominal,3000101,477,base,medium,separated,2,0,0,0,0,0,50,1,6.63999999999999,5.7120684125959755,5.71,0.4120684125959757,6639.675899983558,1990.0476000184426,172.59447000004002,max_steps,101
new_ppo,response_fraction_0p70,nominal,3000101,477,base,medium,separated,2,0,0,0,1,1,2,1,5.08,5.655420327001069,5.38,0.3554203270010694,0.46329999895533547,0.06270000449148938,0.2630000017234124,measured_success,101
new_pf,response_fraction_0p70,nominal,3000101,478,base,near,single,1,1,0,0,1,0,11,2,4.37,4.914349516657085,4.9,0.0686504833429149,1199.6507000148995,477.8243999899132,152.4977363640739,measured_success,101
new_ppo,response_fraction_0p70,nominal,3000101,478,base,near,single,1,0,0,0,1,1,2,2,3.1100000000000003,4.871598482945124,4.99,0.11140151705487522,0.41039999632630497,0.05709999823011458,0.23374999727820978,measured_success,101
new_pf,response_fraction_0p70,nominal,3000101,479,base,near,separated,2,0,0,0,1,1,3,2,2.49,5.24930564973776,5.78,0.47169435026223994,266.3394000046537,205.4435000027297,157.2609666691278,measured_success,101
new_ppo,response_fraction_0p70,nominal,3000101,479,base,near,separated,2,0,0,1,1,1,13,6,14.689999999999998,5.046080293693308,5.7,0.6749197063066923,2.2061999916331843,0.36589999217540026,0.19785384490835264,measured_success,101
new_pf,response_fraction_0p70,nominal,3000101,480,acid,near,separated,2,1,1,0,1,0,3,0,1.99,5.625420946003276,5.66,0.020420946003275375,34.72480000345968,198.40330000442918,77.70936666929629,measured_success,101
new_ppo,response_fraction_0p70,nominal,3000101,480,acid,near,separated,2,0,0,0,1,1,2,1,3.1100000000000003,5.456325067889061,5.54,0.1486749321109393,0.5098000037833117,0.06500000017695129,0.2874000019801315,measured_success,101
new_pf,response_fraction_0p70,nominal,3000101,481,acid,far,single,1,0,0,1,0,0,50,1,12.830000000000004,2.50174363772191,2.48,0.58925636227809,6772.385000018403,1966.7499999704887,174.78269999977783,max_steps,101
new_ppo,response_fraction_0p70,nominal,3000101,481,acid,far,single,1,0,0,0,1,1,10,2,12.299999999999997,3.3385242748589583,3.05,0.24752427485895812,1.7605999892111868,0.29999999969732016,0.2060599988908507,measured_success,101
new_pf,response_fraction_0p70,nominal,3000101,482,base,medium,overlapping,3,1,0,0,1,0,5,1,5.739999999999999,5.622512162451397,5.58,0.05051216245139667,49.66809998586541,250.7649000035599,60.08659999788506,measured_success,101
new_ppo,response_fraction_0p70,nominal,3000101,482,base,medium,overlapping,3,1,0,0,1,0,4,1,5.79,5.639629011762636,5.56,0.06762901176263636,1.0285000098519959,0.14059999375604093,0.2922750009020092,measured_success,101
new_pf,response_fraction_0p70,nominal,3000101,483,base,near,separated,2,1,1,0,1,0,2,0,1.9300000000000002,3.3575481406360073,3.3,0.023451859363992522,156.93170000304235,137.2216000017943,147.07665000241832,measured_success,101
new_ppo,response_fraction_0p70,nominal,3000101,483,base,near,separated,2,1,0,0,1,0,2,1,2.7199999999999998,3.475988633546783,3.41,0.09498863354678333,0.5020000025979243,0.06430000212276354,0.28315000236034393,measured_success,101
new_pf,response_fraction_0p70,nominal,3000101,484,acid,far,single,1,1,0,0,1,0,16,4,20.64999999999999,5.821300727716274,5.72,0.056300727716274146,579.9821999971755,771.9755000071018,84.49735625026733,measured_success,101
new_ppo,response_fraction_0p70,nominal,3000101,484,acid,far,single,1,0,0,1,0,0,50,0,4.499999999999997,8.323252394501313,8.33,2.558252394501314,12.27589997870382,1.3625999927171506,0.2727699994284194,max_steps,101
new_pf,response_fraction_0p70,nominal,3000101,485,base,medium,separated,3,1,0,0,1,0,10,0,11.020000000000001,4.584226033782446,4.57,0.07577396621755383,93.16040001431247,407.10939999553375,50.02698000098462,measured_success,101
new_ppo,response_fraction_0p70,nominal,3000101,485,base,medium,separated,3,1,0,0,0,0,13,0,10.909999999999993,4.57556644014519,4.56,0.08443355985481027,3.404999995836988,0.3420000066398643,0.28823076942129633,measured_success,101
new_pf,response_fraction_0p70,nominal,3000101,486,acid,near,separated,3,1,0,0,1,0,10,0,5.02,3.4606717729609997,3.47,0.0866717729609996,78.9753000062774,388.1976000047871,46.71729000110645,measured_success,101
new_ppo,response_fraction_0p70,nominal,3000101,486,acid,near,separated,3,1,0,0,1,0,5,0,4.95,3.463475256051968,3.47,0.08947525605196782,0.7404999996651895,0.11490000906633213,0.17108000174630433,measured_success,101
new_pf,response_fraction_0p70,nominal,3000101,487,base,medium,overlapping,3,0,0,0,1,1,5,1,14.13,5.886722667996528,5.67,0.1757226679965278,199.3900999877951,294.7189999977127,98.82181999710156,measured_success,101
new_ppo,response_fraction_0p70,nominal,3000101,487,base,medium,overlapping,3,0,0,1,1,1,6,2,18.17,5.186025519923641,5.63,0.5249744800763594,1.323199991020374,0.1984999980777502,0.25361666484968737,measured_success,101
new_pf,response_fraction_0p70,nominal,3000101,488,base,medium,single,1,1,1,0,1,0,28,3,8.61,8.181793436695791,8.15,0.010793436695792025,1932.7009999979055,1188.7789999891538,111.4814285709664,measured_success,101
new_ppo,response_fraction_0p70,nominal,3000101,488,base,medium,single,1,0,0,1,1,1,3,2,9.61,6.878785836249964,8.22,1.2922141637500353,0.5138999913469888,0.08140000136336312,0.19843333090345064,measured_success,101
new_pf,response_fraction_0p70,nominal,3000101,489,base,medium,overlapping,2,0,0,0,1,1,50,3,10.569999999999983,7.457628930378974,7.31,0.22362893037897358,3745.499800024845,2159.334400006628,118.09668400062947,measured_success,101
new_ppo,response_fraction_0p70,nominal,3000101,489,base,medium,overlapping,2,0,0,1,0,0,21,10,50.0,5.036324399632539,5.16,2.197675600367461,2.7875999949174,0.5073999636806548,0.1569047599332407,dose_limit,101
new_pf,response_fraction_0p70,nominal,3000101,490,base,far,separated,3,0,0,0,1,1,41,3,13.430000000000003,9.694630317223641,9.56,0.188630317223641,2389.4060000093305,1535.9252999696764,95.73978780436602,measured_success,101
new_ppo,response_fraction_0p70,nominal,3000101,490,base,far,separated,3,0,0,0,1,1,14,2,1.47,9.108659717545684,9.41,0.39734028245431574,1.797100019757636,0.3223000021534972,0.15138571585079522,measured_success,101
new_pf,response_fraction_0p70,nominal,3000101,491,base,medium,separated,3,0,0,0,1,1,6,2,8.48,6.449464776938953,6.78,0.3465352230610472,548.9789999992354,414.1667000076268,160.52428333447702,measured_success,101
new_ppo,response_fraction_0p70,nominal,3000101,491,base,medium,separated,3,1,1,0,1,0,4,2,5.63,6.7649544801426575,6.86,0.031045519857342718,0.7629999963683076,0.1086999909603037,0.21792499683215283,measured_success,101
new_pf,response_fraction_0p70,nominal,3000101,492,acid,medium,separated,2,1,0,0,1,0,10,1,7.760000000000002,3.664598720048372,3.66,0.09040127995162806,237.5322999942,422.92190001899144,66.04542000131914,measured_success,101
new_ppo,response_fraction_0p70,nominal,3000101,492,acid,medium,separated,2,0,0,0,1,1,4,1,6.71,3.6014283249318995,3.69,0.15357167506810043,0.8508000028086826,0.12090001109754667,0.24292500347655732,measured_success,101
new_pf,response_fraction_0p70,nominal,3000101,493,base,medium,separated,2,1,0,0,1,0,17,1,17.060000000000002,5.753554510588668,5.77,0.07155451058866724,545.5583999937517,715.9790999940014,74.20808823457371,measured_success,101
new_ppo,response_fraction_0p70,nominal,3000101,493,base,medium,separated,2,1,1,0,1,0,5,1,12.71,5.723589641257812,5.67,0.041589641257811394,2.725099999224767,0.13649999164044857,0.5723199981730431,measured_success,101
new_pf,response_fraction_0p70,nominal,3000101,494,base,far,separated,2,0,0,1,1,1,3,2,13.700000000000001,6.6044763807449485,7.61,1.0025236192550517,172.7744999952847,265.4361000022618,146.07019999918217,measured_success,101
new_ppo,response_fraction_0p70,nominal,3000101,494,base,far,separated,2,0,0,1,1,1,18,6,21.479999999999997,6.326923656178337,7.69,1.280076343821663,2.9197000039857812,0.4560000088531524,0.18753888960216297,measured_success,101
new_pf,response_fraction_0p70,nominal,3000101,495,acid,medium,separated,2,1,1,0,1,0,12,1,6.279999999999999,4.447844390379169,4.42,0.02415560962083152,1716.065600005095,542.2426000077394,188.1923500010695,measured_success,101
new_ppo,response_fraction_0p70,nominal,3000101,495,acid,medium,separated,2,0,0,0,1,1,5,2,5.84,4.582771332785583,4.48,0.11077133278558282,0.716900009138044,0.12279999646125361,0.16794000111985952,measured_success,101
new_pf,response_fraction_0p70,nominal,3000101,496,acid,medium,overlapping,3,1,0,0,1,0,6,0,6.0200000000000005,3.9634409392797982,3.98,0.0614409392797981,67.90100000216626,212.321900005918,46.70381666801404,measured_success,101
new_ppo,response_fraction_0p70,nominal,3000101,496,acid,medium,overlapping,3,1,1,0,1,0,4,0,6.71,3.909426562444229,3.94,0.007426562444228679,0.7563999897683971,0.09860000864136964,0.21374999960244168,measured_success,101
new_pf,response_fraction_0p70,nominal,3000101,497,base,medium,separated,3,1,1,0,1,0,35,3,8.749999999999991,8.296461741833639,8.24,0.01946174183363958,1996.7037000096752,1419.4859999915934,97.60542000003625,measured_success,101
new_ppo,response_fraction_0p70,nominal,3000101,497,base,medium,separated,3,0,0,0,1,1,9,4,11.539999999999997,7.831323000123888,8.35,0.4456769998761114,1.660199988691602,0.24980001035146415,0.21222222211589623,measured_success,101
new_pf,response_fraction_0p70,nominal,3000101,498,base,near,single,1,1,0,0,1,0,37,2,8.029999999999994,8.700900180250542,8.69,0.07709981974945812,1780.1324000320164,1647.559100012586,92.64031081201628,measured_success,101
new_ppo,response_fraction_0p70,nominal,3000101,498,base,near,single,1,0,0,0,1,1,9,4,5.5200000000000005,8.671927443925362,8.82,0.10607255607463806,1.6945000097621232,2.2933999935048632,0.4431000003629985,measured_success,101
new_pf,response_fraction_0p70,nominal,3000101,499,acid,medium,separated,3,1,0,0,1,0,17,0,24.72,2.80718383660202,2.82,0.07618383660202,165.87399999116315,769.0921000175877,54.998005882867695,measured_success,101
new_ppo,response_fraction_0p70,nominal,3000101,499,acid,medium,separated,3,1,0,0,1,0,11,0,24.900000000000002,2.7963490133924545,2.82,0.06534901339245458,2.0388000120874494,0.3186999892932363,0.2143181819436987,measured_success,101
new_pf,response_fraction_0p70,nominal,3000101,500,base,medium,single,1,1,0,0,1,0,8,0,14.620000000000001,7.555833440852686,7.53,0.06616655914731417,210.63309999590274,385.4402999859303,74.50917499772913,measured_success,101
new_ppo,response_fraction_0p70,nominal,3000101,500,base,medium,single,1,0,0,0,1,1,5,1,15.870000000000001,7.754711038211543,7.67,0.13271103821154284,2.939899990451522,0.13509999553207308,0.614999997196719,measured_success,101
new_pf,response_fraction_0p70,nominal,3000101,501,base,far,separated,2,0,0,0,1,1,39,4,17.70000000000002,5.5677671662396335,5.72,0.14223283376036644,1116.3855999911902,1622.9345000319881,70.23897692367125,measured_success,101
new_ppo,response_fraction_0p70,nominal,3000101,501,base,far,separated,2,0,0,1,1,1,12,4,14.74,5.175065379995658,5.61,0.5349346200043419,1.7644999898038805,0.3074000123888254,0.17265833351605883,measured_success,101
new_pf,response_fraction_0p70,nominal,3000101,502,base,far,single,1,0,0,0,1,1,17,3,13.35999999999999,5.813761139345559,5.44,0.29376113934555903,452.98170000023674,813.6241000029258,74.5062235295978,measured_success,101
new_ppo,response_fraction_0p70,nominal,3000101,502,base,far,single,1,0,0,1,1,1,5,4,14.54,3.6134119776895357,5.52,1.9065880223104639,0.9589000110281631,0.14560001727659255,0.22090000566095114,measured_success,101
new_pf,response_fraction_0p70,nominal,3000101,503,base,near,separated,3,1,0,0,1,0,4,0,3.7199999999999998,2.200803230255028,2.18,0.06119676974497201,395.1941999985138,194.07809999393066,147.31807499811111,measured_success,101
new_ppo,response_fraction_0p70,nominal,3000101,503,base,near,separated,3,1,1,0,1,0,4,0,4.13,2.2396913694756773,2.21,0.022308630524322748,0.8712999988347292,0.12319999950705096,0.24862499958544504,measured_success,101
new_pf,response_fraction_0p70,nominal,3000101,504,acid,far,separated,2,1,0,0,1,0,8,0,24.43,1.6078106161874421,1.64,0.05481061618744221,370.32679998810636,412.7501999901142,97.88462499727757,measured_success,101
new_ppo,response_fraction_0p70,nominal,3000101,504,acid,far,separated,2,1,1,0,1,0,7,0,24.89,1.591709694676334,1.62,0.03870969467633412,1.0480999990249984,0.17720001051202416,0.17504285850528895,measured_success,101
new_pf,response_fraction_0p70,nominal,3000101,505,acid,medium,single,1,0,0,0,1,1,1,1,2.91,1.9013788797920097,2.26,0.30862112020799026,88.4574999945471,98.469099997601,186.9265999921481,measured_success,101
new_ppo,response_fraction_0p70,nominal,3000101,505,acid,medium,single,1,0,0,0,1,1,1,1,3.19,1.8370110835353866,2.22,0.3729889164646134,0.22870000248076394,0.022899999748915434,0.2516000022296794,measured_success,101
new_pf,response_fraction_0p70,nominal,3000101,506,acid,near,separated,2,1,0,0,1,0,2,0,1.28,4.071630927339424,4.11,0.053630927339423984,18.911700004537124,116.2253000002238,67.56850000238046,measured_success,101
new_ppo,response_fraction_0p70,nominal,3000101,506,acid,near,separated,2,1,0,0,1,0,1,1,2.06,3.9417144312902446,4.05,0.07628556870975522,2.3193999950308353,0.026100002287421376,2.3454999973182566,measured_success,101
new_pf,response_fraction_0p70,nominal,3000101,507,acid,medium,single,1,1,1,0,1,0,6,1,16.72,6.048960737411063,6.18,0.04903926258893687,128.62860001041554,295.0822000057087,70.61846666935405,measured_success,101
new_ppo,response_fraction_0p70,nominal,3000101,507,acid,medium,single,1,1,1,0,1,0,9,0,16.509999999999998,6.141392198115058,6.19,0.043392198115058456,3.5839000120176934,0.24580000172136351,0.4255222237487841,measured_success,101
new_pf,response_fraction_0p70,nominal,3000101,508,acid,medium,separated,2,0,0,0,0,0,50,1,9.659999999999972,2.4823621506740414,2.48,0.3246378493259585,658.077600019169,1807.2444000063115,49.30644000050961,max_steps,101
new_ppo,response_fraction_0p70,nominal,3000101,508,acid,medium,separated,2,0,0,0,1,1,5,2,8.65,2.9480323707154596,2.87,0.1410323707154597,0.9470000004512258,0.1449999981559813,0.21839999972144142,measured_success,101
new_pf,response_fraction_0p70,nominal,3000101,509,base,near,separated,3,1,0,0,1,0,1,1,1.13,6.925053714866753,6.78,0.05805371486675259,11.034600000130013,88.1641000014497,99.19870000157971,measured_success,101
new_ppo,response_fraction_0p70,nominal,3000101,509,base,near,separated,3,0,0,0,1,1,3,2,4.03,6.462921127502158,6.82,0.40407887249784213,2.613299999211449,0.08890000026440248,0.9007333331586173,measured_success,101
new_pf,response_fraction_0p70,nominal,3000101,510,base,medium,single,1,0,0,0,1,1,3,3,4.72,10.291261229178609,10.17,0.19126122917860933,29.095000005327165,181.18559999129502,70.0935333322074,measured_success,101
new_ppo,response_fraction_0p70,nominal,3000101,510,base,medium,single,1,1,0,0,1,0,35,0,3.3499999999999988,10.019452539801787,10.01,0.08054746019821302,12.393000019073952,0.987199971859809,0.38229142831239316,measured_success,101
new_pf,response_fraction_0p70,nominal,3000101,511,acid,far,single,1,1,0,0,1,0,50,2,8.54999999999999,4.080568838402771,4.03,0.056568838402770716,6180.27769998298,1947.9370000190102,162.5642940000398,measured_success,101
new_ppo,response_fraction_0p70,nominal,3000101,511,acid,far,single,1,0,0,1,0,0,45,25,50.0,2.7696921283410028,3.36,1.2543078716589973,7.249399975989945,1.195699987874832,0.18766888808588394,dose_limit,101
new_pf,response_fraction_0p70,nominal,3000101,512,acid,medium,separated,2,1,0,0,1,0,22,1,10.059999999999986,2.8256660209862865,2.81,0.054333979013713396,453.3618000059505,958.0061999949976,64.15309090913401,measured_success,101
new_ppo,response_fraction_0p70,nominal,3000101,512,acid,medium,separated,2,1,1,0,1,0,5,2,8.65,2.8949614102223054,2.84,0.01496141022230546,0.8216000132961199,0.1233000002685003,0.18898000271292403,measured_success,101
new_pf,response_fraction_0p70,nominal,3000101,513,base,far,overlapping,2,0,0,0,1,1,21,7,25.460000000000015,9.126516138636475,8.98,0.2055161386364759,575.0709000276402,1031.4836000252399,76.50259524061333,measured_success,101
new_ppo,response_fraction_0p70,nominal,3000101,513,base,far,overlapping,2,0,0,0,1,1,11,6,27.669999999999998,8.73733727166666,9.0,0.18366272833333852,2.135499984433409,0.3189000053680502,0.22312727180013264,measured_success,101
new_pf,response_fraction_0p70,nominal,3000101,514,acid,medium,separated,2,0,0,0,1,1,2,1,6.75,3.29900146474038,3.49,0.19699853525961997,190.82099999650382,116.13709999801358,153.4790499972587,measured_success,101
new_ppo,response_fraction_0p70,nominal,3000101,514,acid,medium,separated,2,1,0,0,1,0,3,1,6.1,3.4379581620953363,3.55,0.05804183790466366,0.5104999945615418,0.0779999973019585,0.1961666639545001,measured_success,101
new_pf,response_fraction_0p70,nominal,3000101,515,base,near,separated,2,1,1,0,1,0,4,0,3.45,3.383489053432297,3.35,0.03351094656770304,35.03939999791328,172.99639999691863,52.008949998707976,measured_success,101
new_ppo,response_fraction_0p70,nominal,3000101,515,base,near,separated,2,1,0,0,1,0,3,0,3.3299999999999996,3.365873979469825,3.32,0.0511260205301749,0.6564999930560589,0.0903999971342273,0.24896666339676207,measured_success,101
new_pf,response_fraction_0p70,nominal,3000101,516,base,near,single,1,1,1,0,1,0,19,2,8.56,7.1988601250138196,7.25,0.02613987498618009,2517.3829000268597,974.8945999817806,183.80407894782317,measured_success,101
new_ppo,response_fraction_0p70,nominal,3000101,516,base,near,single,1,0,0,0,1,1,3,2,3.87,6.806672217605453,7.18,0.41832778239454704,0.7641000047442503,0.10730000212788582,0.2904666689573787,measured_success,101
new_pf,response_fraction_0p70,nominal,3000101,517,acid,near,separated,2,0,0,0,1,1,1,1,1.91,5.321693394662363,5.53,0.2363066053376368,114.62220000248635,47.38999999972293,162.01220000220928,measured_success,101
new_ppo,response_fraction_0p70,nominal,3000101,517,acid,near,separated,2,0,0,0,1,1,1,1,2.06,5.2628224699018915,5.49,0.2951775300981083,0.2682999984244816,0.025499997718725353,0.29379999614320695,measured_success,101
new_pf,response_fraction_0p70,nominal,3000101,518,base,near,single,1,1,1,0,1,0,3,1,4.16,5.7902902207923095,5.87,0.001290220792309782,134.3916000041645,173.5804000054486,102.6573333365377,measured_success,101
new_ppo,response_fraction_0p70,nominal,3000101,518,base,near,single,1,0,0,0,1,1,1,1,2.06,6.036141637899233,5.85,0.24714163789923305,0.24869999469956383,0.03479999577393755,0.2834999904735014,measured_success,101
new_pf,response_fraction_0p70,nominal,3000101,519,acid,medium,separated,3,1,0,0,1,0,3,1,6.3100000000000005,6.394570064669201,6.5,0.07942993533079878,29.419500002404675,204.0315999984159,77.81703333360686,measured_success,101
new_ppo,response_fraction_0p70,nominal,3000101,519,acid,medium,separated,3,1,1,0,1,0,7,1,8.629999999999999,6.449345661107639,6.42,0.02465433889236124,1.1045999999623746,0.19719999545486644,0.18597142791674873,measured_success,101
new_pf,response_fraction_0p70,nominal,3000101,520,base,far,overlapping,2,0,0,1,1,1,42,6,16.720000000000013,7.235565137842205,7.72,0.5464348621577955,3849.894299994048,2043.2722000114154,140.31348809536817,measured_success,101
new_ppo,response_fraction_0p70,nominal,3000101,520,base,far,overlapping,2,0,0,1,0,0,50,23,29.230000000000008,9.802249000803954,9.61,2.020249000803954,8.894200022041332,3.7064000352984294,0.25201200114679523,max_steps,101
new_pf,response_fraction_0p70,nominal,3000101,521,acid,far,single,1,0,0,0,1,1,34,2,12.089999999999996,3.7559538996988895,3.6,0.1339538996988896,4344.220399980259,1440.959199971985,170.152341175066,measured_success,101
new_ppo,response_fraction_0p70,nominal,3000101,521,acid,far,single,1,0,0,1,1,1,24,13,43.940000000000005,3.047327775490274,3.54,0.574672224509726,6.00830002076691,0.6876999977976084,0.2790000007735216,measured_success,101
new_pf,response_fraction_0p70,nominal,3000101,522,acid,medium,separated,3,0,0,0,1,1,2,1,6.37,3.9977657308015244,4.28,0.2112342691984752,157.10459999536397,185.51709999883315,171.31084999709856,measured_success,101
new_ppo,response_fraction_0p70,nominal,3000101,522,acid,medium,separated,3,0,0,0,1,1,5,2,11.639999999999999,4.40142297198884,4.19,0.19242297198884017,1.0411000039312057,0.1756000056047924,0.24334000190719962,measured_success,101
new_pf,response_fraction_0p70,nominal,3000101,523,base,medium,separated,2,0,0,0,1,1,13,3,9.509999999999996,6.600589528192884,6.51,0.10458952819288392,1432.5508999972953,668.9195000217296,161.6515692322327,measured_success,101
new_ppo,response_fraction_0p70,nominal,3000101,523,base,medium,separated,2,0,0,1,1,1,24,10,27.489999999999995,5.982224195142583,6.45,0.513775804857417,4.114199989999179,2.406499996141065,0.27169583275584347,measured_success,101
new_pf,response_fraction_0p70,nominal,3000101,524,acid,near,separated,3,1,0,0,1,0,11,1,3.480000000000001,4.356588557244212,4.35,0.07241144275578826,209.8207000090042,519.7705999962636,66.32648181866071,measured_success,101
new_ppo,response_fraction_0p70,nominal,3000101,524,acid,near,separated,3,0,0,0,1,1,1,1,2.06,4.235982416764465,4.5,0.19301758323553564,0.2613000033306889,0.021200001356191933,0.28250000468688086,measured_success,101
new_pf,response_fraction_0p70,nominal,3000101,525,acid,near,separated,2,0,0,0,1,1,1,1,2.79,6.381904180319479,6.62,0.21609581968052094,90.29300000111107,45.5660999941756,135.85909999528667,measured_success,101
new_ppo,response_fraction_0p70,nominal,3000101,525,acid,near,separated,2,1,0,0,1,0,5,1,4.1000000000000005,6.532831350018734,6.51,0.06516864998126604,0.9632000073906966,0.1438000108464621,0.22140000364743173,measured_success,101
new_pf,response_fraction_0p70,nominal,3000101,526,acid,medium,single,1,0,0,0,1,1,4,1,11.83,2.500053097465617,2.64,0.22194690253438276,260.23110000096494,255.70650000008754,128.98440000026312,measured_success,101
new_ppo,response_fraction_0p70,nominal,3000101,526,acid,medium,single,1,0,0,0,1,1,3,1,12.16,2.393725532285978,2.78,0.32827446771402213,0.5172000019229017,0.07189999450929463,0.19636666547739878,measured_success,101
new_pf,response_fraction_0p70,nominal,3000101,527,base,far,single,1,1,0,0,1,0,35,3,16.55000000000003,6.2014255986841675,6.11,0.0754255986841672,2233.2021000038367,1384.4247999804793,103.36076857098045,measured_success,101
new_ppo,response_fraction_0p70,nominal,3000101,527,base,far,single,1,0,0,1,0,0,35,11,50.0,11.536968248251242,10.96,5.410968248251241,7.94209998275619,0.9916000053635798,0.2552485710891363,dose_limit,101
new_pf,response_fraction_0p70,nominal,3000101,528,acid,medium,separated,2,1,0,0,1,0,20,1,8.880000000000004,5.53361017241475,5.53,0.0913898275852496,923.8298999989638,735.7152999975369,82.97725999982504,measured_success,101
new_ppo,response_fraction_0p70,nominal,3000101,528,acid,medium,separated,2,1,0,0,1,0,6,0,4.950000000000001,5.685319669743841,5.7,0.06031966974384062,1.3372000030358322,0.18000000272877514,0.25286666762743454,measured_success,101
new_pf,response_fraction_0p70,nominal,3000101,529,acid,medium,separated,3,1,1,0,1,0,10,0,19.000000000000004,6.2808317709896695,6.31,0.045831770989669174,91.27750000334345,422.94410000613425,51.42216000094777,measured_success,101
new_ppo,response_fraction_0p70,nominal,3000101,529,acid,medium,separated,3,1,1,0,1,0,12,0,19.24,6.244425096995585,6.29,0.009425096995584248,2.3914999910630286,2.4097999776131473,0.40010833072301466,measured_success,101
new_pf,response_fraction_0p70,nominal,3000101,530,acid,medium,separated,2,1,0,0,1,0,50,1,8.080000000000009,2.1210477604526368,2.12,0.09095223954736342,6418.445200011774,1819.421699961822,164.75733799947193,measured_success,101
new_ppo,response_fraction_0p70,nominal,3000101,530,acid,medium,separated,2,1,0,0,1,0,6,2,9.629999999999999,2.27786429763452,2.31,0.06586429763451962,0.8941999985836446,0.15400000847876072,0.17470000117706755,measured_success,101
new_pf,response_fraction_0p70,nominal,3000101,531,base,medium,single,1,0,0,1,1,1,1,1,3.81,7.90936485832286,7.28,0.5993648583228603,5.2575000008801,117.5608999983524,122.8183999992325,measured_success,101
new_ppo,response_fraction_0p70,nominal,3000101,531,base,medium,single,1,0,0,0,1,1,7,4,12.610000000000001,7.187362396072411,7.32,0.12263760392758893,5.195799982175231,0.33459999394835904,0.7900571394462271,measured_success,101
new_pf,response_fraction_0p70,nominal,3000101,532,base,far,separated,2,0,0,0,1,1,17,2,12.020000000000005,6.191592124979257,6.3,0.15940787502074283,2077.245700005733,864.3483000050765,173.03494117710645,measured_success,101
new_ppo,response_fraction_0p70,nominal,3000101,532,base,far,separated,2,0,0,1,0,0,50,17,49.17,10.36099220456505,10.16,4.009992204565051,8.741500038013328,1.4033000043127686,0.20289600084652193,max_steps,101
new_pf,response_fraction_0p70,nominal,3000101,533,base,far,single,1,0,0,0,1,1,11,3,9.429999999999996,9.75591702610032,9.64,0.1909170261003208,1148.2021000047098,528.6057999983313,152.4370818184583,measured_success,101
new_ppo,response_fraction_0p70,nominal,3000101,533,base,far,single,1,1,0,0,1,0,35,0,3.339999999999998,9.47501391046379,9.47,0.08998608953620924,14.37329997861525,5.738399988331366,0.5746199990556177,measured_success,101
new_pf,response_fraction_0p70,nominal,3000101,534,acid,medium,single,1,0,0,0,1,1,3,1,4.640000000000001,5.609995327729321,5.76,0.24700467227067957,35.62339999189135,186.335099999269,73.98616666372011,measured_success,101
new_ppo,response_fraction_0p70,nominal,3000101,534,acid,medium,single,1,1,0,0,1,0,4,1,4.370000000000001,5.786633582777009,5.89,0.0703664172229912,0.8483999990858138,0.10889999248320237,0.23932499789225403,measured_success,101
new_pf,response_fraction_0p70,nominal,3000101,535,base,medium,single,1,1,0,0,1,0,9,2,9.88,10.55087840969992,10.69,0.05812159030008068,96.14850001526065,430.7457000031718,58.54380000204805,measured_success,101
new_ppo,response_fraction_0p70,nominal,3000101,535,base,medium,single,1,0,0,1,0,0,50,0,6.419999999999997,9.873465822082796,9.84,0.735534177917204,18.103699963830877,1.689200013061054,0.3958579995378386,max_steps,101
new_pf,response_fraction_0p70,nominal,3000101,536,acid,medium,separated,3,1,1,0,1,0,7,0,18.77,2.034330360924999,2.07,0.00933036092499906,375.1974999977392,429.42589997983305,114.94619999679604,measured_success,101
new_ppo,response_fraction_0p70,nominal,3000101,536,acid,medium,separated,3,1,1,0,1,0,6,1,19.01,2.0107797647626793,2.09,0.014220235237320633,3.642700001364574,0.1587999940966256,0.6335833325768666,measured_success,101
new_pf,response_fraction_0p70,nominal,3000101,537,base,near,single,1,1,0,0,1,0,2,1,1.7999999999999998,2.7289405668280633,2.64,0.07494056682806338,13.533900004404131,108.96779999893624,61.25085000167019,measured_success,101
new_ppo,response_fraction_0p70,nominal,3000101,537,base,near,single,1,0,0,0,1,1,4,2,4.199999999999999,2.5460991789503495,2.66,0.10790082104965038,0.6816000022809021,0.11890001042047516,0.20012500317534432,measured_success,101
new_pf,response_fraction_0p70,nominal,3000101,538,base,medium,single,1,0,0,0,1,1,2,1,3.3200000000000003,8.099167203410026,7.93,0.13716720341002642,11.511899996548891,97.51469999901019,54.51329999777954,measured_success,101
new_ppo,response_fraction_0p70,nominal,3000101,538,base,medium,single,1,1,1,0,1,0,6,2,4.62,7.933129185359752,7.98,0.0288708146402481,1.1859999867738225,0.18560000171419233,0.2285999980813358,measured_success,101
new_pf,response_fraction_0p70,nominal,3000101,539,base,medium,single,1,1,1,0,1,0,15,2,12.459999999999997,5.865642399421061,5.83,0.04135760057893911,1787.4579999770503,763.0695999978343,170.03517333165897,measured_success,101
new_ppo,response_fraction_0p70,nominal,3000101,539,base,medium,single,1,0,0,1,1,1,9,2,7.48,5.359277599627891,5.82,0.5477224003721091,1.2872000006609596,0.22480000188807026,0.16800000028322554,measured_success,101
new_pf,response_fraction_0p70,nominal,3000101,540,base,medium,separated,3,1,1,0,1,0,14,1,11.800000000000002,4.11730239768883,4.15,0.04530239768882982,434.14060000213794,655.0286000056076,77.79780000055325,measured_success,101
new_ppo,response_fraction_0p70,nominal,3000101,540,base,medium,separated,3,1,1,0,1,0,5,1,9.27,4.1024136847079244,4.14,0.030413684707924382,3.999700005806517,0.1452999931643717,0.8289999997941777,measured_success,101
new_pf,response_fraction_0p70,nominal,3000101,541,base,medium,single,1,1,0,0,1,0,39,1,7.760000000000001,7.368869260036481,7.38,0.08486926003648154,649.0059000061592,1618.6868000077084,58.14596666702224,measured_success,101
new_ppo,response_fraction_0p70,nominal,3000101,541,base,medium,single,1,1,1,0,1,0,11,4,12.359999999999998,7.265776979994348,7.21,0.018223020005652124,4.280100001778919,2.3606999893672764,0.6037090901041996,measured_success,101
new_pf,response_fraction_0p70,nominal,3000101,542,base,medium,single,1,1,1,0,1,0,40,2,15.020000000000016,5.860513899040512,5.82,0.003486100959487537,654.2850000259932,1573.5598000246682,55.696120001266536,measured_success,101
new_ppo,response_fraction_0p70,nominal,3000101,542,base,medium,single,1,0,0,1,1,1,19,8,23.639999999999997,5.061963409779965,5.87,0.8020365902200348,5.376200002501719,0.5129000128363259,0.3099526323862129,measured_success,101
new_pf,response_fraction_0p70,nominal,3000101,543,base,medium,single,1,0,0,1,1,1,14,2,11.480000000000002,5.144631020733131,5.76,0.5203689792668689,1838.3674999859068,729.786799995054,183.4395928557829,measured_success,101
new_ppo,response_fraction_0p70,nominal,3000101,543,base,medium,single,1,0,0,0,1,1,11,4,8.739999999999998,5.477606559040494,5.69,0.18739344095950639,1.7743999924277887,0.26710001839092,0.18559091007442807,measured_success,101
new_pf,response_fraction_0p70,nominal,3000101,544,base,near,separated,3,1,0,0,1,0,2,1,2.21,3.9138064347746395,3.81,0.07180643477463944,10.860700007469859,111.61649999849033,61.23860000298009,measured_success,101
new_ppo,response_fraction_0p70,nominal,3000101,544,base,near,separated,3,1,1,0,1,0,3,1,3.3299999999999996,3.876547124437221,3.9,0.034547124437220855,0.6064999979571439,0.0779999973019585,0.2281666650863675,measured_success,101
new_pf,response_fraction_0p70,nominal,3000101,545,base,near,single,1,0,0,0,1,1,1,1,1.06,4.496535185242141,4.34,0.12153518524214135,120.16249999578577,76.69240000541322,196.85490000119898,measured_success,101
new_ppo,response_fraction_0p70,nominal,3000101,545,base,near,single,1,0,0,0,1,1,3,2,3.72,4.216415146823991,4.3,0.15858485317600923,0.5059999966761097,0.07320000440813601,0.19306666702808192,measured_success,101
new_pf,response_fraction_0p70,nominal,3000101,546,acid,medium,single,1,0,0,0,1,1,3,1,8.13,3.7901420072996963,3.93,0.19885799270030358,246.28799999481998,191.56669999938458,145.95156666473486,measured_success,101
new_ppo,response_fraction_0p70,nominal,3000101,546,acid,medium,single,1,1,1,0,1,0,4,1,6.8999999999999995,3.966930157357555,4.02,0.022069842642444826,0.6336000005831011,0.08939998951973394,0.18074999752570875,measured_success,101
new_pf,response_fraction_0p70,nominal,3000101,547,base,medium,single,1,1,0,0,1,0,46,2,7.17000000000001,3.93251317067229,3.92,0.07848682932771034,671.8573999969522,1824.3053999976837,54.264408695535565,measured_success,101
new_ppo,response_fraction_0p70,nominal,3000101,547,base,medium,single,1,0,0,0,1,1,7,3,7.61,4.244379195966916,4.05,0.2333791959669158,1.000799995381385,0.16999999934341758,0.16725714210354323,measured_success,101
new_pf,response_fraction_0p70,nominal,3000101,548,acid,medium,separated,2,0,0,0,1,1,5,3,8.290000000000001,3.3185110293709785,3.46,0.11548897062902164,393.4982000137097,276.79389999684645,134.05842000211123,measured_success,101
new_ppo,response_fraction_0p70,nominal,3000101,548,acid,medium,separated,2,0,0,0,1,1,5,2,5.890000000000001,3.6521263621299367,3.53,0.21812636212993652,0.7728000055067241,0.11359999189153314,0.17727999947965145,measured_success,101
new_pf,response_fraction_0p70,nominal,3000101,549,base,medium,single,1,1,1,0,1,0,44,3,8.989999999999997,4.816779377404764,4.77,0.03577937740476411,2816.7728000407806,1954.9664999940433,108.44862045533691,measured_success,101
new_ppo,response_fraction_0p70,nominal,3000101,549,base,medium,single,1,0,0,1,0,0,48,15,50.0,11.27260721671908,9.03,6.491607216719081,10.907499956374522,1.2739000376313925,0.2537791665417899,dose_limit,101
new_pf,response_fraction_0p70,nominal,3000101,550,acid,medium,single,1,0,0,0,1,1,2,1,3.14,6.0811467991704315,6.28,0.20485320082956804,13.880599995900411,91.80829999240814,52.844449994154274,measured_success,101
new_ppo,response_fraction_0p70,nominal,3000101,550,acid,medium,single,1,0,0,0,1,1,2,1,3.1100000000000003,6.1052817551381935,6.3,0.1807182448618061,0.46160000056261197,0.06289999873843044,0.2622499996505212,measured_success,101
new_pf,response_fraction_0p70,nominal,3000101,551,base,near,single,1,1,0,0,1,0,1,0,0.62,4.119781542802297,4.07,0.050218457197702904,5.905500001972541,76.60980000218842,82.51530000416096,measured_success,101
new_ppo,response_fraction_0p70,nominal,3000101,551,base,near,single,1,1,1,0,1,0,2,1,3.1100000000000003,4.211152453434726,4.23,0.04115245343472651,0.4096999982721172,0.05849999433849007,0.23409999630530365,measured_success,101
new_pf,response_fraction_0p70,nominal,3000101,552,base,near,single,1,1,0,0,1,0,36,2,7.0,5.597012227694798,5.58,0.0739877723052027,3562.264899999718,1592.0650999978534,143.17583333326587,measured_success,101
new_ppo,response_fraction_0p70,nominal,3000101,552,base,near,single,1,1,1,0,1,0,27,8,20.810000000000002,5.638991597997631,5.68,0.03200840200236943,4.566899973724503,0.7306999978027306,0.19620740635286052,measured_success,101
new_pf,response_fraction_0p70,nominal,3000101,553,acid,medium,single,1,1,0,0,1,0,49,2,4.969999999999991,4.226684191701549,4.23,0.09568419170154918,711.8899999913992,1894.351800016011,53.18860816341654,measured_success,101
new_ppo,response_fraction_0p70,nominal,3000101,553,acid,medium,single,1,1,0,0,1,0,16,7,14.539999999999997,4.072053288751473,4.14,0.05894671124852735,6.646199995884672,0.4728000276372768,0.4449375014701218,measured_success,101
new_pf,response_fraction_0p70,nominal,3000101,554,base,far,single,1,0,0,0,1,1,13,3,16.49,9.545373752696108,9.41,0.17037375269610777,131.1614000078407,743.7370999978157,67.29988461581972,measured_success,101
new_ppo,response_fraction_0p70,nominal,3000101,554,base,far,single,1,1,1,0,1,0,35,1,11.409999999999995,9.409330399146768,9.43,0.03433039914676783,11.109599996416364,1.0280999558744952,0.34679142720831024,measured_success,101
new_pf,response_fraction_0p70,nominal,3000101,555,acid,near,single,1,1,1,0,1,0,2,0,1.42,8.562580397799525,8.62,0.016580397799526025,11.813100005383603,89.83939999598078,50.826250000682194,measured_success,101
new_ppo,response_fraction_0p70,nominal,3000101,555,acid,near,single,1,0,0,0,0,0,50,0,0.5000000000000002,8.767510949134664,8.77,0.22151094913466451,9.397500012710225,3.0031999776838347,0.2480139998078812,max_steps,101
new_pf,response_fraction_0p70,nominal,3000101,556,base,far,separated,2,1,1,0,1,0,34,3,16.350000000000033,8.182346321580042,8.22,0.023346321580040907,4498.587299989595,1546.4379999757512,177.79486176368664,measured_success,101
new_ppo,response_fraction_0p70,nominal,3000101,556,base,far,separated,2,1,1,0,1,0,14,4,14.399999999999997,8.116571479637212,8.09,0.04242852036278855,2.231300008133985,0.3671000013127923,0.1856000006747698,measured_success,101
new_pf,response_fraction_0p70,nominal,3000101,557,base,far,single,1,1,1,0,1,0,21,6,18.010000000000005,8.65165251780499,8.62,0.019347482195009036,408.1823999804328,1084.736900011194,71.09139523769652,measured_success,101
new_ppo,response_fraction_0p70,nominal,3000101,557,base,far,single,1,1,1,0,1,0,15,4,21.410000000000004,8.650002189162947,8.62,0.0209978108370521,6.418299999495503,0.4143999904044904,0.45551333265999955,measured_success,101
new_pf,response_fraction_0p70,nominal,3000101,558,acid,far,single,1,0,0,0,1,1,23,3,14.270000000000007,4.220137037385843,4.44,0.1868629626141569,2635.7547999868984,923.1143999713822,154.73344347644698,measured_success,101
new_ppo,response_fraction_0p70,nominal,3000101,558,acid,far,single,1,1,0,0,1,0,7,6,13.879999999999999,4.506778849749429,4.37,0.09977884974942874,3.4098999967682175,0.21650001144735143,0.5180571440307956,measured_success,101
new_pf,response_fraction_0p70,nominal,3000101,559,acid,medium,separated,3,1,0,0,1,0,8,0,13.87,3.787597026417769,3.81,0.05259702641776931,57.28350000572391,242.43899999419227,37.46531249998952,measured_success,101
new_ppo,response_fraction_0p70,nominal,3000101,559,acid,medium,separated,3,1,0,0,1,0,5,1,14.81,3.6777520722122476,3.75,0.05724792778775223,1.0176000068895519,0.14569999621016905,0.23266000061994419,measured_success,101
new_pf,response_fraction_0p70,nominal,3000101,560,acid,near,single,1,0,0,0,1,1,1,1,1.75,2.977353261813673,3.16,0.17664673818632703,159.59559999464545,77.88100000470877,237.47659999935422,measured_success,101
new_ppo,response_fraction_0p70,nominal,3000101,560,acid,near,single,1,0,0,0,1,1,2,2,3.1100000000000003,3.3025620507662508,3.22,0.14856205076625084,0.5022999976063147,0.07189999450929463,0.2870999960578047,measured_success,101
new_pf,response_fraction_0p70,nominal,3000101,561,acid,medium,single,1,0,0,0,1,1,11,3,9.06,2.9615040838310662,3.1,0.15949591616893377,1218.8028999880771,495.21049998293165,155.81939999736443,measured_success,101
new_ppo,response_fraction_0p70,nominal,3000101,561,acid,medium,single,1,0,0,0,1,1,18,7,21.850000000000005,2.8499519772678115,3.08,0.27104802273218853,5.6753000026219524,0.5066999874543399,0.34344444389312734,measured_success,101
new_pf,response_fraction_0p70,nominal,3000101,562,acid,medium,separated,2,1,0,0,1,0,13,1,4.410000000000001,2.347573665212117,2.34,0.07742633478788274,1545.5087999944226,529.9946000086493,159.654107692544,measured_success,101
new_ppo,response_fraction_0p70,nominal,3000101,562,acid,medium,separated,2,1,0,0,1,0,4,2,7.08,2.503251178986835,2.39,0.07825117898683498,0.8654999983264133,0.11229999654460698,0.24444999871775508,measured_success,101
new_pf,response_fraction_0p70,nominal,3000101,563,base,medium,separated,2,0,0,0,0,0,50,1,5.1199999999999894,5.918648685293828,5.92,0.3216486852938276,6313.926199982234,2010.768200030725,166.49388800025918,max_steps,101
new_ppo,response_fraction_0p70,nominal,3000101,563,base,medium,separated,2,1,1,0,1,0,6,2,8.65,5.59147806599923,5.53,0.005521934000770834,1.2081999884685501,4.087199988134671,0.8825666627672035,measured_success,101
new_pf,response_fraction_0p70,nominal,3000101,564,base,medium,single,1,0,0,0,1,1,10,3,7.3999999999999995,9.032440146162937,8.94,0.10144014616293795,1109.9957000042195,568.8226999991457,167.88184000033652,measured_success,101
new_ppo,response_fraction_0p70,nominal,3000101,564,base,medium,single,1,0,0,0,1,1,7,4,4.709999999999999,8.778428528240582,8.88,0.15257147175941732,1.1586000109673478,0.17539998952997848,0.19057142864247517,measured_success,101
new_pf,response_fraction_0p70,nominal,3000101,565,base,far,separated,2,1,0,0,1,0,38,5,17.03000000000003,8.211772987531493,8.06,0.06177298753149252,4666.563799975847,1794.6341000133543,170.03152368392637,measured_success,101
new_ppo,response_fraction_0p70,nominal,3000101,565,base,far,separated,2,0,0,1,1,1,9,4,16.36,7.387523264998379,8.16,0.7624767350016217,1.2332999831414782,0.20349999977042899,0.15964444254576746,measured_success,101
new_pf,response_fraction_0p70,nominal,3000101,566,acid,medium,single,1,1,1,0,1,0,28,2,10.709999999999983,3.2748622387645945,3.31,0.03686223876459449,3464.24239998305,1108.2162999955472,163.30209642780704,measured_success,101
new_ppo,response_fraction_0p70,nominal,3000101,566,acid,medium,single,1,0,0,0,1,1,5,4,10.59,3.35615823950418,3.23,0.11815823950417981,0.9482000023126602,2.088400004140567,0.6073200012906455,measured_success,101
new_pf,response_fraction_0p70,nominal,3000101,567,base,medium,separated,3,1,1,0,1,0,39,2,8.649999999999995,8.052752245012016,7.98,0.007247754987984578,3987.2693999495823,1552.517700001772,142.04582307567574,measured_success,101
new_ppo,response_fraction_0p70,nominal,3000101,567,base,medium,separated,3,0,0,1,1,1,14,6,16.450000000000003,6.866959196313211,8.13,1.1930408036867899,2.1645999731845222,0.34789998608175665,0.1794642828047342,measured_success,101
new_pf,response_fraction_0p70,nominal,3000101,568,base,near,single,1,0,0,0,1,1,1,1,1.31,4.934233762649605,4.73,0.30023376264960433,143.5222000000067,89.32869999989634,232.85089999990305,measured_success,101
new_ppo,response_fraction_0p70,nominal,3000101,568,base,near,single,1,1,0,0,1,0,3,2,3.72,4.5514548482617005,4.64,0.0825451517382998,0.772000006691087,0.10679999832063913,0.2929333350039087,measured_success,101
new_pf,response_fraction_0p70,nominal,3000101,569,base,medium,separated,2,0,0,0,1,1,4,1,11.38,5.923801775787613,5.63,0.3898017757876131,169.57930000353372,227.89080000802642,99.36752500289003,measured_success,101
new_ppo,response_fraction_0p70,nominal,3000101,569,base,medium,separated,2,0,0,1,1,1,3,1,11.48,6.107576949678453,5.63,0.5735769496784533,0.5916999944020063,0.08710000111022964,0.2262666651707453,measured_success,101
new_pf,response_fraction_0p70,nominal,3000101,570,acid,near,separated,2,0,0,0,1,1,2,1,1.96,7.273469161226325,7.37,0.15053083877367524,21.021900000050664,102.92350000236183,61.97270000120625,measured_success,101
new_ppo,response_fraction_0p70,nominal,3000101,570,acid,near,separated,2,0,0,0,1,1,1,1,2.06,7.241035686344905,7.47,0.1829643136550958,0.2575999969849363,0.03290000313427299,0.2905000001192093,measured_success,101
new_pf,response_fraction_0p70,nominal,3000101,571,base,far,separated,2,1,0,0,1,0,27,2,33.63999999999995,6.727353749982765,6.7,0.07264625001723513,984.5147000087309,1271.1742999890703,83.5440370369556,measured_success,101
new_ppo,response_fraction_0p70,nominal,3000101,571,base,far,separated,2,0,0,1,1,1,7,2,31.74,5.994803763004091,6.85,0.8051962369959087,1.2491999950725585,0.2117999829351902,0.20871428257253552,measured_success,101
new_pf,response_fraction_0p70,nominal,3000101,572,base,near,separated,2,1,0,0,1,0,1,1,1.26,6.887911149759109,6.77,0.05591114975910916,113.83370000112336,55.06910000258358,168.90280000370694,measured_success,101
new_ppo,response_fraction_0p70,nominal,3000101,572,base,near,separated,2,1,1,0,1,0,2,2,3.1100000000000003,6.802052503652121,6.86,0.029947496347879188,0.43149999692104757,0.06019999273121357,0.24584999482613057,measured_success,101
new_pf,response_fraction_0p70,nominal,3000101,573,acid,medium,single,1,0,0,1,1,1,1,1,5.56,2.224311916268557,3.08,0.9246880837314428,129.4400000042515,129.92160000430886,259.36160000856034,measured_success,101
new_ppo,response_fraction_0p70,nominal,3000101,573,acid,medium,single,1,0,0,0,1,1,6,4,10.17,3.3312497423749567,3.16,0.18224974237495672,1.04490000376245,0.15499999426538125,0.19998333300463855,measured_success,101
new_pf,response_fraction_0p70,nominal,3000101,574,base,near,separated,2,1,0,0,1,0,5,0,3.3000000000000003,6.392379897990352,6.37,0.06062010200964796,51.25810000754427,235.3050999881816,57.312639999145176,measured_success,101
new_ppo,response_fraction_0p70,nominal,3000101,574,base,near,separated,2,1,1,0,1,0,3,0,3.72,6.437237639899587,6.4,0.015762360100413098,0.4712000081781298,0.07500001083826646,0.18206667300546542,measured_success,101
new_pf,response_fraction_0p70,nominal,3000101,575,acid,medium,separated,2,1,0,0,1,0,4,1,10.030000000000001,5.131016519863197,5.21,0.09698348013680302,283.34040000481764,211.13680000416934,123.61930000224675,measured_success,101
new_ppo,response_fraction_0p70,nominal,3000101,575,acid,medium,separated,2,1,1,0,1,0,7,1,12.409999999999998,5.186191525880492,5.16,0.04180847411950772,1.382700000249315,0.22309998894343153,0.22939999845610665,measured_success,101
new_pf,response_fraction_0p70,nominal,3000101,576,acid,near,single,1,0,0,0,1,1,1,1,2.21,3.093392176721043,3.24,0.14760782327895727,135.4871000003186,53.091900001163594,188.5790000014822,measured_success,101
new_ppo,response_fraction_0p70,nominal,3000101,576,acid,near,single,1,0,0,0,1,1,1,1,2.06,3.125122891887675,3.26,0.1158771081123251,0.2719999974942766,0.027199996111448854,0.29919999360572547,measured_success,101
new_pf,response_fraction_0p70,nominal,3000101,577,base,far,single,1,1,1,0,1,0,23,5,16.120000000000015,9.075048204854568,9.04,4.820485456846768e-05,1401.4133000018774,1127.8267999732634,109.96696086848438,measured_success,101
new_ppo,response_fraction_0p70,nominal,3000101,577,base,far,single,1,0,0,0,1,1,7,4,12.459999999999999,8.923433524365855,9.02,0.15156647563414438,1.3182000038796104,0.2032999909715727,0.2173571421215976,measured_success,101
new_pf,response_fraction_0p70,nominal,3000101,578,base,medium,single,1,1,1,0,1,0,24,1,9.67999999999999,4.126170402193004,4.15,0.04917040219300439,2715.6048000324517,1139.6750999920187,160.6366625010196,measured_success,101
new_ppo,response_fraction_0p70,nominal,3000101,578,base,medium,single,1,1,1,0,1,0,10,4,13.849999999999996,4.031632041838826,4.14,0.045367958161174116,4.2885999791906215,0.29350000113481656,0.4582099980325438,measured_success,101
new_pf,response_fraction_0p70,nominal,3000101,579,acid,near,single,1,1,1,0,1,0,3,0,2.11,4.950446213360566,4.98,0.010446213360565615,143.57749999908265,138.20300000952557,93.92683333620273,measured_success,101
new_ppo,response_fraction_0p70,nominal,3000101,579,acid,near,single,1,1,0,0,1,0,3,1,3.72,4.871050266857708,4.86,0.06894973314229258,0.5605999976978637,0.08320000051753595,0.21459999940513322,measured_success,101
new_pf,response_fraction_0p70,nominal,3000101,580,acid,medium,separated,2,1,0,0,1,0,5,2,9.84,3.091043739371229,2.99,0.09804373937122923,379.7504999965895,314.0340000099968,138.75690000131726,measured_success,101
new_ppo,response_fraction_0p70,nominal,3000101,580,acid,medium,separated,2,0,0,0,1,1,5,2,12.11,3.2616970178201026,3.05,0.2686970178201027,0.937999997404404,0.13970000145491213,0.21553999977186322,measured_success,101
new_pf,response_fraction_0p70,nominal,3000101,581,acid,medium,separated,2,0,0,0,1,1,2,1,4.0,5.473522083975919,5.62,0.14947791602408156,209.12569999927655,148.82149999175454,178.97359999551554,measured_success,101
new_ppo,response_fraction_0p70,nominal,3000101,581,acid,medium,separated,2,1,0,0,1,0,3,1,3.72,5.541067643574449,5.62,0.08193235642555141,2.6840000064112246,0.087800006440375,0.9239333376171999,measured_success,101
new_pf,response_fraction_0p70,nominal,3000101,582,acid,medium,single,1,1,1,0,1,0,36,1,10.289999999999996,3.038060689301636,2.97,0.011939310698363848,4729.251399978239,1426.3335000359803,170.9884694448394,measured_success,101
new_ppo,response_fraction_0p70,nominal,3000101,582,acid,medium,single,1,0,0,0,1,1,8,2,8.97,3.390340715564661,3.08,0.34034071556466117,1.2590999976964667,0.18619999173097312,0.18066249867842998,measured_success,101
new_pf,response_fraction_0p70,nominal,3000101,583,acid,medium,separated,2,1,1,0,1,0,5,0,11.989999999999998,1.7253959299342077,1.76,0.02139592993420769,494.48409999604337,300.30909999914,158.95863999903668,measured_success,101
new_ppo,response_fraction_0p70,nominal,3000101,583,acid,medium,separated,2,1,0,0,1,0,4,1,13.26,1.6463420875091828,1.73,0.0576579124908172,2.9052999889245257,0.12100000458303839,0.756574998376891,measured_success,101
new_pf,response_fraction_0p70,nominal,3000101,584,base,medium,separated,2,1,1,0,1,0,36,3,15.35,5.646074877626802,5.67,0.04207487762680184,3491.5261999849463,1821.444799999881,147.58252777735632,measured_success,101
new_ppo,response_fraction_0p70,nominal,3000101,584,base,medium,separated,2,0,0,0,1,1,7,3,8.680000000000001,5.940973741247035,5.66,0.33697374124703483,4.619300008926075,0.2165000041713938,0.6908285732996384,measured_success,101
new_pf,response_fraction_0p70,nominal,3000101,585,acid,medium,separated,2,1,1,0,1,0,6,1,12.02,3.1202262353907866,3.22,0.049773764609213345,185.060900003009,293.5647999838693,79.77094999781305,measured_success,101
new_ppo,response_fraction_0p70,nominal,3000101,585,acid,medium,separated,2,1,1,0,1,0,6,0,11.42,3.1808456286940476,3.21,0.010845628694047704,3.0834999997750856,0.16930000128922984,0.5421333335107192,measured_success,101
new_pf,response_fraction_0p70,nominal,3000101,586,acid,medium,separated,3,1,0,0,1,0,4,1,8.950000000000001,4.914740530672104,4.97,0.08125946932789674,417.6398000054178,261.5322999918135,169.79302499930782,measured_success,101
new_ppo,response_fraction_0p70,nominal,3000101,586,acid,medium,separated,3,0,0,0,1,1,3,1,9.22,4.8706969871085555,5.01,0.12530301289144496,0.7501999934902415,0.11100000847363845,0.2870666673212933,measured_success,101
new_pf,response_fraction_0p70,nominal,3000101,587,acid,near,separated,3,1,0,0,1,0,9,0,4.87,4.146877806029792,4.15,0.08587780602979223,97.51390000747051,406.1980999977095,55.96800000057556,measured_success,101
new_ppo,response_fraction_0p70,nominal,3000101,587,acid,near,separated,3,1,0,0,1,0,5,0,4.760000000000001,4.152017602300127,4.16,0.09101760230012701,0.7724999959464185,0.11409999569877982,0.17731999832903966,measured_success,101
new_pf,response_fraction_0p70,nominal,3000101,588,base,far,single,1,0,0,0,1,1,26,4,18.070000000000007,7.144940560515458,7.25,0.13505943948454213,3116.0091000056127,1175.1010000152746,165.04269615464952,measured_success,101
new_ppo,response_fraction_0p70,nominal,3000101,588,base,far,single,1,0,0,1,1,1,25,8,35.33999999999999,6.687079159645759,7.31,0.5929208403542416,10.637799990945496,0.7155000203056261,0.45413200045004487,measured_success,101
new_pf,response_fraction_0p70,nominal,3000101,589,acid,medium,separated,2,1,0,0,1,0,2,1,4.45,2.371891945475393,2.52,0.09610805452460713,137.11320000584237,161.63580000284128,149.37450000434183,measured_success,101
new_ppo,response_fraction_0p70,nominal,3000101,589,acid,medium,separated,2,0,0,0,1,1,2,1,5.05,2.1846082657606694,2.41,0.2833917342393306,0.4664999942178838,0.057999997807201,0.2622499960125424,measured_success,101
new_pf,response_fraction_0p70,nominal,3000101,590,acid,near,separated,2,0,0,0,1,1,1,1,1.37,2.417584616824355,2.57,0.20341538317564511,107.0359000004828,46.98389999975916,154.01980000024196,measured_success,101
new_ppo,response_fraction_0p70,nominal,3000101,590,acid,near,separated,2,0,0,0,1,1,3,2,3.72,2.7966299151825478,2.71,0.17562991518254778,0.5340999996406026,0.06569999095518142,0.1999333301985947,measured_success,101
new_pf,response_fraction_0p70,nominal,3000101,591,base,medium,separated,3,0,0,0,1,1,2,1,3.41,5.994130933584836,5.83,0.2501309335848365,11.565899993001949,135.42050000251038,73.49319999775616,measured_success,101
new_ppo,response_fraction_0p70,nominal,3000101,591,base,medium,separated,3,1,1,0,1,0,5,1,5.0200000000000005,5.745527880186158,5.78,0.001527880186158015,1.0483000078238547,0.15700000221841037,0.241060002008453,measured_success,101
new_pf,response_fraction_0p70,nominal,3000101,592,base,far,separated,2,0,0,0,1,1,41,3,15.819999999999986,7.72206789361627,7.64,0.1340678936162698,2813.347100003739,1848.7206000063452,113.70896829292889,measured_success,101
new_ppo,response_fraction_0p70,nominal,3000101,592,base,far,separated,2,0,0,0,1,1,27,9,20.719999999999995,7.721370117119825,7.64,0.13337011711982516,11.022399972716812,0.7880000121076591,0.4374222216601656,measured_success,101
new_pf,response_fraction_0p70,nominal,3000101,593,base,medium,overlapping,2,1,0,0,1,0,2,1,4.9399999999999995,3.1454553798376415,2.98,0.09245537983764152,129.86950000777142,109.21479999524308,119.54215000150725,measured_success,101
new_ppo,response_fraction_0p70,nominal,3000101,593,base,medium,overlapping,2,1,1,0,1,0,3,1,4.41,3.0815904322945835,3.03,0.02859043229458358,0.5513000069186091,0.08679999882588163,0.21270000191483027,measured_success,101
new_pf,response_fraction_0p70,nominal,3000101,594,base,near,separated,2,1,1,0,1,0,17,1,6.059999999999999,6.191577656752475,6.22,0.028577656752474923,305.5590000076336,683.6887999961618,58.19104705904679,measured_success,101
new_ppo,response_fraction_0p70,nominal,3000101,594,base,near,separated,2,0,0,0,1,1,1,1,2.06,6.459094516743898,6.17,0.29609451674389753,0.29099999665049836,0.02989999484270811,0.32089999149320647,measured_success,101
new_pf,response_fraction_0p70,nominal,3000101,595,acid,far,separated,2,0,0,0,1,1,6,1,22.8,3.222456193304195,3.39,0.14254380669580513,196.51409999642055,395.82440000231145,98.723083333122,measured_success,101
new_ppo,response_fraction_0p70,nominal,3000101,595,acid,far,separated,2,0,0,0,1,1,5,1,23.39,2.899235965064399,3.32,0.46576403493560115,0.9603000071365386,0.15279999934136868,0.22262000129558146,measured_success,101
new_pf,response_fraction_0p70,nominal,3000101,596,acid,medium,separated,2,0,0,0,1,1,2,1,5.5,1.78044082749989,1.95,0.13455917250011007,155.29310000420082,141.97499999136198,148.6340499977814,measured_success,101
new_ppo,response_fraction_0p70,nominal,3000101,596,acid,medium,separated,2,0,0,0,1,1,3,1,6.15,1.7143490130708923,1.82,0.20065098692910777,0.6067999929655343,0.0830000062705949,0.22993333307870975,measured_success,101
new_pf,response_fraction_0p70,nominal,3000101,597,base,medium,separated,2,1,0,0,0,0,47,2,8.199999999999998,5.869822421392593,5.85,0.08017757860740726,711.1057000074652,1969.29629999795,57.02982978734926,measured_success,101
new_ppo,response_fraction_0p70,nominal,3000101,597,base,medium,separated,2,0,0,1,1,1,18,8,23.66,5.272911973807554,5.91,0.6770880261924459,2.6315999712096527,0.4772000102093443,0.17271111007883316,measured_success,101
new_pf,response_fraction_0p70,nominal,3000101,598,acid,medium,single,1,0,0,0,1,1,2,2,6.55,3.9104649485519625,3.73,0.2764649485519626,232.16279999905964,152.37359999446198,192.2681999967608,measured_success,101
new_ppo,response_fraction_0p70,nominal,3000101,598,acid,medium,single,1,0,0,0,1,1,27,16,31.56,4.127039255503286,3.7,0.4930392555032861,6.287899981543887,2.7593999839155003,0.33508518390590325,measured_success,101
new_pf,response_fraction_0p70,nominal,3000101,599,acid,near,separated,3,1,0,0,1,0,4,0,3.73,4.685867881612008,4.72,0.06586788161200818,39.32699999859324,171.1695999983931,52.62414999924658,measured_success,101
new_ppo,response_fraction_0p70,nominal,3000101,599,acid,near,separated,3,1,1,0,1,0,4,0,4.01,4.649689267209531,4.67,0.029689267209531245,0.8672000039950944,0.12100000458303839,0.2470500021445332,measured_success,101
new_pf,response_fraction_0p70,nominal,3000101,600,acid,near,separated,2,1,1,0,1,0,7,1,7.120000000000001,6.598089928899954,6.56,0.025910071100045506,969.5336000004318,349.4191999998293,188.42182857146585,measured_success,101
new_ppo,response_fraction_0p70,nominal,3000101,600,acid,near,separated,2,0,0,0,1,1,1,1,2.06,6.408770834438929,6.67,0.21522916556107052,0.2606999987619929,0.03149999974993989,0.2921999985119328,measured_success,101
new_pf,response_fraction_0p70,nominal,3000101,601,base,medium,single,1,1,0,0,1,0,17,2,9.870000000000008,8.126574270119413,8.19,0.05542572988058758,1999.7356999956537,828.270900005009,166.35332941180368,measured_success,101
new_ppo,response_fraction_0p70,nominal,3000101,601,base,medium,single,1,1,0,0,1,0,8,4,4.889999999999999,8.126633858893097,8.18,0.0553661411069033,3.048899998248089,0.23340000916505232,0.4102875009266427,measured_success,101
new_pf,response_fraction_0p70,nominal,3000101,602,base,far,single,1,0,0,1,1,1,20,8,15.009999999999998,7.088678484033608,7.77,0.6343215159663922,818.8204000034602,1077.5151000052574,94.81677500043588,measured_success,101
new_ppo,response_fraction_0p70,nominal,3000101,602,base,far,single,1,0,0,1,0,0,50,24,25.01,7.088357447380531,7.84,0.6346425526194688,12.562200005049817,1.3607999790110625,0.2784599996812176,max_steps,101
new_pf,response_fraction_0p70,nominal,3000101,603,acid,near,separated,2,1,1,0,1,0,2,0,3.82,3.2218152764493517,3.29,0.022815276449351884,155.75849999004276,104.22269999980927,129.99059999492601,measured_success,101
new_ppo,response_fraction_0p70,nominal,3000101,603,acid,near,separated,2,1,1,0,1,0,3,0,3.91,3.2076995987269337,3.26,0.008699598726933822,0.5707000091206282,0.09459998545935377,0.221766664859994,measured_success,101
new_pf,response_fraction_0p70,nominal,3000101,604,acid,medium,single,1,0,0,0,1,1,22,4,11.420000000000007,4.330104020363528,4.24,0.12110402036352852,2709.291300008772,1002.9597000029753,168.73868181871578,measured_success,101
new_ppo,response_fraction_0p70,nominal,3000101,604,acid,medium,single,1,0,0,0,1,1,16,10,24.4,4.401247961948529,4.25,0.19224796194852978,3.269599998020567,0.48239999159704894,0.234499999351101,measured_success,101
new_pf,response_fraction_0p70,nominal,3000101,605,base,medium,single,1,0,0,0,1,1,32,3,10.470000000000018,5.584396238388628,5.46,0.2103962383886282,428.91950001649093,1291.8220999854384,53.77317500006029,measured_success,101
new_ppo,response_fraction_0p70,nominal,3000101,605,base,medium,single,1,1,0,0,1,0,19,4,11.969999999999999,5.302520325988128,5.28,0.07147967401187127,4.541300004348159,0.4675000091083348,0.26362105333981545,measured_success,101
new_pf,response_fraction_0p70,nominal,3000101,606,base,near,separated,2,1,0,0,1,0,2,1,1.7799999999999998,3.442264107781849,3.35,0.0622641077818491,17.45410000148695,80.36499999434454,48.90954999791575,measured_success,101
new_ppo,response_fraction_0p70,nominal,3000101,606,base,near,separated,2,1,0,0,1,0,4,2,4.13,3.2847023302537526,3.36,0.09529766974624732,0.7896999886725098,0.10650001058820635,0.22404999981517904,measured_success,101
new_pf,response_fraction_0p70,nominal,3000101,607,base,near,separated,2,1,0,0,1,0,4,0,2.73,4.01463807813237,3.99,0.05936192186763023,41.3499999922351,184.67280000186292,56.505699998524506,measured_success,101
new_ppo,response_fraction_0p70,nominal,3000101,607,base,near,separated,2,1,1,0,1,0,2,0,3.1100000000000003,4.064889463350815,4.0,0.009110536649185264,0.5096999957459047,0.06060000305296853,0.28514999939943664,measured_success,101
new_pf,response_fraction_0p70,nominal,3000101,608,base,medium,overlapping,2,0,0,0,1,1,2,1,4.24,4.868514842457076,4.73,0.14851484245707613,145.7077000013669,122.26990000635851,133.9888000038627,measured_success,101
new_ppo,response_fraction_0p70,nominal,3000101,608,base,medium,overlapping,2,0,0,0,1,1,2,1,4.819999999999999,4.953428528403856,4.8,0.23342852840385664,0.43400000140536577,0.053499999921768904,0.24375000066356733,measured_success,101
new_pf,response_fraction_0p70,nominal,3000101,609,acid,medium,separated,3,1,1,0,1,0,4,0,6.989999999999999,2.034172834218464,2.06,0.01617283421846416,410.8453000080772,222.6622000016505,158.37687500243192,measured_success,101
new_ppo,response_fraction_0p70,nominal,3000101,609,acid,medium,separated,3,1,1,0,1,0,4,0,7.140000000000001,2.0184206730320646,2.07,0.0004206730320648333,4.71109999489272,0.12439999409252778,1.208874997246312,measured_success,101
new_pf,response_fraction_0p70,nominal,3000101,610,acid,medium,separated,2,0,0,1,1,1,1,1,4.24,1.8655634165065016,2.52,0.7174365834934986,133.8532000008854,98.74320000380976,232.59640000469517,measured_success,101
new_ppo,response_fraction_0p70,nominal,3000101,610,acid,medium,separated,2,0,0,0,1,1,5,2,6.050000000000001,2.7954602983660974,2.63,0.21246029836609726,0.9353999994345941,0.1869000116130337,0.22446000220952556,measured_success,101
new_pf,response_fraction_0p70,nominal,3000101,611,base,medium,single,1,1,0,0,1,0,24,2,8.659999999999986,4.882154302571923,4.88,0.09684569742807714,2669.069200004742,1113.3905999813578,157.6024916660875,measured_success,101
new_ppo,response_fraction_0p70,nominal,3000101,611,base,medium,single,1,0,0,0,1,1,5,2,6.72,4.836008431217399,4.92,0.1429915687826009,0.9388000107719563,0.14179999561747536,0.21612000127788633,measured_success,101
new_pf,response_fraction_0p70,nominal,3000101,612,base,near,overlapping,2,0,0,0,1,1,2,1,3.34,3.5243446295287084,3.4,0.16834462952870854,133.13850000849925,135.1031999947736,134.12085000163643,measured_success,101
new_ppo,response_fraction_0p70,nominal,3000101,612,base,near,overlapping,2,1,0,0,1,0,2,1,2.7199999999999998,3.4431443811051903,3.36,0.0871443811051904,0.41590000182623044,0.06240000220714137,0.2391500020166859,measured_success,101
new_pf,response_fraction_0p70,nominal,3000101,613,acid,near,single,1,1,1,0,1,0,2,0,0.94,8.022436649979422,8.06,0.006436649979422171,21.87479999702191,102.41169999790145,62.14324999746168,measured_success,101
new_ppo,response_fraction_0p70,nominal,3000101,613,acid,near,single,1,0,0,0,0,0,50,0,0.5000000000000002,8.12342853080711,8.13,0.10742853080711079,13.081600001896732,5.35779998608632,0.36878799975966103,max_steps,101
new_pf,response_fraction_0p70,nominal,3000101,614,base,medium,single,1,1,0,0,1,0,17,1,3.500000000000001,6.996032785302383,7.0,0.082032785302383,147.10700001887744,671.9329000115977,48.17881764885148,measured_success,101
new_ppo,response_fraction_0p70,nominal,3000101,614,base,medium,single,1,1,1,0,1,0,5,1,4.33,6.94776786043283,6.98,0.03376786043282998,0.7764999973005615,0.1280999931623228,0.18091999809257686,measured_success,101
new_pf,response_fraction_0p70,nominal,3000101,615,base,near,separated,3,1,0,0,1,0,6,0,4.23,6.17486920354453,6.16,0.07713079645546994,57.183999990229495,266.5188999962993,53.95048333108813,measured_success,101
new_ppo,response_fraction_0p70,nominal,3000101,615,base,near,separated,3,1,0,0,1,0,5,0,4.28,6.179737249142368,6.17,0.07226275085763145,0.7543000028817914,0.1281000004382804,0.17648000066401437,measured_success,101
new_pf,response_fraction_0p70,nominal,3000101,616,acid,far,single,1,0,0,0,0,0,50,1,10.810000000000011,2.705305683712666,2.68,0.12569431628733385,6560.141699999804,2044.6448999791755,172.09573199957958,max_steps,101
new_ppo,response_fraction_0p70,nominal,3000101,616,acid,far,single,1,0,0,0,1,1,13,7,19.750000000000004,2.648290952349302,2.93,0.18270904765069806,1.8377999949734658,0.3104999996139668,0.16525384573749483,measured_success,101
new_pf,response_fraction_0p70,nominal,3000101,617,base,near,separated,2,0,0,0,1,1,1,1,1.44,3.895980360859304,3.65,0.3079803608593039,142.89409999764757,64.96499999775551,207.85909999540308,measured_success,101
new_ppo,response_fraction_0p70,nominal,3000101,617,base,near,separated,2,1,0,0,1,0,2,1,2.4699999999999998,3.667750392443563,3.68,0.07975039244356275,0.3934999986086041,0.050499998906161636,0.22199999875738285,measured_success,101
new_pf,response_fraction_0p70,nominal,3000101,618,acid,near,single,1,0,0,0,0,0,50,2,4.489999999999991,7.1588644552617655,7.16,0.23986445526176592,630.9964999818476,1645.951900005457,45.53896799974609,max_steps,101
new_ppo,response_fraction_0p70,nominal,3000101,618,acid,near,single,1,1,0,0,1,0,14,6,9.739999999999998,6.990395567673046,6.93,0.07139556767304622,2.232200000435114,0.3772999916691333,0.1863928565788748,measured_success,101
new_pf,response_fraction_0p70,nominal,3000101,619,acid,medium,separated,3,1,0,0,1,0,12,1,6.3000000000000025,3.8876374524834674,3.88,0.0853625475165325,242.20229999627918,555.8500000042841,66.50435833338027,measured_success,101
new_ppo,response_fraction_0p70,nominal,3000101,619,acid,medium,separated,3,0,0,0,1,1,3,1,3.91,3.865294007889748,3.95,0.10770599211025189,0.6647000045632012,0.08990000060293823,0.25153333505537984,measured_success,101
new_pf,response_fraction_0p70,nominal,3000101,620,base,far,separated,3,1,1,0,1,0,9,2,28.020000000000003,5.59048145657122,5.71,0.04251854342877959,945.0405000025057,626.504300016677,174.6160888910203,measured_success,101
new_ppo,response_fraction_0p70,nominal,3000101,620,base,far,separated,3,1,1,0,1,0,10,1,27.259999999999998,5.664107647220067,5.71,0.031107647220067314,1.983200003451202,0.29499999072868377,0.22781999941798858,measured_success,101
new_pf,response_fraction_0p70,nominal,3000101,621,base,medium,overlapping,2,0,0,0,1,1,3,2,6.709999999999999,4.39042242199884,4.8,0.3505775780011593,158.7647999986075,197.35779999609804,118.70753333156851,measured_success,101
new_ppo,response_fraction_0p70,nominal,3000101,621,base,medium,overlapping,2,0,0,1,1,1,15,6,25.43,4.099894262261159,4.67,0.6411057377388403,6.941399995412212,0.42850001773331314,0.491326667543035,measured_success,101
new_pf,response_fraction_0p70,nominal,3000101,622,acid,medium,single,1,1,1,0,1,0,4,2,4.3,4.360709186571995,4.32,0.013709186571994714,270.56440000160364,215.02119999786373,121.39639999986684,measured_success,101
new_ppo,response_fraction_0p70,nominal,3000101,622,acid,medium,single,1,1,1,0,1,0,5,2,4.3,4.368943116325967,4.33,0.021943116325966905,0.7804000051692128,0.13269999180920422,0.1826199993956834,measured_success,101
new_pf,response_fraction_0p70,nominal,3000101,623,acid,medium,separated,3,1,1,0,1,0,4,0,9.229999999999999,1.9419726095034977,1.98,0.008972609503497653,232.94149999856018,251.63369999063434,121.14379999729863,measured_success,101
new_ppo,response_fraction_0p70,nominal,3000101,623,acid,medium,separated,3,1,0,0,1,0,4,1,9.959999999999999,1.8641334831459888,1.95,0.06886651685401124,2.609699993627146,0.1151999895228073,0.6812249957874883,measured_success,101
new_pf,response_fraction_0p70,nominal,3000101,624,base,near,single,1,0,0,0,1,1,5,2,7.26,6.002190335888454,6.2,0.2668096641115465,284.13210000871914,294.1678000061074,115.65998000296531,measured_success,101
new_ppo,response_fraction_0p70,nominal,3000101,624,base,near,single,1,0,0,0,1,1,1,1,2.06,6.511505519826827,6.28,0.24250551982682644,0.254700004006736,0.021900006686337292,0.2766000106930733,measured_success,101
new_pf,response_fraction_0p70,nominal,3000101,625,base,near,single,1,1,1,0,1,0,2,1,0.8400000000000001,4.912300356563389,4.97,0.007300356563388455,17.08199999848148,97.46080000331858,57.27140000090003,measured_success,101
new_ppo,response_fraction_0p70,nominal,3000101,625,base,near,single,1,0,0,1,1,1,4,2,4.82,4.376744246168082,4.89,0.5282557538319184,0.6725999992340803,0.09779999527381733,0.1925999986269744,measured_success,101
new_pf,response_fraction_0p70,nominal,3000101,626,base,near,separated,3,1,0,0,1,0,5,0,2.78,5.490308714824531,5.48,0.0766912851754693,42.44409998500487,218.46869999717455,52.182559996435884,measured_success,101
new_ppo,response_fraction_0p70,nominal,3000101,626,base,near,separated,3,1,0,0,1,0,2,0,3.1100000000000003,5.51616920741013,5.48,0.050830792589870555,0.36839999665971845,0.05710000550607219,0.21275000108289532,measured_success,101
new_pf,response_fraction_0p70,nominal,3000101,627,base,medium,overlapping,2,1,1,0,1,0,6,0,9.670000000000002,4.942359191468244,4.91,0.03464080853175666,186.8196000068565,289.0042000071844,79.30396666900681,measured_success,101
new_ppo,response_fraction_0p70,nominal,3000101,627,base,medium,overlapping,2,1,0,0,1,0,5,1,11.43,5.0494713113519065,5.06,0.07247131135190621,0.8615999977337196,0.12550000246847048,0.19742000004043803,measured_success,101
new_pf,response_fraction_0p70,nominal,3000101,628,acid,near,separated,2,1,1,0,1,0,1,1,0.68,4.317999677804316,4.4,0.03100032219568405,11.114599998109043,64.03310000314377,75.14770000125282,measured_success,101
new_ppo,response_fraction_0p70,nominal,3000101,628,acid,near,separated,2,0,0,0,1,1,3,2,3.96,4.5366439726866705,4.35,0.18764397268667032,2.5493000066489913,0.08930001058615744,0.8795333390783829,measured_success,101
new_pf,response_fraction_0p70,nominal,3000101,629,acid,near,single,1,1,1,0,1,0,4,1,3.5700000000000003,5.345748336205354,5.38,0.018251663794646156,34.098999996786006,150.60079999966547,46.17494999911287,measured_success,101
new_ppo,response_fraction_0p70,nominal,3000101,629,acid,near,single,1,1,0,0,1,0,3,1,3.72,5.30973541565168,5.38,0.05426458434831982,1.7531999983475544,0.08149999484885484,0.611566664398803,measured_success,101
new_pf,response_fraction_0p70,nominal,3000101,630,base,medium,single,1,1,1,0,1,0,38,2,11.510000000000005,7.1038904980527775,7.03,0.02410950194722261,2775.411400019948,1556.8407000318985,114.0066342118907,measured_success,101
new_ppo,response_fraction_0p70,nominal,3000101,630,base,medium,single,1,0,0,1,0,0,43,15,50.0,10.594712944976632,9.16,3.4667129449766314,7.862400059821084,1.1196000195923261,0.20888372277705605,dose_limit,101
new_pf,response_fraction_0p70,nominal,3000101,631,acid,medium,separated,3,0,0,0,0,0,50,1,6.68999999999999,4.27421357575451,4.27,0.44878642424548953,536.69059999811,1999.4415000255685,50.72264200047357,max_steps,101
new_ppo,response_fraction_0p70,nominal,3000101,631,acid,medium,separated,3,1,1,0,1,0,5,1,6.5,4.684143037451577,4.65,0.03885696254842319,1.0561000017332844,0.14859999646432698,0.24093999963952228,measured_success,101
new_pf,response_fraction_0p70,nominal,3000101,632,acid,medium,separated,2,0,0,1,0,0,50,1,6.7799999999999905,2.792139949927625,2.79,0.7928600500723748,615.0694000607473,1856.2957000249298,49.42730200171354,max_steps,101
new_ppo,response_fraction_0p70,nominal,3000101,632,acid,medium,separated,2,1,1,0,1,0,8,1,7.35,3.5647382826212466,3.52,0.020261717378753374,3.644199990958441,2.201099989179056,0.7306624975171871,measured_success,101
new_pf,response_fraction_0p70,nominal,3000101,633,base,medium,single,1,0,0,0,1,1,3,1,6.11,6.349579730596121,6.18,0.19957973059612044,24.017600000661332,157.52199999406002,60.51319999824045,measured_success,101
new_ppo,response_fraction_0p70,nominal,3000101,633,base,medium,single,1,1,1,0,1,0,10,3,12.569999999999995,6.185973374175758,6.14,0.0359733741757573,1.7779000118025579,0.26309999520890415,0.2041000007011462,measured_success,101
new_pf,response_fraction_0p70,nominal,3000101,634,acid,medium,single,1,0,0,0,1,1,3,1,8.01,3.3141079345669686,3.45,0.16589206543303137,276.29309999610996,191.59540000691777,155.96283333434258,measured_success,101
new_ppo,response_fraction_0p70,nominal,3000101,634,acid,medium,single,1,0,0,0,1,1,2,1,8.17,3.281831089434082,3.57,0.19816891056591812,0.4229000041959807,0.045900000259280205,0.23440000222763047,measured_success,101
new_pf,response_fraction_0p70,nominal,3000101,635,acid,medium,separated,3,1,0,0,1,0,14,1,7.009999999999999,3.3661356325130924,3.36,0.08986436748690751,413.2733000005828,586.0556999905384,71.38064285650866,measured_success,101
new_ppo,response_fraction_0p70,nominal,3000101,635,acid,medium,separated,3,0,0,0,1,1,2,1,5.05,3.175560831250748,3.42,0.2804391687492518,0.39769999420968816,0.05110000347485766,0.2243999988422729,measured_success,101
new_pf,response_fraction_0p70,nominal,3000101,636,acid,near,separated,2,0,0,0,1,1,1,1,2.46,3.216191927348203,3.42,0.18580807265179722,130.92090000282042,87.23779999854742,218.15870000136783,measured_success,101
new_ppo,response_fraction_0p70,nominal,3000101,636,acid,near,separated,2,1,0,0,1,0,1,1,2.06,3.3307213976553287,3.5,0.07127860234467143,0.27939999563386664,0.027800000680144876,0.3071999963140115,measured_success,101
new_pf,response_fraction_0p70,nominal,3000101,637,acid,near,separated,2,1,0,0,1,0,9,2,4.179999999999999,4.471591435997363,4.49,0.07559143599736284,296.70780000742525,367.56379999860656,73.80795555622575,measured_success,101
new_ppo,response_fraction_0p70,nominal,3000101,637,acid,near,separated,2,1,0,0,1,0,5,3,4.3,4.327765191282518,4.38,0.06823480871748178,0.6654000098933466,0.09740000677993521,0.15256000333465636,measured_success,101
new_pf,response_fraction_0p70,nominal,3000101,638,base,near,single,1,1,0,0,1,0,11,1,3.699999999999999,2.759777342485207,2.77,0.08077734248520718,195.83540000894573,452.95019999321084,58.98050909110514,measured_success,101
new_ppo,response_fraction_0p70,nominal,3000101,638,base,near,single,1,1,0,0,1,0,1,1,1.67,2.7475566586410496,2.61,0.06855665864104976,2.052100004220847,0.029599999834317714,2.0817000040551648,measured_success,101
new_pf,response_fraction_0p70,nominal,3000101,639,base,medium,separated,3,0,0,0,1,1,4,1,12.36,4.629783028071152,4.49,0.15778302807115185,394.67940000031376,251.1222999964957,161.45042499920237,measured_success,101
new_ppo,response_fraction_0p70,nominal,3000101,639,base,medium,separated,3,1,1,0,1,0,5,1,11.43,4.491738854927963,4.44,0.019738854927962457,1.0456000018166378,0.15889999485807493,0.24089999933494255,measured_success,101
new_pf,response_fraction_0p70,nominal,3000101,640,acid,medium,single,1,0,0,0,1,1,12,3,8.65,4.481252835044259,4.62,0.14974716495574114,461.71509999840055,532.5264999919455,82.85346666586217,measured_success,101
new_ppo,response_fraction_0p70,nominal,3000101,640,acid,medium,single,1,0,0,0,1,1,6,4,9.48,4.798415040250303,4.55,0.16741504025030274,1.0484999875188805,0.16080000932561234,0.20154999947408214,measured_success,101
new_pf,response_fraction_0p70,nominal,3000101,641,acid,medium,separated,2,1,1,0,1,0,4,0,8.51,1.7710326338184577,1.81,0.01303263381845765,420.9244000085164,214.61989999079378,158.88607499982754,measured_success,101
new_ppo,response_fraction_0p70,nominal,3000101,641,acid,medium,separated,2,0,0,0,1,1,4,1,9.959999999999999,1.6491007874379155,1.72,0.10889921256208446,2.9130999973858707,0.13649999891640618,0.7623999990755692,measured_success,101
new_pf,response_fraction_0p70,nominal,3000101,642,base,medium,separated,2,0,0,0,0,0,50,2,12.94999999999999,6.177285309280498,6.18,0.1837146907195022,956.5111000047182,2114.3580000061775,61.41738200021791,max_steps,101
new_ppo,response_fraction_0p70,nominal,3000101,642,base,medium,separated,2,1,1,0,1,0,5,2,9.27,6.347570377887521,6.4,0.013429622112478334,0.7167999938246794,0.12129999959142879,0.16761999868322164,measured_success,101
new_pf,response_fraction_0p70,nominal,3000101,643,base,far,separated,2,0,0,1,0,0,50,17,19.42000000000002,9.22064089255457,8.52,1.65364089255457,4579.485300011584,2338.165699999081,138.3530200002133,max_steps,101
new_ppo,response_fraction_0p70,nominal,3000101,643,base,far,separated,2,0,0,1,0,0,50,24,20.010000000000016,6.207196980831204,6.41,1.3598030191687958,12.251399974047672,1.3637000229209661,0.27230199993937276,max_steps,101
new_pf,response_fraction_0p70,nominal,3000101,644,acid,medium,separated,2,1,1,0,1,0,6,1,13.44,2.2231957760382315,2.32,0.000804223961768713,199.11000000865897,311.1309000014444,85.0401500016839,measured_success,101
new_ppo,response_fraction_0p70,nominal,3000101,644,acid,medium,separated,2,1,1,0,1,0,5,1,13.64,2.206776259158305,2.26,0.01722374084169509,0.9831999996094964,0.14629999350290745,0.22589999862248078,measured_success,101
new_pf,response_fraction_0p70,nominal,3000101,645,acid,near,separated,2,0,0,0,1,1,1,1,2.51,4.920643204885293,5.2,0.2393567951147073,89.5821000012802,71.74559999839403,161.32769999967422,measured_success,101
new_ppo,response_fraction_0p70,nominal,3000101,645,acid,near,separated,2,1,1,0,1,0,5,1,4.44,5.137008755389459,5.1,0.022991244610540917,4.51479999901494,0.14659999578725547,0.9322799989604391,measured_success,101
new_pf,response_fraction_0p70,nominal,3000101,646,base,far,separated,3,0,0,0,0,0,50,2,27.059999999999985,7.102395666956694,7.1,0.23960433304330575,719.5653000089806,1914.1595999608398,52.67449799939641,max_steps,101
new_ppo,response_fraction_0p70,nominal,3000101,646,base,far,separated,3,0,0,0,1,1,7,2,26.27,7.030920460195171,7.43,0.3110795398048287,1.3313000090420246,0.2097000033245422,0.22014285890950955,measured_success,101
new_pf,response_fraction_0p70,nominal,3000101,647,acid,medium,single,1,1,1,0,1,0,35,2,10.129999999999985,4.989520760738481,5.04,0.033520760738480426,2647.5360999902477,1362.9554999643005,114.58547428441567,measured_success,101
new_ppo,response_fraction_0p70,nominal,3000101,647,acid,medium,single,1,0,0,0,1,1,10,6,29.610000000000003,5.381114050093075,4.88,0.42511405009307435,4.01150000107009,0.3051000021514483,0.4316600003221538,measured_success,101
new_pf,response_fraction_0p70,nominal,3000101,648,acid,medium,separated,3,1,0,0,1,0,9,0,12.03,3.6678991686621965,3.68,0.0778991686621966,91.51600000041071,392.01470000261907,53.725633333669975,measured_success,101
new_ppo,response_fraction_0p70,nominal,3000101,648,acid,medium,separated,3,1,0,0,1,0,7,0,12.28,3.645629375956121,3.67,0.05562937595612105,3.5054000036325306,0.22609998268308118,0.533071426616516,measured_success,101
new_pf,response_fraction_0p70,nominal,3000101,649,acid,medium,separated,2,0,0,0,0,0,50,1,6.699999999999981,1.7210876301207976,1.72,0.31991236987920235,5972.848299948964,1793.666299963661,155.3302919982525,max_steps,101
new_ppo,response_fraction_0p70,nominal,3000101,649,acid,medium,separated,2,1,1,0,1,0,8,2,7.889999999999999,2.062941501802084,2.02,0.021941501802083874,1.5432000000146218,0.22950000129640102,0.22158750016387785,measured_success,101
new_pf,response_fraction_0p70,nominal,3000101,650,base,medium,separated,2,1,0,0,1,0,38,1,7.129999999999987,5.768557444843291,5.8,0.051557444843290945,4441.4781000086805,1728.4023999745841,162.36527631534906,measured_success,101
new_ppo,response_fraction_0p70,nominal,3000101,650,base,medium,separated,2,0,0,1,0,0,47,17,50.0,11.349289646277015,9.5,5.632289646277015,15.012599986221176,1.156299993454013,0.34401914850372745,dose_limit,101
new_pf,response_fraction_0p70,nominal,3000101,651,base,near,separated,2,1,0,0,1,0,8,1,2.2899999999999996,5.433364174855932,5.45,0.06536417485593127,209.14970000012545,337.53480001178104,68.33556250148831,measured_success,101
new_ppo,response_fraction_0p70,nominal,3000101,651,base,near,separated,2,1,1,0,1,0,3,2,3.72,5.326283753208106,5.42,0.04171624679189456,0.6972000119276345,0.08259999594883993,0.2599333359588248,measured_success,101
new_pf,response_fraction_0p70,nominal,3000101,652,base,medium,separated,3,0,0,1,1,1,2,2,5.35,7.298819017923934,8.18,0.8931809820760659,160.19709999818588,108.82049999054288,134.50879999436438,measured_success,101
new_ppo,response_fraction_0p70,nominal,3000101,652,base,medium,separated,3,1,0,0,1,0,17,3,9.929999999999994,8.270773951876336,8.29,0.07877395187633596,2.391399997577537,0.42889999895123765,0.16589999979581027,measured_success,101
new_pf,response_fraction_0p70,nominal,3000101,653,acid,near,separated,2,1,1,0,1,0,2,1,3.6,3.5613529710155314,3.65,0.04864702898446849,174.86070000450127,119.92850000387989,147.39460000419058,measured_success,101
new_ppo,response_fraction_0p70,nominal,3000101,653,acid,near,separated,2,0,0,0,1,1,3,1,3.91,3.4837360165467226,3.57,0.12626398345327727,0.636199998552911,0.08689999958733097,0.24103333271341398,measured_success,101
new_pf,response_fraction_0p70,nominal,3000101,654,acid,medium,separated,3,0,0,0,1,1,2,1,5.59,2.367324382535708,2.62,0.3286756174642922,123.19330000173068,164.0248999974574,143.60909999959404,measured_success,101
new_ppo,response_fraction_0p70,nominal,3000101,654,acid,medium,separated,3,0,0,0,1,1,2,1,5.05,2.453339645556169,2.64,0.24266035444383105,0.3576000017346814,0.04659999831346795,0.2021000000240747,measured_success,101
new_pf,response_fraction_0p70,nominal,3000101,655,acid,medium,separated,2,1,0,0,0,0,50,1,5.740000000000011,2.902432993791649,2.9,0.0975670062083509,611.6621000037412,2008.0432000031578,52.39410600013798,max_steps,101
new_ppo,response_fraction_0p70,nominal,3000101,655,acid,medium,separated,2,1,1,0,1,0,3,2,4.8500000000000005,3.0206555864502738,2.92,0.020655586450273766,0.5073999927844852,0.07660000119358301,0.1946666646593561,measured_success,101
new_pf,response_fraction_0p70,nominal,3000101,656,acid,near,separated,2,1,0,0,1,0,14,1,4.700000000000002,3.7447499460197218,3.73,0.060250053980278384,219.2807999890647,574.1816000154358,56.67588571460718,measured_success,101
new_ppo,response_fraction_0p70,nominal,3000101,656,acid,near,separated,2,0,0,0,1,1,1,1,2.06,3.537078817580377,3.73,0.26792118241962326,0.2131000001099892,0.024800006940495223,0.23790000705048442,measured_success,101
new_pf,response_fraction_0p70,nominal,3000101,657,base,medium,separated,3,1,0,0,1,0,15,1,5.909999999999998,5.717955402939506,5.73,0.08195540293950554,225.00739998940844,570.6121000039275,53.041299999555726,measured_success,101
new_ppo,response_fraction_0p70,nominal,3000101,657,base,medium,separated,3,0,0,0,1,1,2,1,3.8,5.889453097834785,5.72,0.2534530978347851,0.45340000360738486,0.056899996707215905,0.2551500001573004,measured_success,101
new_pf,response_fraction_0p70,nominal,3000101,658,base,near,single,1,1,1,0,1,0,5,0,4.68,4.982085954241262,4.96,0.048914045758738034,149.20879998680903,225.05350000574253,74.85245999851031,measured_success,101
new_ppo,response_fraction_0p70,nominal,3000101,658,base,near,single,1,1,0,0,1,0,5,0,4.44,4.955288793585511,4.94,0.07571120641448825,1.0448000030010007,0.14680000458611175,0.2383200015174225,measured_success,101
new_pf,response_fraction_0p70,nominal,3000101,659,base,far,separated,3,0,0,0,1,1,3,1,12.370000000000001,7.222914744463006,6.91,0.3799147444630062,416.65379999176366,308.0933000019286,241.5823666645641,measured_success,101
new_ppo,response_fraction_0p70,nominal,3000101,659,base,far,separated,3,1,0,0,1,0,5,1,13.04,6.91727930148004,6.94,0.0742793014800398,0.812100013718009,0.13190000026952475,0.18880000279750675,measured_success,101
new_pf,response_fraction_0p70,nominal,3000101,660,acid,medium,single,1,1,0,0,1,0,10,3,7.149999999999999,3.635756450526147,3.69,0.08424354947385337,404.31089999037795,441.9257999834372,84.62366999738151,measured_success,101
new_ppo,response_fraction_0p70,nominal,3000101,660,acid,medium,single,1,0,0,0,1,1,5,5,5.76,3.610575073516417,3.69,0.10942492648358337,2.968999993754551,0.14200000441633165,0.6221999996341765,measured_success,101
new_pf,response_fraction_0p70,nominal,3000101,661,acid,far,separated,2,1,1,0,1,0,4,1,10.21,1.6812981420519493,1.73,0.010701857948050675,413.1465000027674,230.30719999951543,160.86342500057071,measured_success,101
new_ppo,response_fraction_0p70,nominal,3000101,661,acid,far,separated,2,0,0,0,1,1,3,1,12.44,1.5672071172225923,1.69,0.12479288277740763,0.5101000060676597,0.08299999899463728,0.19770000168743232,measured_success,101
new_pf,response_fraction_0p70,nominal,3000101,662,base,near,separated,2,1,0,0,1,0,7,0,5.45,5.487753400032897,5.48,0.0912465999671026,73.32059999316698,331.2917000075686,57.801757142962224,measured_success,101
new_ppo,response_fraction_0p70,nominal,3000101,662,base,near,separated,2,1,0,0,1,0,9,0,5.6000000000000005,5.4989437742175795,5.49,0.08005622578242022,2.9554999855463393,0.2569999924162403,0.3569444419958422,measured_success,101
new_pf,response_fraction_0p70,nominal,3000101,663,base,medium,single,1,0,0,0,1,1,6,2,8.92,4.302683360267981,4.58,0.32931663973201886,282.09049998258706,350.3519000078086,105.40706666506594,measured_success,101
new_ppo,response_fraction_0p70,nominal,3000101,663,base,medium,single,1,1,0,0,1,0,3,2,5.819999999999999,4.533877920372337,4.62,0.09812207962766273,0.6292000034591183,0.09600000339560211,0.24173333561824015,measured_success,101
new_pf,response_fraction_0p70,nominal,3000101,664,base,near,separated,3,1,0,0,1,0,2,1,2.6,4.770152414199943,4.66,0.07115241419994334,94.1309000045294,111.20049999590265,102.66570000021602,measured_success,101
new_ppo,response_fraction_0p70,nominal,3000101,664,base,near,separated,3,0,0,0,1,1,2,1,3.1100000000000003,4.890689949043461,4.76,0.19168994904346093,0.3899000003002584,0.04269999772077426,0.21629999901051633,measured_success,101
new_pf,response_fraction_0p70,nominal,3000101,665,acid,far,separated,3,0,0,0,1,1,4,1,9.01,5.677511131108611,5.75,0.10048886889138853,187.03270000696648,236.65820000314852,105.92272500252875,measured_success,101
new_ppo,response_fraction_0p70,nominal,3000101,665,acid,far,separated,3,0,0,0,1,1,3,1,9.22,5.634993649692182,5.82,0.14300635030781716,0.6581999914487824,2.017900005739648,0.8920333323961435,measured_success,101
new_pf,response_fraction_0p70,nominal,3000101,666,base,near,separated,2,0,0,0,1,1,25,2,6.750000000000002,7.402273928643609,7.64,0.15872607135639072,628.7296999944374,1138.9404999790713,70.70680799894035,measured_success,101
new_ppo,response_fraction_0p70,nominal,3000101,666,base,near,separated,2,0,0,0,1,1,8,4,5.499999999999999,7.430111195093046,7.53,0.1308888049069541,5.722599998989608,2.266899995447602,0.9986874993046513,measured_success,101
new_pf,response_fraction_0p70,nominal,3000101,667,base,near,separated,2,1,0,0,1,0,2,1,2.11,5.410538749146504,5.31,0.07953874914650338,137.75810000515776,82.95299999736017,110.35555000125896,measured_success,101
new_ppo,response_fraction_0p70,nominal,3000101,667,base,near,separated,2,1,1,0,1,0,5,1,4.3,5.353680989900113,5.39,0.02268098990011236,1.1337000032654032,0.16140001389430836,0.2590200034319423,measured_success,101
new_pf,response_fraction_0p70,nominal,3000101,668,base,medium,single,1,0,0,0,1,1,40,2,10.30000000000001,10.289662447917589,10.41,0.16933755208241053,498.4329000071739,1614.3544999795267,52.819684999667516,measured_success,101
new_ppo,response_fraction_0p70,nominal,3000101,668,base,medium,single,1,0,0,0,1,1,19,1,2.3899999999999997,10.678613369598835,10.49,0.21961336959883582,2.8552999938256107,2.515500003937632,0.28267368409280225,measured_success,101
new_pf,response_fraction_0p70,nominal,3000101,669,base,medium,single,1,0,0,1,0,0,50,2,8.179999999999993,5.8120537640561025,5.81,0.7949462359438977,6325.291000001016,2145.9807000355795,169.4254340007319,max_steps,101
new_ppo,response_fraction_0p70,nominal,3000101,669,base,medium,single,1,0,0,1,1,1,2,2,8.76,5.358191165703538,6.68,1.2488088342964625,0.38100000529084355,0.0543000060133636,0.21765000565210357,measured_success,101
new_pf,response_fraction_0p70,nominal,3000101,670,base,medium,separated,3,1,1,0,1,0,4,0,7.4799999999999995,4.148086448546465,4.08,0.029913551453534915,36.966299994674046,247.4493000045186,71.10389999979816,measured_success,101
new_ppo,response_fraction_0p70,nominal,3000101,670,base,medium,separated,3,0,0,0,1,1,3,1,8.55,4.314575967818783,4.2,0.136575967818783,0.6835000021965243,0.09070000669453293,0.2580666696303524,measured_success,101
new_pf,response_fraction_0p70,nominal,3000101,671,base,far,single,1,0,0,1,0,0,50,6,21.130000000000003,5.470229909404168,6.35,1.1977700905958324,5687.080499948934,2166.953600011766,157.080681999214,max_steps,101
new_ppo,response_fraction_0p70,nominal,3000101,671,base,far,single,1,0,0,1,0,0,50,25,20.489999999999995,10.070723988488165,8.5,3.402723988488165,9.747399963089265,1.4959999971324578,0.22486799920443445,max_steps,101
new_pf,response_fraction_0p70,nominal,3000101,672,acid,medium,single,1,1,1,0,1,0,4,1,9.159999999999998,2.857052444775599,2.94,0.02194755522440106,376.6909000114538,231.12050000054296,151.95285000299918,measured_success,101
new_ppo,response_fraction_0p70,nominal,3000101,672,acid,medium,single,1,0,0,0,1,1,4,1,9.83,2.7049821118341884,2.81,0.17401788816581165,0.7982999959494919,0.13300000136950985,0.23282499932975043,measured_success,101
new_pf,response_fraction_0p70,nominal,3000101,673,acid,near,separated,2,1,1,0,1,0,10,1,4.330000000000001,3.3340724465164735,3.3,0.03592755348352661,230.90850000153296,455.84809999127174,68.67565999928047,measured_success,101
new_ppo,response_fraction_0p70,nominal,3000101,673,acid,near,separated,2,1,0,0,1,0,4,2,4.15,3.42589052659969,3.46,0.05589052659968985,0.6448999993153848,0.10529999417485669,0.18754999837256037,measured_success,101
new_pf,response_fraction_0p70,nominal,3000101,674,base,medium,separated,2,1,1,0,1,0,7,1,19.580000000000002,4.584615850705935,4.53,0.034615850705935536,493.041700021422,320.93220001115697,116.28198571893985,measured_success,101
new_ppo,response_fraction_0p70,nominal,3000101,674,base,medium,separated,2,1,1,0,1,0,7,0,18.89,4.52589079475861,4.49,0.024109205241390264,1.141699991421774,0.17660000594332814,0.18832857105215745,measured_success,101
new_pf,response_fraction_0p70,nominal,3000101,675,base,medium,separated,3,0,0,0,0,0,50,2,5.859999999999991,6.076337697565883,6.07,0.3746623024341167,841.2571000080789,2055.0129000257584,57.925400000676746,max_steps,101
new_ppo,response_fraction_0p70,nominal,3000101,675,base,medium,separated,3,0,0,1,1,1,8,4,8.85,5.787404304877429,6.39,0.663595695122571,2.941699989605695,0.2491000050213188,0.3988499993283767,measured_success,101
new_pf,response_fraction_0p70,nominal,3000101,676,acid,medium,separated,2,1,1,0,1,0,5,1,12.430000000000001,3.9019267340274295,3.96,0.04907326597257056,294.98489999969024,258.461499994155,110.68927999876905,measured_success,101
new_ppo,response_fraction_0p70,nominal,3000101,676,acid,medium,separated,2,1,0,0,1,0,5,1,12.500000000000002,3.888058172791676,3.96,0.06294182720832397,1.3126000048941933,0.1722999950288795,0.29697999998461455,measured_success,101
new_pf,response_fraction_0p70,nominal,3000101,677,acid,medium,separated,2,0,0,0,1,1,3,1,9.25,3.015287717335207,3.2,0.20471228266479313,314.5433000026969,198.1714999928954,170.9049333318641,measured_success,101
new_ppo,response_fraction_0p70,nominal,3000101,677,acid,medium,separated,2,0,0,0,1,1,3,1,9.22,3.022755667409771,3.18,0.1972443325902291,0.6447999985539354,0.0931999966269359,0.24599999839362377,measured_success,101
new_pf,response_fraction_0p70,nominal,3000101,678,acid,medium,single,1,1,1,0,1,0,4,0,4.710000000000001,7.603968541277942,7.65,0.011968541277942002,32.465400006913114,241.84319999039872,68.57714999932796,measured_success,101
new_ppo,response_fraction_0p70,nominal,3000101,678,acid,medium,single,1,1,1,0,1,0,6,0,4.57,7.630186641953268,7.65,0.03818664195326793,0.9380999981658533,0.14599999849451706,0.1806833327767284,measured_success,101
new_pf,response_fraction_0p70,nominal,3000101,679,base,near,single,1,0,0,0,1,1,2,2,1.9700000000000002,3.252532227794454,3.35,0.183467772205546,116.06059999758145,149.8109999956796,132.93579999663052,measured_success,101
new_ppo,response_fraction_0p70,nominal,3000101,679,base,near,single,1,0,0,0,1,1,34,13,25.049999999999994,3.603726712350573,3.51,0.16772671235057324,9.501500018814113,0.9599999684724025,0.30769117609666224,measured_success,101
new_pf,response_fraction_0p70,nominal,3000101,680,acid,far,single,1,1,1,0,1,0,5,2,13.53,3.964154620458869,3.99,0.043154620458869086,286.87490000447724,406.7575999870314,138.72649999830173,measured_success,101
new_ppo,response_fraction_0p70,nominal,3000101,680,acid,far,single,1,0,0,0,1,1,11,4,19.36,4.114118988259525,3.92,0.19311898825952545,6.001699992339127,0.32220000866800547,0.5749000000915575,measured_success,101
new_pf,response_fraction_0p70,nominal,3000101,681,base,medium,single,1,1,0,0,1,0,15,2,10.910000000000002,6.982107190567506,6.97,0.07989280943249444,1061.4957000070717,705.2942000154871,117.78599333483726,measured_success,101
new_ppo,response_fraction_0p70,nominal,3000101,681,base,medium,single,1,1,1,0,1,0,8,2,11.989999999999997,7.0262415417008,6.99,0.03575845829919988,1.2963999979547225,0.22089997946750373,0.18966249717777828,measured_success,101
new_pf,response_fraction_0p70,nominal,3000101,682,base,far,overlapping,2,0,0,1,1,1,2,2,8.2,2.875851392791355,4.56,1.7501486072086454,211.98890000232495,178.53089999698568,195.25989999965532,measured_success,101
new_ppo,response_fraction_0p70,nominal,3000101,682,base,far,overlapping,2,0,0,0,1,1,41,12,47.64000000000002,4.3512663341564135,4.58,0.2747336658435868,6.807899982959498,1.1271000039414503,0.1935365850463646,measured_success,101
new_pf,response_fraction_0p70,nominal,3000101,683,acid,medium,separated,3,0,0,0,1,1,2,1,2.54,7.924852966552706,8.03,0.10414703344729404,22.64600000489736,115.5505999995512,69.09830000222428,measured_success,101
new_ppo,response_fraction_0p70,nominal,3000101,683,acid,medium,separated,3,0,0,0,0,0,50,0,0.6900000000000003,8.448084428617115,8.45,0.4190844286171149,15.597000005072914,1.3660999829880893,0.33926199976122007,max_steps,101
new_pf,response_fraction_0p70,nominal,3000101,684,acid,medium,separated,2,1,1,0,1,0,5,0,12.36,1.6188859368759787,1.66,0.02288593687597862,358.2401000021491,269.7547000134364,125.5989600031171,measured_success,101
new_ppo,response_fraction_0p70,nominal,3000101,684,acid,medium,separated,2,1,1,0,1,0,5,0,12.379999999999999,1.6179904686465956,1.65,0.021990468646595485,0.7162999972933903,0.11210000229766592,0.16567999991821125,measured_success,101
new_pf,response_fraction_0p70,nominal,3000101,685,acid,medium,separated,3,1,0,0,1,0,20,1,11.840000000000007,5.267491879786041,5.27,0.09350812021395871,472.31260000990005,799.2988000114565,63.58057000106783,measured_success,101
new_ppo,response_fraction_0p70,nominal,3000101,685,acid,medium,separated,3,1,1,0,1,0,4,1,9.18,5.334610514903803,5.4,0.026389485096196985,2.8344000020297244,0.11450000602053478,0.7372250020125648,measured_success,101
new_pf,response_fraction_0p70,nominal,3000101,686,base,medium,single,1,1,1,0,1,0,7,1,11.460000000000003,4.11316605142129,4.17,0.0091660514212899,364.10359998990316,328.8853999983985,98.99842856975738,measured_success,101
new_ppo,response_fraction_0p70,nominal,3000101,686,base,medium,single,1,1,1,0,1,0,3,1,8.85,4.153207910356272,4.01,0.049207910356272144,0.5833999966853298,0.0794000006862916,0.22093333245720714,measured_success,101
new_pf,response_fraction_0p70,nominal,3000101,687,acid,medium,single,1,1,1,0,1,0,29,3,10.99,5.9599606579465725,5.93,0.024039342053427504,2487.9435999973794,1213.6575000331504,127.64141724243206,measured_success,101
new_ppo,response_fraction_0p70,nominal,3000101,687,acid,medium,single,1,0,0,1,1,1,2,2,6.2,6.925834179790719,5.95,0.9418341797907193,0.3913999898941256,0.08690000686328858,0.2391499983787071,measured_success,101
new_pf,response_fraction_0p70,nominal,3000101,688,base,near,separated,2,0,0,0,1,1,2,1,1.22,3.206398433986739,3.13,0.1393984339867389,161.80169999279315,120.60509999719216,141.20339999499265,measured_success,101
new_ppo,response_fraction_0p70,nominal,3000101,688,base,near,separated,2,1,0,0,1,0,2,2,2.7199999999999998,2.9911864486790893,3.05,0.07581355132091083,0.4215000008116476,0.0537999949301593,0.23764999787090346,measured_success,101
new_pf,response_fraction_0p70,nominal,3000101,689,acid,near,separated,3,1,1,0,1,0,12,1,6.900000000000003,5.543291856800581,5.5,0.03570814319941906,1353.5509999928763,585.951400003978,161.62519999973787,measured_success,101
new_ppo,response_fraction_0p70,nominal,3000101,689,acid,near,separated,3,1,0,0,1,0,5,2,4.550000000000001,5.651079995688889,5.58,0.07207999568888912,4.936400000588037,0.15080000594025478,1.0174400013056584,measured_success,101
new_pf,response_fraction_0p70,nominal,3000101,690,acid,near,separated,3,0,0,0,1,1,1,1,1.96,2.1143632382991564,2.33,0.1526367617008435,123.13169999833917,137.60870000260184,260.740400000941,measured_success,101
new_ppo,response_fraction_0p70,nominal,3000101,690,acid,near,separated,3,0,0,0,1,1,1,1,2.75,1.948888461429235,2.22,0.3181115385707649,0.3001000004587695,1.8292999957338907,2.12939999619266,measured_success,101
new_pf,response_fraction_0p70,nominal,3000101,691,base,medium,separated,2,1,1,0,1,0,3,1,8.08,5.648893543851187,5.53,0.04089354385118771,300.7867999986047,189.7001000106684,163.49563333642436,measured_success,101
new_ppo,response_fraction_0p70,nominal,3000101,691,base,medium,separated,2,1,0,0,1,0,6,0,7.199999999999999,5.532153532154526,5.51,0.07584646784547378,1.3426000004983507,0.1914000022225082,0.25566666712014313,measured_success,101
new_pf,response_fraction_0p70,nominal,3000101,692,base,medium,single,1,0,0,1,0,0,50,2,8.589999999999991,5.3310595152495726,5.33,0.9319404847504273,6645.58919997944,2044.7087999782525,173.80595999915386,max_steps,101
new_ppo,response_fraction_0p70,nominal,3000101,692,base,medium,single,1,0,0,0,1,1,9,3,13.13,6.424756891925746,6.24,0.16175689192574616,1.5515000050072558,0.23450001026503742,0.19844444614136592,measured_success,101
new_pf,response_fraction_0p70,nominal,3000101,693,base,far,single,1,1,1,0,1,0,30,2,9.039999999999988,9.901592569091079,10.01,0.0464074309089213,3871.08770001214,1175.2894000019296,168.212570000469,measured_success,101
new_ppo,response_fraction_0p70,nominal,3000101,693,base,far,single,1,0,0,1,1,1,1,1,7.55,11.378000547876681,9.97,1.4300005478766806,0.26590000197757035,0.027399997634347528,0.2932999996119179,measured_success,101
new_pf,response_fraction_0p70,nominal,3000101,694,base,medium,separated,3,1,0,0,1,0,3,1,4.380000000000001,8.339162199279244,8.25,0.08116219927924462,22.07520000229124,168.0262000008952,63.367133334395476,measured_success,101
new_ppo,response_fraction_0p70,nominal,3000101,694,base,medium,separated,3,1,1,0,1,0,4,0,4.04,8.236693638254295,8.19,0.02130636174570455,2.820899993821513,0.12599999899975955,0.7367249982053181,measured_success,101
new_pf,response_fraction_0p70,nominal,3000101,695,base,near,separated,3,1,0,0,1,0,4,0,2.5700000000000003,4.881043161732025,4.86,0.07195683826797517,46.21059999044519,199.20600000477862,61.35414999880595,measured_success,101
new_ppo,response_fraction_0p70,nominal,3000101,695,base,near,separated,3,1,1,0,1,0,2,0,3.1100000000000003,4.940025247667947,4.89,0.012974752332053363,0.47429999540327117,0.06199999916134402,0.2681499972823076,measured_success,101
new_pf,response_fraction_0p70,nominal,3000101,696,acid,medium,separated,2,1,1,0,1,0,7,1,19.38,2.669162978943233,2.76,0.03583702105676689,453.26180001575267,353.1349000040791,115.19952857426168,measured_success,101
new_ppo,response_fraction_0p70,nominal,3000101,696,acid,medium,separated,2,1,1,0,1,0,6,1,19.290000000000003,2.6828323711724833,2.77,0.022167628827516772,3.235700001823716,0.18570000247564167,0.570233334049893,measured_success,101
new_pf,response_fraction_0p70,nominal,3000101,697,base,medium,separated,3,1,0,0,1,0,10,0,10.94,2.8125325531834307,2.8,0.057467446816569456,207.35390001209453,455.3565000023809,66.27104000144755,measured_success,101
new_ppo,response_fraction_0p70,nominal,3000101,697,base,medium,separated,3,1,0,0,1,0,12,0,10.759999999999994,2.797373138348731,2.79,0.07262686165126908,6.897500010381918,0.3257999851484783,0.6019416662941998,measured_success,101
new_pf,response_fraction_0p70,nominal,3000101,698,base,far,separated,2,1,0,0,1,0,49,2,17.420000000000044,5.500584181548788,5.49,0.05241581845121157,872.3058000250603,2166.089899976214,62.008075510230086,measured_success,101
new_ppo,response_fraction_0p70,nominal,3000101,698,base,far,separated,2,1,0,0,1,0,24,7,25.12,5.638957837234727,5.65,0.08595783723472739,5.348200007574633,0.6738000010955147,0.2509166670279228,measured_success,101
new_pf,response_fraction_0p70,nominal,3000101,699,acid,far,separated,3,0,0,0,1,1,5,1,16.58,3.3006400822198136,3.38,0.14235991778018642,421.6098000033526,338.3352999953786,151.98901999974623,measured_success,101
new_ppo,response_fraction_0p70,nominal,3000101,699,acid,far,separated,3,0,0,0,1,1,4,1,16.310000000000002,3.337178131992262,3.52,0.10582186800773785,0.6550999969476834,0.10589998419163749,0.19024999528483022,measured_success,101
new_pf,response_fraction_0p70,nominal,3000101,700,acid,medium,separated,2,1,1,0,1,0,8,0,13.950000000000001,1.8801096033570412,1.94,0.0011096033570412445,174.96380001102807,315.752300004533,61.33951250194514,measured_success,101
new_ppo,response_fraction_0p70,nominal,3000101,700,acid,medium,separated,2,1,1,0,1,0,5,0,13.64,1.8966802254797916,1.94,0.017680225479791645,0.8787000042502768,0.13239999680081382,0.20222000021021813,measured_success,101
new_pf,response_fraction_0p70,nominal,3000101,701,base,near,separated,3,1,1,0,1,0,5,0,4.58,2.64582113398167,2.62,0.015178866018330073,52.625299998908304,239.46299999806797,58.417659999395255,measured_success,101
new_ppo,response_fraction_0p70,nominal,3000101,701,base,near,separated,3,1,1,0,1,0,5,1,4.79,2.6792816879940613,2.64,0.01828168799406127,0.6983999992371537,0.11230001109652221,0.16214000206673518,measured_success,101
new_pf,response_fraction_0p70,nominal,3000101,702,acid,medium,single,1,1,1,0,1,0,15,3,8.299999999999994,3.520257905161384,3.57,0.016742094838615884,984.7590999997919,640.9017999903881,108.37739333267866,measured_success,101
new_ppo,response_fraction_0p70,nominal,3000101,702,acid,medium,single,1,0,0,1,1,1,3,2,5.390000000000001,4.046716502217331,3.56,0.5097165022173309,0.4830999969271943,0.07469999400200322,0.1859333303097325,measured_success,101
new_pf,response_fraction_0p70,nominal,3000101,703,acid,near,single,1,1,1,0,1,0,2,0,1.0,4.266301289556505,4.3,0.03330128955650569,17.111600005591754,107.82650000328431,62.46905000443803,measured_success,101
new_ppo,response_fraction_0p70,nominal,3000101,703,acid,near,single,1,0,0,0,1,1,1,1,2.06,4.100539469387689,4.21,0.13246053061231056,0.2702999991015531,0.03360000118846074,0.30390000029001385,measured_success,101
new_pf,response_fraction_0p70,nominal,3000101,704,base,near,separated,3,1,0,0,1,0,3,0,1.8199999999999998,4.77115355894162,4.75,0.07084644105837956,30.693600005179178,156.93599999940488,62.54320000152802,measured_success,101
new_ppo,response_fraction_0p70,nominal,3000101,704,base,near,separated,3,1,0,0,1,0,2,1,3.1100000000000003,4.938246962613023,4.87,0.09624696261302379,0.47389999963343143,0.057199998991563916,0.2655499993124977,measured_success,101
new_pf,response_fraction_0p70,nominal,3000101,705,acid,medium,separated,2,1,0,0,1,0,4,1,8.8,3.3012687335895228,3.4,0.09873126641047714,208.75359999627108,172.77829999511596,95.38297499784676,measured_success,101
new_ppo,response_fraction_0p70,nominal,3000101,705,acid,medium,separated,2,1,1,0,1,0,5,0,7.94,3.420050765520794,3.47,0.02005076552079421,1.070400008757133,0.15690000145696104,0.24546000204281881,measured_success,101
new_pf,response_fraction_0p70,nominal,3000101,706,base,medium,overlapping,3,0,0,0,1,1,6,2,7.09,3.8667838233158403,4.07,0.26621617668415976,72.07710000511725,444.18079999741167,86.04298333375482,measured_success,101
new_ppo,response_fraction_0p70,nominal,3000101,706,base,medium,overlapping,3,1,1,0,1,0,11,3,15.769999999999996,4.138775259342692,4.19,0.005775259342692074,1.9449000174063258,0.3245999978389591,0.2063181832041168,measured_success,101
new_pf,response_fraction_0p70,nominal,3000101,707,acid,medium,single,1,0,0,0,1,1,4,2,5.12,5.390589626766854,5.15,0.2965896267668535,269.3428999991738,278.5111000048346,136.9635000010021,measured_success,101
new_ppo,response_fraction_0p70,nominal,3000101,707,acid,medium,single,1,0,0,0,1,1,8,4,9.860000000000001,5.487715402920578,5.18,0.39371540292057805,3.5807000094791874,0.22280000848695636,0.475437502245768,measured_success,101
new_pf,response_fraction_0p70,nominal,3000101,708,acid,medium,separated,2,1,0,0,1,0,2,2,3.2700000000000005,6.269919225905973,6.17,0.06991922590597266,137.23990000289632,122.50440000207163,129.87215000248398,measured_success,101
new_ppo,response_fraction_0p70,nominal,3000101,708,acid,medium,separated,2,0,0,0,1,1,2,2,3.1100000000000003,6.316589034194816,6.23,0.11658903419481614,0.38899999344721437,0.052700008382089436,0.2208500009146519,measured_success,101
new_pf,response_fraction_0p70,nominal,3000101,709,acid,near,separated,3,0,0,0,0,0,50,1,4.24999999999999,3.7679593047713746,3.77,0.2330406952286257,591.9680999868433,1942.3762999940664,50.68688799961819,max_steps,101
new_ppo,response_fraction_0p70,nominal,3000101,709,acid,near,separated,3,1,1,0,1,0,5,2,4.44,4.028928496905378,3.99,0.027928496905377465,0.788199991802685,0.12239999341545627,0.18211999704362825,measured_success,101
new_pf,response_fraction_0p70,nominal,3000101,710,acid,near,single,1,0,0,0,1,1,1,1,1.62,2.7329453319681516,2.96,0.2960546680318483,137.0840000017779,61.58090000099037,198.66490000276826,measured_success,101
new_ppo,response_fraction_0p70,nominal,3000101,710,acid,near,single,1,1,0,0,1,0,2,2,3.1100000000000003,3.1014618093665653,3.01,0.07246180936656543,0.6709000081173144,0.06090000533731654,0.3659000067273155,measured_success,101
new_pf,response_fraction_0p70,nominal,3000101,711,acid,medium,separated,3,1,0,0,1,0,18,1,8.569999999999999,3.803569510237044,3.79,0.07143048976295585,417.58929999923566,697.8652999969199,61.96969999978642,measured_success,101
new_ppo,response_fraction_0p70,nominal,3000101,711,acid,medium,separated,3,1,0,0,1,0,4,2,8.22,3.9461232361399396,3.88,0.07112323613993965,0.7678999972995371,2.139800002623815,0.726924999980838,measured_success,101
new_pf,response_fraction_0p70,nominal,3000101,712,base,near,separated,2,1,1,0,1,0,11,3,5.040000000000003,7.654392154041897,7.6,0.026392154041896987,1291.6575999988709,564.740099995106,168.7634272721797,measured_success,101
new_ppo,response_fraction_0p70,nominal,3000101,712,base,near,separated,2,0,0,1,1,1,3,2,3.87,7.125052496700386,7.54,0.5029475032996142,0.5261000042082742,0.07220000406960025,0.1994333360926248,measured_success,101
new_pf,response_fraction_0p70,nominal,3000101,713,acid,medium,overlapping,2,1,0,0,1,0,11,1,12.650000000000002,3.1641025669493663,3.15,0.060897433050633776,1292.6938000091468,460.9304000114207,159.4203818200516,measured_success,101
new_ppo,response_fraction_0p70,nominal,3000101,713,acid,medium,overlapping,2,0,0,0,1,1,3,1,12.16,2.7377666455500096,3.13,0.4872333544499905,0.4383000050438568,0.06759999814676121,0.16863333439687267,measured_success,101
new_pf,response_fraction_0p70,nominal,3000101,714,base,medium,single,1,0,0,0,1,1,21,2,5.810000000000005,4.538627743986522,4.82,0.20837225601347775,2559.0169000060996,1004.1468999988865,169.6744666669041,measured_success,101
new_ppo,response_fraction_0p70,nominal,3000101,714,base,medium,single,1,1,1,0,1,0,14,4,10.56,4.716311534895853,4.83,0.0306884651041468,8.093499985989183,0.3837999902316369,0.6055214268729158,measured_success,101
new_pf,response_fraction_0p70,nominal,3000101,715,acid,near,single,1,1,1,0,1,0,13,1,5.5699999999999985,4.399028513903557,4.37,0.01797148609644239,253.01039997430053,560.8313000120688,62.60320769125918,measured_success,101
new_ppo,response_fraction_0p70,nominal,3000101,715,acid,near,single,1,1,1,0,1,0,3,2,3.72,4.421794529606364,4.35,0.004794529606364506,0.7076999972923659,0.10269999620504677,0.27013333116580424,measured_success,101
new_pf,response_fraction_0p70,nominal,3000101,716,base,near,separated,2,1,1,0,1,0,3,1,2.65,2.4184557463204035,2.37,0.01145574632040347,23.722400001133792,124.93470000481466,49.55236666864948,measured_success,101
new_ppo,response_fraction_0p70,nominal,3000101,716,base,near,separated,2,1,1,0,1,0,2,1,2.7199999999999998,2.434421950611817,2.33,0.02742195061181718,0.34950000554090366,0.049800008127931505,0.19965000683441758,measured_success,101
new_pf,response_fraction_0p70,nominal,3000101,717,base,medium,separated,2,1,0,0,1,0,2,1,3.12,3.284272355902134,3.13,0.0702723559021341,11.82179999887012,92.58410000620643,52.20295000253827,measured_success,101
new_ppo,response_fraction_0p70,nominal,3000101,717,base,medium,separated,2,1,1,0,1,0,3,1,4.6,3.2449474617063414,3.27,0.03094746170634144,0.537599997187499,0.07320000440813601,0.20360000053187832,measured_success,101
new_pf,response_fraction_0p70,nominal,3000101,718,base,medium,single,1,1,0,0,1,0,48,2,10.92000000000001,5.980393039267135,5.97,0.06160696073286509,3343.735500042385,2071.348699973896,112.81425416700586,measured_success,101
new_ppo,response_fraction_0p70,nominal,3000101,718,base,medium,single,1,1,0,0,1,0,17,4,11.02,5.980396900778709,6.1,0.06160309922129059,4.457699993508868,0.4208000027574599,0.28697058801566633,measured_success,101
new_pf,response_fraction_0p70,nominal,3000101,719,base,medium,separated,3,1,1,0,1,0,7,0,17.33,3.5216634710046426,3.5,0.039336528995357334,309.71039999712957,352.67459999158746,94.62642856981672,measured_success,101
new_ppo,response_fraction_0p70,nominal,3000101,719,base,medium,separated,3,1,1,0,1,0,6,1,17.950000000000003,3.5900269691262867,3.53,0.029026969126286772,0.891200004843995,0.14319999900180846,0.17240000064096725,measured_success,101
new_pf,response_fraction_0p70,nominal,3000101,720,acid,near,overlapping,3,1,1,0,1,0,2,2,1.54,2.574426058622162,2.54,0.02342605862216196,206.41769999929238,141.71549999446142,174.0665999968769,measured_success,101
new_ppo,response_fraction_0p70,nominal,3000101,720,acid,near,overlapping,3,0,0,0,1,1,3,2,3.91,2.7682701137502352,2.63,0.21727011375023508,0.75970000034431,0.09750000026542693,0.285733333536579,measured_success,101
new_pf,response_fraction_0p70,nominal,3000101,721,acid,medium,single,1,1,1,0,1,0,22,2,6.080000000000003,4.84163866437998,4.88,0.006638664379980064,1041.500699982862,955.2330999867991,90.76062727134823,measured_success,101
new_ppo,response_fraction_0p70,nominal,3000101,721,acid,medium,single,1,1,0,0,1,0,31,15,44.63000000000002,4.763506292043388,4.9,0.07149370795661181,6.823999996413477,0.8078999817371368,0.24619032187582623,measured_success,101
new_pf,response_fraction_0p70,nominal,3000101,722,acid,medium,overlapping,2,1,0,0,1,0,10,0,19.71,4.002501795973615,4.02,0.061501795973614826,205.37220000551315,448.03940001293086,65.3411600018444,measured_success,101
new_ppo,response_fraction_0p70,nominal,3000101,722,acid,medium,overlapping,2,1,0,0,1,0,11,0,19.52,4.024712941249446,4.04,0.08371294124944573,3.966999996919185,0.30369999149115756,0.3882454534918493,measured_success,101
new_pf,response_fraction_0p70,nominal,3000101,723,acid,medium,single,1,0,0,0,1,1,4,2,4.239999999999999,6.955350541074816,6.78,0.21635054107481633,141.19839999329997,270.1567999974941,102.83879999769852,measured_success,101
new_ppo,response_fraction_0p70,nominal,3000101,723,acid,medium,single,1,1,1,0,1,0,3,2,3.5400000000000005,6.76124028360452,6.7,0.02224028360452035,4.441899996891152,0.087800006440375,1.509900001110509,measured_success,101
new_pf,response_fraction_0p70,nominal,3000101,724,acid,medium,overlapping,2,0,0,0,1,1,2,1,6.9799999999999995,3.2507751326342333,3.51,0.2062248673657665,270.4795000026934,174.85330000636168,222.66640000452753,measured_success,101
new_ppo,response_fraction_0p70,nominal,3000101,724,acid,medium,overlapping,2,1,1,0,1,0,4,2,10.020000000000001,3.497424797934321,3.39,0.04042479793432108,0.9764999995240942,0.13749999197898433,0.2784999978757696,measured_success,101
new_pf,response_fraction_0p70,nominal,3000101,725,base,near,single,1,0,0,0,1,1,3,2,1.8,8.731651721577997,9.01,0.3373482784220041,132.78029999491991,210.1288000048953,114.30303333327174,measured_success,101
new_ppo,response_fraction_0p70,nominal,3000101,725,base,near,single,1,1,0,0,1,0,26,0,0.26000000000000006,8.97253533032109,8.97,0.09646466967891065,10.223000012047123,0.7016999952611513,0.42018076951185673,measured_success,101
new_pf,response_fraction_0p70,nominal,3000101,726,base,medium,separated,2,1,0,0,1,0,13,1,7.479999999999999,4.824128696168293,4.84,0.06412869616829298,1488.552000002528,602.2225999913644,160.82881538414557,measured_success,101
new_ppo,response_fraction_0p70,nominal,3000101,726,base,medium,separated,2,1,0,0,1,0,7,2,10.75,4.690451133491603,4.74,0.06954886650839676,1.3807999930577353,1.8412999997963198,0.4602999989791507,measured_success,101
new_pf,response_fraction_0p70,nominal,3000101,727,acid,near,separated,2,0,0,0,1,1,2,1,5.16,1.9485293108012063,2.04,0.12447068919879367,245.3971999930218,135.60549999965588,190.50134999633883,measured_success,101
new_ppo,response_fraction_0p70,nominal,3000101,727,acid,near,separated,2,1,1,0,1,0,2,1,4.16,2.0379385322465744,2.11,0.03506146775342556,0.49720000970410183,0.06240000220714137,0.2798000059556216,measured_success,101
new_pf,response_fraction_0p70,nominal,3000101,728,acid,medium,single,1,1,1,0,1,0,4,2,9.270000000000001,4.06994306688841,4.12,0.007943066888409511,266.77930000732886,264.2455000022892,132.7562000024045,measured_success,101
new_ppo,response_fraction_0p70,nominal,3000101,728,acid,medium,single,1,0,0,0,1,1,3,2,8.78,4.200070884049014,4.05,0.13807088404901346,3.6723000011988916,0.10459998884471133,1.2589666633478676,measured_success,101
new_pf,response_fraction_0p70,nominal,3000101,729,acid,medium,overlapping,3,1,0,0,1,0,7,0,6.51,3.380309626031292,3.39,0.07230962603129232,69.19390000257408,286.0647999914363,50.7512428562872,measured_success,101
new_ppo,response_fraction_0p70,nominal,3000101,729,acid,medium,overlapping,3,1,1,0,1,0,4,0,6.8999999999999995,3.3535434932033157,3.39,0.045543493203315855,3.485799999907613,0.12710000009974465,0.9032250000018394,measured_success,101
new_pf,response_fraction_0p70,nominal,3000101,730,acid,near,single,1,1,0,0,1,0,2,1,2.02,6.399665858790719,6.49,0.06833414120928083,13.349200002267025,99.84160000749398,56.5954000048805,measured_success,101
new_ppo,response_fraction_0p70,nominal,3000101,730,acid,near,single,1,1,1,0,1,0,5,1,4.28,6.42476485410833,6.39,0.043235145891669546,2.3846999974921346,0.13949999993201345,0.5048399994848296,measured_success,101
new_pf,response_fraction_0p70,nominal,3000101,731,acid,medium,single,1,1,1,0,1,0,16,2,6.959999999999996,6.671217275292305,6.73,0.005217275292304535,398.1737000067369,738.9305000033346,71.06901250062947,measured_success,101
new_ppo,response_fraction_0p70,nominal,3000101,731,acid,medium,single,1,0,0,0,1,1,1,1,2.06,6.1918060421623125,6.6,0.4741939578376879,0.2199000009568408,0.02149999636458233,0.24139999732142314,measured_success,101
new_pf,response_fraction_0p70,nominal,3000101,732,acid,near,single,1,1,0,0,1,0,1,1,2.55,2.242892791770423,2.38,0.05010720822957726,94.10029999708058,88.91700000094716,183.01729999802774,measured_success,101
new_ppo,response_fraction_0p70,nominal,3000101,732,acid,near,single,1,0,0,0,1,1,2,1,3.1100000000000003,2.1602651429267405,2.24,0.1327348570732596,0.38079999649198726,0.049899994337465614,0.21534999541472644,measured_success,101
new_pf,response_fraction_0p70,nominal,3000101,733,acid,medium,single,1,1,0,0,1,0,14,1,8.839999999999996,6.513967441483501,6.5,0.08203255851649871,144.60849999886705,627.4925999896368,55.15007857060742,measured_success,101
new_ppo,response_fraction_0p70,nominal,3000101,733,acid,medium,single,1,0,0,0,1,1,3,1,8.290000000000001,6.366349182357789,6.6,0.22965081764221118,2.893199991376605,0.08659999002702534,0.9932666604678767,measured_success,101
new_pf,response_fraction_0p70,nominal,3000101,734,acid,near,separated,2,1,0,0,1,0,2,1,3.9800000000000004,4.828482722304242,4.96,0.07551727769575756,170.0261000005412,100.71939999761526,135.37274999907822,measured_success,101
new_ppo,response_fraction_0p70,nominal,3000101,734,acid,near,separated,2,1,1,0,1,0,3,1,3.72,4.86270518731661,4.91,0.04129481268338964,0.5253999988781288,0.0720999960321933,0.19916666497010738,measured_success,101
new_pf,response_fraction_0p70,nominal,3000101,735,base,medium,separated,2,1,1,0,1,0,6,0,5.909999999999999,3.6726738537020704,3.65,0.046326146297929416,59.24960000265855,283.86549999413546,57.18584999946567,measured_success,101
new_ppo,response_fraction_0p70,nominal,3000101,735,base,medium,separated,2,1,1,0,1,0,4,1,6.43,3.736989407641646,3.69,0.01798940764164625,1.0374999910709448,0.13779999426333234,0.2938249963335693,measured_success,101
new_pf,response_fraction_0p70,nominal,3000101,736,base,far,separated,3,0,0,0,1,1,29,4,10.63999999999999,8.853166959656903,9.09,0.21883304034309603,3582.3207999856095,1232.9534999953466,166.04394137865367,measured_success,101
new_ppo,response_fraction_0p70,nominal,3000101,736,base,far,separated,3,1,1,0,1,0,11,5,10.949999999999998,9.110541286558373,9.01,0.038541286558373855,1.6819999946164899,0.2956000025733374,0.17978181792634793,measured_success,101
new_pf,response_fraction_0p70,nominal,3000101,737,base,medium,overlapping,3,0,0,0,0,0,50,2,9.909999999999963,5.626056934337974,5.61,0.4429430656620257,718.8329000127851,2143.941200025438,57.25548200076446,max_steps,101
new_ppo,response_fraction_0p70,nominal,3000101,737,base,medium,overlapping,3,0,0,1,0,0,50,18,48.599999999999994,5.199255596424946,5.31,0.8697444035750541,14.544300000125077,1.3987000347697176,0.3188600006978959,max_steps,101
new_pf,response_fraction_0p70,nominal,3000101,738,base,medium,single,1,0,0,0,1,1,10,3,8.86,9.28780342229139,9.14,0.20880342229138904,220.9822999939206,475.2504999996745,69.62327999935951,measured_success,101
new_ppo,response_fraction_0p70,nominal,3000101,738,base,medium,single,1,0,0,0,0,0,50,48,20.459999999999983,8.755777443205176,8.91,0.3232225567948248,16.929100042034406,1.415499995346181,0.36689200074761175,max_steps,101
new_pf,response_fraction_0p70,nominal,3000101,739,base,near,single,1,1,1,0,1,0,3,2,4.13,7.53395047977706,7.61,0.01804952022293982,176.5423999968334,247.67900000006193,141.40713333229846,measured_success,101
new_ppo,response_fraction_0p70,nominal,3000101,739,base,near,single,1,0,0,0,1,1,1,1,2.06,7.769572498028415,7.61,0.2175724980284155,0.23389999842038378,0.033700001949910074,0.26760000037029386,measured_success,101
new_pf,response_fraction_0p70,nominal,3000101,740,base,medium,single,1,1,1,0,1,0,5,2,5.289999999999999,6.579658723374651,6.66,0.010341276625348783,263.67949999985285,311.04290000803303,114.94448000157718,measured_success,101
new_ppo,response_fraction_0p70,nominal,3000101,740,base,medium,single,1,1,1,0,1,0,5,2,4.33,6.587927091784817,6.63,0.0020729082151831335,0.8528999896952882,0.1353999978164211,0.19765999750234187,measured_success,101
new_pf,response_fraction_0p70,nominal,3000101,741,acid,far,overlapping,2,1,1,0,1,0,5,0,15.829999999999997,1.6114911825182747,1.64,0.0014911825182746252,583.2622000016272,320.2021999968565,180.69287999969674,measured_success,101
new_ppo,response_fraction_0p70,nominal,3000101,741,acid,far,overlapping,2,1,1,0,1,0,4,1,16.900000000000002,1.5652556396166983,1.67,0.04474436038330176,0.822600006358698,0.11719999747583643,0.2349500009586336,measured_success,101
new_pf,response_fraction_0p70,nominal,3000101,742,base,far,separated,2,0,0,1,0,0,50,1,11.880000000000033,11.918332652849735,11.92,1.8723326528497353,3413.4053000161657,1897.109499994258,106.21029600020847,max_steps,101
new_ppo,response_fraction_0p70,nominal,3000101,742,base,far,separated,2,0,0,1,1,1,10,3,13.209999999999996,10.903410570006432,10.02,0.857410570006433,5.925000012211967,0.3116999941994436,0.6236700006411411,measured_success,101
new_pf,response_fraction_0p70,nominal,3000101,743,acid,near,separated,2,0,0,0,1,1,1,1,2.23,3.9426580916961367,4.04,0.10134190830386292,173.52260000188835,107.06919999938691,280.59180000127526,measured_success,101
new_ppo,response_fraction_0p70,nominal,3000101,743,acid,near,separated,2,1,0,0,1,0,1,1,2.06,3.9685577637495326,4.06,0.07544223625046698,0.25349999486934394,0.030199997127056122,0.28369999199640006,measured_success,101
new_pf,response_fraction_0p70,nominal,3000101,744,acid,medium,separated,2,0,0,0,1,1,1,1,2.44,1.9403936764679632,2.23,0.20260632353203656,146.78189999540336,155.38479999668198,302.16669999208534,measured_success,101
new_ppo,response_fraction_0p70,nominal,3000101,744,acid,medium,separated,2,0,0,0,1,1,1,1,3.19,1.8029184739504989,2.13,0.3400815260495009,0.22249999892665073,0.021699997887481004,0.24419999681413174,measured_success,101
new_pf,response_fraction_0p70,nominal,3000101,745,acid,medium,separated,2,0,0,0,1,1,3,1,7.36,4.738228605510926,4.82,0.1227713944890736,186.37370000215014,221.33329999633133,135.90233333282717,measured_success,101
new_ppo,response_fraction_0p70,nominal,3000101,745,acid,medium,separated,2,0,0,0,1,1,2,1,8.17,4.582705594431934,4.91,0.27829440556806606,0.4766000056406483,0.05370000144466758,0.26515000354265794,measured_success,101
new_pf,response_fraction_0p70,nominal,3000101,746,acid,medium,single,1,0,0,1,1,1,2,2,6.3999999999999995,6.2103848127208785,5.4,0.7963848127208788,137.6635000051465,220.43359999952372,179.0485500023351,measured_success,101
new_ppo,response_fraction_0p70,nominal,3000101,746,acid,medium,single,1,0,0,1,1,1,2,2,6.8500000000000005,6.320201927386213,5.47,0.9062019273862134,0.5230999959167093,0.07300001016119495,0.2980500030389521,measured_success,101
new_pf,response_fraction_0p70,nominal,3000101,747,acid,far,single,1,1,0,0,1,0,32,4,13.619999999999996,5.6827514372745345,5.59,0.05775143727453447,3160.61480002827,1337.2942000059993,140.55965625107092,measured_success,101
new_ppo,response_fraction_0p70,nominal,3000101,747,acid,far,single,1,0,0,1,1,1,33,12,36.370000000000005,6.643061225184708,5.59,1.0180612251847077,7.589800043206196,0.9771999830263667,0.25960606140098674,measured_success,101
new_pf,response_fraction_0p70,nominal,3000101,748,base,near,overlapping,2,1,0,0,1,0,5,0,5.490000000000001,2.299064311577375,2.28,0.05293568842262486,533.5092000022996,255.03079999180045,157.70799999882001,measured_success,101
new_ppo,response_fraction_0p70,nominal,3000101,748,base,near,overlapping,2,1,0,0,1,0,6,0,5.169999999999999,2.275688024640182,2.26,0.07631197535981782,0.8661999891046435,0.1357000001007691,0.16698333153423542,measured_success,101
new_pf,response_fraction_0p70,nominal,3000101,749,acid,near,single,1,1,1,0,1,0,22,2,2.7499999999999964,6.500949673360308,6.46,0.008949673360308275,2722.9333999785013,958.9950000154204,167.36038181790553,measured_success,101
new_ppo,response_fraction_0p70,nominal,3000101,749,acid,near,single,1,0,0,1,1,1,4,2,4.21,7.025338183001889,6.51,0.5333381830018888,0.8852999890223145,0.11030000314349309,0.2488999980414519,measured_success,101
new_pf,response_fraction_0p70,nominal,3000101,750,base,medium,separated,2,0,0,0,1,1,2,1,6.31,4.349879866619089,3.95,0.3718798666190888,23.792599997250363,182.7322999961325,103.26244999669143,measured_success,101
new_ppo,response_fraction_0p70,nominal,3000101,750,base,medium,separated,2,0,0,1,1,1,4,2,11.51,3.2285881235702156,3.92,0.7494118764297846,2.8770999997504987,0.1269999993382953,0.7510249997721985,measured_success,101
new_pf,response_fraction_0p70,nominal,3000101,751,base,far,separated,2,0,0,1,0,0,50,2,16.74000000000002,5.715878457166951,5.71,0.5081215428330488,1357.297099995776,1975.1333000094746,66.64860800010501,max_steps,101
new_ppo,response_fraction_0p70,nominal,3000101,751,base,far,separated,2,0,0,1,1,1,5,2,15.109999999999998,5.655802857295567,6.23,0.5681971427044328,1.042299991240725,0.15039999561849982,0.23853999737184495,measured_success,101
new_pf,response_fraction_0p70,nominal,3000101,752,acid,medium,single,1,1,0,0,1,0,5,1,10.28,2.028120083095069,2.08,0.056879916904930994,368.0597000056878,274.7112999932142,128.5541999997804,measured_success,101
new_ppo,response_fraction_0p70,nominal,3000101,752,acid,medium,single,1,1,1,0,1,0,4,1,9.83,2.0661280379300866,2.12,0.018871962069913373,0.760300004913006,0.14620001456933096,0.22662500487058423,measured_success,101
new_pf,response_fraction_0p70,nominal,3000101,753,acid,near,overlapping,2,1,1,0,1,0,2,1,2.7300000000000004,3.969609325501711,4.04,0.029390674498289027,135.61939999635797,103.2964000114589,119.45790000390843,measured_success,101
new_ppo,response_fraction_0p70,nominal,3000101,753,acid,near,overlapping,2,0,0,0,1,1,2,1,3.1100000000000003,3.846362586942716,3.96,0.1526374130572843,0.4534999970928766,0.053099996875971556,0.25329999698442407,measured_success,101
new_pf,response_fraction_0p70,nominal,3000101,754,base,near,single,1,1,0,0,1,0,3,1,2.3100000000000005,4.099551112277835,4.11,0.05155111227783493,141.0848000086844,168.39500000787666,103.15993333885369,measured_success,101
new_ppo,response_fraction_0p70,nominal,3000101,754,base,near,single,1,0,0,0,1,1,1,1,2.06,4.328945259042648,4.07,0.2809452590426478,0.2672000046004541,0.0377000033040531,0.3049000079045072,measured_success,101
new_pf,response_fraction_0p70,nominal,3000101,755,base,medium,single,1,0,0,1,1,1,1,1,3.93,11.1359693818235,10.45,0.6829693818235008,124.8799999957555,117.35179999959655,242.23179999535205,measured_success,101
new_ppo,response_fraction_0p70,nominal,3000101,755,base,medium,single,1,1,0,0,1,0,39,0,3.6499999999999986,10.38722022921009,10.38,0.06577977078990926,16.449499991722405,1.0810000021592714,0.4494999998431199,measured_success,101
new_pf,response_fraction_0p70,nominal,3000101,756,acid,far,separated,2,0,0,0,0,0,50,1,8.15999999999999,3.1022617801982113,3.1,0.34273821980178854,508.0685999710113,1791.351100015163,45.988393999723485,max_steps,101
new_ppo,response_fraction_0p70,nominal,3000101,756,acid,far,separated,2,1,1,0,1,0,9,2,11.159999999999997,3.484490300849167,3.44,0.03949030084916716,5.841599995619617,2.2238000165089034,0.896155556903169,measured_success,101
new_pf,response_fraction_0p70,nominal,3000101,757,base,far,separated,2,0,0,0,1,1,31,2,8.609999999999987,5.328461090769004,5.52,0.24153890923099652,3563.592000020435,1328.7545000130194,157.81762903333725,measured_success,101
new_ppo,response_fraction_0p70,nominal,3000101,757,base,far,separated,2,0,0,1,0,0,43,15,50.0,11.514778315627016,10.91,5.9447783156270155,7.249100010085385,1.1737000095308758,0.195879070223634,dose_limit,101
new_pf,response_fraction_0p70,nominal,3000101,758,base,medium,single,1,0,0,0,1,1,16,2,13.149999999999995,6.018545643610869,6.53,0.42445435638913054,1977.0646000106353,797.0178000250598,173.38015000223095,measured_success,101
new_ppo,response_fraction_0p70,nominal,3000101,758,base,medium,single,1,0,0,0,0,0,50,18,42.69999999999999,5.944255895991555,7.32,0.4987441040084448,10.711400005675387,1.3821000175084919,0.24187000046367757,max_steps,101
new_pf,response_fraction_0p70,nominal,3000101,759,base,medium,single,1,0,0,0,1,1,26,2,13.610000000000008,9.064602827660895,9.56,0.49139717233910396,3112.352000003739,1079.1268999964814,161.2107269230854,measured_success,101
new_ppo,response_fraction_0p70,nominal,3000101,759,base,medium,single,1,0,0,0,1,1,13,4,12.589999999999998,9.435425398758703,9.51,0.12057460124129626,2.3304999922402203,0.37549998523900285,0.20815384442147872,measured_success,101
new_pf,response_fraction_0p70,nominal,3000101,760,acid,medium,single,1,1,1,0,1,0,5,0,8.459999999999999,6.970414291754151,7.01,0.027414291754151776,188.95920000068145,283.5390999898664,94.49965999810956,measured_success,101
new_ppo,response_fraction_0p70,nominal,3000101,760,acid,medium,single,1,1,0,0,1,0,26,0,8.21,7.010768626769222,7.04,0.06776862676922235,4.587700001138728,0.7523999956902117,0.2053884614164977,measured_success,101
new_pf,response_fraction_0p70,nominal,3000101,761,base,medium,separated,2,0,0,1,1,1,24,2,11.43000000000001,7.8604503166601205,8.66,0.7085496833398803,978.6573000310455,1150.0903999985894,88.69782083456812,measured_success,101
new_ppo,response_fraction_0p70,nominal,3000101,761,base,medium,separated,2,0,0,1,1,1,9,4,12.129999999999999,7.9697806796801665,8.55,0.5992193203198344,5.147200005012564,0.24729999131523073,0.5993888884808661,measured_success,101
new_pf,response_fraction_0p70,nominal,3000101,762,acid,medium,separated,3,1,1,0,1,0,4,1,6.6,7.243495762894849,7.31,0.0015042371051512404,305.6433000092511,204.49299999745563,127.53407500167668,measured_success,101
new_ppo,response_fraction_0p70,nominal,3000101,762,acid,medium,separated,3,1,0,0,1,0,11,0,6.0200000000000005,7.314153532236771,7.33,0.06915353223677112,4.0459000010741875,0.32220000139204785,0.3971000002242032,measured_success,101
new_pf,response_fraction_0p70,nominal,3000101,763,base,far,separated,2,1,1,0,1,0,46,5,14.929999999999989,7.164990286882812,7.09,0.008990286882812448,3277.261399969575,2055.2767000262975,115.92474130425809,measured_success,101
new_ppo,response_fraction_0p70,nominal,3000101,763,base,far,separated,2,0,0,1,1,1,33,12,26.290000000000003,5.9605723412441876,7.12,1.1954276587558121,5.103600014990661,0.8494999638060108,0.1803969690544446,measured_success,101
new_pf,response_fraction_0p70,nominal,3000101,764,base,medium,separated,3,1,0,0,1,0,3,1,6.15,3.0646876843848547,2.97,0.06468768438485473,291.5652000083355,154.9719000031473,148.8457000038276,measured_success,101
new_ppo,response_fraction_0p70,nominal,3000101,764,base,medium,separated,3,0,0,0,1,1,4,1,6.43,3.124445074925375,3.06,0.12444507492537493,0.804000002972316,0.11029999586753547,0.22857499970996287,measured_success,101
new_pf,response_fraction_0p70,nominal,3000101,765,base,medium,separated,2,1,0,0,1,0,46,2,15.679999999999966,6.760330356538718,6.75,0.08166964346128136,773.5684000217589,1900.8744999955525,58.140063043854596,measured_success,101
new_ppo,response_fraction_0p70,nominal,3000101,765,base,medium,separated,2,0,0,0,1,1,5,2,13.809999999999999,6.387246228731183,6.93,0.454753771268817,3.610599997045938,0.17359999765176326,0.7568399989395402,measured_success,101
new_pf,response_fraction_0p70,nominal,3000101,766,base,medium,single,1,0,0,0,1,1,7,1,18.060000000000002,9.936315264696667,9.81,0.15231526469666612,58.01519999658922,379.8503000070923,62.552214286240215,measured_success,101
new_ppo,response_fraction_0p70,nominal,3000101,766,base,medium,single,1,1,0,0,1,0,10,2,19.809999999999995,9.721787238581058,9.78,0.06221276141894272,3.5176000019419007,0.29549999453593045,0.3813099996477831,measured_success,101
new_pf,response_fraction_0p70,nominal,3000101,767,acid,far,separated,3,1,1,0,1,0,6,0,18.03,3.668081357382585,3.73,0.02808135738258466,57.39109999558423,349.99599999719067,67.89784999879582,measured_success,101
new_ppo,response_fraction_0p70,nominal,3000101,767,acid,far,separated,3,0,0,0,1,1,5,1,19.69,3.4815297041283975,3.6,0.15847029587160266,1.033000007737428,0.1534000039100647,0.23728000232949853,measured_success,101
new_pf,response_fraction_0p70,nominal,3000101,768,acid,medium,single,1,0,0,0,1,1,1,1,2.71,2.0835546446884763,2.46,0.3914453553115238,121.87220000487287,127.2501999992528,249.12240000412567,measured_success,101
new_ppo,response_fraction_0p70,nominal,3000101,768,acid,medium,single,1,0,0,1,1,1,1,1,3.19,1.9739767377037634,2.38,0.5010232622962367,0.2733999936026521,0.0335000004270114,0.3068999940296635,measured_success,101
new_pf,response_fraction_0p70,nominal,3000101,769,acid,near,single,1,0,0,0,1,1,1,1,1.44,3.78323999537247,3.94,0.19276000462753018,108.85680000501452,66.34019999910379,175.1970000041183,measured_success,101
new_ppo,response_fraction_0p70,nominal,3000101,769,acid,near,single,1,1,1,0,1,0,2,1,3.1100000000000003,3.964516469065897,3.89,0.011483530934103037,0.42949999624397606,0.050499998906161636,0.23999999757506885,measured_success,101
new_pf,response_fraction_0p70,nominal,3000101,770,base,medium,separated,3,1,0,0,1,0,10,0,15.290000000000003,5.248786187054986,5.23,0.07521381294501417,81.31869998760521,365.95719999604626,44.72758999836515,measured_success,101
new_ppo,response_fraction_0p70,nominal,3000101,770,base,medium,separated,3,1,1,0,1,0,7,0,15.59,5.279897994403676,5.26,0.044102005596323934,0.8639999869046733,0.1523999890196137,0.14519999656061242,measured_success,101
new_pf,response_fraction_0p70,nominal,3000101,771,base,near,separated,2,1,1,0,1,0,3,0,2.58,4.327759110219516,4.29,0.016240889780484657,21.99780000228202,113.97729999589501,45.325033332725674,measured_success,101
new_ppo,response_fraction_0p70,nominal,3000101,771,base,near,separated,2,1,0,0,1,0,2,1,3.1100000000000003,4.420306385613346,4.33,0.07630638561334546,0.392699999792967,0.04919999628327787,0.22094999803812243,measured_success,101
new_pf,response_fraction_0p70,nominal,3000101,772,acid,medium,single,1,1,0,0,1,0,12,3,5.819999999999999,4.445600885749398,4.43,0.08239911425060154,460.401099997398,554.038500005845,84.53663333360358,measured_success,101
new_ppo,response_fraction_0p70,nominal,3000101,772,acid,medium,single,1,0,0,0,1,1,12,7,10.03,4.38775463392186,4.48,0.14024536607813953,1.9790000005741604,0.30160000460455194,0.19005000043155937,measured_success,101
new_pf,response_fraction_0p70,nominal,3000101,773,acid,medium,separated,2,1,0,0,1,0,14,1,8.34,4.676974851946163,4.66,0.06902514805383753,877.6827999899979,573.3136999988346,103.64260714205946,measured_success,101
new_ppo,response_fraction_0p70,nominal,3000101,773,acid,medium,separated,2,1,0,0,1,0,4,2,7.960000000000001,4.7967945022128475,4.73,0.05079450221284709,1.6524000020581298,0.11010000162059441,0.44062500091968104,measured_success,101
new_pf,response_fraction_0p70,nominal,3000101,774,acid,near,single,1,0,0,0,1,1,1,1,1.59,6.941734191265375,7.19,0.21726580873462442,7.225199995446019,75.54569999774685,82.77089999319287,measured_success,101
new_ppo,response_fraction_0p70,nominal,3000101,774,acid,near,single,1,0,0,0,1,1,1,1,2.06,6.781367701756041,7.08,0.3776322982439586,0.2206999997724779,0.03409999771974981,0.2547999974922277,measured_success,101
new_pf,response_fraction_0p70,nominal,3000101,775,base,medium,separated,3,0,0,0,1,1,7,1,18.21,7.24101844167757,7.1,0.1920184416775692,255.47679999726824,359.66840000037337,87.8778857139488,measured_success,101
new_ppo,response_fraction_0p70,nominal,3000101,775,base,medium,separated,3,1,1,0,1,0,5,0,16.94,7.02846920245015,6.95,0.0205307975498501,5.107699995278381,0.15999999595806003,1.0535399982472882,measured_success,101
new_pf,response_fraction_0p70,nominal,3000101,776,base,medium,separated,3,1,0,0,1,0,5,2,5.800000000000001,8.361042887593083,8.43,0.0869571124069175,50.42590000084601,276.7507000025944,65.43532000068808,measured_success,101
new_ppo,response_fraction_0p70,nominal,3000101,776,base,medium,separated,3,0,0,0,1,1,7,2,7.159999999999999,8.276299066349676,8.36,0.17170093365032457,1.0139000005437993,0.1762000101734884,0.1700142872453268,measured_success,101
new_pf,response_fraction_0p70,nominal,3000101,777,base,medium,separated,2,1,0,0,1,0,5,2,11.879999999999999,4.636024919080876,4.73,0.08397508091912353,323.2602000061888,314.680599993153,127.58815999986837,measured_success,101
new_ppo,response_fraction_0p70,nominal,3000101,777,base,medium,separated,2,1,0,0,1,0,6,2,12.08,4.667927357469097,4.76,0.052072642530903046,2.918600002885796,1.7039000158547424,0.7704166697900897,measured_success,101
new_pf,response_fraction_0p70,nominal,3000101,778,acid,far,single,1,1,1,0,1,0,16,2,16.550000000000004,6.778469711641854,6.85,0.007469711641854282,475.03459999279585,778.7194000120508,78.35962500030291,measured_success,101
new_ppo,response_fraction_0p70,nominal,3000101,778,acid,far,single,1,0,0,1,0,0,50,0,2.8199999999999954,8.769735310058095,8.77,1.9987353100580956,19.83040002960479,3.53799996082671,0.46736799980863,max_steps,101
new_pf,response_fraction_0p70,nominal,3000101,779,base,near,separated,2,0,0,0,1,1,2,2,1.6600000000000001,6.174092478325276,6.3,0.1329075216747242,23.45200000127079,148.8251999981003,86.13859999968554,measured_success,101
new_ppo,response_fraction_0p70,nominal,3000101,779,base,near,separated,2,0,0,1,1,1,3,2,4.43,5.773538801719795,6.28,0.5334611982802056,3.7321999989217147,0.08940000407164916,1.2738666676644546,measured_success,101
new_pf,response_fraction_0p70,nominal,3000101,780,acid,medium,separated,3,1,1,0,1,0,3,1,6.220000000000001,1.5830051191313168,1.64,0.010994880868683277,233.09629999857862,172.39629999676254,135.16419999844706,measured_success,101
new_ppo,response_fraction_0p70,nominal,3000101,780,acid,medium,separated,3,0,0,0,1,1,3,1,8.1,1.4704698265736038,1.55,0.12353017342639627,0.6414999952539802,0.09090000094147399,0.2441333320651514,measured_success,101
new_pf,response_fraction_0p70,nominal,3000101,781,base,near,single,1,1,1,0,1,0,3,1,2.36,5.039302968201522,4.99,0.011302968201522212,29.119899991201237,175.35090000455966,68.1569333319203,measured_success,101
new_ppo,response_fraction_0p70,nominal,3000101,781,base,near,single,1,1,0,0,1,0,3,1,3.72,5.078375527301477,5.1,0.050375527301476986,0.6894000034662895,0.0920999955269508,0.26049999966441345,measured_success,101
new_pf,response_fraction_0p70,nominal,3000101,782,acid,medium,overlapping,3,1,1,0,1,0,8,1,20.69,2.181552515875614,2.22,0.01644748412438579,324.52680000278633,432.69889999646693,94.65321249990666,measured_success,101
new_ppo,response_fraction_0p70,nominal,3000101,782,acid,medium,overlapping,3,0,0,0,1,1,7,1,21.310000000000002,2.095442221366084,2.19,0.10255777863391602,1.403399983246345,0.21189999824855477,0.23075714021355712,measured_success,101
new_pf,response_fraction_0p70,nominal,3000101,783,acid,far,single,1,0,0,1,1,1,1,1,7.61,1.3781457698403519,3.01,1.642854230159648,143.65039999393048,85.83640000142623,229.4867999953567,measured_success,101
new_ppo,response_fraction_0p70,nominal,3000101,783,acid,far,single,1,0,0,1,1,1,1,1,6.99,1.4006830731779383,3.03,1.6203169268220616,0.27889999910257757,0.03339999966556206,0.31229999876813963,measured_success,101
new_pf,response_fraction_0p70,nominal,3000101,784,base,far,separated,3,0,0,0,1,1,3,1,10.06,4.2505327233720145,4.0,0.24153272337201415,264.5755999983521,268.44460000575054,177.67340000136755,measured_success,101
new_ppo,response_fraction_0p70,nominal,3000101,784,base,far,separated,3,0,0,0,1,1,3,1,9.57,4.140277836638724,3.93,0.1312778366387235,0.6267999997362494,0.08339999476447701,0.23673333150024214,measured_success,101
new_pf,response_fraction_0p70,nominal,3000101,785,acid,medium,single,1,0,0,1,1,1,7,2,7.629999999999999,4.575486741947019,4.09,0.5464867419470192,778.2759999972768,304.6324000097229,154.70120000099996,measured_success,101
new_ppo,response_fraction_0p70,nominal,3000101,785,acid,medium,single,1,0,0,1,1,1,9,6,11.479999999999999,4.590540231161167,3.96,0.5615402311611675,6.154200003948063,0.2671999900485389,0.7134888882218446,measured_success,101
new_pf,response_fraction_0p70,nominal,3000101,786,acid,medium,separated,3,0,0,0,1,1,6,1,10.56,5.0317735477739145,5.15,0.19322645222608514,139.14740000473103,306.89800000254763,74.34090000121311,measured_success,101
new_ppo,response_fraction_0p70,nominal,3000101,786,acid,medium,separated,3,1,0,0,1,0,12,0,8.26,5.305018194376046,5.32,0.08001819437604674,4.049299990583677,0.36669999826699495,0.3679999990708893,measured_success,101
new_pf,response_fraction_0p70,nominal,3000101,787,base,near,separated,3,1,0,0,1,0,1,0,0.55,2.370150382983679,2.33,0.05484961701632063,11.520700005348772,84.50430000084452,96.0250000061933,measured_success,101
new_ppo,response_fraction_0p70,nominal,3000101,787,base,near,separated,3,1,1,0,1,0,2,2,2.7199999999999998,2.4094253059209043,2.45,0.015574694079095508,0.41400000191060826,0.051399998483248055,0.23270000019692816,measured_success,101
new_pf,response_fraction_0p70,nominal,3000101,788,base,medium,separated,2,1,1,0,1,0,3,1,5.25,6.087679018659584,5.99,0.009679018659583427,23.822900002414826,171.0298000034527,64.95090000195584,measured_success,101
new_ppo,response_fraction_0p70,nominal,3000101,788,base,medium,separated,2,0,0,0,1,1,2,1,5.88,6.229382961768881,6.03,0.15138296176888044,2.3108000023057684,0.05029999738326296,1.1805499998445157,measured_success,101
new_pf,response_fraction_0p70,nominal,3000101,789,acid,medium,single,1,1,1,0,1,0,6,1,12.370000000000001,3.806407848505443,3.85,0.01659215149455706,544.4796999872779,304.28419999952894,141.46064999780114,measured_success,101
new_ppo,response_fraction_0p70,nominal,3000101,789,acid,medium,single,1,1,1,0,1,0,5,1,12.500000000000002,3.781621189020539,3.85,0.041378810979460834,1.1210000011487864,0.14020001253811643,0.25224000273738056,measured_success,101
new_pf,response_fraction_0p70,nominal,3000101,790,base,far,separated,3,0,0,1,0,0,50,1,10.389999999999983,12.358813695133424,12.36,0.8258136951334247,1427.681900007883,1899.0138999943156,66.53391600004397,max_steps,101
new_ppo,response_fraction_0p70,nominal,3000101,790,base,far,separated,3,1,0,0,1,0,23,2,15.119999999999992,11.46264436701549,11.52,0.07035563298451031,3.8563000125577673,2.942800012533553,0.29561304456918785,measured_success,101
new_pf,response_fraction_0p70,nominal,3000101,791,base,medium,single,1,1,1,0,1,0,4,0,9.97,7.067090706401437,6.98,0.003909293598562513,175.72230000951095,198.79570000921376,93.62950000468118,measured_success,101
new_ppo,response_fraction_0p70,nominal,3000101,791,base,medium,single,1,0,0,0,1,1,3,1,10.54,7.251355745286228,7.04,0.1803557452862279,0.6595000013476238,0.0973999995039776,0.2523000002838671,measured_success,101
new_pf,response_fraction_0p70,nominal,3000101,792,acid,near,separated,3,1,0,0,1,0,5,0,2.22,4.5960093818552235,4.61,0.07500938185522354,52.385299997695256,240.53119999734918,58.58329999900889,measured_success,101
new_ppo,response_fraction_0p70,nominal,3000101,792,acid,near,separated,3,1,1,0,1,0,2,0,3.1100000000000003,4.537154138253369,4.57,0.016154138253368977,0.5057000016677193,0.06849999772384763,0.2870999996957835,measured_success,101
new_pf,response_fraction_0p70,nominal,3000101,793,acid,near,single,1,1,1,0,1,0,3,1,3.96,2.912252139673557,2.96,0.014747860326443263,170.93110000132583,120.5370999959996,97.15606666577514,measured_success,101
new_ppo,response_fraction_0p70,nominal,3000101,793,acid,near,single,1,1,0,0,1,0,3,1,4.15,2.8683196637438213,2.95,0.058680336256178744,0.5719999971915968,0.07690000347793102,0.21630000022317594,measured_success,101
new_pf,response_fraction_0p70,nominal,3000101,794,base,medium,separated,3,0,0,0,1,1,3,1,8.67,4.654658150870887,4.41,0.1686581508708871,151.12869999575196,145.56950001133373,98.8994000023619,measured_success,101
new_ppo,response_fraction_0p70,nominal,3000101,794,base,medium,separated,3,0,0,0,1,1,3,1,8.81,4.716405767019699,4.51,0.2304057670196995,3.547700005583465,0.12570000399136916,1.224466669858278,measured_success,101
new_pf,response_fraction_0p70,nominal,3000101,795,base,medium,separated,2,1,0,0,1,0,21,1,12.780000000000005,5.4877058242007095,5.49,0.09070582420070927,634.1561999943224,881.3099999897531,72.16505714209883,measured_success,101
new_ppo,response_fraction_0p70,nominal,3000101,795,base,medium,separated,2,1,0,0,1,0,10,0,8.869999999999997,5.312327929545315,5.3,0.08467207045468506,1.705899994703941,0.26729999080998823,0.19731999855139293,measured_success,101
new_pf,response_fraction_0p70,nominal,3000101,796,base,medium,separated,3,0,0,0,1,1,3,1,6.76,4.029610736508525,3.89,0.23561073650852515,35.45170000143116,198.25249999848893,77.90139999997336,measured_success,101
new_ppo,response_fraction_0p70,nominal,3000101,796,base,medium,separated,3,0,0,0,1,1,2,1,7.75,4.273059680218951,3.81,0.4790596802189513,0.3995000006398186,0.04289999924367294,0.22119999994174577,measured_success,101
new_pf,response_fraction_0p70,nominal,3000101,797,base,medium,separated,2,1,1,0,1,0,5,0,9.07,7.1046646678310506,7.08,0.02033533216894945,316.23189999663737,257.58079998922767,114.76253999717301,measured_success,101
new_ppo,response_fraction_0p70,nominal,3000101,797,base,medium,separated,2,1,0,0,1,0,13,0,8.669999999999996,7.057996029047777,7.04,0.06700397095222321,5.449000011140015,2.6420999856782146,0.6223923074475561,measured_success,101
new_pf,response_fraction_0p70,nominal,3000101,798,base,medium,single,1,0,0,1,0,0,50,1,8.509999999999991,12.07544848979131,12.08,0.9144484897913099,569.3837000435451,1926.9029999923077,49.92573400071706,max_steps,101
new_ppo,response_fraction_0p70,nominal,3000101,798,base,medium,single,1,1,1,0,1,0,9,1,0.93,11.20036394280357,11.15,0.03936394280357014,1.5875999961281195,2.26390000898391,0.4279444450124477,measured_success,101
new_pf,response_fraction_0p70,nominal,3000101,799,base,medium,separated,3,1,1,0,1,0,30,2,9.900000000000004,8.815159166160214,8.78,0.045840833839786654,2137.94189994951,1318.8117000172497,115.225119998892,measured_success,101
new_ppo,response_fraction_0p70,nominal,3000101,799,base,medium,separated,3,0,0,1,1,1,3,2,8.67,7.660245000949812,8.81,1.2007549990501882,0.4885000016656704,0.0881000014487654,0.19220000103814527,measured_success,101
new_pf,response_fraction_0p70,nominal,3000101,800,base,medium,single,1,1,0,0,1,0,10,1,6.330000000000001,3.984261329325501,3.99,0.08826132932550124,349.8228999815183,422.70049999206094,77.25233999735792,measured_success,101
new_ppo,response_fraction_0p70,nominal,3000101,800,base,medium,single,1,1,1,0,1,0,5,1,6.859999999999999,3.910580047137036,3.95,0.01458004713703609,0.7112999956007116,0.11609999637585133,0.16547999839531258,measured_success,101
new_pf,response_fraction_0p70,nominal,3000101,801,acid,near,separated,3,0,0,0,1,1,1,1,1.45,2.2367333261784834,2.36,0.1292666738215167,97.06260000530165,98.49519999988843,195.55780000519007,measured_success,101
new_ppo,response_fraction_0p70,nominal,3000101,801,acid,near,separated,3,1,1,0,1,0,2,2,3.1100000000000003,2.3789062078566436,2.34,0.012906207856643537,0.5851000023540109,0.06719999510096386,0.3261499987274874,measured_success,101
new_pf,response_fraction_0p70,nominal,3000101,802,base,medium,overlapping,2,0,0,0,1,1,10,2,24.610000000000003,5.38404820635075,5.45,0.1199517936492498,253.3709999988787,536.0971999907633,78.9468199989642,measured_success,101
new_ppo,response_fraction_0p70,nominal,3000101,802,base,medium,overlapping,2,1,1,0,1,0,13,3,28.400000000000002,5.537397228674905,5.46,0.03339722867490558,8.241099989390932,0.38469999708468094,0.6635230758827395,measured_success,101
new_pf,response_fraction_0p70,nominal,3000101,803,acid,medium,single,1,0,0,0,1,1,1,1,2.73,2.0272282352045945,2.39,0.3687717647954054,126.20080000488088,109.68739999952959,235.88820000441046,measured_success,101
new_ppo,response_fraction_0p70,nominal,3000101,803,acid,medium,single,1,0,0,0,1,1,1,1,3.19,1.9162529528750283,2.31,0.4797470471249716,0.254700004006736,0.02349999704165384,0.2782000010483898,measured_success,101
new_pf,response_fraction_0p70,nominal,3000101,804,base,near,separated,3,0,0,0,1,1,3,2,4.529999999999999,6.137021298831037,6.27,0.1959787011689631,373.64460000389954,195.53730000916403,189.72730000435453,measured_success,101
new_ppo,response_fraction_0p70,nominal,3000101,804,base,near,separated,3,0,0,0,1,1,1,1,2.06,6.7038296059497196,6.42,0.37082960594971937,0.262700006715022,0.03190000279573724,0.29460000951075926,measured_success,101
new_pf,response_fraction_0p70,nominal,3000101,805,acid,medium,separated,3,1,1,0,1,0,3,1,6.749999999999999,1.6663258868161628,1.72,0.021674113183837163,319.537000003038,230.95199998351745,183.49633332885182,measured_success,101
new_ppo,response_fraction_0p70,nominal,3000101,805,acid,medium,separated,3,0,0,0,1,1,3,1,8.1,1.5817212408513437,1.68,0.10627875914865625,2.576099992438685,0.08890000026440248,0.8883333309010292,measured_success,101
new_pf,response_fraction_0p70,nominal,3000101,806,base,far,separated,3,1,1,0,1,0,32,2,13.299999999999997,9.333967781136579,9.31,0.018032218863421434,1293.4574000100838,1387.15869999578,83.76925312518324,measured_success,101
new_ppo,response_fraction_0p70,nominal,3000101,806,base,far,separated,3,1,1,0,1,0,11,3,14.909999999999997,9.40014245756484,9.45,0.0481424575648397,6.06050000351388,0.31460000172955915,0.5795545459312218,measured_success,101
new_pf,response_fraction_0p70,nominal,3000101,807,base,medium,separated,3,0,0,0,1,1,4,1,9.22,4.180360323435082,4.1,0.11636032343508163,154.16790000745095,220.08919999643695,93.56427500097197,measured_success,101
new_ppo,response_fraction_0p70,nominal,3000101,807,base,medium,separated,3,0,0,0,1,1,3,1,9.77,4.3256613232656544,4.07,0.2616613232656544,0.5911000043852255,0.08520000119460747,0.22543333519327766,measured_success,101
new_pf,response_fraction_0p70,nominal,3000101,808,acid,near,separated,2,1,0,0,1,0,8,0,6.3100000000000005,5.691706959332038,5.7,0.0707069593320373,70.22249999135965,317.6307000030647,48.481649999303045,measured_success,101
new_ppo,response_fraction_0p70,nominal,3000101,808,acid,near,separated,2,1,0,0,1,0,11,0,6.3100000000000005,5.691706959332038,5.7,0.0707069593320373,8.94299999345094,0.31989999843062833,0.8420818174437789,measured_success,101
new_pf,response_fraction_0p70,nominal,3000101,809,acid,far,separated,2,1,0,0,1,0,4,1,11.9,1.69078899463775,1.74,0.051211005362250095,251.05980000080308,274.4323999941116,131.37304999872867,measured_success,101
new_ppo,response_fraction_0p70,nominal,3000101,809,acid,far,separated,2,0,0,0,1,1,3,1,13.09,1.6158596536322682,1.79,0.12614034636773175,0.5967999968561344,0.07740000728517771,0.2247333347137707,measured_success,101
new_pf,response_fraction_0p70,nominal,3000101,810,acid,medium,single,1,1,1,0,1,0,25,2,7.900000000000001,6.252870555255306,6.21,0.03387055525530602,3065.3130000282545,1050.8053000230575,164.64473200205248,measured_success,101
new_ppo,response_fraction_0p70,nominal,3000101,810,acid,medium,single,1,0,0,1,1,1,34,14,36.13,6.871334366716763,6.29,0.6523343667167625,5.299999989802018,2.8823999891756102,0.2406588229111067,measured_success,101
new_pf,response_fraction_0p70,nominal,3000101,811,base,far,single,1,0,0,1,0,0,50,2,18.690000000000047,5.9863021984185,5.95,0.6326978015815001,2190.710999966541,1954.3005999876186,82.90023199908319,max_steps,101
new_ppo,response_fraction_0p70,nominal,3000101,811,base,far,single,1,0,0,1,1,1,3,2,12.209999999999999,4.749906903052652,6.67,1.8690930969473474,0.6899999934830703,0.0948999950196594,0.2616333295009099,measured_success,101
new_pf,response_fraction_0p70,nominal,3000101,812,acid,near,separated,2,1,1,0,1,0,1,1,1.04,2.1021991928748296,2.18,0.03580080712517031,134.89929999923334,57.333299999299925,192.23259999853326,measured_success,101
new_ppo,response_fraction_0p70,nominal,3000101,812,acid,near,separated,2,0,0,0,1,1,1,1,2.06,1.9109395151298436,2.04,0.2270604848701563,0.2741999996942468,0.026299996534362435,0.30049999622860923,measured_success,101
new_pf,response_fraction_0p70,nominal,3000101,813,base,medium,separated,2,1,1,0,1,0,16,2,11.129999999999997,6.626385815370181,6.59,0.025614184629819015,577.1555000028457,890.3576999873621,91.71957499938799,measured_success,101
new_ppo,response_fraction_0p70,nominal,3000101,813,base,medium,separated,2,0,0,0,1,1,7,4,10.790000000000001,6.44651061204023,6.66,0.20548938795977012,3.4318999969400465,0.1942999952007085,0.5180285703058222,measured_success,101
new_pf,response_fraction_0p70,nominal,3000101,814,acid,near,single,1,1,1,0,1,0,2,1,1.1400000000000001,6.711640816630808,6.77,0.04435918336919187,19.23489999899175,113.93889999453677,66.58689999676426,measured_success,101
new_ppo,response_fraction_0p70,nominal,3000101,814,acid,near,single,1,1,1,0,1,0,2,1,3.1100000000000003,6.75168328242653,6.7,0.004316717573470186,0.44319999869912863,0.045400003727991134,0.24430000121355988,measured_success,101
new_pf,response_fraction_0p70,nominal,3000101,815,acid,far,single,1,0,0,1,1,1,1,1,5.31,1.5704482567760563,2.47,0.9215517432239437,122.38049999723444,133.73539999884088,256.1158999960753,measured_success,101
new_ppo,response_fraction_0p70,nominal,3000101,815,acid,far,single,1,0,0,1,1,1,1,1,4.7,1.6219139971371734,2.51,0.8700860028628266,0.2758999980869703,0.03579999611247331,0.3116999941994436,measured_success,101
new_pf,response_fraction_0p70,nominal,3000101,816,base,medium,separated,2,1,1,0,1,0,5,2,9.63,7.027482603991981,7.12,0.02651739600801939,258.74860000476474,234.42230001091957,98.63418000313686,measured_success,101
new_ppo,response_fraction_0p70,nominal,3000101,816,base,medium,separated,2,1,1,0,1,0,6,0,6.649999999999999,7.0382521469670145,7.0,0.01574785303298576,5.0709999923128635,0.18499998259358108,0.8759999958177408,measured_success,101
new_pf,response_fraction_0p70,nominal,3000101,817,base,medium,separated,2,1,0,0,1,0,6,1,17.73,6.185707083161624,6.08,0.08570708316162445,442.2134000051301,297.72630002116784,123.32328333771632,measured_success,101
new_ppo,response_fraction_0p70,nominal,3000101,817,base,medium,separated,2,1,0,0,1,0,7,0,16.84,6.0488122250818765,6.03,0.0511877749181231,1.5000999919720925,0.35749998642131686,0.26537142548477277,measured_success,101
new_pf,response_fraction_0p70,nominal,3000101,818,base,near,overlapping,3,0,0,0,1,1,1,1,0.73,4.426541985440583,4.27,0.2525419854405824,11.544100001628976,81.92879999842262,93.4729000000516,measured_success,101
new_ppo,response_fraction_0p70,nominal,3000101,818,base,near,overlapping,3,1,0,0,1,0,9,3,6.72,4.262346111666329,4.18,0.08834611166632822,1.7779000118025579,0.266200011537876,0.22712222481560376,measured_success,101
new_pf,response_fraction_0p70,nominal,3000101,819,base,near,separated,2,1,0,0,1,0,3,0,1.4500000000000002,6.055514289152319,6.04,0.06448571084768151,21.319600004062522,135.3774999952293,52.23236666643061,measured_success,101
new_ppo,response_fraction_0p70,nominal,3000101,819,base,near,separated,2,1,1,0,1,0,1,1,2.06,6.126610023338534,6.06,0.006610023338533999,0.2384999970672652,0.023200002033263445,0.26169999910052866,measured_success,101
new_pf,response_fraction_0p70,nominal,3000101,820,base,far,separated,3,0,0,0,1,1,37,6,13.53,8.486056375215696,8.65,0.14194362478430378,1638.8027999928454,1617.3814999565366,88.00498107971302,measured_success,101
new_ppo,response_fraction_0p70,nominal,3000101,820,base,far,separated,3,0,0,1,0,0,50,29,15.119999999999989,9.250020832689188,9.01,0.6220208326891878,19.937199969717767,1.4148000482236966,0.4270400003588293,max_steps,101
new_pf,response_fraction_0p70,nominal,3000101,821,base,near,separated,2,1,1,0,1,0,2,0,1.5699999999999998,6.2450837246140125,6.18,0.012916275385987497,17.37620000494644,118.91939999622991,68.14780000058818,measured_success,101
new_ppo,response_fraction_0p70,nominal,3000101,821,base,near,separated,2,0,0,0,1,1,1,1,2.06,6.408964986177617,6.25,0.150964986177617,0.26879999495577067,0.031100003980100155,0.2998999989358708,measured_success,101
new_pf,response_fraction_0p70,nominal,3000101,822,acid,far,single,1,0,0,0,1,1,22,5,11.15,5.042857691443771,5.15,0.1751423085562287,993.444499996258,1041.5144999788026,92.49813636250275,measured_success,101
new_ppo,response_fraction_0p70,nominal,3000101,822,acid,far,single,1,0,0,0,1,1,10,6,22.439999999999998,5.652833712876429,5.27,0.43483371287642925,3.7988999974913895,0.2893000055337325,0.4088200003025122,measured_success,101
new_pf,response_fraction_0p70,nominal,3000101,823,base,near,separated,3,1,0,0,1,0,10,0,8.959999999999999,4.5123097217675365,4.5,0.06969027823246332,85.30570000584703,370.1896000056877,45.54953000115347,measured_success,101
new_ppo,response_fraction_0p70,nominal,3000101,823,base,near,separated,3,1,0,0,1,0,13,0,8.999999999999996,4.515450986688592,4.5,0.06654901331140817,2.1572999976342544,0.34779999259626493,0.19269999924850148,measured_success,101
new_pf,response_fraction_0p70,nominal,3000101,824,base,medium,separated,2,1,1,0,1,0,12,3,5.939999999999999,6.057389057235168,5.97,0.048389057235167954,240.93680000078166,682.257300017227,76.93284166816738,measured_success,101
new_ppo,response_fraction_0p70,nominal,3000101,824,base,medium,separated,2,0,0,1,0,0,50,18,43.30000000000002,5.12939290826348,5.24,0.8796070917365206,9.065799960808363,1.2575000073411502,0.20646599936299026,max_steps,101
new_pf,response_fraction_0p70,nominal,3000101,825,base,medium,separated,3,1,0,0,1,0,8,0,10.81,5.576909798803097,5.56,0.08009020119690291,86.98569999978645,377.25320000754436,58.02986250091635,measured_success,101
new_ppo,response_fraction_0p70,nominal,3000101,825,base,medium,separated,3,1,0,0,1,0,7,0,10.769999999999998,5.573365757874122,5.56,0.08363424212587844,0.9701000017230399,0.16039999172789976,0.16149999906441995,measured_success,101
new_pf,response_fraction_0p70,nominal,3000101,826,acid,medium,single,1,1,1,0,1,0,6,2,11.98,3.4078075109763333,3.33,0.04680751097633307,557.0348000110243,320.63499999640044,146.27830000123745,measured_success,101
new_ppo,response_fraction_0p70,nominal,3000101,826,acid,medium,single,1,0,0,0,1,1,6,2,13.549999999999999,3.514582694921927,3.41,0.15358269492192678,3.0518000130541623,4.478099996049423,1.2549833348505974,measured_success,101
new_pf,response_fraction_0p70,nominal,3000101,827,base,medium,single,1,1,1,0,1,0,5,0,7.289999999999999,5.4044971827959625,5.36,0.0015028172040372212,249.17670000286307,230.21409998909803,95.87815999839222,measured_success,101
new_ppo,response_fraction_0p70,nominal,3000101,827,base,medium,single,1,1,1,0,1,0,5,0,7.229999999999999,5.391460526639614,5.34,0.014539473360385635,1.1988999976892956,0.14169999485602602,0.2681199985090643,measured_success,101
new_pf,response_fraction_0p70,nominal,3000101,828,acid,far,single,1,0,0,0,1,1,4,3,13.26,4.351270779954461,4.48,0.144729220045539,320.2366000114125,265.59379999525845,146.45760000166774,measured_success,101
new_ppo,response_fraction_0p70,nominal,3000101,828,acid,far,single,1,0,0,1,1,1,11,6,21.040000000000003,5.2267751644687195,4.5,0.730775164468719,1.6116999977384694,0.2511999773560092,0.16935454319040713,measured_success,101
new_pf,response_fraction_0p70,nominal,3000101,829,base,far,separated,2,1,0,0,1,0,47,2,20.679999999999986,6.184036176742529,6.17,0.06996382325747064,848.0209000117611,2095.458499985398,62.627221276535295,measured_success,101
new_ppo,response_fraction_0p70,nominal,3000101,829,base,far,separated,2,0,0,1,1,1,12,4,28.229999999999997,5.586133594646203,6.18,0.6678664053537968,6.109500005550217,0.35209998168284073,0.5384666656027548,measured_success,101
new_pf,response_fraction_0p70,nominal,3000101,830,acid,near,single,1,0,0,0,1,1,2,1,1.5,3.4980830080297514,3.56,0.10191699197024873,16.116500002681278,95.23340000305325,55.67495000286726,measured_success,101
new_ppo,response_fraction_0p70,nominal,3000101,830,acid,near,single,1,0,0,0,1,1,1,1,2.06,3.382046187164322,3.59,0.21795381283567794,0.2378999997745268,0.02479999966453761,0.2626999994390644,measured_success,101
new_pf,response_fraction_0p70,nominal,3000101,831,acid,medium,single,1,0,0,0,1,1,3,1,5.76,6.316773857821655,6.44,0.1782261421783451,25.813399988692254,160.32340000674594,62.045599998479396,measured_success,101
new_ppo,response_fraction_0p70,nominal,3000101,831,acid,medium,single,1,1,1,0,1,0,6,1,7.110000000000001,6.456361329185508,6.41,0.03863867081449168,1.2611999991349876,0.1827000014600344,0.24065000009917034,measured_success,101
new_pf,response_fraction_0p70,nominal,3000101,832,base,medium,separated,3,0,0,0,1,1,2,1,4.1899999999999995,5.001171316033004,4.81,0.28717131603300317,17.767800003639422,181.4105000012205,99.58915000242996,measured_success,101
new_ppo,response_fraction_0p70,nominal,3000101,832,base,medium,separated,3,1,1,0,1,0,7,2,6.409999999999999,4.690191930082342,4.73,0.02380806991765816,1.1556999961612746,0.16670000331941992,0.1889142856400992,measured_success,101
new_pf,response_fraction_0p70,nominal,3000101,833,acid,medium,separated,2,1,0,0,1,0,15,1,7.470000000000001,3.9682241148805755,3.96,0.06177588511942478,517.8141000069445,669.7678999989876,79.17213333372881,measured_success,101
new_ppo,response_fraction_0p70,nominal,3000101,833,acid,medium,separated,2,1,0,0,1,0,4,2,7.960000000000001,4.103141676911875,4.04,0.07314167691187468,3.04580000374699,0.124100006360095,0.7924750025267713,measured_success,101
new_pf,response_fraction_0p70,nominal,3000101,834,base,far,single,1,1,1,0,1,0,46,2,14.769999999999989,5.804631880380681,5.76,0.0183681196193195,2931.6948000050616,2017.5228999942192,107.59168913041914,measured_success,101
new_ppo,response_fraction_0p70,nominal,3000101,834,base,far,single,1,0,0,1,0,0,46,15,50.0,11.005970580553278,10.95,5.1829705805532775,13.567599999078084,3.2526999930269085,0.3656586954805433,dose_limit,101
new_pf,response_fraction_0p70,nominal,3000101,835,base,medium,single,1,0,0,1,1,1,25,2,7.769999999999997,6.786677922786701,7.3,0.504322077213299,2216.7330000011134,1192.2598000019207,136.35971200012136,measured_success,101
new_ppo,response_fraction_0p70,nominal,3000101,835,base,medium,single,1,0,0,0,1,1,45,14,37.27,7.141213693451231,7.29,0.14978630654876923,7.3760000232141465,1.2167000168119557,0.19094888977835783,measured_success,101
new_pf,response_fraction_0p70,nominal,3000101,836,acid,near,separated,3,0,0,0,1,1,1,1,1.23,5.6687814621045565,5.88,0.2552185378954439,134.66680000419728,76.88349999807542,211.5503000022727,measured_success,101
new_ppo,response_fraction_0p70,nominal,3000101,836,acid,near,separated,3,1,0,0,1,0,5,3,4.28,5.85343192157465,5.91,0.0705680784253504,0.9979000024031848,0.15050000365590677,0.2296800012118183,measured_success,101
new_pf,response_fraction_0p70,nominal,3000101,837,acid,near,single,1,1,0,0,1,0,4,0,3.2600000000000002,6.404986752665639,6.44,0.05698675266563935,27.30650000012247,164.83709999738494,48.03589999937685,measured_success,101
new_ppo,response_fraction_0p70,nominal,3000101,837,acid,near,single,1,1,1,0,1,0,3,1,3.72,6.329061158774216,6.38,0.018938841225783598,0.6043999965186231,0.09099999442696571,0.23179999698186293,measured_success,101
new_pf,response_fraction_0p70,nominal,3000101,838,acid,near,separated,3,1,1,0,1,0,2,0,0.9199999999999999,5.097520850870444,5.13,0.02452085087044331,21.350799994252156,103.29500000079861,62.32289999752538,measured_success,101
new_ppo,response_fraction_0p70,nominal,3000101,838,acid,near,separated,3,0,0,0,1,1,1,1,2.06,4.85974959022875,4.99,0.2132504097712502,0.26059999800054356,0.02559999848017469,0.28619999648071826,measured_success,101
new_pf,response_fraction_0p70,nominal,3000101,839,base,medium,single,1,0,0,0,1,1,13,4,9.03,9.203481935583099,9.37,0.23851806441690115,453.13059999170946,768.1188999849837,93.9422692289764,measured_success,101
new_ppo,response_fraction_0p70,nominal,3000101,839,base,medium,single,1,1,1,0,1,0,12,3,8.389999999999999,9.473920424629487,9.5,0.03192042462948663,2.089399997203145,0.3110000034212135,0.20003333338536322,measured_success,101
new_pf,response_fraction_0p70,nominal,3000101,840,base,far,separated,2,1,0,0,1,0,8,1,17.88,5.30930894234743,5.35,0.050308942347429664,278.78870000859024,413.70509999251226,86.56172500013781,measured_success,101
new_ppo,response_fraction_0p70,nominal,3000101,840,base,far,separated,2,1,1,0,1,0,7,1,17.68,5.275713172681169,5.3,0.01671317268116823,1.3944000020273961,0.23079998936736956,0.23217142734210938,measured_success,101
new_pf,response_fraction_0p70,nominal,3000101,841,base,medium,single,1,1,1,0,1,0,7,0,10.43,2.996240820707291,2.97,0.011759179292709199,152.6118999972823,282.59509999043075,62.17242856967329,measured_success,101
new_ppo,response_fraction_0p70,nominal,3000101,841,base,medium,single,1,1,1,0,1,0,7,1,10.67,3.042425116859416,2.99,0.03442511685941607,1.0311000005458482,0.17340001068077981,0.17207143017523258,measured_success,101
new_pf,response_fraction_0p70,nominal,3000101,842,base,near,overlapping,3,1,0,0,1,0,5,0,4.1,2.8762895089409914,2.85,0.05671049105900838,51.714700006414205,217.17449999414384,53.77784000011161,measured_success,101
new_ppo,response_fraction_0p70,nominal,3000101,842,base,near,overlapping,3,1,0,0,1,0,4,0,4.13,2.8798716099136126,2.84,0.053128390086387256,0.7159000015235506,0.0999000039882958,0.2039500013779616,measured_success,101
new_pf,response_fraction_0p70,nominal,3000101,843,base,near,single,1,0,0,0,1,1,2,1,4.359999999999999,7.689009387637425,7.54,0.13900938763742499,252.1610999974655,135.4326999935438,193.79689999550465,measured_success,101
new_ppo,response_fraction_0p70,nominal,3000101,843,base,near,single,1,1,1,0,1,0,3,0,3.77,7.5272584314146975,7.46,0.022741568585302296,4.1811000046436675,0.09719999798107892,1.4261000008749154,measured_success,101
new_pf,response_fraction_0p70,nominal,3000101,844,acid,medium,separated,2,1,0,0,1,0,6,0,8.879999999999999,1.7445666444599022,1.76,0.07056664445990224,530.9062999949674,351.2601000111317,147.02773333434985,measured_success,101
new_ppo,response_fraction_0p70,nominal,3000101,844,acid,medium,separated,2,1,1,0,1,0,4,0,9.879999999999999,1.6872272856520025,1.73,0.013227285652002596,0.7908999905339442,0.11829999857582152,0.22729999727744143,measured_success,101
new_pf,response_fraction_0p70,nominal,3000101,845,acid,far,separated,2,0,0,0,1,1,6,1,26.21,2.21098925108776,2.35,0.15201074891223998,265.4820999887306,418.5345999940182,114.00278333045814,measured_success,101
new_ppo,response_fraction_0p70,nominal,3000101,845,acid,far,separated,2,1,0,0,1,0,11,1,30.07,2.299203338506084,2.27,0.06379666149391605,4.139900018344633,0.31630000739824027,0.4051090932493521,measured_success,101
new_pf,response_fraction_0p70,nominal,3000101,846,base,far,single,1,0,0,0,1,1,39,4,19.240000000000016,6.0779138504535695,6.23,0.20708614954643068,2508.9293000273756,1734.1843000176596,108.79778461653936,measured_success,101
new_ppo,response_fraction_0p70,nominal,3000101,846,base,far,single,1,0,0,0,1,1,17,8,17.660000000000004,6.077439352484021,6.24,0.20756064751597947,3.4274999852641486,0.4586999857565388,0.22859999829533456,measured_success,101
new_pf,response_fraction_0p70,nominal,3000101,847,acid,medium,single,1,0,0,1,0,0,50,2,7.969999999999982,7.3635386419636255,7.37,0.6185386419636254,649.9018000031356,1956.7123999804608,52.13228399967193,max_steps,101
new_ppo,response_fraction_0p70,nominal,3000101,847,acid,medium,single,1,0,0,0,1,1,20,9,20.299999999999997,6.604228554061276,6.73,0.14077144593872415,9.78420000319602,0.7174999846029095,0.5250849993899465,measured_success,101
new_pf,response_fraction_0p70,nominal,3000101,848,base,near,separated,2,1,0,0,1,0,18,2,6.130000000000001,5.829384023041868,5.82,0.07361597695813149,682.5986999610905,788.8295000011567,81.74601110901374,measured_success,101
new_ppo,response_fraction_0p70,nominal,3000101,848,base,near,separated,2,0,0,0,1,1,3,2,4.43,5.562612877218548,5.99,0.34038712278145145,0.6410999994841404,0.08900000102585182,0.24336666683666408,measured_success,101
new_pf,response_fraction_0p70,nominal,3000101,849,base,medium,single,1,1,0,0,1,0,17,2,16.09,7.566839682357637,7.55,0.06816031764236286,788.2095999812009,815.0332999939565,94.30840588089161,measured_success,101
new_ppo,response_fraction_0p70,nominal,3000101,849,base,medium,single,1,1,1,0,1,0,4,2,9.91,7.585771297813977,7.64,0.04922870218602249,0.8363000088138506,0.11870000889757648,0.23875000442785677,measured_success,101
new_pf,response_fraction_0p70,nominal,3000101,850,base,near,separated,3,1,1,0,1,0,5,2,2.0300000000000002,7.521938707020432,7.56,0.005061292979568144,391.1227000062354,254.24149999889778,129.07284000102663,measured_success,101
new_ppo,response_fraction_0p70,nominal,3000101,850,base,near,separated,3,1,1,0,1,0,7,3,4.949999999999999,7.536711579603034,7.47,0.00971157960303426,1.1555000019143336,0.18200000340584666,0.19107142933145432,measured_success,101
new_pf,response_fraction_0p70,nominal,3000101,851,base,medium,overlapping,2,1,1,0,1,0,40,2,11.180000000000023,5.820946730314555,5.79,0.04805326968544499,733.6039000147139,1648.0072000267683,59.54027750103705,measured_success,101
new_ppo,response_fraction_0p70,nominal,3000101,851,base,medium,overlapping,2,0,0,1,1,1,21,8,22.09,5.163742887863512,5.89,0.7052571121364881,3.475500001513865,0.5594999965978786,0.19214285705294015,measured_success,101
new_pf,response_fraction_0p70,nominal,3000101,852,acid,medium,single,1,1,1,0,1,0,33,2,8.399999999999991,5.859699261945227,5.89,0.03669926194522688,2473.360700001649,1270.2702999959001,113.44336363628938,measured_success,101
new_ppo,response_fraction_0p70,nominal,3000101,852,acid,medium,single,1,0,0,1,1,1,23,10,31.79,6.816812121384135,5.76,0.9938121213841349,4.170900021563284,0.6749999956809916,0.2106913050975772,measured_success,101
new_pf,response_fraction_0p70,nominal,3000101,853,acid,medium,single,1,1,1,0,1,0,3,0,5.42,1.9397325858287982,1.98,0.026732585828798117,307.3167000038666,177.97679999785032,161.7645000005723,measured_success,101
new_ppo,response_fraction_0p70,nominal,3000101,853,acid,medium,single,1,1,1,0,1,0,3,1,6.15,1.8694014594016837,1.94,0.04359854059831636,0.5656999928760342,0.0870000003487803,0.21756666440827152,measured_success,101
new_pf,response_fraction_0p70,nominal,3000101,854,base,medium,separated,2,1,0,0,1,0,7,0,7.079999999999998,5.673433080905481,5.66,0.06256691909451906,51.042200007941574,283.28480000345735,47.76100000162842,measured_success,101
new_ppo,response_fraction_0p70,nominal,3000101,854,base,medium,separated,2,1,0,0,1,0,12,0,7.01,5.666574409322594,5.66,0.0694255906774055,1.8237999902339652,0.2945999731309712,0.17653333028041138,measured_success,101
new_pf,response_fraction_0p70,nominal,3000101,855,base,medium,single,1,0,0,1,1,1,2,2,4.25,8.898163648472629,9.36,0.515836351527371,12.120700004743412,134.58830000308808,73.35450000391575,measured_success,101
new_ppo,response_fraction_0p70,nominal,3000101,855,base,medium,single,1,1,0,0,0,0,50,0,2.0300000000000002,9.31597513125481,9.31,0.09802486874519012,13.03360000019893,2.8912999769090675,0.31849799954215996,max_steps,101
new_pf,response_fraction_0p70,nominal,3000101,856,base,far,separated,2,1,0,0,1,0,30,1,10.819999999999984,5.985643212268679,5.99,0.09164321226867855,524.4623000180582,1141.686100003426,55.538280000716135,measured_success,101
new_ppo,response_fraction_0p70,nominal,3000101,856,base,far,separated,2,0,0,0,1,1,6,2,14.97,5.631549962820515,5.81,0.26245003717948556,1.1491000186651945,0.14430000010179356,0.215566669794498,measured_success,101
new_pf,response_fraction_0p70,nominal,3000101,857,base,medium,separated,2,1,0,0,1,0,13,0,23.669999999999998,3.3140175088864474,3.3,0.06898249111355259,598.3654999945429,537.222600003588,87.352930769087,measured_success,101
new_ppo,response_fraction_0p70,nominal,3000101,857,base,medium,separated,2,1,0,0,1,0,17,0,23.569999999999993,3.3069560063079644,3.3,0.07604399369203563,2.8591000227606855,0.46499999007210135,0.19553529487251686,measured_success,101
new_pf,response_fraction_0p70,nominal,3000101,858,acid,medium,separated,2,1,0,0,1,0,3,1,6.72,5.608106263793804,5.7,0.06989373620619599,167.2781000015675,216.3116000010632,127.86323333421024,measured_success,101
new_ppo,response_fraction_0p70,nominal,3000101,858,acid,medium,separated,2,1,0,0,1,0,3,1,6.7,5.611629103774726,5.72,0.06637089622527359,2.7480999924591742,0.10410000686533749,0.9507333331081705,measured_success,101
new_pf,response_fraction_0p70,nominal,3000101,859,base,far,separated,2,0,0,0,1,1,17,2,23.499999999999996,6.880197004703252,7.24,0.28280299529674835,423.8630999971065,934.573000020464,79.9080058833865,measured_success,101
new_ppo,response_fraction_0p70,nominal,3000101,859,base,far,separated,2,1,1,0,1,0,18,3,23.740000000000002,7.188368812671895,7.22,0.025368812671894503,5.444600014016032,0.5338999908417463,0.3321388891587655,measured_success,101
new_pf,response_fraction_0p70,nominal,3000101,860,acid,near,separated,2,1,0,0,1,0,2,1,3.19,4.022308089102918,4.11,0.08769191089708261,148.25289999862434,127.63980000454467,137.9463500015845,measured_success,101
new_ppo,response_fraction_0p70,nominal,3000101,860,acid,near,separated,2,1,0,0,1,0,2,1,3.1100000000000003,4.0429240606357855,4.15,0.06707593936421485,0.4442999997991137,0.0518000015290454,0.24805000066407956,measured_success,101
new_pf,response_fraction_0p70,nominal,3000101,861,acid,medium,separated,3,0,0,0,1,1,2,1,5.609999999999999,2.3146952507479046,2.47,0.1753047492520956,258.30000000132713,165.32800000277348,211.8140000020503,measured_success,101
new_ppo,response_fraction_0p70,nominal,3000101,861,acid,medium,separated,3,1,0,0,1,0,2,1,5.05,2.413385437749633,2.58,0.07661456225036734,0.46100000326987356,2.8305000014370307,1.6457500023534521,measured_success,101
new_pf,response_fraction_0p70,nominal,3000101,862,acid,medium,separated,2,1,1,0,1,0,30,1,6.800000000000001,2.8739154865479426,2.86,0.04908451345205744,3735.7867999890004,1169.78610001388,163.5190966667627,measured_success,101
new_ppo,response_fraction_0p70,nominal,3000101,862,acid,medium,separated,2,0,0,1,1,1,1,1,4.44,2.1206298390498226,2.83,0.8023701609501774,0.26390000130049884,0.026699999580159783,0.2906000008806586,measured_success,101
new_pf,response_fraction_0p70,nominal,3000101,863,acid,near,separated,3,1,1,0,1,0,8,1,8.879999999999999,1.6590671797022987,1.7,0.006932820297701259,170.02549998869654,337.9131999972742,63.49233749824634,measured_success,101
new_ppo,response_fraction_0p70,nominal,3000101,863,acid,near,separated,3,1,1,0,1,0,5,0,7.99,1.699867255417304,1.72,0.033867255417304065,0.884000000951346,0.13240000407677144,0.2032800010056235,measured_success,101
new_pf,response_fraction_0p70,nominal,3000101,864,acid,medium,single,1,0,0,0,1,1,3,1,5.85,6.2480125426930755,6.43,0.1579874573069242,24.714300001505762,180.73979999462608,68.48469999871061,measured_success,101
new_ppo,response_fraction_0p70,nominal,3000101,864,acid,medium,single,1,0,0,0,1,1,5,1,5.85,6.2480125426930755,6.33,0.1579874573069242,0.9672000087448396,0.15240000357152894,0.2239200024632737,measured_success,101
new_pf,response_fraction_0p70,nominal,3000101,865,base,near,single,1,0,0,1,1,1,3,2,3.25,4.541603588987137,5.11,0.6233964110128634,291.5682000020752,278.4501999994973,190.0061333338575,measured_success,101
new_ppo,response_fraction_0p70,nominal,3000101,865,base,near,single,1,0,0,1,1,1,14,6,14.769999999999998,4.4465102203704845,5.07,0.7184897796295155,4.41659998614341,0.42370002483949065,0.34573571507020723,measured_success,101
new_pf,response_fraction_0p70,nominal,3000101,866,base,near,separated,3,1,0,0,1,0,3,0,2.53,2.2961952844429625,2.26,0.0608047155570377,19.990999993751757,136.3511000017752,52.114033331842315,measured_success,101
new_ppo,response_fraction_0p70,nominal,3000101,866,base,near,separated,3,0,0,0,1,1,3,1,3.5199999999999996,2.466643983794742,2.4,0.10964398379474183,0.4681000064010732,0.07470000127796084,0.18093333589301133,measured_success,101
new_pf,response_fraction_0p70,nominal,3000101,867,acid,far,single,1,0,0,0,1,1,50,2,14.089999999999993,3.632428221135192,3.48,0.2374282211351919,6428.096699994057,1983.3590000343975,168.2291140005691,measured_success,101
new_ppo,response_fraction_0p70,nominal,3000101,867,acid,far,single,1,1,1,0,1,0,32,14,34.17,3.403524832318684,3.37,0.008524832318684172,7.69220002257498,0.8905999857233837,0.26821250025932386,measured_success,101
new_pf,response_fraction_0p70,nominal,3000101,868,acid,near,separated,2,0,0,0,1,1,1,1,1.48,2.4827245172728087,2.71,0.3222754827271914,149.98400000331458,76.16950000374345,226.15350000705803,measured_success,101
new_ppo,response_fraction_0p70,nominal,3000101,868,acid,near,separated,2,1,0,0,1,0,4,2,4.15,2.876564704125106,2.9,0.07156470412510574,0.5214999982854351,0.08199999138014391,0.15087499741639476,measured_success,101
new_pf,response_fraction_0p70,nominal,3000101,869,acid,medium,separated,2,0,0,0,1,1,2,1,5.13,1.858969375819595,2.02,0.2440306241804051,125.9596000018064,142.60639999702107,134.28299999941373,measured_success,101
new_ppo,response_fraction_0p70,nominal,3000101,869,acid,medium,separated,2,0,0,0,1,1,2,1,5.05,1.8701719502864602,2.09,0.23282804971354,0.4392000046209432,0.060699996538460255,0.24995000057970174,measured_success,101
new_pf,response_fraction_0p70,nominal,3000101,870,base,medium,separated,3,1,0,0,1,0,15,1,7.950000000000001,5.678461961503215,5.68,0.08746196150321506,1376.281899989408,737.7232000217191,140.93367333407514,measured_success,101
new_ppo,response_fraction_0p70,nominal,3000101,870,base,medium,separated,3,1,1,0,1,0,9,2,16.049999999999997,5.586685426978983,5.55,0.004314573021017232,3.332200001750607,0.2570999931776896,0.3988111105475885,measured_success,101
new_pf,response_fraction_0p70,nominal,3000101,871,base,near,single,1,1,1,0,1,0,2,1,2.1,6.497379423942407,6.44,0.028379423942406667,120.18700000044191,130.28569999733008,125.236349998886,measured_success,101
new_ppo,response_fraction_0p70,nominal,3000101,871,base,near,single,1,1,1,0,1,0,1,1,2.06,6.491740845704921,6.42,0.022740845704920964,0.2277000021422282,0.02710000262595713,0.2548000047681853,measured_success,101
new_pf,response_fraction_0p70,nominal,3000101,872,base,medium,separated,3,0,0,0,1,1,1,1,2.1,7.666635965342625,7.36,0.21663596534262464,5.870799999684095,97.27859999838984,103.14939999807393,measured_success,101
new_ppo,response_fraction_0p70,nominal,3000101,872,base,medium,separated,3,1,1,0,1,0,11,4,7.390000000000001,7.43108821313729,7.5,0.018911786862710223,1.582099990628194,0.2842000176315196,0.16966363711451943,measured_success,101
new_pf,response_fraction_0p70,nominal,3000101,873,base,near,separated,2,1,0,0,1,0,9,0,6.29,2.592676125744018,2.58,0.07032387425598197,78.94150001084199,352.39139999612235,47.925877778551595,measured_success,101
new_ppo,response_fraction_0p70,nominal,3000101,873,base,near,separated,2,1,0,0,1,0,9,0,6.039999999999999,2.575776882586834,2.57,0.08722311741316569,1.4532999994116835,0.21570000535575673,0.18544444497416002,measured_success,101
new_pf,response_fraction_0p70,nominal,3000101,874,acid,medium,single,1,0,0,1,1,1,1,1,4.15,1.73919610160688,2.44,0.7588038983931202,108.15000000002328,61.168599997472484,169.31859999749577,measured_success,101
new_ppo,response_fraction_0p70,nominal,3000101,874,acid,medium,single,1,0,0,1,1,1,1,1,4.44,1.710518881549627,2.42,0.7874811184503732,0.2328000045963563,0.02149999636458233,0.25430000096093863,measured_success,101
new_pf,response_fraction_0p70,nominal,3000101,875,acid,medium,overlapping,3,1,0,0,1,0,10,1,15.74,2.353688709340087,2.41,0.07131129065991271,344.0078999774414,424.6001999999862,76.86080999774276,measured_success,101
new_ppo,response_fraction_0p70,nominal,3000101,875,acid,medium,overlapping,3,1,0,0,1,0,8,0,13.94,2.4811301304365214,2.51,0.0561301304365216,5.486199996084906,0.23159999545896426,0.7147249989429838,measured_success,101
new_pf,response_fraction_0p70,nominal,3000101,876,acid,medium,single,1,0,0,0,1,1,6,2,8.859999999999998,6.294562803692161,6.07,0.1975628036921604,420.70750000857515,364.92330000328366,130.93846666864314,measured_success,101
new_ppo,response_fraction_0p70,nominal,3000101,876,acid,medium,single,1,0,0,1,1,1,3,2,10.58,6.8784922028789985,6.05,0.7814922028789981,0.567299997783266,0.08489999163430184,0.21739999647252262,measured_success,101
new_pf,response_fraction_0p70,nominal,3000101,877,base,medium,single,1,0,0,0,1,1,11,2,14.319999999999997,8.928053347894043,9.1,0.16394665210595782,1394.6265999984462,717.9177000070922,192.0494818186853,measured_success,101
new_ppo,response_fraction_0p70,nominal,3000101,877,base,medium,single,1,1,0,0,1,0,18,3,15.969999999999994,9.167635956959884,9.18,0.0756359569598839,3.2329999885405414,0.5141000074218027,0.208172221997908,measured_success,101
new_pf,response_fraction_0p70,nominal,3000101,878,acid,medium,separated,2,1,0,0,1,0,6,0,11.619999999999997,3.68176665326377,3.71,0.06876665326376985,51.542900007916614,335.25099999678787,64.46565000078408,measured_success,101
new_ppo,response_fraction_0p70,nominal,3000101,878,acid,medium,separated,2,1,0,0,1,0,4,1,12.950000000000001,3.5426479224622645,3.64,0.07035207753773554,0.9003999948618002,0.12569999671541154,0.25652499789430294,measured_success,101
new_pf,response_fraction_0p70,nominal,3000101,879,base,medium,separated,2,1,1,0,1,0,6,2,9.67,6.284590566471957,6.33,0.039409433528042825,307.22570000216365,345.0537000098848,108.7132333353414,measured_success,101
new_ppo,response_fraction_0p70,nominal,3000101,879,base,medium,separated,2,1,1,0,1,0,4,1,9.110000000000001,6.330576421111017,6.38,0.006576421111017083,0.8211000022129156,0.12169999536126852,0.23569999939354602,measured_success,101
new_pf,response_fraction_0p70,nominal,3000101,880,base,medium,single,1,0,0,1,0,0,50,2,9.209999999999981,6.035672286176521,6.03,0.7403277138234792,895.4855999691063,2118.244399993273,60.274599999247584,max_steps,101
new_ppo,response_fraction_0p70,nominal,3000101,880,base,medium,single,1,0,0,0,1,1,11,3,9.36,6.894369359913332,6.72,0.11836935991333242,1.7712999833747745,0.2719000040087849,0.1857454533985054,measured_success,101
new_pf,response_fraction_0p70,nominal,3000101,881,base,near,overlapping,3,1,1,0,1,0,5,2,2.2800000000000002,5.250695491286109,5.31,0.03930450871389102,45.940199997858144,272.5737999935518,63.70279999828199,measured_success,101
new_ppo,response_fraction_0p70,nominal,3000101,881,base,near,overlapping,3,0,0,1,1,1,8,4,9.559999999999999,4.705697750873531,5.2,0.5843022491264689,0.9425999960512854,0.15100000746315345,0.13670000043930486,measured_success,101
new_pf,response_fraction_0p70,nominal,3000101,882,acid,near,single,1,1,1,0,1,0,3,0,1.8599999999999999,6.415548480743864,6.44,0.025548480743863955,28.93719999701716,173.3271999983117,67.42146666510962,measured_success,101
new_ppo,response_fraction_0p70,nominal,3000101,882,acid,near,single,1,0,0,0,1,1,2,1,3.1100000000000003,6.230487665457632,6.31,0.15951233454236746,0.3819999983534217,0.05319999763742089,0.2175999979954213,measured_success,101
new_pf,response_fraction_0p70,nominal,3000101,883,acid,near,single,1,1,1,0,1,0,2,0,2.67,1.8112944272197815,1.84,0.0472944272197815,120.79280000034487,115.80770000000484,118.30025000017486,measured_success,101
new_ppo,response_fraction_0p70,nominal,3000101,883,acid,near,single,1,1,1,0,1,0,2,1,3.85,1.715821911125614,1.77,0.048178088874385905,0.3229999929317273,0.05110000347485766,0.1870499982032925,measured_success,101
new_pf,response_fraction_0p70,nominal,3000101,884,base,medium,single,1,1,1,0,1,0,40,3,12.930000000000016,4.097040558043979,4.13,0.03504055804397854,4343.1594999929075,1677.9681999687455,150.52819249904132,measured_success,101
new_ppo,response_fraction_0p70,nominal,3000101,884,base,medium,single,1,1,1,0,1,0,11,5,9.25,4.078330502784127,4.01,0.01633050278412629,4.99229998968076,1.363499992294237,0.5777999983613633,measured_success,101
new_pf,response_fraction_0p70,nominal,3000101,885,acid,medium,single,1,0,0,0,1,1,16,2,7.769999999999996,5.689905414862338,5.4,0.37590541486233775,1825.374300024123,640.7398000083049,154.13213125202674,measured_success,101
new_ppo,response_fraction_0p70,nominal,3000101,885,acid,medium,single,1,0,0,1,1,1,31,14,31.999999999999996,6.153662579972062,5.26,0.8396625799720621,5.195400008233264,0.898900005267933,0.19659032301616766,measured_success,101
new_pf,response_fraction_0p70,nominal,3000101,886,acid,far,separated,2,0,0,0,1,1,2,1,9.15,1.6503481625356446,2.0,0.3646518374643555,120.49770000885474,125.12830000196118,122.81300000540796,measured_success,101
new_ppo,response_fraction_0p70,nominal,3000101,886,acid,far,separated,2,0,0,0,1,1,2,1,10.58,1.5597741629054078,1.97,0.4552258370945923,0.38130000029923394,0.048100009735208005,0.21470000501722097,measured_success,101
new_pf,response_fraction_0p70,nominal,3000101,887,acid,medium,single,1,0,0,0,1,1,3,1,6.199999999999999,3.8154653635218096,3.93,0.1255346364781902,138.11619999614777,142.48029999725986,93.53216666446922,measured_success,101
new_ppo,response_fraction_0p70,nominal,3000101,887,acid,medium,single,1,1,0,0,1,0,3,1,6.1,3.859256709335864,4.0,0.08174329066413577,2.883000001020264,0.0892999887582846,0.9907666632595161,measured_success,101
new_pf,response_fraction_0p70,nominal,3000101,888,acid,near,separated,3,0,0,0,0,0,50,1,4.139999999999991,3.18914759446728,3.19,0.21185240553271978,564.3352000042796,1917.7667999829282,49.642039999744156,max_steps,101
new_ppo,response_fraction_0p70,nominal,3000101,888,acid,near,separated,3,1,1,0,1,0,4,1,4.15,3.3549404134202208,3.32,0.046059586579779044,0.8103000072878785,0.10969999857479706,0.2300000014656689,measured_success,101
new_pf,response_fraction_0p70,nominal,3000101,889,acid,medium,single,1,0,0,0,1,1,2,1,3.9699999999999998,3.466674830873904,3.64,0.2273251691260958,150.08289999241242,160.68510000332026,155.38399999786634,measured_success,101
new_ppo,response_fraction_0p70,nominal,3000101,889,acid,medium,single,1,0,0,0,1,1,2,1,3.92,3.496855419833495,3.73,0.19714458016650482,2.538100008678157,0.05989999772282317,1.29900000320049,measured_success,101
new_pf,response_fraction_0p70,nominal,3000101,890,base,medium,single,1,1,0,0,1,0,41,2,9.029999999999996,7.089506359304359,7.07,0.07749364069564102,3011.5985000229557,1691.0477000201354,114.69868780592905,measured_success,101
new_ppo,response_fraction_0p70,nominal,3000101,890,base,medium,single,1,1,0,0,1,0,43,14,38.93,7.089430748317994,7.16,0.07756925168200546,11.787599993112963,1.2156000229879282,0.3024000003744393,measured_success,101
new_pf,response_fraction_0p70,nominal,3000101,891,acid,near,overlapping,2,1,1,0,1,0,2,1,3.23,2.2801739785953163,2.37,0.0398260214046835,300.84290000377223,126.69190000451636,213.7674000041443,measured_success,101
new_ppo,response_fraction_0p70,nominal,3000101,891,acid,near,overlapping,2,0,0,0,1,1,2,1,3.85,2.126256923759202,2.25,0.19374307624079767,0.46409999777097255,0.05890000466024503,0.2615000012156088,measured_success,101
new_pf,response_fraction_0p70,nominal,3000101,892,base,medium,separated,2,1,1,0,1,0,35,4,7.749999999999995,9.078179311622847,9.13,0.04582068837715347,675.1527000233182,1552.2097000211943,63.6389257155575,measured_success,101
new_ppo,response_fraction_0p70,nominal,3000101,892,base,medium,separated,2,0,0,0,1,1,4,2,0.27999999999999997,8.907894900937677,9.12,0.21610509906232345,0.5898999879718758,0.09499999578110874,0.17122499593824614,measured_success,101
new_pf,response_fraction_0p70,nominal,3000101,893,acid,near,single,1,1,1,0,1,0,2,1,1.06,8.599502393205665,8.64,0.0004976067943349705,26.00309999252204,112.5984000027529,69.30074999763747,measured_success,101
new_ppo,response_fraction_0p70,nominal,3000101,893,acid,near,single,1,0,0,0,0,0,50,0,0.5000000000000002,8.730331526328246,8.73,0.13033152632824674,15.034999974886887,1.4555999950971454,0.32981199939968064,max_steps,101
new_pf,response_fraction_0p70,nominal,3000101,894,base,medium,separated,2,0,0,0,0,0,50,2,9.81999999999999,7.8917445460684,7.89,0.3672554539316,6029.320299996471,1930.6414000020595,159.1992339999706,max_steps,101
new_ppo,response_fraction_0p70,nominal,3000101,894,base,medium,separated,2,0,0,0,1,1,7,3,9.149999999999999,8.495926344592661,8.24,0.2369263445926606,1.582600008987356,0.23040000087348744,0.2590000014086919,measured_success,101
new_pf,response_fraction_0p70,nominal,3000101,895,acid,medium,separated,3,0,0,0,1,1,1,1,4.26,3.6033742144560374,3.95,0.41762578554396246,119.6228999979212,115.9646000014618,235.587499999383,measured_success,101
new_ppo,response_fraction_0p70,nominal,3000101,895,acid,medium,separated,3,0,0,0,1,1,2,1,3.1100000000000003,3.9110285749923603,4.04,0.10997142500763957,0.45450000470736995,0.05570000212173909,0.2551000034145545,measured_success,101
new_pf,response_fraction_0p70,nominal,3000101,896,acid,near,single,1,1,1,0,1,0,1,1,0.54,6.325750258199593,6.4,0.04324974180040719,11.252399999648333,78.19690000178525,89.44930000143358,measured_success,101
new_ppo,response_fraction_0p70,nominal,3000101,896,acid,near,single,1,1,0,0,1,0,23,0,0.23000000000000007,6.460917439202458,6.46,0.09191743920245798,5.091099999845028,0.6524999989778735,0.24972173907925657,measured_success,101
new_pf,response_fraction_0p70,nominal,3000101,897,base,medium,separated,2,1,1,0,1,0,34,1,9.979999999999976,6.134041982779218,6.17,0.03204198277921755,4499.079699984577,1498.7035000085598,176.40538823509226,measured_success,101
new_ppo,response_fraction_0p70,nominal,3000101,897,base,medium,separated,2,0,0,1,1,1,2,2,10.06,4.756826854730976,6.05,1.3451731452690243,0.42079999548150226,0.051700000767596066,0.23624999812454917,measured_success,101
new_pf,response_fraction_0p70,nominal,3000101,898,acid,near,single,1,0,0,0,1,1,3,1,3.5300000000000002,6.920063800064577,7.03,0.14693619993542306,26.187499999650754,144.0909000011743,56.759466666941684,measured_success,101
new_ppo,response_fraction_0p70,nominal,3000101,898,acid,near,single,1,1,1,0,1,0,5,2,4.28,7.098744131507528,7.05,0.031744131507528195,0.7431000049109571,0.11529999028425664,0.17167999903904274,measured_success,101
new_pf,response_fraction_0p70,nominal,3000101,899,acid,medium,overlapping,2,0,0,0,1,1,5,2,8.860000000000001,4.086714802115431,3.98,0.13071480211543074,481.67149999790126,318.87579999602167,160.1094599987846,measured_success,101
new_ppo,response_fraction_0p70,nominal,3000101,899,acid,medium,overlapping,2,0,0,0,1,1,4,2,9.209999999999999,4.1330566396988395,4.02,0.17705663969883956,0.6008999989717267,0.09090000094147399,0.17294999997830018,measured_success,101
new_pf,response_fraction_0p70,nominal,3000101,900,base,medium,single,1,1,0,0,1,0,12,2,7.7600000000000025,8.607287973608994,8.58,0.05671202639100592,1300.5132000034791,583.0009000055725,156.95950833408764,measured_success,101
new_ppo,response_fraction_0p70,nominal,3000101,900,base,medium,single,1,1,0,0,1,0,5,2,3.52,8.582461174923008,8.7,0.08153882507699173,0.7900999989942648,0.112599998828955,0.18053999956464395,measured_success,101
new_pf,response_fraction_0p70,nominal,3000101,901,base,medium,separated,3,1,0,0,1,0,4,1,8.079999999999998,4.4798066899435,4.39,0.09180668994349972,152.8257000099984,185.81519999861484,84.66022500215331,measured_success,101
new_ppo,response_fraction_0p70,nominal,3000101,901,base,medium,separated,3,0,0,0,1,1,3,1,8.55,4.608838784422863,4.45,0.2208387844228632,0.47759999870322645,0.08039999374886975,0.18599999748403206,measured_success,101
new_pf,response_fraction_0p70,nominal,3000101,902,base,near,overlapping,2,1,1,0,1,0,3,0,1.98,3.315030579580429,3.29,0.025969420419571065,206.06129999941913,130.2261999953771,112.09583333159874,measured_success,101
new_ppo,response_fraction_0p70,nominal,3000101,902,base,near,overlapping,2,1,1,0,1,0,1,0,2.06,3.3232364097868006,3.25,0.01776359021319962,0.3770000039367005,0.030499999411404133,0.40750000334810466,measured_success,101
new_pf,response_fraction_0p70,nominal,3000101,903,base,far,separated,3,0,0,0,1,1,5,1,18.749999999999996,4.793020044182494,4.64,0.1420200441824946,378.5118999949191,294.88889999629464,134.68015999824274,measured_success,101
new_ppo,response_fraction_0p70,nominal,3000101,903,base,far,separated,3,1,1,0,1,0,5,1,18.080000000000002,4.686431377783633,4.59,0.03543137778363281,4.740400014270563,0.15640000492567196,0.9793600038392469,measured_success,101
new_pf,response_fraction_0p70,nominal,3000101,904,acid,near,single,1,1,0,0,1,0,1,1,1.92,3.100448864309489,3.19,0.05755113569051096,138.99279999895953,65.04239999776473,204.03519999672426,measured_success,101
new_ppo,response_fraction_0p70,nominal,3000101,904,acid,near,single,1,1,0,0,1,0,1,1,2.06,3.076885752292532,3.17,0.08111424770746778,0.31370000215247273,0.03090000245720148,0.3446000046096742,measured_success,101
new_pf,response_fraction_0p70,nominal,3000101,905,acid,far,single,1,0,0,1,0,0,50,1,7.229999999999991,2.077229806330725,2.08,0.7277701936692753,6084.529100015061,1977.6008000408183,161.24259800111759,max_steps,101
new_ppo,response_fraction_0p70,nominal,3000101,905,acid,far,single,1,1,0,0,1,0,7,3,8.419999999999998,2.7171085022741277,2.79,0.08789149772587246,1.4053999984753318,0.20500000391621143,0.2300571431987919,measured_success,101
new_pf,response_fraction_0p70,nominal,3000101,906,acid,near,separated,2,0,0,0,1,1,1,1,3.09,4.635674362570239,4.79,0.11032563742976187,81.54150000336813,57.575300001190044,139.11680000455817,measured_success,101
new_ppo,response_fraction_0p70,nominal,3000101,906,acid,near,separated,2,0,0,0,1,1,2,1,3.1100000000000003,4.632468774784481,4.72,0.11353122521551917,0.42350000148871914,0.05059999966761097,0.23705000057816505,measured_success,101
new_pf,response_fraction_0p70,nominal,3000101,907,base,near,single,1,1,0,0,1,0,19,2,4.639999999999997,5.943740128083132,5.99,0.05325987191686821,2533.2452000002377,912.5101000099676,181.35554210580028,measured_success,101
new_ppo,response_fraction_0p70,nominal,3000101,907,base,near,single,1,0,0,1,1,1,3,2,4.43,5.3363432071814145,6.04,0.6606567928185854,1.9998000061605126,0.09500000305706635,0.6982666697391929,measured_success,101
new_pf,response_fraction_0p70,nominal,3000101,908,base,far,separated,2,0,0,0,1,1,38,5,13.409999999999988,9.542306360973189,9.39,0.23130636097318913,1000.5083999858471,1542.3743999999715,66.91796842067943,measured_success,101
new_ppo,response_fraction_0p70,nominal,3000101,908,base,far,separated,2,0,0,1,1,1,6,2,11.149999999999997,8.299078962638418,9.3,1.0119210373615815,1.0588999939500354,0.17359998309984803,0.20541666284164725,measured_success,101
new_pf,response_fraction_0p70,nominal,3000101,909,acid,medium,overlapping,3,1,1,0,1,0,5,0,9.239999999999998,1.7256890649652137,1.75,0.021689064965213722,390.25249999394873,267.025699999067,131.45563999860315,measured_success,101
new_ppo,response_fraction_0p70,nominal,3000101,909,acid,medium,overlapping,3,1,1,0,1,0,6,0,9.23,1.7262883881133195,1.75,0.022288388113319568,5.207100010011345,0.1807000080589205,0.8979666696783776,measured_success,101
new_pf,response_fraction_0p70,nominal,3000101,910,acid,medium,separated,2,0,0,0,1,1,4,1,7.9,2.894204866321065,3.02,0.13179513367893492,135.86490000307094,193.3266000050935,82.29787500204111,measured_success,101
new_ppo,response_fraction_0p70,nominal,3000101,910,acid,medium,separated,2,1,1,0,1,0,4,1,6.8999999999999995,3.0127830783404814,3.06,0.013216921659518377,0.6256999913603067,0.09669998689787462,0.18059999456454534,measured_success,101
new_pf,response_fraction_0p70,nominal,3000101,911,base,far,separated,2,0,0,0,1,1,22,6,11.459999999999994,9.163444016505295,9.25,0.1375559834947051,1779.5511000440456,917.9732999909902,122.614745456138,measured_success,101
new_ppo,response_fraction_0p70,nominal,3000101,911,base,far,separated,2,0,0,0,1,1,14,6,11.499999999999995,9.163167460161471,9.26,0.13783253983852894,6.198299990501255,0.3871999942930415,0.4703928560567355,measured_success,101
new_pf,response_fraction_0p70,nominal,3000101,912,acid,far,single,1,0,0,0,1,1,4,1,14.760000000000002,1.7566382953976247,1.85,0.11736170460237538,258.5525000031339,210.06299999862676,117.15387500044017,measured_success,101
new_ppo,response_fraction_0p70,nominal,3000101,912,acid,far,single,1,0,0,0,1,1,4,1,16.14,1.6756664317044048,1.79,0.19833356829559534,3.1643000038457103,0.14350000128615648,0.8269500012829667,measured_success,101
new_pf,response_fraction_0p70,nominal,3000101,913,acid,near,single,1,0,0,0,1,1,1,1,2.76,2.8912524121369936,3.14,0.18174758786300638,122.31510000128765,78.21169999806443,200.52679999935208,measured_success,101
new_ppo,response_fraction_0p70,nominal,3000101,913,acid,near,single,1,1,1,0,1,0,4,2,4.15,3.1101726599137693,3.07,0.03717265991376939,0.8759999909671023,0.13590000162366778,0.25297499814769253,measured_success,101
new_pf,response_fraction_0p70,nominal,3000101,914,acid,near,single,1,0,0,0,1,1,3,2,2.28,6.0346695268361135,5.69,0.4286695268361136,243.7490000083926,213.52730000944575,152.42543333927946,measured_success,101
new_ppo,response_fraction_0p70,nominal,3000101,914,acid,near,single,1,0,0,0,1,1,18,8,18.180000000000003,6.083753553074015,5.63,0.4777535530740149,2.739999988989439,0.45999998110346496,0.17777777611627243,measured_success,101
new_pf,response_fraction_0p70,nominal,3000101,915,acid,medium,separated,3,0,0,0,0,0,50,1,5.87999999999998,2.4527145541635864,2.45,0.4582854458364136,560.1206999999704,1764.8555999694509,46.499525999388425,max_steps,101
new_ppo,response_fraction_0p70,nominal,3000101,915,acid,medium,separated,3,0,0,0,1,1,1,1,3.19,2.416258323687578,2.91,0.49474167631242194,0.28840000595664605,0.02819999644998461,0.31660000240663067,measured_success,101
new_pf,response_fraction_0p70,nominal,3000101,916,acid,medium,overlapping,2,1,0,0,1,0,2,1,3.1,3.2339260990086105,3.35,0.08307390099138967,20.18530000350438,153.301400008786,86.74335000614519,measured_success,101
new_ppo,response_fraction_0p70,nominal,3000101,916,acid,medium,overlapping,2,0,0,0,1,1,2,1,4.24,3.0947047419100135,3.23,0.22229525808998662,0.47700000141048804,0.12299999798415229,0.29999999969732016,measured_success,101
new_pf,response_fraction_0p70,nominal,3000101,917,acid,medium,separated,2,0,0,0,1,1,3,1,6.93,3.798901548077465,3.9,0.16809845192253503,155.7671999980812,198.49459999386454,118.08726666398191,measured_success,101
new_ppo,response_fraction_0p70,nominal,3000101,917,acid,medium,separated,2,0,0,0,1,1,2,1,8.17,3.5320735748753247,3.87,0.4349264251246754,0.4714999959105626,0.06249999569263309,0.26699999580159783,measured_success,101
new_pf,response_fraction_0p70,nominal,3000101,918,acid,near,separated,2,1,1,0,1,0,2,0,1.7399999999999998,5.846373113323796,5.91,0.015373113323795984,17.486800003098324,134.18749999982538,75.83715000146185,measured_success,101
new_ppo,response_fraction_0p70,nominal,3000101,918,acid,near,separated,2,1,0,0,1,0,1,1,2.06,5.767353037496868,5.92,0.06364696250313262,0.2853999976650812,0.029300004825927317,0.3147000024910085,measured_success,101
new_pf,response_fraction_0p70,nominal,3000101,919,acid,near,separated,2,1,1,0,1,0,2,1,1.25,5.975147508977372,6.02,0.03185249102262766,289.2495000050985,113.77309999807039,201.51130000158446,measured_success,101
new_ppo,response_fraction_0p70,nominal,3000101,919,acid,near,separated,2,0,0,0,1,1,1,1,2.06,5.766086341229855,5.92,0.24091365877014503,0.2308999974047765,0.021599997126031667,0.2524999945308082,measured_success,101
new_pf,response_fraction_0p70,nominal,3000101,920,acid,near,separated,2,0,0,0,1,1,2,1,3.5700000000000003,6.209472836820256,6.3,0.14452716317974446,229.13990000961348,100.93300000880845,165.03645000921097,measured_success,101
new_ppo,response_fraction_0p70,nominal,3000101,920,acid,near,separated,2,1,0,0,1,0,2,1,3.1100000000000003,6.293317480891627,6.37,0.06068251910837308,0.32329999521607533,0.04459999763639644,0.18394999642623588,measured_success,101
new_pf,response_fraction_0p70,nominal,3000101,921,base,medium,single,1,0,0,0,1,1,12,3,8.899999999999997,8.401330065824645,8.16,0.24233006582464434,1258.4349000026123,537.123399983102,149.62985833214285,measured_success,101
new_ppo,response_fraction_0p70,nominal,3000101,921,base,medium,single,1,0,0,1,1,1,3,2,8.67,6.71761195694355,8.1,1.4413880430564507,0.5381000009947456,0.07699999696342275,0.2050333326527228,measured_success,101
new_pf,response_fraction_0p70,nominal,3000101,922,acid,medium,separated,3,1,1,0,1,0,4,0,5.61,5.0673882589439785,5.13,0.02938825894397823,39.3162000036682,195.6897999989451,58.75150000065332,measured_success,101
new_ppo,response_fraction_0p70,nominal,3000101,922,acid,medium,separated,3,1,1,0,1,0,5,1,5.87,5.008880475729622,5.05,0.029119524270377894,0.9549999958835542,0.14730000111740083,0.220459999400191,measured_success,101
new_pf,response_fraction_0p70,nominal,3000101,923,base,medium,single,1,1,1,0,1,0,16,2,11.969999999999994,7.488732599378318,7.45,0.03426740062168143,1376.167099981103,709.0432000040892,130.32564374907452,measured_success,101
new_ppo,response_fraction_0p70,nominal,3000101,923,base,medium,single,1,1,0,0,1,0,11,3,10.519999999999996,7.590066840962358,7.49,0.06706684096235804,1.4502999983960763,0.26869999419432133,0.15627272659912705,measured_success,101
new_pf,response_fraction_0p70,nominal,3000101,924,acid,far,single,1,0,0,0,1,1,26,5,16.019999999999992,5.065606598849117,5.19,0.11839340115088337,2641.574999994191,1130.3698000047007,145.07479999995738,measured_success,101
new_ppo,response_fraction_0p70,nominal,3000101,924,acid,far,single,1,0,0,1,0,0,22,12,50.0,9.310401821162078,8.91,4.126401821162077,3.9462000131607056,3.5079000153928064,0.3388227285706142,dose_limit,101
new_pf,response_fraction_0p70,nominal,3000101,925,base,near,single,1,1,1,0,1,0,2,0,1.81,3.1693300649176477,3.1,0.009669935082352143,138.87300000351388,103.0856999932439,120.9793499983789,measured_success,101
new_ppo,response_fraction_0p70,nominal,3000101,925,base,near,single,1,0,0,0,1,1,2,1,2.7199999999999998,3.3185158608194287,3.23,0.1395158608194289,0.3956000000471249,0.0503999981447123,0.2229999990959186,measured_success,101
new_pf,response_fraction_0p70,nominal,3000101,926,acid,near,single,1,1,1,0,1,0,3,0,1.83,7.499426401173864,7.53,0.04242640117386376,22.56860000488814,154.5448000106262,59.03780000517145,measured_success,101
new_ppo,response_fraction_0p70,nominal,3000101,926,acid,near,single,1,1,0,0,1,0,2,1,2.67,7.357556203995575,7.42,0.09944379600442499,0.4250999991199933,0.04909999552182853,0.23709999732091092,measured_success,101
new_pf,response_fraction_0p70,nominal,3000101,927,acid,medium,separated,2,1,0,0,1,0,17,1,9.289999999999994,3.052611064072896,3.04,0.06438893592710393,391.2229000052321,656.1134000003221,61.608017647385545,measured_success,101
new_ppo,response_fraction_0p70,nominal,3000101,927,acid,medium,separated,2,1,1,0,1,0,8,2,11.589999999999996,3.131646425114357,3.09,0.014646425114356987,3.46660000650445,0.24339998344657943,0.4637499987438787,measured_success,101
new_pf,response_fraction_0p70,nominal,3000101,928,acid,far,single,1,0,0,0,0,0,50,1,11.519999999999971,1.5626863631577472,1.56,0.11831363684225282,5247.059399996942,1688.6554000011529,138.7142959999619,max_steps,101
new_ppo,response_fraction_0p70,nominal,3000101,928,acid,far,single,1,1,0,0,1,0,9,1,15.989999999999997,1.6239860688332537,1.6,0.05701393116674636,1.2971999967703596,0.2176999842049554,0.16832222010836834,measured_success,101
new_pf,response_fraction_0p70,nominal,3000101,929,base,near,single,1,1,1,0,1,0,4,0,4.66,8.876873072017823,8.85,0.02112692798217708,565.2323999966029,200.45889998436905,191.422824995243,measured_success,101
new_ppo,response_fraction_0p70,nominal,3000101,929,base,near,single,1,1,0,0,1,0,5,0,4.3100000000000005,8.836116337616112,8.82,0.061883662383888094,2.1590999967884272,0.13300000864546746,0.45842000108677894,measured_success,101
new_pf,response_fraction_0p70,nominal,3000101,930,base,far,separated,2,0,0,0,1,1,38,5,15.130000000000015,9.491475647781328,9.26,0.30147564778132896,642.8080000187038,1555.177600006573,57.84172631645465,measured_success,101
new_ppo,response_fraction_0p70,nominal,3000101,930,base,far,separated,2,0,0,0,0,0,50,47,15.949999999999989,9.480655412171984,9.32,0.29065541217198465,8.631200005766004,1.194100004795473,0.19650600021122955,max_steps,101
new_pf,response_fraction_0p70,nominal,3000101,931,base,near,single,1,1,0,0,1,0,22,2,8.409999999999998,4.95550239572075,4.93,0.07049760427925023,534.4272000147612,956.446500007587,67.7669863646522,measured_success,101
new_ppo,response_fraction_0p70,nominal,3000101,931,base,near,single,1,0,0,1,1,1,3,2,4.43,4.412057769003255,4.96,0.613942230996745,0.5814000032842159,0.08919999527279288,0.22353333285233626,measured_success,101
new_pf,response_fraction_0p70,nominal,3000101,932,base,medium,separated,3,1,0,0,1,0,18,1,13.310000000000004,4.396835160189687,4.4,0.09383516018968674,432.5295000016922,698.005899990676,62.80752222179823,measured_success,101
new_ppo,response_fraction_0p70,nominal,3000101,932,base,medium,separated,3,1,0,0,1,0,8,0,9.969999999999997,4.227210229939599,4.21,0.07578977006040066,1.2117000005673617,0.19350000366102904,0.17565000052854884,measured_success,101
new_pf,response_fraction_0p70,nominal,3000101,933,acid,medium,single,1,0,0,0,1,1,5,3,4.51,5.2505704561079565,5.32,0.11642954389204352,274.12809999805177,285.4435999979614,111.91433999920264,measured_success,101
new_ppo,response_fraction_0p70,nominal,3000101,933,acid,medium,single,1,1,1,0,1,0,5,3,4.28,5.3289382617944145,5.39,0.03806173820558545,0.8104000007733703,0.14150000060908496,0.19038000027649105,measured_success,101
new_pf,response_fraction_0p70,nominal,3000101,934,base,near,separated,2,1,0,0,1,0,4,0,2.22,6.382359367987055,6.36,0.05364063201294478,39.513500007160474,186.00699998933123,56.38012499912293,measured_success,101
new_ppo,response_fraction_0p70,nominal,3000101,934,base,near,separated,2,1,0,0,1,0,2,1,3.1100000000000003,6.516568808491501,6.45,0.08056880849150083,2.4131000027409755,0.056899996707215905,1.2349999997240957,measured_success,101
new_pf,response_fraction_0p70,nominal,3000101,935,acid,far,single,1,0,0,0,1,1,2,1,8.02,1.4709535660325828,1.74,0.2140464339674173,131.03689999843482,152.40910000284202,141.72300000063842,measured_success,101
new_ppo,response_fraction_0p70,nominal,3000101,935,acid,far,single,1,0,0,0,1,1,2,1,10.58,1.3787294730174944,1.68,0.3062705269825057,0.44239999988349155,0.06339999526971951,0.25289999757660553,measured_success,101
new_pf,response_fraction_0p70,nominal,3000101,936,acid,medium,single,1,1,1,0,1,0,6,0,13.129999999999999,1.661101106987859,1.68,0.04410110698785896,531.9294000146328,321.40090000029886,142.22171666915528,measured_success,101
new_ppo,response_fraction_0p70,nominal,3000101,936,acid,medium,single,1,1,1,0,1,0,5,0,13.69,1.6326559194012669,1.68,0.01565591940126687,1.252800015208777,0.1503000021330081,0.280620003468357,measured_success,101
new_pf,response_fraction_0p70,nominal,3000101,937,base,far,single,1,0,0,0,1,1,44,2,14.99999999999997,9.657200847097606,10.01,0.2687991529023943,4939.3319000228075,1581.2341000055312,148.19468181882587,measured_success,101
new_ppo,response_fraction_0p70,nominal,3000101,937,base,far,single,1,1,1,0,1,0,10,2,0.8600000000000001,9.920832100355256,9.85,0.005167899644744622,1.495700009400025,0.24250000569736585,0.17382000150973909,measured_success,101
new_pf,response_fraction_0p70,nominal,3000101,938,base,medium,separated,3,1,0,0,1,0,24,1,8.25,5.874969891363566,5.89,0.06496989136356657,370.5888000113191,626.2064999900758,41.533137500058125,measured_success,101
new_ppo,response_fraction_0p70,nominal,3000101,938,base,medium,separated,3,0,0,0,1,1,2,1,5.08,6.129120100179145,5.88,0.3191201001791457,0.37739999970654026,0.04949999856762588,0.21344999913708307,measured_success,101
new_pf,response_fraction_0p70,nominal,3000101,939,base,far,separated,2,0,0,1,0,0,50,2,15.02999999999997,8.316250271167178,8.28,1.6817497288328216,4721.160599976429,1796.7865999453352,130.35894399843528,max_steps,101
new_ppo,response_fraction_0p70,nominal,3000101,939,base,far,separated,2,1,0,0,1,0,9,2,1.5000000000000002,9.918173172472734,10.08,0.07982682752726511,1.425100002961699,0.2398999858996831,0.18499999876237577,measured_success,101
new_pf,response_fraction_0p70,nominal,3000101,940,acid,medium,single,1,0,0,0,1,1,2,1,6.53,3.2644741220096662,3.42,0.1415258779903339,160.2158999958192,93.2217999943532,126.7188499950862,measured_success,101
new_ppo,response_fraction_0p70,nominal,3000101,940,acid,medium,single,1,1,0,0,1,0,3,1,6.1,3.3340293931612033,3.42,0.07197060683879686,0.5362000010791235,0.07780000305501744,0.20466666804471365,measured_success,101
new_pf,response_fraction_0p70,nominal,3000101,941,acid,near,separated,3,1,0,0,1,0,9,0,6.390000000000001,2.516927902854662,2.53,0.06692790285466188,73.41959999757819,316.99769999977434,43.379699999705835,measured_success,101
new_ppo,response_fraction_0p70,nominal,3000101,941,acid,near,separated,3,1,0,0,1,0,4,0,6.640000000000001,2.5007432984741707,2.53,0.05074329847417047,2.907900001446251,0.12879999849246815,0.7591749999846797,measured_success,101
new_pf,response_fraction_0p70,nominal,3000101,942,base,near,separated,3,1,0,0,1,0,8,0,5.13,1.913887778323764,1.9,0.07411222167623599,80.5002000197419,412.4093000064022,61.61368750326801,measured_success,101
new_ppo,response_fraction_0p70,nominal,3000101,942,base,near,separated,3,1,0,0,1,0,6,0,5.169999999999999,1.9164130298492008,1.9,0.07158697015079918,1.1364999954821542,0.17439999646740034,0.21848333199159242,measured_success,101
new_pf,response_fraction_0p70,nominal,3000101,943,base,medium,separated,3,1,1,0,1,0,12,2,7.109999999999999,5.645891738962225,5.69,0.004108261037774952,219.55609998258296,462.9756000067573,56.877641665778356,measured_success,101
new_ppo,response_fraction_0p70,nominal,3000101,943,base,medium,separated,3,0,0,1,1,1,1,1,2.75,6.211079229495844,5.72,0.561079229495844,0.27570000384002924,0.02529999619582668,0.3010000000358559,measured_success,101
new_pf,response_fraction_0p70,nominal,3000101,944,acid,medium,separated,3,0,0,0,0,0,50,1,6.329999999999981,3.430540442740906,3.43,0.34245955725909427,545.3672999719856,2021.4793999839458,51.33693399911863,max_steps,101
new_ppo,response_fraction_0p70,nominal,3000101,944,acid,medium,separated,3,1,1,0,1,0,6,2,5.86,3.8017846415334766,3.76,0.028784641533476485,1.2506000057328492,3.3528999992995523,0.7672500008387336,measured_success,101
new_pf,response_fraction_0p70,nominal,3000101,945,acid,near,separated,3,0,0,0,1,1,1,1,1.93,2.0306616621758495,2.34,0.3843383378241505,130.91209999402054,100.6716999982018,231.58379999222234,measured_success,101
new_ppo,response_fraction_0p70,nominal,3000101,945,acid,near,separated,3,1,1,0,1,0,3,2,4.41,2.4214868578472215,2.35,0.006486857847221472,0.6186000027810223,0.07270000060088933,0.2304333344606372,measured_success,101
new_pf,response_fraction_0p70,nominal,3000101,946,base,medium,separated,2,1,1,0,1,0,21,2,9.139999999999993,6.561430608901173,6.53,0.008569391098827595,593.3497999867541,978.6124000020209,74.85534285660833,measured_success,101
new_ppo,response_fraction_0p70,nominal,3000101,946,base,medium,separated,2,0,0,1,1,1,13,6,16.369999999999997,6.060663184838294,6.54,0.5093368151617064,4.948700006934814,0.3941999966627918,0.4109923079690466,measured_success,101
new_pf,response_fraction_0p70,nominal,3000101,947,acid,medium,single,1,1,1,0,1,0,12,3,6.440000000000002,3.659044197681962,3.73,0.01795580231803795,498.98289998964174,535.8764999837149,86.23828333111305,measured_success,101
new_ppo,response_fraction_0p70,nominal,3000101,947,acid,medium,single,1,0,0,0,1,1,4,4,7.2700000000000005,3.9649399127198386,3.71,0.28793991271983854,0.7584000049973838,0.11380000796634704,0.2180500032409327,measured_success,101
new_pf,response_fraction_0p70,nominal,3000101,948,base,medium,separated,3,1,0,0,1,0,18,2,8.690000000000005,6.919368569338133,6.9,0.06163143066186727,706.4732999933767,819.0169000081369,84.74945555563964,measured_success,101
new_ppo,response_fraction_0p70,nominal,3000101,948,base,medium,separated,3,0,0,1,1,1,4,2,11.469999999999999,6.412851131252088,6.98,0.5681488687479117,2.8690999970422126,0.11609999637585133,0.746299998354516,measured_success,101
new_pf,response_fraction_0p70,nominal,3000101,949,acid,medium,separated,2,1,0,0,1,0,3,1,7.16,4.387416670700052,4.52,0.056583329299948026,253.76399999368005,181.5363999994588,145.1001333310463,measured_success,101
new_ppo,response_fraction_0p70,nominal,3000101,949,acid,medium,separated,2,1,0,0,1,0,8,1,10.049999999999995,4.389625079152614,4.37,0.054374920847386043,1.4673000041511841,0.24510000366717577,0.21405000097729499,measured_success,101
new_pf,response_fraction_0p70,nominal,3000101,950,base,far,single,1,1,0,0,1,0,27,2,17.599999999999998,5.658722473738992,5.72,0.08927752626100816,3201.6345000229194,1193.1824999846867,162.7710000002817,measured_success,101
new_ppo,response_fraction_0p70,nominal,3000101,950,base,far,single,1,0,0,1,1,1,10,4,17.26,5.156082009251115,5.75,0.5919179907488852,3.341999981785193,0.2989999848068692,0.3640999966592062,measured_success,101
new_pf,response_fraction_0p70,nominal,3000101,951,base,near,single,1,0,0,0,1,1,1,1,1.02,3.268352883919082,3.09,0.21535288391908214,11.416000001190696,58.22799999441486,69.64399999560555,measured_success,101
new_ppo,response_fraction_0p70,nominal,3000101,951,base,near,single,1,0,0,0,1,1,8,3,4.76,3.1863092421522587,3.11,0.1333092421522588,1.2809999825549312,2.1295999831636436,0.42632499571482185,measured_success,101
new_pf,response_fraction_0p70,nominal,3000101,952,base,medium,separated,2,0,0,0,1,1,20,2,7.109999999999998,7.462817751792116,7.85,0.35118224820788413,2719.9869000105537,1050.1870999942184,188.5087000002386,measured_success,101
new_ppo,response_fraction_0p70,nominal,3000101,952,base,medium,separated,2,1,1,0,1,0,15,4,11.839999999999995,7.789405907098384,7.83,0.02459409290161574,3.0453000217676163,0.4737999915960245,0.23460666755757606,measured_success,101
new_pf,response_fraction_0p70,nominal,3000101,953,acid,far,single,1,0,0,0,1,1,32,4,15.5,4.829077582223366,4.65,0.24607758222336606,3118.038600019645,1304.026400008297,138.1895312508732,measured_success,101
new_ppo,response_fraction_0p70,nominal,3000101,953,acid,far,single,1,1,1,0,1,0,22,14,24.12,4.6284924484233425,4.5,0.045492448423342324,4.418200005602557,0.6569000252056867,0.23068636503673837,measured_success,101
new_pf,response_fraction_0p70,nominal,3000101,954,base,medium,separated,2,1,0,0,1,0,12,0,12.88,3.9112824796982624,3.9,0.07271752030173761,77.73810001526726,338.1237999928999,34.655158334013926,measured_success,101
new_ppo,response_fraction_0p70,nominal,3000101,954,base,medium,separated,2,1,0,0,1,0,14,0,12.839999999999995,3.908504851740518,3.9,0.07549514825948211,2.160699987143744,0.35000000207219273,0.17933571351542404,measured_success,101
new_pf,response_fraction_0p70,nominal,3000101,955,acid,near,single,1,1,0,0,1,0,2,1,3.92,1.925947543166033,2.01,0.0720524568339671,272.72570000059204,148.27089999016607,210.49829999537906,measured_success,101
new_ppo,response_fraction_0p70,nominal,3000101,955,acid,near,single,1,0,0,0,1,1,2,1,4.29,1.8879509710469162,1.98,0.11004902895308377,0.3752999982680194,0.048299989430233836,0.21179999384912662,measured_success,101
new_pf,response_fraction_0p70,nominal,3000101,956,base,far,separated,3,0,0,0,1,1,27,3,14.369999999999997,9.468234802227709,9.18,0.30123480222770915,933.7072000125772,1231.5196000199649,80.19358518639045,measured_success,101
new_ppo,response_fraction_0p70,nominal,3000101,956,base,far,separated,3,0,0,0,1,1,14,6,13.299999999999997,8.967221631823293,9.07,0.19977836817670713,2.2433999984059483,0.3902999887941405,0.1881214276571492,measured_success,101
new_pf,response_fraction_0p70,nominal,3000101,957,acid,medium,single,1,1,1,0,1,0,4,1,6.85,6.0591040557498435,6.13,0.015895944250156724,173.37509999924805,252.84079999255482,106.55397499795072,measured_success,101
new_ppo,response_fraction_0p70,nominal,3000101,957,acid,medium,single,1,1,0,0,1,0,6,0,6.5,6.1406340192835,6.17,0.06563401928349943,3.195600009348709,0.20290000247769058,0.5664166686377333,measured_success,101
new_pf,response_fraction_0p70,nominal,3000101,958,acid,medium,separated,3,0,0,0,1,1,2,1,5.62,2.1374766465196178,2.31,0.1795233534803824,243.74679999891669,131.14069999573985,187.44374999732827,measured_success,101
new_ppo,response_fraction_0p70,nominal,3000101,958,acid,medium,separated,3,1,0,0,1,0,5,1,7.14,2.263653036239118,2.24,0.053346963760882105,0.9697999921627343,1.754499986418523,0.5448599957162514,measured_success,101
new_pf,response_fraction_0p70,nominal,3000101,959,base,medium,single,1,1,1,0,1,0,4,0,5.669999999999999,5.6544853396800825,5.63,0.04351466031991791,287.54200000548735,223.6341999960132,127.79405000037514,measured_success,101
new_ppo,response_fraction_0p70,nominal,3000101,959,base,medium,single,1,1,0,0,1,0,7,0,5.369999999999999,5.619512356827453,5.6,0.0784876431725472,1.324700002442114,0.2201999959652312,0.2206999997724779,measured_success,101
new_pf,response_fraction_0p70,nominal,3000101,960,acid,far,single,1,0,0,0,0,0,50,1,11.11999999999999,1.7430233948451308,1.74,0.2399766051548693,4848.725000025297,1473.8725000206614,126.45195000091917,max_steps,101
new_ppo,response_fraction_0p70,nominal,3000101,960,acid,far,single,1,1,1,0,1,0,9,1,15.559999999999997,1.948812743049531,1.92,0.03418725695046909,1.7286999936914071,0.2364999891142361,0.21835555364507148,measured_success,101
new_pf,response_fraction_0p70,nominal,3000101,961,base,near,separated,2,0,0,0,0,0,50,2,7.609999999999991,5.991722212564662,5.99,0.3722777874353378,794.6687999865389,1929.3906999955652,54.48118999964208,max_steps,101
new_ppo,response_fraction_0p70,nominal,3000101,961,base,near,separated,2,0,0,0,1,1,1,1,2.06,6.5385741505937585,6.31,0.17457415059375858,0.2710999979171902,0.026200003048870713,0.2973000009660609,measured_success,101
new_pf,response_fraction_0p70,nominal,3000101,962,acid,near,separated,2,1,0,0,1,0,1,1,1.6,2.772715670011835,2.92,0.09728432998816494,110.83959999814397,66.23219999892171,177.07179999706568,measured_success,101
new_ppo,response_fraction_0p70,nominal,3000101,962,acid,near,separated,2,0,0,0,1,1,1,1,2.06,2.5796601063739732,2.78,0.29033989362602686,0.26700000307755545,0.033299998904112726,0.3003000019816682,measured_success,101
new_pf,response_fraction_0p70,nominal,3000101,963,base,medium,single,1,1,0,0,1,0,4,1,8.690000000000001,7.67701368503803,7.54,0.07001368503803018,33.99119999085087,220.3015999912168,63.573199995516916,measured_success,101
new_ppo,response_fraction_0p70,nominal,3000101,963,base,medium,single,1,1,1,0,1,0,9,3,13.249999999999998,7.633347121163078,7.59,0.026347121163078135,1.3875000004190952,0.19800000882241875,0.17616666769350153,measured_success,101
new_pf,response_fraction_0p70,nominal,3000101,964,base,medium,single,1,0,0,0,1,1,3,1,3.84,7.746701223070485,7.68,0.10270122307048446,23.820200003683567,97.57750001153909,40.46590000507422,measured_success,101
new_ppo,response_fraction_0p70,nominal,3000101,964,base,medium,single,1,1,0,0,1,0,3,1,3.77,7.725986776716107,7.63,0.0819867767161071,2.4369000020669773,0.06969998503336683,0.835533329033448,measured_success,101
new_pf,response_fraction_0p70,nominal,3000101,965,acid,medium,single,1,0,0,1,1,1,1,1,4.38,2.8761444545825423,3.48,0.6518555454174577,103.72780000034254,134.01030000386527,237.7381000042078,measured_success,101
new_ppo,response_fraction_0p70,nominal,3000101,965,acid,medium,single,1,1,0,0,1,0,6,3,7.67,3.477622883353174,3.54,0.05037711664682609,1.1843000102089718,0.16910000704228878,0.22556666954187676,measured_success,101
new_pf,response_fraction_0p70,nominal,3000101,966,base,far,separated,2,0,0,1,1,1,2,2,7.64,5.866280679936793,7.09,1.1637193200632074,157.74789999704808,194.2516000053729,175.9997500012105,measured_success,101
new_ppo,response_fraction_0p70,nominal,3000101,966,base,far,separated,2,0,0,1,1,1,2,2,10.06,5.7668146972525545,7.06,1.2631853027474458,0.4902000000583939,0.056899996707215905,0.2735499983828049,measured_success,101
new_pf,response_fraction_0p70,nominal,3000101,967,acid,medium,single,1,1,1,0,1,0,9,1,4.4799999999999995,2.5803106737846093,2.53,0.01168932621539076,1227.7762000157963,461.8902999936836,187.74072222327555,measured_success,101
new_ppo,response_fraction_0p70,nominal,3000101,967,acid,medium,single,1,1,0,0,1,0,10,5,12.88,2.536100462176906,2.61,0.0558995378230942,1.8980000168085098,0.2894999852287583,0.2187500002037268,measured_success,101
new_pf,response_fraction_0p70,nominal,3000101,968,acid,medium,overlapping,2,1,0,0,1,0,13,1,6.520000000000002,2.178334783124021,2.17,0.07566521687597882,1425.2957000062452,483.8358999986667,146.85627692345477,measured_success,101
new_ppo,response_fraction_0p70,nominal,3000101,968,acid,medium,overlapping,2,1,1,0,1,0,4,1,7.960000000000001,2.21835422098102,2.16,0.03564577901898014,0.7131000093067996,0.11420000373618677,0.2068250032607466,measured_success,101
new_pf,response_fraction_0p70,nominal,3000101,969,acid,near,separated,2,1,1,0,1,0,3,1,6.1,2.9322895165032197,3.05,0.044710483496780196,146.09899999777554,120.00169999373611,88.70023333050388,measured_success,101
new_ppo,response_fraction_0p70,nominal,3000101,969,acid,near,separated,2,1,1,0,1,0,3,0,5.66,2.980827417050657,3.04,0.0038274170506569227,2.6247999994666316,0.09059999865712598,0.9051333327079192,measured_success,101
new_pf,response_fraction_0p70,nominal,3000101,970,acid,medium,separated,3,1,1,0,1,0,3,0,6.73,1.6832526346795107,1.73,0.009252634679510763,391.0695999948075,192.77329999022186,194.6142999950098,measured_success,101
new_ppo,response_fraction_0p70,nominal,3000101,970,acid,medium,separated,3,1,1,0,1,0,4,1,7.130000000000001,1.6601083935175516,1.7,0.01389160648244836,0.8402000021305867,0.12319999950705096,0.2408500004094094,measured_success,101
new_pf,response_fraction_0p70,nominal,3000101,971,acid,far,single,1,0,0,0,1,1,19,2,11.049999999999994,4.159807024408318,3.94,0.22680702440831801,2173.929300006421,714.5314000081271,152.02424736918672,measured_success,101
new_ppo,response_fraction_0p70,nominal,3000101,971,acid,far,single,1,0,0,1,0,0,38,21,50.0,2.595166075763186,2.74,1.337833924236814,9.769599993887823,1.073300009011291,0.285339473760503,dose_limit,101
new_pf,response_fraction_0p70,nominal,3000101,972,base,far,separated,2,0,0,0,1,1,24,2,23.84,5.709633190482307,5.93,0.24036680951769274,1904.8057999971206,765.9861000211095,111.28299583409292,measured_success,101
new_ppo,response_fraction_0p70,nominal,3000101,972,base,far,separated,2,0,0,1,0,0,37,12,50.0,5.294476569886005,5.25,0.6555234301139956,5.910200001380872,1.3795999548165128,0.19702162043776716,dose_limit,101
new_pf,response_fraction_0p70,nominal,3000101,973,base,far,overlapping,2,1,1,0,1,0,35,2,16.60000000000001,5.5709199330791535,5.55,0.049080066920846654,435.374699998647,1534.11000000051,56.27099142854734,measured_success,101
new_ppo,response_fraction_0p70,nominal,3000101,973,base,far,overlapping,2,1,1,0,1,0,24,5,28.610000000000003,5.6268466078589015,5.69,0.0068466078589013435,7.978300011018291,2.6193000085186213,0.44156666748070467,measured_success,101
new_pf,response_fraction_0p70,nominal,3000101,974,base,far,separated,3,1,0,0,1,0,24,8,17.51000000000002,7.3884651063096385,7.48,0.0955348936903615,1025.3955999942264,879.4912999801454,79.37028749893216,measured_success,101
new_ppo,response_fraction_0p70,nominal,3000101,974,base,far,separated,3,0,0,0,1,1,13,6,14.599999999999998,7.176741245616114,7.58,0.30725875438388606,1.8674000020837411,0.30469999910565093,0.1670846154761071,measured_success,101
new_pf,response_fraction_0p70,nominal,3000101,975,base,far,separated,2,0,0,0,1,1,29,2,10.780000000000012,6.006360360147127,6.25,0.3436396398528725,3043.253099996946,1148.3376000178396,144.53761034533744,measured_success,101
new_ppo,response_fraction_0p70,nominal,3000101,975,base,far,separated,2,0,0,0,1,1,13,4,14.639999999999999,6.0778629678758875,6.27,0.2721370321241121,1.679299988609273,0.3009999927598983,0.15233076779762855,measured_success,101
new_pf,response_fraction_0p70,nominal,3000101,976,base,near,separated,2,1,1,0,1,0,3,0,2.03,4.220508494883992,4.18,0.0034915051160080424,17.986299993935972,96.43569999752799,38.14066666382132,measured_success,101
new_ppo,response_fraction_0p70,nominal,3000101,976,base,near,separated,2,1,1,0,1,0,4,1,4.01,4.266875705706074,4.3,0.042875705706073575,0.6512000036309473,0.10180001117987558,0.18825000370270573,measured_success,101
new_pf,response_fraction_0p70,nominal,3000101,977,base,near,single,1,0,0,0,1,1,9,2,7.500000000000001,5.669073705400784,5.86,0.1809262945992156,164.70510001090588,396.804299998621,62.38993333439188,measured_success,101
new_ppo,response_fraction_0p70,nominal,3000101,977,base,near,single,1,1,1,0,1,0,5,4,4.859999999999999,5.843488274007971,5.91,0.006511725992028872,0.766499993915204,0.12820000119972974,0.17893999902298674,measured_success,101
new_pf,response_fraction_0p70,nominal,3000101,978,acid,far,single,1,0,0,0,0,0,50,1,16.33999999999998,2.950221478780561,2.94,0.3787785212194392,4527.177600029972,1467.7914000494638,119.89938000158872,max_steps,101
new_ppo,response_fraction_0p70,nominal,3000101,978,acid,far,single,1,0,0,0,1,1,11,5,26.01,2.8896079008450597,3.25,0.4393920991549405,1.5921000012895092,0.25150000146823004,0.16760000025070357,measured_success,101
new_pf,response_fraction_0p70,nominal,3000101,979,base,far,single,1,0,0,0,1,1,47,3,13.949999999999996,7.014583325244928,6.89,0.21558332524492752,3189.3621000344865,1496.1863000207813,99.69251915011208,measured_success,101
new_ppo,response_fraction_0p70,nominal,3000101,979,base,far,single,1,0,0,1,0,0,43,13,50.0,11.074430918771206,11.06,4.275430918771206,5.898499999602791,0.9362000055261888,0.15894651174718558,dose_limit,101
new_pf,response_fraction_0p70,nominal,3000101,980,base,near,single,1,1,0,0,1,0,5,2,2.77,3.800285852304169,3.86,0.07671414769583063,271.00179999979446,159.28829999029404,86.0580199980177,measured_success,101
new_ppo,response_fraction_0p70,nominal,3000101,980,base,near,single,1,0,0,1,1,1,8,4,12.139999999999999,3.2946573596969584,3.91,0.5823426403030414,1.1053999987780116,0.19720000273082405,0.16282500018860446,measured_success,101
new_pf,response_fraction_0p70,nominal,3000101,981,acid,near,separated,3,1,0,0,1,0,4,0,1.93,2.9684144326841357,2.98,0.06341443268413594,39.9392999970587,187.53579999611247,56.86877499829279,measured_success,101
new_ppo,response_fraction_0p70,nominal,3000101,981,acid,near,separated,3,1,0,0,1,0,2,1,3.1100000000000003,2.849875068073838,2.9,0.05512493192616175,0.4003999929409474,0.0661999947624281,0.23329999385168776,measured_success,101
new_pf,response_fraction_0p70,nominal,3000101,982,acid,far,separated,3,0,0,0,0,0,50,1,11.459999999999972,2.084983138939328,2.08,0.3710168610606721,4702.634599991143,1393.506000014895,121.92281200012076,max_steps,101
new_ppo,response_fraction_0p70,nominal,3000101,982,acid,far,separated,3,1,1,0,1,0,10,2,16.109999999999996,2.4767742664098975,2.39,0.020774266409897546,2.5893000056385063,0.269199998001568,0.28585000036400743,measured_success,101
new_pf,response_fraction_0p70,nominal,3000101,983,acid,near,separated,2,1,0,0,1,0,3,0,1.5899999999999999,3.0648932478218924,3.09,0.07289324782189244,28.86669999861624,129.08579999930225,52.6508333326395,measured_success,101
new_ppo,response_fraction_0p70,nominal,3000101,983,acid,near,separated,2,1,1,0,1,0,1,0,2.06,3.0093081029795066,3.08,0.01730810297950658,0.28420000307960436,2.0703999980469234,2.354600001126528,measured_success,101
new_pf,response_fraction_0p70,nominal,3000101,984,acid,near,separated,2,0,0,0,1,1,1,1,2.39,2.2779625268353128,2.45,0.1320374731646874,162.20590000011725,85.83050000015646,248.03640000027372,measured_success,101
new_ppo,response_fraction_0p70,nominal,3000101,984,acid,near,separated,2,1,0,0,1,0,1,1,2.06,2.344630316567045,2.49,0.06536968343295513,0.26670000079320744,0.027599999157246202,0.29429999995045364,measured_success,101
new_pf,response_fraction_0p70,nominal,3000101,985,base,near,single,1,1,1,0,1,0,9,1,2.3099999999999996,7.308476679723913,7.34,0.03947667972391322,80.60980000300333,366.6001000019605,49.68998888944043,measured_success,101
new_ppo,response_fraction_0p70,nominal,3000101,985,base,near,single,1,1,1,0,1,0,5,3,4.28,7.316204439851932,7.27,0.04720443985193157,0.8760999990045093,0.13330000365385786,0.20188000053167343,measured_success,101
new_pf,response_fraction_0p70,nominal,3000101,986,acid,medium,separated,3,0,0,0,1,1,2,1,5.93,3.0999940929640655,3.41,0.3890059070359344,161.13220000261208,161.87080000236165,161.50150000248686,measured_success,101
new_ppo,response_fraction_0p70,nominal,3000101,986,acid,medium,separated,3,0,0,0,1,1,2,1,5.05,3.3276148533088863,3.56,0.1613851466911136,0.45990000216988847,0.06269999721553177,0.2612999996927101,measured_success,101
new_pf,response_fraction_0p70,nominal,3000101,987,base,near,single,1,0,0,1,1,1,3,2,3.46,2.50309639592827,3.17,0.6079036040717303,211.11689999816008,234.12090000056196,148.412599999574,measured_success,101
new_ppo,response_fraction_0p70,nominal,3000101,987,base,near,single,1,0,0,1,1,1,3,2,3.17,2.564547419745189,3.2,0.5464525802548112,0.5303000070853159,0.08810000872472301,0.2061333386033463,measured_success,101
new_pf,response_fraction_0p70,nominal,3000101,988,acid,medium,separated,2,0,0,0,0,0,50,1,5.0299999999999905,4.948756754656506,4.95,0.3232432453434946,460.4717999973218,1510.5179999954998,39.41979599985643,max_steps,101
new_ppo,response_fraction_0p70,nominal,3000101,988,acid,medium,separated,2,1,1,0,1,0,6,1,5.38,5.270702310128351,5.22,0.0012976898716487995,0.8557000037399121,0.13899999612476677,0.1657833333107798,measured_success,101
new_pf,response_fraction_0p70,nominal,3000101,989,base,medium,separated,2,0,0,0,1,1,40,4,12.400000000000002,9.009574257604186,9.09,0.1394257423958134,2633.0644999761716,1221.92630002246,96.37476999996579,measured_success,101
new_ppo,response_fraction_0p70,nominal,3000101,989,base,medium,separated,2,0,0,0,1,1,16,6,13.139999999999997,9.0067096658222,9.1,0.14229033417779924,2.4034000089159235,0.4600000029313378,0.17896250074045383,measured_success,101
new_pf,response_fraction_0p70,nominal,3000101,990,acid,near,separated,2,1,0,0,1,0,8,0,4.87,3.07894730312689,3.09,0.08594730312689025,43.43829998833826,204.3963000178337,30.979325000771496,measured_success,101
new_ppo,response_fraction_0p70,nominal,3000101,990,acid,near,separated,2,1,1,0,1,0,5,0,5.5,3.0412830956516084,3.06,0.04828309565160849,0.6422000078600831,0.11299998732283711,0.15103999903658405,measured_success,101
new_pf,response_fraction_0p70,nominal,3000101,991,acid,medium,separated,2,1,1,0,1,0,3,0,8.3,1.748316000019401,1.83,0.011316000019400807,426.7805000054068,174.54169999837177,200.44073333459286,measured_success,101
new_ppo,response_fraction_0p70,nominal,3000101,991,acid,medium,separated,2,1,0,0,1,0,3,1,9.53,1.6571623593009286,1.76,0.07983764069907151,0.487600002088584,0.0748999955249019,0.1874999992044953,measured_success,101
new_pf,response_fraction_0p70,nominal,3000101,992,acid,near,separated,2,0,0,0,1,1,3,2,3.2199999999999998,3.5742928175004227,3.41,0.24229281750042286,130.4965000017546,117.1671000047354,82.55453333549667,measured_success,101
new_ppo,response_fraction_0p70,nominal,3000101,992,acid,near,separated,2,0,0,0,1,1,3,2,3.91,3.5015354847871603,3.34,0.1695354847871604,0.4976999989594333,0.07310001092264429,0.19026666996069252,measured_success,101
new_pf,response_fraction_0p70,nominal,3000101,993,acid,medium,single,1,0,0,0,1,1,2,1,3.77,1.9561193647818187,2.09,0.21388063521818124,138.17890000063926,172.0357999947737,155.10734999770648,measured_success,101
new_ppo,response_fraction_0p70,nominal,3000101,993,acid,medium,single,1,1,0,0,1,0,4,1,5.33,2.112896745947869,2.08,0.057103254052131014,0.7333000030484982,0.10350000229664147,0.2092000013362849,measured_success,101
new_pf,response_fraction_0p70,nominal,3000101,994,acid,near,separated,2,1,1,0,1,0,2,1,1.03,5.814122618647673,5.86,0.046877381352326886,17.11030000296887,112.65240000648191,64.88135000472539,measured_success,101
new_ppo,response_fraction_0p70,nominal,3000101,994,acid,near,separated,2,1,1,0,1,0,2,1,3.1100000000000003,5.820798911883712,5.77,0.0402010881162882,0.44889999117003754,0.061200007621664554,0.25504999939585105,measured_success,101
new_pf,response_fraction_0p70,nominal,3000101,995,base,far,separated,3,1,0,0,1,0,17,1,14.819999999999993,4.7071919855484285,4.72,0.06919198554842865,481.98390001198277,695.6386999881943,69.27191764706924,measured_success,101
new_ppo,response_fraction_0p70,nominal,3000101,995,base,far,separated,3,1,1,0,1,0,8,1,13.579999999999998,4.642155848878819,4.67,0.004155848878818702,1.7590000061318278,0.24419999681413174,0.25040000036824495,measured_success,101
new_pf,response_fraction_0p70,nominal,3000101,996,acid,medium,separated,3,1,0,0,1,0,7,0,7.77,5.628569892532051,5.65,0.061569892532050474,44.92759999993723,204.92699999158503,35.69351428450318,measured_success,101
new_ppo,response_fraction_0p70,nominal,3000101,996,acid,medium,separated,3,1,1,0,1,0,8,1,8.38,5.556331607637048,5.59,0.010668392362951806,1.0885000010603108,0.1742000167723745,0.15783750222908566,measured_success,101
new_pf,response_fraction_0p70,nominal,3000101,997,base,far,separated,2,0,0,1,1,1,2,2,9.52,6.780741918912746,7.8,1.0292580810872538,226.7316000070423,197.914899996249,212.32325000164565,measured_success,101
new_ppo,response_fraction_0p70,nominal,3000101,997,base,far,separated,2,0,0,0,1,1,6,3,10.469999999999999,8.085295436534317,7.75,0.275295436534317,6.070499992347322,0.18680000357562676,1.042883332653825,measured_success,101
new_pf,response_fraction_0p70,nominal,3000101,998,acid,medium,separated,3,1,1,0,1,0,4,1,10.73,4.9929539411796675,5.1,0.03904605882033252,149.24929999688175,184.23140000959393,83.37017500161892,measured_success,101
new_ppo,response_fraction_0p70,nominal,3000101,998,acid,medium,separated,3,0,0,0,1,1,4,1,11.08,4.894675868950809,5.03,0.1373241310491906,0.8325999951921403,0.13890000263927504,0.24287499945785385,measured_success,101
new_pf,response_fraction_0p70,nominal,3000101,999,base,medium,separated,2,0,0,0,1,1,13,3,9.059999999999999,6.894776912126986,6.73,0.16177691212698608,264.1420999862021,577.4039999960223,64.73431538324803,measured_success,101
new_ppo,response_fraction_0p70,nominal,3000101,999,base,medium,separated,2,0,0,1,1,1,9,4,16.61,5.485011646745221,6.78,1.2479883532547786,1.1809000061475672,0.20319999021012336,0.15378888848418784,measured_success,101
new_pf,response_fraction_0p70,nominal,3000101,1000,base,near,single,1,1,0,0,1,0,3,1,2.76,3.5674540283021114,3.5,0.09945402830211147,21.918400001595728,105.87299999315292,42.59713333158288,measured_success,101
new_ppo,response_fraction_0p70,nominal,3000101,1000,base,near,single,1,1,0,0,1,0,2,1,2.7199999999999998,3.5499113971165093,3.42,0.0819113971165093,0.43509999522939324,0.05390000296756625,0.24449999909847975,measured_success,101
