experiment,acid_type,true_buffer_count,step,current_pH,target_pH,abs_pH_error,posterior_mean_std,posterior_max_std,matched_pka_mae,matched_pka_rmse,matched_pka_max_abs_error,matched_within_0p5_frac,matched_within_1p0_frac,all_true_pkas_within_0p5,all_true_pkas_within_1p0,effective_pka_mae,unused_slot_mole_fraction,success_if_stop_now,previous_prediction_abs_error,posterior_pkas,posterior_stds,posterior_moles,effective_pkas,true_pkas,matched_slot_indices,unused_slot_indices
1,triprotic,3,0,1.79,3.74,1.9500000000000002,0.20000000000000004,0.2,1.5173381465978988,1.5482287460457618,1.95177203031289,0.0,0.0,0.0,0.0,1.5173381465978988,0.0,0.0,,"[2.5618, 4.8717, 2.9844]","[0.2000, 0.2000, 0.2000]","[0.0614, 0.1408, 0.3707]","[2.5618, 4.8717, 2.9844]","[3.8397, 4.3068, 6.8235]","[0, 1, 2]",[]
1,triprotic,3,1,3.59,3.74,0.15000000000000036,0.1981789119560562,0.19974028679354594,1.5250360931245546,1.5564484812217843,1.964317886562017,0.0,0.0,0.0,0.0,1.5185761446309571,0.0,0.0,1.0380881905183195,"[2.5559, 4.8592, 2.9797]","[0.1997, 0.1987, 0.1961]","[0.0618, 0.1406, 0.3709]","[2.5609, 4.8697, 2.9836]","[3.8397, 4.3068, 6.8235]","[0, 1, 2]",[]
1,triprotic,3,2,3.62,3.74,0.1200000000000001,0.1935949728220362,0.20307109994725184,1.517352780339813,1.5472908786806951,1.9453923925290546,0.0,0.0,0.0,0.0,1.5173307263976863,0.0,0.0,1.0297771188244225,"[2.5509, 4.8781, 2.9889]","[0.2031, 0.1905, 0.1872]","[0.0615, 0.1407, 0.3712]","[2.5601, 4.8728, 2.9851]","[3.8397, 4.3068, 6.8235]","[0, 1, 2]",[]
1,triprotic,3,3,3.65,3.74,0.0900000000000003,0.19017478122512596,0.19852729937950792,1.5130227192001768,1.5428839489760764,1.9401775550769145,0.0,0.0,0.0,0.0,1.5166201703475952,0.0,1.0,1.0129253823310136,"[2.5460, 4.8833, 3.0015]","[0.1985, 0.1885, 0.1835]","[0.0615, 0.1404, 0.3714]","[2.5593, 4.8736, 2.9872]","[3.8397, 4.3068, 6.8235]","[0, 1, 2]",[]
4,triprotic,3,0,1.94,7.37,5.43,0.20000000000000004,0.2,2.396133012040931,2.6929834422341523,3.5835245987277276,0.0,0.3333333333333333,0.0,0.0,2.396133012040931,0.0,0.0,,"[3.7960, 2.5656, 2.6100]","[0.2000, 0.2000, 0.2000]","[0.1511, 0.2053, 0.3946]","[3.7960, 2.5656, 2.6100]","[3.2687, 5.5119, 7.3795]","[0, 1, 2]",[]
4,triprotic,3,1,3.9,7.37,3.47,0.19502095769273756,0.20166797134799488,2.3958856252341776,2.690445720609877,3.5839085656633896,0.0,0.3333333333333333,0.0,0.0,2.3960865103320166,0.0,0.0,1.085777426813729,"[3.7956, 2.5571, 2.6197]","[0.1932, 0.2017, 0.1902]","[0.1512, 0.2053, 0.3949]","[3.7959, 2.5643, 2.6116]","[3.2687, 5.5119, 7.3795]","[0, 1, 2]",[]
4,triprotic,3,2,5.27,7.37,2.1000000000000005,0.19322204383374175,0.20151661446106986,2.396301303960001,2.6934017731927193,3.5958433653940314,0.0,0.3333333333333333,0.0,0.0,2.396147144882609,0.0,0.0,2.319163508927449,"[3.7837, 2.5626, 2.6249]","[0.1953, 0.2015, 0.1829]","[0.1517, 0.2052, 0.3948]","[3.7940, 2.5651, 2.6125]","[3.2687, 5.5119, 7.3795]","[0, 1, 2]",[]
4,triprotic,3,3,5.84,7.37,1.5300000000000002,0.1947988645669951,0.20269245696775975,2.4024407612668064,2.7011719475643687,3.600902840327325,0.0,0.3333333333333333,0.0,0.0,2.3971476720044866,0.0,0.0,2.8053382373508065,"[3.7786, 2.5653, 2.6088]","[0.1993, 0.2027, 0.1824]","[0.1517, 0.2051, 0.3945]","[3.7932, 2.5656, 2.6098]","[3.2687, 5.5119, 7.3795]","[0, 1, 2]",[]
4,triprotic,3,4,6.49,7.37,0.8799999999999999,0.19736935038876835,0.21170257265617737,2.401608341857911,2.7020581039419582,3.5954559942238626,0.0,0.3333333333333333,0.0,0.0,2.3970333808122484,0.0,0.0,3.374617249015719,"[3.7840, 2.5736, 2.5976]","[0.1955, 0.2117, 0.1849]","[0.1513, 0.2047, 0.3945]","[3.7940, 2.5669, 2.6080]","[3.2687, 5.5119, 7.3795]","[0, 1, 2]",[]
4,triprotic,3,5,6.87,7.37,0.5,0.1959011889213433,0.20606606567548905,2.399900086496714,2.696412662206375,3.5861194641376803,0.0,0.3333333333333333,0.0,0.0,2.3967431842862905,0.0,0.0,3.700472870031372,"[3.7934, 2.5625, 2.6045]","[0.2004, 0.2061, 0.1812]","[0.1521, 0.2044, 0.3946]","[3.7956, 2.5651, 2.6091]","[3.2687, 5.5119, 7.3795]","[0, 1, 2]",[]
4,triprotic,3,6,7.39,7.37,0.019999999999999574,0.19550880088300668,0.20288446312328962,2.3988673946588848,2.698424507741112,3.593831029036245,0.0,0.3333333333333333,0.0,0.0,2.3965720679977665,0.0,1.0,4.099572700317949,"[3.7857, 2.5716, 2.6062]","[0.2029, 0.1968, 0.1869]","[0.1524, 0.2047, 0.3939]","[3.7943, 2.5666, 2.6094]","[3.2687, 5.5119, 7.3795]","[0, 1, 2]",[]
2,monoprotic,1,0,2.11,6.93,4.82,0.20000000000000004,0.2,0.13219864504362366,0.13219864504362366,0.13219864504362366,1.0,1.0,1.0,1.0,0.13219864504362366,0.5396485145238947,0.0,,"[4.6753, 4.4622, 4.6534]","[0.2000, 0.2000, 0.2000]","[0.3770, 0.4046, 0.0973]","[4.6753, 4.4622, 4.6534]",[4.3300],[1],"[0, 2]"
2,monoprotic,1,1,4.94,6.93,1.9899999999999993,0.20078589203431485,0.2102929965042488,0.12776498241415535,0.12776498241415535,0.12776498241415535,1.0,1.0,1.0,1.0,0.13148128867165987,0.539818274760727,0.0,0.6175215563829992,"[4.6726, 4.4578, 4.6560]","[0.1987, 0.1934, 0.2103]","[0.3772, 0.4046, 0.0974]","[4.6749, 4.4615, 4.6538]",[4.3300],[1],"[0, 2]"
2,monoprotic,1,2,11.8,6.93,4.870000000000001,0.2042907812790753,0.21563100777755415,0.12084550571910402,0.12084550571910402,0.12084550571910402,1.0,1.0,1.0,1.0,0.13036275419466836,0.540062045155353,0.0,7.3449323586653925,"[4.6913, 4.4508, 4.6548]","[0.2034, 0.1939, 0.2156]","[0.3775, 0.4045, 0.0974]","[4.6779, 4.4604, 4.6536]",[4.3300],[1],"[0, 2]"
2,monoprotic,1,3,5.81,6.93,1.12,0.20664153817865302,0.2248170967683987,0.13113200635719746,0.13113200635719746,0.13113200635719746,1.0,1.0,1.0,1.0,0.13202661981534192,0.5402200368883734,0.0,1.417055023545399,"[4.6671, 4.4611, 4.6601]","[0.1990, 0.1961, 0.2248]","[0.3781, 0.4046, 0.0973]","[4.6740, 4.4620, 4.6544]",[4.3300],[1],"[0, 2]"
2,monoprotic,1,4,11.32,6.93,4.390000000000001,0.20845907200997912,0.22592820361066945,0.12172048420105153,0.12172048420105153,0.12172048420105153,1.0,1.0,1.0,1.0,0.13050469593045033,0.5400616849144126,0.0,6.896030172873289,"[4.6623, 4.4517, 4.6605]","[0.2054, 0.1941, 0.2259]","[0.3781, 0.4049, 0.0973]","[4.6733, 4.4605, 4.6545]",[4.3300],[1],"[0, 2]"
2,monoprotic,1,5,10.57,6.93,3.6400000000000006,0.2108606178304767,0.22417150015630788,0.12133923790534062,0.12133923790534062,0.12133923790534062,1.0,1.0,1.0,1.0,0.1304252490276756,0.5401512863461174,0.0,6.162598218470812,"[4.6690, 4.4513, 4.6656]","[0.2228, 0.1856, 0.2242]","[0.3781, 0.4048, 0.0975]","[4.6743, 4.4604, 4.6553]",[4.3300],[1],"[0, 2]"
2,monoprotic,1,6,5.81,6.93,1.12,0.21448320918992372,0.23600802322784195,0.12806701210122462,0.12806701210122462,0.12806701210122462,1.0,1.0,1.0,1.0,0.13152568764238826,0.5398702586413072,0.0,1.418078613877296,"[4.6826, 4.4581, 4.6631]","[0.2360, 0.1878, 0.2197]","[0.3778, 0.4054, 0.0978]","[4.6764, 4.4615, 4.6549]",[4.3300],[1],"[0, 2]"
2,monoprotic,1,7,6.25,6.93,0.6799999999999997,0.2189931609635364,0.2461771053581327,0.12884892137384352,0.12884892137384352,0.12884892137384352,1.0,1.0,1.0,1.0,0.1316532612513983,0.5401991642110723,0.0,1.848992484388873,"[4.6768, 4.4588, 4.6544]","[0.2462, 0.1881, 0.2227]","[0.3776, 0.4052, 0.0984]","[4.6755, 4.4617, 4.6535]",[4.3300],[1],"[0, 2]"
2,monoprotic,1,8,10.51,6.93,3.58,0.21879029638941375,0.24344558605018649,0.11680506656475309,0.11680506656475309,0.11680506656475309,1.0,1.0,1.0,1.0,0.12970583203148944,0.5398078388694024,0.0,6.101783415526151,"[4.6740, 4.4468, 4.6610]","[0.2434, 0.1927, 0.2203]","[0.3777, 0.4058, 0.0983]","[4.6751, 4.4597, 4.6546]",[4.3300],[1],"[0, 2]"
2,monoprotic,1,9,7.07,6.93,0.14000000000000057,0.21928997477580844,0.23757586861655874,0.1181300416132034,0.1181300416132034,0.1181300416132034,1.0,1.0,1.0,1.0,0.12992623385587,0.5407785019309864,0.0,2.666392089268193,"[4.6766, 4.4481, 4.6540]","[0.2376, 0.1948, 0.2255]","[0.3778, 0.4047, 0.0988]","[4.6755, 4.4599, 4.6535]",[4.3300],[1],"[0, 2]"
2,monoprotic,1,10,6.25,6.93,0.6799999999999997,0.21734597487304252,0.2408439609431684,0.14024974034783355,0.14024974034783355,0.14024974034783355,1.0,1.0,1.0,1.0,0.1335059737754678,0.5402047953793919,0.0,1.85027772677131,"[4.6919, 4.4702, 4.6408]","[0.2408, 0.1904, 0.2208]","[0.3771, 0.4057, 0.0996]","[4.6779, 4.4635, 4.6514]",[4.3300],[1],"[0, 2]"
2,monoprotic,1,11,6.47,6.93,0.45999999999999996,0.2164414351304138,0.24422179035046315,0.14594133425506506,0.14594133425506506,0.14594133425506506,1.0,1.0,1.0,1.0,0.13443982092776263,0.5396209555839434,0.0,2.0665910602826623,"[4.6879, 4.4759, 4.6241]","[0.2442, 0.1867, 0.2184]","[0.3760, 0.4053, 0.0991]","[4.6772, 4.4644, 4.6488]",[4.3300],[1],"[0, 2]"
2,monoprotic,1,12,6.89,6.93,0.040000000000000036,0.2146197937520137,0.24686421296965205,0.14215939955386947,0.14215939955386947,0.14215939955386947,1.0,1.0,1.0,1.0,0.13382944824302356,0.5400961243511779,1.0,2.4852500212006268,"[4.7150, 4.4722, 4.6296]","[0.2469, 0.1834, 0.2136]","[0.3746, 0.4033, 0.0991]","[4.6813, 4.4638, 4.6496]",[4.3300],[1],"[0, 2]"
3,monoprotic,1,0,1.6,9.97,8.370000000000001,0.20000000000000004,0.2,0.215010497055661,0.215010497055661,0.215010497055661,1.0,1.0,1.0,1.0,0.215010497055661,0.3604669670930963,0.0,,"[2.9760, 2.1250, 3.1264]","[0.2000, 0.2000, 0.2000]","[0.1983, 0.4006, 0.0275]","[2.9760, 2.1250, 3.1264]",[2.3400],[1],"[0, 2]"
3,monoprotic,1,1,3.3,9.97,6.670000000000001,0.20280042194188808,0.20366887797056926,0.20229828048969178,0.20229828048969178,0.20229828048969178,1.0,1.0,1.0,1.0,0.21297826758589888,0.3607807675478967,0.0,0.8457079561892895,"[2.9810, 2.1377, 3.1262]","[0.2037, 0.2034, 0.2013]","[0.1986, 0.4003, 0.0274]","[2.9768, 2.1270, 3.1264]",[2.3400],[1],"[0, 2]"
3,monoprotic,1,2,12.4,9.97,2.4299999999999997,0.20641048918356006,0.21142560567566845,0.20253816724903162,0.20253816724903162,0.20253816724903162,1.0,1.0,1.0,1.0,0.213025477285274,0.36117942664534014,0.0,9.642913032881916,"[2.9784, 2.1375, 3.1113]","[0.2114, 0.2071, 0.2007]","[0.1988, 0.4004, 0.0275]","[2.9764, 2.1270, 3.1240]",[2.3400],[1],"[0, 2]"
3,monoprotic,1,3,11.96,9.97,1.9900000000000002,0.20967835341697758,0.2150190765612363,0.20577903755215488,0.20577903755215488,0.20577903755215488,1.0,1.0,1.0,1.0,0.21355518618957348,0.36130556426094373,0.0,9.34906815298833,"[2.9888, 2.1342, 3.1033]","[0.2073, 0.2150, 0.2067]","[0.1988, 0.4005, 0.0277]","[2.9781, 2.1264, 3.1227]",[2.3400],[1],"[0, 2]"
3,monoprotic,1,4,3.34,9.97,6.630000000000001,0.21311626154323307,0.21761202177399067,0.20732558290586045,0.20732558290586045,0.20732558290586045,1.0,1.0,1.0,1.0,0.21380279874711938,0.36222531405845265,0.0,0.8644151679798959,"[2.9772, 2.1327, 3.1082]","[0.2109, 0.2176, 0.2108]","[0.1993, 0.3997, 0.0277]","[2.9762, 2.1262, 3.1236]",[2.3400],[1],"[0, 2]"
3,monoprotic,1,5,11.38,9.97,1.4100000000000001,0.2121031857114609,0.2218517400200287,0.21103384234708988,0.21103384234708988,0.21103384234708988,1.0,1.0,1.0,1.0,0.21438877276721113,0.36178219970450914,0.0,8.833433247050271,"[2.9881, 2.1290, 3.1295]","[0.2044, 0.2219, 0.2101]","[0.1991, 0.3998, 0.0276]","[2.9780, 2.1256, 3.1269]",[2.3400],[1],"[0, 2]"
3,monoprotic,1,6,4.45,9.97,5.5200000000000005,0.21853901499997805,0.2259400616057954,0.21141280877827473,0.21141280877827473,0.21141280877827473,1.0,1.0,1.0,1.0,0.21445082074609667,0.3615415182748678,0.0,1.9358105243183674,"[2.9936, 2.1286, 3.1370]","[0.2157, 0.2259, 0.2139]","[0.1992, 0.4009, 0.0278]","[2.9788, 2.1255, 3.1281]",[2.3400],[1],"[0, 2]"
3,monoprotic,1,7,11.0,9.97,1.0299999999999994,0.21897678391198316,0.22635495082154025,0.21560985873048777,0.21560985873048777,0.21560985873048777,1.0,1.0,1.0,1.0,0.21510368980209016,0.36098388712444474,0.0,8.46802679519169,"[2.9968, 2.1244, 3.1357]","[0.2108, 0.2264, 0.2198]","[0.1986, 0.4008, 0.0279]","[2.9793, 2.1249, 3.1279]",[2.3400],[1],"[0, 2]"
3,monoprotic,1,8,10.58,9.97,0.6099999999999994,0.22005630657402322,0.22977715191608128,0.1927214737917322,0.1927214737917322,0.1927214737917322,1.0,1.0,1.0,1.0,0.21155933993493603,0.3601811265258103,0.0,8.05626287699677,"[3.0015, 2.1473, 3.1198]","[0.2131, 0.2298, 0.2173]","[0.1987, 0.4012, 0.0271]","[2.9801, 2.1284, 3.1254]",[2.3400],[1],"[0, 2]"
3,monoprotic,1,9,4.45,9.97,5.5200000000000005,0.220356898053354,0.23306859118977905,0.18922390778372034,0.18922390778372034,0.18922390778372034,1.0,1.0,1.0,1.0,0.21103388598632788,0.3595316764784697,0.0,1.9330827787518503,"[3.0074, 2.1508, 3.1275]","[0.2157, 0.2331, 0.2123]","[0.1984, 0.4007, 0.0266]","[2.9810, 2.1290, 3.1266]",[2.3400],[1],"[0, 2]"
3,monoprotic,1,10,9.85,9.97,0.120000000000001,0.21735102310053755,0.2225790873327774,0.19000071935842255,0.19000071935842255,0.19000071935842255,1.0,1.0,1.0,1.0,0.21110384404847915,0.35948502302580726,0.0,7.328040341287851,"[3.0179, 2.1500, 3.1178]","[0.2117, 0.2226, 0.2178]","[0.1984, 0.4004, 0.0263]","[2.9827, 2.1289, 3.1251]",[2.3400],[1],"[0, 2]"
3,monoprotic,1,11,10.58,9.97,0.6099999999999994,0.21725556468783971,0.23144199179837507,0.19050351644625163,0.19050351644625163,0.19050351644625163,1.0,1.0,1.0,1.0,0.21122365992207515,0.35851406235218575,0.0,8.053320476710796,"[2.9935, 2.1495, 3.1069]","[0.2069, 0.2314, 0.2134]","[0.1972, 0.4005, 0.0266]","[2.9788, 2.1288, 3.1234]",[2.3400],[1],"[0, 2]"
3,monoprotic,1,12,10.37,9.97,0.3999999999999986,0.20820646336827076,0.21968624729872485,0.2110977333515036,0.2110977333515036,0.2110977333515036,1.0,1.0,1.0,1.0,0.21439714708373492,0.3572853385991637,0.0,7.846929515134542,"[2.9925, 2.1289, 3.1081]","[0.2031, 0.2197, 0.2018]","[0.1966, 0.4011, 0.0264]","[2.9787, 2.1256, 3.1235]",[2.3400],[1],"[0, 2]"
3,monoprotic,1,13,9.97,9.97,0.0,0.2037638139776997,0.2150647373847478,0.22887403722218558,0.22887403722218558,0.22887403722218558,1.0,1.0,1.0,1.0,0.2171959200996314,0.3571408832888004,1.0,7.4500870101898915,"[3.0136, 2.1111, 3.1106]","[0.2053, 0.2151, 0.1909]","[0.1969, 0.4012, 0.0260]","[2.9820, 2.1228, 3.1239]",[2.3400],[1],"[0, 2]"
6,monoprotic,1,0,2.45,3.29,0.8399999999999999,0.20000000000000004,0.2,0.3513340547533663,0.3513340547533663,0.3513340547533663,1.0,1.0,1.0,1.0,0.3513340547533663,0.8462385498076406,0.0,,"[3.4068, 2.6387, 3.4203]","[0.2000, 0.2000, 0.2000]","[0.1608, 0.0765, 0.2604]","[3.4068, 2.6387, 3.4203]",[2.9900],[1],"[0, 2]"
6,monoprotic,1,1,2.51,3.29,0.7800000000000002,0.1723474073576665,0.19860623768781435,0.18832060721825972,0.18832060721825972,0.18832060721825972,1.0,1.0,1.0,1.0,0.3247938947063278,0.8461269462317039,0.0,0.03331125875934937,"[3.6215, 2.8017, 3.4249]","[0.1303, 0.1881, 0.1986]","[0.1607, 0.0765, 0.2600]","[3.4442, 2.6652, 3.4210]",[2.9900],[1],"[0, 2]"
6,monoprotic,1,2,2.86,3.29,0.43000000000000016,0.17250051100624922,0.20700291244013835,0.18965989239701964,0.18965989239701964,0.18965989239701964,1.0,1.0,1.0,1.0,0.3248511169163364,0.845741863856233,0.0,0.18894575130194413,"[3.6168, 2.8003, 3.4099]","[0.1275, 0.1830, 0.2070]","[0.1609, 0.0768, 0.2599]","[3.4435, 2.6651, 3.4186]",[2.9900],[1],"[0, 2]"
6,monoprotic,1,3,3.03,3.29,0.26000000000000023,0.17826908410957962,0.21442814916108127,0.18903620933503884,0.18903620933503884,0.18903620933503884,1.0,1.0,1.0,1.0,0.3249907502623852,0.8461750792131265,0.0,0.2982783037889747,"[3.6119, 2.8010, 3.4270]","[0.1297, 0.1907, 0.2144]","[0.1609, 0.0765, 0.2600]","[3.4425, 2.6650, 3.4213]",[2.9900],[1],"[0, 2]"
6,monoprotic,1,4,3.14,3.29,0.1499999999999999,0.17945804040382204,0.22087176542498493,0.1852887155718177,0.1852887155718177,0.1852887155718177,1.0,1.0,1.0,1.0,0.32443573273878323,0.8458671579276613,0.0,0.37326423927210284,"[3.6039, 2.8047, 3.4374]","[0.1251, 0.1924, 0.2209]","[0.1611, 0.0766, 0.2595]","[3.4413, 2.6656, 3.4229]",[2.9900],[1],"[0, 2]"
6,monoprotic,1,5,3.2,3.29,0.08999999999999986,0.18023222096635894,0.23036358745101318,0.17865931791161493,0.17865931791161493,0.17865931791161493,1.0,1.0,1.0,1.0,0.3231745680567335,0.8464943815920648,1.0,0.4139019891619684,"[3.6049, 2.8113, 3.4103]","[0.1236, 0.1868, 0.2304]","[0.1615, 0.0762, 0.2590]","[3.4415, 2.6668, 3.4187]",[2.9900],[1],"[0, 2]"
8,diprotic,2,0,2.07,3.99,1.9200000000000004,0.20000000000000004,0.2,0.4228229130559753,0.4547301996114737,0.5901559302209982,0.5,1.0,0.0,1.0,0.4228229130559753,0.3345056637268279,0.0,,"[4.3755, 4.0544, 2.4737]","[0.2000, 0.2000, 0.2000]","[0.2378, 0.2555, 0.2704]","[4.3755, 4.0544, 2.4737]","[3.0639, 4.6310]","[0, 2]",[1]
8,diprotic,2,1,2.99,3.99,1.0,0.2005042668446674,0.2066936135396238,0.41443145989050034,0.4431865101432686,0.5714691872874482,0.5,1.0,0.0,1.0,0.42146808544838676,0.33377012904309233,0.0,0.36960312210954704,"[4.3736, 4.0416, 2.4924]","[0.1992, 0.2067, 0.1956]","[0.2382, 0.2548, 0.2705]","[4.3752, 4.0524, 2.4767]","[3.0639, 4.6310]","[0, 2]",[1]
8,diprotic,2,2,3.26,3.99,0.7300000000000004,0.1950118182786662,0.20429674068385567,0.4066170911510667,0.4379296055420474,0.5692359110768623,0.5,1.0,0.0,1.0,0.4201856250514453,0.3334543873620766,0.0,0.1675084894616159,"[4.3870, 4.0294, 2.4946]","[0.1967, 0.2043, 0.1840]","[0.2382, 0.2548, 0.2711]","[4.3773, 4.0504, 2.4771]","[3.0639, 4.6310]","[0, 2]",[1]
8,diprotic,2,3,3.52,3.99,0.4700000000000002,0.169202314613359,0.17220564411216902,0.2199152547787746,0.2885582626072914,0.40673910666745927,1.0,1.0,1.0,1.0,0.3891315441187424,0.33500903159743894,0.0,0.04036510023754092,"[4.5979, 4.2319, 2.6571]","[0.1722, 0.1649, 0.1705]","[0.2378, 0.2563, 0.2710]","[4.4124, 4.0841, 2.5042]","[3.0639, 4.6310]","[0, 2]",[1]
8,diprotic,2,4,3.71,3.99,0.28000000000000025,0.17343030187131495,0.1773355741407945,0.22276794468197214,0.28788143865712706,0.40511422390221563,1.0,1.0,1.0,1.0,0.3897661522530269,0.33569007376148896,0.0,0.1684836715366691,"[4.5905, 4.2222, 2.6587]","[0.1773, 0.1694, 0.1736]","[0.2375, 0.2568, 0.2706]","[4.4109, 4.0823, 2.5043]","[3.0639, 4.6310]","[0, 2]",[1]
8,diprotic,2,5,3.83,3.99,0.16000000000000014,0.17665015898216752,0.18053231033429581,0.21465627294512335,0.28936543129285996,0.40870533198074854,1.0,1.0,1.0,1.0,0.38861301425142303,0.335455902961745,0.0,0.2722587336739526,"[4.6104, 4.2253, 2.6551]","[0.1800, 0.1694, 0.1805]","[0.2378, 0.2567, 0.2708]","[4.4141, 4.0829, 2.5035]","[3.0639, 4.6310]","[0, 2]",[1]
8,diprotic,2,6,3.9,3.99,0.0900000000000003,0.17703770065224125,0.186087662667426,0.20574384848058602,0.27908728176259,0.39431526639440717,1.0,1.0,1.0,1.0,0.3871847623568663,0.33575893121593353,1.0,0.3313928483752533,"[4.6138, 4.2257, 2.6695]","[0.1861, 0.1700, 0.1750]","[0.2384, 0.2570, 0.2701]","[4.4144, 4.0829, 2.5061]","[3.0639, 4.6310]","[0, 2]",[1]
5,monoprotic,1,0,2.48,2.56,0.08000000000000007,0.20000000000000004,0.2,0.27187161839495033,0.27187161839495033,0.27187161839495033,1.0,1.0,1.0,1.0,0.27187161839495033,0.3647475221983749,1.0,,"[4.6281, 4.5164, 5.8674]","[0.2000, 0.2000, 0.2000]","[0.3530, 0.1446, 0.0581]","[4.6281, 4.5164, 5.8674]",[4.9000],[0],"[1, 2]"
5,monoprotic,1,1,3.34,2.56,0.7799999999999998,0.20107727836700537,0.20984681346359998,0.26245238368388346,0.26245238368388346,0.26245238368388346,1.0,1.0,1.0,1.0,0.27036468297792204,0.3643609248567416,0.0,0.2511810903996228,"[4.6375, 4.5269, 5.8804]","[0.2028, 0.2098, 0.1906]","[0.3532, 0.1446, 0.0579]","[4.6296, 4.5181, 5.8695]",[4.9000],[0],"[1, 2]"
5,monoprotic,1,2,3.16,2.56,0.6000000000000001,0.20651147417900662,0.21984348928715403,0.2664214761945516,0.2664214761945516,0.2664214761945516,1.0,1.0,1.0,1.0,0.2710010781781991,0.3649002409268229,0.0,0.19828136622905745,"[4.6336, 4.5365, 5.8796]","[0.2041, 0.2198, 0.1955]","[0.3530, 0.1447, 0.0581]","[4.6290, 4.5196, 5.8694]",[4.9000],[0],"[1, 2]"
5,monoprotic,1,3,2.96,2.56,0.3999999999999999,0.20979302459925053,0.21824359027265464,0.2800483935985367,0.2800483935985367,0.2800483935985367,1.0,1.0,1.0,1.0,0.27316029215222937,0.36529514739395685,0.0,0.14131579086184498,"[4.6200, 4.5429, 5.8759]","[0.2153, 0.2182, 0.1959]","[0.3531, 0.1449, 0.0583]","[4.6268, 4.5206, 5.8688]",[4.9000],[0],"[1, 2]"
5,monoprotic,1,4,2.76,2.56,0.19999999999999973,0.09588004750326029,0.12992165301077718,0.2633558317845912,0.2633558317845912,0.2633558317845912,1.0,1.0,1.0,1.0,0.1463068211230638,0.7365841848321671,0.0,0.08480150461196878,"[5.2910, 4.6366, 6.1166]","[0.0529, 0.1048, 0.1299]","[0.3486, 0.1445, 0.0554]","[4.7537, 4.5380, 5.9108]",[4.9000],[1],"[0, 2]"
5,monoprotic,1,5,2.6,2.56,0.040000000000000036,0.09732351139182234,0.1325001079041609,0.26206708049858385,0.26206708049858385,0.26206708049858385,1.0,1.0,1.0,1.0,0.1413032241414518,0.7365432618424604,1.0,0.027410870790481656,"[5.3185, 4.6379, 6.1209]","[0.0544, 0.1051, 0.1325]","[0.3488, 0.1446, 0.0554]","[4.7587, 4.5382, 5.9114]",[4.9000],[1],"[0, 2]"
11,diprotic,2,0,3.34,5.21,1.87,0.20000000000000004,0.2,1.3025199180322102,1.3195980576463315,1.5141348912107047,0.0,0.0,0.0,0.0,1.3025199180322102,0.3828505981821391,0.0,,"[2.6245, 2.5217, 4.6897]","[0.2000, 0.2000, 0.2000]","[0.2943, 0.4747, 0.4709]","[2.6245, 2.5217, 4.6897]","[3.7154, 6.2039]","[0, 2]",[1]
11,diprotic,2,1,3.63,5.21,1.58,0.2021696605616554,0.20586428419840888,1.2975747584995636,1.3150121607945835,1.511014982315129,0.0,0.0,0.0,0.0,1.3017313309137755,0.38294990951917357,0.0,1.3786132483463733,"[2.6312, 2.5120, 4.6928]","[0.2054, 0.1953, 0.2059]","[0.2943, 0.4748, 0.4708]","[2.6255, 2.5201, 4.6902]","[3.7154, 6.2039]","[0, 2]",[1]
11,diprotic,2,2,4.31,5.21,0.9000000000000004,0.19994808954471402,0.20343695757332397,1.298608046794353,1.3162177086525346,1.5131918238407174,0.0,0.0,0.0,0.0,1.301891911102736,0.3829674930987524,0.0,1.8222705139219757,"[2.6313, 2.5196, 4.6907]","[0.1994, 0.1970, 0.2034]","[0.2941, 0.4747, 0.4707]","[2.6256, 2.5214, 4.6899]","[3.7154, 6.2039]","[0, 2]",[1]
11,diprotic,2,3,4.93,5.21,0.28000000000000025,0.19967378619696463,0.2042398436522035,1.2955852796812286,1.312772850726087,1.5073194070126767,0.0,0.0,0.0,0.0,1.301408912938957,0.3830920806720935,0.0,2.333101555071771,"[2.6315, 2.5239, 4.6965]","[0.1991, 0.1957, 0.2042]","[0.2936, 0.4747, 0.4708]","[2.6256, 2.5220, 4.6908]","[3.7154, 6.2039]","[0, 2]",[1]
11,diprotic,2,4,5.18,5.21,0.03000000000000025,0.1985109006078937,0.20784587500368748,1.2965791798094504,1.3132991787082926,1.5054742809500201,0.0,0.0,0.0,0.0,1.3015627497569366,0.383201594269211,1.0,2.547067811777815,"[2.6277, 2.5215, 4.6984]","[0.2078, 0.1948, 0.1929]","[0.2932, 0.4750, 0.4714]","[2.6250, 2.5217, 4.6911]","[3.7154, 6.2039]","[0, 2]",[1]
9,diprotic,2,0,2.12,8.02,5.8999999999999995,0.20000000000000004,0.2,0.7204029963491057,0.9947870437697385,1.4064210612011663,0.5,0.5,0.0,0.0,0.7204029963491057,0.3892368278291213,0.0,,"[5.7844, 4.8361, 4.2233]","[0.2000, 0.2000, 0.2000]","[0.1060, 0.3696, 0.4740]","[5.7844, 4.8361, 4.2233]","[2.8169, 5.8188]","[0, 2]",[1]
9,diprotic,2,1,3.57,8.02,4.449999999999999,0.20253189416397785,0.20563185400227701,0.7370008379751607,1.015898812114267,1.4362004956403296,0.5,0.5,0.0,0.0,0.7230505723725209,0.38924739170052636,0.0,1.2214947534445675,"[5.7810, 4.8240, 4.2531]","[0.2021, 0.1999, 0.2056]","[0.1060, 0.3696, 0.4740]","[5.7838, 4.8341, 4.2281]","[2.8169, 5.8188]","[0, 2]",[1]
9,diprotic,2,2,5.79,8.02,2.2299999999999995,0.20446176107682146,0.21936893593488543,0.7400430230619388,1.0141210629032351,1.4334244867897588,0.5,0.5,0.0,0.0,0.7235030179513282,0.38938829738898206,0.0,0.8475722241774202,"[5.7721, 4.8265, 4.2503]","[0.2022, 0.1918, 0.2194]","[0.1057, 0.3697, 0.4739]","[5.7824, 4.8345, 4.2276]","[2.8169, 5.8188]","[0, 2]",[1]
9,diprotic,2,3,6.57,8.02,1.4499999999999993,0.20828292905953086,0.2152705529225396,0.7309851968039449,1.005615062793725,1.4215808068183189,0.5,0.5,0.0,0.0,0.722074594935797,0.38942012742394905,0.0,1.544950231611729,"[5.7784, 4.8144, 4.2385]","[0.2086, 0.2010, 0.2153]","[0.1059, 0.3698, 0.4740]","[5.7834, 4.8326, 4.2257]","[2.8169, 5.8188]","[0, 2]",[1]
9,diprotic,2,4,11.59,8.02,3.5700000000000003,0.2148612283128176,0.2201206326955064,0.7139942254829104,0.9879225748186337,1.3967850132161206,0.5,0.5,0.0,0.0,0.7193976390067556,0.3892854890473068,0.0,6.4974140693992375,"[5.7876, 4.8133, 4.2137]","[0.2159, 0.2085, 0.2201]","[0.1062, 0.3705, 0.4750]","[5.7849, 4.8325, 4.2218]","[2.8169, 5.8188]","[0, 2]",[1]
9,diprotic,2,5,7.65,8.02,0.3699999999999992,0.2181063950000265,0.22731438875913243,0.698643621432647,0.9749807293893616,1.3787057604406114,0.5,0.5,0.0,0.0,0.7170063255825443,0.38925337326971965,0.0,2.5938205056358132,"[5.8002, 4.8318, 4.1956]","[0.2158, 0.2112, 0.2273]","[0.1060, 0.3704, 0.4752]","[5.7869, 4.8354, 4.2190]","[2.8169, 5.8188]","[0, 2]",[1]
9,diprotic,2,6,11.19,8.02,3.17,0.2175743759383232,0.22544501208923892,0.6926635741322793,0.9690540741708122,1.370367766045939,0.5,0.5,0.0,0.0,0.7160682236302558,0.38866052422105346,0.0,6.116517304498702,"[5.8038, 4.8362, 4.1873]","[0.2163, 0.2109, 0.2254]","[0.1061, 0.3697, 0.4754]","[5.7874, 4.8361, 4.2177]","[2.8169, 5.8188]","[0, 2]",[1]
9,diprotic,2,7,10.73,8.02,2.710000000000001,0.22552794470594387,0.23050341818868242,0.6860915605185578,0.9550250529348354,1.3504342599729848,0.5,0.5,0.0,0.0,0.7150931761918164,0.38895137495420734,0.0,5.664938044287265,"[5.7970, 4.8354, 4.1673]","[0.2289, 0.2171, 0.2305]","[0.1055, 0.3695, 0.4750]","[5.7863, 4.8360, 4.2147]","[2.8169, 5.8188]","[0, 2]",[1]
9,diprotic,2,8,7.65,8.02,0.3699999999999992,0.22801130914827158,0.23160379438914655,0.6944806644234369,0.9629292700273943,1.361510937962406,0.5,0.5,0.0,0.0,0.71635414921427,0.38901115781988305,0.0,2.5946043584030125,"[5.7913, 4.8396, 4.1784]","[0.2311, 0.2316, 0.2214]","[0.1055, 0.3693, 0.4745]","[5.7854, 4.8366, 4.2163]","[2.8169, 5.8188]","[0, 2]",[1]
9,diprotic,2,9,9.75,8.02,1.7300000000000004,0.2239379463639053,0.22996476114325218,0.6939752451391208,0.9693442501436215,1.3707518954607738,0.5,0.5,0.0,0.0,0.716289533158317,0.38865898806971055,0.0,4.690001149429008,"[5.8016, 4.8340, 4.1877]","[0.2163, 0.2256, 0.2300]","[0.1053, 0.3686, 0.4744]","[5.7871, 4.8358, 4.2178]","[2.8169, 5.8188]","[0, 2]",[1]
9,diprotic,2,10,8.01,8.02,0.009999999999999787,0.22226299364734767,0.2392267885730756,0.6938076221649057,0.968149171603911,1.3690437304286882,0.5,0.5,0.0,0.0,0.7162864958324182,0.3885431779167748,1.0,2.951322431899607,"[5.8002, 4.8422, 4.1860]","[0.2085, 0.2190, 0.2392]","[0.1050, 0.3684, 0.4748]","[5.7869, 4.8370, 4.2176]","[2.8169, 5.8188]","[0, 2]",[1]
13,diprotic,2,0,1.68,7.09,5.41,0.20000000000000004,0.2,1.2102012378717202,1.5161119937432208,2.1234419188675897,0.5,0.5,0.0,0.0,1.2102012378717202,0.403247662569188,0.0,,"[3.9675, 3.7512, 4.7093]","[0.2000, 0.2000, 0.2000]","[0.3076, 0.3990, 0.0561]","[3.9675, 3.7512, 4.7093]","[3.4543, 6.8327]","[1, 2]",[0]
13,diprotic,2,1,4.14,7.09,2.95,0.205528471031745,0.21071295630831832,1.2248310142587213,1.5272011645409782,2.137043918949985,0.5,0.5,0.0,0.0,1.2125420817940906,0.40340493503057756,0.0,0.4178518465347585,"[3.9740, 3.7669, 4.6957]","[0.2107, 0.1997, 0.2062]","[0.3076, 0.3990, 0.0559]","[3.9685, 3.7537, 4.7071]","[3.4543, 6.8327]","[1, 2]",[0]
13,diprotic,2,2,6.46,7.09,0.6299999999999999,0.20571345795244841,0.21251271349581202,1.2217009035020168,1.5206707789721394,2.1271767565219024,0.5,0.5,0.0,0.0,1.2120418971870166,0.40314376646207556,0.0,2.5000813799351453,"[3.9834, 3.7705, 4.7056]","[0.2125, 0.2025, 0.2022]","[0.3076, 0.3991, 0.0564]","[3.9700, 3.7543, 4.7087]","[3.4543, 6.8327]","[1, 2]",[0]
13,diprotic,2,3,6.67,7.09,0.41999999999999993,0.20211951330070096,0.21462253124611647,1.2208744324560363,1.5237575421974245,2.1326324417867397,0.5,0.5,0.0,0.0,1.2119218560421277,0.403573448267329,0.0,2.6542217369005083,"[3.9841, 3.7634, 4.7001]","[0.2146, 0.2000, 0.1917]","[0.3082, 0.3991, 0.0563]","[3.9701, 3.7532, 4.7078]","[3.4543, 6.8327]","[1, 2]",[0]
13,diprotic,2,4,6.84,7.09,0.25,0.20348348635953262,0.2212393548761375,1.222734410407798,1.5258778143222533,2.135545270249831,0.5,0.5,0.0,0.0,1.2122252456274092,0.40413287012674065,0.0,2.772946524117142,"[3.9726, 3.7642, 4.6972]","[0.2212, 0.2061, 0.1831]","[0.3086, 0.3992, 0.0558]","[3.9683, 3.7533, 4.7073]","[3.4543, 6.8327]","[1, 2]",[0]
13,diprotic,2,5,6.95,7.09,0.13999999999999968,0.2108049181330647,0.23135089778631415,1.2212272685637136,1.523489495672699,2.132064357148421,0.5,0.5,0.0,0.0,1.2119643274903085,0.40385042535687593,0.0,2.8511667938902976,"[3.9733, 3.7647, 4.7007]","[0.2314, 0.2131, 0.1880]","[0.3087, 0.3993, 0.0564]","[3.9684, 3.7533, 4.7079]","[3.4543, 6.8327]","[1, 2]",[0]
13,diprotic,2,6,7.02,7.09,0.07000000000000028,0.21458048290043444,0.23998554984530676,1.224882466630403,1.5206919496154463,2.126085522865038,0.5,0.5,0.0,0.0,1.2125268921892738,0.40392215017589633,1.0,2.90151438627392,"[3.9845, 3.7779, 4.7067]","[0.2400, 0.2130, 0.1907]","[0.3090, 0.3998, 0.0562]","[3.9701, 3.7554, 4.7089]","[3.4543, 6.8327]","[1, 2]",[0]
12,triprotic,3,0,1.75,3.97,2.22,0.20000000000000004,0.2,1.1060097397961994,1.6901353355072715,2.905328482874876,0.6666666666666666,0.6666666666666666,0.0,0.0,1.1060097397961994,0.0,0.0,,"[4.3116, 4.7837, 2.5393]","[0.2000, 0.2000, 0.2000]","[0.3541, 0.3507, 0.2898]","[4.3116, 4.7837, 2.5393]","[2.4806, 4.6656, 7.6890]","[0, 1, 2]",[]
12,triprotic,3,1,2.57,3.97,1.4000000000000004,0.19387101642183865,0.20329333878502784,1.1073770133673209,1.6905787159470629,2.9069707988071167,0.6666666666666666,0.6666666666666666,0.0,0.0,1.106216367237314,0.0,0.0,1.0444356604199858,"[4.3210, 4.7820, 2.5512]","[0.1823, 0.1961, 0.2033]","[0.3540, 0.3506, 0.2896]","[4.3131, 4.7834, 2.5412]","[2.4806, 4.6656, 7.6890]","[0, 1, 2]",[]
12,triprotic,3,2,3.01,3.97,0.9600000000000004,0.1919615949301321,0.19945364564516976,1.1068999005467661,1.6910145080822545,2.9083434547091223,0.6666666666666666,0.6666666666666666,0.0,0.0,1.106139772679495,0.0,0.0,0.7013287773681807,"[4.3269, 4.7807, 2.5542]","[0.1847, 0.1917, 0.1995]","[0.3539, 0.3504, 0.2899]","[4.3141, 4.7832, 2.5417]","[2.4806, 4.6656, 7.6890]","[0, 1, 2]",[]
12,triprotic,3,3,3.55,3.97,0.4200000000000004,0.18965185289185174,0.20014774355074774,1.1100225080514052,1.6987448990376692,2.9206327477072085,0.6666666666666666,0.6666666666666666,0.0,0.0,1.1066567778780616,0.0,0.0,0.22243547537364083,"[4.3137, 4.7684, 2.5382]","[0.1752, 0.1936, 0.2001]","[0.3535, 0.3505, 0.2899]","[4.3120, 4.7812, 2.5391]","[2.4806, 4.6656, 7.6890]","[0, 1, 2]",[]
12,triprotic,3,4,4.27,3.97,0.2999999999999994,0.18982940696261288,0.20106389530434293,1.1105450862026178,1.6960236304069018,2.914723091733614,0.6666666666666666,0.6666666666666666,0.0,0.0,1.1067545524842013,0.0,0.0,0.42977206756360786,"[4.3039, 4.7743, 2.5358]","[0.1761, 0.1923, 0.2011]","[0.3541, 0.3503, 0.2894]","[4.3103, 4.7822, 2.5387]","[2.4806, 4.6656, 7.6890]","[0, 1, 2]",[]
12,triprotic,3,5,4.14,3.97,0.16999999999999948,0.19102836780599755,0.2066170239097831,1.1109554843800538,1.6964151173607025,2.9144035666495496,0.6666666666666666,0.6666666666666666,0.0,0.0,1.1068388925350598,0.0,0.0,0.31449021420907197,"[4.2948, 4.7746, 2.5283]","[0.1778, 0.1887, 0.2066]","[0.3546, 0.3505, 0.2893]","[4.3088, 4.7822, 2.5375]","[2.4806, 4.6656, 7.6890]","[0, 1, 2]",[]
12,triprotic,3,6,4.04,3.97,0.06999999999999984,0.18876241991262366,0.2010741792784583,1.1136535869440527,1.6999806345141104,2.920798027659613,0.6666666666666666,0.6666666666666666,0.0,0.0,1.107271260088734,0.0,1.0,0.22583990423940126,"[4.2966, 4.7682, 2.5318]","[0.1803, 0.1849, 0.2011]","[0.3547, 0.3508, 0.2893]","[4.3091, 4.7812, 2.5381]","[2.4806, 4.6656, 7.6890]","[0, 1, 2]",[]
10,triprotic,3,0,2.4,10.72,8.32,0.20000000000000004,0.2,0.9122647685519326,1.0291593961911027,1.5859571950421776,0.0,0.6666666666666666,0.0,0.0,0.9122647685519326,0.0,0.0,,"[5.9355, 2.9629, 5.1278]","[0.2000, 0.2000, 0.2000]","[0.3088, 0.1942, 0.4883]","[5.9355, 2.9629, 5.1278]","[2.3833, 4.5565, 7.5215]","[0, 1, 2]",[]
10,triprotic,3,1,3.19,10.72,7.530000000000001,0.20266722603410628,0.2050281379608299,0.9114529054055523,1.0279047860159827,1.5834125231207894,0.0,0.6666666666666666,0.0,0.0,0.9121328882013492,0.0,0.0,1.153425422674045,"[5.9381, 2.9695, 5.1212]","[0.2025, 0.2050, 0.2004]","[0.3089, 0.1940, 0.4884]","[5.9359, 2.9639, 5.1267]","[2.3833, 4.5565, 7.5215]","[0, 1, 2]",[]
10,triprotic,3,2,4.99,10.72,5.73,0.20270512644995095,0.2078938168006872,0.9090195980665046,1.024633322614733,1.577560227685101,0.0,0.6666666666666666,0.0,0.0,0.9117409049905292,0.0,0.0,0.33700196771882496,"[5.9439, 2.9693, 5.1200]","[0.2047, 0.2079, 0.1955]","[0.3088, 0.1943, 0.4880]","[5.9369, 2.9639, 5.1265]","[2.3833, 4.5565, 7.5215]","[0, 1, 2]",[]
10,triprotic,3,3,7.45,10.72,3.2700000000000005,0.20605071739186043,0.20885247865235174,0.9079855737465836,1.0228862719648644,1.5736990317412136,0.0,0.6666666666666666,0.0,0.0,0.9115807002539268,0.0,0.0,2.3021022005006673,"[5.9478, 2.9786, 5.1114]","[0.2089, 0.2067, 0.2026]","[0.3091, 0.1939, 0.4875]","[5.9375, 2.9654, 5.1252]","[2.3833, 4.5565, 7.5215]","[0, 1, 2]",[]
10,triprotic,3,4,10.95,10.72,0.22999999999999865,0.21575612626123977,0.2234899416384642,0.8923980218353652,1.0105311082645794,1.5626012275134427,0.0,0.6666666666666666,0.0,0.0,0.909132366811587,0.0,0.0,0.006201979517935996,"[5.9589, 2.9585, 5.0959]","[0.2235, 0.2152, 0.2086]","[0.3094, 0.1940, 0.4872]","[5.9392, 2.9622, 5.1227]","[2.3833, 4.5565, 7.5215]","[0, 1, 2]",[]
10,triprotic,3,5,9.54,10.72,1.1800000000000015,0.21106163940994985,0.21714734571153857,0.8968697952665247,1.0186327215066742,1.5787548317776112,0.0,0.6666666666666666,0.0,0.0,0.9098016721275145,0.0,0.0,2.333854594230651,"[5.9427, 2.9729, 5.0788]","[0.2171, 0.2132, 0.2028]","[0.3089, 0.1940, 0.4872]","[5.9367, 2.9644, 5.1199]","[2.3833, 4.5565, 7.5215]","[0, 1, 2]",[]
10,triprotic,3,6,10.55,10.72,0.16999999999999993,0.2116829492103667,0.22307425467255002,0.8936637209876873,1.0177358105810477,1.580940567526345,0.0,0.6666666666666666,0.0,0.0,0.9092686813251475,0.0,0.0,0.028055238723755593,"[5.9405, 2.9716, 5.0682]","[0.2231, 0.2145, 0.1975]","[0.3084, 0.1935, 0.4871]","[5.9363, 2.9642, 5.1182]","[2.3833, 4.5565, 7.5215]","[0, 1, 2]",[]
10,triprotic,3,7,10.94,10.72,0.21999999999999886,0.20791743459380999,0.21752486390804726,0.8922336802442908,1.01205488435283,1.5657626736222383,0.0,0.6666666666666666,0.0,0.0,0.9090304903895854,0.0,0.0,0.0054939562082285676,"[5.9557, 2.9838, 5.0669]","[0.2075, 0.2175, 0.1987]","[0.3084, 0.1933, 0.4874]","[5.9387, 2.9662, 5.1180]","[2.3833, 4.5565, 7.5215]","[0, 1, 2]",[]
10,triprotic,3,8,10.78,10.72,0.05999999999999872,0.2082040411848595,0.21856270179959522,0.8890243602250666,1.0057372928548016,1.552547951451774,0.0,0.6666666666666666,0.0,0.0,0.908530302985861,0.0,1.0,0.006322069764136629,"[5.9689, 2.9795, 5.0748]","[0.2036, 0.2186, 0.2024]","[0.3082, 0.1936, 0.4872]","[5.9409, 2.9655, 5.1193]","[2.3833, 4.5565, 7.5215]","[0, 1, 2]",[]
16,monoprotic,1,0,2.18,3.34,1.1599999999999997,0.20000000000000004,0.2,0.586286706883802,0.586286706883802,0.586286706883802,0.0,1.0,0.0,1.0,0.586286706883802,0.5440798402479221,0.0,,"[4.3649, 2.3927, 3.0937]","[0.2000, 0.2000, 0.2000]","[0.1348, 0.0835, 0.1829]","[4.3649, 2.3927, 3.0937]",[3.6800],[2],"[0, 1]"
16,monoprotic,1,1,3.3,3.34,0.040000000000000036,0.19814808384177737,0.19931855874287682,0.5943587387254103,0.5943587387254103,0.5943587387254103,0.0,1.0,0.0,1.0,0.5875845611849875,0.5448160768520703,1.0,0.44806076232343894,"[4.3649, 2.3930, 3.0856]","[0.1993, 0.1965, 0.1987]","[0.1349, 0.0837, 0.1826]","[4.3649, 2.3927, 3.0924]",[3.6800],[2],"[0, 1]"
15,diprotic,2,0,2.95,10.99,8.04,0.20000000000000004,0.2,0.9199261096424451,0.9459741563658945,1.1403871205044158,0.0,0.5,0.0,0.0,0.9199261096424451,0.20431874364509503,0.0,,"[5.4572, 2.8413, 2.9224]","[0.2000, 0.2000, 0.2000]","[0.3880, 0.2153, 0.4506]","[5.4572, 2.8413, 2.9224]","[3.6219, 6.5976]","[0, 2]",[1]
15,diprotic,2,1,4.5,10.99,6.49,0.20143991480010293,0.2088140415309127,0.9180475093014531,0.9419747173387191,1.129009920101951,0.0,0.5,0.0,0.0,0.9196132539773085,0.20440992678537956,0.0,0.8986933209234849,"[5.4686, 2.8334, 2.9148]","[0.1956, 0.1999, 0.2088]","[0.3879, 0.2154, 0.4505]","[5.4590, 2.8401, 2.9212]","[3.6219, 6.5976]","[0, 2]",[1]
15,diprotic,2,2,6.89,10.99,4.1000000000000005,0.20231915228369746,0.2077123453967553,0.9206843718940079,0.9444735732131093,1.1313277146515581,0.0,0.5,0.0,0.0,0.9200411934183612,0.20475913757348518,0.0,3.1215568269696083,"[5.4662, 2.8511, 2.9118]","[0.2014, 0.1979, 0.2077]","[0.3879, 0.2158, 0.4502]","[5.4586, 2.8429, 2.9207]","[3.6219, 6.5976]","[0, 2]",[1]
15,diprotic,2,3,11.9,10.99,0.9100000000000001,0.20911630631959946,0.21301591642309772,0.9201790262916103,0.9445899667762931,1.133534984510411,0.0,0.5,0.0,0.0,0.9199697326640643,0.2045317986761292,0.0,7.988641171809286,"[5.4640, 2.8544, 2.9150]","[0.2130, 0.2065, 0.2078]","[0.3882, 0.2157, 0.4508]","[5.4583, 2.8434, 2.9212]","[3.6219, 6.5976]","[0, 2]",[1]
15,diprotic,2,4,11.48,10.99,0.4900000000000002,0.2132523341101525,0.21919258972571987,0.9258161532683906,0.9511562723688035,1.1439049077098735,0.0,0.5,0.0,0.0,0.9208560563026864,0.2045258141704077,0.0,7.610760147003457,"[5.4537, 2.8456, 2.9141]","[0.2192, 0.2091, 0.2115]","[0.3884, 0.2158, 0.4509]","[5.4566, 2.8420, 2.9211]","[3.6219, 6.5976]","[0, 2]",[1]
15,diprotic,2,5,8.67,10.99,2.3200000000000003,0.2112562570793947,0.21346086607822706,0.924297644956183,0.9477635507634432,1.133891565870373,0.0,0.5,0.0,0.0,0.9206160863023192,0.20465495615841559,0.0,4.8287342782877385,"[5.4637, 2.8384, 2.9071]","[0.2127, 0.2076, 0.2135]","[0.3887, 0.2160, 0.4506]","[5.4582, 2.8409, 2.9200]","[3.6219, 6.5976]","[0, 2]",[1]
15,diprotic,2,6,11.12,10.99,0.129999999999999,0.21063780051969838,0.22737122318034744,0.9117129582289043,0.9354088723006543,1.120923952625188,0.0,0.5,0.0,0.0,0.9186044648052973,0.2045129762863126,0.0,7.2656923624500624,"[5.4766, 2.8335, 2.9194]","[0.2025, 0.2020, 0.2274]","[0.3884, 0.2155, 0.4500]","[5.4603, 2.8401, 2.9219]","[3.6219, 6.5976]","[0, 2]",[1]
15,diprotic,2,7,10.82,10.99,0.16999999999999993,0.21620420394441545,0.22966808722800527,0.9025529465286404,0.9267176440485644,1.1127998739815546,0.0,0.5,0.0,0.0,0.9171808047442609,0.204959326009509,0.0,6.970311920093373,"[5.4848, 2.8410, 2.9295]","[0.2088, 0.2102, 0.2297]","[0.3887, 0.2162, 0.4498]","[5.4616, 2.8413, 2.9235]","[3.6219, 6.5976]","[0, 2]",[1]
15,diprotic,2,8,10.99,10.99,0.0,0.220568114618006,0.23933949548342542,0.9030389709583748,0.9274829448810431,1.1145696542543249,0.0,0.5,0.0,0.0,0.9172747771816476,0.20503473548950985,1.0,7.136122058155015,"[5.4830, 2.8441, 2.9303]","[0.2120, 0.2104, 0.2393]","[0.3893, 0.2162, 0.4489]","[5.4613, 2.8418, 2.9236]","[3.6219, 6.5976]","[0, 2]",[1]
14,triprotic,3,0,2.94,2.0,0.94,0.20000000000000004,0.2,2.831491761565516,3.5386025058397146,5.142927459718545,0.3333333333333333,0.3333333333333333,0.0,0.0,2.831491761565516,0.0,0.0,,"[2.6881, 2.2781, 2.5231]","[0.2000, 0.2000, 0.2000]","[0.2651, 0.0136, 0.3157]","[2.6881, 2.2781, 2.5231]","[2.2605, 5.8570, 7.8311]","[0, 1, 2]",[]
14,triprotic,3,1,1.5,2.0,0.5,0.1787990854623475,0.2677889590924485,3.0530391009745728,3.7211446783834523,5.275113517734651,0.3333333333333333,0.3333333333333333,0.0,0.0,2.8608600168020644,0.0,0.0,0.06387920258566737,"[2.1584, 2.0750, 2.5559]","[0.1156, 0.1530, 0.2678]","[0.2655, 0.0159, 0.3156]","[2.5944, 2.2436, 2.5279]","[2.2605, 5.8570, 7.8311]","[0, 1, 2]",[]
14,triprotic,3,2,1.64,2.0,0.3600000000000001,0.1646707808086585,0.2539836296517294,3.1516059414506614,3.7966675421171594,5.333907664118498,0.3333333333333333,0.3333333333333333,0.0,0.0,2.878594280466126,0.0,0.0,0.031377308201044896,"[2.0214, 1.9752, 2.4971]","[0.0941, 0.1459, 0.2540]","[0.2653, 0.0158, 0.3152]","[2.5673, 2.2263, 2.5192]","[2.2605, 5.8570, 7.8311]","[0, 1, 2]",[]
14,triprotic,3,3,1.78,2.0,0.21999999999999997,0.15512803250986965,0.251588056795197,3.1352405344103498,3.7839793838323343,5.321572565872367,0.3333333333333333,0.3333333333333333,0.0,0.0,2.876552407883185,0.0,0.0,0.006105846930295256,"[2.0406, 1.9927, 2.5095]","[0.0839, 0.1299, 0.2516]","[0.2650, 0.0152, 0.3149]","[2.5695, 2.2284, 2.5210]","[2.2605, 5.8570, 7.8311]","[0, 1, 2]",[]
14,triprotic,3,4,1.92,2.0,0.08000000000000007,0.14520581346618522,0.2279470458781768,2.980691559709984,3.6710218196267492,5.197827368455564,0.3333333333333333,0.3333333333333333,0.0,0.0,2.8527915047362473,0.0,1.0,0.04828716728836291,"[2.1775, 2.1957, 2.6332]","[0.0681, 0.1396, 0.2279]","[0.2646, 0.0162, 0.3157]","[2.5929, 2.2639, 2.5402]","[2.2605, 5.8570, 7.8311]","[0, 1, 2]",[]
18,diprotic,2,0,2.42,6.71,4.29,0.20000000000000004,0.2,1.0127115860427387,1.183819168679505,1.6257719971180542,0.5,0.5,0.0,0.0,1.0127115860427387,0.23767043098148113,0.0,,"[3.5910, 4.2881, 3.6371]","[0.2000, 0.2000, 0.2000]","[0.2931, 0.3412, 0.1977]","[3.5910, 4.2881, 3.6371]","[3.1914, 5.9139]","[0, 1]",[2]
18,diprotic,2,1,3.7,6.71,3.01,0.20431497871240575,0.21550791571125377,1.0074107471368943,1.1804462203865773,1.6226967503728202,0.5,0.5,0.0,0.0,1.0118716886080403,0.23775638413293138,0.0,0.13490825803019124,"[3.5835, 4.2912, 3.6377]","[0.2155, 0.1994, 0.1980]","[0.2929, 0.3410, 0.1977]","[3.5898, 4.2886, 3.6372]","[3.1914, 5.9139]","[0, 1]",[2]
18,diprotic,2,2,5.42,6.71,1.29,0.20786205783973255,0.2203271027337213,1.0144703031737898,1.1831747686807925,1.6233648237775853,0.5,0.5,0.0,0.0,1.0129813418771296,0.2377940268223585,0.0,1.6310320758074521,"[3.5970, 4.2905, 3.6556]","[0.2203, 0.1955, 0.2077]","[0.2931, 0.3408, 0.1978]","[3.5920, 4.2885, 3.6401]","[3.1914, 5.9139]","[0, 1]",[2]
18,diprotic,2,3,5.85,6.71,0.8600000000000003,0.2067244526907567,0.22406053383114985,1.026350755613377,1.1895900020331973,1.627789446910497,0.5,0.5,0.0,0.0,1.014844323796406,0.2375420834030064,0.0,1.9749883871059861,"[3.6163, 4.2861, 3.6581]","[0.2241, 0.1926, 0.2035]","[0.2933, 0.3408, 0.1975]","[3.5950, 4.2878, 3.6405]","[3.1914, 5.9139]","[0, 1]",[2]
18,diprotic,2,4,6.18,6.71,0.5300000000000002,0.20528685235819036,0.21826695520160097,1.0221960001282695,1.1826542788210677,1.6169955298318044,0.5,0.5,0.0,0.0,1.0141818745964726,0.23736817217286443,0.0,2.234952544160187,"[3.6188, 4.2969, 3.6687]","[0.2183, 0.1957, 0.2019]","[0.2933, 0.3410, 0.1974]","[3.5954, 4.2895, 3.6422]","[3.1914, 5.9139]","[0, 1]",[2]
18,diprotic,2,5,6.45,6.71,0.2599999999999998,0.21185560478339527,0.22650639371135753,1.0173903612442725,1.1787056014244894,1.6125909557304645,0.5,0.5,0.0,0.0,1.0134080788201136,0.2369191879744523,0.0,2.458761078119278,"[3.6136, 4.3013, 3.6651]","[0.2265, 0.2020, 0.2071]","[0.2922, 0.3404, 0.1964]","[3.5945, 4.2902, 3.6416]","[3.1914, 5.9139]","[0, 1]",[2]
18,diprotic,2,6,6.62,6.71,0.08999999999999986,0.21900648045748916,0.2402496928800624,1.0149381992067508,1.1759272767646618,1.6088282665004474,0.5,0.5,0.0,0.0,1.0129984981481523,0.23728968216518864,1.0,2.6057146062422545,"[3.6124, 4.3051, 3.6716]","[0.2402, 0.2071, 0.2097]","[0.2919, 0.3406, 0.1968]","[3.5943, 4.2908, 3.6426]","[3.1914, 5.9139]","[0, 1]",[2]
17,triprotic,3,0,2.32,5.78,3.4600000000000004,0.20000000000000004,0.2,0.9415286940390084,0.9740509727325952,1.2886590703991798,0.0,0.6666666666666666,0.0,0.0,0.9415286940390084,0.0,0.0,,"[2.5477, 5.4332, 4.9687]","[0.2000, 0.2000, 0.2000]","[0.4258, 0.0631, 0.3204]","[2.5477, 5.4332, 4.9687]","[3.8363, 4.1453, 6.1458]","[0, 1, 2]",[]
17,triprotic,3,1,3.75,5.78,2.0300000000000002,0.19829879529525665,0.19881112329926542,0.9428674299379568,0.9759901319353168,1.2920401598711169,0.0,0.6666666666666666,0.0,0.0,0.9417436661829077,0.0,0.0,0.8216399336233735,"[2.5443, 5.4399, 4.9760]","[0.1982, 0.1979, 0.1988]","[0.4262, 0.0632, 0.3204]","[2.5471, 5.4343, 4.9699]","[3.8363, 4.1453, 6.1458]","[0, 1, 2]",[]
17,triprotic,3,2,4.01,5.78,1.7700000000000005,0.06157808159192579,0.07632165433761716,1.1310777332208943,1.1896683726905237,1.5378466228278125,0.0,0.3333333333333333,0.0,0.0,0.9954330851384191,0.0,0.0,0.08745939634740374,"[2.2985, 4.7904, 4.9355]","[0.0763, 0.0516, 0.0568]","[0.4293, 0.0654, 0.3197]","[2.5016, 5.3113, 4.9624]","[3.8363, 4.1453, 6.1458]","[0, 1, 2]",[]
17,triprotic,3,3,4.32,5.78,1.46,0.062253059963863065,0.0778932970427205,1.1296951877758505,1.1878927348556398,1.535322829031578,0.0,0.3333333333333333,0.0,0.0,0.9953456049081818,0.0,0.0,0.4369187879562375,"[2.3010, 4.7913, 4.9380]","[0.0779, 0.0518, 0.0570]","[0.4291, 0.0655, 0.3196]","[2.5022, 5.3115, 4.9629]","[3.8363, 4.1453, 6.1458]","[0, 1, 2]",[]
17,triprotic,3,4,4.69,5.78,1.0899999999999999,0.06237231121119131,0.08078925170523368,1.1308232161082992,1.1884284339626294,1.5340380866843133,0.0,0.3333333333333333,0.0,0.0,0.9949917079118418,0.0,0.0,0.3046680604480203,"[2.3023, 4.7944, 4.9364]","[0.0808, 0.0502, 0.0561]","[0.4288, 0.0654, 0.3196]","[2.5025, 5.3119, 4.9626]","[3.8363, 4.1453, 6.1458]","[0, 1, 2]",[]
17,triprotic,3,5,5.17,5.78,0.6100000000000003,0.06263768626282189,0.08922903475869162,1.123601366023273,1.1741199192417722,1.528988987520032,0.0,0.3333333333333333,0.0,0.0,0.9957812376307947,0.0,0.0,0.029525940380990434,"[2.3073, 4.8407, 4.9993]","[0.0892, 0.0451, 0.0536]","[0.4281, 0.0650, 0.3200]","[2.5039, 5.3201, 4.9745]","[3.8363, 4.1453, 6.1458]","[0, 1, 2]",[]
17,triprotic,3,6,5.85,5.78,0.0699999999999994,0.06289652289722267,0.08904641154645271,1.1238316924972513,1.1743989127504084,1.5269348537072536,0.0,0.3333333333333333,0.0,0.0,0.9955203119633299,0.0,1.0,0.5112973944284018,"[2.3094, 4.8385, 4.9945]","[0.0890, 0.0442, 0.0555]","[0.4282, 0.0649, 0.3202]","[2.5042, 5.3196, 4.9736]","[3.8363, 4.1453, 6.1458]","[0, 1, 2]",[]
7,triprotic,3,0,2.1,9.44,7.34,0.20000000000000004,0.2,1.0457963158773735,1.0863874004520238,1.4415270948026668,0.0,0.6666666666666666,0.0,0.0,1.0457963158773735,0.0,0.0,,"[3.9900, 5.5796, 2.9993]","[0.2000, 0.2000, 0.2000]","[0.3868, 0.3318, 0.0437]","[3.9900, 5.5796, 2.9993]","[3.7360, 5.4315, 6.5388]","[0, 1, 2]",[]
7,triprotic,3,1,4.36,9.44,5.079999999999999,0.20217154898319004,0.2050744987094592,1.0412888993956417,1.080775188793246,1.4337197603386356,0.0,0.6666666666666666,0.0,0.0,1.0450772391417051,0.0,0.0,0.3265056923404339,"[3.9978, 5.5928, 2.9918]","[0.2009, 0.2051, 0.2005]","[0.3868, 0.3320, 0.0436]","[3.9913, 5.5817, 2.9981]","[3.7360, 5.4315, 6.5388]","[0, 1, 2]",[]
7,triprotic,3,2,5.46,9.44,3.9799999999999995,0.2014559645037235,0.20581512821123657,1.0392603173285673,1.078560390258764,1.4288024547031863,0.0,0.6666666666666666,0.0,0.0,1.044745259196564,0.0,0.0,1.183074309527874,"[4.0027, 5.5892, 2.9965]","[0.2002, 0.1984, 0.2058]","[0.3867, 0.3313, 0.0437]","[3.9921, 5.5812, 2.9988]","[3.7360, 5.4315, 6.5388]","[0, 1, 2]",[]
7,triprotic,3,3,6.16,9.44,3.2799999999999994,0.20191628517089008,0.2149178743254755,1.039095300016491,1.0781255982585582,1.4285787332977762,0.0,0.6666666666666666,0.0,0.0,1.0447337183035914,0.0,0.0,1.697940095877275,"[4.0030, 5.5935, 2.9925]","[0.1967, 0.2149, 0.1941]","[0.3864, 0.3322, 0.0436]","[3.9921, 5.5818, 2.9982]","[3.7360, 5.4315, 6.5388]","[0, 1, 2]",[]
7,triprotic,3,4,7.18,9.44,2.26,0.2032925033385274,0.216192616109546,1.0473623465756343,1.0867270033815934,1.4377284193434012,0.0,0.6666666666666666,0.0,0.0,1.0460470509859048,0.0,0.0,2.3446729940548536,"[3.9938, 5.5783, 2.9921]","[0.1968, 0.2162, 0.1968]","[0.3863, 0.3322, 0.0437]","[3.9906, 5.5794, 2.9981]","[3.7360, 5.4315, 6.5388]","[0, 1, 2]",[]
7,triprotic,3,5,11.69,9.44,2.25,0.20831880994770588,0.2183525824385845,1.0488126666944901,1.0884918246635489,1.440208825222419,0.0,0.6666666666666666,0.0,0.0,1.0462707877736792,0.0,0.0,0.004348305463791391,"[3.9913, 5.5747, 2.9938]","[0.1962, 0.2184, 0.2104]","[0.3860, 0.3320, 0.0442]","[3.9902, 5.5788, 2.9984]","[3.7360, 5.4315, 6.5388]","[0, 1, 2]",[]
7,triprotic,3,6,10.28,9.44,0.8399999999999999,0.21237234017122808,0.2205336595303404,1.052735465630321,1.0929930156074972,1.447147928048658,0.0,0.6666666666666666,0.0,0.0,1.046891909968945,0.0,0.0,0.011406748294829683,"[3.9844, 5.5697, 2.9940]","[0.1967, 0.2199, 0.2205]","[0.3857, 0.3319, 0.0444]","[3.9891, 5.5781, 2.9984]","[3.7360, 5.4315, 6.5388]","[0, 1, 2]",[]
7,triprotic,3,7,7.35,9.44,2.09,0.21706427373838233,0.22003028141677275,1.0498614331507785,1.0907253640579508,1.4444892752612017,0.0,0.6666666666666666,0.0,0.0,1.0464350975305703,0.0,0.0,2.441743534430861,"[3.9871, 5.5662, 3.0035]","[0.2113, 0.2198, 0.2200]","[0.3847, 0.3322, 0.0446]","[3.9896, 5.5775, 2.9999]","[3.7360, 5.4315, 6.5388]","[0, 1, 2]",[]
7,triprotic,3,8,7.7,9.44,1.7399999999999993,0.21886373233112036,0.22678210813219943,1.0568235137275874,1.0937788877024606,1.4353722397540851,0.0,0.6666666666666666,0.0,0.0,1.0475105520663353,0.0,0.0,2.6215888269245626,"[3.9962, 5.5629, 2.9768]","[0.2084, 0.2268, 0.2214]","[0.3842, 0.3333, 0.0442]","[3.9910, 5.5770, 2.9957]","[3.7360, 5.4315, 6.5388]","[0, 1, 2]",[]
7,triprotic,3,9,10.2,9.44,0.7599999999999998,0.21716660637190352,0.22147445800797125,1.052065305201074,1.0924584626049147,1.4488984424805982,0.0,0.6666666666666666,0.0,0.0,1.046783181634278,0.0,0.0,0.010396790504454856,"[3.9826, 5.5764, 2.9911]","[0.2133, 0.2215, 0.2168]","[0.3843, 0.3324, 0.0443]","[3.9889, 5.5791, 2.9980]","[3.7360, 5.4315, 6.5388]","[0, 1, 2]",[]
7,triprotic,3,10,8.08,9.44,1.3599999999999994,0.22305304603498602,0.22810102412308444,1.0489285644116384,1.0902017009148126,1.4457554612818964,0.0,0.6666666666666666,0.0,0.0,1.0462832354096099,0.0,0.0,2.806389229297638,"[3.9858, 5.5685, 3.0052]","[0.2178, 0.2281, 0.2232]","[0.3847, 0.3327, 0.0438]","[3.9894, 5.5779, 3.0002]","[3.7360, 5.4315, 6.5388]","[0, 1, 2]",[]
7,triprotic,3,11,8.49,9.44,0.9499999999999993,0.2228532797051168,0.2284580742908844,1.0438783335726323,1.0864781251226616,1.447225492181912,0.0,0.6666666666666666,0.0,0.0,1.0454892547041839,0.0,0.0,2.984348704814911,"[3.9843, 5.5778, 3.0126]","[0.2285, 0.2237, 0.2164]","[0.3861, 0.3324, 0.0449]","[3.9891, 5.5793, 3.0013]","[3.7360, 5.4315, 6.5388]","[0, 1, 2]",[]
7,triprotic,3,12,10.14,9.44,0.7000000000000011,0.21892029025420076,0.2209640925007404,1.043721825452248,1.0858645355335028,1.4477105311302756,0.0,0.6666666666666666,0.0,0.0,1.0454713079934554,0.0,0.0,0.014807476997376057,"[3.9838, 5.5865, 3.0048]","[0.2185, 0.2210, 0.2173]","[0.3862, 0.3316, 0.0433]","[3.9890, 5.5807, 3.0001]","[3.7360, 5.4315, 6.5388]","[0, 1, 2]",[]
7,triprotic,3,13,9.14,9.44,0.29999999999999893,0.2233745417348815,0.2275743245415919,1.0430335671071174,1.0829234910846506,1.4361100696552809,0.0,0.6666666666666666,0.0,0.0,1.0453669210326604,0.0,0.0,3.1400145435333258,"[3.9954, 5.5859, 2.9959]","[0.2276, 0.2224, 0.2202]","[0.3854, 0.3328, 0.0430]","[3.9909, 5.5806, 2.9987]","[3.7360, 5.4315, 6.5388]","[0, 1, 2]",[]
7,triprotic,3,14,9.72,9.44,0.28000000000000114,0.22676400156148582,0.24045620997227943,1.0440462194720503,1.086377769298527,1.4475691205940504,0.0,0.6666666666666666,0.0,0.0,1.0455128239637694,0.0,0.0,0.13989088058471744,"[3.9840, 5.5818, 3.0084]","[0.2405, 0.2230, 0.2168]","[0.3850, 0.3330, 0.0420]","[3.9891, 5.5800, 3.0007]","[3.7360, 5.4315, 6.5388]","[0, 1, 2]",[]
7,triprotic,3,15,9.43,9.44,0.009999999999999787,0.22487740607651405,0.2330717626127469,1.0543194584658317,1.0977542211712996,1.4668917762706837,0.0,0.6666666666666666,0.0,0.0,1.0471102136561907,0.0,1.0,1.7561260986328122,"[3.9647, 5.5787, 3.0000]","[0.2331, 0.2269, 0.2147]","[0.3840, 0.3338, 0.0417]","[3.9861, 5.5795, 2.9994]","[3.7360, 5.4315, 6.5388]","[0, 1, 2]",[]
19,triprotic,3,0,2.22,3.32,1.0999999999999996,0.20000000000000004,0.2,1.4045535720919282,1.7297336738183842,2.8310549058972754,0.0,0.6666666666666666,0.0,0.0,1.4045535720919282,0.0,0.0,,"[4.8761, 5.0407, 3.5817]","[0.2000, 0.2000, 0.2000]","[0.3203, 0.1012, 0.2949]","[4.8761, 5.0407, 3.5817]","[2.9417, 5.6187, 7.8717]","[0, 1, 2]",[]
19,triprotic,3,1,2.6,3.32,0.7199999999999998,0.20001924271194352,0.20553143440607982,1.4072342731454512,1.7329083644718832,2.836548383328438,0.0,0.6666666666666666,0.0,0.0,1.4049817059041239,0.0,0.0,1.473287395760417,"[4.8838, 5.0352, 3.5919]","[0.1967, 0.2055, 0.1979]","[0.3201, 0.1011, 0.2946]","[4.8773, 5.0398, 3.5833]","[2.9417, 5.6187, 7.8717]","[0, 1, 2]",[]
19,triprotic,3,2,2.88,3.32,0.43999999999999995,0.19552628104180356,0.2028997757128327,1.4066062014813763,1.732246207848358,2.835187066598701,0.0,0.6666666666666666,0.0,0.0,1.4048831821924714,0.0,0.0,1.3056421839911492,"[4.8757, 5.0365, 3.5833]","[0.1895, 0.2029, 0.1942]","[0.3199, 0.1012, 0.2946]","[4.8760, 5.0400, 3.5819]","[2.9417, 5.6187, 7.8717]","[0, 1, 2]",[]
19,triprotic,3,3,3.05,3.32,0.27,0.19951066452150623,0.20998577400914317,1.413597237637821,1.7365398103858474,2.838918217079187,0.0,0.6666666666666666,0.0,0.0,1.4060051648616632,0.0,0.0,1.1859883373137565,"[4.8697, 5.0328, 3.5945]","[0.1889, 0.2100, 0.1997]","[0.3196, 0.1018, 0.2942]","[4.8751, 5.0394, 3.5837]","[2.9417, 5.6187, 7.8717]","[0, 1, 2]",[]
19,triprotic,3,4,3.17,3.32,0.1499999999999999,0.19782761125144233,0.20587099180783483,1.4095543414851146,1.7360977024901425,2.8411614475196094,0.0,0.6666666666666666,0.0,0.0,1.4053563425521371,0.0,0.0,1.094196697389707,"[4.8644, 5.0305, 3.5749]","[0.1922, 0.2059, 0.1954]","[0.3195, 0.1017, 0.2944]","[4.8742, 5.0390, 3.5806]","[2.9417, 5.6187, 7.8717]","[0, 1, 2]",[]
19,triprotic,3,5,3.23,3.32,0.08999999999999986,0.19575428484315874,0.20074608456367588,1.4139665674064261,1.7402948208410869,2.8471097729783414,0.0,0.6666666666666666,0.0,0.0,1.406062863405505,0.0,1.0,1.047666799724102,"[4.8616, 5.0246, 3.5794]","[0.1991, 0.2007, 0.1875]","[0.3192, 0.1012, 0.2940]","[4.8738, 5.0381, 3.5813]","[2.9417, 5.6187, 7.8717]","[0, 1, 2]",[]
21,triprotic,3,0,2.09,7.39,5.3,0.20000000000000004,0.2,0.9641906861495806,1.1456093563309306,1.7456328373312306,0.3333333333333333,0.6666666666666666,0.0,0.0,0.9641906861495806,0.0,0.0,,"[5.6478, 4.8196, 3.9695]","[0.2000, 0.2000, 0.2000]","[0.2087, 0.3586, 0.1095]","[5.6478, 4.8196, 3.9695]","[3.0552, 4.5869, 7.3934]","[0, 1, 2]",[]
21,triprotic,3,1,3.54,7.39,3.8499999999999996,0.20057727806990402,0.211009735041734,0.9633409650940609,1.1459941054708498,1.7473879603404674,0.3333333333333333,0.6666666666666666,0.0,0.0,0.964051737552215,0.0,0.0,1.1134464806318283,"[5.6460, 4.8164, 3.9684]","[0.2110, 0.1951, 0.1956]","[0.2092, 0.3586, 0.1098]","[5.6475, 4.8191, 3.9693]","[3.0552, 4.5869, 7.3934]","[0, 1, 2]",[]
21,triprotic,3,2,4.46,7.39,2.9299999999999997,0.20099713688996065,0.21559875210783008,0.9652974010786256,1.1445139946761664,1.7429690599327667,0.3333333333333333,0.6666666666666666,0.0,0.0,0.9643704987384276,0.0,0.0,0.328788850652054,"[5.6505, 4.8263, 3.9687]","[0.2156, 0.1997, 0.1877]","[0.2090, 0.3584, 0.1099]","[5.6482, 4.8207, 3.9694]","[3.0552, 4.5869, 7.3934]","[0, 1, 2]",[]
21,triprotic,3,3,5.38,7.39,2.01,0.20202995877804722,0.21825369901241887,0.9574816072484396,1.140133705737331,1.7395154473555676,0.3333333333333333,0.6666666666666666,0.0,0.0,0.9631154194736968,0.0,0.0,0.4852027936093508,"[5.6539, 4.8128, 3.9623]","[0.2183, 0.1920, 0.1958]","[0.2086, 0.3581, 0.1106]","[5.6488, 4.8185, 3.9683]","[3.0552, 4.5869, 7.3934]","[0, 1, 2]",[]
21,triprotic,3,4,6.84,7.39,0.5499999999999998,0.20771406365628423,0.21381660382683074,0.9598583770911969,1.1444236709418554,1.7466180664040154,0.3333333333333333,0.6666666666666666,0.0,0.0,0.9634960606329468,0.0,0.0,1.8584701057150959,"[5.6468, 4.8094, 3.9657]","[0.2138, 0.1986, 0.2108]","[0.2084, 0.3578, 0.1107]","[5.6476, 4.8179, 3.9689]","[3.0552, 4.5869, 7.3934]","[0, 1, 2]",[]
21,triprotic,3,5,7.31,7.39,0.08000000000000007,0.20769730138760545,0.21454796125438524,0.9615526499157453,1.1483004727334591,1.7548505876285851,0.3333333333333333,0.6666666666666666,0.0,0.0,0.9637613705770055,0.0,1.0,2.250593624487519,"[5.6386, 4.8068, 3.9651]","[0.2145, 0.2006, 0.2079]","[0.2084, 0.3582, 0.1112]","[5.6463, 4.8175, 3.9688]","[3.0552, 4.5869, 7.3934]","[0, 1, 2]",[]
22,diprotic,2,0,2.86,5.9,3.0400000000000005,0.20000000000000004,0.2,0.7112809723661604,0.8959728839449707,1.2561174497743064,0.5,0.5,0.0,0.0,0.7112809723661604,0.6349548649107754,0.0,,"[3.2413, 4.8618, 2.5031]","[0.2000, 0.2000, 0.2000]","[0.0071, 0.2602, 0.4649]","[3.2413, 4.8618, 2.5031]","[3.0748, 6.1179]","[0, 1]",[2]
22,diprotic,2,1,3.33,5.9,2.5700000000000003,0.00915076703678817,0.016319889332411245,0.5104633285166109,0.5600222583979811,0.7407937870776049,0.5,1.0,0.0,1.0,0.7155507433748223,0.010473954073144939,0.0,0.10455617045052357,"[3.7955, 5.3771, 2.7947]","[0.0083, 0.0163, 0.0029]","[0.0077, 0.2569, 0.4713]","[3.3512, 4.9632, 2.5613]","[3.0748, 6.1179]","[1, 2]",[0]
22,diprotic,2,2,5.37,5.9,0.5300000000000002,0.010474165104867874,0.018061111600919704,0.510350988360811,0.5597727737678679,0.7403236539776534,0.5,1.0,0.0,1.0,0.7155848488817844,0.010368826599857443,0.0,1.790242911670357,"[3.7961, 5.3776, 2.7945]","[0.0095, 0.0181, 0.0038]","[0.0076, 0.2569, 0.4713]","[3.3512, 4.9631, 2.5612]","[3.0748, 6.1179]","[1, 2]",[0]
22,diprotic,2,3,5.63,5.9,0.27000000000000046,0.011240101385393927,0.01851659562440121,0.5103202505189333,0.5596840952347503,0.7401452456109254,0.5,1.0,0.0,1.0,0.715459160604532,0.01050631863014688,0.0,2.0148515711724757,"[3.7952, 5.3778, 2.7943]","[0.0103, 0.0185, 0.0049]","[0.0077, 0.2568, 0.4711]","[3.3509, 4.9631, 2.5611]","[3.0748, 6.1179]","[1, 2]",[0]
22,diprotic,2,4,5.77,5.9,0.13000000000000078,0.012342011748417397,0.01959957566543143,0.5099378175709026,0.5593153841201909,0.7397140589983868,0.5,1.0,0.0,1.0,0.7154421354503786,0.010608408284576236,0.0,2.1311995188985016,"[3.7956, 5.3782, 2.7947]","[0.0116, 0.0196, 0.0058]","[0.0078, 0.2569, 0.4716]","[3.3509, 4.9630, 2.5611]","[3.0748, 6.1179]","[1, 2]",[0]
22,diprotic,2,5,5.83,5.9,0.07000000000000028,0.013137633301669116,0.020194108966196448,0.5091541620937381,0.5583588566468545,0.7383410989348373,0.5,1.0,0.0,1.0,0.7153444935802717,0.010938987317351828,1.0,2.179470495246351,"[3.7960, 5.3796, 2.7949]","[0.0122, 0.0202, 0.0070]","[0.0081, 0.2572, 0.4713]","[3.3509, 4.9633, 2.5611]","[3.0748, 6.1179]","[1, 2]",[0]
23,triprotic,3,0,1.91,3.55,1.64,0.20000000000000004,0.2,1.7578387463703045,2.0322489454912915,2.5100986660725804,0.3333333333333333,0.3333333333333333,0.0,0.0,1.7578387463703045,0.0,0.0,,"[2.0023, 2.2869, 4.9349]","[0.2000, 0.2000, 0.2000]","[0.3799, 0.3590, 0.0205]","[2.0023, 2.2869, 4.9349]","[2.3184, 4.7970, 7.3823]","[0, 1, 2]",[]
23,triprotic,3,1,2.27,3.55,1.2799999999999998,0.20185614554903886,0.2052803830241985,1.751535549172137,2.029058500286372,2.5101303253764917,0.3333333333333333,0.3333333333333333,0.0,0.0,1.7568258626335809,0.0,0.0,0.43564011992886664,"[2.0149, 2.2869, 4.9413]","[0.1960, 0.2043, 0.2053]","[0.3799, 0.3590, 0.0207]","[2.0043, 2.2869, 4.9360]","[2.3184, 4.7970, 7.3823]","[0, 1, 2]",[]
23,triprotic,3,2,2.71,3.55,0.8399999999999999,0.2045027260861293,0.20785062254486578,1.75759301463554,2.03672589864739,2.523397260749995,0.3333333333333333,0.3333333333333333,0.0,0.0,1.7577945979917178,0.0,0.0,0.6823240435123443,"[2.0155, 2.2736, 4.9358]","[0.1998, 0.2058, 0.2079]","[0.3803, 0.3585, 0.0208]","[2.0044, 2.2848, 4.9351]","[2.3184, 4.7970, 7.3823]","[0, 1, 2]",[]
23,triprotic,3,3,3.12,3.55,0.4299999999999997,0.21106149292554888,0.21942717154186572,1.768493695990192,2.047955827429202,2.5388781157945584,0.3333333333333333,0.3333333333333333,0.0,0.0,1.7595131418462298,0.0,0.0,0.9747113009262831,"[2.0096, 2.2581, 4.9244]","[0.2010, 0.2127, 0.2194]","[0.3801, 0.3586, 0.0206]","[2.0035, 2.2824, 4.9333]","[2.3184, 4.7970, 7.3823]","[0, 1, 2]",[]
23,triprotic,3,4,3.44,3.55,0.10999999999999988,0.21501846103138159,0.22989621748357625,1.7742922222213184,2.0534285539487684,2.547324165214933,0.3333333333333333,0.3333333333333333,0.0,0.0,1.7604205662780208,0.0,0.0,1.2335082376934587,"[2.0051, 2.2497, 4.9201]","[0.2020, 0.2132, 0.2299]","[0.3797, 0.3586, 0.0211]","[2.0028, 2.2810, 4.9326]","[2.3184, 4.7970, 7.3823]","[0, 1, 2]",[]
23,triprotic,3,5,3.55,3.55,0.0,0.22041336837080527,0.23936968354575913,1.7819657951938732,2.06169384455233,2.5604322952625997,0.3333333333333333,0.3333333333333333,0.0,0.0,1.7615945561837831,0.0,1.0,1.3272334641776977,"[2.0019, 2.2366, 4.9134]","[0.2022, 0.2196, 0.2394]","[0.3799, 0.3579, 0.0209]","[2.0022, 2.2790, 4.9316]","[2.3184, 4.7970, 7.3823]","[0, 1, 2]",[]
20,diprotic,2,0,2.47,8.46,5.99,0.20000000000000004,0.2,0.1849167399876146,0.1892451232218391,0.22515994979500942,1.0,1.0,1.0,1.0,0.1849167399876146,0.5231751048607818,0.0,,"[3.0386, 4.9743, 3.8107]","[0.2000, 0.2000, 0.2000]","[0.0369, 0.0005, 0.0411]","[3.0386, 4.9743, 3.8107]","[2.8940, 5.1995]","[0, 1]",[2]
20,diprotic,2,1,3.58,8.46,4.880000000000001,0.17183557704581665,0.21213556232812716,0.1934429024288289,0.19848701785016087,0.23790569310778498,1.0,1.0,1.0,1.0,0.1863312616221835,0.5204839013990329,0.0,0.00011550907045609904,"[3.0430, 4.9616, 3.8135]","[0.1099, 0.1935, 0.2121]","[0.0370, 0.0010, 0.0413]","[3.0394, 4.9723, 3.8111]","[2.8940, 5.1995]","[0, 1]",[2]
20,diprotic,2,2,5.21,8.46,3.250000000000001,0.17195545674628873,0.21613836829002117,0.18724119025469332,0.19103827718499405,0.22514053090616581,1.0,1.0,1.0,1.0,0.1853319647736391,0.5233846764560883,0.0,1.039386692494154,"[3.0433, 4.9743, 3.8121]","[0.1076, 0.1921, 0.2161]","[0.0367, 0.0009, 0.0413]","[3.0395, 4.9743, 3.8109]","[2.8940, 5.1995]","[0, 1]",[2]
20,diprotic,2,3,7.93,8.46,0.5300000000000011,0.16976285689367568,0.21928664325945452,0.18325817406081368,0.18710758975402672,0.2210165080211155,1.0,1.0,1.0,1.0,0.1846520036581356,0.5260212423008379,0.0,3.5199335467256603,"[3.0395, 4.9785, 3.8262]","[0.1054, 0.1846, 0.2193]","[0.0366, 0.0009, 0.0416]","[3.0388, 4.9750, 3.8131]","[2.8940, 5.1995]","[0, 1]",[2]
20,diprotic,2,4,11.46,8.46,3.0,0.17582604016150907,0.22625621985932604,0.1762974616183397,0.17887401837372954,0.20654840335732327,1.0,1.0,1.0,1.0,0.18352773258775334,0.5290088065924275,0.0,7.006232828404755,"[3.0400, 4.9929, 3.8247]","[0.1109, 0.1903, 0.2263]","[0.0359, 0.0011, 0.0416]","[3.0389, 4.9774, 3.8129]","[2.8940, 5.1995]","[0, 1]",[2]
20,diprotic,2,5,11.14,8.46,2.6799999999999997,0.1784215668169347,0.2260341717762365,0.17846714366038774,0.18133228564703271,0.21057440844080144,1.0,1.0,1.0,1.0,0.1838917290227826,0.5213751071537489,0.0,6.7064841993711894,"[3.0403, 4.9889, 3.8137]","[0.1122, 0.1971, 0.2260]","[0.0365, 0.0014, 0.0412]","[3.0389, 4.9767, 3.8112]","[2.8940, 5.1995]","[0, 1]",[2]
20,diprotic,2,6,7.93,8.46,0.5300000000000011,0.178119635761824,0.22185894815919632,0.17715259312460163,0.1792734165287098,0.20464653105836472,1.0,1.0,1.0,1.0,0.183707529706453,0.5261150954079686,0.0,3.5186748523917046,"[3.0436, 4.9948, 3.8060]","[0.1147, 0.1978, 0.2219]","[0.0359, 0.0015, 0.0415]","[3.0395, 4.9776, 3.8100]","[2.8940, 5.1995]","[0, 1]",[2]
20,diprotic,2,7,10.81,8.46,2.3499999999999996,0.17872813742380086,0.2242006676458269,0.1743515376536673,0.1785364318715,0.21278067794080613,1.0,1.0,1.0,1.0,0.18314612402462438,0.5238171351590721,0.0,6.388269068617374,"[3.0299, 4.9867, 3.7938]","[0.1105, 0.2015, 0.2242]","[0.0358, 0.0022, 0.0418]","[3.0371, 4.9763, 3.8081]","[2.8940, 5.1995]","[0, 1]",[2]
20,diprotic,2,8,10.49,8.46,2.0299999999999994,0.17412869922756177,0.2164238194812524,0.1788573956944497,0.18329379453965616,0.21894039860272407,1.0,1.0,1.0,1.0,0.18388989574877357,0.5245018782032006,0.0,6.074950744174421,"[3.0327, 4.9805, 3.7876]","[0.1066, 0.1993, 0.2164]","[0.0362, 0.0022, 0.0423]","[3.0376, 4.9753, 3.8071]","[2.8940, 5.1995]","[0, 1]",[2]
20,diprotic,2,9,8.22,8.46,0.2400000000000002,0.17342005735018726,0.21555805511005427,0.17123860089630072,0.17450762317063817,0.20485782319163182,1.0,1.0,1.0,1.0,0.18265574709928112,0.5202666080742346,0.0,3.810916024986655,"[3.0316, 4.9946, 3.7913]","[0.1044, 0.2003, 0.2156]","[0.0373, 0.0015, 0.0421]","[3.0374, 4.9776, 3.8076]","[2.8940, 5.1995]","[0, 1]",[2]
20,diprotic,2,10,10.15,8.46,1.6899999999999995,0.17189028948928273,0.22297760811969994,0.16527617831427466,0.16737623595828874,0.19170701722250527,1.0,1.0,1.0,1.0,0.18167972316227443,0.5240650729381462,0.0,5.737047350592912,"[3.0328, 5.0078, 3.8096]","[0.1014, 0.1913, 0.2230]","[0.0367, 0.0014, 0.0419]","[3.0376, 4.9798, 3.8105]","[2.8940, 5.1995]","[0, 1]",[2]
20,diprotic,2,11,9.76,8.46,1.299999999999999,0.16703467967989294,0.2251370118617108,0.16488237529585104,0.16656395019964895,0.18849067516918527,1.0,1.0,1.0,1.0,0.181585560109776,0.5285313709049282,0.0,5.345861957166344,"[3.0352, 5.0110, 3.8164]","[0.0990, 0.1769, 0.2251]","[0.0358, 0.0010, 0.0412]","[3.0380, 4.9804, 3.8116]","[2.8940, 5.1995]","[0, 1]",[2]
20,diprotic,2,12,8.22,8.46,0.2400000000000002,0.1684032874706705,0.21771871171527132,0.16129281788238137,0.16211396659094238,0.17758898502101061,1.0,1.0,1.0,1.0,0.1810681362660136,0.5329633257540788,0.0,3.8063023232668645,"[3.0390, 5.0219, 3.8126]","[0.1005, 0.1870, 0.2177]","[0.0358, 0.0011, 0.0420]","[3.0387, 4.9821, 3.8110]","[2.8940, 5.1995]","[0, 1]",[2]
20,diprotic,2,13,8.84,8.46,0.379999999999999,0.17093877006527933,0.22345442277488672,0.16668011842854646,0.16769962982987766,0.18514370328424867,1.0,1.0,1.0,1.0,0.1819666316957569,0.5375946551207861,0.0,4.425315773729235,"[3.0422, 5.0143, 3.8116]","[0.1039, 0.1855, 0.2235]","[0.0359, 0.0002, 0.0419]","[3.0393, 4.9809, 3.8108]","[2.8940, 5.1995]","[0, 1]",[2]
20,diprotic,2,14,8.22,8.46,0.2400000000000002,0.17337991098195227,0.22418329553354682,0.16513268166053252,0.16526685858995005,0.17179090933700714,1.0,1.0,1.0,1.0,0.18183663438121078,0.5370295747623685,0.0,3.8063807206042117,"[3.0524, 5.0277, 3.8106]","[0.1028, 0.1931, 0.2242]","[0.0360, 0.0005, 0.0423]","[3.0411, 4.9830, 3.8107]","[2.8940, 5.1995]","[0, 1]",[2]
20,diprotic,2,15,8.84,8.46,0.379999999999999,0.17540559225649457,0.22312282196959177,0.16509689266070682,0.1651859398024418,0.1705200598345069,1.0,1.0,1.0,1.0,0.18188391009571125,0.519062991170823,0.0,4.424953808225691,"[3.0536, 5.0290, 3.8163]","[0.1021, 0.2010, 0.2231]","[0.0377, 0.0007, 0.0415]","[3.0413, 4.9831, 3.8116]","[2.8940, 5.1995]","[0, 1]",[2]
20,diprotic,2,16,8.76,8.46,0.29999999999999893,0.17961902635176494,0.23015991906150243,0.16878137584951847,0.1690146972607153,0.17765916028454676,1.0,1.0,1.0,1.0,0.18249491808348406,0.5060213552392353,0.0,4.344504453698173,"[3.0539, 5.0218, 3.8165]","[0.1033, 0.2054, 0.2302]","[0.0383, 0.0018, 0.0410]","[3.0414, 4.9819, 3.8116]","[2.8940, 5.1995]","[0, 1]",[2]
20,diprotic,2,17,8.67,8.46,0.20999999999999908,0.17958271936966444,0.22744423640286912,0.16589678250539652,0.16602662751625366,0.1724617348112405,1.0,1.0,1.0,1.0,0.18206972999363824,0.49700620474297175,0.0,4.25509898558259,"[3.0533, 5.0270, 3.8218]","[0.0991, 0.2122, 0.2274]","[0.0378, 0.0029, 0.0402]","[3.0413, 4.9827, 3.8124]","[2.8940, 5.1995]","[0, 1]",[2]
20,diprotic,2,18,8.6,8.46,0.1399999999999988,0.18282097646643747,0.2344144656489384,0.16855829386482934,0.16918110427391508,0.18306165943007535,1.0,1.0,1.0,1.0,0.18244036796772978,0.48374782287374735,0.0,4.184378702100366,"[3.0480, 5.0164, 3.8093]","[0.0998, 0.2143, 0.2344]","[0.0394, 0.0034, 0.0402]","[3.0403, 4.9810, 3.8105]","[2.8940, 5.1995]","[0, 1]",[2]
20,diprotic,2,19,8.53,8.46,0.06999999999999851,0.18436812007004574,0.23956905338813053,0.16554079859279858,0.16567022618116148,0.17208815257556864,1.0,1.0,1.0,1.0,0.1820367413874735,0.4910911565798133,1.0,4.116205610074102,"[3.0530, 5.0274, 3.8259]","[0.0967, 0.2169, 0.2396]","[0.0387, 0.0029, 0.0401]","[3.0412, 4.9827, 3.8130]","[2.8940, 5.1995]","[0, 1]",[2]
27,monoprotic,1,0,2.3,2.51,0.20999999999999996,0.20000000000000004,0.2,0.2488691006043693,0.2488691006043693,0.2488691006043693,1.0,1.0,1.0,1.0,0.2488691006043693,0.789688202705015,0.0,,"[3.6075, 2.1929, 4.1711]","[0.2000, 0.2000, 0.2000]","[0.2035, 0.3105, 0.1369]","[3.6075, 2.1929, 4.1711]",[4.4200],[2],"[0, 1]"
27,monoprotic,1,1,3.64,2.51,1.1300000000000003,0.20487296703233038,0.2137159647575996,0.25579584837473135,0.25579584837473135,0.25579584837473135,1.0,1.0,1.0,1.0,0.24999204908155104,0.7900175505485407,0.0,1.2920064808428289,"[3.6023, 2.1911, 4.1642]","[0.2092, 0.2137, 0.1917]","[0.2036, 0.3103, 0.1366]","[3.6066, 2.1926, 4.1700]",[4.4200],[2],"[0, 1]"
27,monoprotic,1,2,3.33,2.51,0.8200000000000003,0.20915402226292948,0.2167003328461449,0.2557011283579591,0.2557011283579591,0.2557011283579591,1.0,1.0,1.0,1.0,0.24996823589785233,0.7902311162379335,0.0,1.0732201188057662,"[3.6064, 2.1999, 4.1643]","[0.2126, 0.2167, 0.1982]","[0.2035, 0.3106, 0.1365]","[3.6073, 2.1940, 4.1700]",[4.4200],[2],"[0, 1]"
27,monoprotic,1,3,2.78,2.51,0.27,0.20761055891214278,0.2110294214054121,0.24281611002502768,0.24281611002502768,0.24281611002502768,1.0,1.0,1.0,1.0,0.24790567732138324,0.7904191759616621,0.0,0.6324785870686171,"[3.6140, 2.2055, 4.1772]","[0.2047, 0.2110, 0.2071]","[0.2031, 0.3106, 0.1362]","[3.6085, 2.1949, 4.1721]",[4.4200],[2],"[0, 1]"
27,monoprotic,1,4,2.31,2.51,0.19999999999999973,0.20481696918401038,0.21412456642185904,0.25063953891538127,0.25063953891538127,0.25063953891538127,1.0,1.0,1.0,1.0,0.24915471993903182,0.7899788405003338,0.0,0.26569933578372007,"[3.6279, 2.2096, 4.1694]","[0.2045, 0.2141, 0.1958]","[0.2023, 0.3110, 0.1365]","[3.6107, 2.1955, 4.1708]",[4.4200],[2],"[0, 1]"
27,monoprotic,1,5,2.52,2.51,0.010000000000000231,0.20868629843091666,0.21669683944569668,0.2591421053837859,0.2591421053837859,0.2591421053837859,1.0,1.0,1.0,1.0,0.2505113330337698,0.7906363000529704,1.0,0.4133636867441237,"[3.6150, 2.2077, 4.1609]","[0.2167, 0.2059, 0.2035]","[0.2023, 0.3109, 0.1359]","[3.6086, 2.1952, 4.1695]",[4.4200],[2],"[0, 1]"
24,triprotic,3,0,3.46,7.81,4.35,0.20000000000000004,0.2,0.5089177603247963,0.5390482326955056,0.6806637891589515,0.3333333333333333,1.0,0.0,1.0,0.5089177603247963,0.0,0.0,,"[5.4506, 4.8990, 3.2756]","[0.2000, 0.2000, 0.2000]","[0.0570, 0.0712, 0.1946]","[5.4506, 4.8990, 3.2756]","[3.9562, 4.6348, 6.0325]","[0, 1, 2]",[]
24,triprotic,3,1,4.08,7.81,3.7299999999999995,0.20092763208612655,0.21122529840166743,0.5013769472413511,0.5335810859734589,0.6666723169079054,0.3333333333333333,1.0,0.0,1.0,0.507709773448639,0.0,0.0,0.2968331102328374,"[5.4420, 4.8818, 3.2895]","[0.2016, 0.2112, 0.1900]","[0.0573, 0.0712, 0.1947]","[5.4492, 4.8963, 3.2778]","[3.9562, 4.6348, 6.0325]","[0, 1, 2]",[]
24,triprotic,3,2,4.63,7.81,3.1799999999999997,0.1324499447962074,0.1769610169162722,0.42560484151180916,0.47109843685429525,0.7051135444791523,0.6666666666666666,1.0,0.0,1.0,0.4928700146631626,0.0,0.0,0.10915789310354729,"[5.7976, 5.3400, 3.6194]","[0.0578, 0.1625, 0.1770]","[0.0585, 0.0683, 0.1898]","[5.5160, 4.9730, 3.3323]","[3.9562, 4.6348, 6.0325]","[0, 1, 2]",[]
24,triprotic,3,3,5.29,7.81,2.5199999999999996,0.13193243015350228,0.1776581214988346,0.4218169447524125,0.466137585802913,0.6979558111555724,0.6666666666666666,1.0,0.0,1.0,0.4925258594774348,0.0,0.0,0.5812466849666089,"[5.7917, 5.3328, 3.6295]","[0.0610, 0.1571, 0.1777]","[0.0585, 0.0680, 0.1897]","[5.5146, 4.9723, 3.3339]","[3.9562, 4.6348, 6.0325]","[0, 1, 2]",[]
24,triprotic,3,4,5.96,7.81,1.8499999999999996,0.13267589951328254,0.171943420047029,0.42553472882611104,0.46836455695107587,0.6963022103237471,0.6666666666666666,1.0,0.0,1.0,0.4929316890541651,0.0,0.0,1.1266571074165403,"[5.7917, 5.3311, 3.6166]","[0.0639, 0.1622, 0.1719]","[0.0587, 0.0681, 0.1897]","[5.5144, 4.9715, 3.3322]","[3.9562, 4.6348, 6.0325]","[0, 1, 2]",[]
24,triprotic,3,5,6.87,7.81,0.9399999999999995,0.13850115653458028,0.17548142323807722,0.42817380291602225,0.4706786983017333,0.6982116167393082,0.6666666666666666,1.0,0.0,1.0,0.4930997344275072,0.0,0.0,1.7617161393910648,"[5.7905, 5.3331, 3.6119]","[0.0664, 0.1755, 0.1736]","[0.0588, 0.0680, 0.1892]","[5.5140, 4.9707, 3.3313]","[3.9562, 4.6348, 6.0325]","[0, 1, 2]",[]
24,triprotic,3,6,11.2,7.81,3.3899999999999997,0.14020829419099037,0.17987026863995909,0.42622345052516275,0.46817944153775193,0.6952875269109127,0.6666666666666666,1.0,0.0,1.0,0.4927069060197846,0.0,0.0,0.0008537724614150477,"[5.7854, 5.3301, 3.6199]","[0.0646, 0.1799, 0.1761]","[0.0582, 0.0687, 0.1895]","[5.5132, 4.9699, 3.3324]","[3.9562, 4.6348, 6.0325]","[0, 1, 2]",[]
24,triprotic,3,7,7.53,7.81,0.27999999999999936,0.1396793147763047,0.17677632482440528,0.42372479497487303,0.4635402544730416,0.6836590123090351,0.6666666666666666,1.0,0.0,1.0,0.49240400254473604,0.0,0.0,2.157339377999306,"[5.7868, 5.3185, 3.6143]","[0.0659, 0.1768, 0.1764]","[0.0589, 0.0685, 0.1899]","[5.5134, 4.9682, 3.3315]","[3.9562, 4.6348, 6.0325]","[0, 1, 2]",[]
24,triprotic,3,8,10.59,7.81,2.7800000000000002,0.14339179367822355,0.1845322700599614,0.4226787511374413,0.4641089972967785,0.6891383771799768,0.6666666666666666,1.0,0.0,1.0,0.49209961440194644,0.0,0.0,0.0001193547248838911,"[5.7862, 5.3240, 3.6236]","[0.0656, 0.1845, 0.1801]","[0.0594, 0.0686, 0.1906]","[5.5133, 4.9685, 3.3328]","[3.9562, 4.6348, 6.0325]","[0, 1, 2]",[]
24,triprotic,3,9,8.16,7.81,0.35000000000000053,0.14609532094890063,0.19319789426403336,0.42312139544916033,0.46343031935428913,0.6846923127480231,0.6666666666666666,1.0,0.0,1.0,0.49191388560217925,0.0,0.0,2.4522892570495607,"[5.7880, 5.3195, 3.6160]","[0.0674, 0.1932, 0.1777]","[0.0590, 0.0683, 0.1910]","[5.5135, 4.9671, 3.3317]","[3.9562, 4.6348, 6.0325]","[0, 1, 2]",[]
24,triprotic,3,10,7.53,7.81,0.27999999999999936,0.14489113987774885,0.18802194231782746,0.41501672544376805,0.45445068126616656,0.6732972254057117,0.6666666666666666,1.0,0.0,1.0,0.4907938888219287,0.0,0.0,2.158499910235405,"[5.7840, 5.3081, 3.6329]","[0.0638, 0.1880, 0.1829]","[0.0584, 0.0686, 0.1912]","[5.5130, 4.9656, 3.3341]","[3.9562, 4.6348, 6.0325]","[0, 1, 2]",[]
24,triprotic,3,11,7.74,7.81,0.0699999999999994,0.1479946508706034,0.1922420330199965,0.4246577718881759,0.4655511393972342,0.6903608106028001,0.6666666666666666,1.0,0.0,1.0,0.4923857465780171,0.0,1.0,2.2666381204128268,"[5.7814, 5.3252, 3.6237]","[0.0658, 0.1922, 0.1860]","[0.0583, 0.0687, 0.1919]","[5.5124, 4.9681, 3.3324]","[3.9562, 4.6348, 6.0325]","[0, 1, 2]",[]
26,triprotic,3,0,2.03,8.67,6.640000000000001,0.20000000000000004,0.2,1.849990441403824,2.188654826165774,3.453747598183992,0.0,0.3333333333333333,0.0,0.0,1.849990441403824,0.0,0.0,,"[2.1727, 5.2017, 2.3655]","[0.2000, 0.2000, 0.2000]","[0.1335, 0.1878, 0.3722]","[2.1727, 5.2017, 2.3655]","[2.8706, 5.8193, 6.6000]","[0, 1, 2]",[]
26,triprotic,3,1,3.68,8.67,4.99,0.20765210767329625,0.21273127529601163,1.8578760904841622,2.1933040795575702,3.4574907661447916,0.0,0.3333333333333333,0.0,0.0,1.851240887828556,0.0,0.0,0.7525177191197874,"[2.1579, 5.1966, 2.3618]","[0.2127, 0.2104, 0.1998]","[0.1335, 0.1877, 0.3727]","[2.1703, 5.2009, 2.3649]","[2.8706, 5.8193, 6.6000]","[0, 1, 2]",[]
26,triprotic,3,2,5.74,8.67,2.9299999999999997,0.2131380010298748,0.21799661155453942,1.861455573406059,2.1979481941052144,3.4653661423624027,0.0,0.3333333333333333,0.0,0.0,1.851802171806881,0.0,0.0,2.1507622774317863,"[2.1569, 5.1947, 2.3539]","[0.2180, 0.2180, 0.2034]","[0.1337, 0.1878, 0.3726]","[2.1702, 5.2006, 2.3637]","[2.8706, 5.8193, 6.6000]","[0, 1, 2]",[]
26,triprotic,3,3,6.21,8.67,2.46,0.21474130919476705,0.22394178163960995,1.8573053416434597,2.1961605122394876,3.462711751601539,0.0,0.3333333333333333,0.0,0.0,1.851148815993616,0.0,0.0,2.414895446076989,"[2.1728, 5.1886, 2.3565]","[0.2239, 0.2168, 0.2034]","[0.1342, 0.1876, 0.3730]","[2.1727, 5.1997, 2.3641]","[2.8706, 5.8193, 6.6000]","[0, 1, 2]",[]
26,triprotic,3,4,6.72,8.67,1.9500000000000002,0.21899847295929856,0.23013985292208938,1.8591348149837705,2.199708703110115,3.4679921304516816,0.0,0.3333333333333333,0.0,0.0,1.851436782806058,0.0,0.0,2.6963831831514833,"[2.1795, 5.1817, 2.3513]","[0.2301, 0.2280, 0.1988]","[0.1350, 0.1873, 0.3729]","[2.1737, 5.1986, 2.3632]","[2.8706, 5.8193, 6.6000]","[0, 1, 2]",[]
26,triprotic,3,5,8.13,8.67,0.5399999999999991,0.2168301911808049,0.223852718286736,1.8456079479469556,2.1861155663785587,3.4483075963692076,0.0,0.3333333333333333,0.0,0.0,1.8493001512795189,0.0,0.0,3.3931541118025788,"[2.1908, 5.1913, 2.3710]","[0.2239, 0.2233, 0.2033]","[0.1347, 0.1877, 0.3735]","[2.1755, 5.2001, 2.3664]","[2.8706, 5.8193, 6.6000]","[0, 1, 2]",[]
26,triprotic,3,6,11.24,8.67,2.5700000000000003,0.21624926698324284,0.2238875804469873,1.83828952906026,2.1788328885302657,3.440213324803614,0.0,0.3333333333333333,0.0,0.0,1.8481489636096418,0.0,0.0,0.004496371150016998,"[2.1902, 5.2057, 2.3790]","[0.2239, 0.2188, 0.2061]","[0.1345, 0.1872, 0.3733]","[2.1754, 5.2024, 2.3677]","[2.8706, 5.8193, 6.6000]","[0, 1, 2]",[]
26,triprotic,3,7,10.71,8.67,2.040000000000001,0.21513498986104027,0.22538847441852378,1.834595592182855,2.171634423436991,3.4275982859315772,0.0,0.3333333333333333,0.0,0.0,1.8475530033618368,0.0,0.0,0.004466048479081053,"[2.1820, 5.2124, 2.3917]","[0.2254, 0.2150, 0.2051]","[0.1336, 0.1864, 0.3730]","[2.1741, 5.2034, 2.3697]","[2.8706, 5.8193, 6.6000]","[0, 1, 2]",[]
26,triprotic,3,8,8.14,8.67,0.5299999999999994,0.21935724883451715,0.22677035758532388,1.8315144153465033,2.171721378649611,3.4312975726469843,0.0,0.3333333333333333,0.0,0.0,1.8470911039780082,0.0,0.0,3.389619975686074,"[2.1903, 5.2170, 2.3880]","[0.2268, 0.2186, 0.2127]","[0.1335, 0.1873, 0.3739]","[2.1754, 5.2041, 2.3691]","[2.8706, 5.8193, 6.6000]","[0, 1, 2]",[]
26,triprotic,3,9,8.99,8.67,0.3200000000000003,0.2155546898043088,0.2264834117224725,1.8431031195797134,2.1837759670971524,3.4494218327454957,0.0,0.3333333333333333,0.0,0.0,1.8489084768232507,0.0,0.0,3.720119287967682,"[2.1808, 5.2099, 2.3698]","[0.2265, 0.2174, 0.2028]","[0.1327, 0.1875, 0.3734]","[2.1739, 5.2030, 2.3662]","[2.8706, 5.8193, 6.6000]","[0, 1, 2]",[]
26,triprotic,3,10,8.4,8.67,0.2699999999999996,0.2216912538971988,0.23813300651776376,1.838088665905964,2.1819912733430873,3.447195286021145,0.0,0.3333333333333333,0.0,0.0,1.848148447757576,0.0,0.0,3.505474174022675,"[2.2002, 5.2033, 2.3721]","[0.2381, 0.2301, 0.1969]","[0.1322, 0.1867, 0.3731]","[2.1769, 5.2020, 2.3666]","[2.8706, 5.8193, 6.6000]","[0, 1, 2]",[]
26,triprotic,3,11,8.59,8.67,0.08000000000000007,0.21899584182806522,0.2296170472464284,1.8501785199708911,2.1920782490437496,3.4579394093753795,0.0,0.3333333333333333,0.0,0.0,1.850028617840933,0.0,1.0,3.587222155332565,"[2.1909, 5.1871, 2.3613]","[0.2296, 0.2288, 0.1986]","[0.1328, 0.1871, 0.3734]","[2.1755, 5.1995, 2.3648]","[2.8706, 5.8193, 6.6000]","[0, 1, 2]",[]
30,triprotic,3,0,1.91,2.74,0.8300000000000003,0.20000000000000004,0.2,1.1714023152363018,1.429969170065524,2.323013792652103,0.3333333333333333,0.6666666666666666,0.0,0.0,1.1714023152363018,0.0,0.0,,"[5.3004, 4.8801, 5.5997]","[0.2000, 0.2000, 0.2000]","[0.0971, 0.1944, 0.3592]","[5.3004, 4.8801, 5.5997]","[2.5571, 4.8243, 6.3149]","[0, 1, 2]",[]
30,triprotic,3,1,2.17,2.74,0.5700000000000003,0.19752805343814142,0.20247965425683193,1.1672628066513409,1.4282233868487235,2.323319069105621,0.3333333333333333,0.6666666666666666,0.0,0.0,1.1707358279869058,0.0,0.0,2.2760080126300455,"[5.2968, 4.8804, 5.6089]","[0.1892, 0.2025, 0.2009]","[0.0972, 0.1944, 0.3592]","[5.2998, 4.8801, 5.6012]","[2.5571, 4.8243, 6.3149]","[0, 1, 2]",[]
30,triprotic,3,2,2.38,2.74,0.3600000000000003,0.19485179931438948,0.20535233650769885,1.1739847039118392,1.4331977114701782,2.3285089357594173,0.3333333333333333,0.6666666666666666,0.0,0.0,1.1718165051924372,0.0,0.0,2.2316450927220286,"[5.3026, 4.8856, 5.5997]","[0.1894, 0.2054, 0.1898]","[0.0973, 0.1945, 0.3592]","[5.3007, 4.8810, 5.5997]","[2.5571, 4.8243, 6.3149]","[0, 1, 2]",[]
30,triprotic,3,3,2.51,2.74,0.23000000000000043,0.20226440392379344,0.21167550623372858,1.1753686130605534,1.4358827999161725,2.333204830197421,0.3333333333333333,0.6666666666666666,0.0,0.0,1.172028635862333,0.0,0.0,2.1789368551783266,"[5.2984, 4.8903, 5.5961]","[0.1891, 0.2117, 0.2060]","[0.0978, 0.1946, 0.3594]","[5.3000, 4.8817, 5.5991]","[2.5571, 4.8243, 6.3149]","[0, 1, 2]",[]
30,triprotic,3,4,2.6,2.74,0.14000000000000012,0.20166606370034793,0.21119150890602098,1.1835623769075616,1.443309340321198,2.342939832968568,0.3333333333333333,0.6666666666666666,0.0,0.0,1.1733457135712186,0.0,0.0,2.132345707947388,"[5.3042, 4.9000, 5.5870]","[0.2011, 0.2112, 0.1927]","[0.0974, 0.1943, 0.3596]","[5.3010, 4.8832, 5.5977]","[2.5571, 4.8243, 6.3149]","[0, 1, 2]",[]
30,triprotic,3,5,2.66,2.74,0.08000000000000007,0.20284796105858216,0.2188074501922858,1.1796766130052998,1.4442517985769452,2.348018212208187,0.3333333333333333,0.6666666666666666,0.0,0.0,1.1727198230380813,0.0,1.0,2.0983159562200306,"[5.2872, 4.9051, 5.5868]","[0.2064, 0.2188, 0.1833]","[0.0979, 0.1941, 0.3604]","[5.2983, 4.8840, 5.5976]","[2.5571, 4.8243, 6.3149]","[0, 1, 2]",[]
28,diprotic,2,0,1.65,8.94,7.289999999999999,0.20000000000000004,0.2,1.1868050410904232,1.2021935317036483,1.378542053981648,0.0,0.5,0.0,0.0,1.1868050410904232,0.13245654799987538,0.0,,"[5.6463, 4.1685, 3.7816]","[0.2000, 0.2000, 0.2000]","[0.4232, 0.1249, 0.3949]","[5.6463, 4.1685, 3.7816]","[2.4030, 6.6414]","[0, 2]",[1]
28,diprotic,2,1,3.31,8.94,5.629999999999999,0.20086756621321,0.20683489668011587,1.1873773895105726,1.2033089369103072,1.382537151058059,0.0,0.5,0.0,0.0,1.186897886717401,0.1323218668666793,0.0,1.076549416463822,"[5.6492, 4.1702, 3.7856]","[0.1990, 0.2068, 0.1968]","[0.4232, 0.1247, 0.3946]","[5.6468, 4.1688, 3.7822]","[2.4030, 6.6414]","[0, 2]",[1]
28,diprotic,2,2,6.82,8.94,2.119999999999999,0.2004614992632183,0.21337458522876043,1.1812127126281504,1.1972078483857376,1.3762592705625418,0.0,0.5,0.0,0.0,1.1858997870151913,0.13264302721747231,0.0,2.269780523311347,"[5.6552, 4.1709, 3.7793]","[0.1923, 0.2134, 0.1957]","[0.4227, 0.1250, 0.3947]","[5.6478, 4.1689, 3.7812]","[2.4030, 6.6414]","[0, 2]",[1]
28,diprotic,2,3,7.97,8.94,0.9699999999999998,0.20093909688025877,0.21012136827776765,1.1718501603523788,1.1884116428576812,1.3695606420214017,0.0,0.5,0.0,0.0,1.1843886827732226,0.1326939826669806,0.0,3.340705774752423,"[5.6672, 4.1573, 3.7726]","[0.1918, 0.2101, 0.2009]","[0.4227, 0.1251, 0.3947]","[5.6497, 4.1667, 3.7801]","[2.4030, 6.6414]","[0, 2]",[1]
28,diprotic,2,4,11.6,8.94,2.66,0.2032877165995026,0.21109534349419476,1.1783178550408195,1.1943266798896672,1.3732107763804042,0.0,0.5,0.0,0.0,1.1854390463922961,0.13287325869537997,0.0,6.9290364686399695,"[5.6580, 4.1591, 3.7762]","[0.1951, 0.2111, 0.2036]","[0.4230, 0.1253, 0.3947]","[5.6482, 4.1670, 3.7807]","[2.4030, 6.6414]","[0, 2]",[1]
28,diprotic,2,5,11.1,8.94,2.16,0.20768749854515153,0.2193129691189795,1.1745196980560824,1.1877950603437437,1.351608896640431,0.0,0.5,0.0,0.0,1.184811837740376,0.1330498438869209,0.0,6.450703444331884,"[5.6439, 4.1461, 3.7546]","[0.2109, 0.2193, 0.1928]","[0.4234, 0.1255, 0.3943]","[5.6459, 4.1650, 3.7772]","[2.4030, 6.6414]","[0, 2]",[1]
28,diprotic,2,6,7.98,8.94,0.9599999999999991,0.20402941560439194,0.21794897518416176,1.176923024294522,1.1912078248339426,1.3608476741679114,0.0,0.5,0.0,0.0,1.1852073694192227,0.1332302748135794,0.0,3.3537249197438364,"[5.6484, 4.1458, 3.7639]","[0.2009, 0.2179, 0.1932]","[0.4235, 0.1258, 0.3946]","[5.6466, 4.1649, 3.7787]","[2.4030, 6.6414]","[0, 2]",[1]
28,diprotic,2,7,9.26,8.94,0.3200000000000003,0.2127883080600658,0.23255319385106485,1.1778330063812739,1.192129066814672,1.3619012573733187,0.0,0.5,0.0,0.0,1.185367497227461,0.13267911603611082,0.0,4.622908005481586,"[5.6476, 4.1245, 3.7649]","[0.2045, 0.2326, 0.2013]","[0.4238, 0.1251, 0.3938]","[5.6465, 4.1617, 3.7789]","[2.4030, 6.6414]","[0, 2]",[1]
28,diprotic,2,8,8.27,8.94,0.6699999999999999,0.20944858748784953,0.24128806745822254,1.1835347509067602,1.1979527868878288,1.368835514554374,0.0,0.5,0.0,0.0,1.1862787588882582,0.13308847145930783,0.0,3.6390477823838587,"[5.6431, 4.1311, 3.7719]","[0.1913, 0.2413, 0.1957]","[0.4234, 0.1255, 0.3941]","[5.6458, 4.1628, 3.7800]","[2.4030, 6.6414]","[0, 2]",[1]
28,diprotic,2,9,8.53,8.94,0.41000000000000014,0.20895214528368453,0.2456641556732448,1.1794253452686125,1.193003486006237,1.3589056298712618,0.0,0.5,0.0,0.0,1.1856099727445844,0.13358007438827038,0.0,3.8961211358848953,"[5.6414, 4.1308, 3.7619]","[0.1894, 0.2457, 0.1918]","[0.4239, 0.1262, 0.3945]","[5.6455, 4.1628, 3.7784]","[2.4030, 6.6414]","[0, 2]",[1]
28,diprotic,2,10,9.14,8.94,0.20000000000000107,0.21059792802035382,0.24449491378199095,1.1818393479615206,1.1955641228735339,1.3624752455905638,0.0,0.0,0.0,0.0,1.185999434923769,0.1332849440718581,0.0,4.504327393006534,"[5.6402, 4.1373, 3.7655]","[0.1948, 0.2445, 0.1925]","[0.4230, 0.1258, 0.3952]","[5.6453, 4.1637, 3.7790]","[2.4030, 6.6414]","[0, 2]",[1]
28,diprotic,2,11,8.76,8.94,0.17999999999999972,0.21639441135105827,0.2579172749409197,1.1804565764330286,1.1939746464784367,1.3596149633126866,0.0,0.0,0.0,0.0,1.1857847142636544,0.13427887830973478,0.0,4.12497453530319,"[5.6401, 4.1500, 3.7626]","[0.1939, 0.2579, 0.1973]","[0.4218, 0.1268, 0.3954]","[5.6453, 4.1657, 3.7785]","[2.4030, 6.6414]","[0, 2]",[1]
28,diprotic,2,12,8.88,8.94,0.05999999999999872,0.21870294291186565,0.2614843010792371,1.178568185457766,1.1915857722336562,1.3542203554314614,0.0,0.0,0.0,0.0,1.1854817274904401,0.13440594674277825,1.0,4.244014196442441,"[5.6385, 4.1550, 3.7572]","[0.1963, 0.2615, 0.1983]","[0.4215, 0.1271, 0.3969]","[5.6450, 4.1665, 3.7776]","[2.4030, 6.6414]","[0, 2]",[1]
29,monoprotic,1,0,2.22,9.68,7.459999999999999,0.20000000000000004,0.2,0.32197425288246073,0.32197425288246073,0.32197425288246073,1.0,1.0,1.0,1.0,0.32197425288246073,0.8798858809675615,0.0,,"[2.4280, 2.3242, 4.6187]","[0.2000, 0.2000, 0.2000]","[0.0422, 0.1670, 0.1422]","[2.4280, 2.3242, 4.6187]",[2.7500],[0],"[1, 2]"
29,monoprotic,1,1,3.64,9.68,6.039999999999999,0.19889854516135877,0.20390637804639933,0.3128945876148661,0.3128945876148661,0.3128945876148661,1.0,1.0,1.0,1.0,0.32050880430133954,0.8786305606827487,0.0,1.287807146422565,"[2.4371, 2.3132, 4.6246]","[0.1955, 0.1973, 0.2039]","[0.0427, 0.1669, 0.1423]","[2.4295, 2.3225, 4.6196]",[2.7500],[0],"[1, 2]"
29,monoprotic,1,2,12.37,9.68,2.6899999999999995,0.20233645155534152,0.20903389449754997,0.3111624765073975,0.3111624765073975,0.3111624765073975,1.0,1.0,1.0,1.0,0.3202401404525297,0.8775886330412859,0.0,9.508127870857715,"[2.4388, 2.3062, 4.6259]","[0.2007, 0.1973, 0.2090]","[0.0431, 0.1665, 0.1425]","[2.4298, 2.3213, 4.6198]",[2.7500],[0],"[1, 2]"
29,monoprotic,1,3,11.93,9.68,2.25,0.20777655962800198,0.22643983179657687,0.32318260744357596,0.32318260744357596,0.32318260744357596,1.0,1.0,1.0,1.0,0.3221673264160714,0.8771431648850426,0.0,9.344848622400313,"[2.4268, 2.3045, 4.6279]","[0.2039, 0.1930, 0.2264]","[0.0432, 0.1666, 0.1420]","[2.4278, 2.3210, 4.6201]",[2.7500],[0],"[1, 2]"
29,monoprotic,1,4,3.66,9.68,6.02,0.20734226478275422,0.22589659783161367,0.316287881453607,0.316287881453607,0.316287881453607,1.0,1.0,1.0,1.0,0.3210725357513753,0.8763585700916451,0.0,1.274896012004465,"[2.4337, 2.3103, 4.6452]","[0.2102, 0.1860, 0.2259]","[0.0435, 0.1665, 0.1416]","[2.4289, 2.3220, 4.6228]",[2.7500],[0],"[1, 2]"
29,monoprotic,1,5,11.28,9.68,1.5999999999999996,0.20562953616681154,0.22454695222867932,0.30461478546191856,0.30461478546191856,0.30461478546191856,1.0,1.0,1.0,1.0,0.3192161277772656,0.8752499650371719,0.0,8.792526880484074,"[2.4454, 2.3216, 4.6350]","[0.2086, 0.1838, 0.2245]","[0.0437, 0.1659, 0.1410]","[2.4308, 2.3238, 4.6212]",[2.7500],[0],"[1, 2]"
29,monoprotic,1,6,4.38,9.68,5.3,0.20661567389897886,0.23638759852808042,0.3071105533479934,0.3071105533479934,0.3071105533479934,1.0,1.0,1.0,1.0,0.31960598315429056,0.8766835654113753,0.0,1.9385613073781132,"[2.4429, 2.3174, 4.6204]","[0.2062, 0.1772, 0.2364]","[0.0433, 0.1663, 0.1416]","[2.4304, 2.3231, 4.6190]",[2.7500],[0],"[1, 2]"
29,monoprotic,1,7,10.75,9.68,1.0700000000000003,0.19766193571779636,0.22157871885345604,0.29998890078080054,0.29998890078080054,0.29998890078080054,1.0,1.0,1.0,1.0,0.31845030910825045,0.8784870104442816,0.0,8.284068086650223,"[2.4500, 2.3212, 4.6197]","[0.2012, 0.1702, 0.2216]","[0.0428, 0.1672, 0.1422]","[2.4315, 2.3237, 4.6188]",[2.7500],[0],"[1, 2]"
29,monoprotic,1,8,5.52,9.68,4.16,0.20173712043360606,0.22677450714859024,0.29652066384003817,0.29652066384003817,0.29652066384003817,1.0,1.0,1.0,1.0,0.3179469955690708,0.8775150902743261,0.0,3.0650195893645282,"[2.4535, 2.3167, 4.6094]","[0.2120, 0.1664, 0.2268]","[0.0433, 0.1664, 0.1435]","[2.4321, 2.3230, 4.6172]",[2.7500],[0],"[1, 2]"
29,monoprotic,1,9,10.39,9.68,0.7100000000000009,0.2059192815614285,0.23316795138791094,0.2933243562920138,0.2933243562920138,0.2933243562920138,1.0,1.0,1.0,1.0,0.3174988173107609,0.8798197727739084,0.0,7.929172584190965,"[2.4567, 2.3135, 4.6006]","[0.2225, 0.1620, 0.2332]","[0.0424, 0.1669, 0.1437]","[2.4325, 2.3224, 4.6159]",[2.7500],[0],"[1, 2]"
29,monoprotic,1,10,9.99,9.68,0.3100000000000005,0.2062099921842198,0.23082047263876504,0.298984115049413,0.298984115049413,0.298984115049413,1.0,1.0,1.0,1.0,0.3184120472341583,0.8772314836116853,0.0,7.532040826287121,"[2.4510, 2.3055, 4.6171]","[0.2292, 0.1586, 0.2308]","[0.0434, 0.1666, 0.1434]","[2.4316, 2.3211, 4.6184]",[2.7500],[0],"[1, 2]"
29,monoprotic,1,11,5.52,9.68,4.16,0.21359109383583874,0.2385018286875898,0.28712228729711287,0.28712228729711287,0.28712228729711287,1.0,1.0,1.0,1.0,0.31657530235716225,0.8801508405121597,0.0,3.0657747345790263,"[2.4629, 2.3167, 4.6176]","[0.2294, 0.1729, 0.2385]","[0.0423, 0.1666, 0.1437]","[2.4334, 2.3230, 4.6185]",[2.7500],[0],"[1, 2]"
29,monoprotic,1,12,9.39,9.68,0.28999999999999915,0.21292353029744512,0.23504398367788737,0.28711563947379526,0.28711563947379526,0.28711563947379526,1.0,1.0,1.0,1.0,0.3166039835141907,0.877305145157858,0.0,6.932710536625237,"[2.4629, 2.3172, 4.6085]","[0.2339, 0.1698, 0.2350]","[0.0434, 0.1664, 0.1436]","[2.4334, 2.3231, 4.6171]",[2.7500],[0],"[1, 2]"
29,monoprotic,1,13,9.99,9.68,0.3100000000000005,0.21483528460270815,0.2360883378219687,0.29152591025522456,0.29152591025522456,0.29152591025522456,1.0,1.0,1.0,1.0,0.3172961551101561,0.8739679252299255,0.0,7.531205171495676,"[2.4585, 2.3255, 4.6379]","[0.2361, 0.1757, 0.2328]","[0.0445, 0.1647, 0.1437]","[2.4327, 2.3244, 4.6217]",[2.7500],[0],"[1, 2]"
29,monoprotic,1,14,9.86,9.68,0.17999999999999972,0.21746713818323604,0.23989511278229592,0.3002846435586224,0.3002846435586224,0.3002846435586224,1.0,1.0,1.0,1.0,0.3186248052665577,0.8732491962971864,0.0,7.40130428051576,"[2.4497, 2.3156, 4.6420]","[0.2319, 0.1806, 0.2399]","[0.0449, 0.1665, 0.1425]","[2.4314, 2.3228, 4.6223]",[2.7500],[0],"[1, 2]"
29,monoprotic,1,15,9.69,9.68,0.009999999999999787,0.2172263594372527,0.24305293367587855,0.3036498579461808,0.3036498579461808,0.3036498579461808,1.0,1.0,1.0,1.0,0.3191227595750532,0.8741891026350228,1.0,7.233004780076444,"[2.4464, 2.3085, 4.6370]","[0.2257, 0.1829, 0.2431]","[0.0444, 0.1658, 0.1429]","[2.4309, 2.3216, 4.6215]",[2.7500],[0],"[1, 2]"
32,diprotic,2,0,1.74,10.24,8.5,0.20000000000000004,0.2,1.0036013351941488,1.062099992690994,1.3512229030962728,0.0,0.5,0.0,0.0,1.0036013351941488,0.30298600399447034,0.0,,"[2.0354, 5.7818, 5.1159]","[0.2000, 0.2000, 0.2000]","[0.1452, 0.1295, 0.1526]","[2.0354, 5.7818, 5.1159]","[3.3866, 4.4600]","[0, 2]",[1]
32,diprotic,2,1,3.8,10.24,6.44,0.2002881843239861,0.20493166338078742,1.0049422638462648,1.0608027668711102,1.3446385348545689,0.0,0.5,0.0,0.0,1.0038088137215728,0.3032150571416527,0.0,0.7638000689446924,"[2.0419, 5.7849, 5.1252]","[0.1925, 0.2049, 0.2034]","[0.1452, 0.1295, 0.1524]","[2.0364, 5.7823, 5.1174]","[3.3866, 4.4600]","[0, 2]",[1]
32,diprotic,2,2,4.78,10.24,5.46,0.20019058382872337,0.20278240861351485,0.9990274429193888,1.0577345547417552,1.346513495285072,0.0,0.5,0.0,0.0,1.0028670867879697,0.3030169362148,0.0,0.4772450242005286,"[2.0401, 5.7942, 5.1115]","[0.1973, 0.2005, 0.2028]","[0.1456, 0.1294, 0.1522]","[2.0361, 5.7838, 5.1152]","[3.3866, 4.4600]","[0, 2]",[1]
32,diprotic,2,3,12.03,10.24,1.7899999999999991,0.19488947196232034,0.20219892907773684,1.0070907498951114,1.0637777794728287,1.34971501286527,0.0,0.5,0.0,0.0,1.0041694411119608,0.30255009088456386,0.0,6.376242431085556,"[2.0369, 5.7949, 5.1244]","[0.2022, 0.1918, 0.1906]","[0.1457, 0.1294, 0.1526]","[2.0356, 5.7839, 5.1173]","[3.3866, 4.4600]","[0, 2]",[1]
32,diprotic,2,4,11.26,10.24,1.0199999999999996,0.19925782461884745,0.21875200500233732,1.011533239286366,1.067538968663045,1.352766232170977,0.0,0.5,0.0,0.0,1.0048881045473286,0.3030775173779748,0.0,5.77361839286983,"[2.0338, 5.7872, 5.1303]","[0.2188, 0.1908, 0.1882]","[0.1455, 0.1298, 0.1529]","[2.0351, 5.7826, 5.1183]","[3.3866, 4.4600]","[0, 2]",[1]
32,diprotic,2,5,5.31,10.24,4.930000000000001,0.1958284767188767,0.26990815559971415,0.8132312992002333,1.002240377460511,1.3990133646591274,0.5,0.5,0.0,0.0,0.9721134749257367,0.3002268138610651,0.0,0.07270601304248014,"[1.9876, 5.4800, 4.6874]","[0.2699, 0.1324, 0.1852]","[0.1453, 0.1284, 0.1540]","[2.0283, 5.7293, 5.0459]","[3.3866, 4.4600]","[0, 2]",[1]
32,diprotic,2,6,5.96,10.24,4.28,0.2031555349227445,0.27941935223862385,0.8237393277699068,1.0113784210549923,1.410544091265289,0.5,0.5,0.0,0.0,0.9739417169205102,0.3008422656315597,0.0,0.5885608033649623,"[1.9760, 5.4901, 4.6969]","[0.2794, 0.1385, 0.1915]","[0.1454, 0.1290, 0.1542]","[2.0267, 5.7315, 5.0480]","[3.3866, 4.4600]","[0, 2]",[1]
32,diprotic,2,7,11.2,10.24,0.9599999999999991,0.20010213329137325,0.2834364040822849,0.823240552677742,1.007442384085377,1.4039428427356286,0.5,0.5,0.0,0.0,0.9735062373313814,0.30072822453187914,0.0,5.7755670424550765,"[1.9826, 5.4870, 4.7025]","[0.2834, 0.1351, 0.1817]","[0.1458, 0.1290, 0.1542]","[2.0277, 5.7307, 5.0481]","[3.3866, 4.4600]","[0, 2]",[1]
32,diprotic,2,8,10.63,10.24,0.39000000000000057,0.20477391213639692,0.2949988384020607,0.8176740140491913,1.005816117458722,1.4034002887615527,0.5,0.5,0.0,0.0,0.9726502327538957,0.3010230288098419,0.0,5.231097434759141,"[1.9832, 5.4829, 4.6919]","[0.2950, 0.1350, 0.1844]","[0.1466, 0.1295, 0.1541]","[2.0279, 5.7300, 5.0466]","[3.3866, 4.4600]","[0, 2]",[1]
32,diprotic,2,9,5.97,10.24,4.2700000000000005,0.21045848782973342,0.30168469432429734,0.8162428380042914,1.0054306009190794,1.4033018833065518,0.5,0.5,0.0,0.0,0.972630124808936,0.30010336589028247,0.0,0.597407621592283,"[1.9833, 5.4885, 4.6891]","[0.3017, 0.1394, 0.1903]","[0.1476, 0.1296, 0.1545]","[2.0280, 5.7312, 5.0466]","[3.3866, 4.4600]","[0, 2]",[1]
32,diprotic,2,10,6.65,10.24,3.59,0.20818324823764914,0.2992973701071403,0.8198651798368286,1.0099460399333917,1.4096211382367967,0.5,0.5,0.0,0.0,0.9730312592101165,0.30182370542306297,0.0,1.2641817094758157,"[1.9770, 5.4878, 4.6901]","[0.2993, 0.1382, 0.1871]","[0.1469, 0.1302, 0.1543]","[2.0271, 5.7310, 5.0465]","[3.3866, 4.4600]","[0, 2]",[1]
32,diprotic,2,11,10.62,10.24,0.379999999999999,0.208915661311917,0.30281889572147047,0.821726525566527,1.0103550473562808,1.4095894678402139,0.5,0.5,0.0,0.0,0.9731661250630574,0.3008421357535702,0.0,5.221745791267603,"[1.9770, 5.4807, 4.6938]","[0.3028, 0.1405, 0.1834]","[0.1471, 0.1297, 0.1543]","[2.0271, 5.7299, 5.0468]","[3.3866, 4.4600]","[0, 2]",[1]
32,diprotic,2,12,10.11,10.24,0.13000000000000078,0.20819631643677453,0.2894683603390012,0.8106325441565745,1.005281337890486,1.4051621453246952,0.5,0.5,0.0,0.0,0.9716687276684235,0.3019412005602289,0.0,4.718429236803203,"[1.9814, 5.4835, 4.6761]","[0.2895, 0.1470, 0.1882]","[0.1472, 0.1301, 0.1537]","[2.0276, 5.7308, 5.0443]","[3.3866, 4.4600]","[0, 2]",[1]
32,diprotic,2,13,10.41,10.24,0.16999999999999993,0.2056788801901638,0.28890738598127524,0.8149122100984388,1.010402995155958,1.412266629561967,0.5,0.5,0.0,0.0,0.9722133625362164,0.3028459394246996,0.0,5.0163437098637225,"[1.9743, 5.4851, 4.6775]","[0.2889, 0.1420, 0.1861]","[0.1474, 0.1309, 0.1539]","[2.0266, 5.7308, 5.0444]","[3.3866, 4.4600]","[0, 2]",[1]
32,diprotic,2,14,10.29,10.24,0.049999999999998934,0.19930497276676476,0.2741114648902311,0.8284761009934775,1.038116724563376,1.45402680549379,0.5,0.5,0.0,0.0,0.9741822899210142,0.3031101735762754,1.0,4.897771134003996,"[1.9326, 5.4810, 4.6629]","[0.2741, 0.1372, 0.1866]","[0.1467, 0.1312, 0.1548]","[2.0203, 5.7298, 5.0420]","[3.3866, 4.4600]","[0, 2]",[1]
25,monoprotic,1,0,1.64,7.25,5.61,0.20000000000000004,0.2,0.018818793285075408,0.018818793285075408,0.018818793285075408,1.0,1.0,1.0,1.0,0.018818793285075408,0.6388222947334103,0.0,,"[2.5888, 3.0032, 2.8681]","[0.2000, 0.2000, 0.2000]","[0.3369, 0.1382, 0.4576]","[2.5888, 3.0032, 2.8681]",[2.5700],[0],"[1, 2]"
25,monoprotic,1,1,3.32,7.25,3.93,0.20150481561347658,0.20916583541779563,0.01809087952894428,0.01809087952894428,0.01809087952894428,1.0,1.0,1.0,1.0,0.01870322502816979,0.6390352012383763,0.0,0.7467051073256878,"[2.5881, 3.0113, 2.8627]","[0.2092, 0.1969, 0.1985]","[0.3368, 0.1385, 0.4578]","[2.5887, 3.0045, 2.8672]",[2.5700],[0],"[1, 2]"
25,monoprotic,1,2,12.24,7.25,4.99,0.19993146164712297,0.21565248296103212,0.004501839718358269,0.004501839718358269,0.004501839718358269,1.0,1.0,1.0,1.0,0.01656350222710179,0.6392566583279398,0.0,9.412926102299243,"[2.5745, 3.0103, 2.8630]","[0.2157, 0.1922, 0.1920]","[0.3365, 0.1384, 0.4578]","[2.5866, 3.0044, 2.8672]",[2.5700],[0],"[1, 2]"
25,monoprotic,1,3,11.68,7.25,4.43,0.20351845620423237,0.2192954985309859,0.0021917046154227293,0.0021917046154227293,0.0021917046154227293,1.0,1.0,1.0,1.0,0.016211155279417078,0.6391729173769596,0.0,8.967488162983209,"[2.5722, 3.0232, 2.8466]","[0.2193, 0.1894, 0.2019]","[0.3365, 0.1383, 0.4577]","[2.5862, 3.0065, 2.8646]",[2.5700],[0],"[1, 2]"
25,monoprotic,1,4,3.34,7.25,3.91,0.20511729974859458,0.22434109028262997,0.013913918615336751,0.013913918615336751,0.013913918615336751,1.0,1.0,1.0,1.0,0.01371675680571327,0.6391175248083899,0.0,0.7523827652074395,"[2.5561, 3.0284, 2.8438]","[0.2243, 0.1928, 0.1982]","[0.3367, 0.1383, 0.4581]","[2.5837, 3.0073, 2.8642]",[2.5700],[0],"[1, 2]"
25,monoprotic,1,5,4.41,7.25,2.84,0.21124723339408247,0.22808797553864543,0.0012645251753555797,0.0012645251753555797,0.0012645251753555797,1.0,1.0,1.0,1.0,0.01609511948902531,0.6387507584736849,0.0,1.7559661828819664,"[2.5713, 3.0136, 2.8356]","[0.2281, 0.1983, 0.2074]","[0.3372, 0.1384, 0.4578]","[2.5861, 3.0049, 2.8629]",[2.5700],[0],"[1, 2]"
25,monoprotic,1,6,11.59,7.25,4.34,0.21635234750142715,0.2334119282319399,0.015871106330246576,0.015871106330246576,0.015871106330246576,1.0,1.0,1.0,1.0,0.01836441527715893,0.6385170157013752,0.0,8.874238123800605,"[2.5859, 3.0067, 2.8334]","[0.2334, 0.2008, 0.2148]","[0.3373, 0.1384, 0.4573]","[2.5884, 3.0038, 2.8626]",[2.5700],[0],"[1, 2]"
25,monoprotic,1,7,11.23,7.25,3.9800000000000004,0.2240098644093118,0.2499156644824244,0.020705017691292404,0.020705017691292404,0.020705017691292404,1.0,1.0,1.0,1.0,0.019103673761929674,0.6387799706170636,0.0,8.543052815617994,"[2.5907, 2.9965, 2.8196]","[0.2499, 0.1958, 0.2263]","[0.3372, 0.1396, 0.4567]","[2.5891, 3.0021, 2.8605]",[2.5700],[0],"[1, 2]"
25,monoprotic,1,8,4.44,7.25,2.8099999999999996,0.22274925221207995,0.2512632818298447,0.013249542770731093,0.013249542770731093,0.013249542770731093,1.0,1.0,1.0,1.0,0.017979068150791644,0.6391631227971015,0.0,1.7836070475727324,"[2.5832, 2.9999, 2.8270]","[0.2513, 0.1908, 0.2261]","[0.3373, 0.1401, 0.4574]","[2.5880, 3.0027, 2.8617]",[2.5700],[0],"[1, 2]"
25,monoprotic,1,9,10.78,7.25,3.5299999999999994,0.22223638775734478,0.2564022244463837,0.022137191497875186,0.022137191497875186,0.022137191497875186,1.0,1.0,1.0,1.0,0.019315937557266682,0.6389144808063999,0.0,8.108128314577042,"[2.5921, 2.9878, 2.8408]","[0.2564, 0.1893, 0.2210]","[0.3376, 0.1404, 0.4569]","[2.5893, 3.0007, 2.8638]",[2.5700],[0],"[1, 2]"
25,monoprotic,1,10,10.02,7.25,2.7699999999999996,0.22912416172711916,0.26409057587739204,0.03108357724403321,0.03108357724403321,0.03108357724403321,1.0,1.0,1.0,1.0,0.0206385987829818,0.6386697843912382,0.0,7.35511869655922,"[2.6011, 2.9867, 2.8425]","[0.2641, 0.1890, 0.2343]","[0.3380, 0.1407, 0.4566]","[2.5906, 3.0005, 2.8641]",[2.5700],[0],"[1, 2]"
25,monoprotic,1,11,4.47,7.25,2.7800000000000002,0.23568420370843354,0.26997281356336206,0.03310965779498565,0.03310965779498565,0.03310965779498565,1.0,1.0,1.0,1.0,0.020923553129831518,0.6385095164970537,0.0,1.8118663796037433,"[2.6031, 2.9787, 2.8360]","[0.2700, 0.2052, 0.2319]","[0.3368, 0.1391, 0.4558]","[2.5909, 2.9993, 2.8631]",[2.5700],[0],"[1, 2]"
25,monoprotic,1,12,4.87,7.25,2.38,0.23749734440660294,0.26947758902382185,0.044554613327487225,0.044554613327487225,0.044554613327487225,1.0,1.0,1.0,1.0,0.02261153943230454,0.6374389022902557,0.0,2.2088653858564795,"[2.6146, 2.9755, 2.8405]","[0.2695, 0.2066, 0.2364]","[0.3372, 0.1380, 0.4549]","[2.5926, 2.9988, 2.8638]",[2.5700],[0],"[1, 2]"
25,monoprotic,1,13,9.89,7.25,2.6400000000000006,0.2311775228980869,0.2671702947449267,0.03275580166959546,0.03275580166959546,0.03275580166959546,1.0,1.0,1.0,1.0,0.02087871147052134,0.6376422045491312,0.0,7.224768948145211,"[2.6028, 2.9778, 2.8262]","[0.2672, 0.1974, 0.2289]","[0.3363, 0.1366, 0.4553]","[2.5909, 2.9991, 2.8616]",[2.5700],[0],"[1, 2]"
25,monoprotic,1,14,5.65,7.25,1.5999999999999996,0.23546807269295636,0.2678960254760007,0.027271920702251595,0.027271920702251595,0.027271920702251595,1.0,1.0,1.0,1.0,0.020067039561631805,0.6370647868107288,0.0,2.9872291172854606,"[2.5973, 2.9629, 2.8530]","[0.2679, 0.2029, 0.2356]","[0.3367, 0.1365, 0.4545]","[2.5901, 2.9968, 2.8658]",[2.5700],[0],"[1, 2]"
25,monoprotic,1,15,9.41,7.25,2.16,0.22899274940068745,0.25324729204980534,0.01739297565304465,0.01739297565304465,0.01739297565304465,1.0,1.0,1.0,1.0,0.018604341395767054,0.6362948243808564,0.0,6.746714063305408,"[2.5874, 2.9570, 2.8600]","[0.2532, 0.1952, 0.2385]","[0.3364, 0.1365, 0.4521]","[2.5886, 2.9958, 2.8668]",[2.5700],[0],"[1, 2]"
25,monoprotic,1,16,7.53,7.25,0.28000000000000025,0.22909428730784856,0.2500329458382791,0.017309230840092393,0.017309230840092393,0.017309230840092393,1.0,1.0,1.0,1.0,0.018590834149073476,0.6365094838870365,0.0,4.867744787335396,"[2.5873, 2.9643, 2.8578]","[0.2500, 0.1910, 0.2462]","[0.3368, 0.1365, 0.4532]","[2.5886, 2.9969, 2.8665]",[2.5700],[0],"[1, 2]"
25,monoprotic,1,17,5.65,7.25,1.5999999999999996,0.23365782261070975,0.25856345370192557,0.015807706793586895,0.015807706793586895,0.015807706793586895,1.0,1.0,1.0,1.0,0.018368907690816005,0.6382587313159457,0.0,2.98776669530198,"[2.5858, 2.9568, 2.8800]","[0.2586, 0.1954, 0.2470]","[0.3354, 0.1375, 0.4543]","[2.5884, 2.9957, 2.8699]",[2.5700],[0],"[1, 2]"
25,monoprotic,1,18,7.53,7.25,0.28000000000000025,0.24087028733084023,0.2634124692766747,0.008745163994956062,0.008745163994956062,0.008745163994956062,1.0,1.0,1.0,1.0,0.01472546046016765,0.6379418191398796,0.0,4.867179522030056,"[2.5613, 2.9560, 2.8666]","[0.2634, 0.2093, 0.2499]","[0.3360, 0.1377, 0.4543]","[2.5847, 2.9957, 2.8678]",[2.5700],[0],"[1, 2]"
25,monoprotic,1,19,5.65,7.25,1.5999999999999996,0.2420037799465523,0.2759939427673668,0.00903166324202509,0.00903166324202509,0.00903166324202509,1.0,1.0,1.0,1.0,0.014748133490687376,0.638380443499019,0.0,2.9892364131286744,"[2.5610, 2.9442, 2.8761]","[0.2760, 0.2117, 0.2383]","[0.3344, 0.1373, 0.4531]","[2.5847, 2.9939, 2.8693]",[2.5700],[0],"[1, 2]"
25,monoprotic,1,20,5.7,7.25,1.5499999999999998,0.2373125874401614,0.2741334458353447,0.009216892449418257,0.009216892449418257,0.009216892449418257,1.0,1.0,1.0,1.0,0.017412051068456336,0.6387993106726272,0.0,3.0395638787187638,"[2.5792, 2.9406, 2.8668]","[0.2741, 0.2059, 0.2319]","[0.3346, 0.1379, 0.4538]","[2.5874, 2.9933, 2.8679]",[2.5700],[0],"[1, 2]"
25,monoprotic,1,21,5.75,7.25,1.5,0.24251367825487025,0.2799430626076498,0.00870715738327199,0.00870715738327199,0.00870715738327199,1.0,1.0,1.0,1.0,0.017348262894856692,0.6397760128932207,0.0,3.0891354526393116,"[2.5787, 2.9334, 2.8706]","[0.2799, 0.2128, 0.2348]","[0.3339, 0.1383, 0.4548]","[2.5873, 2.9922, 2.8685]",[2.5700],[0],"[1, 2]"
25,monoprotic,1,22,5.81,7.25,1.4400000000000004,0.24521694635859423,0.2731676975252537,0.011418828186567698,0.011418828186567698,0.011418828186567698,1.0,1.0,1.0,1.0,0.014383357027517363,0.6402854256438617,0.0,3.1493839048221703,"[2.5586, 2.9295, 2.8745]","[0.2732, 0.2215, 0.2410]","[0.3336, 0.1392, 0.4545]","[2.5844, 2.9917, 2.8691]",[2.5700],[0],"[1, 2]"
25,monoprotic,1,23,5.87,7.25,1.38,0.2474637936770813,0.27884517412839904,0.012623282546717185,0.012623282546717185,0.012623282546717185,1.0,1.0,1.0,1.0,0.014239795281003165,0.6399955634636428,0.0,3.210407356619835,"[2.5574, 2.9480, 2.8556]","[0.2788, 0.2300, 0.2336]","[0.3332, 0.1388, 0.4535]","[2.5842, 2.9947, 2.8662]",[2.5700],[0],"[1, 2]"
25,monoprotic,1,24,5.95,7.25,1.2999999999999998,0.24418760435938466,0.2719927057522987,0.01938053527732242,0.01938053527732242,0.01938053527732242,1.0,1.0,1.0,1.0,0.013207144423171613,0.6382847216574024,0.0,3.28991077169776,"[2.5506, 2.9312, 2.8609]","[0.2720, 0.2230, 0.2375]","[0.3347, 0.1373, 0.4534]","[2.5832, 2.9920, 2.8670]",[2.5700],[0],"[1, 2]"
25,monoprotic,1,25,6.05,7.25,1.2000000000000002,0.24381497389877005,0.27759193879505695,0.002570167840246551,0.002570167840246551,0.002570167840246551,1.0,1.0,1.0,1.0,0.016448687221532143,0.639757320066917,0.0,3.3910473130643366,"[2.5726, 2.9360, 2.8480]","[0.2776, 0.2215, 0.2323]","[0.3326, 0.1376, 0.4531]","[2.5864, 2.9927, 2.8650]",[2.5700],[0],"[1, 2]"
25,monoprotic,1,26,6.17,7.25,1.08,0.2455765691323795,0.27619724669357915,0.0004316109574182825,0.0004316109574182825,0.0004316109574182825,1.0,1.0,1.0,1.0,0.016131991664837475,0.6409635544991287,0.0,3.5100393803603946,"[2.5704, 2.9464, 2.8461]","[0.2762, 0.2214, 0.2392]","[0.3319, 0.1399, 0.4527]","[2.5861, 2.9943, 2.8647]",[2.5700],[0],"[1, 2]"
25,monoprotic,1,27,6.35,7.25,0.9000000000000004,0.24204190927476218,0.26787462548492535,0.006232607277578683,0.006232607277578683,0.006232607277578683,1.0,1.0,1.0,1.0,0.015119433246636671,0.6418258618884601,0.0,3.68955304371193,"[2.5638, 2.9500, 2.8589]","[0.2679, 0.2194, 0.2389]","[0.3310, 0.1411, 0.4521]","[2.5851, 2.9949, 2.8667]",[2.5700],[0],"[1, 2]"
25,monoprotic,1,28,6.64,7.25,0.6100000000000003,0.24383631737511666,0.2727497190731416,0.004856997276887043,0.004856997276887043,0.004856997276887043,1.0,1.0,1.0,1.0,0.016769708708417763,0.6401110577708683,0.0,3.979241636684164,"[2.5749, 2.9541, 2.8726]","[0.2727, 0.2142, 0.2445]","[0.3317, 0.1405, 0.4494]","[2.5868, 2.9955, 2.8688]",[2.5700],[0],"[1, 2]"
25,monoprotic,1,29,7.53,7.25,0.28000000000000025,0.24376664671234693,0.2683045344695501,0.007658705016317491,0.007658705016317491,0.007658705016317491,1.0,1.0,1.0,1.0,0.017171668039946297,0.6395281471874132,0.0,4.867964080506936,"[2.5777, 2.9506, 2.8775]","[0.2683, 0.2149, 0.2481]","[0.3328, 0.1410, 0.4494]","[2.5872, 2.9949, 2.8695]",[2.5700],[0],"[1, 2]"
25,monoprotic,1,30,6.64,7.25,0.6100000000000003,0.24251248933143996,0.2708102185962891,0.002299999758014426,0.002299999758014426,0.002299999758014426,1.0,1.0,1.0,1.0,0.016388477629042164,0.6405674020963807,0.0,3.977902465369552,"[2.5723, 2.9416, 2.8750]","[0.2708, 0.2147, 0.2420]","[0.3302, 0.1409, 0.4475]","[2.5864, 2.9935, 2.8691]",[2.5700],[0],"[1, 2]"
25,monoprotic,1,31,7.53,7.25,0.28000000000000025,0.24585215078398046,0.27928700348996494,0.00335398768744799,0.00335398768744799,0.00335398768744799,1.0,1.0,1.0,1.0,0.015591523097657323,0.6405523512064057,0.0,4.868735605357215,"[2.5666, 2.9516, 2.8622]","[0.2793, 0.2153, 0.2429]","[0.3330, 0.1435, 0.4498]","[2.5856, 2.9951, 2.8672]",[2.5700],[0],"[1, 2]"
25,monoprotic,1,32,6.64,7.25,0.6100000000000003,0.24727937069115194,0.2893224408380057,0.01635902709687631,0.01635902709687631,0.01635902709687631,1.0,1.0,1.0,1.0,0.013763818366593572,0.6419219918570582,0.0,3.978859472889453,"[2.5536, 2.9407, 2.8730]","[0.2893, 0.2106, 0.2420]","[0.3305, 0.1442, 0.4482]","[2.5838, 2.9933, 2.8688]",[2.5700],[0],"[1, 2]"
25,monoprotic,1,33,7.53,7.25,0.28000000000000025,0.2553089109801448,0.302432871321596,0.01792305757741186,0.01792305757741186,0.01792305757741186,1.0,1.0,1.0,1.0,0.013627444893951512,0.6427516162524184,0.0,4.869751447550953,"[2.5521, 2.9506, 2.8703]","[0.3024, 0.2160, 0.2475]","[0.3294, 0.1426, 0.4500]","[2.5836, 2.9949, 2.8684]",[2.5700],[0],"[1, 2]"
25,monoprotic,1,34,6.64,7.25,0.6100000000000003,0.2583027147022121,0.3124388801236261,0.03533051673210785,0.03533051673210785,0.03533051673210785,1.0,1.0,1.0,1.0,0.011266634600271441,0.6407267251249844,0.0,3.9793144127912816,"[2.5347, 2.9651, 2.8756]","[0.3124, 0.2218, 0.2407]","[0.3316, 0.1414, 0.4500]","[2.5813, 2.9973, 2.8692]",[2.5700],[0],"[1, 2]"
25,monoprotic,1,35,7.53,7.25,0.28000000000000025,0.26688982822347346,0.3099829418568577,0.045086641612030576,0.045086641612030576,0.045086641612030576,1.0,1.0,1.0,1.0,0.009877420632680156,0.6408555539195709,0.0,4.869035672135651,"[2.5249, 2.9579, 2.8745]","[0.3100, 0.2337, 0.2570]","[0.3323, 0.1422, 0.4507]","[2.5799, 2.9962, 2.8690]",[2.5700],[0],"[1, 2]"
25,monoprotic,1,36,6.64,7.25,0.6100000000000003,0.2700130063366724,0.3105155825700518,0.03340064546002797,0.03340064546002797,0.03340064546002797,1.0,1.0,1.0,1.0,0.011517534746683822,0.6416601361133089,0.0,3.97996097324416,"[2.5366, 2.9739, 2.8876]","[0.3105, 0.2487, 0.2508]","[0.3326, 0.1455, 0.4501]","[2.5815, 2.9988, 2.8710]",[2.5700],[0],"[1, 2]"
25,monoprotic,1,37,7.53,7.25,0.28000000000000025,0.2699415304480924,0.30838337445576897,0.001195831720602225,0.001195831720602225,0.001195831720602225,1.0,1.0,1.0,1.0,0.016012605474118313,0.6439716602216835,0.0,4.867987205944956,"[2.5688, 2.9649, 2.8990]","[0.3084, 0.2571, 0.2443]","[0.3302, 0.1456, 0.4516]","[2.5860, 2.9975, 2.8728]",[2.5700],[0],"[1, 2]"
25,monoprotic,1,38,6.64,7.25,0.6100000000000003,0.26718283045432895,0.31152013858028654,0.007536031930897913,0.007536031930897913,0.007536031930897913,1.0,1.0,1.0,1.0,0.01724331224848008,0.6429707029181513,0.0,3.976599722038954,"[2.5775, 2.9756, 2.8974]","[0.3115, 0.2510, 0.2390]","[0.3304, 0.1433, 0.4517]","[2.5872, 2.9991, 2.8726]",[2.5700],[0],"[1, 2]"
25,monoprotic,1,39,7.53,7.25,0.28000000000000025,0.25802940002743646,0.2941928247362997,0.019010466364460576,0.019010466364460576,0.019010466364460576,1.0,1.0,1.0,1.0,0.013416694098719706,0.6426707571626659,0.0,4.865585524328053,"[2.5510, 2.9780, 2.8987]","[0.2942, 0.2524, 0.2275]","[0.3305, 0.1419, 0.4525]","[2.5834, 2.9994, 2.8728]",[2.5700],[0],"[1, 2]"
25,monoprotic,1,40,6.64,7.25,0.6100000000000003,0.2634718184149753,0.2965794748491694,0.00220306315754204,0.00220306315754204,0.00220306315754204,1.0,1.0,1.0,1.0,0.01582603457577436,0.6421604098765034,0.0,3.976739239050075,"[2.5678, 2.9820, 2.9141]","[0.2966, 0.2566, 0.2373]","[0.3306, 0.1422, 0.4511]","[2.5858, 3.0001, 2.8751]",[2.5700],[0],"[1, 2]"
25,monoprotic,1,41,7.53,7.25,0.28000000000000025,0.26409536581490795,0.29215961744332486,0.020917002653851657,0.020917002653851657,0.020917002653851657,1.0,1.0,1.0,1.0,0.0131295913843128,0.6400181525570934,0.0,4.8651519349962475,"[2.5491, 2.9832, 2.9013]","[0.2922, 0.2636, 0.2365]","[0.3327, 0.1409, 0.4506]","[2.5831, 3.0003, 2.8732]",[2.5700],[0],"[1, 2]"
25,monoprotic,1,42,6.64,7.25,0.6100000000000003,0.2580843701787389,0.2814610997360717,0.01326569317275439,0.01326569317275439,0.01326569317275439,1.0,1.0,1.0,1.0,0.014161773850187576,0.640740123046271,0.0,3.976439462378621,"[2.5567, 2.9798, 2.8983]","[0.2815, 0.2559, 0.2369]","[0.3319, 0.1402, 0.4517]","[2.5842, 2.9997, 2.8727]",[2.5700],[0],"[1, 2]"
25,monoprotic,1,43,7.53,7.25,0.28000000000000025,0.257171824819415,0.28552413610245975,0.017514334051487168,0.017514334051487168,0.017514334051487168,1.0,1.0,1.0,1.0,0.01357236270237605,0.6429152526339679,0.0,4.866334368679673,"[2.5525, 2.9834, 2.8898]","[0.2855, 0.2493, 0.2367]","[0.3303, 0.1429, 0.4517]","[2.5836, 3.0002, 2.8714]",[2.5700],[0],"[1, 2]"
25,monoprotic,1,44,6.64,7.25,0.6100000000000003,0.26054609562482184,0.30354022954141974,5.214237111683673e-05,5.214237111683673e-05,5.214237111683673e-05,1.0,1.0,1.0,1.0,0.016156289410696356,0.6401229254849806,0.0,3.9766466378793117,"[2.5699, 2.9807, 2.8845]","[0.3035, 0.2429, 0.2352]","[0.3309, 0.1405, 0.4480]","[2.5862, 2.9998, 2.8706]",[2.5700],[0],"[1, 2]"
25,monoprotic,1,45,7.53,7.25,0.28000000000000025,0.2614505234856755,0.2973171058156128,0.009728022352444743,0.009728022352444743,0.009728022352444743,1.0,1.0,1.0,1.0,0.014758610997491317,0.642195567553168,0.0,4.86604524936527,"[2.5603, 2.9799, 2.8853]","[0.2973, 0.2496, 0.2374]","[0.3306, 0.1435, 0.4499]","[2.5848, 2.9997, 2.8707]",[2.5700],[0],"[1, 2]"
25,monoprotic,1,46,6.64,7.25,0.6100000000000003,0.26368666879690655,0.3005625826696278,0.006858055871665325,0.006858055871665325,0.006858055871665325,1.0,1.0,1.0,1.0,0.015182064916499094,0.6427581678532213,0.0,3.9765656198002395,"[2.5631, 2.9796, 2.9014]","[0.3006, 0.2563, 0.2342]","[0.3284, 0.1422, 0.4487]","[2.5852, 2.9997, 2.8732]",[2.5700],[0],"[1, 2]"
25,monoprotic,1,47,7.53,7.25,0.28000000000000025,0.2623172814638948,0.3000887086879592,0.0058748097981276,0.0058748097981276,0.0058748097981276,1.0,1.0,1.0,1.0,0.01698435587134428,0.642747826014548,0.0,4.8658588246628645,"[2.5759, 2.9720, 2.8887]","[0.3001, 0.2610, 0.2258]","[0.3293, 0.1429, 0.4496]","[2.5870, 2.9986, 2.8713]",[2.5700],[0],"[1, 2]"
25,monoprotic,1,48,6.64,7.25,0.6100000000000003,0.2656343896705092,0.30742945465842497,0.026277655827499746,0.026277655827499746,0.026277655827499746,1.0,1.0,1.0,1.0,0.01248812465590543,0.6421087336351287,0.0,3.9760912851057943,"[2.5437, 2.9860, 2.8989]","[0.3074, 0.2545, 0.2349]","[0.3292, 0.1416, 0.4490]","[2.5825, 3.0006, 2.8728]",[2.5700],[0],"[1, 2]"
25,monoprotic,1,49,7.53,7.25,0.28000000000000025,0.2686962808755123,0.31459201857056207,0.02339051841300499,0.02339051841300499,0.02339051841300499,1.0,1.0,1.0,1.0,0.012948396875259505,0.6426709119719092,0.0,4.866493304930628,"[2.5466, 2.9785, 2.9041]","[0.3146, 0.2493, 0.2422]","[0.3291, 0.1414, 0.4504]","[2.5829, 2.9995, 2.8736]",[2.5700],[0],"[1, 2]"
25,monoprotic,1,50,6.64,7.25,0.6100000000000003,0.26706124463393693,0.30107769995786415,0.017034763048527246,0.017034763048527246,0.017034763048527246,1.0,1.0,1.0,1.0,0.013744070492561544,0.6450327827905521,0.0,3.9766361060179767,"[2.5530, 2.9824, 2.9072]","[0.3011, 0.2475, 0.2526]","[0.3279, 0.1441, 0.4517]","[2.5837, 3.0001, 2.8740]",[2.5700],[0],"[1, 2]"
34,diprotic,2,0,1.8,6.03,4.23,0.20000000000000004,0.2,0.8545729528101116,0.9460640758539958,1.2604575471800898,0.5,0.5,0.0,0.0,0.8545729528101116,0.010872137808655606,0.0,,"[5.9365, 4.8759, 4.9491]","[0.2000, 0.2000, 0.2000]","[0.2615, 0.1587, 0.0046]","[5.9365, 4.8759, 4.9491]","[3.6155, 5.4878]","[0, 1]",[2]
34,diprotic,2,1,4.04,6.03,1.9900000000000002,0.1967618490700909,0.1996039744502095,0.860626303539137,0.9513809278888951,1.2661482334113647,0.5,0.5,0.0,0.0,0.8555455429826229,0.010464680197372,0.0,0.9966507823346182,"[5.9429, 4.8816, 4.9489]","[0.1989, 0.1996, 0.1918]","[0.2616, 0.1588, 0.0044]","[5.9375, 4.8768, 4.9491]","[3.6155, 5.4878]","[0, 1]",[2]
34,diprotic,2,2,4.74,6.03,1.29,0.19034344808894335,0.2034675407629796,0.8629382483928032,0.9532764361375842,1.2679981737815464,0.5,0.5,0.0,0.0,0.8559230529603628,0.01023033749440587,0.0,0.3946442538779227,"[5.9457, 4.8835, 4.9475]","[0.1890, 0.2035, 0.1786]","[0.2621, 0.1587, 0.0043]","[5.9380, 4.8771, 4.9488]","[3.6155, 5.4878]","[0, 1]",[2]
34,diprotic,2,3,5.23,6.03,0.7999999999999998,0.15806744977772721,0.1734353979702249,0.9287110440141852,1.0576060008099804,1.4347014092143167,0.5,0.5,0.0,0.0,0.8815143744436387,0.6148747747557762,0.0,0.03042151594534559,"[6.0789, 5.0502, 5.0651]","[0.1493, 0.1514, 0.1734]","[0.2626, 0.1591, 0.0054]","[5.9607, 4.9055, 4.9683]","[3.6155, 5.4878]","[1, 2]",[0]
34,diprotic,2,4,5.51,6.03,0.5200000000000005,0.1542610388967625,0.1604980775291558,0.9305826820050578,1.062269485811812,1.4428641792691743,0.5,0.5,0.0,0.0,0.8822208288744597,0.6138726393154569,0.0,0.2435191788151858,"[6.0792, 5.0583, 5.0695]","[0.1536, 0.1487, 0.1605]","[0.2626, 0.1597, 0.0055]","[5.9607, 4.9070, 4.9693]","[3.6155, 5.4878]","[1, 2]",[0]
34,diprotic,2,5,5.72,6.03,0.3100000000000005,0.15647582045881,0.1638755033286473,0.9240638441989988,1.0561692363254749,1.4355317978427293,0.5,0.5,0.0,0.0,0.8809040247547684,0.6132496378563959,0.0,0.4220483261439947,"[6.0714, 5.0510, 5.0752]","[0.1593, 0.1463, 0.1639]","[0.2625, 0.1597, 0.0059]","[5.9592, 4.9058, 4.9702]","[3.6155, 5.4878]","[1, 2]",[0]
34,diprotic,2,6,5.87,6.03,0.16000000000000014,0.15063456881338233,0.16156116881944504,0.9244501139746146,1.0590868848039283,1.441225709698727,0.5,0.5,0.0,0.0,0.8815537163785525,0.6144548477432261,0.0,0.5533946916740389,"[6.0708, 5.0567, 5.0801]","[0.1484, 0.1419, 0.1616]","[0.2627, 0.1593, 0.0055]","[5.9594, 4.9070, 4.9711]","[3.6155, 5.4878]","[1, 2]",[0]
34,diprotic,2,7,5.95,6.03,0.08000000000000007,0.1525615587881867,0.16930304552109543,0.9241402786183219,1.0628868045765674,1.4492051363056713,0.5,0.5,0.0,0.0,0.8830735054378474,0.6152137592386903,1.0,0.6222991915885361,"[6.0800, 5.0647, 5.0887]","[0.1512, 0.1372, 0.1693]","[0.2633, 0.1592, 0.0055]","[5.9609, 4.9085, 4.9723]","[3.6155, 5.4878]","[1, 2]",[0]
31,triprotic,3,0,2.1,10.56,8.46,0.20000000000000004,0.2,0.38739293230273547,0.5273422059935602,0.8688689690339899,0.6666666666666666,1.0,0.0,1.0,0.38739293230273547,0.0,0.0,,"[3.0804, 4.8485, 5.7433]","[0.2000, 0.2000, 0.2000]","[0.4171, 0.3076, 0.0261]","[3.0804, 4.8485, 5.7433]","[3.0685, 4.5671, 6.6122]","[0, 1, 2]",[]
31,triprotic,3,1,3.65,10.56,6.91,0.1468556441815266,0.30852788268374376,0.46926394348379236,0.5245143149035787,0.7005001633615002,0.3333333333333333,1.0,0.0,1.0,0.39945611847943346,0.0,0.0,0.09900359474122533,"[2.5093, 4.7152, 5.9117]","[0.0532, 0.0788, 0.3085]","[0.4174, 0.3131, 0.0305]","[2.9722, 4.8240, 5.7669]","[3.0685, 4.5671, 6.6122]","[0, 1, 2]",[]
31,triprotic,3,2,4.88,10.56,5.680000000000001,0.05881086129689317,0.09646575440562603,0.6466663598076571,0.8419679725125809,1.3365082100363317,0.3333333333333333,0.6666666666666666,0.0,0.0,0.42659716417404114,0.0,0.0,0.07383983477950107,"[2.4853, 4.5468, 5.2757]","[0.0369, 0.0431, 0.0965]","[0.4136, 0.3133, 0.0289]","[2.9658, 4.7908, 5.6588]","[3.0685, 4.5671, 6.6122]","[0, 1, 2]",[]
31,triprotic,3,3,6.47,10.56,4.090000000000001,0.058612331208603215,0.09437497619845109,0.6470897765599842,0.843784819688475,1.340147983605922,0.3333333333333333,0.6666666666666666,0.0,0.0,0.4268911220839409,0.0,0.0,0.804641479887068,"[2.4858, 4.5487, 5.2720]","[0.0389, 0.0426, 0.0944]","[0.4134, 0.3132, 0.0284]","[2.9661, 4.7911, 5.6579]","[3.0685, 4.5671, 6.6122]","[0, 1, 2]",[]
31,triprotic,3,4,11.24,10.56,0.6799999999999997,0.05853374169651864,0.0936513267090455,0.6477318798796362,0.8444366483743229,1.3418314798094135,0.3333333333333333,0.6666666666666666,0.0,0.0,0.42677850306495085,0.0,0.0,0.004479942619800781,"[2.4868, 4.5474, 5.2703]","[0.0404, 0.0415, 0.0937]","[0.4132, 0.3132, 0.0291]","[2.9665, 4.7908, 5.6575]","[3.0685, 4.5671, 6.6122]","[0, 1, 2]",[]
31,triprotic,3,5,7.81,10.56,2.750000000000001,0.05886192125840758,0.09235912391205442,0.6449255987449202,0.840197870809884,1.3345510581650215,0.3333333333333333,0.6666666666666666,0.0,0.0,0.4261999843971875,0.0,0.0,0.9498793384432789,"[2.4885, 4.5469, 5.2776]","[0.0418, 0.0424, 0.0924]","[0.4135, 0.3132, 0.0295]","[2.9670, 4.7908, 5.6587]","[3.0685, 4.5671, 6.6122]","[0, 1, 2]",[]
31,triprotic,3,6,10.06,10.56,0.5,0.061280017142178574,0.09517349621054613,0.6435389447163309,0.839102074018525,1.3314919518098796,0.3333333333333333,0.6666666666666666,0.0,0.0,0.42617913910648203,0.0,0.0,0.028265891075134775,"[2.4861, 4.5503, 5.2807]","[0.0454, 0.0433, 0.0952]","[0.4135, 0.3129, 0.0294]","[2.9669, 4.7915, 5.6596]","[3.0685, 4.5671, 6.6122]","[0, 1, 2]",[]
31,triprotic,3,7,11.2,10.56,0.6399999999999988,0.06186526252014305,0.09265676424610059,0.642845123256898,0.8388575402830338,1.3317088548903824,0.3333333333333333,0.6666666666666666,0.0,0.0,0.42600511038091843,0.0,0.0,0.003042209148407693,"[2.4877, 4.5511, 5.2805]","[0.0504, 0.0425, 0.0927]","[0.4137, 0.3124, 0.0294]","[2.9678, 4.7916, 5.6593]","[3.0685, 4.5671, 6.6122]","[0, 1, 2]",[]
31,triprotic,3,8,10.93,10.56,0.3699999999999992,0.06322554289693237,0.0935965655593339,0.642235533025783,0.8393799673144713,1.3335872143958971,0.3333333333333333,0.6666666666666666,0.0,0.0,0.4260464229330698,0.0,0.0,0.0018763315677645664,"[2.4897, 4.5528, 5.2786]","[0.0519, 0.0442, 0.0936]","[0.4137, 0.3119, 0.0291]","[2.9684, 4.7920, 5.6590]","[3.0685, 4.5671, 6.6122]","[0, 1, 2]",[]
31,triprotic,3,9,10.12,10.56,0.4400000000000013,0.0629229784107602,0.09077323046524946,0.6373581634113457,0.8344034926829246,1.3255492081864606,0.3333333333333333,0.6666666666666666,0.0,0.0,0.4256620058680012,0.0,0.0,0.023079986572264843,"[2.4927, 4.5564, 5.2866]","[0.0528, 0.0452, 0.0908]","[0.4141, 0.3121, 0.0290]","[2.9691, 4.7927, 5.6602]","[3.0685, 4.5671, 6.6122]","[0, 1, 2]",[]
31,triprotic,3,10,10.68,10.56,0.11999999999999922,0.06326228100504827,0.09065495838070535,0.6372518205113461,0.832892035164589,1.3228118352448064,0.3333333333333333,0.6666666666666666,0.0,0.0,0.4253387489014229,0.0,0.0,0.003724269866943075,"[2.4931, 4.5536, 5.2894]","[0.0526, 0.0465, 0.0907]","[0.4131, 0.3116, 0.0282]","[2.9691, 4.7923, 5.6607]","[3.0685, 4.5671, 6.6122]","[0, 1, 2]",[]
31,triprotic,3,11,10.49,10.56,0.07000000000000028,0.06345466739334857,0.08925100958458596,0.6381848347908741,0.833340233703169,1.3221347115026472,0.3333333333333333,0.6666666666666666,0.0,0.0,0.42561053867170856,0.0,1.0,0.0001946187019346013,"[2.4896, 4.5536, 5.2900]","[0.0524, 0.0487, 0.0893]","[0.4135, 0.3113, 0.0287]","[2.9684, 4.7924, 5.6607]","[3.0685, 4.5671, 6.6122]","[0, 1, 2]",[]
36,triprotic,3,0,2.04,3.34,1.2999999999999998,0.20000000000000004,0.2,1.4943960510388852,1.6202945253156005,2.262302865693287,0.0,0.3333333333333333,0.0,0.0,1.4943960510388852,0.0,0.0,,"[3.7250, 5.2430, 2.8583]","[0.2000, 0.2000, 0.2000]","[0.0002, 0.4940, 0.2926]","[3.7250, 5.2430, 2.8583]","[3.5867, 5.2175, 7.5053]","[0, 1, 2]",[]
36,triprotic,3,1,3.41,3.34,0.07000000000000028,0.16272733762552324,0.20341849775943885,1.6021030002437369,1.727338645995908,2.3204388717594053,0.0,0.3333333333333333,0.0,0.0,1.5133951524767097,0.0,1.0,0.0340002939663826,"[3.4863, 5.1849, 2.8321]","[0.0900, 0.2034, 0.1948]","[0.0001, 0.4948, 0.2927]","[3.6816, 5.2337, 2.8541]","[3.5867, 5.2175, 7.5053]","[0, 1, 2]",[]
37,triprotic,3,0,3.01,6.27,3.26,0.20000000000000004,0.2,1.5855352060169412,1.993224717645771,3.144894410532932,0.3333333333333333,0.3333333333333333,0.0,0.0,1.5855352060169412,0.0,0.0,,"[4.6727, 2.6429, 4.1136]","[0.2000, 0.2000, 0.2000]","[0.1267, 0.0774, 0.3939]","[4.6727, 2.6429, 4.1136]","[2.8448, 5.5234, 7.8176]","[0, 1, 2]",[]
37,triprotic,3,1,3.16,6.27,3.1099999999999994,0.20291532237828394,0.21200608241043659,1.5928669174063688,1.9983004472033015,3.147873265216951,0.3333333333333333,0.3333333333333333,0.0,0.0,1.586708247938332,0.0,0.0,0.2746424695104359,"[4.6697, 2.6381, 4.0994]","[0.2120, 0.1923, 0.2044]","[0.1265, 0.0774, 0.3938]","[4.6722, 2.6421, 4.1113]","[2.8448, 5.5234, 7.8176]","[0, 1, 2]",[]
37,triprotic,3,2,5.14,6.27,1.13,0.2077553888940347,0.21223638053654845,1.579338311314335,1.987526376885571,3.135904855745639,0.3333333333333333,0.3333333333333333,0.0,0.0,1.5845492036605797,0.0,0.0,1.4808172868657854,"[4.6817, 2.6493, 4.1168]","[0.2104, 0.2006, 0.2122]","[0.1264, 0.0770, 0.3938]","[4.6741, 2.6440, 4.1141]","[2.8448, 5.5234, 7.8176]","[0, 1, 2]",[]
37,triprotic,3,3,5.49,6.27,0.7799999999999994,0.20839601445142394,0.21655641327655145,1.5807209575404675,1.993038661996946,3.148894364327991,0.3333333333333333,0.3333333333333333,0.0,0.0,1.5847673118793797,0.0,0.0,1.7644003329426052,"[4.6687, 2.6531, 4.1219]","[0.2105, 0.1981, 0.2166]","[0.1265, 0.0771, 0.3938]","[4.6720, 2.6446, 4.1149]","[2.8448, 5.5234, 7.8176]","[0, 1, 2]",[]
37,triprotic,3,4,5.79,6.27,0.47999999999999954,0.2172333010975722,0.23244406854151922,1.5831627205677403,1.9938900018816152,3.149639099658806,0.3333333333333333,0.3333333333333333,0.0,0.0,1.58516575503275,0.0,0.0,2.0032106472272426,"[4.6679, 2.6477, 4.1207]","[0.2151, 0.2042, 0.2324]","[0.1266, 0.0767, 0.3935]","[4.6719, 2.6437, 4.1147]","[2.8448, 5.5234, 7.8176]","[0, 1, 2]",[]
37,triprotic,3,5,6.01,6.27,0.2599999999999998,0.21358948560471194,0.2212423476744595,1.5811610271066776,1.9897780492704296,3.1444851336636894,0.3333333333333333,0.3333333333333333,0.0,0.0,1.5848518756975398,0.0,0.0,2.1820876777544616,"[4.6731, 2.6417, 4.1275]","[0.2141, 0.2054, 0.2212]","[0.1268, 0.0769, 0.3939]","[4.6727, 2.6427, 4.1157]","[2.8448, 5.5234, 7.8176]","[0, 1, 2]",[]
37,triprotic,3,6,6.16,6.27,0.10999999999999943,0.2114052903679942,0.2224843496187279,1.5793933658922334,1.9856554115619995,3.138289492906601,0.3333333333333333,0.3333333333333333,0.0,0.0,1.5845781518884963,0.0,0.0,2.3072999365068974,"[4.6793, 2.6364, 4.1320]","[0.2088, 0.2029, 0.2225]","[0.1268, 0.0769, 0.3937]","[4.6737, 2.6419, 4.1164]","[2.8448, 5.5234, 7.8176]","[0, 1, 2]",[]
37,triprotic,3,7,6.23,6.27,0.03999999999999915,0.21299911081838604,0.22526196570221946,1.5879019653155744,1.9932454689356587,3.148279898199358,0.3333333333333333,0.3333333333333333,0.0,0.0,1.5859333304153684,0.0,1.0,2.365683394502849,"[4.6693, 2.6298, 4.1230]","[0.2232, 0.1905, 0.2253]","[0.1263, 0.0770, 0.3944]","[4.6721, 2.6408, 4.1150]","[2.8448, 5.5234, 7.8176]","[0, 1, 2]",[]
38,triprotic,3,0,1.94,4.02,2.0799999999999996,0.20000000000000004,0.2,2.466510658276737,2.950989213714943,4.756822351633661,0.0,0.0,0.0,0.0,2.466510658276737,0.0,0.0,,"[2.2480, 3.0311, 3.1695]","[0.2000, 0.2000, 0.2000]","[0.2836, 0.2515, 0.3659]","[2.2480, 3.0311, 3.1695]","[3.6227, 4.2991, 7.9263]","[0, 1, 2]",[]
38,triprotic,3,1,3.46,4.02,0.5599999999999996,0.20138466809867098,0.20451510056733146,2.462419485090027,2.94306630541389,4.741265239285588,0.0,0.0,0.0,0.0,2.465856212189985,0.0,0.0,1.2665637657418847,"[2.2514, 3.0245, 3.1850]","[0.2045, 0.1988, 0.2008]","[0.2834, 0.2509, 0.3657]","[2.2485, 3.0301, 3.1720]","[3.6227, 4.2991, 7.9263]","[0, 1, 2]",[]
38,triprotic,3,2,3.57,4.02,0.44999999999999973,0.19547693356322418,0.1990032625602043,2.469452116553088,2.9492021205313943,4.748699969268056,0.0,0.0,0.0,0.0,2.4669833879020104,0.0,0.0,1.2897180811781435,"[2.2366, 3.0256, 3.1776]","[0.1990, 0.1927, 0.1947]","[0.2829, 0.2508, 0.3661]","[2.2462, 3.0302, 3.1708]","[3.6227, 4.2991, 7.9263]","[0, 1, 2]",[]
38,triprotic,3,3,3.68,4.02,0.3399999999999994,0.1953461705370332,0.20384465505035465,2.4721518326639598,2.951925794893557,4.752727872846345,0.0,0.0,0.0,0.0,2.4674128658858105,0.0,0.0,1.3077088606730105,"[2.2387, 3.0195, 3.1736]","[0.2038, 0.1964, 0.1858]","[0.2830, 0.2509, 0.3663]","[2.2465, 3.0293, 3.1701]","[3.6227, 4.2991, 7.9263]","[0, 1, 2]",[]
38,triprotic,3,4,3.77,4.02,0.24999999999999956,0.19285680408644054,0.20038490269125392,2.4824835764871622,2.9588694074734616,4.758540911659212,0.0,0.0,0.0,0.0,2.4690775226744663,0.0,0.0,1.3315469433832914,"[2.2240, 3.0090, 3.1677]","[0.1993, 0.2004, 0.1788]","[0.2824, 0.2510, 0.3662]","[2.2442, 3.0276, 3.1692]","[3.6227, 4.2991, 7.9263]","[0, 1, 2]",[]
38,triprotic,3,5,3.83,4.02,0.1899999999999995,0.193464923962117,0.20091725485606454,2.475299877348665,2.952599252768671,4.7507696534883745,0.0,0.0,0.0,0.0,2.46791593209139,0.0,0.0,1.346006981022656,"[2.2325, 3.0143, 3.1755]","[0.1976, 0.2009, 0.1819]","[0.2829, 0.2513, 0.3667]","[2.2455, 3.0284, 3.1704]","[3.6227, 4.2991, 7.9263]","[0, 1, 2]",[]
38,triprotic,3,6,3.87,4.02,0.14999999999999947,0.19470483390739393,0.2156863612910014,2.4681657762277536,2.943184140599854,4.73497810761893,0.0,0.0,0.0,0.0,2.46672641647887,0.0,0.0,1.3495762246940286,"[2.2443, 3.0080, 3.1913]","[0.1893, 0.2157, 0.1791]","[0.2830, 0.2517, 0.3662]","[2.2474, 3.0275, 3.1731]","[3.6227, 4.2991, 7.9263]","[0, 1, 2]",[]
38,triprotic,3,7,3.91,4.02,0.10999999999999943,0.19635342737168102,0.21807394514086445,2.47163628246611,2.9467592579852178,4.739966596196071,0.0,0.0,0.0,0.0,2.467291752144925,0.0,0.0,1.361270693447441,"[2.2341, 3.0128, 3.1863]","[0.1945, 0.2181, 0.1765]","[0.2829, 0.2513, 0.3664]","[2.2458, 3.0283, 3.1722]","[3.6227, 4.2991, 7.9263]","[0, 1, 2]",[]
38,triprotic,3,8,3.93,4.02,0.08999999999999941,0.19659975689351894,0.21297939283630118,2.471456204260995,2.952392794729277,4.754774422004047,0.0,0.0,0.0,0.0,2.467295289335222,0.0,1.0,1.362038452010602,"[2.2416, 3.0207, 3.1715]","[0.1954, 0.2130, 0.1814]","[0.2816, 0.2515, 0.3660]","[2.2470, 3.0295, 3.1698]","[3.6227, 4.2991, 7.9263]","[0, 1, 2]",[]
39,monoprotic,1,0,1.99,10.01,8.02,0.20000000000000004,0.2,2.833307785067347,2.833307785067347,2.833307785067347,0.0,0.0,0.0,0.0,2.833307785067347,0.9595792871032058,0.0,,"[5.5854, 5.7055, 4.9333]","[0.2000, 0.2000, 0.2000]","[0.4729, 0.0762, 0.0231]","[5.5854, 5.7055, 4.9333]",[2.1000],[2],"[0, 1]"
39,monoprotic,1,1,3.08,10.01,6.93,0.20147023126190622,0.20363314013261452,2.8409799624708083,2.8409799624708083,2.8409799624708083,0.0,0.0,0.0,0.0,2.8345387558437456,0.959803528982905,0.0,2.161462093661539,"[5.5831, 5.7122, 4.9410]","[0.2004, 0.2036, 0.2004]","[0.4732, 0.0766, 0.0230]","[5.5850, 5.7065, 4.9345]",[2.1000],[2],"[0, 1]"
39,monoprotic,1,2,12.4,10.01,2.3900000000000006,0.20878131093342425,0.2140646064651485,2.8437385762561598,2.8437385762561598,2.8437385762561598,0.0,0.0,0.0,0.0,2.8349540691077704,0.9607009839283426,0.0,6.927778304414824,"[5.5865, 5.7281, 4.9437]","[0.2055, 0.2068, 0.2141]","[0.4730, 0.0769, 0.0225]","[5.5855, 5.7091, 4.9350]",[2.1000],[2],"[0, 1]"
39,monoprotic,1,3,11.98,10.01,1.9700000000000006,0.2034498082775746,0.21201302187070362,2.836587139795291,2.836587139795291,2.836587139795291,0.0,0.0,0.0,0.0,2.8338266494989637,0.9617534162474842,0.0,6.613151625748724,"[5.5899, 5.7272, 4.9366]","[0.1924, 0.2059, 0.2120]","[0.4725, 0.0765, 0.0218]","[5.5861, 5.7089, 4.9338]",[2.1000],[2],"[0, 1]"
39,monoprotic,1,4,3.17,10.01,6.84,0.2026055076008533,0.21267821561659836,2.8501663477328436,2.8501663477328436,2.8501663477328436,0.0,0.0,0.0,0.0,2.8359730275038895,0.9606670293513132,0.0,2.075650677010417,"[5.5814, 5.7105, 4.9502]","[0.1952, 0.1999, 0.2127]","[0.4724, 0.0765, 0.0225]","[5.5847, 5.7063, 4.9360]",[2.1000],[2],"[0, 1]"
39,monoprotic,1,5,11.41,10.01,1.4000000000000004,0.20104985664883912,0.20314504837833414,2.859344396114911,2.859344396114911,2.859344396114911,0.0,0.0,0.0,0.0,2.8374715809339572,0.9605003870942673,0.0,6.10158366532065,"[5.5844, 5.7104, 4.9593]","[0.2015, 0.1985, 0.2031]","[0.4725, 0.0763, 0.0226]","[5.5852, 5.7063, 4.9375]",[2.1000],[2],"[0, 1]"
39,monoprotic,1,6,4.55,10.01,5.46,0.20880862594973545,0.21303817261501298,2.87302723640113,2.87302723640113,2.87302723640113,0.0,0.0,0.0,0.0,2.8395844696713666,0.960905045786762,0.0,0.7282390380743893,"[5.5756, 5.7274, 4.9730]","[0.2081, 0.2053, 0.2130]","[0.4731, 0.0762, 0.0223]","[5.5838, 5.7090, 4.9396]",[2.1000],[2],"[0, 1]"
39,monoprotic,1,7,11.07,10.01,1.0600000000000005,0.204868027678793,0.20607351449308364,2.8638952197000553,2.8638952197000553,2.8638952197000553,0.0,0.0,0.0,0.0,2.838193093395097,0.9619276718871571,0.0,5.77504897274077,"[5.5793, 5.7247, 4.9639]","[0.2043, 0.2061, 0.2042]","[0.4737, 0.0765, 0.0218]","[5.5844, 5.7085, 4.9382]",[2.1000],[2],"[0, 1]"
39,monoprotic,1,8,10.72,10.01,0.7100000000000009,0.20672307706652523,0.2164982884130886,2.863878687316197,2.863878687316197,2.863878687316197,0.0,0.0,0.0,0.0,2.8381185568081952,0.9613966138419613,0.0,5.433159848935903,"[5.5839, 5.7261, 4.9639]","[0.2012, 0.2025, 0.2165]","[0.4733, 0.0760, 0.0221]","[5.5851, 5.7088, 4.9381]",[2.1000],[2],"[0, 1]"
39,monoprotic,1,9,4.56,10.01,5.45,0.20635338942075046,0.21661282988025538,2.876929802108114,2.876929802108114,2.876929802108114,0.0,0.0,0.0,0.0,2.840171383809173,0.9592947594795884,0.0,0.71929136203602,"[5.5835, 5.7264, 4.9769]","[0.1965, 0.2059, 0.2166]","[0.4734, 0.0755, 0.0233]","[5.5851, 5.7088, 4.9402]",[2.1000],[2],"[0, 1]"
39,monoprotic,1,10,10.28,10.01,0.2699999999999996,0.2072026002188787,0.22454125420897458,2.8798085044096635,2.8798085044096635,2.8798085044096635,0.0,0.0,0.0,0.0,2.840554065262069,0.9598923349131758,0.0,4.99632409794256,"[5.5836, 5.7197, 4.9798]","[0.1963, 0.2008, 0.2245]","[0.4730, 0.0751, 0.0229]","[5.5851, 5.7077, 4.9406]",[2.1000],[2],"[0, 1]"
39,monoprotic,1,11,9.67,10.01,0.33999999999999986,0.20643323369176925,0.22852084919910198,2.8816877730881383,2.8816877730881383,2.8816877730881383,0.0,0.0,0.0,0.0,2.8408103184717572,0.95943073074652,0.0,4.388336382647976,"[5.6035, 5.7087, 4.9817]","[0.1964, 0.1943, 0.2285]","[0.4723, 0.0752, 0.0232]","[5.5883, 5.7060, 4.9408]",[2.1000],[2],"[0, 1]"
39,monoprotic,1,12,10.07,10.01,0.0600000000000005,0.21234072620768144,0.24021551536773317,2.888444249046278,2.888444249046278,2.888444249046278,0.0,0.0,0.0,0.0,2.8417359526430626,0.960153245009196,1.0,4.786867993120104,"[5.6092, 5.7023, 4.9884]","[0.1965, 0.2003, 0.2402]","[0.4712, 0.0759, 0.0227]","[5.5892, 5.7050, 4.9417]",[2.1000],[2],"[0, 1]"
41,monoprotic,1,0,2.19,6.05,3.86,0.20000000000000004,0.2,0.7106785251863794,0.7106785251863794,0.7106785251863794,0.0,1.0,0.0,1.0,0.7106785251863794,0.974196386234131,0.0,,"[2.3444, 5.3207, 5.8186]","[0.2000, 0.2000, 0.2000]","[0.4940, 0.0251, 0.4542]","[2.3444, 5.3207, 5.8186]",[4.6100],[1],"[0, 2]"
41,monoprotic,1,1,5.05,6.05,1.0,0.20647563869305388,0.21349008469567857,0.681287344755213,0.681287344755213,0.681287344755213,0.0,1.0,0.0,1.0,0.7059624595576723,0.9743191635211276,0.0,2.218430907651782,"[2.3435, 5.2913, 5.8132]","[0.2056, 0.2003, 0.2135]","[0.4942, 0.0250, 0.4540]","[2.3443, 5.3160, 5.8177]",[4.6100],[1],"[0, 2]"
41,monoprotic,1,2,5.59,6.05,0.45999999999999996,0.19926180066031954,0.20466951067524872,0.6851400136610213,0.6851400136610213,0.6851400136610213,0.0,1.0,0.0,1.0,0.7065784989093871,0.974215236621071,0.0,2.269003935307264,"[2.3561, 5.2951, 5.8187]","[0.1932, 0.1999, 0.2047]","[0.4947, 0.0251, 0.4539]","[2.3463, 5.3166, 5.8186]",[4.6100],[1],"[0, 2]"
41,monoprotic,1,3,10.36,6.05,4.31,0.20059393589096938,0.20416883010055056,0.6729090364423218,0.6729090364423218,0.6729090364423218,0.0,1.0,0.0,1.0,0.7046458194922227,0.9745162353347544,0.0,6.483153664171695,"[2.3409, 5.2829, 5.8173]","[0.1958, 0.2042, 0.2018]","[0.4949, 0.0248, 0.4538]","[2.3439, 5.3146, 5.8184]",[4.6100],[1],"[0, 2]"
41,monoprotic,1,4,5.94,6.05,0.10999999999999943,0.19901571092221185,0.20709061640565693,0.666584890394109,0.666584890394109,0.666584890394109,0.0,1.0,0.0,1.0,0.7036604065155503,0.9743718627022405,0.0,2.374420879930258,"[2.3539, 5.2766, 5.8088]","[0.1922, 0.2071, 0.1977]","[0.4948, 0.0250, 0.4539]","[2.3460, 5.3137, 5.8170]",[4.6100],[1],"[0, 2]"
41,monoprotic,1,5,6.21,6.05,0.16000000000000014,0.20550066044582938,0.21531964878522988,0.6641884585524842,0.6641884585524842,0.6641884585524842,0.0,1.0,0.0,1.0,0.7033521800663092,0.9748403886519402,0.0,2.5233672811090946,"[2.3680, 5.2742, 5.8165]","[0.1973, 0.2153, 0.2039]","[0.4939, 0.0245, 0.4541]","[2.3482, 5.3134, 5.8183]",[4.6100],[1],"[0, 2]"
41,monoprotic,1,6,6.06,6.05,0.009999999999999787,0.21073916648602956,0.21392400418811067,0.6658882748489825,0.6658882748489825,0.6658882748489825,0.0,1.0,0.0,1.0,0.7036081096206024,0.9746210963168456,1.0,2.433136334121227,"[2.3503, 5.2759, 5.8112]","[0.2086, 0.2139, 0.2097]","[0.4938, 0.0247, 0.4540]","[2.3454, 5.3136, 5.8174]",[4.6100],[1],"[0, 2]"
35,monoprotic,1,0,2.11,2.07,0.040000000000000036,0.20000000000000004,0.2,0.229063343772407,0.229063343772407,0.229063343772407,1.0,1.0,1.0,1.0,0.229063343772407,0.47590085793996634,1.0,,"[4.6568, 2.7278, 5.1991]","[0.2000, 0.2000, 0.2000]","[0.0117, 0.3666, 0.4166]","[4.6568, 2.7278, 5.1991]",[4.9700],[2],"[0, 1]"
35,monoprotic,1,1,2.42,2.07,0.3500000000000001,0.16877046728667897,0.19522831829604648,0.13008509128996693,0.13008509128996693,0.13008509128996693,1.0,1.0,1.0,1.0,0.21379865421812472,0.9881006661586962,0.0,0.06328061044216149,"[5.1001, 2.8946, 5.1045]","[0.1471, 0.1640, 0.1952]","[0.0095, 0.3670, 0.4187]","[4.7325, 2.7557, 5.1838]",[4.9700],[0],"[1, 2]"
35,monoprotic,1,2,2.65,2.07,0.5800000000000001,0.1742133523581952,0.19631223060443284,0.11665144823800233,0.11665144823800233,0.11665144823800233,1.0,1.0,1.0,1.0,0.21406768509647822,0.9882429036121375,0.0,0.13353132978081694,"[5.0867, 2.8873, 5.1061]","[0.1515, 0.1749, 0.1963]","[0.0093, 0.3667, 0.4183]","[4.7299, 2.7542, 5.1841]",[4.9700],[0],"[1, 2]"
35,monoprotic,1,3,2.54,2.07,0.4700000000000002,0.1758838330915148,0.1982935974396494,0.10631108432288805,0.10631108432288805,0.10631108432288805,1.0,1.0,1.0,1.0,0.21377019203213798,0.9889784370156796,0.0,0.08993599653244022,"[5.0763, 2.8984, 5.1040]","[0.1512, 0.1782, 0.1983]","[0.0087, 0.3665, 0.4185]","[4.7281, 2.7559, 5.1838]",[4.9700],[0],"[1, 2]"
35,monoprotic,1,4,2.44,2.07,0.3700000000000001,0.16821346417340768,0.2021738961697684,0.1477509255922964,0.1477509255922964,0.1477509255922964,1.0,1.0,1.0,1.0,0.1970463444416488,0.472841697353,0.0,0.05281139776110644,"[5.3350, 3.0274, 5.1178]","[0.1448, 0.1576, 0.2022]","[0.0080, 0.3667, 0.4178]","[4.7730, 2.7783, 5.1860]",[4.9700],[2],"[0, 1]"
35,monoprotic,1,5,2.37,2.07,0.30000000000000027,0.1626841125679879,0.19652284130407624,0.14802005954018238,0.14802005954018238,0.14802005954018238,1.0,1.0,1.0,1.0,0.1746909544104227,0.47327793909917,0.0,0.035254291146993744,"[5.4629, 3.0743, 5.1180]","[0.1419, 0.1496, 0.1965]","[0.0078, 0.3678, 0.4180]","[4.7953, 2.7868, 5.1860]",[4.9700],[2],"[0, 1]"
35,monoprotic,1,6,2.3,2.07,0.22999999999999998,0.16471096630473642,0.20653176329436934,0.16382055724981637,0.16382055724981637,0.16382055724981637,1.0,1.0,1.0,1.0,0.16724876562828683,0.47254773074290946,0.0,0.01824351139366609,"[5.5062, 3.0920, 5.1338]","[0.1419, 0.1457, 0.2065]","[0.0077, 0.3669, 0.4182]","[4.8028, 2.7901, 5.1887]",[4.9700],[2],"[0, 1]"
35,monoprotic,1,7,2.25,2.07,0.18000000000000016,0.16842679770675736,0.21327705395106883,0.16343908189151524,0.16343908189151524,0.16343908189151524,1.0,1.0,1.0,1.0,0.16141192146682393,0.47224269447640127,0.0,0.018038451671600342,"[5.5476, 3.0926, 5.1334]","[0.1492, 0.1428, 0.2133]","[0.0085, 0.3656, 0.4181]","[4.8086, 2.7904, 5.1887]",[4.9700],[2],"[0, 1]"
35,monoprotic,1,8,2.2,2.07,0.13000000000000034,0.1665856409494435,0.21127191239493612,0.1632764150417838,0.1632764150417838,0.1632764150417838,1.0,1.0,1.0,1.0,0.15818894782503268,0.4716345028144917,0.0,0.013356552273035227,"[5.5610, 3.1051, 5.1333]","[0.1439, 0.1446, 0.2113]","[0.0086, 0.3653, 0.4188]","[4.8118, 2.7924, 5.1886]",[4.9700],[2],"[0, 1]"
35,monoprotic,1,9,2.15,2.07,0.08000000000000007,0.16911206392072278,0.22242569887327773,0.16722460491252722,0.16722460491252722,0.16722460491252722,1.0,1.0,1.0,1.0,0.15578225448972383,0.4722573801156032,1.0,0.0046025222167371815,"[5.5716, 3.1026, 5.1372]","[0.1406, 0.1443, 0.2224]","[0.0099, 0.3648, 0.4187]","[4.8142, 2.7920, 5.1894]",[4.9700],[2],"[0, 1]"
40,triprotic,3,0,3.27,2.14,1.13,0.20000000000000004,0.2,1.2951589070176723,1.4778106554468426,1.9807864512114954,0.3333333333333333,0.3333333333333333,0.0,0.0,1.2951589070176723,0.0,0.0,,"[2.4216, 5.0760, 2.3258]","[0.2000, 0.2000, 0.2000]","[0.4528, 0.2873, 0.4573]","[2.4216, 5.0760, 2.3258]","[2.0116, 4.4024, 6.6665]","[0, 1, 2]",[]
40,triprotic,3,1,1.42,2.14,0.7200000000000002,0.24633322703801694,0.4068660362288524,1.2486725786059698,1.5366503139362955,2.173497803578191,0.3333333333333333,0.3333333333333333,0.0,0.0,1.3020031626767816,0.0,0.0,0.09001095492392786,"[2.0484, 5.1308, 2.2289]","[0.4069, 0.1619, 0.1702]","[0.4524, 0.2878, 0.4577]","[2.3757, 5.0852, 2.3097]","[2.0116, 4.4024, 6.6665]","[0, 1, 2]",[]
40,triprotic,3,2,1.55,2.14,0.5900000000000001,0.2647475762957697,0.4650389410506852,1.2438933827822405,1.5365074332919855,2.1692829857597298,0.3333333333333333,0.3333333333333333,0.0,0.0,1.3035121681083726,0.0,0.0,0.11627836180850859,"[1.9907, 5.1250, 2.2331]","[0.4650, 0.1634, 0.1658]","[0.4522, 0.2880, 0.4576]","[2.3728, 5.0842, 2.3103]","[2.0116, 4.4024, 6.6665]","[0, 1, 2]",[]
40,triprotic,3,3,1.69,2.14,0.4500000000000002,0.2649470285981814,0.45352285902634276,1.2423825655027612,1.539856899988017,2.168887209239549,0.3333333333333333,0.3333333333333333,0.0,0.0,1.303874181278396,0.0,0.0,0.14887805836275225,"[2.0055, 5.1143, 2.2335]","[0.4535, 0.1721, 0.1692]","[0.4523, 0.2881, 0.4573]","[2.3737, 5.0824, 2.3105]","[2.0116, 4.4024, 6.6665]","[0, 1, 2]",[]
40,triprotic,3,4,1.83,2.14,0.31000000000000005,0.26052171284815234,0.4367096663652137,1.2428873701473109,1.5436484009359246,2.1813837379691057,0.3333333333333333,0.3333333333333333,0.0,0.0,1.3029415782140084,0.0,0.0,0.18807527011260383,"[2.0129, 5.1205, 2.2210]","[0.4367, 0.1764, 0.1685]","[0.4522, 0.2880, 0.4571]","[2.3734, 5.0834, 2.3084]","[2.0116, 4.4024, 6.6665]","[0, 1, 2]",[]
40,triprotic,3,5,1.93,2.14,0.2100000000000002,0.2549815258849107,0.41624245765499085,1.2506551755704038,1.552451383467299,2.198225883985188,0.3333333333333333,0.3333333333333333,0.0,0.0,1.3029027129252322,0.0,0.0,0.21985737064853317,"[2.0064, 5.1179, 2.2041]","[0.4162, 0.1770, 0.1717]","[0.4524, 0.2879, 0.4575]","[2.3712, 5.0830, 2.3056]","[2.0116, 4.4024, 6.6665]","[0, 1, 2]",[]
40,triprotic,3,6,1.99,2.14,0.15000000000000013,0.26064379238173935,0.42446790584913346,1.2476803107865726,1.5510139612118177,2.200413025061052,0.3333333333333333,0.3333333333333333,0.0,0.0,1.3020780588239866,0.0,0.0,0.22786233270540834,"[2.0101, 5.1254, 2.2020]","[0.4245, 0.1825, 0.1750]","[0.4519, 0.2876, 0.4570]","[2.3723, 5.0841, 2.3053]","[2.0116, 4.4024, 6.6665]","[0, 1, 2]",[]
40,triprotic,3,7,2.04,2.14,0.10000000000000009,0.26274346633275897,0.43301761862886345,1.2538822752657373,1.548599540825137,2.1914014892958846,0.3333333333333333,0.3333333333333333,0.0,0.0,1.3035257501544433,0.0,0.0,0.2287258087098598,"[1.9878, 5.1200, 2.2110]","[0.4330, 0.1842, 0.1710]","[0.4521, 0.2881, 0.4570]","[2.3702, 5.0832, 2.3067]","[2.0116, 4.4024, 6.6665]","[0, 1, 2]",[]
40,triprotic,3,8,2.06,2.14,0.08000000000000007,0.2680231362455131,0.43691310876159495,1.2571780501115093,1.5486465796829718,2.1849271708538174,0.3333333333333333,0.3333333333333333,0.0,0.0,1.3046310255630231,0.0,1.0,0.24135269369930024,"[1.9806, 5.1108, 2.2174]","[0.4369, 0.1895, 0.1777]","[0.4521, 0.2880, 0.4572]","[2.3696, 5.0817, 2.3080]","[2.0116, 4.4024, 6.6665]","[0, 1, 2]",[]
33,monoprotic,1,0,2.1,8.17,6.07,0.20000000000000004,0.2,0.5122366517587813,0.5122366517587813,0.5122366517587813,0.0,1.0,0.0,1.0,0.5122366517587813,0.9778188539293678,0.0,,"[5.5403, 5.7615, 2.8578]","[0.2000, 0.2000, 0.2000]","[0.0111, 0.1622, 0.0039]","[5.5403, 5.7615, 2.8578]",[3.3700],[2],"[0, 1]"
33,monoprotic,1,1,4.13,8.17,4.04,0.20016526504386803,0.2031762735578982,0.5057658632204869,0.5057658632204869,0.5057658632204869,0.0,1.0,0.0,1.0,0.5112018768169957,0.9783883095457615,0.0,0.4513297679414974,"[5.5380, 5.7583, 2.8642]","[0.1961, 0.2012, 0.2032]","[0.0113, 0.1626, 0.0038]","[5.5399, 5.7610, 2.8588]",[3.3700],[2],"[0, 1]"
33,monoprotic,1,2,12.25,8.17,4.08,0.20353119315259458,0.20635630933166146,0.5038953739241454,0.5038953739241454,0.5038953739241454,0.0,1.0,0.0,1.0,0.5109061931738124,0.9792169471992704,0.0,7.537757641635835,"[5.5189, 5.7685, 2.8661]","[0.2064, 0.1989, 0.2053]","[0.0116, 0.1628, 0.0037]","[5.5369, 5.7626, 2.8591]",[3.3700],[2],"[0, 1]"
33,monoprotic,1,3,11.71,8.17,3.540000000000001,0.2039588310071275,0.209730605871017,0.49309220395607234,0.49309220395607234,0.49309220395607234,1.0,1.0,1.0,1.0,0.5091992267166385,0.9768495504011144,0.0,7.059802069715225,"[5.5101, 5.7721, 2.8769]","[0.2051, 0.1971, 0.2097]","[0.0117, 0.1628, 0.0041]","[5.5355, 5.7632, 2.8608]",[3.3700],[2],"[0, 1]"
33,monoprotic,1,4,4.13,8.17,4.04,0.20236866688293934,0.21237355425954782,0.4702764054201971,0.4702764054201971,0.4702764054201971,1.0,1.0,1.0,1.0,0.5056005319083767,0.9803406852104781,0.0,0.4515833695232869,"[5.5057, 5.7680, 2.8997]","[0.1986, 0.1961, 0.2124]","[0.0125, 0.1625, 0.0035]","[5.5347, 5.7625, 2.8644]",[3.3700],[2],"[0, 1]"
33,monoprotic,1,5,5.72,8.17,2.45,0.2001902658773271,0.20636616634260221,0.48117432032239504,0.48117432032239504,0.48117432032239504,1.0,1.0,1.0,1.0,0.507288333642633,0.980418158786545,0.0,1.1019618897978214,"[5.5073, 5.7729, 2.8888]","[0.1983, 0.1959, 0.2064]","[0.0126, 0.1624, 0.0035]","[5.5350, 5.7633, 2.8627]",[3.3700],[2],"[0, 1]"
33,monoprotic,1,6,11.63,8.17,3.460000000000001,0.2052579759154971,0.2254127399487497,0.47308071942338836,0.47308071942338836,0.47308071942338836,1.0,1.0,1.0,1.0,0.5061414119334802,0.9830892283988047,0.0,6.979161170423032,"[5.4944, 5.7966, 2.8969]","[0.1957, 0.1947, 0.2254]","[0.0132, 0.1624, 0.0030]","[5.5329, 5.7671, 2.8639]",[3.3700],[2],"[0, 1]"
33,monoprotic,1,7,11.31,8.17,3.1400000000000006,0.20487148337035774,0.234622108986823,0.4757635775838751,0.4757635775838751,0.4757635775838751,1.0,1.0,1.0,1.0,0.5066227870464703,0.9863073705731935,0.0,6.6743184567336,"[5.4890, 5.7966, 2.8942]","[0.1891, 0.1909, 0.2346]","[0.0135, 0.1625, 0.0024]","[5.5319, 5.7672, 2.8634]",[3.3700],[2],"[0, 1]"
33,monoprotic,1,8,5.81,8.17,2.3600000000000003,0.2005213906665967,0.2238915789385222,0.46784677169932243,0.46784677169932243,0.46784677169932243,1.0,1.0,1.0,1.0,0.5053138196826734,0.9825470648343453,0.0,1.191443132879212,"[5.4972, 5.7799, 2.9022]","[0.1899, 0.1878, 0.2239]","[0.0145, 0.1623, 0.0031]","[5.5333, 5.7645, 2.8647]",[3.3700],[2],"[0, 1]"
33,monoprotic,1,9,10.96,8.17,2.790000000000001,0.19831684184661305,0.21888858149472668,0.4633803923367794,0.4633803923367794,0.4633803923367794,1.0,1.0,1.0,1.0,0.5045706990686387,0.9835533083133763,0.0,6.333162003001199,"[5.5123, 5.7732, 2.9066]","[0.1812, 0.1948, 0.2189]","[0.0133, 0.1617, 0.0029]","[5.5357, 5.7634, 2.8654]",[3.3700],[2],"[0, 1]"
33,monoprotic,1,10,10.62,8.17,2.4499999999999993,0.19644496895846628,0.20880088939375002,0.46645231854833913,0.46645231854833913,0.46645231854833913,1.0,1.0,1.0,1.0,0.5049644373881672,0.9846316950587733,0.0,5.996502483850344,"[5.5122, 5.7695, 2.9035]","[0.1801, 0.2004, 0.2088]","[0.0135, 0.1628, 0.0028]","[5.5356, 5.7628, 2.8650]",[3.3700],[2],"[0, 1]"
33,monoprotic,1,11,5.94,8.17,2.2299999999999995,0.19916024046102077,0.2108584217699981,0.46237775164986505,0.46237775164986505,0.46237775164986505,1.0,1.0,1.0,1.0,0.5043368880113857,0.988070016110413,0.0,1.3209061644133184,"[5.5160, 5.7670, 2.9076]","[0.1829, 0.2037, 0.2109]","[0.0135, 0.1628, 0.0021]","[5.5363, 5.7624, 2.8657]",[3.3700],[2],"[0, 1]"
33,monoprotic,1,12,10.19,8.17,2.0199999999999996,0.19739299658407913,0.2188877245827927,0.45770237365945077,0.45770237365945077,0.45770237365945077,1.0,1.0,1.0,1.0,0.5036797618889843,0.9887473425414872,0.0,5.568696999745443,"[5.5273, 5.7588, 2.9123]","[0.1778, 0.1955, 0.2189]","[0.0142, 0.1626, 0.0020]","[5.5381, 5.7610, 2.8663]",[3.3700],[2],"[0, 1]"
33,monoprotic,1,13,9.71,8.17,1.540000000000001,0.19918369363512098,0.21777847759684787,0.4510164831487553,0.4510164831487553,0.4510164831487553,1.0,1.0,1.0,1.0,0.502617734811015,0.9872536306139275,0.0,5.089155381815509,"[5.5261, 5.7575, 2.9190]","[0.1786, 0.2012, 0.2178]","[0.0157, 0.1636, 0.0023]","[5.5379, 5.7608, 2.8674]",[3.3700],[2],"[0, 1]"
33,monoprotic,1,14,6.12,8.17,2.05,0.1977558747336098,0.21762804764845498,0.4528684123816058,0.4528684123816058,0.4528684123816058,1.0,1.0,1.0,1.0,0.5029070059520326,0.9928959083778673,0.0,1.499793304251507,"[5.5296, 5.7760, 2.9171]","[0.1807, 0.1949, 0.2176]","[0.0155, 0.1648, 0.0013]","[5.5385, 5.7638, 2.8671]",[3.3700],[2],"[0, 1]"
33,monoprotic,1,15,7.91,8.17,0.2599999999999998,0.19580409185375727,0.21492200677049483,0.4441770824359055,0.4441770824359055,0.4441770824359055,1.0,1.0,1.0,1.0,0.5015060103513331,0.9983605083308527,0.0,3.288273912938312,"[5.5369, 5.7841, 2.9258]","[0.1766, 0.1959, 0.2149]","[0.0163, 0.1631, 0.0003]","[5.5397, 5.7651, 2.8685]",[3.3700],[2],"[0, 1]"
33,monoprotic,1,16,9.71,8.17,1.540000000000001,0.20077922092091502,0.2114437237413924,0.45182772324330234,0.45182772324330234,0.45182772324330234,1.0,1.0,1.0,1.0,0.5026720815522423,0.9965155307547864,0.0,5.086540171680973,"[5.5447, 5.7862, 2.9182]","[0.1892, 0.2017, 0.2114]","[0.0165, 0.1633, 0.0006]","[5.5410, 5.7654, 2.8673]",[3.3700],[2],"[0, 1]"
33,monoprotic,1,17,9.41,8.17,1.2400000000000002,0.20019842482615743,0.21047179386281042,0.45057803960646803,0.45057803960646803,0.45057803960646803,1.0,1.0,1.0,1.0,0.5024627510260933,0.9986840520698463,0.0,4.786611785730347,"[5.5406, 5.7810, 2.9194]","[0.1899, 0.2002, 0.2105]","[0.0169, 0.1629, 0.0002]","[5.5403, 5.7646, 2.8675]",[3.3700],[2],"[0, 1]"
33,monoprotic,1,18,7.91,8.17,0.2599999999999998,0.19461514201398547,0.20700860150362352,0.4495406862709306,0.4495406862709306,0.4495406862709306,1.0,1.0,1.0,1.0,0.5022567264418432,0.9950653593742,0.0,3.2872565468680115,"[5.5376, 5.7690, 2.9205]","[0.1855, 0.1913, 0.2070]","[0.0170, 0.1620, -0.0009]","[5.5398, 5.7627, 2.8677]",[3.3700],[2],"[0, 1]"
33,monoprotic,1,19,9.41,8.17,1.2400000000000002,0.2006012533130778,0.20800423590572356,0.4521166310531126,0.4521166310531126,0.4521166310531126,1.0,1.0,1.0,1.0,0.5026594025054458,0.9961085451182184,0.0,4.78777781044133,"[5.5427, 5.7809, 2.9179]","[0.1874, 0.2080, 0.2064]","[0.0155, 0.1623, -0.0007]","[5.5407, 5.7646, 2.8673]",[3.3700],[2],"[0, 1]"
33,monoprotic,1,20,7.91,8.17,0.2599999999999998,0.19640131594542107,0.21425145034731502,0.4478660674041919,0.4478660674041919,0.4478660674041919,1.0,1.0,1.0,1.0,0.50207938856629,0.9962764392267469,0.0,3.287223709365353,"[5.5379, 5.7880, 2.9221]","[0.1829, 0.1920, 0.2143]","[0.0149, 0.1617, -0.0007]","[5.5399, 5.7658, 2.8679]",[3.3700],[2],"[0, 1]"
33,monoprotic,1,21,8.45,8.17,0.27999999999999936,0.20449150768154034,0.22649207526844103,0.4463179952442462,0.4463179952442462,0.4463179952442462,1.0,1.0,1.0,1.0,0.5019888980708176,0.9904517941085295,0.0,3.826865994418039,"[5.5364, 5.7941, 2.9237]","[0.1861, 0.2009, 0.2265]","[0.0144, 0.1607, -0.0017]","[5.5396, 5.7667, 2.8680]",[3.3700],[2],"[0, 1]"
33,monoprotic,1,22,7.91,8.17,0.2599999999999998,0.20986223146031577,0.23259635744724702,0.45810980691691094,0.45810980691691094,0.45810980691691094,1.0,1.0,1.0,1.0,0.5038847779969426,0.9956051757117426,0.0,3.2866253555659206,"[5.5291, 5.8024, 2.9119]","[0.1840, 0.2130, 0.2326]","[0.0163, 0.1607, -0.0008]","[5.5384, 5.7679, 2.8661]",[3.3700],[2],"[0, 1]"
33,monoprotic,1,23,8.45,8.17,0.27999999999999936,0.20968587383854229,0.2327928266211783,0.4652359238425485,0.4652359238425485,0.4652359238425485,1.0,1.0,1.0,1.0,0.504986101555716,0.9975503187968815,0.0,3.8272192094475024,"[5.5327, 5.7938, 2.9048]","[0.1817, 0.2146, 0.2328]","[0.0177, 0.1618, -0.0004]","[5.5390, 5.7666, 2.8650]",[3.3700],[2],"[0, 1]"
33,monoprotic,1,24,7.91,8.17,0.2599999999999998,0.21238859595605722,0.23685278167060184,0.4588642587982985,0.4588642587982985,0.4588642587982985,1.0,1.0,1.0,1.0,0.5040442122733415,0.9996582287631474,0.0,3.2878648083098234,"[5.5302, 5.7911, 2.9111]","[0.1914, 0.2090, 0.2369]","[0.0175, 0.1619, 0.0001]","[5.5386, 5.7662, 2.8660]",[3.3700],[2],"[0, 1]"
33,monoprotic,1,25,8.45,8.17,0.27999999999999936,0.21371457355054044,0.23752586533546194,0.4664055562182501,0.4664055562182501,0.4664055562182501,1.0,1.0,1.0,1.0,0.5052076050929384,0.9990966511106093,0.0,3.827798070665448,"[5.5353, 5.7971, 2.9036]","[0.1929, 0.2107, 0.2375]","[0.0172, 0.1624, -0.0002]","[5.5395, 5.7671, 2.8648]",[3.3700],[2],"[0, 1]"
33,monoprotic,1,26,7.91,8.17,0.2599999999999998,0.2080739469110804,0.23216136420085343,0.4752440573971115,0.4752440573971115,0.4752440573971115,1.0,1.0,1.0,1.0,0.5065255744215573,0.9946219668153782,0.0,3.287610242692754,"[5.5359, 5.7999, 2.8948]","[0.1921, 0.1999, 0.2322]","[0.0168, 0.1656, -0.0010]","[5.5396, 5.7676, 2.8635]",[3.3700],[2],"[0, 1]"
33,monoprotic,1,27,8.45,8.17,0.27999999999999936,0.21137746545896519,0.2298811078050412,0.4844335424435884,0.4844335424435884,0.4844335424435884,1.0,1.0,1.0,1.0,0.5079322607372547,0.999660810886458,0.0,3.8278233996126794,"[5.5424, 5.8074, 2.8856]","[0.1992, 0.2051, 0.2299]","[0.0188, 0.1658, -0.0001]","[5.5406, 5.7688, 2.8621]",[3.3700],[2],"[0, 1]"
33,monoprotic,1,28,7.91,8.17,0.2599999999999998,0.21183647898267166,0.23897287088512428,0.4901195550746742,0.4901195550746742,0.4901195550746742,1.0,1.0,1.0,1.0,0.5088506363849103,0.9927366311561016,0.0,3.287568635158241,"[5.5401, 5.8134, 2.8799]","[0.2008, 0.1957, 0.2390]","[0.0180, 0.1676, -0.0014]","[5.5402, 5.7698, 2.8611]",[3.3700],[2],"[0, 1]"
33,monoprotic,1,29,8.45,8.17,0.27999999999999936,0.20970450339013139,0.23432432406413745,0.4903106232343575,0.4903106232343575,0.4903106232343575,1.0,1.0,1.0,1.0,0.5088606034418226,0.9988325752583429,0.0,3.827623840235173,"[5.5649, 5.8065, 2.8797]","[0.1941, 0.2007, 0.2343]","[0.0184, 0.1666, -0.0002]","[5.5443, 5.7687, 2.8611]",[3.3700],[2],"[0, 1]"
33,monoprotic,1,30,7.91,8.17,0.2599999999999998,0.21126997364690078,0.23514436019515303,0.5035514233915888,0.5035514233915888,0.5035514233915888,0.0,1.0,0.0,1.0,0.5109006971934362,0.9971799086969526,0.0,3.286696615945548,"[5.5575, 5.8183, 2.8664]","[0.1981, 0.2005, 0.2351]","[0.0148, 0.1688, -0.0005]","[5.5430, 5.7706, 2.8591]",[3.3700],[2],"[0, 1]"
33,monoprotic,1,31,8.45,8.17,0.27999999999999936,0.20733352758437373,0.22919801889361124,0.5092234151821238,0.5092234151821238,0.5092234151821238,0.0,1.0,0.0,1.0,0.5117697611201533,0.9919595272314128,0.0,3.8271212201099836,"[5.5639, 5.8182, 2.8608]","[0.1977, 0.1951, 0.2292]","[0.0174, 0.1677, -0.0015]","[5.5441, 5.7706, 2.8582]",[3.3700],[2],"[0, 1]"
33,monoprotic,1,32,7.91,8.17,0.2599999999999998,0.20944191950695687,0.22930182393034895,0.5289888554843425,0.5289888554843425,0.5289888554843425,0.0,1.0,0.0,1.0,0.5148320179435646,0.9903608941995234,0.0,3.287071910072118,"[5.5732, 5.8218, 2.8410]","[0.2042, 0.1948, 0.2293]","[0.0199, 0.1684, -0.0018]","[5.5455, 5.7712, 2.8552]",[3.3700],[2],"[0, 1]"
33,monoprotic,1,33,8.45,8.17,0.27999999999999936,0.21032043039824266,0.2341252661986519,0.5248847189712551,0.5248847189712551,0.5248847189712551,0.0,1.0,0.0,1.0,0.5141846079232772,0.9991850397091988,0.0,3.8273849094286554,"[5.5659, 5.8218, 2.8451]","[0.1941, 0.2027, 0.2341]","[0.0169, 0.1685, -0.0002]","[5.5444, 5.7711, 2.8558]",[3.3700],[2],"[0, 1]"
33,monoprotic,1,34,7.91,8.17,0.2599999999999998,0.20832373806697255,0.2266258565758555,0.5282780333196739,0.5282780333196739,0.5282780333196739,0.0,1.0,0.0,1.0,0.5147300466020353,0.9968946496076849,0.0,3.28759023020044,"[5.5594, 5.8143, 2.8417]","[0.1956, 0.2028, 0.2266]","[0.0146, 0.1699, -0.0006]","[5.5434, 5.7699, 2.8553]",[3.3700],[2],"[0, 1]"
33,monoprotic,1,35,8.45,8.17,0.27999999999999936,0.21628214432018097,0.2373651272173323,0.5209119394597672,0.5209119394597672,0.5209119394597672,0.0,1.0,0.0,1.0,0.5135674314139775,0.9901681543997957,0.0,3.8285047810524695,"[5.5634, 5.8205, 2.8491]","[0.1973, 0.2141, 0.2374]","[0.0162, 0.1703, -0.0019]","[5.5440, 5.7708, 2.8564]",[3.3700],[2],"[0, 1]"
33,monoprotic,1,36,7.91,8.17,0.2599999999999998,0.2224921424314652,0.2512191382097108,0.522575514145668,0.522575514145668,0.522575514145668,0.0,1.0,0.0,1.0,0.5137956191915269,0.9850400324615366,0.0,3.2876401611976327,"[5.5686, 5.8079, 2.8474]","[0.2043, 0.2120, 0.2512]","[0.0163, 0.1706, -0.0028]","[5.5448, 5.7688, 2.8562]",[3.3700],[2],"[0, 1]"
33,monoprotic,1,37,8.45,8.17,0.27999999999999936,0.23247570470834977,0.276022479147923,0.5275015763252568,0.5275015763252568,0.5275015763252568,0.0,1.0,0.0,1.0,0.5144677126434387,0.9916451967071221,0.0,3.8280868411995463,"[5.5632, 5.8116, 2.8425]","[0.2082, 0.2132, 0.2760]","[0.0153, 0.1695, -0.0016]","[5.5439, 5.7694, 2.8555]",[3.3700],[2],"[0, 1]"
33,monoprotic,1,38,7.91,8.17,0.2599999999999998,0.23799913578917345,0.292633569239054,0.5084672957994867,0.5084672957994867,0.5084672957994867,0.0,1.0,0.0,1.0,0.5116972998497213,0.9999163343774762,0.0,3.288435254795477,"[5.5602, 5.7942, 2.8615]","[0.2075, 0.2138, 0.2926]","[0.0173, 0.1703, 0.0000]","[5.5434, 5.7666, 2.8583]",[3.3700],[2],"[0, 1]"
33,monoprotic,1,39,8.45,8.17,0.27999999999999936,0.23299724125924418,0.2887818199783611,0.49855370906055807,0.49855370906055807,0.49855370906055807,1.0,1.0,1.0,1.0,0.5102690807625576,0.9911778591441588,0.0,3.828571067238226,"[5.5503, 5.8005, 2.8714]","[0.2061, 0.2041, 0.2888]","[0.0166, 0.1688, -0.0017]","[5.5419, 5.7677, 2.8597]",[3.3700],[2],"[0, 1]"
33,monoprotic,1,40,7.91,8.17,0.2599999999999998,0.22932553081795706,0.283097202724187,0.48166694430320467,0.48166694430320467,0.48166694430320467,1.0,1.0,1.0,1.0,0.5078087469135149,0.9895106367636911,0.0,3.288287955420092,"[5.5496, 5.7967, 2.8883]","[0.2073, 0.1976, 0.2831]","[0.0194, 0.1702, 0.0020]","[5.5417, 5.7671, 2.8622]",[3.3700],[2],"[0, 1]"
33,monoprotic,1,41,8.45,8.17,0.27999999999999936,0.22490094118394724,0.2868719403321451,0.4842247256661021,0.4842247256661021,0.4842247256661021,1.0,1.0,1.0,1.0,0.5081987506130021,0.9824908453729657,0.0,3.827680957084521,"[5.5434, 5.7820, 2.8858]","[0.1967, 0.1911, 0.2869]","[0.0153, 0.1709, 0.0033]","[5.5408, 5.7648, 2.8618]",[3.3700],[2],"[0, 1]"
33,monoprotic,1,42,7.91,8.17,0.2599999999999998,0.2339272957545068,0.3000253055146731,0.4537547023366981,0.4537547023366981,0.4537547023366981,1.0,1.0,1.0,1.0,0.5039478386309848,0.9829779887191513,0.0,3.2889381715469064,"[5.5380, 5.7939, 2.9162]","[0.1964, 0.2054, 0.3000]","[0.0149, 0.1737, 0.0033]","[5.5399, 5.7667, 2.8661]",[3.3700],[2],"[0, 1]"
33,monoprotic,1,43,8.45,8.17,0.27999999999999936,0.23545151062739467,0.30671966486576246,0.4670740377466429,0.4670740377466429,0.4670740377466429,1.0,1.0,1.0,1.0,0.505890852139943,0.9798586427429038,0.0,3.827182726049795,"[5.5428, 5.8072, 2.9029]","[0.1929, 0.2067, 0.3067]","[0.0185, 0.1747, 0.0040]","[5.5407, 5.7688, 2.8641]",[3.3700],[2],"[0, 1]"
33,monoprotic,1,44,7.91,8.17,0.2599999999999998,0.23509517051443032,0.3148690099692531,0.44332415045913276,0.44332415045913276,0.44332415045913276,1.0,1.0,1.0,1.0,0.5026558860892743,0.9861245808968808,0.0,3.286882380573079,"[5.5335, 5.7989, 2.9267]","[0.1790, 0.2114, 0.3149]","[0.0196, 0.1733, 0.0027]","[5.5392, 5.7674, 2.8673]",[3.3700],[2],"[0, 1]"
33,monoprotic,1,45,8.45,8.17,0.27999999999999936,0.24415374374756937,0.33341795202326,0.44646203058430567,0.44646203058430567,0.44646203058430567,1.0,1.0,1.0,1.0,0.5033122012849085,0.9961835714549998,0.0,3.826752375159412,"[5.5412, 5.8076, 2.9235]","[0.1847, 0.2143, 0.3334]","[0.0196, 0.1763, 0.0008]","[5.5404, 5.7688, 2.8667]",[3.3700],[2],"[0, 1]"
33,monoprotic,1,46,7.91,8.17,0.2599999999999998,0.24032829632957897,0.32082802845529973,0.45316559815277424,0.45316559815277424,0.45316559815277424,1.0,1.0,1.0,1.0,0.5040878641484827,0.999311662111485,0.0,3.286116416649893,"[5.5529, 5.8122, 2.9168]","[0.1805, 0.2196, 0.3208]","[0.0130, 0.1743, 0.0001]","[5.5423, 5.7694, 2.8659]",[3.3700],[2],"[0, 1]"
33,monoprotic,1,47,8.45,8.17,0.27999999999999936,0.22635557434924425,0.29241025068938237,0.41223184619358966,0.41223184619358966,0.41223184619358966,1.0,1.0,1.0,1.0,0.4979229978492601,0.9717499964362408,0.0,3.8254860842600458,"[5.5509, 5.8143, 2.9578]","[0.1710, 0.2156, 0.2924]","[0.0087, 0.1731, 0.0053]","[5.5420, 5.7698, 2.8721]",[3.3700],[2],"[0, 1]"
33,monoprotic,1,48,7.91,8.17,0.2599999999999998,0.23019441959509832,0.2943672700375156,0.42710117452726815,0.42710117452726815,0.42710117452726815,1.0,1.0,1.0,1.0,0.5000818507446838,0.996482960735145,0.0,3.2834422919806094,"[5.5540, 5.8174, 2.9429]","[0.1665, 0.2297, 0.2944]","[0.0092, 0.1712, 0.0006]","[5.5426, 5.7701, 2.8699]",[3.3700],[2],"[0, 1]"
33,monoprotic,1,49,8.45,8.17,0.27999999999999936,0.2293713382618582,0.2835207873086264,0.4255312847322621,0.4255312847322621,0.4255312847322621,1.0,1.0,1.0,1.0,0.4996844979969919,0.968377327099168,0.0,3.8238526385277503,"[5.5545, 5.8186, 2.9445]","[0.1733, 0.2313, 0.2835]","[0.0077, 0.1703, 0.0058]","[5.5426, 5.7703, 2.8703]",[3.3700],[2],"[0, 1]"
33,monoprotic,1,50,7.91,8.17,0.2599999999999998,0.22724900693412972,0.26207770789586277,0.4251064506159894,0.4251064506159894,0.4251064506159894,1.0,1.0,1.0,1.0,0.499275822681875,0.9785081416006769,0.0,3.2836634203232826,"[5.5640, 5.8115, 2.9449]","[0.1799, 0.2397, 0.2621]","[0.0074, 0.1713, 0.0039]","[5.5442, 5.7691, 2.8707]",[3.3700],[2],"[0, 1]"
43,monoprotic,1,0,2.0,5.03,3.0300000000000002,0.20000000000000004,0.2,0.09719793137110999,0.09719793137110999,0.09719793137110999,1.0,1.0,1.0,1.0,0.09719793137110999,0.3589771491113284,0.0,,"[2.7276, 5.2581, 2.2772]","[0.2000, 0.2000, 0.2000]","[0.1040, 0.1464, 0.4470]","[2.7276, 5.2581, 2.2772]",[2.1800],[2],"[0, 1]"
43,monoprotic,1,1,2.52,5.03,2.5100000000000002,0.2031632089793793,0.2124200939228645,0.08520586828293286,0.08520586828293286,0.08520586828293286,1.0,1.0,1.0,1.0,0.09527098420150848,0.3585729403512857,0.0,0.4176371041871607,"[2.7241, 5.2522, 2.2652]","[0.1979, 0.2124, 0.1992]","[0.1038, 0.1461, 0.4470]","[2.7270, 5.2572, 2.2753]",[2.1800],[2],"[0, 1]"
43,monoprotic,1,2,11.75,5.03,6.72,0.203627598825345,0.20940524654913717,0.10002715975260479,0.10002715975260479,0.10002715975260479,1.0,1.0,1.0,1.0,0.09765237958856376,0.3582350723266446,0.0,8.346340072806925,"[2.7330, 5.2582, 2.2800]","[0.2020, 0.2094, 0.1995]","[0.1040, 0.1455, 0.4470]","[2.7285, 5.2581, 2.2777]",[2.1800],[2],"[0, 1]"
43,monoprotic,1,3,3.11,5.03,1.9200000000000004,0.08793088412975987,0.1356203241842848,0.08407331646654148,0.08407331646654148,0.08407331646654148,1.0,1.0,1.0,1.0,0.044022783688569156,0.8522561606605913,0.0,0.10978721441701067,"[2.2641, 4.8309, 1.9699]","[0.0561, 0.0721, 0.1356]","[0.0996, 0.1358, 0.4386]","[2.6401, 5.1788, 2.2240]",[2.1800],[0],"[1, 2]"
43,monoprotic,1,4,4.99,5.03,0.040000000000000036,0.0902398718548586,0.13886532931710238,0.08089886550989656,0.08089886550989656,0.08089886550989656,1.0,1.0,1.0,1.0,0.04443446307934984,0.8515382283068417,1.0,1.7397943839989605,"[2.2609, 4.8289, 1.9712]","[0.0578, 0.0741, 0.1389]","[0.1001, 0.1354, 0.4388]","[2.6396, 5.1786, 2.2244]",[2.1800],[0],"[1, 2]"
46,triprotic,3,0,2.03,3.55,1.52,0.20000000000000004,0.2,1.7942080714016722,1.85599444096543,2.4148130501116145,0.0,0.0,0.0,0.0,1.7942080714016722,0.0,0.0,,"[2.3262, 4.8068, 3.1287]","[0.2000, 0.2000, 0.2000]","[0.4009, 0.0461, 0.4653]","[2.3262, 4.8068, 3.1287]","[3.5878, 5.5435, 6.5130]","[0, 1, 2]",[]
46,triprotic,3,1,3.37,3.55,0.17999999999999972,0.2036993580769059,0.2042896530821604,1.788705724303237,1.8486309511721457,2.395741518134308,0.0,0.0,0.0,0.0,1.7933273787054158,0.0,0.0,1.1289256828650833,"[2.3275, 4.8029, 3.1477]","[0.2041, 0.2043, 0.2027]","[0.4008, 0.0463, 0.4656]","[2.3264, 4.8061, 3.1317]","[3.5878, 5.5435, 6.5130]","[0, 1, 2]",[]
46,triprotic,3,2,3.69,3.55,0.14000000000000012,0.21152997949300512,0.22104222106080498,1.7947411593616918,1.8528760615592317,2.3910688595685996,0.0,0.0,0.0,0.0,1.7942799541840488,0.0,0.0,1.1731832144409418,"[2.3179, 4.7898, 3.1524]","[0.2056, 0.2210, 0.2080]","[0.4004, 0.0461, 0.4657]","[2.3249, 4.8041, 3.1324]","[3.5878, 5.5435, 6.5130]","[0, 1, 2]",[]
46,triprotic,3,3,3.63,3.55,0.08000000000000007,0.21415805643018226,0.2324226884786512,1.795774839562455,1.8516862784264752,2.3787982959515843,0.0,0.0,0.0,0.0,1.7944004484030245,0.0,1.0,1.1614992740750312,"[2.3093, 4.7830, 3.1647]","[0.2098, 0.2324, 0.2002]","[0.4000, 0.0461, 0.4656]","[2.3235, 4.8031, 3.1345]","[3.5878, 5.5435, 6.5130]","[0, 1, 2]",[]
42,diprotic,2,0,1.68,9.88,8.200000000000001,0.20000000000000004,0.2,0.5122233826537974,0.5240942013181976,0.6231374850847367,0.5,1.0,0.0,1.0,0.5122233826537974,0.5841817676524816,0.0,,"[3.2838, 4.2549, 5.9199]","[0.2000, 0.2000, 0.2000]","[0.0326, 0.4540, 0.2905]","[3.2838, 4.2549, 5.9199]","[3.6851, 6.5430]","[0, 2]",[1]
42,diprotic,2,1,4.56,9.88,5.320000000000001,0.19975810973055697,0.20327754989576213,0.5142822576773649,0.5271047078425801,0.6298380124803353,0.5,1.0,0.0,1.0,0.5125514658583594,0.5840900977412056,0.0,0.9069867166131731,"[3.2864, 4.2543, 5.9132]","[0.1988, 0.1972, 0.2033]","[0.0327, 0.4541, 0.2906]","[3.2842, 4.2548, 5.9188]","[3.6851, 6.5430]","[0, 2]",[1]
42,diprotic,2,2,6.7,9.88,3.1800000000000006,0.19870417288398534,0.2058716628183638,0.5210897752198524,0.5332580804565106,0.6343577165513956,0.5,1.0,0.0,1.0,0.5136462079731461,0.5840135054781571,0.0,2.2581086836755278,"[3.2773, 4.2546, 5.9086]","[0.2059, 0.1932, 0.1970]","[0.0328, 0.4540, 0.2905]","[3.2828, 4.2549, 5.9181]","[3.6851, 6.5430]","[0, 2]",[1]
42,diprotic,2,3,11.43,9.88,1.549999999999999,0.19687753122510251,0.2021040459250064,0.5201106676194402,0.5310672906545925,0.6274296344038328,0.5,1.0,0.0,1.0,0.5134869733299727,0.5842072146312901,0.0,6.1815011113137,"[3.2723, 4.2494, 5.9156]","[0.2021, 0.1881, 0.2005]","[0.0327, 0.4538, 0.2902]","[3.2820, 4.2540, 5.9192]","[3.6851, 6.5430]","[0, 2]",[1]
42,diprotic,2,4,7.25,9.88,2.630000000000001,0.20123339908502144,0.20787268220762045,0.5177463192990779,0.5299525909783822,0.630832558678402,0.5,1.0,0.0,1.0,0.5131027926160581,0.5842108403123272,0.0,2.4455734491348267,"[3.2804, 4.2437, 5.9122]","[0.2079, 0.1896, 0.2063]","[0.0328, 0.4538, 0.2902]","[3.2833, 4.2531, 5.9186]","[3.6851, 6.5430]","[0, 2]",[1]
42,diprotic,2,5,7.92,9.88,1.9600000000000009,0.20822138734154325,0.21552116742584973,0.5247021198834381,0.534844074533874,0.628364405473822,0.5,1.0,0.0,1.0,0.5141924997264651,0.5844624496649614,0.0,2.900798814445734,"[3.2641, 4.2285, 5.9146]","[0.2155, 0.1998, 0.2094]","[0.0333, 0.4543, 0.2897]","[3.2807, 4.2507, 5.9190]","[3.6851, 6.5430]","[0, 2]",[1]
42,diprotic,2,6,11.36,9.88,1.4799999999999986,0.21660479380190212,0.22354757247465437,0.5195323188235632,0.5298205792660302,0.6234361970553373,0.5,1.0,0.0,1.0,0.5133640742150483,0.584489180896065,0.0,6.114034651443362,"[3.2695, 4.2146, 5.9196]","[0.2235, 0.2149, 0.2114]","[0.0334, 0.4546, 0.2897]","[3.2816, 4.2486, 5.9198]","[3.6851, 6.5430]","[0, 2]",[1]
42,diprotic,2,7,10.78,9.88,0.8999999999999986,0.22237465638105938,0.2415598284832175,0.5114895810459454,0.5222197127535222,0.6168073709478152,0.5,1.0,0.0,1.0,0.5120918124112681,0.5854926087881265,0.0,5.6478626958280795,"[3.2789, 4.2081, 5.9262]","[0.2416, 0.2165, 0.2090]","[0.0326, 0.4550, 0.2895]","[3.2831, 4.2475, 5.9209]","[3.6851, 6.5430]","[0, 2]",[1]
42,diprotic,2,8,7.93,9.88,1.950000000000001,0.22744175536758934,0.24436220408607365,0.5110407074645298,0.5237102365395169,0.6255387736946174,0.5,1.0,0.0,1.0,0.512051884101957,0.5853989266214873,0.0,2.9112089931219813,"[3.2886, 4.2101, 5.9175]","[0.2444, 0.2302, 0.2077]","[0.0325, 0.4556, 0.2901]","[3.2845, 4.2480, 5.9195]","[3.6851, 6.5430]","[0, 2]",[1]
42,diprotic,2,9,8.57,9.88,1.3100000000000005,0.23390664238129047,0.24535692656119018,0.5046754496531072,0.5178330072120149,0.6206655952503635,0.5,1.0,0.0,1.0,0.5110690991943827,0.5860031073489401,0.0,3.495954917445779,"[3.2964, 4.2126, 5.9223]","[0.2454, 0.2444, 0.2120]","[0.0329, 0.4562, 0.2894]","[3.2857, 4.2485, 5.9203]","[3.6851, 6.5430]","[0, 2]",[1]
42,diprotic,2,10,10.75,9.88,0.8699999999999992,0.23379162022755137,0.24666352513087855,0.5059753086240655,0.5203221481313733,0.6273183137740475,0.5,1.0,0.0,1.0,0.5112890766238491,0.5864296190077027,0.0,5.619299944490194,"[3.3005, 4.2020, 5.9157]","[0.2467, 0.2413, 0.2134]","[0.0331, 0.4561, 0.2885]","[3.2863, 4.2468, 5.9192]","[3.6851, 6.5430]","[0, 2]",[1]
42,diprotic,2,11,10.24,9.88,0.35999999999999943,0.23877703981059958,0.2570569859390606,0.5101189196815172,0.5290716390163379,0.6504595303200489,0.5,1.0,0.0,1.0,0.512014563489984,0.5875409552937096,0.0,5.137796886041761,"[3.3153, 4.1832, 5.8925]","[0.2571, 0.2433, 0.2160]","[0.0315, 0.4557, 0.2884]","[3.2885, 4.2440, 5.9156]","[3.6851, 6.5430]","[0, 2]",[1]
42,diprotic,2,12,8.62,9.88,1.2600000000000016,0.238975577933454,0.25338271265608303,0.5015470686051842,0.5215091944693218,0.6444539539871963,0.5,1.0,0.0,1.0,0.5106664142928277,0.5865389499133066,0.0,3.548077444434165,"[3.3265, 4.1908, 5.8985]","[0.2534, 0.2343, 0.2293]","[0.0327, 0.4557, 0.2885]","[3.2902, 4.2450, 5.9166]","[3.6851, 6.5430]","[0, 2]",[1]
42,diprotic,2,13,9.31,9.88,0.5700000000000003,0.23843157159090586,0.24533803268967275,0.5072245324177469,0.5255712763548765,0.6448778659875956,0.5,1.0,0.0,1.0,0.5114910855942425,0.5858873790758176,0.0,4.223501596078277,"[3.3155, 4.1818, 5.8981]","[0.2453, 0.2378, 0.2322]","[0.0333, 0.4555, 0.2887]","[3.2886, 4.2437, 5.9165]","[3.6851, 6.5430]","[0, 2]",[1]
42,diprotic,2,14,10.24,9.88,0.35999999999999943,0.2381037656887189,0.24341477959251256,0.5106985392779695,0.5300518071686516,0.6526207724273307,0.5,1.0,0.0,1.0,0.5119801473861092,0.5866396237067001,0.0,5.140623884052038,"[3.3163, 4.1915, 5.8904]","[0.2398, 0.2311, 0.2434]","[0.0328, 0.4566, 0.2889]","[3.2888, 4.2451, 5.9154]","[3.6851, 6.5430]","[0, 2]",[1]
42,diprotic,2,15,9.92,9.88,0.03999999999999915,0.2367993963555032,0.244052949780163,0.4982105767391962,0.5179056968114788,0.6396762334017971,0.5,1.0,0.0,1.0,0.5100432199117504,0.5866924622849238,1.0,4.827296631485224,"[3.3284, 4.1796, 5.9033]","[0.2326, 0.2338, 0.2441]","[0.0335, 0.4574, 0.2888]","[3.2907, 4.2433, 5.9173]","[3.6851, 6.5430]","[0, 2]",[1]
48,triprotic,3,0,1.95,3.12,1.1700000000000002,0.20000000000000004,0.2,1.38458674184149,1.747194077233031,2.8872897739519483,0.0,0.6666666666666666,0.0,0.0,1.38458674184149,0.0,0.0,,"[3.2878, 3.7988, 2.6391]","[0.2000, 0.2000, 0.2000]","[0.4364, 0.2413, 0.0060]","[3.2878, 3.7988, 2.6391]","[2.1050, 4.0201, 6.6861]","[0, 1, 2]",[]
48,triprotic,3,1,1.97,3.12,1.1500000000000001,0.2002725144445171,0.20518367018812886,1.3804913257111016,1.745409331065497,2.885964401759817,0.0,0.6666666666666666,0.0,0.0,1.3839281738815892,0.0,0.0,0.7687332706712187,"[3.2865, 3.8001, 2.6269]","[0.1979, 0.2052, 0.1978]","[0.4367, 0.2411, 0.0058]","[3.2876, 3.7990, 2.6371]","[2.1050, 4.0201, 6.6861]","[0, 1, 2]",[]
48,triprotic,3,2,2.59,3.12,0.5300000000000002,0.1970374826796745,0.20287023603991922,1.3857239205134129,1.745841634758275,2.882827255813008,0.0,0.6666666666666666,0.0,0.0,1.384773762034788,0.0,0.0,0.4381418421072887,"[3.2799, 3.8033, 2.6392]","[0.1901, 0.1982, 0.2029]","[0.4365, 0.2412, 0.0059]","[3.2865, 3.7995, 2.6391]","[2.1050, 4.0201, 6.6861]","[0, 1, 2]",[]
48,triprotic,3,3,2.9,3.12,0.2200000000000002,0.20440333574125166,0.20660578616761247,1.3747193291426771,1.7342577742420655,2.8651089742659495,0.0,0.6666666666666666,0.0,0.0,1.3830064509097693,0.0,0.0,0.19230014774948367,"[3.2869, 3.8210, 2.6308]","[0.2066, 0.2006, 0.2060]","[0.4368, 0.2410, 0.0059]","[3.2876, 3.8024, 2.6378]","[2.1050, 4.0201, 6.6861]","[0, 1, 2]",[]
48,triprotic,3,4,3.06,3.12,0.06000000000000005,0.15724142702303723,0.17184976039779978,1.473917553510122,1.9004701613599733,3.110744895695244,0.3333333333333333,0.3333333333333333,0.0,0.0,1.3996487819239807,0.0,1.0,0.058503700708970374,"[2.9778, 3.5754, 2.3737]","[0.1718, 0.1406, 0.1592]","[0.4394, 0.2390, 0.0067]","[3.2363, 3.7604, 2.5944]","[2.1050, 4.0201, 6.6861]","[0, 1, 2]",[]
44,triprotic,3,0,1.86,9.1,7.239999999999999,0.20000000000000004,0.2,1.154520432090249,1.2622699189502546,1.5253386026095006,0.3333333333333333,0.3333333333333333,0.0,0.0,1.154520432090249,0.0,0.0,,"[4.5263, 5.6073, 4.9307]","[0.2000, 0.2000, 0.2000]","[0.0423, 0.0713, 0.0327]","[4.5263, 5.6073, 4.9307]","[3.0010, 4.4978, 7.1126]","[0, 1, 2]",[]
44,triprotic,3,1,3.56,9.1,5.539999999999999,0.2039519317639572,0.2059589560397382,1.156074855067111,1.2627350692712018,1.527184705441753,0.3333333333333333,0.3333333333333333,0.0,0.0,1.1547700677773474,0.0,0.0,1.21074970677495,"[4.5282, 5.6095, 4.9357]","[0.2060, 0.2059, 0.2000]","[0.0423, 0.0710, 0.0328]","[4.5266, 5.6077, 4.9315]","[3.0010, 4.4978, 7.1126]","[0, 1, 2]",[]
44,triprotic,3,2,4.66,9.1,4.4399999999999995,0.20395917566261831,0.20518263689867086,1.1600517112194828,1.2655989560625394,1.5335757052039893,0.3333333333333333,0.3333333333333333,0.0,0.0,1.1554025247889441,0.0,0.0,0.48944964041933403,"[4.5345, 5.6108, 4.9425]","[0.2052, 0.2020, 0.2047]","[0.0421, 0.0708, 0.0331]","[4.5276, 5.6079, 4.9326]","[3.0010, 4.4978, 7.1126]","[0, 1, 2]",[]
44,triprotic,3,3,6.54,9.1,2.5599999999999996,0.20354203241420143,0.20516073608096458,1.1646007230963071,1.268120614506121,1.5394116601085814,0.3333333333333333,0.3333333333333333,0.0,0.0,1.156129613367886,0.0,0.0,1.1172796222008765,"[4.5404, 5.6135, 4.9530]","[0.2052, 0.2019, 0.2035]","[0.0423, 0.0703, 0.0328]","[4.5286, 5.6083, 4.9343]","[3.0010, 4.4978, 7.1126]","[0, 1, 2]",[]
44,triprotic,3,4,7.52,9.1,1.58,0.20961646415728394,0.21275335827860925,1.1689617054711714,1.276009795860771,1.5493161973709686,0.3333333333333333,0.3333333333333333,0.0,0.0,1.1568086977517067,0.0,0.0,1.7416804511845108,"[4.5503, 5.6008, 4.9435]","[0.2128, 0.2070, 0.2091]","[0.0424, 0.0705, 0.0325]","[4.5301, 5.6063, 4.9327]","[3.0010, 4.4978, 7.1126]","[0, 1, 2]",[]
44,triprotic,3,5,10.85,9.1,1.75,0.20870119715225402,0.21282226715209895,1.1716771079025732,1.2745667892953987,1.54274239363422,0.3333333333333333,0.3333333333333333,0.0,0.0,1.1572540177273343,0.0,0.0,0.005121237039565685,"[4.5437, 5.6028, 4.9602]","[0.2128, 0.2118, 0.2015]","[0.0420, 0.0703, 0.0323]","[4.5291, 5.6066, 4.9354]","[3.0010, 4.4978, 7.1126]","[0, 1, 2]",[]
44,triprotic,3,6,7.95,9.1,1.1499999999999995,0.20494906148510364,0.21162962361489157,1.1666240043263045,1.2688525696845327,1.5279287906693018,0.3333333333333333,0.3333333333333333,0.0,0.0,1.1564640576866945,0.0,0.0,1.914200869202614,"[4.5289, 5.6017, 4.9588]","[0.2116, 0.2058, 0.1974]","[0.0422, 0.0699, 0.0329]","[4.5267, 5.6064, 4.9352]","[3.0010, 4.4978, 7.1126]","[0, 1, 2]",[]
44,triprotic,3,7,8.39,9.1,0.7099999999999991,0.20801162927525776,0.2153343473900546,1.1649689477784344,1.2689959845096441,1.5328039406594067,0.3333333333333333,0.3333333333333333,0.0,0.0,1.1561932079562807,0.0,0.0,2.0371337303519255,"[4.5338, 5.6040, 4.9513]","[0.2153, 0.2129, 0.1958]","[0.0425, 0.0697, 0.0314]","[4.5275, 5.6068, 4.9340]","[3.0010, 4.4978, 7.1126]","[0, 1, 2]",[]
44,triprotic,3,8,10.8,9.1,1.700000000000001,0.20646882313801443,0.21911886069477662,1.1670182561019626,1.2678250371219912,1.5296816408810265,0.3333333333333333,0.3333333333333333,0.0,0.0,1.1565367174491064,0.0,0.0,0.0015574425458915186,"[4.5307, 5.6078, 4.9643]","[0.2054, 0.2191, 0.1949]","[0.0421, 0.0703, 0.0320]","[4.5270, 5.6074, 4.9361]","[3.0010, 4.4978, 7.1126]","[0, 1, 2]",[]
44,triprotic,3,9,9.05,9.1,0.049999999999998934,0.2060051834176877,0.2210249218822164,1.1774990514484232,1.275641266593586,1.5355755145720327,0.3333333333333333,0.3333333333333333,0.0,0.0,1.1582229956808903,0.0,1.0,2.1167517781257636,"[4.5365, 5.5994, 4.9815]","[0.2057, 0.2210, 0.1913]","[0.0417, 0.0699, 0.0321]","[4.5279, 5.6061, 4.9389]","[3.0010, 4.4978, 7.1126]","[0, 1, 2]",[]
47,triprotic,3,0,1.6,8.59,6.99,0.20000000000000004,0.2,0.6433127163905491,0.7681054167772208,1.07088298470482,0.3333333333333333,0.6666666666666666,0.0,0.0,0.6433127163905491,0.0,0.0,,"[5.1364, 3.6373, 5.9881]","[0.2000, 0.2000, 0.2000]","[0.1696, 0.0265, 0.0422]","[5.1364, 3.6373, 5.9881]","[2.8513, 5.2094, 7.0590]","[0, 1, 2]",[]
47,triprotic,3,1,3.62,8.59,4.97,0.20097232559618752,0.2088290773036181,0.6503242224179312,0.7745829798128644,1.0872927601522404,0.3333333333333333,0.6666666666666666,0.0,0.0,0.6444492896539661,0.0,0.0,0.6986745902057736,"[5.1274, 3.6330, 5.9717]","[0.2049, 0.2088, 0.1892]","[0.1696, 0.0265, 0.0424]","[5.1349, 3.6366, 5.9854]","[2.8513, 5.2094, 7.0590]","[0, 1, 2]",[]
47,triprotic,3,2,5.26,8.59,3.33,0.20587446284210043,0.22739982561751024,0.6457234489696195,0.7720865607532438,1.087132593754478,0.3333333333333333,0.6666666666666666,0.0,0.0,0.6437276078110133,0.0,0.0,0.618038183301687,"[5.1345, 3.6265, 5.9719]","[0.1987, 0.2274, 0.1916]","[0.1701, 0.0264, 0.0427]","[5.1361, 3.6356, 5.9855]","[2.8513, 5.2094, 7.0590]","[0, 1, 2]",[]
47,triprotic,3,3,6.23,8.59,2.3599999999999994,0.20679167907667573,0.22801779521775248,0.6476146069742176,0.775469254011859,1.0859995815078065,0.3333333333333333,0.6666666666666666,0.0,0.0,0.644008464045494,0.0,0.0,1.086504870578647,"[5.1398, 3.6386, 5.9730]","[0.2000, 0.2280, 0.1923]","[0.1699, 0.0262, 0.0428]","[5.1369, 3.6375, 5.9857]","[2.8513, 5.2094, 7.0590]","[0, 1, 2]",[]
47,triprotic,3,4,6.96,8.59,1.63,0.20874375874928297,0.2319183934221495,0.6571614756547138,0.784723048484732,1.0903802538864111,0.3333333333333333,0.6666666666666666,0.0,0.0,0.6455016515297105,0.0,0.0,1.0920114731788635,"[5.1365, 3.6595, 5.9686]","[0.2030, 0.2319, 0.1914]","[0.1693, 0.0263, 0.0425]","[5.1364, 3.6407, 5.9849]","[2.8513, 5.2094, 7.0590]","[0, 1, 2]",[]
47,triprotic,3,5,7.76,8.59,0.8300000000000001,0.21399415882766917,0.23698220415247265,0.659373219944972,0.7906848642040845,1.10331270348005,0.3333333333333333,0.6666666666666666,0.0,0.0,0.6458334884703403,0.0,0.0,1.077051727324724,"[5.1432, 3.6599, 5.9557]","[0.2025, 0.2370, 0.2025]","[0.1695, 0.0257, 0.0420]","[5.1375, 3.6408, 5.9829]","[2.8513, 5.2094, 7.0590]","[0, 1, 2]",[]
47,triprotic,3,6,10.7,8.59,2.1099999999999994,0.21002789131375885,0.23333696571746926,0.6460352604473711,0.7783584376711831,1.0958780471810128,0.3333333333333333,0.6666666666666666,0.0,0.0,0.6437525942170144,0.0,0.0,0.0027770072221748876,"[5.1502, 3.6343, 5.9631]","[0.1965, 0.2333, 0.2003]","[0.1699, 0.0261, 0.0418]","[5.1386, 3.6369, 5.9841]","[2.8513, 5.2094, 7.0590]","[0, 1, 2]",[]
47,triprotic,3,7,8.16,8.59,0.4299999999999997,0.20644071935967315,0.21923529340216288,0.6551685419408907,0.784933325693242,1.1005594696785108,0.3333333333333333,0.6666666666666666,0.0,0.0,0.6452201851844491,0.0,0.0,1.0758946871757509,"[5.1396, 3.6464, 5.9584]","[0.2074, 0.2192, 0.1927]","[0.1692, 0.0270, 0.0423]","[5.1369, 3.6388, 5.9833]","[2.8513, 5.2094, 7.0590]","[0, 1, 2]",[]
47,triprotic,3,8,8.61,8.59,0.019999999999999574,0.20701194034734827,0.22845994499653005,0.6505802191928652,0.7800457259545476,1.0912979111404413,0.3333333333333333,0.6666666666666666,0.0,0.0,0.6444715928783116,0.0,1.0,1.0745352661609644,"[5.1427, 3.6451, 5.9677]","[0.1980, 0.2285, 0.1946]","[0.1693, 0.0268, 0.0415]","[5.1374, 3.6385, 5.9848]","[2.8513, 5.2094, 7.0590]","[0, 1, 2]",[]
45,monoprotic,1,0,3.1,7.87,4.77,0.20000000000000004,0.2,1.0099835376151072,1.0099835376151072,1.0099835376151072,0.0,0.0,0.0,0.0,1.0099835376151072,0.4390375727074068,0.0,,"[5.2100, 2.5000, 5.5128]","[0.2000, 0.2000, 0.2000]","[0.4032, 0.2239, 0.0916]","[5.2100, 2.5000, 5.5128]",[4.2000],[0],"[1, 2]"
45,monoprotic,1,1,4.8,7.87,3.0700000000000003,0.19716535107739533,0.20117091693725242,1.0198537620367274,1.0198537620367274,1.0198537620367274,0.0,0.0,0.0,0.0,1.0115746128779737,0.43948357297938495,0.0,1.0416655167471616,"[5.2199, 2.4899, 5.5077]","[0.1965, 0.1938, 0.2012]","[0.4034, 0.2240, 0.0923]","[5.2116, 2.4984, 5.5120]",[4.2000],[0],"[1, 2]"
45,monoprotic,1,2,12.08,7.87,4.21,0.1989703369620264,0.20872416495597837,1.016789853749092,1.016789853749092,1.016789853749092,0.0,0.0,0.0,0.0,1.011084277069613,0.43995580025374087,0.0,8.112259023282677,"[5.2168, 2.5132, 5.4908]","[0.1938, 0.1944, 0.2087]","[0.4030, 0.2242, 0.0924]","[5.2111, 2.5022, 5.5093]",[4.2000],[0],"[1, 2]"
45,monoprotic,1,3,11.17,7.87,3.3,0.19634358597423276,0.2076809914511416,1.0223019573675725,1.0223019573675725,1.0223019573675725,0.0,0.0,0.0,0.0,1.0119717583476415,0.43986286833686733,0.0,7.305127787478268,"[5.2223, 2.5063, 5.5053]","[0.1954, 0.1859, 0.2077]","[0.4028, 0.2240, 0.0923]","[5.2120, 2.5011, 5.5116]",[4.2000],[0],"[1, 2]"
45,monoprotic,1,4,4.8,7.87,3.0700000000000003,0.1951634981166139,0.21179138975428255,1.0133327285203437,1.0133327285203437,1.0133327285203437,0.0,0.0,0.0,0.0,1.010521450918672,0.44028838889359173,0.0,1.0390468302182851,"[5.2133, 2.4944, 5.4961]","[0.1996, 0.1741, 0.2118]","[0.4027, 0.2240, 0.0927]","[5.2105, 2.4991, 5.5102]",[4.2000],[0],"[1, 2]"
45,monoprotic,1,5,5.25,7.87,2.62,0.18937371943417355,0.20212448623935927,1.0219539700149012,1.0219539700149012,1.0219539700149012,0.0,0.0,0.0,0.0,1.0119137242511949,0.43967071637238153,0.0,1.4382198913954198,"[5.2220, 2.4956, 5.4910]","[0.1963, 0.1697, 0.2021]","[0.4031, 0.2240, 0.0923]","[5.2119, 2.4993, 5.5093]",[4.2000],[0],"[1, 2]"
45,monoprotic,1,6,11.08,7.87,3.21,0.19561380815058596,0.21772355534734344,1.0165791323516897,1.0165791323516897,1.0165791323516897,0.0,0.0,0.0,0.0,1.0110408598564327,0.4397934588951979,0.0,7.216235647369176,"[5.2166, 2.4804, 5.4997]","[0.2011, 0.1680, 0.2177]","[0.4024, 0.2232, 0.0927]","[5.2110, 2.4968, 5.5108]",[4.2000],[0],"[1, 2]"
45,monoprotic,1,7,5.83,7.87,2.04,0.19548461715431817,0.21839787710192188,1.019691573079279,1.019691573079279,1.019691573079279,0.0,0.0,0.0,0.0,1.0115441729032462,0.440139681281669,0.0,1.9931393539719284,"[5.2197, 2.4705, 5.4935]","[0.1988, 0.1693, 0.2184]","[0.4026, 0.2238, 0.0927]","[5.2115, 2.4951, 5.5098]",[4.2000],[0],"[1, 2]"
45,monoprotic,1,8,10.32,7.87,2.45,0.19876456150281172,0.2194644119271751,1.0113630768041668,1.0113630768041668,1.0113630768041668,0.0,0.0,0.0,0.0,1.010205099701646,0.4394548579991402,0.0,6.471231723837555,"[5.2114, 2.4575, 5.4864]","[0.1996, 0.1773, 0.2195]","[0.4023, 0.2240, 0.0914]","[5.2102, 2.4930, 5.5087]",[4.2000],[0],"[1, 2]"
45,monoprotic,1,9,6.28,7.87,1.5899999999999999,0.20207378342687413,0.22254001260776057,1.0176225698538914,1.0176225698538914,1.0176225698538914,0.0,0.0,0.0,0.0,1.0112022512509888,0.43938889061990977,0.0,2.439151077270508,"[5.2176, 2.4607, 5.4936]","[0.2051, 0.1785, 0.2225]","[0.4026, 0.2244, 0.0911]","[5.2112, 2.4936, 5.5098]",[4.2000],[0],"[1, 2]"
45,monoprotic,1,10,7.24,7.87,0.6299999999999999,0.19921368421124683,0.21780073455491386,1.0191340244975455,1.0191340244975455,1.0191340244975455,0.0,0.0,0.0,0.0,1.0114580253947203,0.43939478128302967,0.0,3.3952640039008113,"[5.2191, 2.4727, 5.4956]","[0.1968, 0.1830, 0.2178]","[0.4033, 0.2241, 0.0920]","[5.2115, 2.4956, 5.5101]",[4.2000],[0],"[1, 2]"
45,monoprotic,1,11,10.31,7.87,2.4400000000000004,0.2012012854395446,0.22929924197225393,1.0026931341894239,1.0026931341894239,1.0026931341894239,0.0,0.0,0.0,0.0,1.0088099819459977,0.43979759151316894,0.0,6.461038851588965,"[5.2027, 2.4897, 5.4914]","[0.1977, 0.1766, 0.2293]","[0.4036, 0.2248, 0.0921]","[5.2088, 2.4983, 5.5095]",[4.2000],[0],"[1, 2]"
45,monoprotic,1,12,9.94,7.87,2.0699999999999994,0.19782213600108198,0.22545470478059984,1.0097716120362747,1.0097716120362747,1.0097716120362747,0.0,0.0,0.0,0.0,1.009949204502262,0.4403761378898213,0.0,6.092544138487428,"[5.2098, 2.4934, 5.4954]","[0.1923, 0.1757, 0.2255]","[0.4034, 0.2251, 0.0923]","[5.2099, 2.4990, 5.5101]",[4.2000],[0],"[1, 2]"
45,monoprotic,1,13,7.24,7.87,0.6299999999999999,0.19752009157723668,0.21983045072990237,1.0126982383859406,1.0126982383859406,1.0126982383859406,0.0,0.0,0.0,0.0,1.010420359181798,0.44015616619981185,0.0,3.3932279467210176,"[5.2127, 2.4943, 5.5040]","[0.1980, 0.1747, 0.2198]","[0.4041, 0.2252, 0.0925]","[5.2104, 2.4991, 5.5115]",[4.2000],[0],"[1, 2]"
45,monoprotic,1,14,9.47,7.87,1.6000000000000005,0.19032150231270273,0.2064300235810487,0.9935542814373921,0.9935542814373921,0.9935542814373921,0.0,1.0,0.0,1.0,1.0073244667556862,0.43846735283490784,0.0,5.622122084982694,"[5.1936, 2.5019, 5.5095]","[0.1931, 0.1714, 0.2064]","[0.4036, 0.2231, 0.0921]","[5.2073, 2.5004, 5.5123]",[4.2000],[0],"[1, 2]"
45,monoprotic,1,15,8.35,7.87,0.47999999999999954,0.19440785895052282,0.20950675792539536,0.9902801150700675,0.9902801150700675,0.9902801150700675,0.0,1.0,0.0,1.0,1.0068031890064306,0.4388629114589143,0.0,4.503388444334268,"[5.1903, 2.5085, 5.5099]","[0.1954, 0.1783, 0.2095]","[0.4034, 0.2241, 0.0913]","[5.2068, 2.5014, 5.5124]",[4.2000],[0],"[1, 2]"
45,monoprotic,1,16,7.24,7.87,0.6299999999999999,0.19854724777085797,0.22750476898857627,0.9819372994376243,0.9819372994376243,0.9819372994376243,0.0,1.0,0.0,1.0,1.0054570886066578,0.43993195487342424,0.0,3.3935014947876336,"[5.1819, 2.4950, 5.5172]","[0.1955, 0.1726, 0.2275]","[0.4023, 0.2237, 0.0922]","[5.2055, 2.4992, 5.5135]",[4.2000],[0],"[1, 2]"
45,monoprotic,1,17,8.35,7.87,0.47999999999999954,0.20011940466043465,0.23192665912823981,0.9769516539517316,0.9769516539517316,0.9769516539517316,0.0,1.0,0.0,1.0,1.0046742149906098,0.4388804793147066,0.0,4.5048339203000065,"[5.1770, 2.4902, 5.5131]","[0.1989, 0.1695, 0.2319]","[0.4020, 0.2232, 0.0913]","[5.2047, 2.4984, 5.5129]",[4.2000],[0],"[1, 2]"
45,monoprotic,1,18,7.24,7.87,0.6299999999999999,0.200995436046004,0.2325085237217418,0.9698027323374259,0.9698027323374259,0.9698027323374259,0.0,1.0,0.0,1.0,1.003559929039631,0.4374170568159133,0.0,3.3960128824785354,"[5.1698, 2.4780, 5.5046]","[0.2034, 0.1671, 0.2325]","[0.4026, 0.2215, 0.0916]","[5.2036, 2.4964, 5.5116]",[4.2000],[0],"[1, 2]"
45,monoprotic,1,19,7.28,7.87,0.5899999999999999,0.20321182944278596,0.23855440539845835,0.9768633035527801,0.9768633035527801,0.9768633035527801,0.0,1.0,0.0,1.0,1.004669341283293,0.4374849601042144,0.0,3.4375363548472526,"[5.1769, 2.4638, 5.5061]","[0.2004, 0.1707, 0.2386]","[0.4032, 0.2224, 0.0912]","[5.2047, 2.4940, 5.5118]",[4.2000],[0],"[1, 2]"
45,monoprotic,1,20,7.33,7.87,0.54,0.2032165387382101,0.22421495733530009,0.9745569048373124,0.9745569048373124,0.9745569048373124,0.0,1.0,0.0,1.0,1.0043255592298106,0.43823992469134054,0.0,3.488092617057264,"[5.1746, 2.4724, 5.5031]","[0.2042, 0.1812, 0.2242]","[0.4033, 0.2215, 0.0931]","[5.2043, 2.4955, 5.5113]",[4.2000],[0],"[1, 2]"
45,monoprotic,1,21,7.39,7.87,0.4800000000000004,0.20318310551831775,0.22237353493339498,0.9814511799565127,0.9814511799565127,0.9814511799565127,0.0,1.0,0.0,1.0,1.0054269856431475,0.43854574571441035,0.0,3.5475041806790975,"[5.1815, 2.4767, 5.4900]","[0.2043, 0.1829, 0.2224]","[0.4031, 0.2213, 0.0936]","[5.2054, 2.4962, 5.5093]",[4.2000],[0],"[1, 2]"
45,monoprotic,1,22,7.46,7.87,0.41000000000000014,0.20037369007642647,0.21237834561737778,0.9778530597581563,0.9778530597581563,0.9778530597581563,0.0,1.0,0.0,1.0,1.0048544324213253,0.4361556571011493,0.0,3.616619499437511,"[5.1779, 2.4862, 5.4802]","[0.2046, 0.1841, 0.2124]","[0.4047, 0.2186, 0.0944]","[5.2049, 2.4978, 5.5077]",[4.2000],[0],"[1, 2]"
45,monoprotic,1,23,7.53,7.87,0.33999999999999986,0.2023574944552966,0.21255646014976898,0.9634359668618595,0.9634359668618595,0.9634359668618595,0.0,1.0,0.0,1.0,1.002560963497424,0.4376625465835604,0.0,3.6861306496150794,"[5.1634, 2.4857, 5.4779]","[0.2055, 0.1890, 0.2126]","[0.4025, 0.2193, 0.0940]","[5.2026, 2.4977, 5.5073]",[4.2000],[0],"[1, 2]"
45,monoprotic,1,24,7.62,7.87,0.25,0.20432134952733494,0.21589083402739911,0.9640953427061945,0.9640953427061945,0.9640953427061945,0.0,1.0,0.0,1.0,1.0027570469489548,0.4370474879794341,0.0,3.7772500322945417,"[5.1641, 2.4817, 5.4760]","[0.2159, 0.1866, 0.2104]","[0.4025, 0.2178, 0.0947]","[5.2028, 2.4971, 5.5070]",[4.2000],[0],"[1, 2]"
45,monoprotic,1,25,7.74,7.87,0.1299999999999999,0.1985888298045568,0.2068228303689562,0.9719127204970182,0.9719127204970182,0.9719127204970182,0.0,1.0,0.0,1.0,1.0038486134306561,0.4348771223867077,0.0,3.8974469758197667,"[5.1719, 2.4930, 5.4770]","[0.1968, 0.1922, 0.2068]","[0.4028, 0.2163, 0.0937]","[5.2038, 2.4989, 5.5071]",[4.2000],[0],"[1, 2]"
45,monoprotic,1,26,7.89,7.87,0.019999999999999574,0.1962337028075676,0.20753035257184568,0.9576236056724827,0.9576236056724827,0.9576236056724827,0.0,1.0,0.0,1.0,1.0015614105789403,0.4314101325815447,1.0,4.045966074205935,"[5.1576, 2.4906, 5.4749]","[0.1983, 0.1829, 0.2075]","[0.4034, 0.2142, 0.0919]","[5.2016, 2.4985, 5.5068]",[4.2000],[0],"[1, 2]"
50,triprotic,3,0,1.85,7.08,5.23,0.20000000000000004,0.2,1.337709458363295,1.365298267257087,1.5575741031080543,0.0,0.3333333333333333,0.0,0.0,1.337709458363295,0.0,0.0,,"[4.4451, 3.5971, 4.7382]","[0.2000, 0.2000, 0.2000]","[0.4799, 0.4986, 0.1072]","[4.4451, 3.5971, 4.7382]","[2.0944, 5.3979, 6.2958]","[0, 1, 2]",[]
50,triprotic,3,1,2.84,7.08,4.24,0.20337014754324811,0.21003143825030435,1.3385025399271437,1.365538164343484,1.5549520904420815,0.0,0.3333333333333333,0.0,0.0,1.3378339663749348,0.0,0.0,1.042481528678909,"[4.4406, 3.5976, 4.7408]","[0.2100, 0.1997, 0.2004]","[0.4799, 0.4983, 0.1075]","[4.4444, 3.5972, 4.7386]","[2.0944, 5.3979, 6.2958]","[0, 1, 2]",[]
50,triprotic,3,2,5.21,7.08,1.87,0.20516184958075678,0.21363917058597798,1.3427551344953172,1.3696648598310643,1.5637497590674645,0.0,0.3333333333333333,0.0,0.0,1.3385133961408908,0.0,0.0,1.0683372603170573,"[4.4356, 3.5965, 4.7320]","[0.2136, 0.2070, 0.1949]","[0.4795, 0.4982, 0.1076]","[4.4436, 3.5970, 4.7372]","[2.0944, 5.3979, 6.2958]","[0, 1, 2]",[]
50,triprotic,3,3,5.59,7.08,1.4900000000000002,0.1946728996521977,0.20058039230376296,1.3428444759618052,1.3696171787463025,1.5519025799871198,0.0,0.3333333333333333,0.0,0.0,1.3385313933003067,0.0,0.0,1.3069856207910924,"[4.4355, 3.6086, 4.7439]","[0.1958, 0.2006, 0.1876]","[0.4794, 0.4982, 0.1078]","[4.4436, 3.5990, 4.7391]","[2.0944, 5.3979, 6.2958]","[0, 1, 2]",[]
50,triprotic,3,4,5.93,7.08,1.1500000000000004,0.20191909897084526,0.20694062196475538,1.3425378063175362,1.3699730044012912,1.553449058415775,0.0,0.3333333333333333,0.0,0.0,1.3384790001693847,0.0,0.0,1.4592365066707131,"[4.4406, 3.6112, 4.7423]","[0.2069, 0.2028, 0.1961]","[0.4795, 0.4985, 0.1075]","[4.4444, 3.5994, 4.7388]","[2.0944, 5.3979, 6.2958]","[0, 1, 2]",[]
50,triprotic,3,5,6.22,7.08,0.8600000000000003,0.20617601399813548,0.2087754115666626,1.3417787073029732,1.370632116043374,1.5586673503680455,0.0,0.3333333333333333,0.0,0.0,1.3383639482505378,0.0,0.0,1.5398879938572643,"[4.4511, 3.6143, 4.7371]","[0.2085, 0.2013, 0.2088]","[0.4791, 0.4983, 0.1075]","[4.4461, 3.5999, 4.7380]","[2.0944, 5.3979, 6.2958]","[0, 1, 2]",[]
50,triprotic,3,6,6.71,7.08,0.3700000000000001,0.20420122012349243,0.21619010353368864,1.3470176792267792,1.3750894859277485,1.5536330503957938,0.0,0.3333333333333333,0.0,0.0,1.3392148610478138,0.0,0.0,1.5638376204669475,"[4.4416, 3.6255, 4.7421]","[0.2004, 0.1960, 0.2162]","[0.4783, 0.4988, 0.1064]","[4.4445, 3.6017, 4.7388]","[2.0944, 5.3979, 6.2958]","[0, 1, 2]",[]
50,triprotic,3,7,7.08,7.08,0.0,0.20731303589676306,0.2238673580730136,1.3355839934225588,1.3623961905071975,1.5375384729954593,0.0,0.3333333333333333,0.0,0.0,1.3374014054369372,0.0,1.0,1.5652581471204758,"[4.4424, 3.6081, 4.7582]","[0.2024, 0.1957, 0.2239]","[0.4773, 0.4989, 0.1067]","[4.4447, 3.5989, 4.7413]","[2.0944, 5.3979, 6.2958]","[0, 1, 2]",[]
51,monoprotic,1,0,1.83,6.55,4.72,0.20000000000000004,0.2,0.7476846916420192,0.7476846916420192,0.7476846916420192,0.0,1.0,0.0,1.0,0.7476846916420192,0.5757886681346898,0.0,,"[2.2222, 3.1123, 5.7226]","[0.2000, 0.2000, 0.2000]","[0.3887, 0.3728, 0.1172]","[2.2222, 3.1123, 5.7226]",[3.8600],[1],"[0, 2]"
51,monoprotic,1,1,4.45,6.55,2.0999999999999996,0.2012717588973728,0.2045643827321378,0.7590720126956607,0.7590720126956607,0.7590720126956607,0.0,1.0,0.0,1.0,0.7495123570685198,0.5757723978047186,0.0,1.9388848303817214,"[2.2352, 3.1009, 5.7206]","[0.1991, 0.2001, 0.2046]","[0.3888, 0.3728, 0.1173]","[2.2243, 3.1105, 5.7223]",[3.8600],[1],"[0, 2]"
51,monoprotic,1,2,11.83,6.55,5.28,0.20262007529827117,0.20978507456854759,0.7491033494891077,0.7491033494891077,0.7491033494891077,0.0,1.0,0.0,1.0,0.7479132034530065,0.5757097453364048,0.0,8.981641813572496,"[2.2383, 3.1109, 5.6982]","[0.2009, 0.1971, 0.2098]","[0.3887, 0.3729, 0.1173]","[2.2248, 3.1121, 5.7187]",[3.8600],[1],"[0, 2]"
51,monoprotic,1,3,5.37,6.55,1.1799999999999997,0.2007287324433368,0.20965421451573563,0.7502485333674778,0.7502485333674778,0.7502485333674778,0.0,1.0,0.0,1.0,0.7481003545087712,0.5757193144173487,0.0,2.6836212737299503,"[2.2419, 3.1098, 5.7005]","[0.2008, 0.1917, 0.2097]","[0.3892, 0.3735, 0.1176]","[2.2253, 3.1119, 5.7191]",[3.8600],[1],"[0, 2]"
51,monoprotic,1,4,11.37,6.55,4.819999999999999,0.2084805323476027,0.2130693731314305,0.7497937395856158,0.7497937395856158,0.7497937395856158,0.0,1.0,0.0,1.0,0.7480204814273819,0.5762185422545976,0.0,8.600878039263188,"[2.2444, 3.1102, 5.7108]","[0.2055, 0.2068, 0.2131]","[0.3894, 0.3732, 0.1180]","[2.2257, 3.1120, 5.7207]",[3.8600],[1],"[0, 2]"
51,monoprotic,1,5,10.75,6.55,4.2,0.21170775726129362,0.2134212370052583,0.7660020487186636,0.7660020487186636,0.7660020487186636,0.0,1.0,0.0,1.0,0.7505844229030485,0.575996295325658,0.0,8.020210020244122,"[2.2444, 3.0940, 5.7128]","[0.2134, 0.2116, 0.2101]","[0.3894, 0.3738, 0.1184]","[2.2257, 3.1094, 5.7210]",[3.8600],[1],"[0, 2]"
51,monoprotic,1,6,5.39,6.55,1.1600000000000001,0.2116881147020406,0.21352101982402652,0.7636372298040528,0.7636372298040528,0.7636372298040528,0.0,1.0,0.0,1.0,0.7502041263142782,0.5761847493768278,0.0,2.700341575182974,"[2.2622, 3.0964, 5.7016]","[0.2086, 0.2135, 0.2129]","[0.3897, 0.3736, 0.1183]","[2.2285, 3.1098, 5.7193]",[3.8600],[1],"[0, 2]"
51,monoprotic,1,7,5.95,6.55,0.5999999999999996,0.20826197749531236,0.21224394984735354,0.7784822344429929,0.7784822344429929,0.7784822344429929,0.0,1.0,0.0,1.0,0.752576431920533,0.5764770262279424,0.0,3.2392507128417494,"[2.2591, 3.0815, 5.6898]","[0.2122, 0.2088, 0.2037]","[0.3903, 0.3735, 0.1181]","[2.2280, 3.1074, 5.7173]",[3.8600],[1],"[0, 2]"
51,monoprotic,1,8,10.7,6.55,4.1499999999999995,0.211761117076708,0.2144479280086827,0.7807822021772757,0.7807822021772757,0.7807822021772757,0.0,1.0,0.0,1.0,0.7529311131395988,0.5772206750362425,0.0,7.970859416574239,"[2.2631, 3.0792, 5.6832]","[0.2144, 0.2105, 0.2104]","[0.3911, 0.3733, 0.1185]","[2.2286, 3.1071, 5.7163]",[3.8600],[1],"[0, 2]"
51,monoprotic,1,9,10.03,6.55,3.4799999999999995,0.21210736186669163,0.21816214995609343,0.7668906290543744,0.7668906290543744,0.7668906290543744,0.0,1.0,0.0,1.0,0.7507346657105334,0.5781050222066897,0.0,7.309867306817322,"[2.2620, 3.0931, 5.6857]","[0.2182, 0.2090, 0.2092]","[0.3913, 0.3725, 0.1190]","[2.2284, 3.1093, 5.7167]",[3.8600],[1],"[0, 2]"
51,monoprotic,1,10,6.0,6.55,0.5499999999999998,0.21120087601495205,0.21623432745871016,0.7522429171375267,0.7522429171375267,0.7522429171375267,0.0,1.0,0.0,1.0,0.7484110752273301,0.5787591481746022,0.0,3.287975291721523,"[2.2644, 3.1078, 5.7016]","[0.2162, 0.2061, 0.2113]","[0.3916, 0.3717, 0.1191]","[2.2288, 3.1116, 5.7192]",[3.8600],[1],"[0, 2]"
51,monoprotic,1,11,6.42,6.55,0.1299999999999999,0.21322903969074666,0.2169940758135829,0.7489433253227489,0.7489433253227489,0.7489433253227489,0.0,1.0,0.0,1.0,0.7478840515378544,0.5790049485168038,0.0,3.702419677823782,"[2.2692, 3.1111, 5.6949]","[0.2116, 0.2111, 0.2170]","[0.3903, 0.3714, 0.1204]","[2.2296, 3.1121, 5.7182]",[3.8600],[1],"[0, 2]"
51,monoprotic,1,12,9.85,6.55,3.3,0.21268666906326036,0.2225685536629953,0.7429133239116714,0.7429133239116714,0.7429133239116714,0.0,1.0,0.0,1.0,0.7469319261938834,0.5795297670197864,0.0,7.127545424178242,"[2.2840, 3.1171, 5.7083]","[0.2011, 0.2144, 0.2226]","[0.3914, 0.3718, 0.1210]","[2.2321, 3.1131, 5.7203]",[3.8600],[1],"[0, 2]"
51,monoprotic,1,13,8.23,6.55,1.6800000000000006,0.2171972588746216,0.23503699053722288,0.7517091290054556,0.7517091290054556,0.7517091290054556,0.0,1.0,0.0,1.0,0.7483181613743568,0.5805332384580083,0.0,5.507706638909877,"[2.3024, 3.1083, 5.7225]","[0.2003, 0.2163, 0.2350]","[0.3933, 0.3720, 0.1215]","[2.2351, 3.1117, 5.7226]",[3.8600],[1],"[0, 2]"
51,monoprotic,1,14,6.6,6.55,0.04999999999999982,0.217936482494542,0.23121418084617337,0.754117593846575,0.754117593846575,0.754117593846575,0.0,1.0,0.0,1.0,0.7486892268129108,0.5807512841185041,1.0,3.8787754810415205,"[2.3121, 3.1059, 5.7068]","[0.1998, 0.2228, 0.2312]","[0.3937, 0.3714, 0.1208]","[2.2366, 3.1113, 5.7201]",[3.8600],[1],"[0, 2]"
52,diprotic,2,0,1.72,8.88,7.160000000000001,0.20000000000000004,0.2,1.6571953085869084,2.256780501717637,3.18910977817405,0.5,0.5,0.0,0.0,1.6571953085869084,0.37909045360720134,0.0,,"[3.1762, 2.1992, 2.9643]","[0.2000, 0.2000, 0.2000]","[0.2224, 0.1154, 0.2062]","[3.1762, 2.1992, 2.9643]","[2.3245, 6.3653]","[0, 1]",[2]
52,diprotic,2,1,3.23,8.88,5.65,0.20317259512956054,0.2116501050238333,1.6486962446496645,2.2512806258832954,3.181688465554773,0.5,0.5,0.0,0.0,1.6558428163751193,0.37975328397902397,0.0,0.6933680453989655,"[3.1836, 2.2087, 2.9625]","[0.2016, 0.2117, 0.1963]","[0.2223, 0.1154, 0.2068]","[3.1774, 2.2007, 2.9640]","[2.3245, 6.3653]","[0, 1]",[2]
52,diprotic,2,2,6.53,8.88,2.3500000000000005,0.20607597147781642,0.21460870103492377,1.6492032083160768,2.255918570801109,3.1884554214914473,0.5,0.5,0.0,0.0,1.6559336717282336,0.37956742952890093,0.0,3.7505510993953797,"[3.1769, 2.2145, 2.9564]","[0.1974, 0.2146, 0.2062]","[0.2225, 0.1157, 0.2069]","[3.1763, 2.2016, 2.9631]","[2.3245, 6.3653]","[0, 1]",[2]
52,diprotic,2,3,7.98,8.88,0.9000000000000004,0.20010657930360906,0.20680133844303736,1.653821815583253,2.2506108930723085,3.18029578991647,0.5,0.5,0.0,0.0,1.6566470189009392,0.3796579508631114,0.0,5.059069534316659,"[3.1850, 2.1971, 2.9431]","[0.1923, 0.2012, 0.2068]","[0.2224, 0.1153, 0.2067]","[3.1776, 2.1988, 2.9610]","[2.3245, 6.3653]","[0, 1]",[2]
52,diprotic,2,4,11.62,8.88,2.7399999999999984,0.20304605088241953,0.20908115901982371,1.6471714812923461,2.243744303969605,3.1707247664823406,0.5,0.5,0.0,0.0,1.6555872300962475,0.3795002904052059,0.0,8.630957027319818,"[3.1946, 2.2008, 2.9403]","[0.2006, 0.1994, 0.2091]","[0.2221, 0.1150, 0.2062]","[3.1792, 2.1994, 2.9605]","[2.3245, 6.3653]","[0, 1]",[2]
52,diprotic,2,5,11.22,8.88,2.34,0.2054952725663047,0.20828246367142084,1.6582612500691278,2.258642764547592,3.1917659824916798,0.5,0.5,0.0,0.0,1.657364333674286,0.3791516220238074,0.0,8.265761601999403,"[3.1736, 2.1997, 2.9452]","[0.2083, 0.2005, 0.2077]","[0.2220, 0.1154, 0.2060]","[3.1758, 2.1993, 2.9613]","[2.3245, 6.3653]","[0, 1]",[2]
52,diprotic,2,6,7.98,8.88,0.9000000000000004,0.19741551670298066,0.20230503455015827,1.65104188446915,2.247367731255525,3.1757459263137187,0.5,0.5,0.0,0.0,1.656200565197664,0.3797565984083985,0.0,5.0591011331602935,"[3.1896, 2.1981, 2.9494]","[0.1942, 0.1957, 0.2023]","[0.2220, 0.1155, 0.2066]","[3.1784, 2.1990, 2.9620]","[2.3245, 6.3653]","[0, 1]",[2]
52,diprotic,2,7,10.64,8.88,1.7599999999999998,0.1936860648382732,0.19914937562307802,1.6485643227476672,2.240738901730766,3.166176427171299,0.5,0.5,0.0,0.0,1.6557879597928407,0.3800781073500201,0.0,7.702022222205997,"[3.1992, 2.1935, 2.9377]","[0.1899, 0.1991, 0.1920]","[0.2226, 0.1153, 0.2071]","[3.1799, 2.1983, 2.9600]","[2.3245, 6.3653]","[0, 1]",[2]
52,diprotic,2,8,8.78,8.88,0.10000000000000142,0.19239065217289322,0.19431916616694822,1.6540385409669578,2.2507459369281753,3.1804768062088202,0.5,0.5,0.0,0.0,1.6566859805625835,0.38061192393721865,0.0,5.850169570390134,"[3.1848, 2.1968, 2.9431]","[0.1943, 0.1905, 0.1924]","[0.2235, 0.1155, 0.2083]","[3.1776, 2.1988, 2.9609]","[2.3245, 6.3653]","[0, 1]",[2]
52,diprotic,2,9,10.15,8.88,1.2699999999999996,0.19383153581167978,0.19591432635206832,1.650658158390482,2.24886034803939,3.177976235649698,0.5,0.5,0.0,0.0,1.656139871069133,0.38210041684836094,0.0,7.2168001472949985,"[3.1874, 2.2011, 2.9338]","[0.1959, 0.1910, 0.1946]","[0.2226, 0.1145, 0.2084]","[3.1780, 2.1995, 2.9594]","[2.3245, 6.3653]","[0, 1]",[2]
52,diprotic,2,10,9.63,8.88,0.75,0.19235274865469346,0.2069341900570745,1.6608192751651893,2.257656360880823,3.19009739868145,0.5,0.5,0.0,0.0,1.6577862998796005,0.3815100810323362,0.0,6.698510784301908,"[3.1752, 2.1929, 2.9346]","[0.1827, 0.1874, 0.2069]","[0.2224, 0.1154, 0.2084]","[3.1761, 2.1981, 2.9596]","[2.3245, 6.3653]","[0, 1]",[2]
52,diprotic,2,11,8.89,8.88,0.009999999999999787,0.18823308596984809,0.20942801395412997,1.6658929566803795,2.2686140625888322,3.205831404105636,0.5,0.5,0.0,0.0,1.6586288094695119,0.38217620160147836,1.0,5.96092683762312,"[3.1595, 2.1985, 2.9371]","[0.1778, 0.1775, 0.2094]","[0.2216, 0.1162, 0.2090]","[3.1735, 2.1991, 2.9600]","[2.3245, 6.3653]","[0, 1]",[2]
53,diprotic,2,0,1.57,2.03,0.45999999999999974,0.20000000000000004,0.2,0.6836153869716093,0.859108020039928,1.2039389332316093,0.5,0.5,0.0,0.0,0.6836153869716093,0.3365881645102745,0.0,,"[5.4635, 3.1081, 2.5044]","[0.2000, 0.2000, 0.2000]","[0.2525, 0.2541, 0.2570]","[5.4635, 3.1081, 2.5044]","[3.2714, 6.6675]","[0, 1]",[2]
53,diprotic,2,1,2.53,2.03,0.5,0.2060341812360196,0.21323166428663543,0.676609078852296,0.8618059671736581,1.210378391824456,0.5,0.5,0.0,0.0,0.6824902085868974,0.3365803586125485,0.0,0.6872722867690029,"[5.4571, 3.1286, 2.5109]","[0.2039, 0.2010, 0.2132]","[0.2523, 0.2545, 0.2571]","[5.4625, 3.1114, 2.5054]","[3.2714, 6.6675]","[0, 1]",[2]
53,diprotic,2,2,2.37,2.03,0.3400000000000003,0.20375358805557683,0.21078674323689112,0.6841870817734284,0.8700778693513572,1.2217031614113845,0.5,0.5,0.0,0.0,0.6836989859766214,0.33631615412871596,0.0,0.7496339428424834,"[5.4458, 3.1248, 2.5153]","[0.2027, 0.1978, 0.2108]","[0.2521, 0.2546, 0.2568]","[5.4607, 3.1108, 2.5061]","[3.2714, 6.6675]","[0, 1]",[2]
53,diprotic,2,3,2.2,2.03,0.17000000000000037,0.2082123607905281,0.21430711991627643,0.6972044065034291,0.8734517271755868,1.2233450105801502,0.5,0.5,0.0,0.0,0.6857764090024123,0.3369728232722281,0.0,0.6785601258277891,"[5.4441, 3.1004, 2.5154]","[0.2113, 0.1990, 0.2143]","[0.2519, 0.2543, 0.2573]","[5.4605, 3.1069, 2.5061]","[3.2714, 6.6675]","[0, 1]",[2]
53,diprotic,2,4,2.05,2.03,0.020000000000000018,0.21616586306320648,0.2281927760470361,0.7018778625172641,0.8807488432792205,1.233936121588469,0.5,0.5,0.0,0.0,0.6865153754953095,0.336716614544647,1.0,0.27704218849539775,"[5.4335, 3.1016, 2.5203]","[0.2084, 0.2119, 0.2282]","[0.2521, 0.2544, 0.2571]","[5.4588, 3.1071, 2.5069]","[3.2714, 6.6675]","[0, 1]",[2]
54,triprotic,3,0,2.01,4.1,2.09,0.20000000000000004,0.2,2.3242005814302495,2.4204379680566848,2.9203964305765227,0.0,0.0,0.0,0.0,2.3242005814302495,0.0,0.0,,"[2.2715, 2.7136, 3.2469]","[0.2000, 0.2000, 0.2000]","[0.1025, 0.1260, 0.4867]","[2.2715, 2.7136, 3.2469]","[3.6508, 5.3865, 6.1673]","[0, 1, 2]",[]
54,triprotic,3,1,3.61,4.1,0.48999999999999977,0.20224745674356,0.21205146795796515,2.326068556879728,2.422311654074945,2.930714865711549,0.0,0.0,0.0,0.0,2.3245045531179738,0.0,0.0,1.476840646136552,"[2.2684, 2.7215, 3.2366]","[0.1883, 0.2121, 0.2064]","[0.1027, 0.1256, 0.4865]","[2.2710, 2.7149, 3.2453]","[3.6508, 5.3865, 6.1673]","[0, 1, 2]",[]
54,triprotic,3,2,3.75,4.1,0.34999999999999964,0.2073540564284572,0.221419522908416,2.3276598332664302,2.4239274470956933,2.940275031528111,0.0,0.0,0.0,0.0,2.3247677285397725,0.0,0.0,1.551841042470187,"[2.2656, 2.7290, 3.2270]","[0.1906, 0.2214, 0.2100]","[0.1023, 0.1253, 0.4856]","[2.2705, 2.7160, 3.2438]","[3.6508, 5.3865, 6.1673]","[0, 1, 2]",[]
54,triprotic,3,3,3.89,4.1,0.20999999999999952,0.2066797656732411,0.22003714832932303,2.327802677178528,2.4226676664597835,2.930716666147986,0.0,0.0,0.0,0.0,2.32479412098342,0.0,0.0,1.6293843943718822,"[2.2596, 2.7251, 3.2366]","[0.1935, 0.2200, 0.2065]","[0.1026, 0.1250, 0.4852]","[2.2696, 2.7154, 3.2453]","[3.6508, 5.3865, 6.1673]","[0, 1, 2]",[]
54,triprotic,3,4,3.98,4.1,0.11999999999999966,0.21312432356520716,0.22841591778496687,2.322372782268396,2.4152608639552495,2.921080707334964,0.0,0.0,0.0,0.0,2.3239475577642517,0.0,0.0,1.6839215457625687,"[2.2533, 2.7380, 3.2462]","[0.2029, 0.2284, 0.2081]","[0.1024, 0.1254, 0.4851]","[2.2686, 2.7174, 3.2468]","[3.6508, 5.3865, 6.1673]","[0, 1, 2]",[]
54,triprotic,3,5,4.03,4.1,0.0699999999999994,0.2159283412883278,0.23877116694032433,2.3183407870434207,2.41109244667038,2.9230698125028516,0.0,0.0,0.0,0.0,2.3233517549657052,0.0,1.0,1.7129447948839518,"[2.2543, 2.7511, 3.2442]","[0.1989, 0.2388, 0.2102]","[0.1027, 0.1258, 0.4844]","[2.2687, 2.7194, 3.2465]","[3.6508, 5.3865, 6.1673]","[0, 1, 2]",[]
55,monoprotic,1,0,1.57,6.3,4.7299999999999995,0.20000000000000004,0.2,0.4428824919443137,0.4428824919443137,0.4428824919443137,1.0,1.0,1.0,1.0,0.4428824919443137,0.6931526275926417,0.0,,"[5.3958, 5.1425, 4.9229]","[0.2000, 0.2000, 0.2000]","[0.4347, 0.2768, 0.3150]","[5.3958, 5.1425, 4.9229]",[4.4800],[2],"[0, 1]"
55,monoprotic,1,1,5.08,6.3,1.2199999999999998,0.19933380983911142,0.20197380619863325,0.4406805384716357,0.4406805384716357,0.4406805384716357,1.0,1.0,1.0,1.0,0.44252985856038585,0.6928844713400839,0.0,0.14824195641092963,"[5.3915, 5.1413, 4.9207]","[0.1954, 0.2006, 0.2020]","[0.4349, 0.2773, 0.3157]","[5.3951, 5.1423, 4.9225]",[4.4800],[2],"[0, 1]"
55,monoprotic,1,2,10.66,6.3,4.36,0.20530740859941418,0.21256301287403012,0.4467113070026594,0.4467113070026594,0.4467113070026594,1.0,1.0,1.0,1.0,0.4434878900762911,0.692962964062068,0.0,5.654294431526214,"[5.3834, 5.1549, 4.9267]","[0.2091, 0.1943, 0.2126]","[0.4347, 0.2771, 0.3154]","[5.3939, 5.1445, 4.9235]",[4.4800],[2],"[0, 1]"
55,monoprotic,1,3,5.45,6.3,0.8499999999999996,0.20525834727928757,0.21405133673253812,0.456546039704679,0.456546039704679,0.456546039704679,1.0,1.0,1.0,1.0,0.44503903420803326,0.6930935991553753,0.0,0.4794391810894014,"[5.3825, 5.1546, 4.9365]","[0.2051, 0.1966, 0.2141]","[0.4352, 0.2770, 0.3154]","[5.3937, 5.1445, 4.9250]",[4.4800],[2],"[0, 1]"
55,monoprotic,1,4,5.82,6.3,0.47999999999999954,0.20105815895437232,0.20579307304964678,0.469415451599728,0.469415451599728,0.469415451599728,1.0,1.0,1.0,1.0,0.4471121837870582,0.6932300038547721,0.0,0.8309329551924023,"[5.3825, 5.1560, 4.9494]","[0.2043, 0.1931, 0.2058]","[0.4353, 0.2771, 0.3153]","[5.3937, 5.1447, 4.9271]",[4.4800],[2],"[0, 1]"
55,monoprotic,1,5,10.61,6.3,4.31,0.1995368020640608,0.20815859027460487,0.4506985300970747,0.4506985300970747,0.4506985300970747,1.0,1.0,1.0,1.0,0.44413964554435115,0.6933083212868799,0.0,5.602734076455235,"[5.3833, 5.1506, 4.9307]","[0.2082, 0.1921, 0.1983]","[0.4349, 0.2765, 0.3147]","[5.3939, 5.1438, 4.9241]",[4.4800],[2],"[0, 1]"
55,monoprotic,1,6,6.24,6.3,0.05999999999999961,0.20101038425297205,0.2038541872505853,0.4518021137361119,0.4518021137361119,0.4518021137361119,1.0,1.0,1.0,1.0,0.4443088286046466,0.6930680567126783,1.0,1.2424913407396527,"[5.3993, 5.1479, 4.9318]","[0.2039, 0.1960, 0.2032]","[0.4348, 0.2759, 0.3147]","[5.3964, 5.1434, 4.9243]",[4.4800],[2],"[0, 1]"
49,triprotic,3,0,2.22,10.13,7.91,0.20000000000000004,0.2,1.1217414428992314,1.3524542910348185,2.183336563706715,0.3333333333333333,0.6666666666666666,0.0,0.0,1.1217414428992314,0.0,0.0,,"[5.9604, 3.3368, 3.1964]","[0.2000, 0.2000, 0.2000]","[0.2438, 0.4815, 0.3475]","[5.9604, 3.3368, 3.1964]","[3.6824, 5.5201, 6.6563]","[0, 1, 2]",[]
49,triprotic,3,1,4.36,10.13,5.7700000000000005,0.2070237625050307,0.21398318404834726,1.1130529505897202,1.3444417181936743,2.1721440292763554,0.3333333333333333,0.6666666666666666,0.0,0.0,1.1203597393004958,0.0,0.0,0.33101155819837036,"[5.9646, 3.3480, 3.2071]","[0.2036, 0.2035, 0.2140]","[0.2439, 0.4815, 0.3476]","[5.9611, 3.3386, 3.1981]","[3.6824, 5.5201, 6.6563]","[0, 1, 2]",[]
49,triprotic,3,2,5.62,10.13,4.510000000000001,0.2115036297207384,0.21995383151050066,1.1007407279935217,1.3328494230073151,2.155455296194908,0.3333333333333333,0.6666666666666666,0.0,0.0,1.1184175273974994,0.0,0.0,1.4332712944643573,"[5.9690, 3.3647, 3.2229]","[0.2102, 0.2044, 0.2200]","[0.2442, 0.4815, 0.3474]","[5.9618, 3.3412, 3.2005]","[3.6824, 5.5201, 6.6563]","[0, 1, 2]",[]
49,triprotic,3,3,6.41,10.13,3.7200000000000006,0.20774971468734352,0.21647012265664314,1.1121731649597117,1.3436127993201668,2.170836034183052,0.3333333333333333,0.6666666666666666,0.0,0.0,1.1202200963992823,0.0,0.0,2.0746834439598025,"[5.9640, 3.3493, 3.2090]","[0.2072, 0.1996, 0.2165]","[0.2444, 0.4816, 0.3475]","[5.9610, 3.3388, 3.1984]","[3.6824, 5.5201, 6.6563]","[0, 1, 2]",[]
49,triprotic,3,4,7.85,10.13,2.280000000000001,0.20653089366251107,0.22472098916941016,1.1069077875382687,1.3422191614079815,2.172651673758643,0.3333333333333333,0.6666666666666666,0.0,0.0,1.1193953394604157,0.0,0.0,3.044369342178106,"[5.9700, 3.3475, 3.2206]","[0.1954, 0.1995, 0.2247]","[0.2440, 0.4812, 0.3475]","[5.9620, 3.3385, 3.2002]","[3.6824, 5.5201, 6.6563]","[0, 1, 2]",[]
49,triprotic,3,5,11.88,10.13,1.75,0.20900289691549948,0.22639409685395775,1.1034793089812902,1.3371930071077436,2.1630605013288435,0.3333333333333333,0.6666666666666666,0.0,0.0,1.118863045215442,0.0,0.0,0.002421259060502834,"[5.9660, 3.3571, 3.2253]","[0.1961, 0.2045, 0.2264]","[0.2441, 0.4823, 0.3476]","[5.9613, 3.3400, 3.2009]","[3.6824, 5.5201, 6.6563]","[0, 1, 2]",[]
49,triprotic,3,6,11.47,10.13,1.3399999999999999,0.20505792108907084,0.21689384678579976,1.102224595953339,1.3363930477796917,2.1613111456326646,0.3333333333333333,0.6666666666666666,0.0,0.0,1.1186544165797006,0.0,0.0,0.002178256660700484,"[5.9598, 3.3588, 3.2335]","[0.1943, 0.2040, 0.2169]","[0.2445, 0.4824, 0.3471]","[5.9603, 3.3403, 3.2022]","[3.6824, 5.5201, 6.6563]","[0, 1, 2]",[]
49,triprotic,3,7,7.85,10.13,2.280000000000001,0.20740078548650068,0.21589132192498456,1.1062896265412532,1.342394404631248,2.1716676370381465,0.3333333333333333,0.6666666666666666,0.0,0.0,1.119304040306757,0.0,0.0,3.041976226866245,"[5.9564, 3.3484, 3.2351]","[0.2010, 0.2053, 0.2159]","[0.2442, 0.4821, 0.3465]","[5.9598, 3.3386, 3.2025]","[3.6824, 5.5201, 6.6563]","[0, 1, 2]",[]
49,triprotic,3,8,10.87,10.13,0.7399999999999984,0.20683109175285294,0.20951117056565124,1.095414790081301,1.3326717972730442,2.1579417731809665,0.3333333333333333,0.6666666666666666,0.0,0.0,1.1175411222466234,0.0,0.0,0.002472917437552624,"[5.9602, 3.3622, 3.2502]","[0.2095, 0.2066, 0.2044]","[0.2444, 0.4819, 0.3469]","[5.9604, 3.3408, 3.2050]","[3.6824, 5.5201, 6.6563]","[0, 1, 2]",[]
49,triprotic,3,9,8.57,10.13,1.5600000000000005,0.20666886015001465,0.20927075403021142,1.1009913624600431,1.3414576405732583,2.172406018010592,0.3333333333333333,0.6666666666666666,0.0,0.0,1.1184267982359797,0.0,0.0,3.340052194595337,"[5.9494, 3.3477, 3.2587]","[0.2093, 0.2061, 0.2046]","[0.2442, 0.4815, 0.3474]","[5.9587, 3.3385, 3.2063]","[3.6824, 5.5201, 6.6563]","[0, 1, 2]",[]
49,triprotic,3,10,10.39,10.13,0.2599999999999998,0.21317364821814888,0.2190634620212768,1.0941430888677142,1.3303014353192066,2.1531710670893696,0.3333333333333333,0.6666666666666666,0.0,0.0,1.1174025878999594,0.0,0.0,0.005947663784027668,"[5.9587, 3.3669, 3.2507]","[0.2070, 0.2135, 0.2191]","[0.2455, 0.4806, 0.3481]","[5.9602, 3.3415, 3.2049]","[3.6824, 5.5201, 6.6563]","[0, 1, 2]",[]
49,triprotic,3,11,9.48,10.13,0.6500000000000004,0.21743405508758618,0.22580198067978066,1.0999123819508438,1.3408572349854353,2.172547825878319,0.3333333333333333,0.6666666666666666,0.0,0.0,1.1183457018174907,0.0,0.0,1.715763549804688,"[5.9540, 3.3476, 3.2575]","[0.2029, 0.2258, 0.2236]","[0.2457, 0.4809, 0.3476]","[5.9594, 3.3385, 3.2059]","[3.6824, 5.5201, 6.6563]","[0, 1, 2]",[]
49,triprotic,3,12,10.08,10.13,0.05000000000000071,0.21666158260731394,0.22796954972007855,1.1019232812203887,1.339227157813113,2.1640132840523574,0.3333333333333333,0.6666666666666666,0.0,0.0,1.118716126851819,0.0,1.0,0.03326471328735359,"[5.9340, 3.3561, 3.2629]","[0.1965, 0.2255, 0.2280]","[0.2444, 0.4811, 0.3478]","[5.9562, 3.3398, 3.2067]","[3.6824, 5.5201, 6.6563]","[0, 1, 2]",[]
56,diprotic,2,0,1.68,10.33,8.65,0.20000000000000004,0.2,0.6835136529288157,0.6856799622992003,0.7379755383032598,0.0,1.0,0.0,1.0,0.6835136529288157,0.6034906553911765,0.0,,"[2.3680, 2.4543, 5.8825]","[0.2000, 0.2000, 0.2000]","[0.4413, 0.0131, 0.2769]","[2.3680, 2.4543, 5.8825]","[3.1923, 6.5116]","[1, 2]",[0]
56,diprotic,2,1,4.11,10.33,6.22,0.20164786266865473,0.21041015301525598,0.6903647423419936,0.6920834302665486,0.7391089417977796,0.0,1.0,0.0,1.0,0.684614873503383,0.6036101831075601,0.0,1.717701176311821,"[2.3835, 2.4531, 5.8700]","[0.2104, 0.1953, 0.1992]","[0.4416, 0.0132, 0.2768]","[2.3705, 2.4541, 5.8805]","[3.1923, 6.5116]","[1, 2]",[0]
56,diprotic,2,2,6.78,10.33,3.55,0.19540203951462196,0.20366774591267153,0.6991278495373403,0.7003716230413127,0.740849071509099,0.0,1.0,0.0,1.0,0.686034379260932,0.603445724838062,0.0,3.8003884281218054,"[2.4015, 2.4514, 5.8542]","[0.2037, 0.1864, 0.1962]","[0.4417, 0.0137, 0.2766]","[2.3734, 2.4538, 5.8780]","[3.1923, 6.5116]","[1, 2]",[0]
56,diprotic,2,3,11.77,10.33,1.4399999999999995,0.20151082989152205,0.2087780386931246,0.6967101088691865,0.698083415759925,0.7404763008274857,0.0,1.0,0.0,1.0,0.6856261110602095,0.602644582065892,0.0,6.529654656052589,"[2.4023, 2.4518, 5.8587]","[0.2088, 0.1924, 0.2034]","[0.4416, 0.0138, 0.2774]","[2.3735, 2.4539, 5.8787]","[3.1923, 6.5116]","[1, 2]",[0]
56,diprotic,2,4,7.71,10.33,2.62,0.20005682091926538,0.20710272594766863,0.6978592638155929,0.6997859356729575,0.749751495145873,0.0,1.0,0.0,1.0,0.685821595189319,0.603548681060845,0.0,4.011302194595337,"[2.3928, 2.4425, 5.8656]","[0.2071, 0.1874, 0.2056]","[0.4425, 0.0136, 0.2771]","[2.3719, 2.4524, 5.8799]","[3.1923, 6.5116]","[1, 2]",[0]
56,diprotic,2,5,11.25,10.33,0.9199999999999999,0.19743974448732385,0.21136929759108317,0.6975769675695047,0.6995982989139496,0.7507197390424549,0.0,1.0,0.0,1.0,0.6857955315243491,0.6034130158805896,0.0,6.504021622240543,"[2.3869, 2.4415, 5.8672]","[0.2114, 0.1848, 0.1962]","[0.4426, 0.0144, 0.2765]","[2.3710, 2.4522, 5.8801]","[3.1923, 6.5116]","[1, 2]",[0]
56,diprotic,2,6,9.81,10.33,0.5199999999999996,0.192928330077474,0.20534758116773502,0.6974291318916841,0.6990258786386727,0.7446497311612865,0.0,1.0,0.0,1.0,0.6857737039545069,0.6037249934293226,0.0,5.591759262084961,"[2.3822, 2.4476, 5.8614]","[0.2053, 0.1800, 0.1934]","[0.4424, 0.0140, 0.2764]","[2.3703, 2.4532, 5.8791]","[3.1923, 6.5116]","[1, 2]",[0]
56,diprotic,2,7,10.94,10.33,0.6099999999999994,0.19565145655518124,0.21428922092976974,0.7117201370506197,0.7132698374497715,0.7587127697952378,0.0,1.0,0.0,1.0,0.6881079887741341,0.6042085690199995,0.0,6.423328387141227,"[2.3720, 2.4335, 5.8469]","[0.2143, 0.1809, 0.1918]","[0.4429, 0.0138, 0.2764]","[2.3686, 2.4509, 5.8768]","[3.1923, 6.5116]","[1, 2]",[0]
56,diprotic,2,8,10.68,10.33,0.34999999999999964,0.19339978993479776,0.22631258754040104,0.7091089884833968,0.7112130968525876,0.7637762692526286,0.0,1.0,0.0,1.0,0.6877370478889722,0.6041272395733917,0.0,6.302279644012451,"[2.3720, 2.4285, 5.8572]","[0.2263, 0.1622, 0.1917]","[0.4425, 0.0145, 0.2755]","[2.3686, 2.4500, 5.8784]","[3.1923, 6.5116]","[1, 2]",[0]
56,diprotic,2,9,9.93,10.33,0.40000000000000036,0.19435424592808967,0.22645929353960334,0.7095747089584092,0.7110118714310915,0.7547589287982133,0.0,1.0,0.0,1.0,0.6877836960463148,0.6053709711311548,0.0,5.70345972508192,"[2.3727, 2.4375, 5.8472]","[0.2265, 0.1657, 0.1909]","[0.4440, 0.0140, 0.2755]","[2.3687, 2.4515, 5.8768]","[3.1923, 6.5116]","[1, 2]",[0]
56,diprotic,2,10,10.44,10.33,0.10999999999999943,0.18971420508444525,0.21829126525166728,0.7074586339095723,0.7087382179835184,0.7500279061285688,0.0,1.0,0.0,1.0,0.6874497841500022,0.605529881804814,0.0,6.136611285209655,"[2.3476, 2.4422, 5.8467]","[0.2183, 0.1662, 0.1847]","[0.4447, 0.0140, 0.2757]","[2.3648, 2.4523, 5.8767]","[3.1923, 6.5116]","[1, 2]",[0]
56,diprotic,2,11,10.25,10.33,0.08000000000000007,0.19127741965379663,0.22963426803517228,0.7088191186178743,0.7103582370268178,0.7555554213559867,0.0,1.0,0.0,1.0,0.6877032661854741,0.6073063307232434,1.0,5.984738513827324,"[2.3258, 2.4367, 5.8495]","[0.2296, 0.1661, 0.1781]","[0.4455, 0.0129, 0.2751]","[2.3615, 2.4513, 5.8771]","[3.1923, 6.5116]","[1, 2]",[0]
57,triprotic,3,0,2.02,5.07,3.0500000000000003,0.20000000000000004,0.2,0.966068130078567,1.3647351957329508,2.3292626928735087,0.6666666666666666,0.6666666666666666,0.0,0.0,0.966068130078567,0.0,0.0,,"[3.1791, 4.6343, 5.5824]","[0.2000, 0.2000, 0.2000]","[0.2472, 0.1196, 0.2069]","[3.1791, 4.6343, 5.5824]","[3.4735, 4.3597, 7.9117]","[0, 1, 2]",[]
57,triprotic,3,1,3.53,5.07,1.5400000000000005,0.19535521167794936,0.19934547138676378,0.9652746335339742,1.3632172591880614,2.326575033792852,0.6666666666666666,0.6666666666666666,0.0,0.0,0.9659317387980341,0.0,0.0,0.17428750099614243,"[3.1963, 4.6518, 5.5851]","[0.1920, 0.1993, 0.1948]","[0.2472, 0.1193, 0.2068]","[3.1819, 4.6371, 5.5829]","[3.4735, 4.3597, 7.9117]","[0, 1, 2]",[]
57,triprotic,3,2,3.81,5.07,1.2600000000000002,0.14706431354121183,0.2151858513011133,1.0204266922171719,1.4179342005189477,2.3965772641778065,0.3333333333333333,0.6666666666666666,0.0,0.0,0.9566562643740456,0.0,0.0,0.0654253544658423,"[3.6226, 4.8753, 5.5151]","[0.0916, 0.1344, 0.2152]","[0.2477, 0.1201, 0.2045]","[3.2597, 4.6761, 5.5718]","[3.4735, 4.3597, 7.9117]","[0, 1, 2]",[]
57,triprotic,3,3,4.11,5.07,0.96,0.16492369648794689,0.20460142807909304,0.9702569652025593,1.4108205135484764,2.408899289887363,0.6666666666666666,0.6666666666666666,0.0,0.0,0.9528710059236182,0.0,0.0,0.11004182636737792,"[3.5786, 4.7565, 5.5028]","[0.0980, 0.1922, 0.2046]","[0.2480, 0.1209, 0.2062]","[3.2512, 4.6541, 5.5697]","[3.4735, 4.3597, 7.9117]","[0, 1, 2]",[]
57,triprotic,3,4,4.58,5.07,0.4900000000000002,0.03694416434448578,0.07272385772295063,0.9574259440392349,1.5311953127655542,2.6448850826673684,0.6666666666666666,0.6666666666666666,0.0,0.0,0.9335251048413628,0.0,0.0,0.09704013176262372,"[3.5084, 4.1673, 5.2668]","[0.0168, 0.0213, 0.0727]","[0.2497, 0.1237, 0.2112]","[3.2439, 4.5429, 5.5239]","[3.4735, 4.3597, 7.9117]","[0, 1, 2]",[]
57,triprotic,3,5,4.97,5.07,0.10000000000000053,0.03888074953630179,0.07641766056289948,0.9586753756651126,1.5326211548187787,2.6473108012622335,0.6666666666666666,0.6666666666666666,0.0,0.0,0.9335602650125896,0.0,0.0,0.15079399783164238,"[3.5092, 4.1667, 5.2644]","[0.0186, 0.0216, 0.0764]","[0.2495, 0.1239, 0.2113]","[3.2439, 4.5428, 5.5237]","[3.4735, 4.3597, 7.9117]","[0, 1, 2]",[]
57,triprotic,3,6,5.22,5.07,0.14999999999999947,0.04006033809315842,0.07936689117459765,0.9580336349302331,1.532699811595687,2.647572574030261,0.6666666666666666,0.6666666666666666,0.0,0.0,0.9336744052085598,0.0,0.0,0.31277945756912207,"[3.5086, 4.1683, 5.2641]","[0.0187, 0.0221, 0.0794]","[0.2487, 0.1246, 0.2111]","[3.2438, 4.5432, 5.5238]","[3.4735, 4.3597, 7.9117]","[0, 1, 2]",[]
57,triprotic,3,7,5.09,5.07,0.019999999999999574,0.040469790665657396,0.0793389715808259,0.9588206895640412,1.5342068046449122,2.6501694437752983,0.6666666666666666,0.6666666666666666,0.0,0.0,0.9338819301535285,0.0,1.0,0.22220924697816358,"[3.5080, 4.1679, 5.2615]","[0.0195, 0.0226, 0.0793]","[0.2487, 0.1243, 0.2108]","[3.2436, 4.5432, 5.5233]","[3.4735, 4.3597, 7.9117]","[0, 1, 2]",[]
58,triprotic,3,0,2.09,9.09,7.0,0.20000000000000004,0.2,1.6608735319499797,2.1917920298079046,3.5135796491680438,0.3333333333333333,0.3333333333333333,0.0,0.0,1.6608735319499797,0.0,0.0,,"[3.9023, 4.1010, 3.1725]","[0.2000, 0.2000, 0.2000]","[0.4238, 0.2396, 0.1296]","[3.9023, 4.1010, 3.1725]","[3.1407, 5.3395, 7.6146]","[0, 1, 2]",[]
58,triprotic,3,1,3.88,9.09,5.21,0.20381411758777504,0.20806783420853928,1.657288225942904,2.187080731851326,3.50493994550881,0.3333333333333333,0.3333333333333333,0.0,0.0,1.6603029391310613,0.0,0.0,0.31909964873455454,"[3.9027, 4.1097, 3.1708]","[0.1987, 0.2081, 0.2047]","[0.4237, 0.2398, 0.1297]","[3.9023, 4.1024, 3.1723]","[3.1407, 5.3395, 7.6146]","[0, 1, 2]",[]
58,triprotic,3,2,5.45,9.09,3.6399999999999997,0.2038642069417144,0.2179039059764214,1.6633744114893887,2.193302260029996,3.5113865803464126,0.3333333333333333,0.3333333333333333,0.0,0.0,1.6612846287797434,0.0,0.0,1.6873381196521224,"[3.8900, 4.1032, 3.1700]","[0.1914, 0.2179, 0.2023]","[0.4235, 0.2400, 0.1300]","[3.9003, 4.1014, 3.1721]","[3.1407, 5.3395, 7.6146]","[0, 1, 2]",[]
58,triprotic,3,3,6.84,9.09,2.25,0.20713444054041696,0.21874642244373996,1.6570511416713147,2.1862244695696247,3.5043548122984225,0.3333333333333333,0.3333333333333333,0.0,0.0,1.6602693941974787,0.0,0.0,2.9214956868998705,"[3.9052, 4.1103, 3.1732]","[0.1937, 0.2187, 0.2090]","[0.4235, 0.2403, 0.1296]","[3.9027, 4.1025, 3.1727]","[3.1407, 5.3395, 7.6146]","[0, 1, 2]",[]
58,triprotic,3,4,7.82,9.09,1.2699999999999996,0.20946246798386528,0.2244690210025535,1.6589680768476376,2.1870265926265557,3.500132972408066,0.3333333333333333,0.3333333333333333,0.0,0.0,1.6605894903373148,0.0,0.0,3.683926966674626,"[3.8912, 4.1145, 3.1692]","[0.2000, 0.2245, 0.2039]","[0.4235, 0.2401, 0.1300]","[3.9005, 4.1031, 3.1720]","[3.1407, 5.3395, 7.6146]","[0, 1, 2]",[]
58,triprotic,3,5,8.58,9.09,0.5099999999999998,0.2106301530439907,0.2290129689904768,1.6574899616666994,2.1870431461607054,3.50383062251787,0.3333333333333333,0.3333333333333333,0.0,0.0,1.6603468849954173,0.0,0.0,4.093167083263397,"[3.9001, 4.1108, 3.1700]","[0.2066, 0.2290, 0.1963]","[0.4234, 0.2408, 0.1297]","[3.9019, 4.1025, 3.1721]","[3.1407, 5.3395, 7.6146]","[0, 1, 2]",[]
58,triprotic,3,6,10.75,9.09,1.6600000000000001,0.20858563997225618,0.223476505984277,1.654245550745703,2.1878353824474663,3.5056214471106824,0.3333333333333333,0.3333333333333333,0.0,0.0,1.6598222753529104,0.0,0.0,0.015603363513946533,"[3.9007, 4.1090, 3.1590]","[0.2012, 0.2235, 0.2011]","[0.4234, 0.2404, 0.1299]","[3.9020, 4.1023, 3.1704]","[3.1407, 5.3395, 7.6146]","[0, 1, 2]",[]
58,triprotic,3,7,9.01,9.09,0.08000000000000007,0.2036873909990018,0.21750993581873557,1.6462833239906438,2.186224959860077,3.5054879159141086,0.3333333333333333,0.3333333333333333,0.0,0.0,1.6583729760274568,0.0,1.0,4.2442319190502165,"[3.9076, 4.1091, 3.1392]","[0.1975, 0.2175, 0.1960]","[0.4235, 0.2401, 0.1289]","[3.9031, 4.1023, 3.1672]","[3.1407, 5.3395, 7.6146]","[0, 1, 2]",[]
62,monoprotic,1,0,1.69,6.45,4.76,0.20000000000000004,0.2,0.8099462721856256,0.8099462721856256,0.8099462721856256,0.0,1.0,0.0,1.0,0.8099462721856256,0.868154750103327,0.0,,"[2.5901, 4.9449, 5.5965]","[0.2000, 0.2000, 0.2000]","[0.0647, 0.0837, 0.3423]","[2.5901, 4.9449, 5.5965]",[3.4000],[0],"[1, 2]"
62,monoprotic,1,1,3.99,6.45,2.46,0.19904914007381155,0.2034609254683344,0.8148809459436852,0.8148809459436852,0.8148809459436852,0.0,1.0,0.0,1.0,0.8107395931927117,0.868371822852718,0.0,0.8222619646787646,"[2.5851, 4.9403, 5.5920]","[0.1988, 0.2035, 0.1949]","[0.0646, 0.0837, 0.3427]","[2.5893, 4.9441, 5.5958]",[3.4000],[0],"[1, 2]"
62,monoprotic,1,2,11.94,6.45,5.489999999999999,0.2012152170005291,0.20194656836526906,0.8093678037483429,0.8093678037483429,0.8093678037483429,0.0,1.0,0.0,1.0,0.8098536201211632,0.8689601975159899,0.0,7.62299813568592,"[2.5906, 4.9471, 5.5955]","[0.2019, 0.1998, 0.2019]","[0.0643, 0.0838, 0.3425]","[2.5901, 4.9452, 5.5964]",[3.4000],[0],"[1, 2]"
62,monoprotic,1,3,5.54,6.45,0.9100000000000001,0.20667868526126398,0.21434742460003559,0.7966047342747204,0.7966047342747204,0.7966047342747204,0.0,1.0,0.0,1.0,0.8078413081996922,0.8686779926033913,0.0,1.7894956068694592,"[2.6034, 4.9294, 5.6041]","[0.2143, 0.1988, 0.2069]","[0.0645, 0.0839, 0.3426]","[2.5922, 4.9424, 5.5977]",[3.4000],[0],"[1, 2]"
62,monoprotic,1,4,11.56,6.45,5.11,0.20891730636323114,0.21872912686525173,0.8023105757752238,0.8023105757752238,0.8023105757752238,0.0,1.0,0.0,1.0,0.8087479358169478,0.870585907411526,0.0,7.489676963016391,"[2.5977, 4.9168, 5.6228]","[0.2187, 0.2014, 0.2066]","[0.0633, 0.0834, 0.3424]","[2.5913, 4.9404, 5.6007]",[3.4000],[0],"[1, 2]"
62,monoprotic,1,5,11.22,6.45,4.7700000000000005,0.20802907953271402,0.21204813324270738,0.7880453126714548,0.7880453126714548,0.7880453126714548,0.0,1.0,0.0,1.0,0.8064812165520485,0.8708412933036515,0.0,7.303298597484828,"[2.6120, 4.9250, 5.6156]","[0.2120, 0.2120, 0.2000]","[0.0633, 0.0837, 0.3429]","[2.5935, 4.9417, 5.5996]",[3.4000],[0],"[1, 2]"
62,monoprotic,1,6,5.54,6.45,0.9100000000000001,0.21051921549267383,0.21314532127036592,0.7843355581595692,0.7843355581595692,0.7843355581595692,0.0,1.0,0.0,1.0,0.8058996519422998,0.8695128108562133,0.0,1.7882378724962473,"[2.6157, 4.9343, 5.6093]","[0.2131, 0.2110, 0.2074]","[0.0639, 0.0830, 0.3429]","[2.5941, 4.9432, 5.5986]",[3.4000],[0],"[1, 2]"
62,monoprotic,1,7,10.82,6.45,4.37,0.21031752235654236,0.21693589481554953,0.8031722738571192,0.8031722738571192,0.8031722738571192,0.0,1.0,0.0,1.0,0.8088571252044581,0.8703889152207471,0.0,6.982719132378698,"[2.5968, 4.9396, 5.6031]","[0.1987, 0.2169, 0.2154]","[0.0633, 0.0830, 0.3423]","[2.5911, 4.9441, 5.5976]",[3.4000],[0],"[1, 2]"
62,monoprotic,1,8,10.32,6.45,3.87,0.20958848453173495,0.22368519627941996,0.8065395798123136,0.8065395798123136,0.8065395798123136,0.0,1.0,0.0,1.0,0.8093951179139554,0.8694487170314167,0.0,6.5240628716349605,"[2.5935, 4.9486, 5.6035]","[0.1934, 0.2237, 0.2116]","[0.0639, 0.0823, 0.3430]","[2.5906, 4.9455, 5.5976]",[3.4000],[0],"[1, 2]"
62,monoprotic,1,9,5.6,6.45,0.8500000000000005,0.210778674474824,0.22105483594645825,0.7980481320952699,0.7980481320952699,0.7980481320952699,0.0,1.0,0.0,1.0,0.8080245138676379,0.870387781079838,0.0,1.8444945145398375,"[2.6020, 4.9656, 5.6046]","[0.1948, 0.2211, 0.2164]","[0.0635, 0.0828, 0.3439]","[2.5920, 4.9481, 5.5978]",[3.4000],[0],"[1, 2]"
62,monoprotic,1,10,6.45,6.45,0.0,0.21130759070061153,0.23141395488225594,0.801978518903804,0.801978518903804,0.801978518903804,0.0,1.0,0.0,1.0,0.8086432039425695,0.871311423240971,1.0,2.6736028481274845,"[2.5980, 4.9610, 5.6143]","[0.1843, 0.2314, 0.2182]","[0.0633, 0.0840, 0.3444]","[2.5914, 4.9474, 5.5993]",[3.4000],[0],"[1, 2]"
61,diprotic,2,0,1.63,9.56,7.930000000000001,0.20000000000000004,0.2,0.9493757706708845,1.000260343684997,1.2643462474014702,0.0,0.5,0.0,0.0,0.9493757706708845,0.4161579987118529,0.0,,"[5.3217, 2.3495, 4.6450]","[0.2000, 0.2000, 0.2000]","[0.3018, 0.1800, 0.2435]","[5.3217, 2.3495, 4.6450]","[3.6138, 4.0106]","[1, 2]",[0]
61,diprotic,2,1,3.73,9.56,5.83,0.17399940345255782,0.20291025042550614,0.9820072612641859,1.0413471279247999,1.3285120659374292,0.0,0.5,0.0,0.0,0.9548651921513285,0.41641506120229715,0.0,0.011733148694038409,"[5.2509, 2.2853, 4.6461]","[0.1596, 0.1595, 0.2029]","[0.3019, 0.1798, 0.2432]","[5.3098, 2.3387, 4.6452]","[3.6138, 4.0106]","[1, 2]",[0]
61,diprotic,2,2,4.39,9.56,5.170000000000001,0.1750181899492436,0.20007817984440504,0.977017170809402,1.0377079730969212,1.326696002557211,0.0,0.5,0.0,0.0,0.9540276706969795,0.4164554907978328,0.0,0.37757435334846345,"[5.2458, 2.2871, 4.6379]","[0.1606, 0.1644, 0.2001]","[0.3021, 0.1800, 0.2433]","[5.3090, 2.3390, 4.6439]","[3.6138, 4.0106]","[1, 2]",[0]
61,diprotic,2,3,12.04,9.56,2.4799999999999986,0.1765109624352539,0.20422951539218534,0.9813929096034273,1.0445585438744986,1.339122568090576,0.0,0.5,0.0,0.0,0.9547852674519686,0.4162774352119715,0.0,7.521024168431758,"[5.2489, 2.2747, 4.6343]","[0.1620, 0.1633, 0.2042]","[0.3019, 0.1799, 0.2435]","[5.3095, 2.3369, 4.6433]","[3.6138, 4.0106]","[1, 2]",[0]
61,diprotic,2,4,6.27,9.56,3.290000000000001,0.1764166547129299,0.2009297089310665,0.9816119587103194,1.041188726006176,1.3287602349256198,0.0,0.5,0.0,0.0,0.9547576916705012,0.41649839434889263,0.0,2.069464354291558,"[5.2472, 2.2851, 4.6451]","[0.1616, 0.1667, 0.2009]","[0.3019, 0.1795, 0.2434]","[5.3092, 2.3387, 4.6450]","[3.6138, 4.0106]","[1, 2]",[0]
61,diprotic,2,5,11.66,9.56,2.0999999999999996,0.1779333943690454,0.2052743986685605,0.9867773074604311,1.0482029364687924,1.3403306153263608,0.0,0.5,0.0,0.0,0.9556092581099307,0.41677476555654236,0.0,7.324034748449922,"[5.2555, 2.2735, 4.6438]","[0.1597, 0.1688, 0.2053]","[0.3019, 0.1791, 0.2435]","[5.3106, 2.3368, 4.6448]","[3.6138, 4.0106]","[1, 2]",[0]
61,diprotic,2,6,11.34,9.56,1.7799999999999994,0.1860136815049741,0.22210139243199012,0.9892392759767272,1.0503599839536233,1.3423139858556654,0.0,0.5,0.0,0.0,0.95599950558716,0.4169962136112464,0.0,7.076015473492443,"[5.2509, 2.2715, 4.6468]","[0.1662, 0.1697, 0.2221]","[0.3019, 0.1790, 0.2431]","[5.3099, 2.3365, 4.6453]","[3.6138, 4.0106]","[1, 2]",[0]
61,diprotic,2,7,6.35,9.56,3.210000000000001,0.18292745731591473,0.22330025178772414,0.9963636707545864,1.0560312252206128,1.346308501037011,0.0,0.5,0.0,0.0,0.9571518888520769,0.41759167418286786,0.0,2.148109567724168,"[5.2563, 2.2675, 4.6570]","[0.1583, 0.1672, 0.2233]","[0.3021, 0.1787, 0.2427]","[5.3107, 2.3358, 4.6469]","[3.6138, 4.0106]","[1, 2]",[0]
61,diprotic,2,8,11.0,9.56,1.4399999999999995,0.18534067697219767,0.22700529120147758,0.9898686968331716,1.0499919624583578,1.3400730432610137,0.0,0.5,0.0,0.0,0.9560864899337802,0.41858011674876316,0.0,6.767551328055561,"[5.2502, 2.2738, 4.6503]","[0.1596, 0.1694, 0.2270]","[0.3028, 0.1779, 0.2427]","[5.3097, 2.3369, 4.6458]","[3.6138, 4.0106]","[1, 2]",[0]
61,diprotic,2,9,10.66,9.56,1.0999999999999996,0.1864216329698588,0.23280118955015452,0.9890487272559434,1.0491234495978217,1.3389667570992652,0.0,0.5,0.0,0.0,0.9559836081248736,0.4178485903351553,0.0,6.442827540300787,"[5.2457, 2.2749, 4.6497]","[0.1617, 0.1648, 0.2328]","[0.3029, 0.1783, 0.2436]","[5.3090, 2.3370, 4.6457]","[3.6138, 4.0106]","[1, 2]",[0]
61,diprotic,2,10,6.45,9.56,3.1100000000000003,0.18946370338209576,0.2349424728614955,0.9873513142399319,1.050495497645817,1.3460687139333563,0.0,0.5,0.0,0.0,0.9557593956475647,0.4173398104600685,0.0,2.2474894363433124,"[5.2400, 2.2678, 4.6392]","[0.1674, 0.1660, 0.2349]","[0.3029, 0.1784, 0.2444]","[5.3081, 2.3358, 4.6441]","[3.6138, 4.0106]","[1, 2]",[0]
61,diprotic,2,11,10.24,9.56,0.6799999999999997,0.19373175176632063,0.249702432837799,0.9781487845910146,1.0440785433626463,1.343285690303634,0.0,0.5,0.0,0.0,0.954337878104843,0.4172456478901879,0.0,6.031829947847873,"[5.2424, 2.2705, 4.6236]","[0.1632, 0.1683, 0.2497]","[0.3026, 0.1790, 0.2437]","[5.3084, 2.3363, 4.6418]","[3.6138, 4.0106]","[1, 2]",[0]
61,diprotic,2,12,9.63,9.56,0.07000000000000028,0.19237451239652972,0.24632848080914516,0.9771175985646485,1.0444411925252834,1.346033040392299,0.0,0.5,0.0,0.0,0.9542303160134606,0.4169873505398305,1.0,5.425797728002072,"[5.2533, 2.2678, 4.6188]","[0.1670, 0.1638, 0.2463]","[0.3029, 0.1795, 0.2440]","[5.3103, 2.3358, 4.6410]","[3.6138, 4.0106]","[1, 2]",[0]
63,triprotic,3,0,1.74,4.0,2.26,0.20000000000000004,0.2,2.0969003231210857,2.616730582759765,3.9437179692863333,0.3333333333333333,0.3333333333333333,0.0,0.0,2.0969003231210857,0.0,0.0,,"[3.2181, 2.8112, 2.3056]","[0.2000, 0.2000, 0.2000]","[0.2299, 0.1402, 0.0670]","[3.2181, 2.8112, 2.3056]","[2.1891, 5.0417, 7.1618]","[0, 1, 2]",[]
63,triprotic,3,1,2.33,4.0,1.67,0.20838614687730292,0.2123784546137486,2.1043518960039367,2.6184663870216314,3.947809762568076,0.3333333333333333,0.3333333333333333,0.0,0.0,2.0980812266262467,0.0,0.0,0.1659839163348078,"[3.2140, 2.8135, 2.3261]","[0.2021, 0.2106, 0.2124]","[0.2299, 0.1403, 0.0669]","[3.2174, 2.8115, 2.3088]","[2.1891, 5.0417, 7.1618]","[0, 1, 2]",[]
63,triprotic,3,2,2.96,4.0,1.04,0.20917117205863323,0.21461864659272537,2.1028500688819918,2.617535641134367,3.9494347581816935,0.3333333333333333,0.3333333333333333,0.0,0.0,2.097849023872294,0.0,0.0,0.34415014452766624,"[3.2123, 2.8196, 2.3262]","[0.2028, 0.2146, 0.2101]","[0.2306, 0.1404, 0.0668]","[3.2171, 2.8125, 2.3088]","[2.1891, 5.0417, 7.1618]","[0, 1, 2]",[]
63,triprotic,3,3,3.93,4.0,0.06999999999999984,0.21268351339500127,0.2218151481122992,2.1034449743865027,2.6162874322349023,3.9517459329119835,0.3333333333333333,0.3333333333333333,0.0,0.0,2.0979499785132045,0.0,1.0,1.2539460883196445,"[3.2100, 2.8287, 2.3347]","[0.2036, 0.2218, 0.2126]","[0.2308, 0.1403, 0.0672]","[3.2168, 2.8139, 2.3102]","[2.1891, 5.0417, 7.1618]","[0, 1, 2]",[]
59,monoprotic,1,0,1.63,5.98,4.3500000000000005,0.20000000000000004,0.2,0.007595593054224192,0.007595593054224192,0.007595593054224192,1.0,1.0,1.0,1.0,0.007595593054224192,0.6995950781732572,0.0,,"[3.7816, 2.4924, 4.4664]","[0.2000, 0.2000, 0.2000]","[0.3912, 0.2220, 0.1259]","[3.7816, 2.4924, 4.4664]",[2.5000],[1],"[0, 2]"
59,monoprotic,1,1,3.06,5.98,2.9200000000000004,0.16319731548614527,0.19929472781544882,0.20805238995557174,0.20805238995557174,0.20805238995557174,1.0,1.0,1.0,1.0,0.029335129133157167,0.7002119578448435,0.0,0.04105420288629835,"[4.0073, 2.7081, 4.4661]","[0.1456, 0.1447, 0.1993]","[0.3914, 0.2215, 0.1259]","[3.8202, 2.5293, 4.4663]",[2.5000],[1],"[0, 2]"
59,monoprotic,1,2,12.02,5.98,6.039999999999999,0.16993324747346836,0.20978488891101696,0.2179864493615038,0.2179864493615038,0.2179864493615038,1.0,1.0,1.0,1.0,0.03078742239211829,0.699869538043668,0.0,8.755150600085035,"[4.0003, 2.7180, 4.4747]","[0.1496, 0.1504, 0.2098]","[0.3910, 0.2216, 0.1258]","[3.8189, 2.5308, 4.4677]",[2.5000],[1],"[0, 2]"
59,monoprotic,1,3,9.57,5.98,3.59,0.16961452767449,0.20191395335293696,0.22257424623368038,0.22257424623368038,0.22257424623368038,1.0,1.0,1.0,1.0,0.031596192987785265,0.699594811597085,0.0,6.407284091394395,"[3.9968, 2.7226, 4.4639]","[0.1572, 0.1497, 0.2019]","[0.3907, 0.2217, 0.1255]","[3.8179, 2.5316, 4.4660]",[2.5000],[1],"[0, 2]"
59,monoprotic,1,4,3.08,5.98,2.9000000000000004,0.1497080107932858,0.21206755694247684,0.31505925359927245,0.31505925359927245,0.31505925359927245,1.0,1.0,1.0,1.0,0.04956231493322205,0.7000963960200444,0.0,0.021286505665630173,"[4.1090, 2.8151, 4.4792]","[0.1223, 0.1148, 0.2121]","[0.3916, 0.2217, 0.1260]","[3.8391, 2.5496, 4.4684]",[2.5000],[1],"[0, 2]"
59,monoprotic,1,5,3.43,5.98,2.5500000000000003,0.14999813638685325,0.20254459519178938,0.3225044935362922,0.3225044935362922,0.3225044935362922,1.0,1.0,1.0,1.0,0.050722435393029563,0.6990076803074348,0.0,0.2992459843587132,"[4.1113, 2.8225, 4.4801]","[0.1303, 0.1172, 0.2025]","[0.3916, 0.2229, 0.1260]","[3.8390, 2.5507, 4.4686]",[2.5000],[1],"[0, 2]"
59,monoprotic,1,6,9.49,5.98,3.51,0.1496871848710635,0.20460838389807048,0.31897282089452306,0.31897282089452306,0.31897282089452306,1.0,1.0,1.0,1.0,0.050385233439332655,0.6980920931652393,0.0,6.307070887424052,"[4.1078, 2.8190, 4.4723]","[0.1317, 0.1127, 0.2046]","[0.3902, 0.2232, 0.1259]","[3.8383, 2.5504, 4.4673]",[2.5000],[1],"[0, 2]"
59,monoprotic,1,7,3.77,5.98,2.2100000000000004,0.148324762266605,0.2065263637129795,0.3217397686845018,0.3217397686845018,0.3217397686845018,1.0,1.0,1.0,1.0,0.051151843219002124,0.6978888218487371,0.0,0.6127572138607502,"[4.1123, 2.8217, 4.4866]","[0.1299, 0.1085, 0.2065]","[0.3905, 0.2238, 0.1266]","[3.8392, 2.5512, 4.4696]",[2.5000],[1],"[0, 2]"
59,monoprotic,1,8,4.08,5.98,1.9000000000000004,0.1509168953948023,0.20563784826006615,0.3249077114326031,0.3249077114326031,0.3249077114326031,1.0,1.0,1.0,1.0,0.05141534081209409,0.6979250572217373,0.0,0.9093191911652685,"[4.1093, 2.8249, 4.4875]","[0.1340, 0.1131, 0.2056]","[0.3901, 0.2236, 0.1265]","[3.8384, 2.5514, 4.4698]",[2.5000],[1],"[0, 2]"
59,monoprotic,1,9,7.53,5.98,1.5499999999999998,0.15304674015986078,0.20855097351397378,0.3300146820936676,0.3300146820936676,0.3300146820936676,1.0,1.0,1.0,1.0,0.05204555205654193,0.6984780483274785,0.0,4.347040688591078,"[4.1120, 2.8300, 4.4725]","[0.1333, 0.1173, 0.2086]","[0.3892, 0.2227, 0.1268]","[3.8389, 2.5520, 4.4674]",[2.5000],[1],"[0, 2]"
59,monoprotic,1,10,4.4,5.98,1.58,0.15214048741095929,0.21255197106477575,0.3262218289069061,0.3262218289069061,0.3262218289069061,1.0,1.0,1.0,1.0,0.051488081892648196,0.6989812506252854,0.0,1.2225804883986715,"[4.1112, 2.8262, 4.4559]","[0.1283, 0.1155, 0.2126]","[0.3897, 0.2227, 0.1274]","[3.8391, 2.5515, 4.4647]",[2.5000],[1],"[0, 2]"
59,monoprotic,1,11,4.68,5.98,1.3000000000000007,0.15141299250695509,0.21197338013931655,0.3263622655972691,0.3263622655972691,0.3263622655972691,1.0,1.0,1.0,1.0,0.05139235973028722,0.6995677750594808,0.0,1.5000541227124629,"[4.1143, 2.8264, 4.4638]","[0.1249, 0.1174, 0.2120]","[0.3891, 0.2221, 0.1281]","[3.8399, 2.5514, 4.4660]",[2.5000],[1],"[0, 2]"
59,monoprotic,1,12,5.58,5.98,0.40000000000000036,0.1549417178866782,0.22793578406835455,0.32400111300056444,0.32400111300056444,0.32400111300056444,1.0,1.0,1.0,1.0,0.05115408106522468,0.6998237015509337,0.0,2.396860140999779,"[4.1175, 2.8240, 4.4552]","[0.1223, 0.1146, 0.2279]","[0.3874, 0.2209, 0.1277]","[3.8406, 2.5512, 4.4647]",[2.5000],[1],"[0, 2]"
59,monoprotic,1,13,10.25,5.98,4.27,0.1548703232002303,0.2291840022900465,0.3262573230292505,0.3262573230292505,0.3262573230292505,1.0,1.0,1.0,1.0,0.05153038505331775,0.6988749458136235,0.0,7.06387533294037,"[4.1257, 2.8263, 4.4612]","[0.1204, 0.1150, 0.2292]","[0.3870, 0.2225, 0.1294]","[3.8422, 2.5515, 4.4656]",[2.5000],[1],"[0, 2]"
59,monoprotic,1,14,9.95,5.98,3.969999999999999,0.1563823877929308,0.2279997787863908,0.3236521184972343,0.3236521184972343,0.3236521184972343,1.0,1.0,1.0,1.0,0.05082382728033341,0.6995467084160134,0.0,6.764120505936443,"[4.1246, 2.8237, 4.4661]","[0.1224, 0.1187, 0.2280]","[0.3877, 0.2221, 0.1295]","[3.8419, 2.5508, 4.4664]",[2.5000],[1],"[0, 2]"
59,monoprotic,1,15,7.53,5.98,1.5499999999999998,0.1604206652998043,0.2348982063418894,0.31986356745947786,0.31986356745947786,0.31986356745947786,1.0,1.0,1.0,1.0,0.05021654875095516,0.6996124003628388,0.0,4.345761637873948,"[4.1305, 2.8199, 4.4751]","[0.1286, 0.1178, 0.2349]","[0.3884, 0.2222, 0.1291]","[3.8425, 2.5502, 4.4677]",[2.5000],[1],"[0, 2]"
59,monoprotic,1,16,5.1,5.98,0.8800000000000008,0.15719347380030885,0.2238342466461317,0.3224358536740288,0.3224358536740288,0.3224358536740288,1.0,1.0,1.0,1.0,0.05065976906858838,0.6996502511978795,0.0,1.9168926981743422,"[4.1380, 2.8224, 4.4693]","[0.1298, 0.1180, 0.2238]","[0.3890, 0.2225, 0.1293]","[3.8437, 2.5507, 4.4668]",[2.5000],[1],"[0, 2]"
59,monoprotic,1,17,5.28,5.98,0.7000000000000002,0.15217296656670995,0.21414854645704046,0.3188897988174326,0.3188897988174326,0.3188897988174326,1.0,1.0,1.0,1.0,0.050070782427320104,0.7002133095653006,0.0,2.0957456754706802,"[4.1437, 2.8189, 4.4720]","[0.1250, 0.1174, 0.2141]","[0.3895, 0.2225, 0.1302]","[3.8450, 2.5501, 4.4673]",[2.5000],[1],"[0, 2]"
59,monoprotic,1,18,5.58,5.98,0.40000000000000036,0.1518114764704522,0.22073467233125701,0.31868643206209457,0.31868643206209457,0.31868643206209457,1.0,1.0,1.0,1.0,0.050391726076510324,0.7006821441739792,0.0,2.394981017028913,"[4.1441, 2.8187, 4.4902]","[0.1228, 0.1119, 0.2207]","[0.3904, 0.2227, 0.1309]","[3.8453, 2.5504, 4.4701]",[2.5000],[1],"[0, 2]"
59,monoprotic,1,19,7.53,5.98,1.5499999999999998,0.15544238352029283,0.22930898389012153,0.3092271258156156,0.3092271258156156,0.3092271258156156,1.0,1.0,1.0,1.0,0.04858273228522059,0.7002042900358496,0.0,4.344195790328086,"[4.1469, 2.8092, 4.4807]","[0.1231, 0.1139, 0.2293]","[0.3905, 0.2228, 0.1299]","[3.8457, 2.5486, 4.4686]",[2.5000],[1],"[0, 2]"
59,monoprotic,1,20,5.58,5.98,0.40000000000000036,0.15544890257832816,0.22955724420992374,0.3098965477314617,0.3098965477314617,0.3098965477314617,1.0,1.0,1.0,1.0,0.04866694962860052,0.697858992620797,0.0,2.395291491802782,"[4.1476, 2.8099, 4.4765]","[0.1223, 0.1145, 0.2296]","[0.3901, 0.2242, 0.1277]","[3.8459, 2.5487, 4.4680]",[2.5000],[1],"[0, 2]"
59,monoprotic,1,21,7.53,5.98,1.5499999999999998,0.15347914616822736,0.22560663698599046,0.3085402011895888,0.3085402011895888,0.3085402011895888,1.0,1.0,1.0,1.0,0.0483278952140096,0.699238073586073,0.0,4.344786692615599,"[4.1468, 2.8085, 4.4806]","[0.1188, 0.1160, 0.2256]","[0.3903, 0.2224, 0.1268]","[3.8460, 2.5483, 4.4686]",[2.5000],[1],"[0, 2]"
59,monoprotic,1,22,6.58,5.98,0.5999999999999996,0.1534209162291055,0.22181092994884516,0.3121587296772885,0.3121587296772885,0.3121587296772885,1.0,1.0,1.0,1.0,0.04901719681953365,0.6976058476436775,0.0,3.3949045347236098,"[4.1420, 2.8122, 4.4818]","[0.1232, 0.1153, 0.2218]","[0.3898, 0.2247, 0.1286]","[3.8449, 2.5490, 4.4688]",[2.5000],[1],"[0, 2]"
59,monoprotic,1,23,6.28,5.98,0.2999999999999998,0.14738367988779888,0.2059239915752117,0.30671061178397574,0.30671061178397574,0.30671061178397574,1.0,1.0,1.0,1.0,0.048188748907075585,0.6965083972330983,0.0,3.0951493067853155,"[4.1426, 2.8067, 4.4849]","[0.1232, 0.1131, 0.2059]","[0.3893, 0.2247, 0.1265]","[3.8450, 2.5482, 4.4693]",[2.5000],[1],"[0, 2]"
59,monoprotic,1,24,6.1,5.98,0.11999999999999922,0.15314887997271007,0.22020375822687532,0.30362806899649497,0.30362806899649497,0.30362806899649497,1.0,1.0,1.0,1.0,0.04749681744087564,0.6951311737677569,0.0,2.915499371383339,"[4.1423, 2.8036, 4.4854]","[0.1238, 0.1154, 0.2202]","[0.3869, 0.2251, 0.1264]","[3.8449, 2.5475, 4.4694]",[2.5000],[1],"[0, 2]"
59,monoprotic,1,25,5.98,5.98,0.0,0.15439633243603232,0.2224771033948281,0.30113978285550624,0.30113978285550624,0.30113978285550624,1.0,1.0,1.0,1.0,0.047183385180316506,0.6954714099212493,1.0,2.795905664581806,"[4.1491, 2.8011, 4.4938]","[0.1274, 0.1133, 0.2225]","[0.3870, 0.2245, 0.1257]","[3.8458, 2.5472, 4.4707]",[2.5000],[1],"[0, 2]"
64,diprotic,2,0,2.4,3.05,0.6499999999999999,0.20000000000000004,0.2,0.17059243883533148,0.17687634395761698,0.21731995603908327,1.0,1.0,1.0,1.0,0.17059243883533148,0.3694737509087455,0.0,,"[5.0799, 5.7638, 3.5598]","[0.2000, 0.2000, 0.2000]","[0.0638, 0.2383, 0.3430]","[5.0799, 5.7638, 3.5598]","[3.4359, 4.8626]","[0, 2]",[1]
64,diprotic,2,1,2.79,3.05,0.2599999999999998,0.19730413727549623,0.20433388928701182,0.16720943671525323,0.17423402555336906,0.21618391919235336,1.0,1.0,1.0,1.0,0.1700472139851199,0.36933266521005054,0.0,1.42180867170915,"[5.0788, 5.7473, 3.5542]","[0.2043, 0.1925, 0.1951]","[0.0636, 0.2381, 0.3430]","[5.0797, 5.7611, 3.5589]","[3.4359, 4.8626]","[0, 2]",[1]
64,diprotic,2,2,2.93,3.05,0.11999999999999966,0.2006498070455669,0.21486682477972777,0.16806261514570897,0.1787771327521206,0.22902342702887424,1.0,1.0,1.0,1.0,0.17016003296049687,0.36943146641051483,0.0,1.3707305851206182,"[5.0916, 5.7395, 3.5430]","[0.2149, 0.1931, 0.1940]","[0.0633, 0.2381, 0.3432]","[5.0818, 5.7599, 3.5571]","[3.4359, 4.8626]","[0, 2]",[1]
64,diprotic,2,3,2.99,3.05,0.05999999999999961,0.19696591699392396,0.20611261893354293,0.16721113343341498,0.17874038917913262,0.2303662090791656,1.0,1.0,1.0,1.0,0.17002629959367543,0.36951040937534796,1.0,1.3471250308118758,"[5.0930, 5.7472, 3.5400]","[0.2061, 0.1930, 0.1918]","[0.0630, 0.2380, 0.3431]","[5.0820, 5.7611, 3.5566]","[3.4359, 4.8626]","[0, 2]",[1]
60,diprotic,2,0,2.36,8.96,6.600000000000001,0.20000000000000004,0.2,0.3851514829868268,0.47610172443764603,0.6650285759500565,0.5,1.0,0.0,1.0,0.3851514829868268,0.1461325882810128,0.0,,"[2.5364, 5.8408, 4.9960]","[0.2000, 0.2000, 0.2000]","[0.1620, 0.2962, 0.0784]","[2.5364, 5.8408, 4.9960]","[3.2014, 5.7355]","[0, 1]",[2]
60,diprotic,2,1,3.96,8.96,5.000000000000001,0.19979692733670287,0.20470834305004965,0.38328061615625075,0.4854542277622157,0.6812097629866574,0.5,1.0,0.0,1.0,0.38486747543005473,0.14590724543344533,0.0,0.5942733502388,"[2.5202, 5.8209, 4.9950]","[0.1953, 0.2047, 0.1994]","[0.1619, 0.2963, 0.0783]","[2.5338, 5.8376, 4.9958]","[3.2014, 5.7355]","[0, 1]",[2]
60,diprotic,2,2,5.81,8.96,3.1500000000000012,0.19270420639079888,0.19327120970998807,0.39202665856177665,0.492246314491682,0.689720348631842,0.5,1.0,0.0,1.0,0.38626539241430713,0.14614320823852428,0.0,0.6513457768037911,"[2.5117, 5.8299, 5.0060]","[0.1924, 0.1925, 0.1933]","[0.1620, 0.2962, 0.0784]","[2.5324, 5.8390, 4.9976]","[3.2014, 5.7355]","[0, 1]",[2]
60,diprotic,2,3,10.93,8.96,1.9699999999999989,0.19349461455485006,0.19969223749124776,0.3923821388932325,0.49673552693578077,0.6969842413116822,0.5,1.0,0.0,1.0,0.3863011857646854,0.1464761687050909,0.0,5.497920493893325,"[2.5044, 5.8233, 5.0049]","[0.1997, 0.1929, 0.1879]","[0.1619, 0.2960, 0.0786]","[2.5313, 5.8380, 4.9974]","[3.2014, 5.7355]","[0, 1]",[2]
60,diprotic,2,4,6.29,8.96,2.670000000000001,0.20158310507042132,0.2098683827911961,0.3855975989004783,0.4924460743354469,0.6918942326570026,0.5,1.0,0.0,1.0,0.38519508385255596,0.1463817313997945,0.0,0.986073460392654,"[2.5095, 5.8148, 4.9996]","[0.2099, 0.1990, 0.1959]","[0.1625, 0.2958, 0.0786]","[2.5321, 5.8366, 4.9966]","[3.2014, 5.7355]","[0, 1]",[2]
60,diprotic,2,5,6.71,8.96,2.250000000000001,0.2066236321011251,0.21529763776938626,0.38123160580258686,0.482130397191768,0.6763793359877823,0.5,1.0,0.0,1.0,0.3845150769849457,0.14741111121285363,0.0,1.3426085617765784,"[2.5250, 5.8216, 4.9968]","[0.2153, 0.2051, 0.1994]","[0.1630, 0.2954, 0.0793]","[2.5346, 5.8378, 4.9961]","[3.2014, 5.7355]","[0, 1]",[2]
60,diprotic,2,6,10.86,8.96,1.8999999999999986,0.2068601188433777,0.2192916329349832,0.37684040827660303,0.47950578989051923,0.6733486024777986,0.5,1.0,0.0,1.0,0.38382515585399757,0.14675271807481038,0.0,5.429291901309043,"[2.5281, 5.8159, 5.0016]","[0.2193, 0.2097, 0.1916]","[0.1627, 0.2961, 0.0789]","[2.5351, 5.8369, 4.9969]","[3.2014, 5.7355]","[0, 1]",[2]
60,diprotic,2,7,7.17,8.96,1.790000000000001,0.21136377519047356,0.2172508896372901,0.390282982962354,0.4871796716258026,0.6818704066545149,0.5,1.0,0.0,1.0,0.3859593704569064,0.1470351508613269,0.0,1.7707668660022318,"[2.5196, 5.8342, 4.9938]","[0.2166, 0.2173, 0.2003]","[0.1627, 0.2962, 0.0791]","[2.5337, 5.8398, 4.9956]","[3.2014, 5.7355]","[0, 1]",[2]
60,diprotic,2,8,7.99,8.96,0.9700000000000006,0.2108352100447812,0.21770425489668493,0.3905788635156,0.47984034186984315,0.6693169216645192,0.5,1.0,0.0,1.0,0.38600987676052667,0.14803913199836385,0.0,2.5744591278582813,"[2.5321, 5.8474, 5.0030]","[0.2177, 0.2088, 0.2060]","[0.1635, 0.2968, 0.0800]","[2.5357, 5.8419, 4.9971]","[3.2014, 5.7355]","[0, 1]",[2]
60,diprotic,2,9,10.83,8.96,1.8699999999999992,0.20738792645499124,0.21461764081189055,0.39258502358511094,0.4842707618327502,0.6761254440241555,0.5,1.0,0.0,1.0,0.38632880206062237,0.14709642055065844,0.0,5.39722437730059,"[2.5253, 5.8446, 5.0067]","[0.2146, 0.2011, 0.2064]","[0.1633, 0.2970, 0.0794]","[2.5346, 5.8414, 4.9977]","[3.2014, 5.7355]","[0, 1]",[2]
60,diprotic,2,10,10.44,8.96,1.4799999999999986,0.2023406684066873,0.21158631630630148,0.3931940107840166,0.487474975115858,0.6813438350903747,0.5,1.0,0.0,1.0,0.38642406420427977,0.14662583163310441,0.0,5.014646829627454,"[2.5201, 5.8406, 5.0057]","[0.2116, 0.1856, 0.2099]","[0.1646, 0.2978, 0.0795]","[2.5338, 5.8408, 4.9975]","[3.2014, 5.7355]","[0, 1]",[2]
60,diprotic,2,11,8.07,8.96,0.8900000000000006,0.19828111014997263,0.2124769801892396,0.3933697017253479,0.4912713785161623,0.687661810205479,0.5,1.0,0.0,1.0,0.3864390137915781,0.14666096337579465,0.0,2.652547244615853,"[2.5138, 5.8346, 5.0108]","[0.2076, 0.1747, 0.2125]","[0.1656, 0.2967, 0.0795]","[2.5328, 5.8398, 4.9983]","[3.2014, 5.7355]","[0, 1]",[2]
60,diprotic,2,12,9.88,8.96,0.9199999999999999,0.2010378928340013,0.22393999339315637,0.39519919484427324,0.4958043339876639,0.6945978154078776,0.5,1.0,0.0,1.0,0.38667525286237714,0.1458491109835947,0.0,4.458896795865149,"[2.5068, 5.8313, 5.0070]","[0.2239, 0.1766, 0.2026]","[0.1663, 0.2963, 0.0790]","[2.5318, 5.8393, 4.9978]","[3.2014, 5.7355]","[0, 1]",[2]
60,diprotic,2,13,8.7,8.96,0.26000000000000156,0.21030599094019664,0.2319047866979792,0.3994063954848801,0.4978223102443957,0.6965622196291208,0.5,1.0,0.0,1.0,0.3873381114579557,0.14645219663481476,0.0,3.281327713094651,"[2.5049, 5.8378, 5.0036]","[0.2319, 0.1808, 0.2182]","[0.1678, 0.2957, 0.0795]","[2.5315, 5.8403, 4.9972]","[3.2014, 5.7355]","[0, 1]",[2]
60,diprotic,2,14,9.47,8.96,0.5099999999999998,0.21235174918368374,0.23904159991108007,0.3928259450503837,0.49481940917027917,0.6937146696428766,0.5,1.0,0.0,1.0,0.3862563892966735,0.14764558153816446,0.0,4.050144040752203,"[2.5077, 5.8275, 4.9977]","[0.2390, 0.1842, 0.2138]","[0.1681, 0.2943, 0.0801]","[2.5320, 5.8386, 4.9963]","[3.2014, 5.7355]","[0, 1]",[2]
60,diprotic,2,15,9.08,8.96,0.11999999999999922,0.2127229138607721,0.2424474072529627,0.3856263352361311,0.4913059746229617,0.690050201371113,0.5,1.0,0.0,1.0,0.38509713278701607,0.14832353658976116,0.0,3.6619144234992564,"[2.5114, 5.8167, 5.0106]","[0.2424, 0.1873, 0.2084]","[0.1663, 0.2960, 0.0805]","[2.5326, 5.8369, 4.9983]","[3.2014, 5.7355]","[0, 1]",[2]
60,diprotic,2,16,8.7,8.96,0.26000000000000156,0.21591322560946033,0.2478970435733236,0.38678898370913695,0.4897824496261817,0.6872571684526738,0.5,1.0,0.0,1.0,0.38529766656578746,0.14834416964409688,0.0,3.2822264514863484,"[2.5142, 5.8219, 5.0096]","[0.2479, 0.1916, 0.2083]","[0.1678, 0.2951, 0.0806]","[2.5330, 5.8377, 4.9982]","[3.2014, 5.7355]","[0, 1]",[2]
60,diprotic,2,17,9.08,8.96,0.11999999999999922,0.2120493546801079,0.2533865354308448,0.39069941053688906,0.49649136412803024,0.6970613619274619,0.5,1.0,0.0,1.0,0.3858464479789301,0.14695099950839752,0.0,3.6614144648611546,"[2.5044, 5.8199, 5.0054]","[0.2534, 0.1836, 0.1992]","[0.1676, 0.2958, 0.0798]","[2.5316, 5.8374, 4.9975]","[3.2014, 5.7355]","[0, 1]",[2]
60,diprotic,2,18,8.7,8.96,0.26000000000000156,0.2180894953974899,0.25874530107093563,0.3937740641159977,0.5041847249221079,0.7086458209859203,0.5,1.0,0.0,1.0,0.38626213424482025,0.14866588561176355,0.0,3.282386417780071,"[2.4928, 5.8144, 5.0143]","[0.2587, 0.1881, 0.2075]","[0.1675, 0.2955, 0.0808]","[2.5299, 5.8365, 4.9989]","[3.2014, 5.7355]","[0, 1]",[2]
60,diprotic,2,19,8.73,8.96,0.23000000000000043,0.2131879324789053,0.2507274556571734,0.3851989687273958,0.503074584125535,0.7087817119082254,0.5,1.0,0.0,1.0,0.38487550254781366,0.1500355667045583,0.0,3.312071410492063,"[2.4926, 5.7972, 5.0001]","[0.2507, 0.1828, 0.2061]","[0.1669, 0.2969, 0.0819]","[2.5298, 5.8337, 4.9967]","[3.2014, 5.7355]","[0, 1]",[2]
60,diprotic,2,20,8.76,8.96,0.20000000000000107,0.21637984777711994,0.26372776225202343,0.38965973164923384,0.5075264827316794,0.7148495596036715,0.5,1.0,0.0,1.0,0.3855160038614809,0.14512407849718353,0.0,3.3445779608935116,"[2.4866, 5.8000, 5.0086]","[0.2637, 0.1852, 0.2002]","[0.1663, 0.2971, 0.0787]","[2.5290, 5.8342, 4.9980]","[3.2014, 5.7355]","[0, 1]",[2]
60,diprotic,2,21,8.8,8.96,0.16000000000000014,0.21795693080592446,0.26791817811005636,0.38441674032790907,0.5029217824268335,0.7086914525628414,0.5,1.0,0.0,1.0,0.38466457946861055,0.14687926450215233,0.0,3.383606086205692,"[2.4927, 5.7957, 5.0012]","[0.2679, 0.1798, 0.2062]","[0.1657, 0.2969, 0.0797]","[2.5299, 5.8334, 4.9968]","[3.2014, 5.7355]","[0, 1]",[2]
60,diprotic,2,22,8.83,8.96,0.13000000000000078,0.21272078582448037,0.26744680393387477,0.39038600708686966,0.5116687657397336,0.7211482953006154,0.5,1.0,0.0,1.0,0.38550757888295406,0.15280053491219886,0.0,3.414532720502466,"[2.4803, 5.7952, 5.0039]","[0.2674, 0.1715, 0.1992]","[0.1651, 0.2967, 0.0833]","[2.5281, 5.8332, 4.9973]","[3.2014, 5.7355]","[0, 1]",[2]
60,diprotic,2,23,8.87,8.96,0.09000000000000163,0.21292117556018023,0.2793934401106695,0.38669900214852904,0.5099057142225482,0.7190658463645834,0.5,1.0,0.0,1.0,0.3848441060339054,0.15442163177780038,1.0,3.4543487079255275,"[2.4824, 5.7899, 4.9998]","[0.2794, 0.1694, 0.1900]","[0.1642, 0.2959, 0.0840]","[2.5285, 5.8323, 4.9966]","[3.2014, 5.7355]","[0, 1]",[2]
67,triprotic,3,0,1.72,5.64,3.92,0.20000000000000004,0.2,1.473986206173904,1.5713722794437366,2.2440448438632394,0.0,0.0,0.0,0.0,1.473986206173904,0.0,0.0,,"[2.5202, 4.0288, 3.3305]","[0.2000, 0.2000, 0.2000]","[0.1660, 0.0642, 0.1019]","[2.5202, 4.0288, 3.3305]","[3.5982, 4.4305, 6.2729]","[0, 1, 2]",[]
67,triprotic,3,1,3.74,5.64,1.8999999999999995,0.1976069027130848,0.20772141159331983,1.4714581015071133,1.5666561343098828,2.231737365605756,0.0,0.0,0.0,0.0,1.4735666664073392,0.0,0.0,0.9082921843603255,"[2.5246, 4.0411, 3.3214]","[0.1949, 0.1902, 0.2077]","[0.1656, 0.0640, 0.1025]","[2.5209, 4.0308, 3.3291]","[3.5982, 4.4305, 6.2729]","[0, 1, 2]",[]
67,triprotic,3,2,4.06,5.64,1.58,0.1996100569034008,0.21657001268583226,1.4731407453880196,1.5674518778327349,2.229882863446779,0.0,0.0,0.0,0.0,1.4738164315438576,0.0,0.0,0.9027736717276271,"[2.5289, 4.0430, 3.3102]","[0.1899, 0.1923, 0.2166]","[0.1655, 0.0641, 0.1027]","[2.5216, 4.0311, 3.3273]","[3.5982, 4.4305, 6.2729]","[0, 1, 2]",[]
67,triprotic,3,3,4.41,5.64,1.2299999999999995,0.19931595992752718,0.21475907660707966,1.4746212353989605,1.5714202532743196,2.241974605326063,0.0,0.0,0.0,0.0,1.4740648621940629,0.0,0.0,1.010913645233959,"[2.5329, 4.0309, 3.3139]","[0.1921, 0.1911, 0.2148]","[0.1657, 0.0642, 0.1024]","[2.5223, 4.0292, 3.3279]","[3.5982, 4.4305, 6.2729]","[0, 1, 2]",[]
67,triprotic,3,4,4.74,5.64,0.8999999999999995,0.19739327583521082,0.21300563632264483,1.4807708020213226,1.5780701466153313,2.252047413119665,0.0,0.0,0.0,0.0,1.4750709808460438,0.0,0.0,1.1968084357306363,"[2.5199, 4.0208, 3.3185]","[0.1899, 0.1893, 0.2130]","[0.1658, 0.0635, 0.1025]","[2.5202, 4.0275, 3.3286]","[3.5982, 4.4305, 6.2729]","[0, 1, 2]",[]
67,triprotic,3,5,5.07,5.64,0.5699999999999994,0.19887809906189832,0.21221044721097584,1.4740052296765755,1.5702763539971936,2.2394776082126455,0.0,0.0,0.0,0.0,1.4739851385402798,0.0,0.0,1.4290781930834058,"[2.5193, 4.0334, 3.3268]","[0.1904, 0.1940, 0.2122]","[0.1654, 0.0635, 0.1022]","[2.5201, 4.0296, 3.3299]","[3.5982, 4.4305, 6.2729]","[0, 1, 2]",[]
67,triprotic,3,6,5.34,5.64,0.2999999999999998,0.20857407379929538,0.2279442943302582,1.4682354064585048,1.5638098098489683,2.2294485843557688,0.0,0.0,0.0,0.0,1.4730704389966804,0.0,0.0,1.6352070469036697,"[2.5203, 4.0434, 3.3331]","[0.1948, 0.2030, 0.2279]","[0.1650, 0.0640, 0.1018]","[2.5202, 4.0312, 3.3309]","[3.5982, 4.4305, 6.2729]","[0, 1, 2]",[]
67,triprotic,3,7,5.49,5.64,0.14999999999999947,0.21254598455130147,0.23344278646155703,1.4675719608248496,1.561804432916467,2.2230239793032087,0.0,0.0,0.0,0.0,1.4729629420389039,0.0,0.0,1.7494930357299747,"[2.5213, 4.0498, 3.3277]","[0.1946, 0.2095, 0.2334]","[0.1649, 0.0645, 0.1015]","[2.5204, 4.0322, 3.3301]","[3.5982, 4.4305, 6.2729]","[0, 1, 2]",[]
67,triprotic,3,8,5.57,5.64,0.0699999999999994,0.2133913042759735,0.2324182508968948,1.464246023609526,1.5595359581525785,2.2233266956802202,0.0,0.0,0.0,0.0,1.4724537809278473,0.0,1.0,1.8110179213620725,"[2.5207, 4.0495, 3.3386]","[0.1967, 0.2110, 0.2324]","[0.1654, 0.0649, 0.1016]","[2.5203, 4.0321, 3.3318]","[3.5982, 4.4305, 6.2729]","[0, 1, 2]",[]
66,diprotic,2,0,1.89,8.86,6.97,0.20000000000000004,0.2,0.6667861317225312,0.9130210840062568,1.2904877866685989,0.5,0.5,0.0,0.0,0.6667861317225312,0.045501563537576145,0.0,,"[3.3971, 3.9466, 3.0311]","[0.2000, 0.2000, 0.2000]","[0.0223, 0.0097, 0.4586]","[3.3971, 3.9466, 3.0311]","[2.9880, 5.2371]","[1, 2]",[0]
66,diprotic,2,1,3.73,8.86,5.129999999999999,0.19845197109938142,0.20785908933392502,0.6556633800981391,0.902770337899251,1.2762274903953839,0.5,0.5,0.0,0.0,0.6650022363472352,0.04490526314049849,0.0,0.45095386777073143,"[3.4005, 3.9609, 3.0231]","[0.1994, 0.2079, 0.1881]","[0.0220, 0.0098, 0.4586]","[3.3976, 3.9489, 3.0298]","[2.9880, 5.2371]","[1, 2]",[0]
66,diprotic,2,2,5.34,8.86,3.5199999999999996,0.19915756147566865,0.2080282985034159,0.6554028071541704,0.89566209624659,1.2658598089383002,0.5,0.5,0.0,0.0,0.6649797514464164,0.044450352174418145,0.0,1.827043706467375,"[3.3938, 3.9712, 3.0329]","[0.2004, 0.2080, 0.1891]","[0.0218, 0.0102, 0.4584]","[3.3965, 3.9505, 3.0314]","[2.9880, 5.2371]","[1, 2]",[0]
66,diprotic,2,3,11.44,8.86,2.58,0.2012139147732125,0.20769581884208624,0.6525643930950795,0.8862757317098877,1.2522679744436882,0.5,0.5,0.0,0.0,0.6645369653478055,0.04401594196768026,0.0,7.7551038582436735,"[3.3973, 3.9848, 3.0408]","[0.2018, 0.2077, 0.1941]","[0.0216, 0.0103, 0.4586]","[3.3971, 3.9527, 3.0326]","[2.9880, 5.2371]","[1, 2]",[0]
66,diprotic,2,4,5.9,8.86,2.959999999999999,0.19693006157243445,0.2032536693805589,0.6549765076824718,0.883081443655475,1.247292817193455,0.5,0.5,0.0,0.0,0.6649134921111868,0.043445857544413526,0.0,2.301626226725057,"[3.3886, 3.9898, 3.0506]","[0.1926, 0.2033, 0.1949]","[0.0213, 0.0095, 0.4587]","[3.3957, 3.9535, 3.0342]","[2.9880, 5.2371]","[1, 2]",[0]
66,diprotic,2,5,6.54,8.86,2.3199999999999994,0.195395454059761,0.2025811458325988,0.6480373463799773,0.8737908838696037,1.2341756461270768,0.5,0.5,0.0,0.0,0.6638050784691414,0.042489767478686075,0.0,2.8982078395411373,"[3.3863, 4.0029, 3.0499]","[0.1917, 0.2026, 0.1919]","[0.0208, 0.0095, 0.4583]","[3.3953, 3.9556, 3.0341]","[2.9880, 5.2371]","[1, 2]",[0]
66,diprotic,2,6,11.37,8.86,2.51,0.1886500672071163,0.19073364389311792,0.6454765987950988,0.877611303990633,1.2400870269748023,0.5,0.5,0.0,0.0,0.663327893874819,0.043670165254244164,0.0,7.682160586006939,"[3.3870, 3.9970, 3.0388]","[0.1851, 0.1907, 0.1901]","[0.0213, 0.0090, 0.4583]","[3.3954, 3.9548, 3.0323]","[2.9880, 5.2371]","[1, 2]",[0]
66,diprotic,2,7,10.72,8.86,1.8600000000000012,0.19013873618107,0.19351288971110434,0.6333561363837332,0.8697870201655488,1.2295016429117407,0.5,0.5,0.0,0.0,0.6613233864559807,0.04369287260495818,0.0,7.055983332013712,"[3.3766, 4.0076, 3.0252]","[0.1927, 0.1842, 0.1935]","[0.0214, 0.0096, 0.4579]","[3.3937, 3.9566, 3.0301]","[2.9880, 5.2371]","[1, 2]",[0]
66,diprotic,2,8,6.55,8.86,2.3099999999999996,0.19205008241746532,0.19989484640296587,0.6380994430877951,0.8695165523835369,1.228766976984824,0.5,0.5,0.0,0.0,0.6620815486270553,0.04329809021955546,0.0,2.9085109426639972,"[3.3706, 4.0083, 3.0354]","[0.1999, 0.1828, 0.1935]","[0.0211, 0.0095, 0.4571]","[3.3928, 3.9567, 3.0318]","[2.9880, 5.2371]","[1, 2]",[0]
66,diprotic,2,9,7.1,8.86,1.7599999999999998,0.18835777855010225,0.19589591052513608,0.6376747373362077,0.8638634668284375,1.2204534420638646,0.5,0.5,0.0,0.0,0.6619845042678492,0.043087749686631406,0.0,3.4470265036448833,"[3.3776, 4.0167, 3.0429]","[0.1889, 0.1803, 0.1959]","[0.0210, 0.0089, 0.4570]","[3.3939, 3.9581, 3.0330]","[2.9880, 5.2371]","[1, 2]",[0]
66,diprotic,2,10,10.7,8.86,1.8399999999999999,0.189493861095857,0.19127661177272837,0.6485585473874826,0.8707868334831743,1.2296278375571594,0.5,0.5,0.0,0.0,0.6638046457939935,0.0440534893213468,0.0,7.034629753138869,"[3.3862, 4.0075, 3.0555]","[0.1902, 0.1870, 0.1913]","[0.0214, 0.0089, 0.4560]","[3.3953, 3.9565, 3.0350]","[2.9880, 5.2371]","[1, 2]",[0]
66,diprotic,2,11,9.86,8.86,1.0,0.18798682073128584,0.191670498897102,0.6539367853508822,0.8748526999248779,1.2350855849975844,0.5,0.5,0.0,0.0,0.6646734328739647,0.04489739988171486,0.0,6.199731334941461,"[3.3700, 4.0020, 3.0608]","[0.1861, 0.1862, 0.1917]","[0.0219, 0.0093, 0.4568]","[3.3926, 3.9557, 3.0359]","[2.9880, 5.2371]","[1, 2]",[0]
66,diprotic,2,12,7.1,8.86,1.7599999999999998,0.1966411756152012,0.1999425535066303,0.648596975523807,0.8727717609086356,1.2325939874861378,0.5,0.5,0.0,0.0,0.6638684270067798,0.04601705199693116,0.0,3.445817857654765,"[3.3766, 4.0045, 3.0526]","[0.1912, 0.1999, 0.1988]","[0.0225, 0.0087, 0.4570]","[3.3937, 3.9559, 3.0345]","[2.9880, 5.2371]","[1, 2]",[0]
66,diprotic,2,13,7.5,8.86,1.3599999999999994,0.2036351850198264,0.21116550730081463,0.6493878149076122,0.8762876460196148,1.2377546260179217,0.5,0.5,0.0,0.0,0.6640483926584204,0.047396742023282014,0.0,3.8432524888776243,"[3.3725, 3.9993, 3.0490]","[0.1990, 0.2112, 0.2008]","[0.0233, 0.0100, 0.4578]","[3.3931, 3.9550, 3.0339]","[2.9880, 5.2371]","[1, 2]",[0]
66,diprotic,2,14,9.85,8.86,0.9900000000000002,0.20241280006228676,0.21710133983405988,0.6439135828545808,0.8697904226561399,1.2286448691389076,0.5,0.5,0.0,0.0,0.6632277550837204,0.04684546373866287,0.0,6.191199623420834,"[3.3917, 4.0085, 3.0472]","[0.1978, 0.2171, 0.1923]","[0.0230, 0.0101, 0.4576]","[3.3962, 3.9563, 3.0337]","[2.9880, 5.2371]","[1, 2]",[0]
66,diprotic,2,15,8.25,8.86,0.6099999999999994,0.20367240813537735,0.22227536694261943,0.6456606921662229,0.8755325670183498,1.236997775817481,0.5,0.5,0.0,0.0,0.6635161798971323,0.047374109572945834,0.0,4.591365633066744,"[3.4069, 4.0001, 3.0423]","[0.1954, 0.2223, 0.1933]","[0.0233, 0.0112, 0.4576]","[3.3987, 3.9550, 3.0329]","[2.9880, 5.2371]","[1, 2]",[0]
66,diprotic,2,16,9.4,8.86,0.5400000000000009,0.20391936962442173,0.22534018339424353,0.6464701530288668,0.8832660798901955,1.2483300280225622,0.5,0.5,0.0,0.0,0.6636272687677418,0.04594913009401868,0.0,5.74109142003581,"[3.4138, 3.9888, 3.0326]","[0.1879, 0.2253, 0.1985]","[0.0226, 0.0116, 0.4567]","[3.3998, 3.9532, 3.0313]","[2.9880, 5.2371]","[1, 2]",[0]
66,diprotic,2,17,8.82,8.86,0.03999999999999915,0.2094492220554327,0.23571451680724537,0.6436417144075015,0.8805083456890359,1.2444913547524177,0.5,0.5,0.0,0.0,0.6632278054958036,0.04561751467192289,1.0,5.162492565046996,"[3.4113, 3.9926, 3.0308]","[0.1846, 0.2357, 0.2081]","[0.0224, 0.0114, 0.4573]","[3.3994, 3.9537, 3.0310]","[2.9880, 5.2371]","[1, 2]",[0]
68,diprotic,2,0,1.6,4.82,3.22,0.20000000000000004,0.2,0.26845406552638273,0.32781858951494,0.45659614570495766,1.0,1.0,1.0,1.0,0.26845406552638273,0.2310061401063269,0.0,,"[3.3135, 5.2969, 4.7728]","[0.2000, 0.2000, 0.2000]","[0.4600, 0.2110, 0.2422]","[3.3135, 5.2969, 4.7728]","[3.3938, 4.3162]","[0, 2]",[1]
68,diprotic,2,1,3.49,4.82,1.33,0.17872345091810937,0.32415477171785,0.6129765307156387,0.6136900803673945,0.6425617894293758,0.0,1.0,0.0,1.0,0.3319965696726439,0.2297856870374477,0.0,0.0897680765390394,"[2.7512, 5.3751, 4.8996]","[0.0618, 0.3242, 0.1502]","[0.4580, 0.2094, 0.2439]","[3.2080, 5.3076, 4.7944]","[3.3938, 4.3162]","[0, 2]",[1]
68,diprotic,2,2,3.74,4.82,1.08,0.1845301326961074,0.3418385032011895,0.6118430216990085,0.6125363067628989,0.6409779474919257,0.0,1.0,0.0,1.0,0.3317960828520994,0.22956516613770234,0.0,0.19728935625404098,"[2.7528, 5.3999, 4.8989]","[0.0618, 0.3418, 0.1500]","[0.4576, 0.2090, 0.2440]","[3.2083, 5.3107, 4.7943]","[3.3938, 4.3162]","[0, 2]",[1]
68,diprotic,2,3,4.18,4.82,0.6400000000000006,0.18109549878290285,0.3440621014338262,0.6166666824849458,0.6172649381628992,0.6438366401267741,0.0,1.0,0.0,1.0,0.33294186998685227,0.22938738625663557,0.0,0.425748746544123,"[2.7500, 5.4040, 4.9057]","[0.0586, 0.3441, 0.1406]","[0.4578, 0.2090, 0.2441]","[3.2074, 5.3112, 4.7957]","[3.3938, 4.3162]","[0, 2]",[1]
68,diprotic,2,4,4.44,4.82,0.3799999999999999,0.17540399021727363,0.32587381690104655,0.6179658603975355,0.6184984905633262,0.6436286391295138,0.0,1.0,0.0,1.0,0.33308503069744577,0.22937886621804154,0.0,0.3337656100653108,"[2.7502, 5.4124, 4.9085]","[0.0601, 0.3259, 0.1403]","[0.4581, 0.2091, 0.2442]","[3.2076, 5.3127, 4.7962]","[3.3938, 4.3162]","[0, 2]",[1]
68,diprotic,2,5,4.6,4.82,0.22000000000000064,0.17595867119647243,0.3305305725056589,0.6198058900956958,0.6203695195746637,0.646244487259338,0.0,1.0,0.0,1.0,0.3333723568653879,0.22937247869069605,0.0,0.24591780137270725,"[2.7475, 5.4282, 4.9096]","[0.0622, 0.3305, 0.1352]","[0.4582, 0.2091, 0.2445]","[3.2073, 5.3148, 4.7965]","[3.3938, 4.3162]","[0, 2]",[1]
68,diprotic,2,6,4.69,4.82,0.1299999999999999,0.1754062413451353,0.32856602589150796,0.6205607723758111,0.621092133392357,0.6462466819412942,0.0,1.0,0.0,1.0,0.3334864816641403,0.22893836358856814,0.0,0.19083055173046848,"[2.7475, 5.4239, 4.9111]","[0.0625, 0.3286, 0.1352]","[0.4585, 0.2087, 0.2443]","[3.2074, 5.3142, 4.7968]","[3.3938, 4.3162]","[0, 2]",[1]
68,diprotic,2,7,4.75,4.82,0.07000000000000028,0.17754892103021466,0.3319080417840339,0.6215378813149603,0.6220132440980699,0.6458512094276512,0.0,1.0,0.0,1.0,0.33360522653977553,0.22898924881927654,1.0,0.1504797893576324,"[2.7479, 5.4292, 4.9135]","[0.0626, 0.3319, 0.1381]","[0.4590, 0.2088, 0.2442]","[3.2074, 5.3149, 4.7971]","[3.3938, 4.3162]","[0, 2]",[1]
70,monoprotic,1,0,1.65,4.67,3.02,0.20000000000000004,0.2,0.26541205991635364,0.26541205991635364,0.26541205991635364,1.0,1.0,1.0,1.0,0.26541205991635364,0.581057398932892,0.0,,"[5.0968, 3.2146, 2.2396]","[0.2000, 0.2000, 0.2000]","[0.2115, 0.4891, 0.4669]","[5.0968, 3.2146, 2.2396]",[3.4800],[1],"[0, 2]"
70,monoprotic,1,1,3.74,4.67,0.9299999999999997,0.19970999176731064,0.2033662977802285,0.2512119982325056,0.2512119982325056,0.2512119982325056,1.0,1.0,1.0,1.0,0.2631273364715785,0.5809224826153039,0.0,0.41745322873815915,"[5.0866, 3.2288, 2.2522]","[0.2034, 0.1981, 0.1977]","[0.2115, 0.4893, 0.4667]","[5.0952, 3.2169, 2.2416]",[3.4800],[1],"[0, 2]"
70,monoprotic,1,2,4.1,4.67,0.5700000000000003,0.2038446409826412,0.20694101827240147,0.2544730024960695,0.2544730024960695,0.2544730024960695,1.0,1.0,1.0,1.0,0.26367064227681203,0.5808223295793901,0.0,0.732149422424845,"[5.0661, 3.2255, 2.2624]","[0.2044, 0.2069, 0.2002]","[0.2116, 0.4895, 0.4667]","[5.0919, 3.2163, 2.2432]",[3.4800],[1],"[0, 2]"
70,monoprotic,1,3,4.64,4.67,0.03000000000000025,0.20052153864501313,0.20685439003788778,0.24481654152167165,0.24481654152167165,0.24481654152167165,1.0,1.0,1.0,1.0,0.2621293449214348,0.5808958912795601,1.0,1.240983064738102,"[5.0807, 3.2352, 2.2630]","[0.2069, 0.2059, 0.1888]","[0.2116, 0.4893, 0.4667]","[5.0943, 3.2179, 2.2434]",[3.4800],[1],"[0, 2]"
69,diprotic,2,0,3.04,7.22,4.18,0.20000000000000004,0.2,1.1029084427300082,1.263848229640382,1.7200837132326394,0.5,0.5,0.0,0.0,1.1029084427300082,0.2215393671767013,0.0,,"[3.5281, 2.3935, 2.6043]","[0.2000, 0.2000, 0.2000]","[0.0995, 0.1629, 0.4731]","[3.5281, 2.3935, 2.6043]","[3.0900, 5.2482]","[0, 2]",[1]
69,diprotic,2,1,3.55,7.22,3.67,0.2007929567785985,0.20852004306052696,1.0971349842371114,1.2605314370053142,1.7178074663415748,0.5,0.5,0.0,0.0,1.101981194755334,0.22193013925985905,0.0,0.9198815422831101,"[3.5304, 2.4116, 2.6136]","[0.2085, 0.1965, 0.1974]","[0.0994, 0.1632, 0.4728]","[3.5285, 2.3964, 2.6058]","[3.0900, 5.2482]","[0, 2]",[1]
69,diprotic,2,2,5.08,7.22,2.1399999999999997,0.2025197641829967,0.20624048017535962,1.1074343770821158,1.2645217605712367,1.7178476661043374,0.5,0.5,0.0,0.0,1.1036376185987502,0.22190477040057843,0.0,2.2711385647254065,"[3.5303, 2.3871, 2.5930]","[0.2062, 0.2025, 0.1988]","[0.0995, 0.1632, 0.4727]","[3.5285, 2.3925, 2.6025]","[3.0900, 5.2482]","[0, 2]",[1]
69,diprotic,2,3,5.72,7.22,1.5,0.2036859908883241,0.2078950860026957,1.108761264466401,1.2699161811256108,1.7279022544707154,0.5,0.5,0.0,0.0,1.1038441049213312,0.22233923587843948,0.0,2.822160527836531,"[3.5203, 2.3828, 2.6004]","[0.2071, 0.2079, 0.1960]","[0.0991, 0.1636, 0.4731]","[3.5269, 2.3918, 2.6037]","[3.0900, 5.2482]","[0, 2]",[1]
69,diprotic,2,4,11.16,7.22,3.9400000000000004,0.20423367036669623,0.2068280607318543,1.1110074200404025,1.277118599046129,1.740844247039837,0.5,0.5,0.0,0.0,1.1041993454348298,0.22223602743878312,0.0,8.17718650595285,"[3.5073, 2.3763, 2.6089]","[0.2048, 0.2068, 0.2010]","[0.0992, 0.1635, 0.4731]","[3.5248, 2.3908, 2.6050]","[3.0900, 5.2482]","[0, 2]",[1]
69,diprotic,2,5,6.18,7.22,1.04,0.20673492368857296,0.21082707472905066,1.1108407046017794,1.278767162575346,1.744306082567161,0.5,0.5,0.0,0.0,1.1041605065566626,0.22246311604752264,0.0,3.2410628351569173,"[3.5039, 2.3553, 2.6127]","[0.2108, 0.2045, 0.2048]","[0.0990, 0.1637, 0.4731]","[3.5243, 2.3874, 2.6056]","[3.0900, 5.2482]","[0, 2]",[1]
69,diprotic,2,6,6.74,7.22,0.47999999999999954,0.2048783857480884,0.20905633635890714,1.0990051265272922,1.272258880235312,1.7399656480918742,0.5,0.5,0.0,0.0,1.102304980639803,0.2226152408200546,0.0,3.780625486057252,"[3.5082, 2.3540, 2.6320]","[0.2005, 0.2051, 0.2091]","[0.0990, 0.1637, 0.4726]","[3.5249, 2.3872, 2.6087]","[3.0900, 5.2482]","[0, 2]",[1]
69,diprotic,2,7,11.11,7.22,3.8899999999999997,0.20774212305026063,0.21282433525806818,1.098656791501978,1.273408757452212,1.7424914892641952,0.5,0.5,0.0,0.0,1.1022682621418336,0.2223500688324838,0.0,8.126878314549103,"[3.5057, 2.3660, 2.6352]","[0.1980, 0.2124, 0.2128]","[0.0992, 0.1633, 0.4718]","[3.5245, 2.3892, 2.6092]","[3.0900, 5.2482]","[0, 2]",[1]
69,diprotic,2,8,10.28,7.22,3.0599999999999996,0.20991065542879014,0.21528650785680245,1.0960681234451575,1.2729294075436821,1.7433578154354752,0.5,0.5,0.0,0.0,1.1018654443757756,0.22280240322358175,0.0,7.307232508175074,"[3.5048, 2.3456, 2.6413]","[0.1996, 0.2149, 0.2153]","[0.0997, 0.1638, 0.4716]","[3.5244, 2.3860, 2.6101]","[3.0900, 5.2482]","[0, 2]",[1]
69,diprotic,2,9,6.76,7.22,0.45999999999999996,0.20978986668381464,0.22534488647185524,1.1016683619434455,1.2721694694277381,1.7378617124563998,0.5,0.5,0.0,0.0,1.102703560697208,0.22239602057291338,0.0,3.7988192147947846,"[3.5103, 2.3374, 2.6246]","[0.2037, 0.2253, 0.2003]","[0.1006, 0.1637, 0.4716]","[3.5253, 2.3848, 2.6076]","[3.0900, 5.2482]","[0, 2]",[1]
69,diprotic,2,10,7.14,7.22,0.08000000000000007,0.21427046937054461,0.2304839171727801,1.0980981562395502,1.2665551367593995,1.7292418432989405,0.5,0.5,0.0,0.0,1.102152115659027,0.222681403442395,1.0,4.174623720217496,"[3.5189, 2.3523, 2.6231]","[0.2024, 0.2305, 0.2100]","[0.1013, 0.1641, 0.4715]","[3.5266, 2.3872, 2.6073]","[3.0900, 5.2482]","[0, 2]",[1]
65,monoprotic,1,0,1.57,8.98,7.41,0.20000000000000004,0.2,0.1683221333595899,0.1683221333595899,0.1683221333595899,1.0,1.0,1.0,1.0,0.1683221333595899,0.49697294601103587,0.0,,"[3.2973, 5.3983, 4.7436]","[0.2000, 0.2000, 0.2000]","[0.2272, 0.3419, 0.1105]","[3.2973, 5.3983, 4.7436]",[5.2300],[1],"[0, 2]"
65,monoprotic,1,1,6.11,8.98,2.87,0.19558103446980038,0.20321160182052472,0.17573412740251992,0.17573412740251992,0.17573412740251992,1.0,1.0,1.0,1.0,0.16950737073757693,0.4970781664453044,0.0,2.1096638577431444,"[3.2765, 5.4057, 4.7343]","[0.1975, 0.2032, 0.1860]","[0.2275, 0.3419, 0.1105]","[3.2940, 5.3995, 4.7420]",[5.2300],[1],"[0, 2]"
65,monoprotic,1,2,12.16,8.98,3.1799999999999997,0.19587388282635734,0.2109409828835903,0.1817221655623502,0.1817221655623502,0.1817221655623502,1.0,1.0,1.0,1.0,0.17044505490177375,0.49686176343959343,0.0,7.485827083550394,"[3.2789, 5.4117, 4.7437]","[0.1947, 0.2109, 0.1820]","[0.2275, 0.3421, 0.1103]","[3.2944, 5.4004, 4.7436]",[5.2300],[1],"[0, 2]"
65,monoprotic,1,3,11.63,8.98,2.6500000000000004,0.1965944801295043,0.2171585755302774,0.1840340803527276,0.1840340803527276,0.1840340803527276,1.0,1.0,1.0,1.0,0.17079265418959277,0.49720851987505976,0.0,7.201332587860525,"[3.2748, 5.4140, 4.7372]","[0.1955, 0.2172, 0.1772]","[0.2274, 0.3418, 0.1107]","[3.2937, 5.4008, 4.7425]",[5.2300],[1],"[0, 2]"
65,monoprotic,1,4,6.11,8.98,2.87,0.1936916393709177,0.20799379766655443,0.18825950258920887,0.18825950258920887,0.18825950258920887,1.0,1.0,1.0,1.0,0.17149199388323222,0.49710744641444227,0.0,2.1077716822177175,"[3.2612, 5.4183, 4.7298]","[0.1992, 0.2080, 0.1739]","[0.2278, 0.3415, 0.1098]","[3.2915, 5.4015, 4.7413]",[5.2300],[1],"[0, 2]"
65,monoprotic,1,5,7.67,8.98,1.3100000000000005,0.19275901582196875,0.20432252399369447,0.18055072050790422,0.18055072050790422,0.18055072050790422,1.0,1.0,1.0,1.0,0.17027497542067493,0.4968761523725731,0.0,3.433526201248169,"[3.2620, 5.4106, 4.7240]","[0.1972, 0.2043, 0.1767]","[0.2275, 0.3408, 0.1091]","[3.2916, 5.4003, 4.7403]",[5.2300],[1],"[0, 2]"
65,monoprotic,1,6,11.56,8.98,2.58,0.19202286703245494,0.20345818883938574,0.18326540596677088,0.18326540596677088,0.18326540596677088,1.0,1.0,1.0,1.0,0.1707262684548132,0.49659651628974694,0.0,7.133926822282374,"[3.2505, 5.4133, 4.7209]","[0.2035, 0.1981, 0.1745]","[0.2279, 0.3412, 0.1087]","[3.2898, 5.4007, 4.7398]",[5.2300],[1],"[0, 2]"
65,monoprotic,1,7,11.23,8.98,2.25,0.19233530137890686,0.20544818627033043,0.1810335494488058,0.1810335494488058,0.1810335494488058,1.0,1.0,1.0,1.0,0.17034933579793066,0.49659193045268707,0.0,6.892204766646028,"[3.2513, 5.4110, 4.7355]","[0.1901, 0.2054, 0.1815]","[0.2269, 0.3408, 0.1094]","[3.2899, 5.4003, 4.7422]",[5.2300],[1],"[0, 2]"
65,monoprotic,1,8,7.67,8.98,1.3100000000000005,0.19355963263127673,0.20507024444099317,0.1733875792767936,0.1733875792767936,0.1733875792767936,1.0,1.0,1.0,1.0,0.16913033221566653,0.49617126553237095,0.0,3.434292448759079,"[3.2646, 5.4034, 4.7435]","[0.1890, 0.2051, 0.1866]","[0.2272, 0.3417, 0.1093]","[3.2920, 5.3991, 4.7435]",[5.2300],[1],"[0, 2]"
65,monoprotic,1,9,10.89,8.98,1.9100000000000001,0.20025217066022818,0.21294855461099377,0.17783267635849498,0.17783267635849498,0.17783267635849498,1.0,1.0,1.0,1.0,0.16982520425839986,0.4956559525147458,0.0,6.600781277157367,"[3.2566, 5.4078, 4.7309]","[0.1930, 0.2129, 0.1948]","[0.2263, 0.3415, 0.1093]","[3.2907, 5.3998, 4.7415]",[5.2300],[1],"[0, 2]"
65,monoprotic,1,10,10.54,8.98,1.5599999999999987,0.20155559499915796,0.2078921750808232,0.1803254092701545,0.1803254092701545,0.1803254092701545,1.0,1.0,1.0,1.0,0.17023077885643811,0.49560407492759057,0.0,6.276471749842166,"[3.2679, 5.4103, 4.7376]","[0.1975, 0.2079, 0.1993]","[0.2260, 0.3408, 0.1089]","[3.2926, 5.4002, 4.7426]",[5.2300],[1],"[0, 2]"
65,monoprotic,1,11,7.79,8.98,1.1900000000000004,0.20143380408123304,0.20572925959145716,0.18075734880553185,0.18075734880553185,0.18075734880553185,1.0,1.0,1.0,1.0,0.1703068210280705,0.49672141491692756,0.0,3.5513211665302515,"[3.2701, 5.4108, 4.7352]","[0.1938, 0.2048, 0.2057]","[0.2266, 0.3403, 0.1093]","[3.2929, 5.4003, 4.7422]",[5.2300],[1],"[0, 2]"
65,monoprotic,1,12,10.06,8.98,1.08,0.20308470733685394,0.20509935493025158,0.1797252612711855,0.1797252612711855,0.1797252612711855,1.0,1.0,1.0,1.0,0.17014145765385535,0.4964435548800969,0.0,5.809000759795309,"[3.2773, 5.4097, 4.7344]","[0.1991, 0.2051, 0.2051]","[0.2267, 0.3408, 0.1092]","[3.2941, 5.4001, 4.7421]",[5.2300],[1],"[0, 2]"
65,monoprotic,1,13,9.48,8.98,0.5,0.2027100568200982,0.2127805242725453,0.17323317163001573,0.17323317163001573,0.17323317163001573,1.0,1.0,1.0,1.0,0.1690984443764565,0.49444866850016705,0.0,5.233814736381174,"[3.2748, 5.4032, 4.7298]","[0.2005, 0.2128, 0.1949]","[0.2263, 0.3416, 0.1079]","[3.2937, 5.3991, 4.7413]",[5.2300],[1],"[0, 2]"
65,monoprotic,1,14,7.96,8.98,1.0200000000000005,0.20913511381322522,0.21757277053363686,0.16829071677707397,0.16829071677707397,0.16829071677707397,1.0,1.0,1.0,1.0,0.1683171959509,0.49448230582614616,0.0,3.71976194255054,"[3.2646, 5.3983, 4.7371]","[0.2070, 0.2176, 0.2028]","[0.2268, 0.3414, 0.1071]","[3.2921, 5.3983, 4.7425]",[5.2300],[1],"[0, 2]"
65,monoprotic,1,15,8.25,8.98,0.7300000000000004,0.2091233921441693,0.23359911544389714,0.15623937514275976,0.15623937514275976,0.15623937514275976,1.0,1.0,1.0,1.0,0.16646003726433278,0.49398230459752673,0.0,4.00880585424602,"[3.2717, 5.3862, 4.7365]","[0.2013, 0.2336, 0.1925]","[0.2268, 0.3415, 0.1066]","[3.2932, 5.3965, 4.7424]",[5.2300],[1],"[0, 2]"
65,monoprotic,1,16,8.86,8.98,0.120000000000001,0.21873956253364535,0.2489107048747429,0.15214302006094194,0.15214302006094194,0.15214302006094194,1.0,1.0,1.0,1.0,0.16587550984233523,0.49456398175597827,0.0,4.617399689406156,"[3.2623, 5.3821, 4.7310]","[0.2049, 0.2489, 0.2024]","[0.2264, 0.3404, 0.1066]","[3.2917, 5.3959, 4.7415]",[5.2300],[1],"[0, 2]"
65,monoprotic,1,17,9.48,8.98,0.5,0.22001255293957833,0.25014549866676594,0.13569695520150482,0.13569695520150482,0.13569695520150482,1.0,1.0,1.0,1.0,0.16339609313024095,0.49256801825500285,0.0,5.2366531822085385,"[3.2646, 5.3657, 4.7281]","[0.2116, 0.2501, 0.1983]","[0.2258, 0.3411, 0.1053]","[3.2921, 5.3934, 4.7411]",[5.2300],[1],"[0, 2]"
65,monoprotic,1,18,8.86,8.98,0.120000000000001,0.21717019628451273,0.2544776387781043,0.14370615050205515,0.14370615050205515,0.14370615050205515,1.0,1.0,1.0,1.0,0.1646254186344036,0.49163277480555456,0.0,4.619339286014437,"[3.2694, 5.3737, 4.7304]","[0.1997, 0.2545, 0.1973]","[0.2248, 0.3413, 0.1053]","[3.2928, 5.3946, 4.7414]",[5.2300],[1],"[0, 2]"
65,monoprotic,1,19,9.48,8.98,0.5,0.21872940948796712,0.25613901781229875,0.15234163454559368,0.15234163454559368,0.15234163454559368,1.0,1.0,1.0,1.0,0.16592723410456678,0.4928556017113565,0.0,5.236741870194674,"[3.2791, 5.3823, 4.7393]","[0.1993, 0.2561, 0.2008]","[0.2238, 0.3387, 0.1053]","[3.2944, 5.3959, 4.7429]",[5.2300],[1],"[0, 2]"
65,monoprotic,1,20,9.44,8.98,0.4599999999999991,0.22459398794711039,0.2596110311459341,0.18174389285948322,0.18174389285948322,0.18174389285948322,1.0,1.0,1.0,1.0,0.17032484326935737,0.4961057409260527,0.0,5.195498360842466,"[3.2611, 5.4117, 4.7541]","[0.2076, 0.2596, 0.2066]","[0.2243, 0.3368, 0.1074]","[3.2916, 5.4003, 4.7452]",[5.2300],[1],"[0, 2]"
65,monoprotic,1,21,9.4,8.98,0.41999999999999993,0.22486048783894064,0.25985974808674644,0.15946594398373115,0.15946594398373115,0.15946594398373115,1.0,1.0,1.0,1.0,0.16700108099985567,0.4967680758286665,0.0,5.15460509210825,"[3.2608, 5.3895, 4.7402]","[0.2106, 0.2599, 0.2042]","[0.2249, 0.3363, 0.1071]","[3.2915, 5.3970, 4.7430]",[5.2300],[1],"[0, 2]"
65,monoprotic,1,22,9.35,8.98,0.3699999999999992,0.22692982336098608,0.2665068521946364,0.15938139658890815,0.15938139658890815,0.15938139658890815,1.0,1.0,1.0,1.0,0.16699956856405063,0.4980222828327089,0.0,5.106541676819324,"[3.2612, 5.3894, 4.7388]","[0.2074, 0.2665, 0.2068]","[0.2250, 0.3353, 0.1076]","[3.2916, 5.3970, 4.7428]",[5.2300],[1],"[0, 2]"
65,monoprotic,1,23,9.29,8.98,0.3099999999999987,0.22515230129710814,0.2668478465855799,0.16648467195241246,0.16648467195241246,0.16648467195241246,1.0,1.0,1.0,1.0,0.1680504423914515,0.4976914720202829,0.0,5.046735324859618,"[3.2591, 5.3965, 4.7661]","[0.2099, 0.2668, 0.1987]","[0.2254, 0.3359, 0.1074]","[3.2913, 5.3981, 4.7472]",[5.2300],[1],"[0, 2]"
65,monoprotic,1,24,9.24,8.98,0.2599999999999998,0.21639000085912566,0.25352348124958557,0.1562701126514856,0.1562701126514856,0.1562701126514856,1.0,1.0,1.0,1.0,0.16651005881868386,0.49693046784285383,0.0,4.9958872997760775,"[3.2653, 5.3863, 4.7599]","[0.1970, 0.2535, 0.1986]","[0.2242, 0.3349, 0.1066]","[3.2922, 5.3965, 4.7462]",[5.2300],[1],"[0, 2]"
65,monoprotic,1,25,9.17,8.98,0.1899999999999995,0.21633482419772873,0.25849283343725254,0.16323035526965235,0.16323035526965235,0.16323035526965235,1.0,1.0,1.0,1.0,0.1675613048967639,0.49560630838853087,0.0,4.9264952205866575,"[3.2807, 5.3932, 4.7589]","[0.1987, 0.2585, 0.1918]","[0.2236, 0.3336, 0.1042]","[3.2947, 5.3976, 4.7460]",[5.2300],[1],"[0, 2]"
65,monoprotic,1,26,9.1,8.98,0.11999999999999922,0.2153289116831059,0.25531291430096054,0.17878478818589372,0.17878478818589372,0.17878478818589372,1.0,1.0,1.0,1.0,0.16989172756228932,0.49901325851381945,0.0,4.85522962398827,"[3.2820, 5.4088, 4.7542]","[0.1977, 0.2553, 0.1930]","[0.2232, 0.3304, 0.1059]","[3.2949, 5.3999, 4.7453]",[5.2300],[1],"[0, 2]"
65,monoprotic,1,27,9.03,8.98,0.049999999999998934,0.21736090568702923,0.25000304147546565,0.16792307944547336,0.16792307944547336,0.16792307944547336,1.0,1.0,1.0,1.0,0.16826186995512238,0.49718438952956984,1.0,4.7844684614986175,"[3.2781, 5.3979, 4.7487]","[0.2019, 0.2500, 0.2002]","[0.2215, 0.3289, 0.1037]","[3.2943, 5.3983, 4.7444]",[5.2300],[1],"[0, 2]"
71,triprotic,3,0,2.14,7.43,5.289999999999999,0.20000000000000004,0.2,1.301997680259836,1.4395333212523298,2.0014366285452763,0.0,0.3333333333333333,0.0,0.0,1.301997680259836,0.0,0.0,,"[4.6957, 3.9306, 4.0193]","[0.2000, 0.2000, 0.2000]","[0.3535, 0.4753, 0.0872]","[4.6957, 3.9306, 4.0193]","[2.5326, 4.5259, 6.6971]","[0, 1, 2]",[]
71,triprotic,3,1,3.14,7.43,4.289999999999999,0.2012907201522005,0.20697388983321957,1.3033043220997398,1.4432087433142315,2.0080228075109563,0.3333333333333333,0.3333333333333333,0.0,0.0,1.3022108296764692,0.0,0.0,0.865229437840171,"[4.6891, 3.9351, 4.0265]","[0.2052, 0.1917, 0.2070]","[0.3536, 0.4755, 0.0873]","[4.6946, 3.9313, 4.0205]","[2.5326, 4.5259, 6.6971]","[0, 1, 2]",[]
71,triprotic,3,2,4.44,7.43,2.9899999999999993,0.21151767920165343,0.2243135616864046,1.3004462733753084,1.439856554855576,2.0059459375027604,0.0,0.3333333333333333,0.0,0.0,1.301753387319519,0.0,0.0,0.25392876082100013,"[4.6912, 3.9272, 4.0251]","[0.2127, 0.1975, 0.2243]","[0.3535, 0.4752, 0.0868]","[4.6950, 3.9300, 4.0202]","[2.5326, 4.5259, 6.6971]","[0, 1, 2]",[]
71,triprotic,3,3,5.35,7.43,2.08,0.21163756421744595,0.2265257920281336,1.3036408240394268,1.4473349923788357,2.024280846897037,0.3333333333333333,0.3333333333333333,0.0,0.0,1.3022721826358987,0.0,0.0,1.0320778299588707,"[4.6728, 3.9269, 4.0336]","[0.2091, 0.1993, 0.2265]","[0.3533, 0.4748, 0.0870]","[4.6921, 3.9300, 4.0215]","[2.5326, 4.5259, 6.6971]","[0, 1, 2]",[]
71,triprotic,3,4,6.3,7.43,1.13,0.2126744674057508,0.22618770720037887,1.2998885180740063,1.4464954847185167,2.0276745611444067,0.3333333333333333,0.3333333333333333,0.0,0.0,1.3016784758731892,0.0,0.0,1.8585620556958018,"[4.6694, 3.9232, 4.0445]","[0.2132, 0.1987, 0.2262]","[0.3537, 0.4746, 0.0871]","[4.6915, 3.9294, 4.0232]","[2.5326, 4.5259, 6.6971]","[0, 1, 2]",[]
71,triprotic,3,5,6.88,7.43,0.5499999999999998,0.21297246247857568,0.22521215718952894,1.292332340147308,1.4388866960266289,2.015067901843934,0.3333333333333333,0.3333333333333333,0.0,0.0,1.3005021313456346,0.0,0.0,2.2620538031868636,"[4.6821, 3.9203, 4.0517]","[0.2033, 0.2104, 0.2252]","[0.3538, 0.4748, 0.0866]","[4.6935, 3.9289, 4.0244]","[2.5326, 4.5259, 6.6971]","[0, 1, 2]",[]
71,triprotic,3,6,7.32,7.43,0.10999999999999943,0.20536586591398306,0.21880154897756748,1.2886246317106653,1.4364844194652417,2.0098925110365453,0.3333333333333333,0.3333333333333333,0.0,0.0,1.2999042118552204,0.0,0.0,2.4759151727706197,"[4.6872, 3.9234, 4.0607]","[0.1952, 0.2021, 0.2188]","[0.3541, 0.4748, 0.0867]","[4.6943, 3.9294, 4.0258]","[2.5326, 4.5259, 6.6971]","[0, 1, 2]",[]
71,triprotic,3,7,7.56,7.43,0.1299999999999999,0.20819132661727702,0.21707354912360072,1.2828655701513603,1.4332784490136652,2.0089739194498346,0.3333333333333333,0.3333333333333333,0.0,0.0,1.2989877014718312,0.0,0.0,2.5503399050235744,"[4.6881, 3.9186, 4.0723]","[0.2018, 0.2057, 0.2171]","[0.3536, 0.4746, 0.0871]","[4.6945, 3.9287, 4.0276]","[2.5326, 4.5259, 6.6971]","[0, 1, 2]",[]
71,triprotic,3,8,7.45,7.43,0.020000000000000462,0.2130048926488751,0.2250022420221608,1.286019238947881,1.4315899200833246,2.0016298949859967,0.3333333333333333,0.3333333333333333,0.0,0.0,1.2995043980980128,0.0,1.0,2.5227102346718313,"[4.6955, 3.9183, 4.0552]","[0.1956, 0.2185, 0.2250]","[0.3535, 0.4747, 0.0866]","[4.6957, 3.9286, 4.0249]","[2.5326, 4.5259, 6.6971]","[0, 1, 2]",[]
73,diprotic,2,0,2.48,10.35,7.869999999999999,0.20000000000000004,0.2,0.4126179960526142,0.49280771042238963,0.6820726838672497,0.5,1.0,0.0,1.0,0.4126179960526142,0.6342079360737386,0.0,,"[3.7825, 5.9801, 2.2739]","[0.2000, 0.2000, 0.2000]","[0.0295, 0.3086, 0.1485]","[3.7825, 5.9801, 2.2739]","[2.1307, 4.4645]","[0, 2]",[1]
73,diprotic,2,1,2.98,10.35,7.369999999999999,0.20795306325124732,0.2135520473816343,0.421938546252665,0.49867281969782806,0.6877250099628589,0.5,1.0,0.0,1.0,0.41410477716089433,0.6334002438059556,0.0,0.8819199746754021,"[3.7768, 5.9848, 2.2868]","[0.2049, 0.2136, 0.2054]","[0.0294, 0.3083, 0.1490]","[3.7816, 5.9809, 2.2759]","[2.1307, 4.4645]","[0, 2]",[1]
73,diprotic,2,2,4.93,10.35,5.42,0.20585692929332533,0.21527004528626315,0.42189147869929533,0.501839381533907,0.6936456784078855,0.5,1.0,0.0,1.0,0.41410589179497803,0.6336456295986087,0.0,0.7680634076893327,"[3.7709, 5.9938, 2.2808]","[0.1982, 0.2153, 0.2041]","[0.0297, 0.3087, 0.1488]","[3.7806, 5.9823, 2.2750]","[2.1307, 4.4645]","[0, 2]",[1]
73,diprotic,2,3,12.11,10.35,1.7599999999999998,0.2087454293101724,0.21859051162720364,0.4201074255059627,0.506627774475135,0.7032707227469368,0.5,1.0,0.0,1.0,0.41382223427620635,0.6333622681207903,0.0,7.6997241481579834,"[3.7613, 5.9886, 2.2676]","[0.2010, 0.2186, 0.2067]","[0.0294, 0.3085, 0.1492]","[3.7791, 5.9815, 2.2729]","[2.1307, 4.4645]","[0, 2]",[1]
73,diprotic,2,4,11.61,10.35,1.2599999999999998,0.2097645520520879,0.21725948687217037,0.4177667883645184,0.4999914978710208,0.6924710083592296,0.5,1.0,0.0,1.0,0.4134462702087631,0.6330777980679719,0.0,7.317296756561845,"[3.7721, 5.9918, 2.2738]","[0.1984, 0.2136, 0.2173]","[0.0296, 0.3082, 0.1490]","[3.7808, 5.9820, 2.2738]","[2.1307, 4.4645]","[0, 2]",[1]
73,diprotic,2,5,5.36,10.35,4.989999999999999,0.21257950534299697,0.21618138710956453,0.4206078948822398,0.49840417195513753,0.6879947258687658,0.5,1.0,0.0,1.0,0.4138822273324898,0.6329035969867784,0.0,1.1532065348140899,"[3.7766, 5.9843, 2.2839]","[0.2061, 0.2162, 0.2154]","[0.0300, 0.3086, 0.1491]","[3.7815, 5.9808, 2.2754]","[2.1307, 4.4645]","[0, 2]",[1]
73,diprotic,2,6,10.64,10.35,0.2900000000000009,0.21695578968420995,0.22336431056269823,0.4198446604503103,0.4999684922598202,0.6913201737916088,0.5,1.0,0.0,1.0,0.4137566988326631,0.6327077389404114,0.0,6.390955125782639,"[3.7732, 5.9887, 2.2791]","[0.2110, 0.2165, 0.2234]","[0.0304, 0.3089, 0.1489]","[3.7810, 5.9815, 2.2747]","[2.1307, 4.4645]","[0, 2]",[1]
73,diprotic,2,7,5.94,10.35,4.409999999999999,0.21119605356571616,0.2225128107699088,0.42154327327757235,0.5007528533717479,0.6918295824284009,0.5,1.0,0.0,1.0,0.41403206475182786,0.6306754747785752,0.0,1.707584093846381,"[3.7727, 5.9842, 2.2819]","[0.2013, 0.2098, 0.2225]","[0.0304, 0.3083, 0.1501]","[3.7809, 5.9808, 2.2751]","[2.1307, 4.4645]","[0, 2]",[1]
73,diprotic,2,8,6.6,10.35,3.75,0.2093739395227335,0.22406485958368316,0.42422693006742107,0.50738972681892,0.7025717641975873,0.5,1.0,0.0,1.0,0.41447564135072024,0.6300325373823482,0.0,2.3594782244414088,"[3.7620, 5.9914, 2.2766]","[0.1998, 0.2042, 0.2241]","[0.0307, 0.3083, 0.1504]","[3.7792, 5.9819, 2.2743]","[2.1307, 4.4645]","[0, 2]",[1]
73,diprotic,2,9,10.63,10.35,0.28000000000000114,0.2124971259835667,0.22803031970143361,0.42907854116499,0.5145362249592316,0.7130488429696347,0.5,1.0,0.0,1.0,0.41525314864889995,0.6294065654695423,0.0,6.3813344162143775,"[3.7515, 5.9888, 2.2758]","[0.2007, 0.2088, 0.2280]","[0.0314, 0.3089, 0.1505]","[3.7775, 5.9815, 2.2742]","[2.1307, 4.4645]","[0, 2]",[1]
73,diprotic,2,10,10.11,10.35,0.2400000000000002,0.2114468905343981,0.22805458719546834,0.42105866411155324,0.50357292721366,0.6972746926094091,0.5,1.0,0.0,1.0,0.4139638181552505,0.6294631603133252,0.0,5.865999354412779,"[3.7673, 5.9994, 2.2755]","[0.2032, 0.2031, 0.2281]","[0.0307, 0.3090, 0.1512]","[3.7800, 5.9832, 2.2741]","[2.1307, 4.4645]","[0, 2]",[1]
73,diprotic,2,11,10.44,10.35,0.08999999999999986,0.20352718708986794,0.21179447182095335,0.42048195662741983,0.5045370128033791,0.6993233478148362,0.5,1.0,0.0,1.0,0.4138835128008349,0.6295566510075421,1.0,6.192802523784339,"[3.7652, 5.9894, 2.2723]","[0.1991, 0.1997, 0.2118]","[0.0312, 0.3098, 0.1511]","[3.7797, 5.9816, 2.2736]","[2.1307, 4.4645]","[0, 2]",[1]
72,monoprotic,1,0,1.66,9.67,8.01,0.20000000000000004,0.2,0.3536824669663474,0.3536824669663474,0.3536824669663474,1.0,1.0,1.0,1.0,0.3536824669663474,0.7291825096119451,0.0,,"[4.4763, 4.0664, 2.4263]","[0.2000, 0.2000, 0.2000]","[0.0679, 0.1258, 0.0571]","[4.4763, 4.0664, 2.4263]",[4.8300],[0],"[1, 2]"
72,monoprotic,1,1,5.73,9.67,3.9399999999999995,0.2045039772658057,0.20467526485926357,0.3436621467344443,0.3436621467344443,0.3436621467344443,1.0,1.0,1.0,1.0,0.35208282065900764,0.7287768401632231,0.0,2.2056241397699345,"[4.4863, 4.0622, 2.4425]","[0.2046, 0.2042, 0.2047]","[0.0682, 0.1261, 0.0571]","[4.4779, 4.0657, 2.4289]",[4.8300],[0],"[1, 2]"
72,monoprotic,1,2,12.27,9.67,2.5999999999999996,0.20419759875389176,0.21234140362600412,0.3428527512842292,0.3428527512842292,0.3428527512842292,1.0,1.0,1.0,1.0,0.351969653254784,0.728692310295927,0.0,8.615387850655242,"[4.4871, 4.0638, 2.4513]","[0.2123, 0.2012, 0.1991]","[0.0679, 0.1258, 0.0564]","[4.4780, 4.0660, 2.4303]",[4.8300],[0],"[1, 2]"
72,monoprotic,1,3,11.8,9.67,2.130000000000001,0.20187667647015797,0.21554715132442906,0.32844243675274143,0.32844243675274143,0.32844243675274143,1.0,1.0,1.0,1.0,0.3497060006363002,0.7296719651936949,0.0,8.205836122343317,"[4.5016, 4.0705, 2.4604]","[0.2155, 0.1964, 0.1937]","[0.0679, 0.1267, 0.0565]","[4.4803, 4.0670, 2.4318]",[4.8300],[0],"[1, 2]"
72,monoprotic,1,4,5.73,9.67,3.9399999999999995,0.1997832777757548,0.2237117075527945,0.3529870717482533,0.3529870717482533,0.3529870717482533,1.0,1.0,1.0,1.0,0.3535739926705679,0.7303465009848782,0.0,2.2011809533182536,"[4.4770, 4.0529, 2.4622]","[0.2237, 0.1855, 0.1901]","[0.0677, 0.1264, 0.0570]","[4.4764, 4.0642, 2.4321]",[4.8300],[0],"[1, 2]"
72,monoprotic,1,5,11.0,9.67,1.33,0.20189330937747652,0.22392845105309522,0.3577204772644471,0.3577204772644471,0.3577204772644471,1.0,1.0,1.0,1.0,0.3543121872866992,0.7308635471673842,0.0,7.438536528265104,"[4.4723, 4.0428, 2.4621]","[0.2239, 0.1874, 0.1944]","[0.0676, 0.1255, 0.0581]","[4.4757, 4.0625, 2.4321]",[4.8300],[0],"[1, 2]"
72,monoprotic,1,6,6.22,9.67,3.45,0.19700082323140058,0.2180839434051312,0.36726514748828976,0.36726514748828976,0.36726514748828976,1.0,1.0,1.0,1.0,0.35581578701676886,0.7327784018567621,0.0,2.6761895576771346,"[4.4627, 4.0527, 2.4558]","[0.2181, 0.1811, 0.1918]","[0.0668, 0.1254, 0.0579]","[4.4742, 4.0641, 2.4311]",[4.8300],[0],"[1, 2]"
72,monoprotic,1,7,7.17,9.67,2.5,0.19844479812316917,0.2171802949177928,0.3693919709984801,0.3693919709984801,0.3693919709984801,1.0,1.0,1.0,1.0,0.35615253854882756,0.7320243265005414,0.0,3.6181515806401148,"[4.4606, 4.0408, 2.4400]","[0.2172, 0.1802, 0.1980]","[0.0670, 0.1250, 0.0580]","[4.4738, 4.0622, 2.4285]",[4.8300],[0],"[1, 2]"
72,monoprotic,1,8,10.96,9.67,1.290000000000001,0.20184587817757652,0.22263445489373362,0.38289884407075814,0.38289884407075814,0.38289884407075814,1.0,1.0,1.0,1.0,0.3582459039376218,0.7317546100795131,0.0,7.401581504186616,"[4.4471, 4.0430, 2.4450]","[0.2226, 0.1815, 0.2014]","[0.0671, 0.1258, 0.0572]","[4.4718, 4.0625, 2.4293]",[4.8300],[0],"[1, 2]"
72,monoprotic,1,9,10.61,9.67,0.9399999999999995,0.20804860021197466,0.22375580052471108,0.3873971210515865,0.3873971210515865,0.3873971210515865,1.0,1.0,1.0,1.0,0.3589413133398738,0.7314499422700059,0.0,7.05573799567297,"[4.4426, 4.0623, 2.4438]","[0.2238, 0.1952, 0.2052]","[0.0675, 0.1267, 0.0571]","[4.4711, 4.0657, 2.4291]",[4.8300],[0],"[1, 2]"
72,monoprotic,1,10,7.39,9.67,2.2800000000000002,0.209476459822849,0.22656749847625937,0.3767425414097305,0.3767425414097305,0.3767425414097305,1.0,1.0,1.0,1.0,0.35726706930765495,0.7315849077339579,0.0,3.838835564078763,"[4.4533, 4.0561, 2.4381]","[0.2266, 0.1933, 0.2086]","[0.0678, 0.1280, 0.0567]","[4.4727, 4.0647, 2.4282]",[4.8300],[0],"[1, 2]"
72,monoprotic,1,11,10.21,9.67,0.5400000000000009,0.20973624671988134,0.23155731236406893,0.39325509825674576,0.39325509825674576,0.39325509825674576,1.0,1.0,1.0,1.0,0.3597963943200595,0.731222495282452,0.0,6.656958498563618,"[4.4367, 4.0500, 2.4472]","[0.2316, 0.1930, 0.2047]","[0.0676, 0.1279, 0.0562]","[4.4702, 4.0637, 2.4297]",[4.8300],[0],"[1, 2]"
72,monoprotic,1,12,9.74,9.67,0.07000000000000028,0.21568974582547007,0.24181487046382177,0.3775687511620154,0.3775687511620154,0.3775687511620154,1.0,1.0,1.0,1.0,0.35732651435929874,0.7324283644891545,1.0,6.188523857165128,"[4.4524, 4.0436, 2.4546]","[0.2418, 0.1946, 0.2107]","[0.0672, 0.1276, 0.0562]","[4.4727, 4.0627, 2.4308]",[4.8300],[0],"[1, 2]"
75,monoprotic,1,0,2.58,5.28,2.7,0.20000000000000004,0.2,1.2125916122395144,1.2125916122395144,1.2125916122395144,0.0,0.0,0.0,0.0,1.2125916122395144,0.7701880221104762,0.0,,"[5.1426, 5.6568, 2.5602]","[0.2000, 0.2000, 0.2000]","[0.1859, 0.4741, 0.1488]","[5.1426, 5.6568, 2.5602]",[3.9300],[0],"[1, 2]"
75,monoprotic,1,1,4.09,5.28,1.1900000000000004,0.19921341129591807,0.2086705990054582,1.2179094484114539,1.2179094484114539,1.2179094484114539,0.0,0.0,0.0,0.0,1.2134489380649929,0.7700799479371201,0.0,0.14531361366622164,"[5.1479, 5.6507, 2.5520]","[0.1964, 0.1926, 0.2087]","[0.1860, 0.4741, 0.1489]","[5.1434, 5.6558, 2.5589]",[3.9300],[0],"[1, 2]"
75,monoprotic,1,2,4.52,5.28,0.7600000000000007,0.19987903118608866,0.20372971633531559,1.218434389917308,1.218434389917308,1.218434389917308,0.0,0.0,0.0,0.0,1.2135253382614555,0.7701787864319709,0.0,0.2214636455569412,"[5.1484, 5.6546, 2.5564]","[0.2037, 0.1946, 0.2013]","[0.1859, 0.4743, 0.1488]","[5.1435, 5.6564, 2.5596]",[3.9300],[0],"[1, 2]"
75,monoprotic,1,3,5.35,5.28,0.0699999999999994,0.20058953559406434,0.2208191540975442,1.2021912147078386,1.2021912147078386,1.2021912147078386,0.0,0.0,0.0,0.0,1.2109635312537237,0.7702706721118252,1.0,1.0070023612584915,"[5.1322, 5.6583, 2.5694]","[0.2208, 0.1783, 0.2026]","[0.1857, 0.4739, 0.1487]","[5.1410, 5.6570, 2.5617]",[3.9300],[0],"[1, 2]"
74,triprotic,3,0,1.64,7.41,5.7700000000000005,0.20000000000000004,0.2,1.4732077790129836,1.8066515176614042,2.5631133216057114,0.3333333333333333,0.3333333333333333,0.0,0.0,1.4732077790129836,0.0,0.0,,"[5.0968, 4.9847, 5.4701]","[0.2000, 0.2000, 0.2000]","[0.2118, 0.2934, 0.4111]","[5.0968, 4.9847, 5.4701]","[2.4216, 5.1593, 7.2641]","[0, 1, 2]",[]
74,triprotic,3,1,3.17,7.41,4.24,0.2026261410691165,0.20919916540483882,1.4669227183297135,1.801900015398642,2.5495936289949572,0.3333333333333333,0.3333333333333333,0.0,0.0,1.472193903560461,0.0,0.0,1.6957934577204288,"[5.1074, 4.9712, 5.4648]","[0.2039, 0.1948, 0.2092]","[0.2116, 0.2928, 0.4108]","[5.0985, 4.9825, 5.4692]","[2.4216, 5.1593, 7.2641]","[0, 1, 2]",[]
74,triprotic,3,2,5.08,7.41,2.33,0.1563282032088196,0.1862382475119991,1.5045576678497847,1.7338751860160622,2.246693971361286,0.3333333333333333,0.3333333333333333,0.0,0.0,1.4781094961470425,0.0,0.0,0.05583690160885446,"[4.8630, 4.6683, 5.2934]","[0.1862, 0.1474, 0.1354]","[0.2123, 0.2930, 0.4092]","[5.0587, 4.9307, 5.4395]","[2.4216, 5.1593, 7.2641]","[0, 1, 2]",[]
74,triprotic,3,3,5.79,7.41,1.62,0.157647638371287,0.1896807288675899,1.5039134986859153,1.7268329911032259,2.2305831175072006,0.3333333333333333,0.3333333333333333,0.0,0.0,1.4779790335094323,0.0,0.0,0.5283022867143154,"[4.8459, 4.6522, 5.2963]","[0.1897, 0.1500, 0.1333]","[0.2123, 0.2928, 0.4095]","[5.0561, 4.9281, 5.4399]","[2.4216, 5.1593, 7.2641]","[0, 1, 2]",[]
74,triprotic,3,4,6.62,7.41,0.79,0.1576028472443712,0.18816925322163688,1.5024245290197193,1.7248104940533364,2.2222203013363115,0.3333333333333333,0.3333333333333333,0.0,0.0,1.4776916731056893,0.0,0.0,1.1963128455728294,"[4.8462, 4.6438, 5.2921]","[0.1882, 0.1486, 0.1361]","[0.2123, 0.2928, 0.4098]","[5.0560, 4.9266, 5.4393]","[2.4216, 5.1593, 7.2641]","[0, 1, 2]",[]
74,triprotic,3,5,7.22,7.41,0.1900000000000004,0.15956561967147576,0.19559039561552044,1.4987704869510938,1.7212680154567848,2.2203530380740863,0.3333333333333333,0.3333333333333333,0.0,0.0,1.476978441518446,0.0,0.0,1.5721806700155136,"[4.8485, 4.6419, 5.2990]","[0.1956, 0.1489, 0.1342]","[0.2119, 0.2925, 0.4097]","[5.0567, 4.9263, 5.4404]","[2.4216, 5.1593, 7.2641]","[0, 1, 2]",[]
74,triprotic,3,6,7.49,7.41,0.08000000000000007,0.15493829556878044,0.1949298223513211,1.4984960030036385,1.7201563144291476,2.217758458234078,0.3333333333333333,0.3333333333333333,0.0,0.0,1.476849017651184,0.0,1.0,1.6723320677503946,"[4.8464, 4.6393, 5.2993]","[0.1949, 0.1419, 0.1279]","[0.2115, 0.2921, 0.4097]","[5.0564, 4.9254, 5.4402]","[2.4216, 5.1593, 7.2641]","[0, 1, 2]",[]
79,diprotic,2,0,1.75,3.56,1.81,0.20000000000000004,0.2,0.6660786634089981,0.6830513164314603,0.8174005555133252,0.0,1.0,0.0,1.0,0.6660786634089981,0.18818686232551737,0.0,,"[5.5543, 4.4834, 4.1035]","[0.2000, 0.2000, 0.2000]","[0.2812, 0.0894, 0.1045]","[5.5543, 4.4834, 4.1035]","[3.5888, 6.3717]","[0, 2]",[1]
79,diprotic,2,1,3.48,3.56,0.08000000000000007,0.20097250065967565,0.20320712492799714,0.6548085903252314,0.6724864510411136,0.8079873645407059,0.0,1.0,0.0,1.0,0.6642720613366224,0.18810248002849253,1.0,0.9235560679621995,"[5.5637, 4.4920, 4.0904]","[0.1983, 0.2014, 0.2032]","[0.2810, 0.0893, 0.1047]","[5.5558, 4.4848, 4.1014]","[3.5888, 6.3717]","[0, 2]",[1]
76,diprotic,2,0,1.61,4.51,2.8999999999999995,0.20000000000000004,0.2,0.33239984000249256,0.35008494777400806,0.44226255899418376,1.0,1.0,1.0,1.0,0.33239984000249256,0.42925857905379744,0.0,,"[3.8125, 2.8795, 3.4797]","[0.2000, 0.2000, 0.2000]","[0.4996, 0.1533, 0.4910]","[3.8125, 2.8795, 3.4797]","[3.1021, 4.2548]","[0, 1]",[2]
76,diprotic,2,1,3.21,4.51,1.2999999999999998,0.20111414014010084,0.21096537383370445,0.33802386156665576,0.35623393507223905,0.45046266940727,1.0,1.0,1.0,1.0,0.33329206858093263,0.4295103768228546,0.0,0.15882093602791425,"[3.8043, 2.8765, 3.4827]","[0.2110, 0.2066, 0.1857]","[0.4996, 0.1531, 0.4914]","[3.8112, 2.8791, 3.4802]","[3.1021, 4.2548]","[0, 1]",[2]
76,diprotic,2,2,3.5,4.51,1.0099999999999998,0.20411183995291046,0.22403161891242848,0.33840627772544507,0.3555989757700811,0.4476391608913657,1.0,1.0,1.0,1.0,0.3333520000773109,0.42977335752514023,0.0,0.3576630409806967,"[3.8072, 2.8729, 3.4911]","[0.2240, 0.1995, 0.1888]","[0.4996, 0.1529, 0.4918]","[3.8117, 2.8785, 3.4816]","[3.1021, 4.2548]","[0, 1]",[2]
76,diprotic,2,3,3.79,4.51,0.7199999999999998,0.2028216496553611,0.23360906608205256,0.3426271339802067,0.3585717535624916,0.44836430584228015,1.0,1.0,1.0,1.0,0.3340290997725306,0.42966473952654216,0.0,0.5655614107009024,"[3.8064, 2.8652, 3.4865]","[0.2336, 0.1949, 0.1800]","[0.5000, 0.1529, 0.4919]","[3.8116, 2.8772, 3.4808]","[3.1021, 4.2548]","[0, 1]",[2]
76,diprotic,2,4,4.0,4.51,0.5099999999999998,0.20717865114117828,0.23506241855730903,0.34249651476654197,0.35805961548669557,0.44691311122157007,1.0,1.0,1.0,1.0,0.3340037510502536,0.42952453101266247,0.0,0.721525207394734,"[3.8079, 2.8640, 3.5007]","[0.2351, 0.2009, 0.1856]","[0.5004, 0.1527, 0.4917]","[3.8118, 2.8771, 3.4831]","[3.1021, 4.2548]","[0, 1]",[2]
76,diprotic,2,5,4.16,4.51,0.34999999999999964,0.20619812130661805,0.23886595316202994,0.34007656995293334,0.35830811197215445,0.45291552454795614,1.0,1.0,1.0,1.0,0.3335958566624213,0.42984311198950304,0.0,0.8415018753986807,"[3.8019, 2.8748, 3.5003]","[0.2389, 0.1930, 0.1868]","[0.4997, 0.1523, 0.4916]","[3.8109, 2.8788, 3.4831]","[3.1021, 4.2548]","[0, 1]",[2]
76,diprotic,2,6,4.28,4.51,0.22999999999999954,0.2128626472564663,0.239818950717399,0.34397855381493825,0.36453320344622714,0.4646566832757153,1.0,1.0,1.0,1.0,0.3341727199539295,0.4298873340811961,0.0,0.9334771497827026,"[3.7901, 2.8788, 3.5060]","[0.2398, 0.2110, 0.1877]","[0.4998, 0.1525, 0.4918]","[3.8091, 2.8794, 3.4840]","[3.1021, 4.2548]","[0, 1]",[2]
76,diprotic,2,7,4.37,4.51,0.13999999999999968,0.21089899120866573,0.23942962713763363,0.34788740823190656,0.3665893301189412,0.46348190702289926,1.0,1.0,1.0,1.0,0.33479672049489917,0.42937766288856744,0.0,1.004922826429829,"[3.7913, 2.8698, 3.5109]","[0.2394, 0.2102, 0.1831]","[0.4997, 0.1533, 0.4914]","[3.8093, 2.8780, 3.4848]","[3.1021, 4.2548]","[0, 1]",[2]
76,diprotic,2,8,4.42,4.51,0.08999999999999986,0.20967496387003248,0.235375727988514,0.34464984317959924,0.36082923484128654,0.4514872070202798,1.0,1.0,1.0,1.0,0.3343221402115306,0.4295156198279745,1.0,1.0435978452023118,"[3.8033, 2.8643, 3.5091]","[0.2354, 0.2089, 0.1848]","[0.4995, 0.1533, 0.4915]","[3.8111, 2.8771, 3.4845]","[3.1021, 4.2548]","[0, 1]",[2]
77,diprotic,2,0,1.8,3.8,1.9999999999999998,0.20000000000000004,0.2,1.0868756124970103,1.08725645738563,1.1156507247643708,0.0,0.0,0.0,0.0,1.0868756124970103,0.31334916129293455,0.0,,"[3.5260, 5.5583, 5.4349]","[0.2000, 0.2000, 0.2000]","[0.2857, 0.2552, 0.2735]","[3.5260, 5.5583, 5.4349]","[2.4679, 4.3193]","[0, 2]",[1]
77,diprotic,2,1,2.66,3.8,1.1399999999999997,0.19829878178077687,0.20436377943750839,1.0862175701821104,1.0866185618875948,1.1157351796099855,0.0,0.0,0.0,0.0,1.0867706237868622,0.3133617979087801,0.0,1.0197508662566541,"[3.5246, 5.5635, 5.4350]","[0.2044, 0.1975, 0.1930]","[0.2861, 0.2553, 0.2734]","[3.5258, 5.5591, 5.4350]","[2.4679, 4.3193]","[0, 2]",[1]
77,diprotic,2,2,3.04,3.8,0.7599999999999998,0.19674164024646612,0.2008206022357442,1.0884213711100834,1.0889201195844314,1.1213750620508325,0.0,0.0,0.0,0.0,1.087127315540821,0.3131105048189136,0.0,1.0497221714258194,"[3.5234, 5.5586, 5.4407]","[0.2008, 0.1955, 0.1939]","[0.2860, 0.2551, 0.2736]","[3.5256, 5.5583, 5.4359]","[2.4679, 4.3193]","[0, 2]",[1]
77,diprotic,2,3,3.39,3.8,0.4099999999999997,0.19812921841664366,0.1983695357869814,1.0862848946843904,1.0868944728645478,1.1226816352531008,0.0,0.0,0.0,0.0,1.0867803244609797,0.31334697214751256,0.0,1.0859707963094114,"[3.5178, 5.5759, 5.4420]","[0.1980, 0.1980, 0.1984]","[0.2863, 0.2551, 0.2728]","[3.5247, 5.5611, 5.4361]","[2.4679, 4.3193]","[0, 2]",[1]
77,diprotic,2,4,3.59,3.8,0.20999999999999996,0.19443326465702784,0.19788539846306677,1.082933208083631,1.084033729548278,1.131767556938148,0.0,0.0,0.0,0.0,1.086225700317409,0.31355843275353695,0.0,1.084475494772196,"[3.5020, 5.5792, 5.4511]","[0.1912, 0.1942, 0.1979]","[0.2867, 0.2557, 0.2731]","[3.5221, 5.5616, 5.4375]","[2.4679, 4.3193]","[0, 2]",[1]
77,diprotic,2,5,3.7,3.8,0.09999999999999964,0.19178471782694717,0.1956599990979652,1.080053053112343,1.0814145052823443,1.1343000318094436,0.0,0.0,0.0,0.0,1.0857494901047622,0.31394502412662423,1.0,1.0657637000083922,"[3.4937, 5.5872, 5.4536]","[0.1876, 0.1921, 0.1957]","[0.2861, 0.2558, 0.2730]","[3.5208, 5.5630, 5.4380]","[2.4679, 4.3193]","[0, 2]",[1]
80,diprotic,2,0,1.81,5.2,3.39,0.20000000000000004,0.2,0.916479636962253,0.9247993552484591,1.0402492717742806,0.0,0.5,0.0,0.0,0.916479636962253,0.39252488199359525,0.0,,"[3.8007, 5.9651, 3.1186]","[0.2000, 0.2000, 0.2000]","[0.4301, 0.4768, 0.1889]","[3.8007, 5.9651, 3.1186]","[2.0783, 5.1724]","[1, 2]",[0]
80,diprotic,2,1,2.52,5.2,2.68,0.20119543516824726,0.2029533040540737,0.9167508544221048,0.9253006295282179,1.0422463759424248,0.0,0.5,0.0,0.0,0.9165235666905238,0.39256711041925085,0.0,1.4356834460236132,"[3.8115, 5.9636, 3.1206]","[0.2030, 0.2015, 0.1991]","[0.4301, 0.4767, 0.1888]","[3.8025, 5.9649, 3.1189]","[2.0783, 5.1724]","[1, 2]",[0]
80,diprotic,2,2,4.49,5.2,0.71,0.20057876641062303,0.21016155815653267,0.9151605199748556,0.9231881215962793,1.0366410967590416,0.0,0.5,0.0,0.0,0.9162714061824335,0.3928324986591817,0.0,0.21146718367002926,"[3.8077, 5.9661, 3.1149]","[0.1916, 0.2000, 0.2102]","[0.4302, 0.4762, 0.1888]","[3.8019, 5.9652, 3.1180]","[2.0783, 5.1724]","[1, 2]",[0]
80,diprotic,2,3,4.8,5.2,0.40000000000000036,0.2010932901673412,0.2124463078911892,0.9146540308557072,0.923878487884392,1.0448825385449134,0.0,0.5,0.0,0.0,0.9161788749748969,0.3924383044611747,0.0,0.4652597626671193,"[3.8101, 5.9568, 3.1232]","[0.1936, 0.1973, 0.2124]","[0.4299, 0.4767, 0.1889]","[3.8022, 5.9638, 3.1193]","[2.0783, 5.1724]","[1, 2]",[0]
80,diprotic,2,4,4.98,5.2,0.21999999999999975,0.20338127257601532,0.21662497452931354,0.9142579380374267,0.9236789928706715,1.0458455689383999,0.0,0.5,0.0,0.0,0.9161151294851055,0.3924138277084826,0.0,0.605735717825592,"[3.8072, 5.9550, 3.1242]","[0.1924, 0.2011, 0.2166]","[0.4302, 0.4770, 0.1891]","[3.8018, 5.9635, 3.1194]","[2.0783, 5.1724]","[1, 2]",[0]
80,diprotic,2,5,5.08,5.2,0.1200000000000001,0.212992920408024,0.23525753728556958,0.923157564365543,0.9324023688392205,1.0541319464853611,0.0,0.5,0.0,0.0,0.9175053892908134,0.39232154846039463,0.0,0.6837147040478886,"[3.8053, 5.9646, 3.1324]","[0.1943, 0.2094, 0.2353]","[0.4301, 0.4774, 0.1888]","[3.8015, 5.9650, 3.1207]","[2.0783, 5.1724]","[1, 2]",[0]
80,diprotic,2,6,5.13,5.2,0.07000000000000028,0.21887563409891456,0.237601904609901,0.9204979509762243,0.9289581945219615,1.0455853181164554,0.0,0.5,0.0,0.0,0.9171016041736624,0.39265808415671244,1.0,0.720191741939634,"[3.8091, 5.9678, 3.1239]","[0.2038, 0.2152, 0.2376]","[0.4309, 0.4776, 0.1889]","[3.8021, 5.9655, 3.1194]","[2.0783, 5.1724]","[1, 2]",[0]
78,triprotic,3,0,2.94,2.36,0.5800000000000001,0.20000000000000004,0.2,0.4025827658125401,0.51873725988841,0.8421073622783819,0.6666666666666666,1.0,0.0,1.0,0.4025827658125401,0.0,0.0,,"[2.7207, 4.7870, 5.5258]","[0.2000, 0.2000, 0.2000]","[0.2532, 0.4497, 0.1415]","[2.7207, 4.7870, 5.5258]","[3.0285, 4.8448, 6.3679]","[0, 1, 2]",[]
78,triprotic,3,1,1.76,2.36,0.5999999999999999,0.15221811539769045,0.1928462691549294,0.46204385092945593,0.5778534295526178,0.9496927496868768,0.6666666666666666,1.0,0.0,1.0,0.38056363689767697,0.0,0.0,0.07178870284929872,"[3.2947, 4.6744, 5.4182]","[0.1076, 0.1563, 0.1928]","[0.2527, 0.4464, 0.1394]","[2.8232, 4.7680, 5.5084]","[3.0285, 4.8448, 6.3679]","[0, 1, 2]",[]
78,triprotic,3,2,1.92,2.36,0.43999999999999995,0.10619880481122412,0.1389304143306267,0.578738110327936,0.6333526221923246,0.8726738646602676,0.3333333333333333,1.0,0.0,1.0,0.3578920005726937,0.0,0.0,0.06764958852902048,"[3.6461, 4.5987, 5.4953]","[0.0667, 0.1130, 0.1389]","[0.2519, 0.4445, 0.1367]","[2.8934, 4.7536, 5.5205]","[3.0285, 4.8448, 6.3679]","[0, 1, 2]",[]
78,triprotic,3,3,2.09,2.36,0.27,0.10654792036944767,0.1391641551342026,0.6129641317119301,0.6784054526003878,0.8606245662013556,0.3333333333333333,1.0,0.0,1.0,0.34348136637055554,0.0,0.0,0.058838114757090665,"[3.8019, 4.6398, 5.5073]","[0.0479, 0.1392, 0.1326]","[0.2519, 0.4453, 0.1372]","[2.9266, 4.7616, 5.5226]","[3.0285, 4.8448, 6.3679]","[0, 1, 2]",[]
78,triprotic,3,4,2.27,2.36,0.08999999999999986,0.09440049569588149,0.1300190995417805,0.6534427630358288,0.7232500591807343,0.88849352994071,0.3333333333333333,1.0,0.0,1.0,0.3350948751827663,0.0,1.0,0.06308109264820816,"[3.9170, 4.6293, 5.5115]","[0.0286, 0.1300, 0.1246]","[0.2522, 0.4475, 0.1367]","[2.9531, 4.7595, 5.5233]","[3.0285, 4.8448, 6.3679]","[0, 1, 2]",[]
82,diprotic,2,0,1.65,4.4,2.7500000000000004,0.20000000000000004,0.2,0.2379616252419121,0.3269732334405897,0.46220649207016784,1.0,1.0,1.0,1.0,0.2379616252419121,0.6548403838967252,0.0,,"[3.4922, 2.8742, 4.9189]","[0.2000, 0.2000, 0.2000]","[0.1927, 0.0225, 0.0790]","[3.4922, 2.8742, 4.9189]","[2.8879, 4.4567]","[1, 2]",[0]
82,diprotic,2,1,3.02,4.4,1.3800000000000003,0.15368492737042502,0.18414581672199215,0.4007264089278453,0.4134524835447468,0.5025168865626046,0.5,1.0,0.0,1.0,0.2538463092367218,0.6493209644340214,0.0,0.06524609656073155,"[3.8658, 3.1868, 4.9592]","[0.1169, 0.1600, 0.1841]","[0.1928, 0.0242, 0.0800]","[3.5582, 2.9268, 4.9255]","[2.8879, 4.4567]","[1, 2]",[0]
82,diprotic,2,2,3.38,4.4,1.0200000000000005,0.15851959596995918,0.18789284319908262,0.40215768280194064,0.413561105230129,0.49860448639096333,1.0,1.0,1.0,1.0,0.2538369054812257,0.6496509127152954,0.0,0.2328223077300935,"[3.8779, 3.1936, 4.9553]","[0.1197, 0.1679, 0.1879]","[0.1930, 0.0240, 0.0801]","[3.5602, 2.9274, 4.9249]","[2.8879, 4.4567]","[1, 2]",[0]
82,diprotic,2,3,3.77,4.4,0.6300000000000003,0.15411524705889568,0.18060195112225005,0.4017616003790292,0.41385290564713445,0.5010684177354285,0.5,1.0,0.0,1.0,0.25393694440481407,0.6507475338313263,0.0,0.5025445413589478,"[3.8714, 3.1903, 4.9578]","[0.1185, 0.1633, 0.1806]","[0.1931, 0.0237, 0.0799]","[3.5591, 2.9272, 4.9253]","[2.8879, 4.4567]","[1, 2]",[0]
82,diprotic,2,4,4.01,4.4,0.39000000000000057,0.15587762747803005,0.1773402085813749,0.39633390440401706,0.4078092081262246,0.4923952725621161,1.0,1.0,1.0,1.0,0.252833323013552,0.6512593851722989,0.0,0.6693581398483364,"[3.8709, 3.1881, 4.9491]","[0.1199, 0.1704, 0.1773]","[0.1928, 0.0239, 0.0794]","[3.5589, 2.9264, 4.9239]","[2.8879, 4.4567]","[1, 2]",[0]
82,diprotic,2,5,4.15,4.4,0.25,0.15695997149595264,0.17812401963252245,0.39042475547537925,0.40169918353990436,0.48492737114614304,1.0,1.0,1.0,1.0,0.2518150809914319,0.6521828698349925,0.0,0.7595964494161311,"[3.8759, 3.1838, 4.9416]","[0.1210, 0.1717, 0.1781]","[0.1930, 0.0238, 0.0792]","[3.5597, 2.9256, 4.9227]","[2.8879, 4.4567]","[1, 2]",[0]
82,diprotic,2,6,4.62,4.4,0.21999999999999975,0.16500522353163635,0.1845723100569449,0.39263435143417214,0.4021001700577543,0.4793685017692155,1.0,1.0,1.0,1.0,0.2518149273343686,0.6495028972752951,0.0,1.045793271046132,"[3.8692, 3.1938, 4.9361]","[0.1271, 0.1833, 0.1846]","[0.1932, 0.0248, 0.0794]","[3.5581, 2.9265, 4.9217]","[2.8879, 4.4567]","[1, 2]",[0]
82,diprotic,2,7,4.54,4.4,0.13999999999999968,0.16212060171830897,0.19013548727483337,0.3832659210426004,0.3938554134814636,0.47398152331708143,1.0,1.0,1.0,1.0,0.2500980821201433,0.6501828476385488,0.0,0.9996122219227255,"[3.8658, 3.1804, 4.9307]","[0.1274, 0.1901, 0.1688]","[0.1929, 0.0244, 0.0794]","[3.5575, 2.9239, 4.9209]","[2.8879, 4.4567]","[1, 2]",[0]
82,diprotic,2,8,4.48,4.4,0.08000000000000007,0.16493260567767143,0.1877336866621895,0.38467443332060736,0.3945969776423721,0.47260824430343895,1.0,1.0,1.0,1.0,0.25038661751582647,0.6509562718483971,1.0,0.9653905839845542,"[3.8715, 3.1846, 4.9293]","[0.1289, 0.1877, 0.1781]","[0.1930, 0.0239, 0.0796]","[3.5584, 2.9247, 4.9206]","[2.8879, 4.4567]","[1, 2]",[0]
84,triprotic,3,0,2.35,9.57,7.220000000000001,0.20000000000000004,0.2,0.8648108351604825,1.0604010834199826,1.6909200591580875,0.3333333333333333,0.6666666666666666,0.0,0.0,0.8648108351604825,0.0,0.0,,"[3.3740, 3.7632, 5.8970]","[0.2000, 0.2000, 0.2000]","[0.1756, 0.1496, 0.2075]","[3.3740, 3.7632, 5.8970]","[3.1524, 4.4451, 7.5879]","[0, 1, 2]",[]
84,triprotic,3,1,3.64,9.57,5.93,0.1962932093328997,0.20131415085425447,0.8686858786408895,1.0677924068207518,1.70281880912529,0.3333333333333333,0.6666666666666666,0.0,0.0,0.865442120436818,0.0,0.0,0.1620529939979316,"[3.3663, 3.7558, 5.8851]","[0.2013, 0.1969, 0.1907]","[0.1751, 0.1497, 0.2074]","[3.3727, 3.7620, 5.8951]","[3.1524, 4.4451, 7.5879]","[0, 1, 2]",[]
84,triprotic,3,2,4.68,9.57,4.890000000000001,0.19559020755574105,0.19772484150975927,0.8670181495289618,1.0700691744465698,1.7104084669855641,0.3333333333333333,0.6666666666666666,0.0,0.0,0.865168609829448,0.0,0.0,0.5674051030725238,"[3.3600, 3.7621, 5.8775]","[0.1977, 0.1930, 0.1960]","[0.1751, 0.1494, 0.2074]","[3.3717, 3.7630, 5.8939]","[3.1524, 4.4451, 7.5879]","[0, 1, 2]",[]
84,triprotic,3,3,7.18,9.57,2.3900000000000006,0.19961891401505594,0.20187875717620024,0.8675605868582283,1.069905917057339,1.7070730309581919,0.3333333333333333,0.6666666666666666,0.0,0.0,0.8652480106577009,0.0,0.0,1.667353632226586,"[3.3563, 3.7534, 5.8809]","[0.1976, 0.1994, 0.2019]","[0.1750, 0.1494, 0.2072]","[3.3711, 3.7616, 5.8944]","[3.1524, 4.4451, 7.5879]","[0, 1, 2]",[]
84,triprotic,3,4,8.11,9.57,1.4600000000000009,0.2052387377616012,0.2085577736733207,0.8696769251000643,1.0734471959951946,1.7133282612792717,0.3333333333333333,0.6666666666666666,0.0,0.0,0.8655940526667637,0.0,0.0,1.6930251723527903,"[3.3551, 3.7521, 5.8746]","[0.2086, 0.2028, 0.2044]","[0.1752, 0.1493, 0.2077]","[3.3710, 3.7614, 5.8934]","[3.1524, 4.4451, 7.5879]","[0, 1, 2]",[]
84,triprotic,3,5,11.2,9.57,1.629999999999999,0.212088122410637,0.217766610719752,0.8797622140704897,1.083345567242662,1.7305133196503322,0.3333333333333333,0.6666666666666666,0.0,0.0,0.8671693471331952,0.0,0.0,0.005175393819808249,"[3.3688, 3.7527, 5.8574]","[0.2157, 0.2028, 0.2178]","[0.1747, 0.1494, 0.2078]","[3.3731, 3.7615, 5.8908]","[3.1524, 4.4451, 7.5879]","[0, 1, 2]",[]
84,triprotic,3,6,8.63,9.57,0.9399999999999995,0.2134526249692338,0.2344259405065401,0.877869799406798,1.0793150012493322,1.7200466913648187,0.3333333333333333,0.6666666666666666,0.0,0.0,0.8668576486598906,0.0,0.0,1.6989214915037163,"[3.3653, 3.7445, 5.8679]","[0.2123, 0.1937, 0.2344]","[0.1743, 0.1490, 0.2078]","[3.3726, 3.7601, 5.8925]","[3.1524, 4.4451, 7.5879]","[0, 1, 2]",[]
84,triprotic,3,7,9.52,9.57,0.05000000000000071,0.2095330819245045,0.22969139076103118,0.8812298472174386,1.0786448138513451,1.7172757461062451,0.3333333333333333,0.6666666666666666,0.0,0.0,0.8674079036066643,0.0,1.0,1.6332006645202632,"[3.3787, 3.7450, 5.8706]","[0.2115, 0.1874, 0.2297]","[0.1738, 0.1483, 0.2084]","[3.3747, 3.7602, 5.8929]","[3.1524, 4.4451, 7.5879]","[0, 1, 2]",[]
85,diprotic,2,0,2.43,10.93,8.5,0.20000000000000004,0.2,0.4402617551968975,0.4598096573194719,0.5729060459718767,0.5,1.0,0.0,1.0,0.4402617551968975,0.31280286349303116,0.0,,"[2.4819, 3.7736, 5.0654]","[0.2000, 0.2000, 0.2000]","[0.3791, 0.2897, 0.3044]","[2.4819, 3.7736, 5.0654]","[2.7895, 4.3465]","[0, 1]",[2]
85,diprotic,2,1,3.4,10.93,7.529999999999999,0.19900443654672315,0.2038862567391516,0.42782627919671423,0.4457903832763069,0.5531009400437177,0.5,1.0,0.0,1.0,0.43826907030260953,0.3128825673681846,0.0,0.395998847298324,"[2.4870, 3.7934, 5.0757]","[0.1921, 0.2039, 0.2011]","[0.3789, 0.2900, 0.3046]","[2.4827, 3.7767, 5.0671]","[2.7895, 4.3465]","[0, 1]",[2]
85,diprotic,2,2,4.75,10.93,6.18,0.20295960299508176,0.21102028368679016,0.4251024177727798,0.44100134689131754,0.5424485824467613,0.5,1.0,0.0,1.0,0.4378605216058553,0.31257679842667235,0.0,0.7030618349090219,"[2.4818, 3.8040, 5.0726]","[0.1976, 0.2110, 0.2003]","[0.3788, 0.2903, 0.3043]","[2.4819, 3.7784, 5.0666]","[2.7895, 4.3465]","[0, 1]",[2]
85,diprotic,2,3,12.13,10.93,1.200000000000001,0.20388806409073243,0.20435997858311816,0.42549260422555646,0.44416145625087067,0.5529109818963152,0.5,1.0,0.0,1.0,0.4379032632615931,0.31237773007459807,0.0,7.056908750087024,"[2.4915, 3.7936, 5.0595]","[0.2043, 0.2044, 0.2030]","[0.3785, 0.2907, 0.3040]","[2.4834, 3.7768, 5.0645]","[2.7895, 4.3465]","[0, 1]",[2]
85,diprotic,2,4,11.85,10.93,0.9199999999999999,0.20502655302208192,0.21763115382777207,0.4201310361032258,0.44000676323323584,0.5508821898029881,0.5,1.0,0.0,1.0,0.43706705115689526,0.31247681532170946,0.0,7.068855362385511,"[2.5001, 3.7956, 5.0667]","[0.2176, 0.2028, 0.1946]","[0.3784, 0.2912, 0.3044]","[2.4848, 3.7771, 5.0656]","[2.7895, 4.3465]","[0, 1]",[2]
85,diprotic,2,5,11.05,10.93,0.120000000000001,0.2036083664903303,0.220658456193535,0.41033699972994486,0.42976620480186184,0.5380966860258303,0.5,1.0,0.0,1.0,0.43551472893057874,0.31272361687892997,0.0,6.562390730902553,"[2.5070, 3.8084, 5.0743]","[0.2207, 0.2021, 0.1880]","[0.3774, 0.2919, 0.3045]","[2.4858, 3.7791, 5.0669]","[2.7895, 4.3465]","[0, 1]",[2]
85,diprotic,2,6,10.71,10.93,0.21999999999999886,0.20646995554509304,0.21988736062014125,0.40597008784319555,0.4237416516815858,0.5274002123857753,0.5,1.0,0.0,1.0,0.4348092792835552,0.31264818145493334,0.0,6.252942738160492,"[2.5050, 3.8191, 5.0870]","[0.2199, 0.2019, 0.1976]","[0.3778, 0.2923, 0.3048]","[2.4855, 3.7809, 5.0689]","[2.7895, 4.3465]","[0, 1]",[2]
85,diprotic,2,7,10.91,10.93,0.019999999999999574,0.215471140923738,0.22546841226303696,0.41071344784086783,0.4282455018065483,0.5319927683378474,0.5,1.0,0.0,1.0,0.43560418218270613,0.31281236071004065,1.0,6.4350114928931,"[2.5001, 3.8145, 5.0926]","[0.2255, 0.2105, 0.2104]","[0.3776, 0.2924, 0.3050]","[2.4847, 3.7800, 5.0698]","[2.7895, 4.3465]","[0, 1]",[2]
83,triprotic,3,0,2.01,10.75,8.74,0.20000000000000004,0.2,1.443255918090202,1.6560598064296892,2.1622499039243266,0.3333333333333333,0.3333333333333333,0.0,0.0,1.443255918090202,0.0,0.0,,"[5.5111, 4.7549, 4.5354]","[0.2000, 0.2000, 0.2000]","[0.2041, 0.2307, 0.3761]","[5.5111, 4.7549, 4.5354]","[2.3732, 4.4467, 7.3705]","[0, 1, 2]",[]
83,triprotic,3,1,3.16,10.75,7.59,0.19807478231693812,0.20118016582340228,1.4468746239957306,1.658744787545092,2.168840897240572,0.3333333333333333,0.3333333333333333,0.0,0.0,1.4438386624785793,0.0,0.0,1.6086035792576148,"[5.5125, 4.7606, 4.5420]","[0.1987, 0.2012, 0.1943]","[0.2044, 0.2310, 0.3762]","[5.5113, 4.7558, 4.5365]","[2.3732, 4.4467, 7.3705]","[0, 1, 2]",[]
83,triprotic,3,2,4.84,10.75,5.91,0.2070872623783809,0.20958853480016665,1.458962835299235,1.6676421176971272,2.1736761538202103,0.3333333333333333,0.3333333333333333,0.0,0.0,1.4457558436039875,0.0,0.0,0.14110039578750744,"[5.4971, 4.7766, 4.5469]","[0.2096, 0.2066, 0.2051]","[0.2044, 0.2310, 0.3759]","[5.5089, 4.7583, 4.5373]","[2.3732, 4.4467, 7.3705]","[0, 1, 2]",[]
83,triprotic,3,3,7.28,10.75,3.4699999999999998,0.20459606781797227,0.2069872188960114,1.4683674617435196,1.6770785099971948,2.183191160449912,0.3333333333333333,0.3333333333333333,0.0,0.0,1.447265723186416,0.0,0.0,2.0642677333392205,"[5.4840, 4.7821, 4.5564]","[0.2002, 0.2066, 0.2070]","[0.2047, 0.2315, 0.3761]","[5.5067, 4.7592, 4.5388]","[2.3732, 4.4467, 7.3705]","[0, 1, 2]",[]
83,triprotic,3,4,11.04,10.75,0.28999999999999915,0.20512966978861977,0.20635894862723256,1.458669089559047,1.668823920048221,2.1759852869840444,0.3333333333333333,0.3333333333333333,0.0,0.0,1.4457145484427782,0.0,0.0,0.006920375823973757,"[5.4959, 4.7722, 4.5492]","[0.2063, 0.2064, 0.2027]","[0.2049, 0.2317, 0.3761]","[5.5087, 4.7576, 4.5376]","[2.3732, 4.4467, 7.3705]","[0, 1, 2]",[]
83,triprotic,3,5,9.27,10.75,1.4800000000000004,0.20693266075417852,0.21406779524053707,1.4555838589807315,1.6642676857795309,2.1701054897654704,0.3333333333333333,0.3333333333333333,0.0,0.0,1.4452187369059184,0.0,0.0,2.7907766890525814,"[5.5016, 4.7745, 4.5433]","[0.1991, 0.2076, 0.2141]","[0.2047, 0.2318, 0.3759]","[5.5096, 4.7580, 4.5367]","[2.3732, 4.4467, 7.3705]","[0, 1, 2]",[]
83,triprotic,3,6,10.59,10.75,0.16000000000000014,0.2038263958742165,0.20838212305797468,1.4541683403015409,1.6662692357591167,2.1774227992310093,0.3333333333333333,0.3333333333333333,0.0,0.0,1.4449993905519933,0.0,0.0,0.016485300064086772,"[5.5031, 4.7644, 4.5506]","[0.1997, 0.2084, 0.2034]","[0.2054, 0.2318, 0.3760]","[5.5098, 4.7564, 4.5379]","[2.3732, 4.4467, 7.3705]","[0, 1, 2]",[]
83,triprotic,3,7,11.01,10.75,0.2599999999999998,0.20700482971473969,0.21037055440526434,1.4531306119286933,1.668287026439626,2.1790471624534202,0.3333333333333333,0.3333333333333333,0.0,0.0,1.4448213550275544,0.0,0.0,0.002280113995075439,"[5.4979, 4.7545, 4.5522]","[0.2104, 0.2004, 0.2102]","[0.2061, 0.2313, 0.3759]","[5.5090, 4.7548, 4.5381]","[2.3732, 4.4467, 7.3705]","[0, 1, 2]",[]
83,triprotic,3,8,10.85,10.75,0.09999999999999964,0.2033627705706825,0.21077608901695205,1.4590508127293873,1.6684957545825778,2.1698356917331356,0.3333333333333333,0.3333333333333333,0.0,0.0,1.445778736013602,0.0,1.0,0.006087234616279247,"[5.4899, 4.7734, 4.5430]","[0.2108, 0.1977, 0.2016]","[0.2058, 0.2322, 0.3751]","[5.5077, 4.7578, 4.5367]","[2.3732, 4.4467, 7.3705]","[0, 1, 2]",[]
86,triprotic,3,0,2.29,4.89,2.5999999999999996,0.20000000000000004,0.2,1.3347949712788865,1.4307482132011529,2.0220093781474455,0.0,0.3333333333333333,0.0,0.0,1.3347949712788865,0.0,0.0,,"[4.4830, 4.0582, 4.8175]","[0.2000, 0.2000, 0.2000]","[0.4948, 0.1294, 0.4133]","[4.4830, 4.0582, 4.8175]","[3.2764, 5.6836, 6.8396]","[0, 1, 2]",[]
86,triprotic,3,1,3.42,4.89,1.4699999999999998,0.1899537631394741,0.19516346569454446,1.3410058597628962,1.4357426919312393,2.0277344077917165,0.0,0.3333333333333333,0.0,0.0,1.3358011173843665,0.0,0.0,0.5535669491346926,"[4.4838, 4.0718, 4.8118]","[0.1894, 0.1952, 0.1853]","[0.4954, 0.1291, 0.4132]","[4.4832, 4.0604, 4.8166]","[3.2764, 5.6836, 6.8396]","[0, 1, 2]",[]
86,triprotic,3,2,3.92,4.89,0.9699999999999998,0.19109040024412938,0.19675351816596082,1.335040779501831,1.432921492466648,2.0321470063469764,0.0,0.3333333333333333,0.0,0.0,1.3348445194518306,0.0,0.0,0.19071427678689368,"[4.4924, 4.0581, 4.8074]","[0.1968, 0.1950, 0.1815]","[0.4953, 0.1293, 0.4127]","[4.4845, 4.0582, 4.8159]","[3.2764, 5.6836, 6.8396]","[0, 1, 2]",[]
86,triprotic,3,3,4.63,4.89,0.2599999999999998,0.1945083361331923,0.1988844711871553,1.328276636033218,1.4249899613177062,2.020533196210976,0.0,0.3333333333333333,0.0,0.0,1.3337466614952787,0.0,0.0,0.42443512647412707,"[4.5015, 4.0585, 4.8190]","[0.1989, 0.1930, 0.1916]","[0.4957, 0.1292, 0.4127]","[4.4860, 4.0582, 4.8178]","[3.2764, 5.6836, 6.8396]","[0, 1, 2]",[]
86,triprotic,3,4,4.81,4.89,0.08000000000000007,0.1959534780936342,0.19992380090217737,1.3273754651839562,1.4219895108963003,2.015791924493713,0.0,0.3333333333333333,0.0,0.0,1.333601162250057,0.0,1.0,0.580950395846739,"[4.5140, 4.0731, 4.8238]","[0.1999, 0.1984, 0.1895]","[0.4957, 0.1288, 0.4129]","[4.4880, 4.0606, 4.8186]","[3.2764, 5.6836, 6.8396]","[0, 1, 2]",[]
81,diprotic,2,0,2.32,7.98,5.66,0.20000000000000004,0.2,0.864757205850853,1.0103394527779839,1.3872328366402145,0.5,0.5,0.0,0.0,0.864757205850853,0.40794909139439917,0.0,,"[2.2286, 4.6153, 2.1860]","[0.2000, 0.2000, 0.2000]","[0.2270, 0.4304, 0.4530]","[2.2286, 4.6153, 2.1860]","[3.6158, 4.2730]","[0, 1]",[2]
81,diprotic,2,1,3.8,7.98,4.180000000000001,0.1953606546384494,0.2024368492875443,0.8646835678577949,1.0094426204635283,1.3855450959869025,0.5,0.5,0.0,0.0,0.8647428889202964,0.4081444370449353,0.0,1.0358432528562842,"[2.2303, 4.6168, 2.1816]","[0.1869, 0.2024, 0.1968]","[0.2272, 0.4301, 0.4532]","[2.2289, 4.6155, 2.1853]","[3.6158, 4.2730]","[0, 1]",[2]
81,diprotic,2,2,4.38,7.98,3.6000000000000005,0.19252924121600845,0.1948740178887644,0.8663361595116978,1.0075110076814022,1.3806707678375587,0.5,0.5,0.0,0.0,0.8650127965587617,0.4081466073867352,0.0,1.1820955030806362,"[2.2352, 4.6250, 2.1880]","[0.1949, 0.1943, 0.1885]","[0.2273, 0.4301, 0.4534]","[2.2297, 4.6168, 2.1863]","[3.6158, 4.2730]","[0, 1]",[2]
81,diprotic,2,3,11.39,7.98,3.41,0.18817276304749256,0.19323884791681292,0.8655910342687765,1.0004194749061182,1.3671797972658588,0.5,0.5,0.0,0.0,0.8648943362710084,0.4079590848686501,0.0,7.926792159546167,"[2.2487, 4.6370, 2.1812]","[0.1859, 0.1854, 0.1932]","[0.2274, 0.4304, 0.4532]","[2.2319, 4.6188, 2.1852]","[3.6158, 4.2730]","[0, 1]",[2]
81,diprotic,2,4,4.84,7.98,3.1400000000000006,0.1917358438563467,0.19596271367607068,0.8625887668595877,1.0021498258195665,1.3727307987270305,0.5,0.5,0.0,0.0,0.864413232187484,0.4081289901117246,0.0,1.5024685740098356,"[2.2431, 4.6254, 2.1771]","[0.1932, 0.1861, 0.1960]","[0.2277, 0.4301, 0.4536]","[2.2310, 4.6169, 2.1846]","[3.6158, 4.2730]","[0, 1]",[2]
81,diprotic,2,5,5.35,7.98,2.630000000000001,0.1873852744006812,0.18814078283878935,0.8561583028734643,0.9936353155886753,1.3604440361694161,0.5,0.5,0.0,0.0,0.8633591613447424,0.40798876885205865,0.0,1.9505740896798667,"[2.2554, 4.6248, 2.1732]","[0.1881, 0.1860, 0.1880]","[0.2278, 0.4306, 0.4537]","[2.2330, 4.6168, 2.1839]","[3.6158, 4.2730]","[0, 1]",[2]
81,diprotic,2,6,11.3,7.98,3.3200000000000003,0.19146733309181538,0.2066711557165933,0.8603167468170598,0.9904917178940971,1.3511618734740436,0.5,0.5,0.0,0.0,0.8639881220505337,0.4085136043104382,0.0,7.837261304911227,"[2.2647, 4.6424, 2.1821]","[0.1888, 0.2067, 0.1789]","[0.2270, 0.4308, 0.4543]","[2.2345, 4.6196, 2.1854]","[3.6158, 4.2730]","[0, 1]",[2]
81,diprotic,2,7,6.84,7.98,1.1400000000000006,0.19223986399158813,0.2036521894391092,0.8676408463904595,0.9974458294434919,1.3596749349951645,0.5,0.5,0.0,0.0,0.8651838773629705,0.40896651079604046,0.0,3.4067800032533704,"[2.2562, 4.6486, 2.1842]","[0.1908, 0.2037, 0.1823]","[0.2269, 0.4309, 0.4552]","[2.2331, 4.6206, 2.1857]","[3.6158, 4.2730]","[0, 1]",[2]
81,diprotic,2,8,10.97,7.98,2.99,0.1965337244589672,0.2021258332858944,0.8700616921424533,0.9988246793251365,1.3606158602983998,0.5,0.5,0.0,0.0,0.8655949766573943,0.40822363195121664,0.0,7.520585439428688,"[2.2552, 4.6525, 2.1759]","[0.1976, 0.2021, 0.1899]","[0.2273, 0.4318, 0.4547]","[2.2329, 4.6212, 2.1844]","[3.6158, 4.2730]","[0, 1]",[2]
81,diprotic,2,9,10.65,7.98,2.67,0.2028470067732702,0.21331139801196675,0.8746280128511545,0.9984809365842913,1.3562814358207045,0.5,0.5,0.0,0.0,0.866278867832702,0.4086988068223056,0.0,7.208338633272797,"[2.2596, 4.6659, 2.1791]","[0.2006, 0.2133, 0.1946]","[0.2257, 0.4320, 0.4546]","[2.2336, 4.6233, 2.1849]","[3.6158, 4.2730]","[0, 1]",[2]
81,diprotic,2,10,7.31,7.98,0.6700000000000008,0.20138655399927174,0.20777613826831448,0.8710296294239621,1.0019273607587371,1.3661718523281734,0.5,0.5,0.0,0.0,0.8657327236476866,0.4091633535816892,0.0,3.8744819093868132,"[2.2497, 4.6489, 2.1715]","[0.1969, 0.2078, 0.1995]","[0.2267, 0.4315, 0.4558]","[2.2320, 4.6206, 2.1837]","[3.6158, 4.2730]","[0, 1]",[2]
81,diprotic,2,11,10.28,7.98,2.299999999999999,0.20770589428884645,0.21616361553866703,0.8677906267261899,0.9929462330787839,1.350368755065543,0.5,0.5,0.0,0.0,0.8652059522583817,0.4093383901988926,0.0,6.843035664148628,"[2.2655, 4.6582, 2.1777]","[0.2080, 0.2162, 0.1990]","[0.2272, 0.4317, 0.4566]","[2.2345, 4.6220, 2.1847]","[3.6158, 4.2730]","[0, 1]",[2]
81,diprotic,2,12,9.97,7.98,1.9900000000000002,0.20734031703964928,0.21262918616983753,0.8769675449334091,1.0047251879171395,1.3672742126104867,0.5,0.5,0.0,0.0,0.8666775284786943,0.4091100433870997,0.0,6.5332546036504215,"[2.2486, 4.6596, 2.1764]","[0.2073, 0.2126, 0.2021]","[0.2280, 0.4313, 0.4564]","[2.2318, 4.6223, 2.1845]","[3.6158, 4.2730]","[0, 1]",[2]
81,diprotic,2,13,8.34,7.98,0.35999999999999943,0.21140003252599385,0.21904260252669594,0.8809117095326422,1.0137900073375052,1.3826733451582216,0.5,0.5,0.0,0.0,0.8672849103252089,0.409533460948265,0.0,4.904839718863368,"[2.2332, 4.6521, 2.1819]","[0.2039, 0.2190, 0.2112]","[0.2280, 0.4313, 0.4573]","[2.2293, 4.6210, 2.1854]","[3.6158, 4.2730]","[0, 1]",[2]
81,diprotic,2,14,6.71,7.98,1.2700000000000005,0.2135060254639006,0.2217600323597098,0.8736897462016531,1.011409636862428,1.3832147023326353,0.5,0.5,0.0,0.0,0.866159412907971,0.40955292653314834,0.0,3.276604266874492,"[2.2326, 4.6371, 2.1828]","[0.2031, 0.2157, 0.2218]","[0.2264, 0.4319, 0.4566]","[2.2293, 4.6187, 2.1855]","[3.6158, 4.2730]","[0, 1]",[2]
81,diprotic,2,15,7.01,7.98,0.9700000000000006,0.21382595567983645,0.2186261957440651,0.8693317255869186,1.0097946504319166,1.3830900218011863,0.5,0.5,0.0,0.0,0.8654797599410651,0.408856696933252,0.0,3.5768862019665537,"[2.2328, 4.6285, 2.1902]","[0.2104, 0.2125, 0.2186]","[0.2276, 0.4325, 0.4565]","[2.2293, 4.6174, 2.1867]","[3.6158, 4.2730]","[0, 1]",[2]
81,diprotic,2,16,8.34,7.98,0.35999999999999943,0.21688803979061388,0.21874017975608634,0.8719635524206635,1.0097657323399258,1.3811849163263066,0.5,0.5,0.0,0.0,0.8658914897984444,0.409615788303943,0.0,4.906229285672307,"[2.2347, 4.6357, 2.1766]","[0.2187, 0.2170, 0.2149]","[0.2273, 0.4324, 0.4577]","[2.2296, 4.6185, 2.1845]","[3.6158, 4.2730]","[0, 1]",[2]
81,diprotic,2,17,7.31,7.98,0.6700000000000008,0.21062628191218458,0.21762026667355922,0.8643495967439081,0.9991805550146844,1.365609565351113,0.5,0.5,0.0,0.0,0.8647070694298415,0.40977313573269564,0.0,3.8770664333738383,"[2.2502, 4.6361, 2.1708]","[0.2176, 0.2106, 0.2036]","[0.2265, 0.4327, 0.4577]","[2.2320, 4.6185, 2.1836]","[3.6158, 4.2730]","[0, 1]",[2]
81,diprotic,2,18,8.34,7.98,0.35999999999999943,0.20911307213237218,0.21625090584766607,0.8567517856214697,0.9951185626600908,1.3629506907813962,0.5,0.5,0.0,0.0,0.863498145904678,0.4103709275397618,0.0,4.906969938576221,"[2.2529, 4.6235, 2.1742]","[0.2163, 0.2149, 0.1962]","[0.2259, 0.4320, 0.4579]","[2.2324, 4.6166, 2.1841]","[3.6158, 4.2730]","[0, 1]",[2]
81,diprotic,2,19,7.31,7.98,0.6700000000000008,0.20965776423971386,0.21521527335886861,0.8632627108545499,1.0016989064723296,1.3713750914121534,0.5,0.5,0.0,0.0,0.8645223979507137,0.41117293709874864,0.0,3.8779999617859717,"[2.2445, 4.6281, 2.1740]","[0.2152, 0.2146, 0.1991]","[0.2252, 0.4318, 0.4588]","[2.2311, 4.6173, 2.1841]","[3.6158, 4.2730]","[0, 1]",[2]
81,diprotic,2,20,7.36,7.98,0.6200000000000001,0.21035515890073922,0.22278702306841708,0.8642760897002819,1.0007864082323323,1.3688553953351472,0.5,0.5,0.0,0.0,0.8646982070095943,0.4102580921727659,0.0,3.9277088703960183,"[2.2470, 4.6327, 2.1724]","[0.2228, 0.2131, 0.1952]","[0.2270, 0.4319, 0.4584]","[2.2315, 4.6180, 2.1838]","[3.6158, 4.2730]","[0, 1]",[2]
81,diprotic,2,21,7.41,7.98,0.5700000000000003,0.2102742993644362,0.22025362940526821,0.8633187252261352,0.997594537966583,1.3631943506117716,0.5,0.5,0.0,0.0,0.8645373004775421,0.4108272349883498,0.0,3.9774336142838003,"[2.2526, 4.6364, 2.1686]","[0.2203, 0.2176, 0.1930]","[0.2261, 0.4323, 0.4591]","[2.2324, 4.6186, 2.1832]","[3.6158, 4.2730]","[0, 1]",[2]
81,diprotic,2,22,7.46,7.98,0.5200000000000005,0.21373257569504647,0.22702741045150862,0.8693539706337945,0.9970623726984376,1.3575722095334628,0.5,0.5,0.0,0.0,0.8655070175715558,0.41006131369601967,0.0,4.027371045704931,"[2.2583, 4.6541, 2.1740]","[0.2270, 0.2174, 0.1968]","[0.2253, 0.4325, 0.4572]","[2.2332, 4.6214, 2.1841]","[3.6158, 4.2730]","[0, 1]",[2]
81,diprotic,2,23,7.53,7.98,0.4500000000000002,0.21770280070071416,0.23443892508977163,0.8642319557726141,0.999683750633852,1.3666966091591064,0.5,0.5,0.0,0.0,0.8647014311854118,0.4095911759731414,0.0,4.095578194335103,"[2.2491, 4.6347, 2.1591]","[0.2344, 0.2209, 0.1978]","[0.2256, 0.4330, 0.4569]","[2.2318, 4.6183, 2.1817]","[3.6158, 4.2730]","[0, 1]",[2]
81,diprotic,2,24,7.6,7.98,0.3800000000000008,0.22122157255655192,0.2445711127034777,0.87118291236546,1.0058445296476584,1.3739388680980142,0.5,0.5,0.0,0.0,0.8658046884712542,0.40889303243065445,0.0,4.168166871089488,"[2.2419, 4.6414, 2.1500]","[0.2446, 0.2161, 0.2030]","[0.2271, 0.4328, 0.4565]","[2.2306, 4.6194, 2.1803]","[3.6158, 4.2730]","[0, 1]",[2]
81,diprotic,2,25,7.69,7.98,0.29000000000000004,0.22112531458881643,0.2388766901619866,0.8689177562543586,1.0048640497638637,1.373629249459857,0.5,0.5,0.0,0.0,0.8654509604985137,0.4089620759586206,0.0,4.258353396840394,"[2.2422, 4.6372, 2.1446]","[0.2389, 0.2117, 0.2128]","[0.2265, 0.4317, 0.4554]","[2.2307, 4.6187, 2.1795]","[3.6158, 4.2730]","[0, 1]",[2]
81,diprotic,2,26,7.8,7.98,0.1800000000000006,0.22050242796780753,0.2404149995487627,0.8722249352416678,1.0088865107706129,1.3792512205145027,0.5,0.5,0.0,0.0,0.8659609940901938,0.40894928801704944,0.0,4.368985080346465,"[2.2366, 4.6382, 2.1366]","[0.2404, 0.2117, 0.2094]","[0.2252, 0.4319, 0.4546]","[2.2298, 4.6189, 2.1782]","[3.6158, 4.2730]","[0, 1]",[2]
81,diprotic,2,27,7.94,7.98,0.040000000000000036,0.2177567415579631,0.24431062868562006,0.8613917363812496,1.0036905674904062,1.3765606715503935,0.5,0.5,0.0,0.0,0.8642598719592316,0.40730790355024643,1.0,4.509521220866591,"[2.2393, 4.6192, 2.1597]","[0.2443, 0.2056, 0.2034]","[0.2258, 0.4347, 0.4539]","[2.2302, 4.6159, 2.1818]","[3.6158, 4.2730]","[0, 1]",[2]
88,diprotic,2,0,1.82,5.31,3.4899999999999993,0.20000000000000004,0.2,0.9253496240183499,1.174698940518041,1.64898328422447,0.5,0.5,0.0,0.0,0.9253496240183499,0.010513178201520127,0.0,,"[3.2084, 2.8867, 4.0602]","[0.2000, 0.2000, 0.2000]","[0.3159, 0.0078, 0.4172]","[3.2084, 2.8867, 4.0602]","[3.4101, 5.7091]","[0, 2]",[1]
88,diprotic,2,1,3.75,5.31,1.5599999999999996,0.19966509460684903,0.20248480958466286,0.9202687415408899,1.171979771884611,1.6459698019297058,0.5,0.5,0.0,0.0,0.9245331017138521,0.01049966375926403,0.0,0.8946065937634557,"[3.2155, 2.8871, 4.0632]","[0.2002, 0.2025, 0.1963]","[0.3162, 0.0078, 0.4174]","[3.2095, 2.8867, 4.0607]","[3.4101, 5.7091]","[0, 2]",[1]
88,diprotic,2,2,4.41,5.31,0.8999999999999995,0.19707973259988662,0.2060847770079227,0.9202828803803051,1.1713898138070729,1.6450128411035374,0.5,0.5,0.0,0.0,0.924535077476208,0.010709119353364079,0.0,1.4105727456882597,"[3.2145, 2.8656, 4.0641]","[0.2061, 0.1977, 0.1874]","[0.3163, 0.0079, 0.4178]","[3.2093, 2.8833, 4.0608]","[3.4101, 5.7091]","[0, 2]",[1]
88,diprotic,2,3,4.99,5.31,0.3199999999999994,0.19717752671384617,0.20947263927054777,0.9237994307977175,1.1666023803880403,1.636228883855952,0.5,0.5,0.0,0.0,0.9250743566775139,0.01115734963396327,0.0,1.9009369018115105,"[3.1987, 2.8621, 4.0729]","[0.2095, 0.1964, 0.1856]","[0.3165, 0.0083, 0.4181]","[3.2068, 2.8827, 4.0622]","[3.4101, 5.7091]","[0, 2]",[1]
88,diprotic,2,4,5.16,5.31,0.14999999999999947,0.2029558166293037,0.2149521213704086,0.9134535173564151,1.1543105385925818,1.6191698138489148,0.5,0.5,0.0,0.0,0.9234121802023856,0.01155943850689659,0.0,2.0379497528448702,"[3.2023, 2.8491, 4.0900]","[0.2150, 0.2006, 0.1933]","[0.3164, 0.0086, 0.4186]","[3.2074, 2.8806, 4.0650]","[3.4101, 5.7091]","[0, 2]",[1]
88,diprotic,2,5,5.24,5.31,0.0699999999999994,0.2044461155930695,0.2155520507803893,0.9137719385662302,1.1508319069635269,1.6133681952559167,0.5,0.5,0.0,0.0,0.9234690183074088,0.011337110734012154,1.0,2.0996412804909053,"[3.1959, 2.8449, 4.0958]","[0.2156, 0.1988, 0.1990]","[0.3160, 0.0084, 0.4180]","[3.2064, 2.8800, 4.0659]","[3.4101, 5.7091]","[0, 2]",[1]
90,monoprotic,1,0,2.47,8.96,6.49,0.20000000000000004,0.2,0.37323513004866626,0.37323513004866626,0.37323513004866626,1.0,1.0,1.0,1.0,0.37323513004866626,0.4757621986083137,0.0,,"[2.0268, 2.9971, 3.7360]","[0.2000, 0.2000, 0.2000]","[0.3800, 0.0587, 0.2862]","[2.0268, 2.9971, 3.7360]",[2.4000],[0],"[1, 2]"
90,monoprotic,1,1,3.25,8.96,5.710000000000001,0.19769391272102896,0.203015532879216,0.3770595164997217,0.3770595164997217,0.3770595164997217,1.0,1.0,1.0,1.0,0.37385353719922687,0.4761992328846321,0.0,0.8263688497245312,"[2.0229, 2.9944, 3.7330]","[0.1939, 0.2030, 0.1962]","[0.3797, 0.0587, 0.2865]","[2.0261, 2.9966, 3.7355]",[2.4000],[0],"[1, 2]"
90,monoprotic,1,2,12.38,8.96,3.42,0.19845515005639844,0.1994120884605698,0.377898579964731,0.377898579964731,0.377898579964731,1.0,1.0,1.0,1.0,0.373986822137927,0.4759594399217784,0.0,9.298982086703182,"[2.0221, 3.0074, 3.7459]","[0.1966, 0.1994, 0.1994]","[0.3801, 0.0586, 0.2866]","[2.0260, 2.9987, 3.7376]",[2.4000],[0],"[1, 2]"
90,monoprotic,1,3,11.91,8.96,2.9499999999999993,0.19889668439291328,0.20132137861701185,0.37996258643362335,0.37996258643362335,0.37996258643362335,1.0,1.0,1.0,1.0,0.37431334635891655,0.4754200614203275,0.0,9.137112453896552,"[2.0200, 3.0147, 3.7477]","[0.2013, 0.1959, 0.1995]","[0.3799, 0.0581, 0.2863]","[2.0257, 2.9999, 3.7379]",[2.4000],[0],"[1, 2]"
90,monoprotic,1,4,3.28,8.96,5.6800000000000015,0.20120938308658168,0.20909958199288,0.3847734569670047,0.3847734569670047,0.3847734569670047,1.0,1.0,1.0,1.0,0.3750860588947593,0.47579661969575987,0.0,0.8103245428949593,"[2.0152, 3.0211, 3.7390]","[0.2006, 0.1940, 0.2091]","[0.3793, 0.0582, 0.2861]","[2.0249, 3.0010, 3.7365]",[2.4000],[0],"[1, 2]"
90,monoprotic,1,5,11.19,8.96,2.2299999999999986,0.20080702935458214,0.20465078044970794,0.4077597064729328,0.4077597064729328,0.4077597064729328,1.0,1.0,1.0,1.0,0.3787463517853302,0.47548538607006363,0.0,8.562955449856817,"[1.9922, 3.0291, 3.7238]","[0.2047, 0.1963, 0.2014]","[0.3793, 0.0581, 0.2858]","[2.0213, 3.0022, 3.7340]",[2.4000],[0],"[1, 2]"
90,monoprotic,1,6,3.85,8.96,5.110000000000001,0.19954562500464057,0.21357748413621663,0.393077814289438,0.393077814289438,0.393077814289438,1.0,1.0,1.0,1.0,0.37636873359740974,0.4754888016909565,0.0,1.297918797377497,"[2.0069, 3.0323, 3.7334]","[0.2136, 0.1928, 0.1923]","[0.3790, 0.0574, 0.2862]","[2.0236, 3.0028, 3.7356]",[2.4000],[0],"[1, 2]"
90,monoprotic,1,7,10.34,8.96,1.379999999999999,0.21128169254199577,0.22555541162449408,0.3748777325078332,0.3748777325078332,0.3748777325078332,1.0,1.0,1.0,1.0,0.3734907825208369,0.47592818537402704,0.0,7.747904149033129,"[2.0251, 3.0298, 3.7236]","[0.2256, 0.2027, 0.2055]","[0.3791, 0.0577, 0.2866]","[2.0265, 3.0023, 3.7340]",[2.4000],[0],"[1, 2]"
90,monoprotic,1,8,4.27,8.96,4.690000000000001,0.21763595040041142,0.22465032307760802,0.3863569357851002,0.3863569357851002,0.3863569357851002,1.0,1.0,1.0,1.0,0.3752796493947388,0.47517666045596146,0.0,1.6956641007959838,"[2.0136, 3.0263, 3.7154]","[0.2247, 0.2099, 0.2184]","[0.3792, 0.0567, 0.2866]","[2.0247, 3.0017, 3.7328]",[2.4000],[0],"[1, 2]"
90,monoprotic,1,9,4.9,8.96,4.0600000000000005,0.22047795017297855,0.2325077444802849,0.38615769373312503,0.38615769373312503,0.38615769373312503,1.0,1.0,1.0,1.0,0.3752293229514172,0.4749250391122789,0.0,2.3169034697115425,"[2.0138, 3.0217, 3.7175]","[0.2325, 0.2099, 0.2191]","[0.3792, 0.0571, 0.2859]","[2.0248, 3.0010, 3.7331]",[2.4000],[0],"[1, 2]"
90,monoprotic,1,10,10.34,8.96,1.379999999999999,0.21861239852074887,0.22496464685979473,0.37783392805352456,0.37783392805352456,0.37783392805352456,1.0,1.0,1.0,1.0,0.37395139757879425,0.4751137482370568,0.0,7.747497419044375,"[2.0222, 3.0333, 3.7205]","[0.2250, 0.2064, 0.2245]","[0.3793, 0.0575, 0.2859]","[2.0260, 3.0028, 3.7336]",[2.4000],[0],"[1, 2]"
90,monoprotic,1,11,9.86,8.96,0.8999999999999986,0.21948092960908486,0.22454375618169353,0.37857671196293596,0.37857671196293596,0.37857671196293596,1.0,1.0,1.0,1.0,0.37406751461285204,0.476821043234145,0.0,7.27048265248537,"[2.0214, 3.0406, 3.7178]","[0.2245, 0.2118, 0.2221]","[0.3779, 0.0585, 0.2859]","[2.0259, 3.0040, 3.7331]",[2.4000],[0],"[1, 2]"
90,monoprotic,1,12,5.02,8.96,3.9400000000000013,0.22116412220604134,0.23332490674205286,0.37984406140878146,0.37984406140878146,0.37984406140878146,1.0,1.0,1.0,1.0,0.37426396959714703,0.476109551245386,0.0,2.434305936545133,"[2.0202, 3.0310, 3.7028]","[0.2254, 0.2048, 0.2333]","[0.3790, 0.0590, 0.2854]","[2.0257, 3.0025, 3.7309]",[2.4000],[0],"[1, 2]"
90,monoprotic,1,13,7.44,8.96,1.5200000000000005,0.22116357286171917,0.23009592452413274,0.3785461603738609,0.3785461603738609,0.3785461603738609,1.0,1.0,1.0,1.0,0.3740591224052814,0.474900443461822,0.0,4.852907086312771,"[2.0215, 3.0318, 3.6815]","[0.2281, 0.2053, 0.2301]","[0.3804, 0.0587, 0.2853]","[2.0259, 3.0026, 3.7276]",[2.4000],[0],"[1, 2]"
90,monoprotic,1,14,9.86,8.96,0.8999999999999986,0.22152471540523253,0.22767782387303515,0.3753423379173877,0.3753423379173877,0.3753423379173877,1.0,1.0,1.0,1.0,0.3735634975315536,0.47363351354812405,0.0,7.270745033062994,"[2.0247, 3.0401, 3.6786]","[0.2245, 0.2123, 0.2277]","[0.3805, 0.0574, 0.2850]","[2.0264, 3.0039, 3.7271]",[2.4000],[0],"[1, 2]"
90,monoprotic,1,15,9.68,8.96,0.7199999999999989,0.22565851516298896,0.23706645126505774,0.3732812653133033,0.3732812653133033,0.3732812653133033,1.0,1.0,1.0,1.0,0.37324231351334625,0.4746208431882684,0.0,7.090761116072535,"[2.0267, 3.0485, 3.6870]","[0.2252, 0.2147, 0.2371]","[0.3810, 0.0574, 0.2868]","[2.0268, 3.0052, 3.7285]",[2.4000],[0],"[1, 2]"
90,monoprotic,1,16,9.38,8.96,0.41999999999999993,0.22251087015501472,0.23532109695386919,0.3510808258134426,0.3510808258134426,0.3510808258134426,1.0,1.0,1.0,1.0,0.3697489485967882,0.4755870203792703,0.0,6.790714914090932,"[2.0489, 3.0344, 3.6890]","[0.2165, 0.2157, 0.2353]","[0.3806, 0.0575, 0.2877]","[2.0303, 3.0030, 3.7288]",[2.4000],[0],"[1, 2]"
90,monoprotic,1,17,7.44,8.96,1.5200000000000005,0.22332829057774742,0.24105809942722395,0.34833832246876417,0.34833832246876417,0.34833832246876417,1.0,1.0,1.0,1.0,0.3693023226853347,0.4749555308101953,0.0,4.851224537529052,"[2.0517, 3.0342, 3.6955]","[0.2134, 0.2156, 0.2411]","[0.3809, 0.0580, 0.2866]","[2.0307, 3.0029, 3.7298]",[2.4000],[0],"[1, 2]"
90,monoprotic,1,18,9.38,8.96,0.41999999999999993,0.2266278926649035,0.24623734024459742,0.34574066982119867,0.34574066982119867,0.34574066982119867,1.0,1.0,1.0,1.0,0.36886949970444416,0.473992501109663,0.0,6.7902919283323,"[2.0543, 3.0324, 3.7006]","[0.2091, 0.2246, 0.2462]","[0.3801, 0.0571, 0.2854]","[2.0311, 3.0026, 3.7306]",[2.4000],[0],"[1, 2]"
90,monoprotic,1,19,7.44,8.96,1.5200000000000005,0.2310766026268817,0.24871642614110984,0.33735014497097104,0.33735014497097104,0.33735014497097104,1.0,1.0,1.0,1.0,0.36756155346902775,0.47229562785978463,0.0,4.850958936437965,"[2.0626, 3.0465, 3.7015]","[0.2126, 0.2319, 0.2487]","[0.3813, 0.0558, 0.2854]","[2.0324, 3.0047, 3.7308]",[2.4000],[0],"[1, 2]"
90,monoprotic,1,20,8.39,8.96,0.5700000000000003,0.229049540292384,0.2420822096182759,0.33575422728142534,0.33575422728142534,0.33575422728142534,1.0,1.0,1.0,1.0,0.3673155533010726,0.47127744321448617,0.0,5.799501556307078,"[2.0642, 3.0347, 3.7244]","[0.2135, 0.2316, 0.2421]","[0.3815, 0.0553, 0.2847]","[2.0327, 3.0029, 3.7342]",[2.4000],[0],"[1, 2]"
90,monoprotic,1,21,8.68,8.96,0.28000000000000114,0.22531450206738216,0.23034838390252652,0.3400339636868517,0.3400339636868517,0.3400339636868517,1.0,1.0,1.0,1.0,0.36800686933423865,0.4686987460917728,0.0,6.089920014441013,"[2.0600, 3.0218, 3.7151]","[0.2159, 0.2303, 0.2297]","[0.3807, 0.0547, 0.2812]","[2.0320, 3.0009, 3.7328]",[2.4000],[0],"[1, 2]"
90,monoprotic,1,22,8.86,8.96,0.10000000000000142,0.22778009600493856,0.24329417355938251,0.34745711298858195,0.34745711298858195,0.34745711298858195,1.0,1.0,1.0,1.0,0.36915668680781577,0.46784631701039026,0.0,6.271008965224027,"[2.0525, 2.9976, 3.7184]","[0.2121, 0.2433, 0.2280]","[0.3800, 0.0550, 0.2791]","[2.0308, 2.9971, 3.7333]",[2.4000],[0],"[1, 2]"
90,monoprotic,1,23,8.98,8.96,0.019999999999999574,0.22516670596142505,0.23572962675062595,0.33088972007620043,0.33088972007620043,0.33088972007620043,1.0,1.0,1.0,1.0,0.366494848991469,0.46899963103464365,1.0,6.392897770293057,"[2.0691, 2.9850, 3.7194]","[0.2070, 0.2357, 0.2327]","[0.3792, 0.0549, 0.2801]","[2.0335, 2.9952, 3.7334]",[2.4000],[0],"[1, 2]"
91,monoprotic,1,0,2.27,8.78,6.51,0.20000000000000004,0.2,0.020128941094557096,0.020128941094557096,0.020128941094557096,1.0,1.0,1.0,1.0,0.020128941094557096,0.64377391326295,0.0,,"[3.5301, 2.3705, 2.4827]","[0.2000, 0.2000, 0.2000]","[0.3607, 0.3527, 0.2992]","[3.5301, 2.3705, 2.4827]",[3.5100],[0],"[1, 2]"
91,monoprotic,1,1,4.33,8.78,4.449999999999999,0.19903965086247086,0.20178744956278122,0.031639276766617375,0.031639276766617375,0.031639276766617375,1.0,1.0,1.0,1.0,0.021989860397403582,0.6439226513337912,0.0,1.703409659601748,"[3.5416, 2.3812, 2.4955]","[0.1940, 0.2018, 0.2013]","[0.3606, 0.3531, 0.2990]","[3.5320, 2.3722, 2.4847]",[3.5100],[0],"[1, 2]"
91,monoprotic,1,2,12.3,8.78,3.5200000000000014,0.20485726574626575,0.21352200117784456,0.025439441990030343,0.025439441990030343,0.025439441990030343,1.0,1.0,1.0,1.0,0.02098163663529551,0.6437906265347751,0.0,9.508051868597978,"[3.5354, 2.3708, 2.5081]","[0.1998, 0.2135, 0.2013]","[0.3608, 0.3530, 0.2990]","[3.5310, 2.3705, 2.4867]",[3.5100],[0],"[1, 2]"
91,monoprotic,1,3,11.81,8.78,3.030000000000001,0.20298827641394415,0.21240398328807236,0.02650097792263084,0.02650097792263084,0.02650097792263084,1.0,1.0,1.0,1.0,0.02115498897014545,0.6435183377038046,0.0,9.093743742387742,"[3.5365, 2.3774, 2.4925]","[0.1974, 0.2124, 0.1992]","[0.3609, 0.3527, 0.2988]","[3.5312, 2.3716, 2.4842]",[3.5100],[0],"[1, 2]"
91,monoprotic,1,4,4.33,8.78,4.449999999999999,0.20368964231449538,0.22216813871480373,0.024524148930862744,0.024524148930862744,0.024524148930862744,1.0,1.0,1.0,1.0,0.020834768613778643,0.643164811374501,0.0,1.6937593893799932,"[3.5345, 2.3842, 2.4848]","[0.1997, 0.2222, 0.1892]","[0.3612, 0.3526, 0.2984]","[3.5308, 2.3726, 2.4830]",[3.5100],[0],"[1, 2]"
91,monoprotic,1,5,10.89,8.78,2.110000000000001,0.20427791001690968,0.21711308964239268,0.0261711433162497,0.0261711433162497,0.0261711433162497,1.0,1.0,1.0,1.0,0.021090482738529204,0.6432043823429202,0.0,8.211364955976606,"[3.5362, 2.3936, 2.4919]","[0.2072, 0.2171, 0.1885]","[0.3614, 0.3527, 0.2989]","[3.5311, 2.3741, 2.4842]",[3.5100],[0],"[1, 2]"
91,monoprotic,1,6,4.77,8.78,4.01,0.206608937973661,0.2229096733406821,0.01310790950009455,0.01310790950009455,0.01310790950009455,1.0,1.0,1.0,1.0,0.01900670932278592,0.6437409918253612,0.0,2.1102687490452077,"[3.5231, 2.3802, 2.4829]","[0.2036, 0.2229, 0.1933]","[0.3611, 0.3531, 0.2994]","[3.5290, 2.3720, 2.4827]",[3.5100],[0],"[1, 2]"
91,monoprotic,1,7,5.37,8.78,3.4099999999999993,0.2070531603699608,0.2224635525823481,0.007980909128246338,0.007980909128246338,0.007980909128246338,1.0,1.0,1.0,1.0,0.018185013772205938,0.6441526586852879,0.0,2.7017021783441306,"[3.5180, 2.3853, 2.4718]","[0.2026, 0.2225, 0.1961]","[0.3606, 0.3532, 0.2995]","[3.5282, 2.3728, 2.4809]",[3.5100],[0],"[1, 2]"
91,monoprotic,1,8,10.87,8.78,2.09,0.20860172611585825,0.2233638947926595,0.02343814704046876,0.02343814704046876,0.02343814704046876,1.0,1.0,1.0,1.0,0.020655028728583158,0.6441070413670859,0.0,8.19194452942349,"[3.5334, 2.3826, 2.4711]","[0.2081, 0.2234, 0.1944]","[0.3606, 0.3531, 0.2995]","[3.5307, 2.3724, 2.4808]",[3.5100],[0],"[1, 2]"
91,monoprotic,1,9,10.26,8.78,1.4800000000000004,0.2097874670309924,0.2211445747362504,0.017730113156867677,0.017730113156867677,0.017730113156867677,1.0,1.0,1.0,1.0,0.019753576676533324,0.6440017316035305,0.0,7.586040828600526,"[3.5277, 2.3848, 2.4816]","[0.2211, 0.2192, 0.1890]","[0.3607, 0.3527, 0.2997]","[3.5298, 2.3727, 2.4825]",[3.5100],[0],"[1, 2]"
91,monoprotic,1,10,5.4,8.78,3.379999999999999,0.2117844057534233,0.21955367698579142,0.024508480683786527,0.024508480683786527,0.024508480683786527,1.0,1.0,1.0,1.0,0.020821118455344845,0.6441756301818928,0.0,2.7305815700441602,"[3.5345, 2.3761, 2.4814]","[0.2129, 0.2196, 0.2029]","[0.3602, 0.3516, 0.3004]","[3.5308, 2.3714, 2.4825]",[3.5100],[0],"[1, 2]"
91,monoprotic,1,11,5.95,8.78,2.829999999999999,0.21592028765027363,0.22464682164711286,0.011294199204482158,0.011294199204482158,0.011294199204482158,1.0,1.0,1.0,1.0,0.01873942694108921,0.6434768334444991,0.0,3.2783023526892068,"[3.5213, 2.3903, 2.4901]","[0.2169, 0.2246, 0.2062]","[0.3608, 0.3508, 0.3004]","[3.5287, 2.3736, 2.4839]",[3.5100],[0],"[1, 2]"
91,monoprotic,1,12,10.19,8.78,1.4100000000000001,0.21859822413210458,0.2358284389564076,0.006240458334196841,0.006240458334196841,0.006240458334196841,1.0,1.0,1.0,1.0,0.015936027888169058,0.6439535716942181,0.0,7.515502354186028,"[3.5038, 2.3993, 2.4781]","[0.2079, 0.2358, 0.2121]","[0.3594, 0.3495, 0.3005]","[3.5259, 2.3749, 2.4819]",[3.5100],[0],"[1, 2]"
91,monoprotic,1,13,9.72,8.78,0.9400000000000013,0.21762091314056556,0.24343911218131012,0.002991939217980022,0.002991939217980022,0.002991939217980022,1.0,1.0,1.0,1.0,0.016436526846437705,0.643599749895203,0.0,7.047422394650058,"[3.5070, 2.3826, 2.4740]","[0.2043, 0.2434, 0.2051]","[0.3600, 0.3490, 0.3010]","[3.5264, 2.3723, 2.4813]",[3.5100],[0],"[1, 2]"
91,monoprotic,1,14,6.25,8.78,2.5299999999999994,0.2290502272718554,0.25601959624167414,0.005118783315511077,0.005118783315511077,0.005118783315511077,1.0,1.0,1.0,1.0,0.01777859172859042,0.6435860533437648,0.0,3.579234746750444,"[3.5151, 2.3766, 2.4734]","[0.2206, 0.2560, 0.2105]","[0.3602, 0.3492, 0.3012]","[3.5278, 2.3714, 2.4812]",[3.5100],[0],"[1, 2]"
91,monoprotic,1,15,7.98,8.78,0.7999999999999989,0.23347095019428768,0.25923071130413455,0.013949115263230727,0.013949115263230727,0.013949115263230727,1.0,1.0,1.0,1.0,0.019163483732483666,0.6438897177351761,0.0,5.3086429448053245,"[3.5239, 2.3716, 2.4741]","[0.2225, 0.2592, 0.2187]","[0.3606, 0.3505, 0.3015]","[3.5292, 2.3706, 2.4813]",[3.5100],[0],"[1, 2]"
91,monoprotic,1,16,9.71,8.78,0.9300000000000015,0.2329569228461119,0.25275748145964305,0.0071806498698734345,0.0071806498698734345,0.0071806498698734345,1.0,1.0,1.0,1.0,0.015869821913246707,0.643679331657622,0.0,7.037918174443767,"[3.5028, 2.3769, 2.4750]","[0.2239, 0.2528, 0.2222]","[0.3601, 0.3497, 0.3008]","[3.5259, 2.3714, 2.4815]",[3.5100],[0],"[1, 2]"
91,monoprotic,1,17,9.41,8.78,0.6300000000000008,0.22870860999570206,0.2443394280410756,0.0028915469816701567,0.0028915469816701567,0.0028915469816701567,1.0,1.0,1.0,1.0,0.016523885070210298,0.6427846185538926,0.0,6.738962205909193,"[3.5071, 2.3768, 2.4646]","[0.2205, 0.2443, 0.2213]","[0.3612, 0.3487, 0.3012]","[3.5265, 2.3714, 2.4798]",[3.5100],[0],"[1, 2]"
91,monoprotic,1,18,7.98,8.78,0.7999999999999989,0.22996232891947632,0.24184109348072566,0.0077119532140872415,0.0077119532140872415,0.0077119532140872415,1.0,1.0,1.0,1.0,0.015808791578932002,0.6429685884396789,0.0,5.309398738685996,"[3.5023, 2.3814, 2.4533]","[0.2280, 0.2418, 0.2200]","[0.3613, 0.3498, 0.3008]","[3.5258, 2.3722, 2.4781]",[3.5100],[0],"[1, 2]"
91,monoprotic,1,19,9.41,8.78,0.6300000000000008,0.2385333176282544,0.26254326325785265,8.428113609726395e-05,8.428113609726395e-05,8.428113609726395e-05,1.0,1.0,1.0,1.0,0.01707056517076566,0.6429857315466241,0.0,6.739630410298705,"[3.5101, 2.3837, 2.4448]","[0.2417, 0.2625, 0.2113]","[0.3609, 0.3493, 0.3006]","[3.5271, 2.3724, 2.4767]",[3.5100],[0],"[1, 2]"
91,monoprotic,1,20,7.98,8.78,0.7999999999999989,0.245991961533388,0.27554809664821106,0.012044465819174732,0.012044465819174732,0.012044465819174732,1.0,1.0,1.0,1.0,0.015241580081042816,0.6433536890277545,0.0,5.309694408224896,"[3.4980, 2.3841, 2.4406]","[0.2453, 0.2755, 0.2172]","[0.3592, 0.3484, 0.2997]","[3.5252, 2.3725, 2.4760]",[3.5100],[0],"[1, 2]"
91,monoprotic,1,21,8.46,8.78,0.3199999999999985,0.24745926040331065,0.27188869547372735,0.012079795695917994,0.012079795695917994,0.012079795695917994,1.0,1.0,1.0,1.0,0.015330379169923969,0.6440262049013723,0.0,5.7904493855685,"[3.4979, 2.3935, 2.4292]","[0.2608, 0.2719, 0.2096]","[0.3593, 0.3493, 0.3007]","[3.5253, 2.3739, 2.4742]",[3.5100],[0],"[1, 2]"
91,monoprotic,1,22,8.73,8.78,0.049999999999998934,0.2424467300336175,0.2632454524771643,0.010361933558950653,0.010361933558950653,0.010361933558950653,1.0,1.0,1.0,1.0,0.01556572697818126,0.6434288179970148,1.0,6.060400173319504,"[3.4996, 2.3843, 2.4274]","[0.2572, 0.2632, 0.2069]","[0.3597, 0.3481, 0.3009]","[3.5256, 2.3725, 2.4739]",[3.5100],[0],"[1, 2]"
87,triprotic,3,0,3.12,10.53,7.409999999999999,0.20000000000000004,0.2,0.7216662980656876,0.7337984187224833,0.828099563183037,0.0,1.0,0.0,1.0,0.7216662980656876,0.0,0.0,,"[4.3112, 5.6415, 5.8614]","[0.2000, 0.2000, 0.2000]","[0.2465, 0.0898, 0.0156]","[4.3112, 5.6415, 5.8614]","[3.4831, 5.1071, 6.6640]","[0, 1, 2]",[]
87,triprotic,3,1,4.08,10.53,6.449999999999999,0.20133204514235278,0.20362887617197264,0.7155558670544574,0.7271384997021606,0.8191876983302917,0.0,1.0,0.0,1.0,0.7206859344796586,0.0,0.0,0.702211426179856,"[4.3023, 5.6405, 5.8698]","[0.2026, 0.2036, 0.1978]","[0.2466, 0.0900, 0.0158]","[4.3098, 5.6413, 5.8627]","[3.4831, 5.1071, 6.6640]","[0, 1, 2]",[]
87,triprotic,3,2,5.32,10.53,5.209999999999999,0.2001097590137886,0.20245079983951972,0.7152046054300305,0.7272905251016327,0.8176111364013234,0.0,1.0,0.0,1.0,0.7206300757925647,0.0,0.0,0.2070953611470756,"[4.3007, 5.6359, 5.8647]","[0.2025, 0.1989, 0.1989]","[0.2465, 0.0899, 0.0154]","[4.3095, 5.6406, 5.8619]","[3.4831, 5.1071, 6.6640]","[0, 1, 2]",[]
87,triprotic,3,3,6.44,10.53,4.089999999999999,0.20491087554417733,0.2066828944920721,0.7130595236551841,0.7249711643153735,0.8206435952887121,0.0,1.0,0.0,1.0,0.7202921137135373,0.0,0.0,0.4338921323046092,"[4.3037, 5.6360, 5.8743]","[0.2067, 0.2051, 0.2030]","[0.2464, 0.0896, 0.0160]","[4.3100, 5.6406, 5.8634]","[3.4831, 5.1071, 6.6640]","[0, 1, 2]",[]
87,triprotic,3,4,8.62,10.53,1.9100000000000001,0.20428701844093164,0.2116471021394643,0.7220188814431383,0.7344345848180793,0.8343617586954499,0.0,1.0,0.0,1.0,0.7217204228547563,0.0,0.0,0.7944850277900688,"[4.3175, 5.6401, 5.8652]","[0.2058, 0.2116, 0.1954]","[0.2464, 0.0898, 0.0163]","[4.3122, 5.6413, 5.8620]","[3.4831, 5.1071, 6.6640]","[0, 1, 2]",[]
87,triprotic,3,5,11.85,10.53,1.3200000000000003,0.20296747119526806,0.20998089796928687,0.7210374824113005,0.7337188691120335,0.8332287148033091,0.0,1.0,0.0,1.0,0.7215675094460083,0.0,0.0,0.0033230852335695005,"[4.3163, 5.6371, 5.8640]","[0.2010, 0.2100, 0.1980]","[0.2466, 0.0902, 0.0162]","[4.3120, 5.6408, 5.8618]","[3.4831, 5.1071, 6.6640]","[0, 1, 2]",[]
87,triprotic,3,6,11.52,10.53,0.9900000000000002,0.20055497728778848,0.20730698093897607,0.7221795981513713,0.734224378729974,0.8248617362177555,0.0,1.0,0.0,1.0,0.721745542462117,0.0,0.0,0.0008472758531574698,"[4.3080, 5.6423, 5.8575]","[0.1909, 0.2073, 0.2034]","[0.2472, 0.0903, 0.0164]","[4.3107, 5.6416, 5.8608]","[3.4831, 5.1071, 6.6640]","[0, 1, 2]",[]
87,triprotic,3,7,8.61,10.53,1.92,0.19833663387556852,0.2225479683558881,0.7253497219283404,0.7357942408192611,0.823084046369642,0.0,1.0,0.0,1.0,0.7222245418153737,0.0,0.0,0.7872817373275751,"[4.3062, 5.6582, 5.8621]","[0.1723, 0.2225, 0.2002]","[0.2469, 0.0907, 0.0173]","[4.3104, 5.6441, 5.8615]","[3.4831, 5.1071, 6.6640]","[0, 1, 2]",[]
87,triprotic,3,8,11.16,10.53,0.6300000000000008,0.19856681556823963,0.2214231685357338,0.7211372228134468,0.7315600234488165,0.8227259690349698,0.0,1.0,0.0,1.0,0.7215558040488587,0.0,0.0,0.0011828356981276045,"[4.3058, 5.6551, 5.8713]","[0.1672, 0.2214, 0.2071]","[0.2470, 0.0903, 0.0173]","[4.3103, 5.6436, 5.8630]","[3.4831, 5.1071, 6.6640]","[0, 1, 2]",[]
87,triprotic,3,9,10.79,10.53,0.2599999999999998,0.20200875718028213,0.22785400288411795,0.716677225997862,0.7281009273795702,0.8207555740185555,0.0,1.0,0.0,1.0,0.7208537204782021,0.0,0.0,0.002176635861395937,"[4.3038, 5.6428, 5.8704]","[0.1680, 0.2279, 0.2102]","[0.2479, 0.0907, 0.0167]","[4.3100, 5.6417, 5.8628]","[3.4831, 5.1071, 6.6640]","[0, 1, 2]",[]
87,triprotic,3,10,8.65,10.53,1.879999999999999,0.20356470403035343,0.22386882396546248,0.7178031457189755,0.7281956069216644,0.8209990691535758,0.0,1.0,0.0,1.0,0.721030753987281,0.0,0.0,0.7878273963928226,"[4.3041, 5.6527, 5.8771]","[0.1727, 0.2239, 0.2141]","[0.2487, 0.0904, 0.0160]","[4.3100, 5.6432, 5.8639]","[3.4831, 5.1071, 6.6640]","[0, 1, 2]",[]
87,triprotic,3,11,10.29,10.53,0.2400000000000002,0.2076361431404328,0.22908158188145916,0.7158052283000647,0.7265523397227832,0.826308637736549,0.0,1.0,0.0,1.0,0.7207447880023542,0.0,0.0,0.010965504646300417,"[4.3094, 5.6490, 5.8847]","[0.1690, 0.2291, 0.2248]","[0.2486, 0.0892, 0.0162]","[4.3109, 5.6426, 5.8650]","[3.4831, 5.1071, 6.6640]","[0, 1, 2]",[]
87,triprotic,3,12,10.77,10.53,0.2400000000000002,0.21218580008658014,0.23421676399155766,0.7179065363354088,0.7294380921841245,0.8327610599770976,0.0,1.0,0.0,1.0,0.7210972267752634,0.0,0.0,0.0029668104648585825,"[4.3159, 5.6446, 5.8804]","[0.1746, 0.2342, 0.2277]","[0.2483, 0.0893, 0.0157]","[4.3120, 5.6419, 5.8643]","[3.4831, 5.1071, 6.6640]","[0, 1, 2]",[]
87,triprotic,3,13,10.6,10.53,0.07000000000000028,0.2114611171272207,0.2391442801757844,0.7087699011884974,0.7191888288892082,0.8184511022821299,0.0,1.0,0.0,1.0,0.7196169738247086,0.0,1.0,0.0026999175548549914,"[4.3015, 5.6458, 5.8947]","[0.1723, 0.2391, 0.2229]","[0.2487, 0.0892, 0.0155]","[4.3096, 5.6421, 5.8666]","[3.4831, 5.1071, 6.6640]","[0, 1, 2]",[]
93,monoprotic,1,0,1.96,4.75,2.79,0.20000000000000004,0.2,0.19870059480817126,0.19870059480817126,0.19870059480817126,1.0,1.0,1.0,1.0,0.19870059480817126,0.28560457617405743,0.0,,"[4.4287, 5.2125, 2.4616]","[0.2000, 0.2000, 0.2000]","[0.4544, 0.1662, 0.0154]","[4.4287, 5.2125, 2.4616]",[4.2300],[0],"[1, 2]"
93,monoprotic,1,1,4.41,4.75,0.33999999999999986,0.20394248356288372,0.21081352621393484,0.1963907004094585,0.1963907004094585,0.1963907004094585,1.0,1.0,1.0,1.0,0.1983310748733631,0.2856262376747316,0.0,0.6034806416975336,"[4.4264, 5.2093, 2.4580]","[0.2029, 0.2108, 0.1981]","[0.4542, 0.1661, 0.0154]","[4.4283, 5.2120, 2.4610]",[4.2300],[0],"[1, 2]"
93,monoprotic,1,2,4.52,4.75,0.23000000000000043,0.20141824478774017,0.20227159131833175,0.19240491973954388,0.19240491973954388,0.19240491973954388,1.0,1.0,1.0,1.0,0.19769246429145948,0.285951043899964,0.0,0.6917439906205978,"[4.4224, 5.2081, 2.4592]","[0.2021, 0.2023, 0.1999]","[0.4541, 0.1662, 0.0156]","[4.4277, 5.2118, 2.4612]",[4.2300],[0],"[1, 2]"
93,monoprotic,1,3,4.64,4.75,0.11000000000000032,0.20757843316497734,0.2090230955340105,0.19297714667949606,0.19297714667949606,0.19297714667949606,1.0,1.0,1.0,1.0,0.19778793607442946,0.28655147076029175,0.0,0.791705316151492,"[4.4230, 5.2014, 2.4504]","[0.2055, 0.2090, 0.2082]","[0.4543, 0.1664, 0.0161]","[4.4278, 5.2107, 2.4598]",[4.2300],[0],"[1, 2]"
93,monoprotic,1,4,4.7,4.75,0.04999999999999982,0.20193186823783327,0.20779063449436364,0.19462856753796398,0.19462856753796398,0.19462856753796398,1.0,1.0,1.0,1.0,0.19805302096999888,0.2860185132169934,1.0,0.8431231359019877,"[4.4246, 5.2105, 2.4549]","[0.2078, 0.2075, 0.1905]","[0.4538, 0.1659, 0.0159]","[4.4281, 5.2122, 2.4605]",[4.2300],[0],"[1, 2]"
92,diprotic,2,0,1.64,10.44,8.799999999999999,0.20000000000000004,0.2,1.0405440386687363,1.1325625505097714,1.4877196578701346,0.0,0.5,0.0,0.0,1.0405440386687363,0.10335361945631721,0.0,,"[4.0944, 3.1261, 3.0863]","[0.2000, 0.2000, 0.2000]","[0.2191, 0.4652, 0.0789]","[4.0944, 3.1261, 3.0863]","[3.7194, 5.5821]","[0, 1]",[2]
92,diprotic,2,1,4.42,10.44,6.02,0.19722107596722846,0.201779339456922,1.04090860888808,1.1279452739797609,1.4753850858531283,0.0,0.5,0.0,0.0,1.040599532335013,0.10359535208671553,0.0,1.150459036421962,"[4.1067, 3.1130, 3.0893]","[0.1993, 0.2018, 0.1906]","[0.2192, 0.4650, 0.0791]","[4.0964, 3.1240, 3.0868]","[3.7194, 5.5821]","[0, 1]",[2]
92,diprotic,2,2,5.84,10.44,4.6,0.19743813916973255,0.2038221914130032,1.0368204217256296,1.1240332253679304,1.4709334310028455,0.0,0.5,0.0,0.0,1.0399376362748225,0.10320850721113088,0.0,2.3777851476659997,"[4.1112, 3.1167, 3.0809]","[0.1968, 0.2038, 0.1917]","[0.2195, 0.4647, 0.0787]","[4.0971, 3.1246, 3.0854]","[3.7194, 5.5821]","[0, 1]",[2]
92,diprotic,2,3,11.93,10.44,1.4900000000000002,0.19776433995872675,0.2045308873597547,1.0318099411615778,1.1177675782195404,1.461661781030756,0.0,0.5,0.0,0.0,1.0391146073676722,0.10362569784138294,0.0,8.281459662662819,"[4.1204, 3.1175, 3.0857]","[0.1906, 0.2045, 0.1982]","[0.2196, 0.4652, 0.0792]","[4.0986, 3.1247, 3.0862]","[3.7194, 5.5821]","[0, 1]",[2]
92,diprotic,2,4,10.92,10.44,0.4800000000000004,0.1955937396151807,0.2047743100426478,1.0355347970571493,1.120408991302714,1.4633010788931227,0.0,0.5,0.0,0.0,1.0397059936650574,0.10410857491289396,0.0,7.3525034553185105,"[4.1188, 3.1117, 3.0766]","[0.1884, 0.2048, 0.1936]","[0.2196, 0.4652, 0.0796]","[4.0984, 3.1238, 3.0848]","[3.7194, 5.5821]","[0, 1]",[2]
92,diprotic,2,5,6.82,10.44,3.619999999999999,0.19052313006124144,0.19575101678884158,1.0416962881172198,1.126685706738023,1.4709858466794614,0.0,0.5,0.0,0.0,1.0407228051061082,0.10433139645113729,0.0,3.2771815768722448,"[4.1111, 3.1070, 3.0793]","[0.1913, 0.1958, 0.1845]","[0.2198, 0.4654, 0.0798]","[4.0971, 3.1230, 3.0852]","[3.7194, 5.5821]","[0, 1]",[2]
92,diprotic,2,6,7.47,10.44,2.9699999999999998,0.19110993450372618,0.19693864920260992,1.0496765713844989,1.1290273643753872,1.4654672458769848,0.0,0.5,0.0,0.0,1.0420203214423165,0.10483153496238029,0.0,3.9158850456867365,"[4.1166, 3.0856, 3.0835]","[0.1969, 0.1957, 0.1807]","[0.2200, 0.4655, 0.0803]","[4.0980, 3.1195, 3.0859]","[3.7194, 5.5821]","[0, 1]",[2]
92,diprotic,2,7,10.9,10.44,0.46000000000000085,0.194077515538011,0.19926079320633536,1.0456454386974285,1.127030227392837,1.466148411324748,0.0,0.5,0.0,0.0,1.0413580567359306,0.10523576434081468,0.0,7.334470432810486,"[4.1159, 3.0943, 3.0917]","[0.1966, 0.1993, 0.1864]","[0.2197, 0.4645, 0.0805]","[4.0979, 3.1210, 3.0872]","[3.7194, 5.5821]","[0, 1]",[2]
92,diprotic,2,8,10.34,10.44,0.09999999999999964,0.18952273363909844,0.20279227354439852,1.0437957889084635,1.1248719704843286,1.4631134501609493,0.0,0.5,0.0,0.0,1.0410908614474137,0.10508850152075994,1.0,6.779607635838911,"[4.1190, 3.0950, 3.0876]","[0.2028, 0.1939, 0.1719]","[0.2200, 0.4641, 0.0803]","[4.0983, 3.1210, 3.0865]","[3.7194, 5.5821]","[0, 1]",[2]
95,diprotic,2,0,2.41,10.44,8.03,0.20000000000000004,0.2,1.3728333788458873,1.6925723408708395,2.362848349948637,0.5,0.5,0.0,0.0,1.3728333788458873,0.04778662220541977,0.0,,"[2.5079, 4.0267, 2.5581]","[0.2000, 0.2000, 0.2000]","[0.3322, 0.4104, 0.0373]","[2.5079, 4.0267, 2.5581]","[2.1251, 6.3895]","[0, 1]",[2]
95,diprotic,2,1,3.1,10.44,7.34,0.2004626904740495,0.2027472795373639,1.3711590777681173,1.695374421943863,2.3682634925791106,0.5,0.5,0.0,0.0,1.3725647054982129,0.048002297082634836,0.0,0.2540512922219933,"[2.4992, 4.0213, 2.5495]","[0.1995, 0.1991, 0.2027]","[0.3323, 0.4104, 0.0374]","[2.5065, 4.0258, 2.5567]","[2.1251, 6.3895]","[0, 1]",[2]
95,diprotic,2,2,6.82,10.44,3.619999999999999,0.20091570067223544,0.20283760598682052,1.3748927764071925,1.6947187174453766,2.365721411763995,0.5,0.5,0.0,0.0,1.3731642358049077,0.048286883649076684,0.0,3.5734948517568412,"[2.5092, 4.0238, 2.5459]","[0.2016, 0.1983, 0.2028]","[0.3326, 0.4104, 0.0377]","[2.5081, 4.0262, 2.5562]","[2.1251, 6.3895]","[0, 1]",[2]
95,diprotic,2,3,11.92,10.44,1.4800000000000004,0.19776489135437028,0.20109074565370155,1.3646885173125958,1.6949372292444254,2.3698937012396977,0.5,0.5,0.0,0.0,1.37152240464516,0.0483648624411193,0.0,8.451631746329367,"[2.4846, 4.0196, 2.5410]","[0.1988, 0.2011, 0.1934]","[0.3324, 0.4105, 0.0378]","[2.5042, 4.0256, 2.5553]","[2.1251, 6.3895]","[0, 1]",[2]
95,diprotic,2,4,10.83,10.44,0.39000000000000057,0.19884952447589996,0.20510879283605862,1.358409422975746,1.6889271740243768,2.362002387642532,0.5,0.5,0.0,0.0,1.370531482396471,0.04826697055340227,0.0,7.468848148286343,"[2.4799, 4.0275, 2.5402]","[0.2051, 0.1972, 0.1942]","[0.3320, 0.4110, 0.0377]","[2.5035, 4.0268, 2.5552]","[2.1251, 6.3895]","[0, 1]",[2]
95,diprotic,2,5,7.72,10.44,2.7199999999999998,0.2009527215089959,0.207885526301578,1.3514304826530807,1.6854927862717446,2.35866510434266,0.5,0.5,0.0,0.0,1.3694259702209852,0.04814466820093388,0.0,4.385252898586914,"[2.4693, 4.0309, 2.5574]","[0.2079, 0.1977, 0.1973]","[0.3320, 0.4112, 0.0376]","[2.5018, 4.0274, 2.5580]","[2.1251, 6.3895]","[0, 1]",[2]
95,diprotic,2,6,8.34,10.44,2.0999999999999996,0.20672136369895291,0.21418496261942313,1.3536730904896757,1.6897107244993064,2.364955195825324,0.5,0.5,0.0,0.0,1.3698118287543157,0.04855102829120351,0.0,4.9906506162695585,"[2.4675, 4.0246, 2.5610]","[0.2142, 0.2040, 0.2020]","[0.3313, 0.4114, 0.0379]","[2.5016, 4.0264, 2.5586]","[2.1251, 6.3895]","[0, 1]",[2]
95,diprotic,2,7,10.79,10.44,0.34999999999999964,0.21486869775221215,0.23380974501593324,1.3436433581547345,1.6814876322793622,2.354594980931573,0.5,0.5,0.0,0.0,1.3683120194720608,0.04847515758535989,0.0,7.427432670686393,"[2.4578, 4.0349, 2.5542]","[0.2338, 0.2033, 0.2075]","[0.3314, 0.4107, 0.0378]","[2.5002, 4.0280, 2.5575]","[2.1251, 6.3895]","[0, 1]",[2]
95,diprotic,2,8,10.25,10.44,0.1899999999999995,0.2163684292130106,0.23243673212869212,1.3393950363805724,1.6728843260991448,2.3416738923020546,0.5,0.5,0.0,0.0,1.3676183388049425,0.047583006859519536,0.0,6.893806115724146,"[2.4622, 4.0479, 2.5418]","[0.2324, 0.2055, 0.2112]","[0.3314, 0.4119, 0.0371]","[2.5009, 4.0301, 2.5555]","[2.1251, 6.3895]","[0, 1]",[2]
95,diprotic,2,9,10.6,10.44,0.16000000000000014,0.20866840169736164,0.22578053674478038,1.3340355842615208,1.6674415578412458,2.3343907255688787,0.5,0.5,0.0,0.0,1.3667183858639838,0.04735914886341584,0.0,7.240427595004439,"[2.4588, 4.0552, 2.5519]","[0.2258, 0.1970, 0.2032]","[0.3306, 0.4131, 0.0370]","[2.5003, 4.0313, 2.5571]","[2.1251, 6.3895]","[0, 1]",[2]
95,diprotic,2,10,10.47,10.44,0.030000000000001137,0.20742763011595397,0.22195923282952545,1.3341981969672383,1.6774771870213128,2.350979827498744,0.5,0.5,0.0,0.0,1.3667701154453853,0.04751040996377882,1.0,7.110685252379627,"[2.4425, 4.0386, 2.5770]","[0.2220, 0.2011, 0.1992]","[0.3311, 0.4131, 0.0371]","[2.4977, 4.0286, 2.5611]","[2.1251, 6.3895]","[0, 1]",[2]
89,triprotic,3,0,2.21,10.22,8.010000000000002,0.20000000000000004,0.2,0.8785727081035586,0.9898374215885516,1.2521240245319376,0.3333333333333333,0.3333333333333333,0.0,0.0,0.8785727081035586,0.0,0.0,,"[4.3335, 5.9172, 2.9360]","[0.2000, 0.2000, 0.2000]","[0.3968, 0.0220, 0.0987]","[4.3335, 5.9172, 2.9360]","[3.1726, 5.5856, 7.0642]","[0, 1, 2]",[]
89,triprotic,3,1,3.99,10.22,6.23,0.1974611191943457,0.1982058169023241,0.8799115248657071,0.990462253393003,1.2546969887164723,0.3333333333333333,0.3333333333333333,0.0,0.0,0.8787882605886755,0.0,0.0,0.2614013056643305,"[4.3309, 5.9191, 2.9327]","[0.1966, 0.1975, 0.1982]","[0.3967, 0.0218, 0.0988]","[4.3331, 5.9175, 2.9355]","[3.1726, 5.5856, 7.0642]","[0, 1, 2]",[]
89,triprotic,3,2,5.76,10.22,4.460000000000001,0.19860522745285566,0.20118816739773732,0.8816054404812618,0.9911293541114522,1.2534269351716407,0.3333333333333333,0.3333333333333333,0.0,0.0,0.8790601362544496,0.0,0.0,1.2743200588645411,"[4.3322, 5.9168, 2.9286]","[0.1951, 0.2012, 0.1995]","[0.3971, 0.0217, 0.0986]","[4.3333, 5.9171, 2.9348]","[3.1726, 5.5856, 7.0642]","[0, 1, 2]",[]
89,triprotic,3,3,6.75,10.22,3.4700000000000006,0.19998799717343466,0.20497684895812257,0.8779019963505043,0.9891672946043655,1.258993938206153,0.3333333333333333,0.3333333333333333,0.0,0.0,0.8784699498379657,0.0,0.0,2.0744534954428673,"[4.3266, 5.9266, 2.9355]","[0.1957, 0.2050, 0.1993]","[0.3975, 0.0215, 0.0985]","[4.3324, 5.9187, 2.9359]","[3.1726, 5.5856, 7.0642]","[0, 1, 2]",[]
89,triprotic,3,4,7.93,10.22,2.290000000000001,0.1936077616015581,0.19889163760860942,0.8711145438771041,0.9859841195849712,1.2599155521144478,0.3333333333333333,0.3333333333333333,0.0,0.0,0.8773738660320126,0.0,0.0,2.8446398976445195,"[4.3257, 5.9329, 2.9505]","[0.1883, 0.1936, 0.1989]","[0.3978, 0.0219, 0.0986]","[4.3322, 5.9197, 2.9383]","[3.1726, 5.5856, 7.0642]","[0, 1, 2]",[]
89,triprotic,3,5,11.8,10.22,1.58,0.19120880785520825,0.19623582682947502,0.8773957302362833,0.989026522909061,1.267053872234233,0.3333333333333333,0.3333333333333333,0.0,0.0,0.8783762154476714,0.0,0.0,0.0009358923882238912,"[4.3186, 5.9359, 2.9358]","[0.1910, 0.1864, 0.1962]","[0.3977, 0.0219, 0.0983]","[4.3311, 5.9202, 2.9360]","[3.1726, 5.5856, 7.0642]","[0, 1, 2]",[]
89,triprotic,3,6,11.22,10.22,1.0,0.1974992951033999,0.20504276685367512,0.878991292215085,0.9877787354778966,1.260212054450002,0.3333333333333333,0.3333333333333333,0.0,0.0,0.8786357201361291,0.0,0.0,0.002555547952651338,"[4.3254, 5.9335, 2.9265]","[0.2050, 0.1944, 0.1930]","[0.3975, 0.0219, 0.0976]","[4.3322, 5.9198, 2.9345]","[3.1726, 5.5856, 7.0642]","[0, 1, 2]",[]
89,triprotic,3,7,7.93,10.22,2.290000000000001,0.19753445477401196,0.20621025856834058,0.8849830043838076,0.9936833369344572,1.263690344636184,0.3333333333333333,0.3333333333333333,0.0,0.0,0.8796000920151358,0.0,0.0,2.8431051078438756,"[4.3219, 5.9227, 2.9228]","[0.2062, 0.1929, 0.1935]","[0.3968, 0.0220, 0.0970]","[4.3317, 5.9181, 2.9339]","[3.1726, 5.5856, 7.0642]","[0, 1, 2]",[]
89,triprotic,3,8,8.68,10.22,1.540000000000001,0.197565288234398,0.21086742420312682,0.895219185963684,1.0004972964329608,1.2636382909548916,0.3333333333333333,0.3333333333333333,0.0,0.0,0.8812658369389231,0.0,0.0,3.237341061532497,"[4.3220, 5.9087, 2.9061]","[0.2109, 0.1957, 0.1862]","[0.3973, 0.0222, 0.0973]","[4.3317, 5.9158, 2.9311]","[3.1726, 5.5856, 7.0642]","[0, 1, 2]",[]
89,triprotic,3,9,11.18,10.22,0.9599999999999991,0.2034814628681653,0.20792067564100342,0.9004334114491271,1.0069379491596289,1.2697491866109587,0.3333333333333333,0.3333333333333333,0.0,0.0,0.8820671057329337,0.0,0.0,0.0008624938130381565,"[4.3159, 5.8985, 2.9068]","[0.2079, 0.1983, 0.2042]","[0.3981, 0.0223, 0.0974]","[4.3307, 5.9142, 2.9313]","[3.1726, 5.5856, 7.0642]","[0, 1, 2]",[]
89,triprotic,3,10,10.72,10.22,0.5,0.2112890455085071,0.21509856471881422,0.8999079736931875,1.005626859587131,1.2831842833693123,0.3333333333333333,0.3333333333333333,0.0,0.0,0.8819488309554311,0.0,0.0,0.00475266695022647,"[4.3024, 5.9177, 2.9025]","[0.2085, 0.2103, 0.2151]","[0.3986, 0.0242, 0.0981]","[4.3286, 5.9173, 2.9307]","[3.1726, 5.5856, 7.0642]","[0, 1, 2]",[]
89,triprotic,3,11,8.69,10.22,1.5300000000000011,0.21271110161670867,0.21464024221179248,0.9008765274822067,1.0060522536794894,1.286214942372209,0.3333333333333333,0.3333333333333333,0.0,0.0,0.8820898973333805,0.0,0.0,3.2405360513925547,"[4.2994, 5.9207, 2.8997]","[0.2146, 0.2091, 0.2144]","[0.3983, 0.0232, 0.0971]","[4.3281, 5.9177, 2.9303]","[3.1726, 5.5856, 7.0642]","[0, 1, 2]",[]
89,triprotic,3,12,9.77,10.22,0.45000000000000107,0.21039445495848116,0.22496461488837255,0.9025950403612467,1.0107062209680782,1.2837607264959319,0.3333333333333333,0.3333333333333333,0.0,0.0,0.882376777700851,0.0,0.0,0.5079889488220211,"[4.3019, 5.9035, 2.9093]","[0.2036, 0.2026, 0.2250]","[0.3984, 0.0223, 0.0961]","[4.3284, 5.9150, 2.9318]","[3.1726, 5.5856, 7.0642]","[0, 1, 2]",[]
89,triprotic,3,13,10.7,10.22,0.47999999999999865,0.20788065340697248,0.23040473433866113,0.9104890593127749,1.0160287152029985,1.2936491464758229,0.3333333333333333,0.3333333333333333,0.0,0.0,0.8836323986270321,0.0,0.0,0.00891960859298635,"[4.2920, 5.9038, 2.8952]","[0.1947, 0.1985, 0.2304]","[0.3992, 0.0233, 0.0962]","[4.3268, 5.9150, 2.9297]","[3.1726, 5.5856, 7.0642]","[0, 1, 2]",[]
89,triprotic,3,14,10.42,10.22,0.1999999999999993,0.21780713778002944,0.23818958025848289,0.9140603745164553,1.0144209691806099,1.2915460450858642,0.3333333333333333,0.3333333333333333,0.0,0.0,0.8840994933207083,0.0,0.0,0.01517991542816155,"[4.2941, 5.9105, 2.8756]","[0.2080, 0.2072, 0.2382]","[0.4003, 0.0234, 0.0966]","[4.3272, 5.9161, 2.9267]","[3.1726, 5.5856, 7.0642]","[0, 1, 2]",[]
89,triprotic,3,15,9.76,10.22,0.46000000000000085,0.2204169406786505,0.23678091795292325,0.9179558075276822,1.017099692337569,1.2832364261170222,0.3333333333333333,0.3333333333333333,0.0,0.0,0.8847090014138388,0.0,0.0,0.5020978546142576,"[4.3024, 5.8956, 2.8706]","[0.1983, 0.2261, 0.2368]","[0.3997, 0.0230, 0.0985]","[4.3285, 5.9138, 2.9260]","[3.1726, 5.5856, 7.0642]","[0, 1, 2]",[]
89,triprotic,3,16,10.15,10.22,0.07000000000000028,0.21946408019929028,0.2321619571922193,0.9230658777683232,1.0257414257096014,1.309952704000949,0.3333333333333333,0.3333333333333333,0.0,0.0,0.8855821939478394,0.0,1.0,0.04770102500915563,"[4.2757, 5.9011, 2.8765]","[0.1954, 0.2322, 0.2308]","[0.3993, 0.0245, 0.1004]","[4.3242, 5.9147, 2.9268]","[3.1726, 5.5856, 7.0642]","[0, 1, 2]",[]
94,triprotic,3,0,1.68,3.94,2.26,0.20000000000000004,0.2,0.6515587901003558,0.751415866304921,0.962809855379505,0.3333333333333333,1.0,0.0,1.0,0.6515587901003558,0.0,0.0,,"[2.6532, 5.5383, 3.8372]","[0.2000, 0.2000, 0.2000]","[0.3240, 0.0759, 0.3294]","[2.6532, 5.5383, 3.8372]","[2.5281, 4.7039, 6.5011]","[0, 1, 2]",[]
94,triprotic,3,1,2.61,3.94,1.33,0.14522835617673915,0.27291097727358793,0.9364754476528342,0.9801008420785288,1.271915707530641,0.0,0.6666666666666666,0.0,0.0,0.6345409550993503,0.0,0.0,0.12152487166225923,"[1.9619, 5.2292, 3.7326]","[0.0165, 0.2729, 0.1463]","[0.3219, 0.0798, 0.3251]","[2.5172, 5.4929, 3.8193]","[2.5281, 4.7039, 6.5011]","[0, 1, 2]",[]
94,triprotic,3,2,3.22,3.94,0.7199999999999998,0.15372616033807987,0.2849108014008892,1.0888410800051134,1.1737632387660282,1.6563822175472644,0.0,0.3333333333333333,0.0,0.0,0.6570260865823873,0.0,0.0,0.05353995386511068,"[1.9390, 4.8447, 3.6829]","[0.0166, 0.2849, 0.1597]","[0.3208, 0.0797, 0.3246]","[2.5127, 5.4381, 3.8112]","[2.5281, 4.7039, 6.5011]","[0, 1, 2]",[]
94,triprotic,3,3,3.77,3.94,0.16999999999999993,0.008330933324211608,0.015170292696483925,1.4595308545972003,1.70946372878041,2.6836339302459105,0.0,0.3333333333333333,0.0,0.0,0.7444678442198046,0.0,0.0,0.12182849042117594,"[1.9340, 3.8175, 3.6030]","[0.0016, 0.0152, 0.0083]","[0.3280, 0.0753, 0.3211]","[2.5096, 5.1994, 3.7907]","[2.5281, 4.7039, 6.5011]","[0, 1, 2]",[]
94,triprotic,3,4,3.94,3.94,0.0,0.009812598114526654,0.016681287539592568,1.4540166472306286,1.7019127056895476,2.670685616298197,0.0,0.3333333333333333,0.0,0.0,0.7431325178113545,0.0,1.0,0.05389403603970999,"[1.9340, 3.8304, 3.6066]","[0.0025, 0.0167, 0.0103]","[0.3279, 0.0753, 0.3211]","[2.5097, 5.2024, 3.7915]","[2.5281, 4.7039, 6.5011]","[0, 1, 2]",[]
96,diprotic,2,0,2.39,3.17,0.7799999999999998,0.20000000000000004,0.2,0.9024105234313733,0.9305172750568752,1.129385514079214,0.0,0.5,0.0,0.0,0.9024105234313733,0.008885822133779956,0.0,,"[4.8927, 2.2659, 4.5779]","[0.2000, 0.2000, 0.2000]","[0.1999, 0.2508, 0.0040]","[4.8927, 2.2659, 4.5779]","[2.9413, 6.0221]","[0, 1]",[2]
96,diprotic,2,1,2.58,3.17,0.5899999999999999,0.20476617925426813,0.20667454627925985,0.902155522234096,0.9318335530677982,1.1354561530208187,0.0,0.5,0.0,0.0,0.902367644771124,0.009315361425947582,0.0,0.5830026972852647,"[4.8866, 2.2724, 4.5950]","[0.2056, 0.2021, 0.2067]","[0.1998, 0.2505, 0.0042]","[4.8917, 2.2669, 4.5807]","[2.9413, 6.0221]","[0, 1]",[2]
96,diprotic,2,2,2.83,3.17,0.33999999999999986,0.20335513985820527,0.20891769984061206,0.9019937859962099,0.9324341208466436,1.1382999427997866,0.0,0.5,0.0,0.0,0.9023551983942077,0.008555581902397484,0.0,0.440315944449976,"[4.8838, 2.2756, 4.5939]","[0.1941, 0.2070, 0.2089]","[0.2002, 0.2504, 0.0039]","[4.8912, 2.2674, 4.5805]","[2.9413, 6.0221]","[0, 1]",[2]
96,diprotic,2,3,2.96,3.17,0.20999999999999996,0.20319405634061846,0.20924323505386397,0.9010748452126061,0.934061638649851,1.1471140049460171,0.0,0.5,0.0,0.0,0.9022270586040493,0.009157956014737026,0.0,0.35858940725214783,"[4.8750, 2.2863, 4.5854]","[0.1925, 0.2092, 0.2079]","[0.2003, 0.2506, 0.0042]","[4.8898, 2.2691, 4.5791]","[2.9413, 6.0221]","[0, 1]",[2]
96,diprotic,2,4,3.05,3.17,0.1200000000000001,0.20369480378835145,0.21817572473831992,0.8993369855684905,0.9324662885869424,1.145683014031885,0.0,0.5,0.0,0.0,0.9019697547959882,0.009158033986270922,0.0,0.29717879677191394,"[4.8764, 2.2883, 4.5971]","[0.1914, 0.2182, 0.2015]","[0.2000, 0.2506, 0.0042]","[4.8900, 2.2694, 4.5810]","[2.9413, 6.0221]","[0, 1]",[2]
96,diprotic,2,5,3.1,3.17,0.06999999999999984,0.20359233669585333,0.2157417212604668,0.9025021857858981,0.9356297441326175,1.1492668971150168,0.0,0.5,0.0,0.0,0.902468739850157,0.009746183517969834,1.0,0.26339619918726376,"[4.8728, 2.2856, 4.6069]","[0.1928, 0.2157, 0.2022]","[0.2005, 0.2504, 0.0044]","[4.8895, 2.2690, 4.5826]","[2.9413, 6.0221]","[0, 1]",[2]
97,diprotic,2,0,1.59,4.81,3.2199999999999998,0.20000000000000004,0.2,0.17736168000237185,0.2198091689096745,0.30720352689118524,1.0,1.0,1.0,1.0,0.17736168000237185,0.36872000123281123,0.0,,"[2.0489, 3.1746, 5.1652]","[0.2000, 0.2000, 0.2000]","[0.4296, 0.4377, 0.2978]","[2.0489, 3.1746, 5.1652]","[3.1271, 5.4724]","[1, 2]",[0]
97,diprotic,2,1,3.42,4.81,1.3899999999999997,0.19967588943498882,0.20888021529880635,0.17054512642963848,0.21667810852490985,0.304200513769735,1.0,1.0,1.0,1.0,0.17627400833344953,0.36877056129543917,0.0,1.1180888764373957,"[2.0492, 3.1640, 5.1682]","[0.1988, 0.2089, 0.1913]","[0.4295, 0.4377, 0.2974]","[2.0489, 3.1729, 5.1656]","[3.1271, 5.4724]","[1, 2]",[0]
97,diprotic,2,2,3.98,4.81,0.8299999999999996,0.20509402447496491,0.21827594910723705,0.16480467427916112,0.2076038334451164,0.29105351980595096,1.0,1.0,1.0,1.0,0.1753456468446759,0.36900417052810724,0.0,1.4204328344389796,"[2.0583, 3.1657, 5.1813]","[0.2073, 0.2183, 0.1897]","[0.4298, 0.4375, 0.2974]","[2.0504, 3.1732, 5.1678]","[3.1271, 5.4724]","[1, 2]",[0]
97,diprotic,2,3,4.59,4.81,0.21999999999999975,0.20023742636122108,0.2076959004530638,0.15546307003637305,0.20263945923005006,0.2854399306382236,1.0,1.0,1.0,1.0,0.1738469264413034,0.3692104659560671,0.0,1.8340627464093266,"[2.0578, 3.1526, 5.1869]","[0.2005, 0.2077, 0.1925]","[0.4299, 0.4373, 0.2973]","[2.0503, 3.1711, 5.1687]","[3.1271, 5.4724]","[1, 2]",[0]
97,diprotic,2,4,4.73,4.81,0.07999999999999918,0.20375923852500144,0.2131429807154168,0.14752105194627418,0.19502693546924468,0.2750868968703353,1.0,1.0,1.0,1.0,0.1725613625383886,0.3694529161506828,1.0,1.9218684029951696,"[2.0563, 3.1471, 5.1973]","[0.2131, 0.2097, 0.1884]","[0.4300, 0.4371, 0.2967]","[2.0500, 3.1703, 5.1704]","[3.1271, 5.4724]","[1, 2]",[0]
99,triprotic,3,0,2.23,8.08,5.85,0.20000000000000004,0.2,1.161009340859211,1.497112428868415,2.4819968539377353,0.3333333333333333,0.6666666666666666,0.0,0.0,1.161009340859211,0.0,0.0,,"[4.3588, 5.4179, 4.0772]","[0.2000, 0.2000, 0.2000]","[0.0374, 0.3878, 0.0900]","[4.3588, 5.4179, 4.0772]","[3.3996, 4.0353, 7.8999]","[0, 1, 2]",[]
99,triprotic,3,1,3.58,8.08,4.5,0.20430026495898057,0.20807627586880367,1.1518020561923628,1.4871018431791854,2.4654502011251616,0.3333333333333333,0.6666666666666666,0.0,0.0,1.1595410543701583,0.0,0.0,0.8372562495805322,"[4.3487, 5.4345, 4.0762]","[0.2081, 0.2042, 0.2006]","[0.0376, 0.3878, 0.0902]","[4.3572, 5.4206, 4.0770]","[3.3996, 4.0353, 7.8999]","[0, 1, 2]",[]
99,triprotic,3,2,4.18,8.08,3.9000000000000004,0.20736422798357615,0.21134661852587386,1.1478371049740195,1.483551249407222,2.4589472182493477,0.3333333333333333,0.6666666666666666,0.0,0.0,1.1589158864765088,0.0,0.0,0.4957022121455523,"[4.3383, 5.4410, 4.0812]","[0.2045, 0.2113, 0.2062]","[0.0379, 0.3876, 0.0905]","[4.3555, 5.4216, 4.0778]","[3.3996, 4.0353, 7.8999]","[0, 1, 2]",[]
99,triprotic,3,3,7.03,8.08,1.0499999999999998,0.21670648893025068,0.2224323678398631,1.1434044360031537,1.4795491302274548,2.4537929882241585,0.3333333333333333,0.6666666666666666,0.0,0.0,1.1582339983859464,0.0,0.0,2.1298731339350345,"[4.3373, 5.4461, 4.0741]","[0.2084, 0.2193, 0.2224]","[0.0383, 0.3881, 0.0906]","[4.3554, 5.4224, 4.0767]","[3.3996, 4.0353, 7.8999]","[0, 1, 2]",[]
99,triprotic,3,4,7.81,8.08,0.27000000000000046,0.21797523932413554,0.22657435411170537,1.1399683858087162,1.477210580087989,2.4497335922193093,0.3333333333333333,0.6666666666666666,0.0,0.0,1.1576864072578814,0.0,0.0,2.7648326195217665,"[4.3272, 5.4502, 4.0779]","[0.2117, 0.2156, 0.2266]","[0.0386, 0.3876, 0.0904]","[4.3538, 5.4230, 4.0773]","[3.3996, 4.0353, 7.8999]","[0, 1, 2]",[]
99,triprotic,3,5,8.11,8.08,0.02999999999999936,0.21683029071880086,0.2263931693978255,1.1408315708813053,1.4773318178356212,2.450153384126483,0.3333333333333333,0.6666666666666666,0.0,0.0,1.1578178246648518,0.0,1.0,2.9647541694715613,"[4.3324, 5.4498, 4.0749]","[0.2154, 0.2087, 0.2264]","[0.0384, 0.3874, 0.0907]","[4.3546, 5.4230, 4.0768]","[3.3996, 4.0353, 7.8999]","[0, 1, 2]",[]
101,diprotic,2,0,1.66,4.28,2.62,0.20000000000000004,0.2,1.228469650050959,1.2355108961363603,1.3601871256392282,0.0,0.0,0.0,0.0,1.228469650050959,0.5033704264257204,0.0,,"[2.2948, 2.0411, 4.3164]","[0.2000, 0.2000, 0.2000]","[0.1179, 0.4654, 0.3412]","[2.2948, 2.0411, 4.3164]","[3.6550, 5.4132]","[0, 2]",[1]
101,diprotic,2,1,3.77,4.28,0.5100000000000002,0.20199414480550074,0.21664623540388572,1.2258315390268182,1.2323786517173685,1.35269437493971,0.0,0.0,0.0,0.0,1.2280384223463123,0.5031783696299205,0.0,1.765270894607529,"[2.3023, 2.0460, 4.3142]","[0.1893, 0.2166, 0.2001]","[0.1181, 0.4653, 0.3413]","[2.2961, 2.0419, 4.3161]","[3.6550, 5.4132]","[0, 2]",[1]
101,diprotic,2,2,3.91,4.28,0.3700000000000001,0.2046491803192727,0.22387142993621748,1.2200874454283026,1.2254707679691288,1.3348272757187676,0.0,0.0,0.0,0.0,1.2270821534334695,0.5033479030939697,0.0,1.853763558752835,"[2.3202, 2.0616, 4.3078]","[0.1847, 0.2239, 0.2054]","[0.1178, 0.4649, 0.3410]","[2.2990, 2.0443, 4.3150]","[3.6550, 5.4132]","[0, 2]",[1]
101,diprotic,2,3,4.07,4.28,0.20999999999999996,0.20866049637183515,0.22268726492693214,1.2262121182042198,1.2318603176111493,1.3440411607793084,0.0,0.0,0.0,0.0,1.2280791745911923,0.5035485691552544,0.0,1.960784749761224,"[2.3110, 2.0601, 4.3048]","[0.1909, 0.2227, 0.2124]","[0.1173, 0.4650, 0.3411]","[2.2975, 2.0441, 4.3146]","[3.6550, 5.4132]","[0, 2]",[1]
101,diprotic,2,4,4.17,4.28,0.11000000000000032,0.20312004147941554,0.21464155003188143,1.223756486537061,1.2283965168846402,1.330424496515612,0.0,0.0,0.0,0.0,1.2276444545894414,0.5027623550330346,0.0,2.0330757110659032,"[2.3246, 2.0705, 4.2961]","[0.1836, 0.2146, 0.2111]","[0.1178, 0.4645, 0.3416]","[2.2997, 2.0457, 4.3132]","[3.6550, 5.4132]","[0, 2]",[1]
101,diprotic,2,5,4.22,4.28,0.0600000000000005,0.20917394779746712,0.22545372188032586,1.2178204429646964,1.2220452881398949,1.3193490348104882,0.0,0.0,0.0,0.0,1.2266799255329663,0.5026620511066333,1.0,2.0657848378457127,"[2.3357, 2.0788, 4.2969]","[0.1868, 0.2255, 0.2152]","[0.1180, 0.4643, 0.3414]","[2.3015, 2.0470, 4.3133]","[3.6550, 5.4132]","[0, 2]",[1]
98,diprotic,2,0,2.96,8.75,5.79,0.20000000000000004,0.2,2.01254484278967,2.38990413539632,3.301461066655727,0.0,0.5,0.0,0.0,2.01254484278967,0.21656033983574646,0.0,,"[2.9468, 2.0326, 3.3124]","[0.2000, 0.2000, 0.2000]","[0.1222, 0.1545, 0.4366]","[2.9468, 2.0326, 3.3124]","[3.6705, 6.6138]","[0, 2]",[1]
98,diprotic,2,1,4.39,8.75,4.36,0.20036136733099852,0.20627552143639896,2.009078620828558,2.38175273825216,3.2882772768242874,0.0,0.5,0.0,0.0,2.011985153447994,0.21655529697131956,0.0,1.9878571178857234,"[2.9406, 2.0527, 3.3256]","[0.1982, 0.2063, 0.1966]","[0.1222, 0.1546, 0.4370]","[2.9458, 2.0358, 3.3145]","[3.6705, 6.6138]","[0, 2]",[1]
98,diprotic,2,2,6.55,8.75,2.2,0.19901817685765277,0.2033403306160986,2.0066160267180777,2.373352265711467,3.2740122151595252,0.0,0.5,0.0,0.0,2.0115789901933585,0.21707139756600882,0.0,3.8881271695252506,"[2.9313, 2.0575, 3.3398]","[0.2033, 0.1972, 0.1965]","[0.1222, 0.1550, 0.4368]","[2.9444, 2.0366, 3.3168]","[3.6705, 6.6138]","[0, 2]",[1]
98,diprotic,2,3,7.29,8.75,1.46,0.1953533294098124,0.19872932524898929,2.0072227773730535,2.371722522717685,3.270600965708258,0.0,0.5,0.0,0.0,2.011675032743806,0.21737996775591212,0.0,4.451292624892667,"[2.9266, 2.0718, 3.3432]","[0.1987, 0.1934, 0.1940]","[0.1218, 0.1551, 0.4368]","[2.9436, 2.0390, 3.3174]","[3.6705, 6.6138]","[0, 2]",[1]
98,diprotic,2,4,11.52,8.75,2.7699999999999996,0.19340560138443172,0.19815546627194494,2.010140501600652,2.371994750631394,3.269384028821486,0.0,0.5,0.0,0.0,2.012146839321727,0.21712709998723487,0.0,8.500700101237744,"[2.9196, 2.0727, 3.3445]","[0.1982, 0.1875, 0.1945]","[0.1222, 0.1550, 0.4367]","[2.9425, 2.0392, 3.3176]","[3.6705, 6.6138]","[0, 2]",[1]
98,diprotic,2,5,8.04,8.75,0.7100000000000009,0.19603576640295395,0.20452236256426448,2.015354130009163,2.3731329990985133,3.268393619436896,0.0,0.5,0.0,0.0,2.0129611708966397,0.21700069173139863,0.0,5.115199631042778,"[2.9082, 2.0827, 3.3454]","[0.2045, 0.1892, 0.1944]","[0.1221, 0.1550, 0.4372]","[2.9407, 2.0408, 3.3177]","[3.6705, 6.6138]","[0, 2]",[1]
98,diprotic,2,6,10.98,8.75,2.2300000000000004,0.19676989726680208,0.20613612013173385,2.0240227683603464,2.3750290298258134,3.266638849728306,0.0,0.5,0.0,0.0,2.014331329218122,0.2168547626730236,0.0,8.009392879456282,"[2.8891, 2.0681, 3.3472]","[0.2061, 0.1907, 0.1934]","[0.1221, 0.1550, 0.4376]","[2.9376, 2.0384, 3.3180]","[3.6705, 6.6138]","[0, 2]",[1]
98,diprotic,2,7,9.23,8.75,0.4800000000000004,0.1989334456912231,0.2012411675461628,2.0164050188268288,2.368444518069804,3.258838210280149,0.0,0.5,0.0,0.0,2.013182828366669,0.21640591826652777,0.0,6.28322926864028,"[2.8965, 2.0577, 3.3550]","[0.1959, 0.2012, 0.1996]","[0.1229, 0.1549, 0.4380]","[2.9387, 2.0367, 3.3192]","[3.6705, 6.6138]","[0, 2]",[1]
98,diprotic,2,8,8.05,8.75,0.6999999999999993,0.19951686139640243,0.20593707017250282,2.0128886067276404,2.3667679000076123,3.2578262555327933,0.0,0.5,0.0,0.0,2.012630519139279,0.21714921323415748,0.0,5.124774751439691,"[2.9025, 2.0595, 3.3560]","[0.1987, 0.1939, 0.2059]","[0.1220, 0.1553, 0.4377]","[2.9397, 2.0370, 3.3193]","[3.6705, 6.6138]","[0, 2]",[1]
98,diprotic,2,9,8.32,8.75,0.4299999999999997,0.19920082729761432,0.2035427162697058,1.999747176583032,2.3577121492581603,3.248673839164837,0.0,0.5,0.0,0.0,2.0105043871214328,0.21614081220274547,0.0,5.383720958307386,"[2.9197, 2.0666, 3.3652]","[0.2016, 0.1925, 0.2035]","[0.1229, 0.1549, 0.4387]","[2.9425, 2.0381, 3.3208]","[3.6705, 6.6138]","[0, 2]",[1]
98,diprotic,2,10,9.11,8.75,0.35999999999999943,0.1981428982428988,0.2090260989274161,1.9906493880862752,2.35390824075455,3.246913301284421,0.0,0.5,0.0,0.0,2.0090126412046603,0.21640461160601082,0.0,6.161279306411743,"[2.9361, 2.0818, 3.3669]","[0.2090, 0.1870, 0.1985]","[0.1224, 0.1550, 0.4388]","[2.9451, 2.0407, 3.3211]","[3.6705, 6.6138]","[0, 2]",[1]
98,diprotic,2,11,8.57,8.75,0.17999999999999972,0.20401625669842957,0.22150402557693066,1.9913732934546409,2.3577942322801917,3.253762317444217,0.0,0.5,0.0,0.0,2.0091621130991033,0.217168049253982,0.0,5.6250181595608595,"[2.9415, 2.0931, 3.3601]","[0.2215, 0.1847, 0.2059]","[0.1216, 0.1551, 0.4375]","[2.9460, 2.0425, 3.3200]","[3.6705, 6.6138]","[0, 2]",[1]
98,diprotic,2,12,8.74,8.75,0.009999999999999787,0.20233043542076778,0.21792267491525463,1.9867636775218163,2.353954610015318,3.2492502698040298,0.0,0.5,0.0,0.0,2.0084333166851778,0.2172816039348432,1.0,5.792201869431883,"[2.9462, 2.0825, 3.3646]","[0.2179, 0.1835, 0.2056]","[0.1221, 0.1553, 0.4374]","[2.9467, 2.0408, 3.3207]","[3.6705, 6.6138]","[0, 2]",[1]
102,triprotic,3,0,1.93,5.08,3.1500000000000004,0.20000000000000004,0.2,1.2654046960189402,1.389501565985416,1.8590037357452607,0.3333333333333333,0.3333333333333333,0.0,0.0,1.2654046960189402,0.0,0.0,,"[4.7036, 3.5360, 3.7941]","[0.2000, 0.2000, 0.2000]","[0.0301, 0.0815, 0.4082]","[4.7036, 3.5360, 3.7941]","[3.0469, 5.6531, 6.1518]","[0, 1, 2]",[]
102,triprotic,3,1,3.32,5.08,1.7600000000000002,0.20262474822888146,0.20901568300077136,1.261485375938346,1.3850349688547985,1.8548249690221663,0.3333333333333333,0.3333333333333333,0.0,0.0,1.2647815476333284,0.0,0.0,0.42518157623242603,"[4.7111, 3.5359, 3.7983]","[0.2090, 0.1923, 0.2066]","[0.0301, 0.0814, 0.4084]","[4.7048, 3.5360, 3.7948]","[3.0469, 5.6531, 6.1518]","[0, 1, 2]",[]
102,triprotic,3,2,4.09,5.08,0.9900000000000002,0.20672875150715922,0.21122127116352626,1.2675317277314917,1.3929133166945598,1.8685496564893622,0.3333333333333333,0.3333333333333333,0.0,0.0,1.2657404990433365,0.0,0.0,0.24655137808062122,"[4.7057, 3.5349, 3.7846]","[0.2091, 0.1999, 0.2112]","[0.0298, 0.0814, 0.4084]","[4.7040, 3.5358, 3.7926]","[3.0469, 5.6531, 6.1518]","[0, 1, 2]",[]
102,triprotic,3,3,4.84,5.08,0.2400000000000002,0.2005299405792623,0.20603594608785383,1.271667155501105,1.4017766987850155,1.881103486567322,0.3333333333333333,0.3333333333333333,0.0,0.0,1.2663916057318128,0.0,0.0,0.9441186637012287,"[4.6916, 3.5207, 3.7720]","[0.2060, 0.1916, 0.2039]","[0.0300, 0.0813, 0.4080]","[4.7017, 3.5335, 3.7906]","[3.0469, 5.6531, 6.1518]","[0, 1, 2]",[]
102,triprotic,3,4,4.96,5.08,0.1200000000000001,0.20174928975383696,0.20857471045651238,1.2570554594158712,1.3851297137455785,1.859612239765839,0.3333333333333333,0.3333333333333333,0.0,0.0,1.2640579607648,0.0,0.0,1.0535436571016907,"[4.7109, 3.5176, 3.7935]","[0.2031, 0.1936, 0.2086]","[0.0299, 0.0811, 0.4077]","[4.7048, 3.5330, 3.7940]","[3.0469, 5.6531, 6.1518]","[0, 1, 2]",[]
102,triprotic,3,5,5.03,5.08,0.04999999999999982,0.20793916622744524,0.21234229657709391,1.2589641011045194,1.3873512289413719,1.8667141780821823,0.3333333333333333,0.3333333333333333,0.0,0.0,1.2643803503385924,0.0,1.0,1.113424606593326,"[4.7144, 3.5197, 3.7864]","[0.2123, 0.2044, 0.2071]","[0.0294, 0.0810, 0.4072]","[4.7053, 3.5334, 3.7929]","[3.0469, 5.6531, 6.1518]","[0, 1, 2]",[]
103,diprotic,2,0,2.13,3.3,1.17,0.20000000000000004,0.2,1.496264451782217,1.9868986470054266,2.8035360088065624,0.5,0.5,0.0,0.0,1.496264451782217,0.25967639997735653,0.0,,"[3.9113, 2.9932, 3.3664]","[0.2000, 0.2000, 0.2000]","[0.1211, 0.1282, 0.2443]","[3.9113, 2.9932, 3.3664]","[3.5554, 6.7148]","[0, 2]",[1]
103,diprotic,2,1,3.19,3.3,0.10999999999999988,0.20412148581627118,0.20882267333665225,1.4997014797684751,1.9880233439461195,2.804742585502297,0.5,0.5,0.0,0.0,1.4968147556282567,0.25983834523554267,0.0,0.264755742913112,"[3.9101, 2.9959, 3.3607]","[0.2088, 0.2028, 0.2007]","[0.1210, 0.1280, 0.2438]","[3.9111, 2.9936, 3.3655]","[3.5554, 6.7148]","[0, 2]",[1]
103,diprotic,2,2,3.51,3.3,0.20999999999999996,0.19851325158140365,0.20661429607269974,1.492288732652204,1.9820343048322902,2.796717467359968,0.5,0.5,0.0,0.0,1.4956296824752464,0.2592561009892804,0.0,0.4655226566735653,"[3.9181, 2.9909, 3.3675]","[0.2066, 0.1971, 0.1918]","[0.1211, 0.1277, 0.2437]","[3.9124, 2.9928, 3.3666]","[3.5554, 6.7148]","[0, 2]",[1]
103,diprotic,2,3,3.43,3.3,0.13000000000000034,0.19450386666399402,0.20306066848358365,1.500508912986821,1.987038574960188,2.803119868117678,0.5,0.5,0.0,0.0,1.4969531544395496,0.25850624412140194,0.0,0.41238044325262324,"[3.9117, 2.9919, 3.3575]","[0.2031, 0.1889, 0.1916]","[0.1210, 0.1271, 0.2435]","[3.9113, 2.9930, 3.3649]","[3.5554, 6.7148]","[0, 2]",[1]
103,diprotic,2,4,3.37,3.3,0.07000000000000028,0.19550249387192029,0.20414017305281934,1.5024998582991007,1.9819014447688814,2.7949500556328943,0.5,0.5,0.0,0.0,1.4972914185998765,0.2591952562923789,1.0,0.37330212921835493,"[3.9199, 2.9865, 3.3453]","[0.2041, 0.1935, 0.1888]","[0.1209, 0.1273, 0.2430]","[3.9126, 2.9921, 3.3630]","[3.5554, 6.7148]","[0, 2]",[1]
105,triprotic,3,0,2.31,6.14,3.8299999999999996,0.20000000000000004,0.2,1.1956233792389641,1.378324923646141,1.8804918330540907,0.3333333333333333,0.3333333333333333,0.0,0.0,1.1956233792389641,0.0,0.0,,"[4.0448, 5.9203, 4.5637]","[0.2000, 0.2000, 0.2000]","[0.0907, 0.0470, 0.3573]","[4.0448, 5.9203, 4.5637]","[2.1643, 4.3052, 7.3681]","[0, 1, 2]",[]
105,triprotic,3,1,2.63,6.14,3.51,0.20327658546602767,0.20721687268131023,1.2015224060559124,1.3803696789912012,1.8760258694867353,0.3333333333333333,0.3333333333333333,0.0,0.0,1.1965648987676962,0.0,0.0,1.7305860313400627,"[4.0403, 5.9110, 4.5766]","[0.2024, 0.2002, 0.2072]","[0.0906, 0.0466, 0.3571]","[4.0440, 5.9188, 4.5658]","[2.1643, 4.3052, 7.3681]","[0, 1, 2]",[]
105,triprotic,3,2,4.1,6.14,2.04,0.2040696608012056,0.2043540003503047,1.2056497356452012,1.3829000382902972,1.8766560883370529,0.3333333333333333,0.3333333333333333,0.0,0.0,1.1972250810989769,0.0,0.0,0.8687990774400536,"[4.0409, 5.9059, 4.5833]","[0.2040, 0.2044, 0.2038]","[0.0906, 0.0471, 0.3572]","[4.0441, 5.9180, 4.5668]","[2.1643, 4.3052, 7.3681]","[0, 1, 2]",[]
105,triprotic,3,3,4.68,6.14,1.46,0.19626032784481828,0.19872261927367768,1.2099121725736597,1.3894039750011358,1.8878819808365925,0.3333333333333333,0.3333333333333333,0.0,0.0,1.1979272216811188,0.0,0.0,0.4561139276996258,"[4.0521, 5.9013, 4.5802]","[0.1955, 0.1945, 0.1987]","[0.0899, 0.0467, 0.3572]","[4.0459, 5.9172, 4.5664]","[2.1643, 4.3052, 7.3681]","[0, 1, 2]",[]
105,triprotic,3,4,5.82,6.14,0.3199999999999994,0.20085334528446896,0.20809515253540084,1.2033639331681403,1.3789533900591253,1.8735274417488306,0.3333333333333333,0.3333333333333333,0.0,0.0,1.1968705761737348,0.0,0.0,0.5542634401284161,"[4.0378, 5.9139, 4.5875]","[0.2081, 0.1934, 0.2011]","[0.0903, 0.0469, 0.3570]","[4.0436, 5.9193, 4.5675]","[2.1643, 4.3052, 7.3681]","[0, 1, 2]",[]
105,triprotic,3,5,6.22,6.14,0.08000000000000007,0.20714310965365731,0.21663197153762864,1.2048055497245196,1.3825685765816516,1.880246790566333,0.3333333333333333,0.3333333333333333,0.0,0.0,1.1970890932615028,0.0,1.0,0.9282068622112272,"[4.0445, 5.9113, 4.5826]","[0.2166, 0.1957, 0.2091]","[0.0903, 0.0473, 0.3572]","[4.0447, 5.9188, 4.5667]","[2.1643, 4.3052, 7.3681]","[0, 1, 2]",[]
106,monoprotic,1,0,2.18,3.67,1.4899999999999998,0.20000000000000004,0.2,0.9126454445024192,0.9126454445024192,0.9126454445024192,0.0,1.0,0.0,1.0,0.9126454445024192,0.16477719783276443,0.0,,"[3.2526, 5.3782, 4.2168]","[0.2000, 0.2000, 0.2000]","[0.4843, 0.0430, 0.0526]","[3.2526, 5.3782, 4.2168]",[2.3400],[0],"[1, 2]"
106,monoprotic,1,1,2.47,3.67,1.1999999999999997,0.20024723252292054,0.20592729931751777,0.9091388461898835,0.9091388461898835,0.9091388461898835,0.0,1.0,0.0,1.0,0.9120837842816911,0.1649461537544518,0.0,0.8254495307058094,"[3.2491, 5.3699, 4.2128]","[0.2018, 0.2059, 0.1930]","[0.4844, 0.0429, 0.0528]","[3.2521, 5.3769, 4.2161]",[2.3400],[0],"[1, 2]"
106,monoprotic,1,2,3.13,3.67,0.54,0.19556410640119296,0.20421802150814092,0.915008377675985,0.915008377675985,0.915008377675985,0.0,1.0,0.0,1.0,0.9130228400792637,0.16434605339204778,0.0,0.7254820688441397,"[3.2550, 5.3821, 4.2011]","[0.2042, 0.1927, 0.1898]","[0.4843, 0.0425, 0.0528]","[3.2530, 5.3788, 4.2142]",[2.3400],[0],"[1, 2]"
106,monoprotic,1,3,3.73,3.67,0.06000000000000005,0.19640537076296216,0.2151414078429019,0.921101384435357,0.921101384435357,0.921101384435357,0.0,1.0,0.0,1.0,0.9139782995189365,0.16501040444032425,1.0,0.3169773327931762,"[3.2611, 5.3788, 4.2046]","[0.2151, 0.1854, 0.1887]","[0.4844, 0.0426, 0.0531]","[3.2540, 5.3783, 4.2148]",[2.3400],[0],"[1, 2]"
107,triprotic,3,0,2.67,5.89,3.2199999999999998,0.20000000000000004,0.2,1.171875579018178,1.2888857374667386,1.9070010982877168,0.0,0.6666666666666666,0.0,0.0,1.171875579018178,0.0,0.0,,"[5.5533, 4.3997, 2.9733]","[0.2000, 0.2000, 0.2000]","[0.2547, 0.0966, 0.3909]","[5.5533, 4.3997, 2.9733]","[2.3320, 5.3671, 7.4603]","[0, 1, 2]",[]
107,triprotic,3,1,2.69,5.89,3.1999999999999997,0.20121950911000638,0.20823759449724386,1.1712412491055073,1.2899248612111054,1.9083744951777835,0.0,0.6666666666666666,0.0,0.0,1.1717670388268455,0.0,0.0,1.427595466086641,"[5.5519, 4.3894, 2.9597]","[0.2082, 0.2013, 0.1941]","[0.2548, 0.0964, 0.3904]","[5.5531, 4.3980, 2.9711]","[2.3320, 5.3671, 7.4603]","[0, 1, 2]",[]
107,triprotic,3,2,5.03,5.89,0.8599999999999994,0.20128309929371233,0.20943228201416833,1.1857640185271237,1.3045440405387596,1.925686766143257,0.0,0.6666666666666666,0.0,0.0,1.1740767591248928,0.0,0.0,0.7590726649807769,"[5.5346, 4.3694, 2.9660]","[0.2094, 0.2060, 0.1885]","[0.2550, 0.0965, 0.3902]","[5.5504, 4.3949, 2.9721]","[2.3320, 5.3671, 7.4603]","[0, 1, 2]",[]
107,triprotic,3,3,5.3,5.89,0.5899999999999999,0.2026953336427625,0.2081958882949873,1.1854573924368021,1.3043498062781913,1.9242247949005415,0.0,0.3333333333333333,0.0,0.0,1.1740247791780514,0.0,0.0,1.0006314198952166,"[5.5361, 4.3647, 2.9618]","[0.2069, 0.2082, 0.1930]","[0.2546, 0.0965, 0.3905]","[5.5506, 4.3941, 2.9714]","[2.3320, 5.3671, 7.4603]","[0, 1, 2]",[]
107,triprotic,3,4,5.53,5.89,0.35999999999999943,0.20374838280736993,0.2086853492314356,1.18731244990295,1.3072695683633964,1.9285883199424312,0.0,0.3333333333333333,0.0,0.0,1.1743181563318068,0.0,0.0,1.2029153950000184,"[5.5317, 4.3587, 2.9570]","[0.2063, 0.2087, 0.1962]","[0.2551, 0.0963, 0.3906]","[5.5499, 4.3932, 2.9707]","[2.3320, 5.3671, 7.4603]","[0, 1, 2]",[]
107,triprotic,3,5,5.69,5.89,0.1999999999999993,0.20116257937729318,0.20767027932754858,1.1847574966375252,1.30612622726863,1.9291540589119514,0.0,0.3333333333333333,0.0,0.0,1.1739050054309885,0.0,0.0,1.3459305911650885,"[5.5312, 4.3599, 2.9500]","[0.2043, 0.2077, 0.1915]","[0.2551, 0.0967, 0.3911]","[5.5498, 4.3934, 2.9695]","[2.3320, 5.3671, 7.4603]","[0, 1, 2]",[]
107,triprotic,3,6,5.78,5.89,0.10999999999999943,0.20169119458364668,0.211314823154044,1.1872353824629192,1.30775542864083,1.9267413659730837,0.0,0.3333333333333333,0.0,0.0,1.1742830660046646,0.0,0.0,1.4259790619555863,"[5.5336, 4.3474, 2.9473]","[0.2034, 0.2113, 0.1904]","[0.2554, 0.0966, 0.3909]","[5.5502, 4.3914, 2.9691]","[2.3320, 5.3671, 7.4603]","[0, 1, 2]",[]
107,triprotic,3,7,5.84,5.89,0.04999999999999982,0.20665853817214852,0.21112155385970094,1.1871550583123542,1.3081092840703161,1.930510698792613,0.0,0.3333333333333333,0.0,0.0,1.1743088222506213,0.0,1.0,1.4806095386482774,"[5.5298, 4.3559, 2.9519]","[0.2002, 0.2111, 0.2087]","[0.2553, 0.0966, 0.3914]","[5.5495, 4.3928, 2.9699]","[2.3320, 5.3671, 7.4603]","[0, 1, 2]",[]
100,monoprotic,1,0,1.58,6.42,4.84,0.20000000000000004,0.2,0.305986648133878,0.305986648133878,0.305986648133878,1.0,1.0,1.0,1.0,0.305986648133878,0.23342345380509327,0.0,,"[2.6540, 3.9335, 4.3526]","[0.2000, 0.2000, 0.2000]","[0.2936, 0.0182, 0.0712]","[2.6540, 3.9335, 4.3526]",[2.9600],[0],"[1, 2]"
100,monoprotic,1,1,3.57,6.42,2.85,0.20560807348257867,0.2155693129415627,0.30896658508355124,0.30896658508355124,0.30896658508355124,1.0,1.0,1.0,1.0,0.30646062576511257,0.2324442693309405,0.0,0.5424882971495388,"[2.6510, 3.9320, 4.3463]","[0.2077, 0.1936, 0.2156]","[0.2940, 0.0181, 0.0709]","[2.6535, 3.9333, 4.3516]",[2.9600],[0],"[1, 2]"
100,monoprotic,1,2,12.04,6.42,5.619999999999999,0.2035944276326391,0.2162154818243275,0.297494797322857,0.297494797322857,0.297494797322857,1.0,1.0,1.0,1.0,0.30463355254937907,0.2326948911976256,0.0,8.499034390747546,"[2.6625, 3.9300, 4.3344]","[0.2062, 0.1884, 0.2162]","[0.2945, 0.0184, 0.0709]","[2.6554, 3.9329, 4.3497]",[2.9600],[0],"[1, 2]"
100,monoprotic,1,3,10.95,6.42,4.529999999999999,0.20500540519028443,0.21425604988282423,0.31222909888052586,0.31222909888052586,0.31222909888052586,1.0,1.0,1.0,1.0,0.30697166112780305,0.2320950348302452,0.0,7.647759025730192,"[2.6478, 3.9282, 4.3379]","[0.2143, 0.1894, 0.2114]","[0.2945, 0.0183, 0.0707]","[2.6530, 3.9327, 4.3503]",[2.9600],[0],"[1, 2]"
100,monoprotic,1,4,3.58,6.42,2.84,0.20311988122797678,0.21689304084553512,0.3025583406138881,0.3025583406138881,0.3025583406138881,1.0,1.0,1.0,1.0,0.3054474129166507,0.23281449544882563,0.0,0.5421660560369492,"[2.6574, 3.9280, 4.3396]","[0.2169, 0.1788, 0.2136]","[0.2943, 0.0183, 0.0710]","[2.6546, 3.9326, 4.3505]",[2.9600],[0],"[1, 2]"
100,monoprotic,1,5,3.98,6.42,2.44,0.199947679000014,0.217521138922726,0.3091777565737055,0.3091777565737055,0.3091777565737055,1.0,1.0,1.0,1.0,0.3064881920014999,0.232288185623008,0.0,0.8069582809880376,"[2.6508, 3.9253, 4.3095]","[0.2175, 0.1805, 0.2018]","[0.2942, 0.0181, 0.0709]","[2.6535, 3.9322, 4.3457]",[2.9600],[0],"[1, 2]"
100,monoprotic,1,6,10.86,6.42,4.4399999999999995,0.20079944095582972,0.2169122059277656,0.3079849324966073,0.3079849324966073,0.3079849324966073,1.0,1.0,1.0,1.0,0.3063009490636581,0.23168629310819475,0.0,7.557696753777563,"[2.6520, 3.9140, 4.3180]","[0.2169, 0.1820, 0.2035]","[0.2943, 0.0177, 0.0710]","[2.6537, 3.9303, 4.3471]",[2.9600],[0],"[1, 2]"
100,monoprotic,1,7,4.42,6.42,2.0,0.20317126640201164,0.21591492765862472,0.33115806167317396,0.33115806167317396,0.33115806167317396,1.0,1.0,1.0,1.0,0.3099505362533512,0.23082879540758328,0.0,1.181981090530753,"[2.6288, 3.8988, 4.3346]","[0.2159, 0.1872, 0.2064]","[0.2943, 0.0172, 0.0711]","[2.6500, 3.9279, 4.3497]",[2.9600],[0],"[1, 2]"
100,monoprotic,1,8,5.11,6.42,1.3099999999999996,0.20293506510086623,0.22396807718983877,0.32718943410990686,0.32718943410990686,0.32718943410990686,1.0,1.0,1.0,1.0,0.30929302394298785,0.23035634415403453,0.0,1.842747335918248,"[2.6328, 3.8960, 4.3368]","[0.2240, 0.1902, 0.1947]","[0.2947, 0.0174, 0.0708]","[2.6507, 3.9274, 4.3500]",[2.9600],[0],"[1, 2]"
100,monoprotic,1,9,10.82,6.42,4.4,0.20348977073959473,0.23073692413629726,0.3287365153781483,0.3287365153781483,0.3287365153781483,1.0,1.0,1.0,1.0,0.309505017426416,0.2298945223726275,0.0,7.521195424422622,"[2.6313, 3.8876, 4.3407]","[0.2307, 0.1851, 0.1946]","[0.2953, 0.0175, 0.0706]","[2.6505, 3.9260, 4.3507]",[2.9600],[0],"[1, 2]"
100,monoprotic,1,10,10.32,6.42,3.9000000000000004,0.20296933741453582,0.21746058215755265,0.34689653354435857,0.34689653354435857,0.34689653354435857,1.0,1.0,1.0,1.0,0.31241689366071457,0.23000000522521497,0.0,7.0374049075692895,"[2.6131, 3.8984, 4.3405]","[0.2175, 0.1882, 0.2032]","[0.2952, 0.0180, 0.0702]","[2.6476, 3.9278, 4.3506]",[2.9600],[0],"[1, 2]"
100,monoprotic,1,11,5.11,6.42,1.3099999999999996,0.20339493698291233,0.22318078409112416,0.32096144402065807,0.32096144402065807,0.32096144402065807,1.0,1.0,1.0,1.0,0.3083240711113402,0.23325356749710224,0.0,1.8434572309628132,"[2.6390, 3.8938, 4.3316]","[0.2232, 0.1832, 0.2038]","[0.2956, 0.0189, 0.0710]","[2.6517, 3.9270, 4.3492]",[2.9600],[0],"[1, 2]"
100,monoprotic,1,12,6.02,6.42,0.40000000000000036,0.20048522804581456,0.22201145154776927,0.3231409384221915,0.3231409384221915,0.3231409384221915,1.0,1.0,1.0,1.0,0.30866808884269314,0.23177119935301177,0.0,2.7447585784643884,"[2.6369, 3.8871, 4.3357]","[0.2220, 0.1782, 0.2012]","[0.2952, 0.0185, 0.0706]","[2.6513, 3.9259, 4.3499]",[2.9600],[0],"[1, 2]"
100,monoprotic,1,13,10.25,6.42,3.83,0.19989728302887944,0.22704189419457724,0.3293237295105329,0.3293237295105329,0.3293237295105329,1.0,1.0,1.0,1.0,0.3096122060691102,0.23166996112804467,0.0,6.968058358877897,"[2.6307, 3.8983, 4.3167]","[0.2270, 0.1817, 0.1909]","[0.2964, 0.0198, 0.0696]","[2.6504, 3.9277, 4.3467]",[2.9600],[0],"[1, 2]"
100,monoprotic,1,14,9.95,6.42,3.5299999999999994,0.19987672768745343,0.2345254396371061,0.3172029510415646,0.3172029510415646,0.3172029510415646,1.0,1.0,1.0,1.0,0.30771324503152186,0.2308832192537085,0.0,6.670918904989957,"[2.6428, 3.8894, 4.3168]","[0.2345, 0.1777, 0.1874]","[0.2946, 0.0175, 0.0709]","[2.6523, 3.9262, 4.3467]",[2.9600],[0],"[1, 2]"
100,monoprotic,1,15,7.74,6.42,1.3200000000000003,0.19552710406875964,0.23297542555415046,0.30590798913891426,0.30590798913891426,0.30590798913891426,1.0,1.0,1.0,1.0,0.30597451655489794,0.2328823834868201,0.0,4.463900794051588,"[2.6541, 3.9007, 4.3236]","[0.2330, 0.1776, 0.1760]","[0.2947, 0.0179, 0.0716]","[2.6540, 3.9281, 4.3478]",[2.9600],[0],"[1, 2]"
100,monoprotic,1,16,5.54,6.42,0.8799999999999999,0.1951050515911212,0.22858342768129283,0.3062328034470134,0.3062328034470134,0.3062328034470134,1.0,1.0,1.0,1.0,0.30602481777814905,0.2305161458000894,0.0,2.265331927649677,"[2.6538, 3.9044, 4.3184]","[0.2286, 0.1788, 0.1779]","[0.2964, 0.0170, 0.0718]","[2.6540, 3.9287, 4.3469]",[2.9600],[0],"[1, 2]"
100,monoprotic,1,17,5.71,6.42,0.71,0.19554301486226688,0.23064736319511486,0.3184063606952683,0.3184063606952683,0.3184063606952683,1.0,1.0,1.0,1.0,0.3079076235749163,0.23109035038445971,0.0,2.4340799367427826,"[2.6416, 3.9015, 4.3243]","[0.2306, 0.1802, 0.1758]","[0.2980, 0.0182, 0.0713]","[2.6521, 3.9283, 4.3479]",[2.9600],[0],"[1, 2]"
100,monoprotic,1,18,6.02,6.42,0.40000000000000036,0.19848385710811187,0.24098448768795086,0.33062016779181747,0.33062016779181747,0.33062016779181747,1.0,1.0,1.0,1.0,0.30974855400234746,0.2320035001537514,0.0,2.7439959035068746,"[2.6294, 3.8994, 4.3160]","[0.2410, 0.1757, 0.1787]","[0.3001, 0.0176, 0.0731]","[2.6503, 3.9279, 4.3466]",[2.9600],[0],"[1, 2]"
100,monoprotic,1,19,7.74,6.42,1.3200000000000003,0.2023228460960057,0.24721860747133756,0.3508768390015642,0.3508768390015642,0.3508768390015642,1.0,1.0,1.0,1.0,0.31278928667994643,0.23159311267667432,0.0,4.46400478925556,"[2.6091, 3.8973, 4.3180]","[0.2472, 0.1801, 0.1797]","[0.3007, 0.0180, 0.0726]","[2.6472, 3.9276, 4.3469]",[2.9600],[0],"[1, 2]"
100,monoprotic,1,20,6.02,6.42,0.40000000000000036,0.20477945429459107,0.258671402228532,0.34988704284203775,0.34988704284203775,0.34988704284203775,1.0,1.0,1.0,1.0,0.312544906755051,0.23195270294079517,0.0,2.746475900970399,"[2.6101, 3.8916, 4.3239]","[0.2587, 0.1818, 0.1738]","[0.3013, 0.0185, 0.0725]","[2.6475, 3.9266, 4.3478]",[2.9600],[0],"[1, 2]"
100,monoprotic,1,21,7.74,6.42,1.3200000000000003,0.20580920747719536,0.26793642892103164,0.3531247390794525,0.3531247390794525,0.3531247390794525,1.0,1.0,1.0,1.0,0.31294702436271127,0.2351413891544794,0.0,4.465682213902474,"[2.6069, 3.8798, 4.3328]","[0.2679, 0.1827, 0.1668]","[0.3007, 0.0200, 0.0724]","[2.6471, 3.9247, 4.3493]",[2.9600],[0],"[1, 2]"
100,monoprotic,1,22,7.0,6.42,0.5800000000000001,0.2129674244423366,0.2753655910265377,0.36732224315096085,0.36732224315096085,0.36732224315096085,1.0,1.0,1.0,1.0,0.3149586910467512,0.23728289635248936,0.0,3.726740837097168,"[2.5927, 3.8841, 4.3449]","[0.2754, 0.1912, 0.1724]","[0.2992, 0.0198, 0.0732]","[2.6450, 3.9255, 4.3513]",[2.9600],[0],"[1, 2]"
100,monoprotic,1,23,6.71,6.42,0.29000000000000004,0.2156823498689863,0.29068650011171987,0.3666566675682872,0.3666566675682872,0.3666566675682872,1.0,1.0,1.0,1.0,0.31468956166610873,0.23384335808549733,0.0,3.4372080462425947,"[2.5933, 3.8883, 4.3413]","[0.2907, 0.1918, 0.1646]","[0.3004, 0.0188, 0.0729]","[2.6453, 3.9262, 4.3507]",[2.9600],[0],"[1, 2]"
100,monoprotic,1,24,6.54,6.42,0.1200000000000001,0.21893790468806154,0.2946260355185237,0.3535046869264624,0.3535046869264624,0.3535046869264624,1.0,1.0,1.0,1.0,0.3127685458414926,0.23110937956275798,0.0,3.2669146144390107,"[2.6065, 3.8968, 4.3443]","[0.2946, 0.1924, 0.1698]","[0.2981, 0.0168, 0.0728]","[2.6472, 3.9276, 4.3512]",[2.9600],[0],"[1, 2]"
100,monoprotic,1,25,6.41,6.42,0.009999999999999787,0.21892486062877325,0.30134425184580643,0.37007228814993587,0.37007228814993587,0.37007228814993587,1.0,1.0,1.0,1.0,0.3150542239711829,0.23053534920727886,1.0,3.135518665276468,"[2.5899, 3.8962, 4.3385]","[0.3013, 0.1875, 0.1679]","[0.2978, 0.0163, 0.0729]","[2.6449, 3.9274, 4.3502]",[2.9600],[0],"[1, 2]"
108,diprotic,2,0,2.32,10.52,8.2,0.20000000000000004,0.2,0.39130395755271374,0.42113371437780195,0.5469793190882761,0.5,1.0,0.0,1.0,0.39130395755271374,0.5568131939405323,0.0,,"[5.9188, 5.5618, 2.4853]","[0.2000, 0.2000, 0.2000]","[0.1810, 0.2303, 0.0023]","[5.9188, 5.5618, 2.4853]","[2.2496, 6.4658]","[0, 2]",[1]
108,diprotic,2,1,3.21,10.52,7.31,0.20282755327803503,0.20521552439824625,0.3804322364912702,0.4093188308234511,0.5314726903601832,0.5,1.0,0.0,1.0,0.38956657155989927,0.5568867519724383,0.0,1.3192387425433845,"[5.9343, 5.5651, 2.4790]","[0.2031, 0.2001, 0.2052]","[0.1807, 0.2304, 0.0026]","[5.9213, 5.5623, 2.4843]","[2.2496, 6.4658]","[0, 2]",[1]
108,diprotic,2,2,6.85,10.52,3.67,0.2032200503697155,0.20782787599330851,0.3717082844412065,0.4049231597228676,0.532318734156429,0.5,1.0,0.0,1.0,0.3881754033326126,0.5565630598565758,0.0,2.1506914950674396,"[5.9334, 5.5727, 2.4607]","[0.1990, 0.2028, 0.2078]","[0.1806, 0.2300, 0.0027]","[5.9211, 5.5635, 2.4814]","[2.2496, 6.4658]","[0, 2]",[1]
108,diprotic,2,3,11.89,10.52,1.370000000000001,0.20042397512839613,0.20884761021870976,0.376066216790367,0.40668016688588265,0.530865954281456,0.5,1.0,0.0,1.0,0.38885845018313203,0.5564014098257346,0.0,7.068782330825925,"[5.9349, 5.5853, 2.4709]","[0.1925, 0.1999, 0.2088]","[0.1812, 0.2305, 0.0026]","[5.9214, 5.5655, 2.4830]","[2.2496, 6.4658]","[0, 2]",[1]
108,diprotic,2,4,10.76,10.52,0.2400000000000002,0.19532925919793964,0.20347550819117405,0.3771208885428381,0.40049657293602453,0.5119442557985208,0.5,1.0,0.0,1.0,0.38896627113070514,0.5552751441525918,0.0,5.993473087195307,"[5.9538, 5.5992, 2.4919]","[0.1826, 0.1999, 0.2035]","[0.1815, 0.2307, 0.0032]","[5.9245, 5.5678, 2.4863]","[2.2496, 6.4658]","[0, 2]",[1]
108,diprotic,2,5,8.12,10.52,2.4000000000000004,0.19631822709593086,0.20176595176868406,0.3761899775817086,0.40279164133790035,0.5201420775967946,0.5,1.0,0.0,1.0,0.38884320849265186,0.5539244031785593,0.0,3.359888817770406,"[5.9456, 5.5734, 2.4819]","[0.1865, 0.2018, 0.2006]","[0.1819, 0.2309, 0.0040]","[5.9232, 5.5636, 2.4847]","[2.2496, 6.4658]","[0, 2]",[1]
108,diprotic,2,6,9.27,10.52,1.25,0.19883412451365312,0.20633041830583515,0.36810555481663365,0.3963596944315372,0.5150725847349111,0.5,1.0,0.0,1.0,0.38756637639557145,0.5534929752655546,0.0,4.507639564555138,"[5.9507, 5.5798, 2.4708]","[0.1927, 0.1975, 0.2063]","[0.1818, 0.2308, 0.0044]","[5.9239, 5.5647, 2.4830]","[2.2496, 6.4658]","[0, 2]",[1]
108,diprotic,2,7,10.75,10.52,0.23000000000000043,0.19956063555154313,0.20997516004226774,0.3670145498646036,0.3966148140508703,0.5173595893979677,0.5,1.0,0.0,1.0,0.3873922010045232,0.550888462956393,0.0,5.982942007249221,"[5.9484, 5.5770, 2.4663]","[0.1892, 0.1995, 0.2100]","[0.1822, 0.2303, 0.0056]","[5.9236, 5.5642, 2.4823]","[2.2496, 6.4658]","[0, 2]",[1]
108,diprotic,2,8,10.45,10.52,0.07000000000000028,0.204135965007907,0.21388088807414024,0.36566834302415696,0.3984985715694635,0.5240595500176966,0.5,1.0,0.0,1.0,0.3872306945411206,0.5512614043996692,1.0,5.685692394198849,"[5.9417, 5.5738, 2.4569]","[0.2019, 0.1966, 0.2139]","[0.1822, 0.2304, 0.0053]","[5.9224, 5.5637, 2.4808]","[2.2496, 6.4658]","[0, 2]",[1]
111,monoprotic,1,0,2.37,4.04,1.67,0.20000000000000004,0.2,0.48015537541773146,0.48015537541773146,0.48015537541773146,1.0,1.0,1.0,1.0,0.48015537541773146,0.29256086746857074,0.0,,"[4.9652, 3.6398, 3.2002]","[0.2000, 0.2000, 0.2000]","[0.0781, 0.3976, 0.0863]","[4.9652, 3.6398, 3.2002]",[4.1200],[1],"[0, 2]"
111,monoprotic,1,1,3.95,4.04,0.08999999999999986,0.1962696209375996,0.20018890809907153,0.4667036143857328,0.4667036143857328,0.4667036143857328,1.0,1.0,1.0,1.0,0.4779861047992622,0.29254911654564336,1.0,0.32342255562543887,"[4.9673, 3.6533, 3.2258]","[0.1925, 0.1962, 0.2002]","[0.0783, 0.3975, 0.0861]","[4.9656, 3.6420, 3.2043]",[4.1200],[1],"[0, 2]"
104,monoprotic,1,0,2.32,6.17,3.85,0.20000000000000004,0.2,0.609827971022141,0.609827971022141,0.609827971022141,0.0,1.0,0.0,1.0,0.609827971022141,0.5900695143879643,0.0,,"[5.1272, 4.0144, 3.1198]","[0.2000, 0.2000, 0.2000]","[0.3648, 0.1996, 0.3921]","[5.1272, 4.0144, 3.1198]",[2.5100],[2],"[0, 1]"
104,monoprotic,1,1,2.98,6.17,3.19,0.20305531569197002,0.20801674452531257,0.594459491589026,0.594459491589026,0.594459491589026,0.0,1.0,0.0,1.0,0.6073654675787692,0.5900914926748344,0.0,0.9278869957011193,"[5.1139, 4.0238, 3.1045]","[0.2080, 0.1996, 0.2015]","[0.3647, 0.1994, 0.3919]","[5.1251, 4.0159, 3.1174]",[2.5100],[2],"[0, 1]"
104,monoprotic,1,2,12.1,6.17,5.93,0.20270675889382864,0.2052221861472329,0.5746113913627369,0.5746113913627369,0.5746113913627369,0.0,1.0,0.0,1.0,0.6042101437188121,0.5901066538896798,0.0,8.058565359935164,"[5.1217, 4.0198, 3.0846]","[0.2046, 0.1983, 0.2052]","[0.3647, 0.1994, 0.3918]","[5.1263, 4.0153, 3.1142]",[2.5100],[2],"[0, 1]"
104,monoprotic,1,3,10.63,6.17,4.460000000000001,0.20189739428706457,0.20485208942757147,0.5884519453207959,0.5884519453207959,0.5884519453207959,0.0,1.0,0.0,1.0,0.6064087015641415,0.5902845562807357,0.0,6.65148708049208,"[5.1237, 4.0254, 3.0985]","[0.2049, 0.1979, 0.2030]","[0.3645, 0.1997, 0.3916]","[5.1266, 4.0162, 3.1164]",[2.5100],[2],"[0, 1]"
104,monoprotic,1,4,3.01,6.17,3.16,0.20004254612665476,0.21071485734073583,0.5842835148625518,0.5842835148625518,0.5842835148625518,0.0,1.0,0.0,1.0,0.6057799442972787,0.5901511531187841,0.0,0.8978887836076321,"[5.1206, 4.0285, 3.0943]","[0.2042, 0.1852, 0.2107]","[0.3644, 0.1999, 0.3919]","[5.1261, 4.0167, 3.1158]",[2.5100],[2],"[0, 1]"
104,monoprotic,1,5,3.39,6.17,2.78,0.19829139543134963,0.20714332121455412,0.564517012103519,0.564517012103519,0.564517012103519,0.0,1.0,0.0,1.0,0.602616555895481,0.5904775777962578,0.0,0.5553017362393438,"[5.1368, 4.0347, 3.0745]","[0.2053, 0.1824, 0.2071]","[0.3640, 0.2007, 0.3917]","[5.1287, 4.0178, 3.1126]",[2.5100],[2],"[0, 1]"
104,monoprotic,1,6,10.5,6.17,4.33,0.19435667212026142,0.20425103555034657,0.5701809232666033,0.5701809232666033,0.5701809232666033,0.0,1.0,0.0,1.0,0.6034446672841125,0.590436396252937,0.0,6.520414323545992,"[5.1458, 4.0298, 3.0802]","[0.2043, 0.1813, 0.1975]","[0.3638, 0.2005, 0.3914]","[5.1302, 4.0170, 3.1134]",[2.5100],[2],"[0, 1]"
104,monoprotic,1,7,3.76,6.17,2.41,0.19644854279629578,0.20598613247083342,0.572085087828559,0.572085087828559,0.572085087828559,0.0,1.0,0.0,1.0,0.6037379506908911,0.5910688528147526,0.0,0.20354057802818737,"[5.1482, 4.0101, 3.0821]","[0.2060, 0.1877, 0.1957]","[0.3638, 0.2015, 0.3911]","[5.1305, 4.0137, 3.1137]",[2.5100],[2],"[0, 1]"
104,monoprotic,1,8,4.14,6.17,2.0300000000000002,0.2001269325165211,0.21207988826058932,0.5697909703301689,0.5697909703301689,0.5697909703301689,0.0,1.0,0.0,1.0,0.6033416332530446,0.591010745582098,0.0,0.169194476548582,"[5.1599, 4.0045, 3.0798]","[0.2121, 0.1960, 0.1923]","[0.3637, 0.2020, 0.3914]","[5.1324, 4.0128, 3.1133]",[2.5100],[2],"[0, 1]"
104,monoprotic,1,9,10.4,6.17,4.23,0.20321006015897455,0.21023395042311943,0.5635441643737638,0.5635441643737638,0.5635441643737638,0.0,1.0,0.0,1.0,0.6024172558003147,0.5902200850317519,0.0,6.421022505126894,"[5.1652, 4.0013, 3.0735]","[0.2102, 0.1973, 0.2021]","[0.3625, 0.2018, 0.3918]","[5.1332, 4.0123, 3.1124]",[2.5100],[2],"[0, 1]"
104,monoprotic,1,10,4.64,6.17,1.5300000000000002,0.20391410822429426,0.2077168077657705,0.5674547294848034,0.5674547294848034,0.5674547294848034,0.0,1.0,0.0,1.0,0.6030887618641887,0.5903654183053842,0.0,0.66505630091764,"[5.1733, 4.0125, 3.0775]","[0.2044, 0.1996, 0.2077]","[0.3622, 0.2022, 0.3916]","[5.1346, 4.0141, 3.1131]",[2.5100],[2],"[0, 1]"
104,monoprotic,1,11,7.52,6.17,1.3499999999999996,0.20262249730092194,0.20938293461620316,0.5776028208000312,0.5776028208000312,0.5776028208000312,0.0,1.0,0.0,1.0,0.6046598131923719,0.5910610578650205,0.0,3.541837371634319,"[5.1883, 4.0141, 3.0876]","[0.2094, 0.1977, 0.2008]","[0.3633, 0.2022, 0.3913]","[5.1369, 4.0144, 3.1147]",[2.5100],[2],"[0, 1]"
104,monoprotic,1,12,4.99,6.17,1.1799999999999997,0.20599279812886717,0.20852996214565492,0.5801359362290333,0.5801359362290333,0.5801359362290333,0.0,1.0,0.0,1.0,0.605098478013649,0.5908089022139157,0.0,1.0113133161887529,"[5.2000, 4.0036, 3.0901]","[0.2085, 0.2030, 0.2065]","[0.3630, 0.2024, 0.3916]","[5.1388, 4.0127, 3.1151]",[2.5100],[2],"[0, 1]"
104,monoprotic,1,13,5.29,6.17,0.8799999999999999,0.20248204434672648,0.21322157516552148,0.5780954071959923,0.5780954071959923,0.5780954071959923,0.0,1.0,0.0,1.0,0.6046796315823393,0.5913442342535103,0.0,1.3106787120550871,"[5.1947, 4.0065, 3.0881]","[0.2132, 0.2031, 0.1911]","[0.3630, 0.2032, 0.3913]","[5.1379, 4.0132, 3.1147]",[2.5100],[2],"[0, 1]"
104,monoprotic,1,14,7.52,6.17,1.3499999999999996,0.20465299485536192,0.21369150850214802,0.572385032934327,0.572385032934327,0.572385032934327,0.0,1.0,0.0,1.0,0.6037969417985667,0.5908222384607744,0.0,3.540531490910798,"[5.2099, 4.0164, 3.0824]","[0.2031, 0.2137, 0.1972]","[0.3641, 0.2024, 0.3923]","[5.1404, 4.0148, 3.1138]",[2.5100],[2],"[0, 1]"
104,monoprotic,1,15,5.59,6.17,0.5800000000000001,0.20255840853065657,0.22247509521260705,0.5638296941450522,0.5638296941450522,0.5638296941450522,0.0,1.0,0.0,1.0,0.6023700128394012,0.5892276396289945,0.0,1.6096165081579237,"[5.2199, 4.0284, 3.0738]","[0.1936, 0.2225, 0.1916]","[0.3637, 0.2012, 0.3938]","[5.1422, 4.0166, 3.1124]",[2.5100],[2],"[0, 1]"
104,monoprotic,1,16,7.52,6.17,1.3499999999999996,0.206278827858579,0.2182036661117223,0.5694335072925893,0.5694335072925893,0.5694335072925893,0.0,1.0,0.0,1.0,0.6032940897830561,0.5890899285916781,0.0,3.5386221404001112,"[5.2171, 4.0337, 3.0794]","[0.2070, 0.2182, 0.1936]","[0.3629, 0.2021, 0.3941]","[5.1415, 4.0175, 3.1133]",[2.5100],[2],"[0, 1]"
104,monoprotic,1,17,5.59,6.17,0.5800000000000001,0.20847834375358468,0.216562649958703,0.558731486012968,0.558731486012968,0.558731486012968,0.0,1.0,0.0,1.0,0.6016152988073684,0.5899321521728065,0.0,1.608486821791157,"[5.2189, 4.0400, 3.0687]","[0.2099, 0.2166, 0.1989]","[0.3633, 0.2028, 0.3935]","[5.1417, 4.0185, 3.1116]",[2.5100],[2],"[0, 1]"
104,monoprotic,1,18,5.64,6.17,0.5300000000000002,0.20668674921555555,0.21087216291925706,0.5584799401329819,0.5584799401329819,0.5584799401329819,0.0,1.0,0.0,1.0,0.6016129901552056,0.5888868116437244,0.0,1.658579693511128,"[5.2130, 4.0354, 3.0685]","[0.2064, 0.2109, 0.2028]","[0.3617, 0.2012, 0.3929]","[5.1409, 4.0178, 3.1116]",[2.5100],[2],"[0, 1]"
104,monoprotic,1,19,5.69,6.17,0.47999999999999954,0.20546187639741734,0.21216594993137272,0.5545924444896295,0.5545924444896295,0.5545924444896295,0.0,1.0,0.0,1.0,0.6009318270990303,0.5896576628924276,0.0,1.7090971824340526,"[5.2188, 4.0378, 3.0646]","[0.2122, 0.2070, 0.1972]","[0.3617, 0.2014, 0.3919]","[5.1417, 4.0182, 3.1109]",[2.5100],[2],"[0, 1]"
104,monoprotic,1,20,5.75,6.17,0.41999999999999993,0.2177527171256665,0.2293363600758141,0.5371399542508004,0.5371399542508004,0.5371399542508004,0.0,1.0,0.0,1.0,0.5983004771928342,0.5901682592127936,0.0,1.7688782315235585,"[5.2094, 4.0423, 3.0471]","[0.2293, 0.2138, 0.2101]","[0.3612, 0.2013, 0.3906]","[5.1399, 4.0188, 3.1083]",[2.5100],[2],"[0, 1]"
104,monoprotic,1,21,5.82,6.17,0.34999999999999964,0.2171420497015568,0.22434668542180428,0.5395844212031791,0.5395844212031791,0.5395844212031791,0.0,1.0,0.0,1.0,0.5987655744120071,0.5897726392093413,0.0,1.8400602121185514,"[5.2071, 4.0421, 3.0496]","[0.2243, 0.2112, 0.2159]","[0.3598, 0.2010, 0.3900]","[5.1397, 4.0188, 3.1088]",[2.5100],[2],"[0, 1]"
104,monoprotic,1,22,5.89,6.17,0.28000000000000025,0.21380908476446545,0.2169852689392588,0.5334274565486616,0.5334274565486616,0.5334274565486616,0.0,1.0,0.0,1.0,0.5978123519892682,0.589646234499218,0.0,1.9099899394065138,"[5.2032, 4.0456, 3.0434]","[0.2168, 0.2076, 0.2170]","[0.3616, 0.1985, 0.3898]","[5.1391, 4.0194, 3.1078]",[2.5100],[2],"[0, 1]"
104,monoprotic,1,23,5.99,6.17,0.17999999999999972,0.21431305905065912,0.22193185509671734,0.5469079527361638,0.5469079527361638,0.5469079527361638,0.0,1.0,0.0,1.0,0.5999917925209273,0.5890575664170593,0.0,2.0102493064571174,"[5.2067, 4.0596, 3.0569]","[0.2139, 0.2071, 0.2219]","[0.3604, 0.1971, 0.3889]","[5.1397, 4.0216, 3.1100]",[2.5100],[2],"[0, 1]"
104,monoprotic,1,24,6.12,6.17,0.04999999999999982,0.21651815623088336,0.2286253094207021,0.5599279830389592,0.5599279830389592,0.5599279830389592,0.0,1.0,0.0,1.0,0.6020907132995386,0.5870185852772716,1.0,2.1385694517567755,"[5.2012, 4.0514, 3.0699]","[0.2161, 0.2049, 0.2286]","[0.3586, 0.1955, 0.3898]","[5.1388, 4.0203, 3.1121]",[2.5100],[2],"[0, 1]"
110,triprotic,3,0,1.69,5.35,3.6599999999999997,0.20000000000000004,0.2,0.6649667916380579,0.7516678206397527,1.1111512716013658,0.3333333333333333,0.6666666666666666,0.0,0.0,0.6649667916380579,0.0,0.0,,"[4.4225, 5.9896, 4.5793]","[0.2000, 0.2000, 0.2000]","[0.2962, 0.4432, 0.4398]","[4.4225, 5.9896, 4.5793]","[3.3113, 4.3243, 6.6183]","[0, 1, 2]",[]
110,triprotic,3,1,3.5,5.35,1.8499999999999996,0.20228923496976034,0.20749056667324756,0.6694921079736714,0.7590133515821956,1.1217194153151597,0.3333333333333333,0.6666666666666666,0.0,0.0,0.665689468726898,0.0,0.0,1.124903011135757,"[4.4330, 5.9789, 4.5716]","[0.1986, 0.2075, 0.2008]","[0.2964, 0.4431, 0.4398]","[4.4242, 5.9879, 4.5780]","[3.3113, 4.3243, 6.6183]","[0, 1, 2]",[]
110,triprotic,3,2,3.85,5.35,1.4999999999999996,0.19990779509530052,0.21357612956234778,0.6670337113182855,0.7602019636138915,1.1283738706416004,0.3333333333333333,0.6666666666666666,0.0,0.0,0.6652782060501083,0.0,0.0,1.0318391640670597,"[4.4397, 5.9824, 4.5610]","[0.1991, 0.2136, 0.1871]","[0.2968, 0.4425, 0.4397]","[4.4252, 5.9885, 4.5763]","[3.3113, 4.3243, 6.6183]","[0, 1, 2]",[]
110,triprotic,3,3,4.24,5.35,1.1099999999999994,0.1997865400884341,0.22077285902747737,0.6678776983064999,0.7614025738167746,1.129220070864867,0.3333333333333333,0.6666666666666666,0.0,0.0,0.6654027066239087,0.0,0.0,0.8243777400255201,"[4.4405, 5.9789, 4.5593]","[0.1958, 0.2208, 0.1828]","[0.2966, 0.4426, 0.4395]","[4.4254, 5.9879, 4.5760]","[3.3113, 4.3243, 6.6183]","[0, 1, 2]",[]
110,triprotic,3,4,4.83,5.35,0.5199999999999996,0.20575300702829344,0.21730783305280255,0.6668212926673561,0.7584043370804057,1.1242000174382056,0.3333333333333333,0.6666666666666666,0.0,0.0,0.6652359430597891,0.0,0.0,0.4045720455050468,"[4.4355, 5.9830, 4.5652]","[0.2122, 0.2173, 0.1877]","[0.2960, 0.4421, 0.4398]","[4.4245, 5.9886, 4.5770]","[3.3113, 4.3243, 6.6183]","[0, 1, 2]",[]
110,triprotic,3,5,5.27,5.35,0.08000000000000007,0.16828079436555596,0.20483787781241608,0.6656922439642953,0.7938123790732606,1.073277477723571,0.3333333333333333,0.6666666666666666,0.0,0.0,0.6649982239263146,0.0,1.0,0.03539535940624816,"[4.3846, 5.7616, 4.3913]","[0.2048, 0.1583, 0.1417]","[0.2954, 0.4421, 0.4401]","[4.4164, 5.9512, 4.5470]","[3.3113, 4.3243, 6.6183]","[0, 1, 2]",[]
109,diprotic,2,0,2.2,8.47,6.2700000000000005,0.20000000000000004,0.2,0.9773539370548037,1.04285016820233,1.341106263567092,0.0,0.5,0.0,0.0,0.9773539370548037,0.5188923542199949,0.0,,"[5.7840, 5.3464, 2.1983]","[0.2000, 0.2000, 0.2000]","[0.2485, 0.0794, 0.1509]","[5.7840, 5.3464, 2.1983]","[3.5394, 4.7328]","[1, 2]",[0]
109,diprotic,2,1,3.96,8.47,4.510000000000001,0.20130152561065764,0.2069778633507755,0.9722364437944444,1.0394113169929902,1.3398397398229678,0.0,0.5,0.0,0.0,0.9765341905689779,0.5187459125235365,0.0,0.3493210456427187,"[5.7746, 5.3374, 2.1996]","[0.2070, 0.2029, 0.1941]","[0.2485, 0.0793, 0.1512]","[5.7825, 5.3449, 2.1985]","[3.5394, 4.7328]","[1, 2]",[0]
109,diprotic,2,2,4.78,8.47,3.6900000000000004,0.19959214647005954,0.20917246835566966,0.96604208071154,1.0351916812752098,1.3380427732860483,0.0,0.5,0.0,0.0,0.9755543574996794,0.5181091793247727,0.0,0.33824513989500726,"[5.7927, 5.3268, 2.2014]","[0.1928, 0.2092, 0.1968]","[0.2482, 0.0795, 0.1513]","[5.7854, 5.3433, 2.1988]","[3.5394, 4.7328]","[1, 2]",[0]
109,diprotic,2,3,11.37,8.47,2.8999999999999986,0.2052674710797079,0.21410354773208648,0.9661736550463242,1.0346042643906963,1.3361931845171888,0.0,0.5,0.0,0.0,0.9755818344735023,0.5166831592642619,0.0,6.806599359381943,"[5.7898, 5.3289, 2.2032]","[0.1922, 0.2095, 0.2141]","[0.2478, 0.0798, 0.1520]","[5.7850, 5.3436, 2.1991]","[3.5394, 4.7328]","[1, 2]",[0]
109,diprotic,2,4,5.3,8.47,3.170000000000001,0.20270350113445415,0.2061890620514126,0.974525406153554,1.0476574994967331,1.359085504204558,0.0,0.5,0.0,0.0,0.9769037840344488,0.5167769404769951,0.0,0.7994196973275391,"[5.7830, 5.3227, 2.1803]","[0.1960, 0.2062, 0.2059]","[0.2478, 0.0799, 0.1518]","[5.7839, 5.3426, 2.1954]","[3.5394, 4.7328]","[1, 2]",[0]
109,diprotic,2,5,5.83,8.47,2.6400000000000006,0.20875466537759155,0.21965188486080614,0.965515524045752,1.0377201161862448,1.345834879803844,0.0,0.5,0.0,0.0,0.9754999383575453,0.5167347017376432,0.0,1.300934686018154,"[5.7779, 5.3180, 2.1936]","[0.1910, 0.2197, 0.2156]","[0.2478, 0.0802, 0.1515]","[5.7830, 5.3419, 2.1976]","[3.5394, 4.7328]","[1, 2]",[0]
109,diprotic,2,6,11.29,8.47,2.8199999999999985,0.21499528329276488,0.22632651175743798,0.970019486010671,1.039400962799386,1.3434047538345162,0.0,0.5,0.0,0.0,0.9762136193824575,0.5178095006259831,0.0,6.728425483414902,"[5.7720, 5.3294, 2.1960]","[0.1929, 0.2263, 0.2257]","[0.2482, 0.0798, 0.1513]","[5.7821, 5.3437, 2.1979]","[3.5394, 4.7328]","[1, 2]",[0]
109,diprotic,2,7,7.76,8.47,0.7100000000000009,0.21713916394472363,0.23400045838477068,0.9690034616030982,1.0348221725920048,1.3321690165353495,0.0,0.5,0.0,0.0,0.9760585420626935,0.5163415319709942,0.0,3.214229017253965,"[5.7741, 5.3386, 2.2072]","[0.1942, 0.2340, 0.2232]","[0.2476, 0.0808, 0.1512]","[5.7824, 5.3452, 2.1997]","[3.5394, 4.7328]","[1, 2]",[0]
109,diprotic,2,8,10.96,8.47,2.49,0.21190890128371276,0.2259275460176819,0.9752571544034903,1.0400801533351758,1.3366990005510133,0.0,0.5,0.0,0.0,0.9770229224874185,0.5152320524091635,0.0,6.405105951279403,"[5.7656, 5.3466, 2.2027]","[0.1954, 0.2259, 0.2144]","[0.2473, 0.0819, 0.1507]","[5.7811, 5.3464, 2.1990]","[3.5394, 4.7328]","[1, 2]",[0]
109,diprotic,2,9,10.66,8.47,2.1899999999999995,0.21562328153624802,0.22833629642342015,0.987038020524627,1.0503580476677645,1.3462148214726612,0.0,0.5,0.0,0.0,0.9788590726662028,0.514758139375376,0.0,6.109256330961362,"[5.7510, 5.3606, 2.1932]","[0.1964, 0.2283, 0.2221]","[0.2472, 0.0826, 0.1504]","[5.7787, 5.3486, 2.1975]","[3.5394, 4.7328]","[1, 2]",[0]
109,diprotic,2,10,8.58,8.47,0.10999999999999943,0.213346057172377,0.22949415418888025,0.9842453279998364,1.0464160520064854,1.3395588349304535,0.0,0.5,0.0,0.0,0.9784189407224964,0.5147685157870058,0.0,4.0336428935825825,"[5.7566, 5.3617, 2.1998]","[0.1974, 0.2295, 0.2132]","[0.2470, 0.0833, 0.1494]","[5.7796, 5.3487, 2.1985]","[3.5394, 4.7328]","[1, 2]",[0]
109,diprotic,2,11,6.49,8.47,1.9800000000000004,0.2134094358575732,0.22584672650263898,0.9794746918050339,1.0428790000294,1.3375611852891574,0.0,0.5,0.0,0.0,0.9776789533639421,0.5153464814538252,0.0,1.9467607613280418,"[5.7623, 5.3542, 2.2018]","[0.2031, 0.2258, 0.2112]","[0.2469, 0.0829, 0.1492]","[5.7806, 5.3476, 2.1989]","[3.5394, 4.7328]","[1, 2]",[0]
109,diprotic,2,12,6.77,8.47,1.700000000000001,0.21483989261561906,0.22400323780601264,0.98372699507512,1.0483404967543137,1.3460790287323858,0.0,0.5,0.0,0.0,0.9783521115799347,0.5166262307585615,0.0,2.2249307420384135,"[5.7509, 5.3541, 2.1933]","[0.2058, 0.2240, 0.2147]","[0.2468, 0.0820, 0.1489]","[5.7787, 5.3476, 2.1975]","[3.5394, 4.7328]","[1, 2]",[0]
109,diprotic,2,13,7.76,8.47,0.7100000000000009,0.21761509987459515,0.22374924554738299,0.9939674312820048,1.059160213733897,1.3598213692237566,0.0,0.5,0.0,0.0,0.9799480596362491,0.5197941627589779,0.0,3.2141626626159994,"[5.7580, 5.3609, 2.1796]","[0.2073, 0.2218, 0.2237]","[0.2465, 0.0796, 0.1481]","[5.7799, 5.3486, 2.1954]","[3.5394, 4.7328]","[1, 2]",[0]
109,diprotic,2,14,10.28,8.47,1.8099999999999987,0.22638570447584647,0.2405854450237842,1.0007643292760235,1.065651600930887,1.3669392762826051,0.0,0.5,0.0,0.0,0.9809666799497203,0.5199800813453516,0.0,5.732331218868493,"[5.7742, 5.3674, 2.1725]","[0.2126, 0.2406, 0.2259]","[0.2469, 0.0786, 0.1494]","[5.7825, 5.3496, 2.1943]","[3.5394, 4.7328]","[1, 2]",[0]
109,diprotic,2,15,9.98,8.47,1.5099999999999998,0.2236306884631359,0.23517036479100673,1.0071744689750546,1.0680326990321347,1.3625523456734832,0.0,0.5,0.0,0.0,0.9819743277840447,0.5211791113896865,0.0,5.4323473083972935,"[5.7718, 5.3846, 2.1769]","[0.2170, 0.2352, 0.2187]","[0.2474, 0.0788, 0.1484]","[5.7821, 5.3522, 2.1949]","[3.5394, 4.7328]","[1, 2]",[0]
109,diprotic,2,16,8.57,8.47,0.09999999999999964,0.227309449446495,0.23149657343023292,1.0117871521483237,1.0710616935481456,1.3631557764359892,0.0,0.5,0.0,0.0,0.982695595255985,0.5210599838176021,1.0,4.022158918138594,"[5.7805, 5.3932, 2.1762]","[0.2291, 0.2315, 0.2213]","[0.2472, 0.0789, 0.1484]","[5.7835, 5.3536, 2.1948]","[3.5394, 4.7328]","[1, 2]",[0]
115,diprotic,2,0,2.5,3.61,1.1099999999999999,0.20000000000000004,0.2,0.4276968251289832,0.5052151854010595,0.6966165330985086,0.5,1.0,0.0,1.0,0.4276968251289832,0.4088602640683321,0.0,,"[5.7030, 5.0926, 3.1871]","[0.2000, 0.2000, 0.2000]","[0.3724, 0.3494, 0.1891]","[5.7030, 5.0926, 3.1871]","[3.8837, 4.9339]","[1, 2]",[0]
115,diprotic,2,1,3.46,3.61,0.1499999999999999,0.20396563269491477,0.20880440785936785,0.43231439769204205,0.5118709754733803,0.7063876672391411,0.5,1.0,0.0,1.0,0.4284303836964092,0.4087558230811891,0.0,0.8518676617741585,"[5.7056, 5.0921, 3.1773]","[0.1944, 0.2088, 0.2087]","[0.3724, 0.3495, 0.1892]","[5.7034, 5.0926, 3.1856]","[3.8837, 4.9339]","[1, 2]",[0]
115,diprotic,2,2,3.51,3.61,0.10000000000000009,0.20758770011655628,0.209720077949075,0.4426087049528806,0.5168327982677723,0.7094676108661546,0.5,1.0,0.0,1.0,0.4300631938370423,0.40871338375439414,0.0,0.8179566511046144,"[5.6937, 5.1096, 3.1743]","[0.2036, 0.2094, 0.2097]","[0.3725, 0.3495, 0.1894]","[5.7015, 5.0953, 3.1851]","[3.8837, 4.9339]","[1, 2]",[0]
115,diprotic,2,3,3.55,3.61,0.06000000000000005,0.2098841572253249,0.21433567933264014,0.4371756404390863,0.5124891785309458,0.7046127685982078,0.5,1.0,0.0,1.0,0.4292028775600716,0.4090794126396028,1.0,0.7926839092280717,"[5.6973, 5.1036, 3.1791]","[0.2143, 0.2133, 0.2020]","[0.3728, 0.3494, 0.1891]","[5.7021, 5.0944, 3.1858]","[3.8837, 4.9339]","[1, 2]",[0]
113,diprotic,2,0,1.88,7.07,5.19,0.20000000000000004,0.2,0.5493283467952894,0.5564899327538655,0.6383194287280087,0.5,1.0,0.0,1.0,0.5493283467952894,0.221706468200675,0.0,,"[3.9712, 3.6930, 5.4615]","[0.2000, 0.2000, 0.2000]","[0.1179, 0.0130, 0.4008]","[3.9712, 3.6930, 5.4615]","[3.0547, 5.0012]","[1, 2]",[0]
113,diprotic,2,1,3.62,7.07,3.45,0.04031943107151633,0.05921125248258966,0.37498102738550854,0.4599829142203139,0.6413895679308919,0.5,1.0,0.0,1.0,0.5148948472701529,0.2197445559650934,0.0,0.09859556203708042,"[3.4214, 3.1632, 5.6426]","[0.0592, 0.0219, 0.0399]","[0.1164, 0.0078, 0.4056]","[3.8678, 3.5894, 5.4963]","[3.0547, 5.0012]","[1, 2]",[0]
113,diprotic,2,2,4.76,7.07,2.3100000000000005,0.041595802187778634,0.060292561462997274,0.37468364203526416,0.4595039469637775,0.6406837278744986,0.5,1.0,0.0,1.0,0.5148965412841922,0.2197165253961763,0.0,0.8303755391295997,"[3.4244, 3.1634, 5.6419]","[0.0603, 0.0234, 0.0411]","[0.1164, 0.0078, 0.4056]","[3.8685, 3.5895, 5.4961]","[3.0547, 5.0012]","[1, 2]",[0]
113,diprotic,2,3,5.43,7.07,1.6400000000000006,0.042794030335773614,0.06112716819245927,0.37496692905898565,0.4602442045031836,0.6418461712095169,0.5,1.0,0.0,1.0,0.5150052401125629,0.21992417059426278,0.0,1.2008281972445545,"[3.4233, 3.1628, 5.6430]","[0.0611, 0.0249, 0.0424]","[0.1165, 0.0077, 0.4055]","[3.8683, 3.5896, 5.4963]","[3.0547, 5.0012]","[1, 2]",[0]
113,diprotic,2,4,11.2,7.07,4.129999999999999,0.043331114688647004,0.060913817218842495,0.37530276491592285,0.4595340045881578,0.640480697669183,0.5,1.0,0.0,1.0,0.515097234057059,0.2203049730135472,0.0,6.497715906053781,"[3.4238, 3.1648, 5.6417]","[0.0609, 0.0257, 0.0434]","[0.1166, 0.0075, 0.4053]","[3.8684, 3.5901, 5.4960]","[3.0547, 5.0012]","[1, 2]",[0]
113,diprotic,2,5,5.9,7.07,1.17,0.04466075178680348,0.06468469968443669,0.374430924159048,0.45937795992773917,0.640569221104025,0.5,1.0,0.0,1.0,0.5149468009259253,0.2205356533638964,0.0,1.4728964079171423,"[3.4252, 3.1630, 5.6417]","[0.0647, 0.0260, 0.0433]","[0.1166, 0.0072, 0.4050]","[3.8691, 3.5897, 5.4960]","[3.0547, 5.0012]","[1, 2]",[0]
113,diprotic,2,6,6.48,7.07,0.5899999999999999,0.04337826086572202,0.06143920425882661,0.37429042364731324,0.46104952497338925,0.6434991591001262,0.5,1.0,0.0,1.0,0.5148937454069704,0.2202580756984154,0.0,1.9250721815228466,"[3.4291, 3.1598, 5.6447]","[0.0614, 0.0256, 0.0431]","[0.1167, 0.0084, 0.4045]","[3.8695, 3.5891, 5.4966]","[3.0547, 5.0012]","[1, 2]",[0]
113,diprotic,2,7,11.16,7.07,4.09,0.04401804495552522,0.06257645477691233,0.3744023559709273,0.4605938027702073,0.6426737241669009,0.5,1.0,0.0,1.0,0.514842308247865,0.22022978797284973,0.0,6.45753246717155,"[3.4287, 3.1608, 5.6438]","[0.0626, 0.0247, 0.0448]","[0.1165, 0.0083, 0.4043]","[3.8695, 3.5892, 5.4963]","[3.0547, 5.0012]","[1, 2]",[0]
113,diprotic,2,8,10.38,7.07,3.3100000000000005,0.046577988105405775,0.06732130245120464,0.37567368375639165,0.463055832937258,0.6463949199941874,0.5,1.0,0.0,1.0,0.5150946387207922,0.2204429570635871,0.0,5.753341346159578,"[3.4264, 3.1596, 5.6476]","[0.0673, 0.0256, 0.0468]","[0.1166, 0.0079, 0.4045]","[3.8696, 3.5890, 5.4970]","[3.0547, 5.0012]","[1, 2]",[0]
113,diprotic,2,9,6.48,7.07,0.5899999999999999,0.04701199632601005,0.06632842680699079,0.3756590816934764,0.4633441126500612,0.6468933366626572,0.5,1.0,0.0,1.0,0.515102364375263,0.2204023996560359,0.0,1.9248799416422848,"[3.4263, 3.1591, 5.6481]","[0.0663, 0.0264, 0.0483]","[0.1164, 0.0067, 0.4051]","[3.8695, 3.5890, 5.4970]","[3.0547, 5.0012]","[1, 2]",[0]
113,diprotic,2,10,6.92,7.07,0.15000000000000036,0.04722785610694313,0.06774495558024692,0.3784321254383529,0.4661983387043659,0.6507004075553144,0.5,1.0,0.0,1.0,0.5157641920759413,0.2213062717064161,0.0,2.329565133973956,"[3.4253, 3.1608, 5.6519]","[0.0677, 0.0280, 0.0459]","[0.1169, 0.0065, 0.4049]","[3.8694, 3.5895, 5.4978]","[3.0547, 5.0012]","[1, 2]",[0]
113,diprotic,2,11,10.37,7.07,3.299999999999999,0.04868557344307592,0.0707492418123726,0.3788860100363747,0.46625736195381917,0.6506236021631375,0.5,1.0,0.0,1.0,0.5158283578012399,0.22289708272287723,0.0,5.742481677681207,"[3.4178, 3.1618, 5.6518]","[0.0707, 0.0280, 0.0473]","[0.1171, 0.0050, 0.4031]","[3.8684, 3.5897, 5.4978]","[3.0547, 5.0012]","[1, 2]",[0]
113,diprotic,2,12,7.74,7.07,0.6699999999999999,0.05001017024646096,0.07218164482210185,0.37829569629729853,0.46546616908194416,0.6494987949572568,0.5,1.0,0.0,1.0,0.5157433650446237,0.22328343059230782,0.0,3.1309375928342345,"[3.4117, 3.1618, 5.6507]","[0.0722, 0.0291, 0.0488]","[0.1167, 0.0041, 0.4019]","[3.8674, 3.5898, 5.4975]","[3.0547, 5.0012]","[1, 2]",[0]
113,diprotic,2,13,6.92,7.07,0.15000000000000036,0.05065128906806129,0.07401755637064876,0.3787738374639895,0.466055073586869,0.6503207241500002,0.5,1.0,0.0,1.0,0.5158802982600024,0.2220676036454311,0.0,2.3292420134693383,"[3.4105, 3.1619, 5.6515]","[0.0740, 0.0297, 0.0482]","[0.1163, 0.0055, 0.4021]","[3.8674, 3.5899, 5.4977]","[3.0547, 5.0012]","[1, 2]",[0]
113,diprotic,2,14,7.14,7.07,0.0699999999999994,0.04966100827490851,0.06764035006279395,0.3783725884186029,0.46542922737606984,0.6494049666122272,0.5,1.0,0.0,1.0,0.515926055539101,0.22252076145353047,1.0,2.540921849533915,"[3.4165, 3.1620, 5.6506]","[0.0676, 0.0323, 0.0490]","[0.1159, 0.0038, 0.4010]","[3.8678, 3.5902, 5.4975]","[3.0547, 5.0012]","[1, 2]",[0]
116,monoprotic,1,0,1.6,2.59,0.9899999999999998,0.20000000000000004,0.2,0.01407389921404878,0.01407389921404878,0.01407389921404878,1.0,1.0,1.0,1.0,0.01407389921404878,0.7789404071956683,0.0,,"[2.2865, 3.0188, 3.6741]","[0.2000, 0.2000, 0.2000]","[0.0296, 0.2979, 0.0929]","[2.2865, 3.0188, 3.6741]",[3.6600],[2],"[0, 1]"
116,monoprotic,1,1,3.2,2.59,0.6100000000000003,0.20014987042276033,0.20726189005440598,0.01257221058941127,0.01257221058941127,0.01257221058941127,1.0,1.0,1.0,1.0,0.01383307047396487,0.7787384638052535,0.0,1.2212047621607782,"[2.2692, 3.0004, 3.6726]","[0.2073, 0.1924, 0.2008]","[0.0298, 0.2977, 0.0931]","[2.2838, 3.0158, 3.6738]",[3.6600],[2],"[0, 1]"
116,monoprotic,1,2,2.94,2.59,0.3500000000000001,0.1990213273191891,0.20648990611324064,0.020745933785647708,0.020745933785647708,0.020745933785647708,1.0,1.0,1.0,1.0,0.015142039392814777,0.7794893517464918,0.0,1.0565111740119755,"[2.2826, 2.9923, 3.6807]","[0.2065, 0.1883, 0.2023]","[0.0300, 0.2978, 0.0927]","[2.2859, 3.0145, 3.6751]",[3.6600],[2],"[0, 1]"
116,monoprotic,1,3,2.67,2.59,0.08000000000000007,0.1995135138789136,0.2068846610904349,0.01144577664582247,0.01144577664582247,0.01144577664582247,1.0,1.0,1.0,1.0,0.013654938261213001,0.7789855717840044,1.0,0.8547913432866334,"[2.2820, 2.9897, 3.6714]","[0.2069, 0.1859, 0.2058]","[0.0300, 0.2975, 0.0929]","[2.2858, 3.0140, 3.6737]",[3.6600],[2],"[0, 1]"
114,triprotic,3,0,2.2,8.52,6.319999999999999,0.20000000000000004,0.2,1.2972476048604153,1.4812125853657048,2.0404786094070637,0.3333333333333333,0.3333333333333333,0.0,0.0,1.2972476048604153,0.0,0.0,,"[3.3390, 4.9288, 2.3134]","[0.2000, 0.2000, 0.2000]","[0.2929, 0.0801, 0.2029]","[3.3390, 4.9288, 2.3134]","[2.6453, 4.8583, 6.9693]","[0, 1, 2]",[]
114,triprotic,3,1,3.36,8.52,5.16,0.177042314750094,0.18392372493777495,1.3200051895759175,1.5004007747478685,2.0650498263395125,0.3333333333333333,0.3333333333333333,0.0,0.0,1.3009942202464642,0.0,0.0,0.004840636961162215,"[3.3219, 4.9043, 2.2868]","[0.1633, 0.1839, 0.1839]","[0.2927, 0.0801, 0.2023]","[3.3361, 4.9248, 2.3090]","[2.6453, 4.8583, 6.9693]","[0, 1, 2]",[]
114,triprotic,3,2,4.93,8.52,3.59,0.18660813974006243,0.1901674581653556,1.314611122345757,1.4948982982057362,2.0540150595421514,0.3333333333333333,0.3333333333333333,0.0,0.0,1.3000792663854213,0.0,0.0,1.3256116880290207,"[3.3220, 4.9153, 2.2918]","[0.1804, 0.1893, 0.1902]","[0.2927, 0.0805, 0.2022]","[3.3362, 4.9266, 2.3099]","[2.6453, 4.8583, 6.9693]","[0, 1, 2]",[]
114,triprotic,3,3,6.15,8.52,2.369999999999999,0.19006529193444507,0.20147779516863878,1.3109414448448038,1.4938157542910664,2.055235686899638,0.3333333333333333,0.3333333333333333,0.0,0.0,1.2994738853970837,0.0,0.0,2.376613733218983,"[3.3246, 4.9141, 2.3014]","[0.1790, 0.1897, 0.2015]","[0.2925, 0.0804, 0.2029]","[3.3367, 4.9264, 2.3114]","[2.6453, 4.8583, 6.9693]","[0, 1, 2]",[]
114,triprotic,3,4,6.93,8.52,1.5899999999999999,0.19303416599976306,0.21168645536464784,1.3100304752910155,1.4929651045220107,2.0549365375965065,0.3333333333333333,0.3333333333333333,0.0,0.0,1.2993182593131851,0.0,0.0,3.0048292501084504,"[3.3266, 4.9144, 2.3019]","[0.1767, 0.1907, 0.2117]","[0.2922, 0.0809, 0.2028]","[3.3370, 4.9265, 2.3115]","[2.6453, 4.8583, 6.9693]","[0, 1, 2]",[]
114,triprotic,3,5,7.76,8.52,0.7599999999999998,0.19286461291004764,0.21460649791360953,1.3102930549307208,1.4926032866216035,2.055589592773746,0.3333333333333333,0.3333333333333333,0.0,0.0,1.2993537772718142,0.0,0.0,3.5221409632265566,"[3.3291, 4.9137, 2.2992]","[0.1709, 0.1931, 0.2146]","[0.2918, 0.0810, 0.2026]","[3.3374, 4.9264, 2.3111]","[2.6453, 4.8583, 6.9693]","[0, 1, 2]",[]
114,triprotic,3,6,10.86,8.52,2.34,0.19225499663009651,0.2098847345531558,1.3127762046367026,1.4971413071447122,2.0628031017126336,0.3333333333333333,0.3333333333333333,0.0,0.0,1.2997673127661835,0.0,0.0,0.0014497792720788993,"[3.3246, 4.9065, 2.3035]","[0.1716, 0.1953, 0.2099]","[0.2912, 0.0807, 0.2030]","[3.3366, 4.9252, 2.3118]","[2.6453, 4.8583, 6.9693]","[0, 1, 2]",[]
114,triprotic,3,7,8.2,8.52,0.3200000000000003,0.199703015426514,0.21617116591447647,1.3097823021148207,1.4983945303081545,2.0642200309286842,0.3333333333333333,0.3333333333333333,0.0,0.0,1.2992855438802116,0.0,0.0,3.749599226564168,"[3.3194, 4.9051, 2.3191]","[0.1767, 0.2062, 0.2162]","[0.2911, 0.0811, 0.2027]","[3.3358, 4.9250, 2.3143]","[2.6453, 4.8583, 6.9693]","[0, 1, 2]",[]
114,triprotic,3,8,8.82,8.52,0.3000000000000007,0.20057947671696832,0.2214035839987593,1.2995334412542767,1.4852513651633925,2.04148578534452,0.3333333333333333,0.3333333333333333,0.0,0.0,1.2976415056257358,0.0,0.0,4.032112963199616,"[3.3273, 4.9278, 2.3192]","[0.1743, 0.2061, 0.2214]","[0.2912, 0.0815, 0.2018]","[3.3371, 4.9287, 2.3143]","[2.6453, 4.8583, 6.9693]","[0, 1, 2]",[]
114,triprotic,3,9,8.41,8.52,0.10999999999999943,0.20110813329342517,0.2243890627854866,1.3012546036432486,1.4873068454656704,2.0511080124925964,0.3333333333333333,0.3333333333333333,0.0,0.0,1.2978992518622285,0.0,0.0,3.8463393485546113,"[3.3349, 4.9182, 2.3161]","[0.1754, 0.2035, 0.2244]","[0.2914, 0.0808, 0.2019]","[3.3383, 4.9271, 2.3138]","[2.6453, 4.8583, 6.9693]","[0, 1, 2]",[]
114,triprotic,3,10,8.57,8.52,0.05000000000000071,0.20132077052463623,0.21994160119954073,1.3082735411471134,1.4916060480711142,2.0579685345244076,0.3333333333333333,0.3333333333333333,0.0,0.0,1.2989956590379346,0.0,1.0,3.9257724282145503,"[3.3346, 4.9113, 2.3022]","[0.1743, 0.2199, 0.2098]","[0.2912, 0.0807, 0.2028]","[3.3383, 4.9261, 2.3116]","[2.6453, 4.8583, 6.9693]","[0, 1, 2]",[]
117,monoprotic,1,0,1.9,10.47,8.57,0.20000000000000004,0.2,1.3492151552586824,1.3492151552586824,1.3492151552586824,0.0,0.0,0.0,0.0,1.3492151552586824,0.5433528538105616,0.0,,"[5.6908, 4.7541, 3.5292]","[0.2000, 0.2000, 0.2000]","[0.3014, 0.0018, 0.2548]","[5.6908, 4.7541, 3.5292]",[2.1800],[2],"[0, 1]"
117,monoprotic,1,1,3.17,10.47,7.300000000000001,0.20533309351443318,0.210509812744911,1.3512424537329677,1.3512424537329677,1.3512424537329677,0.0,0.0,0.0,0.0,1.34953771683185,0.5434042677208167,0.0,1.3556238441215829,"[5.7031, 4.7342, 3.5312]","[0.2105, 0.1981, 0.2074]","[0.3012, 0.0022, 0.2550]","[5.6928, 4.7509, 3.5295]",[2.1800],[2],"[0, 1]"
117,monoprotic,1,2,12.41,10.47,1.9399999999999995,0.2046036236330525,0.21073826720687153,1.3453495952124892,1.3453495952124892,1.3453495952124892,0.0,0.0,0.0,0.0,1.3486025977668579,0.5437072718463983,0.0,7.710579226110131,"[5.7007, 4.7280, 3.5253]","[0.2053, 0.1978, 0.2107]","[0.3012, 0.0022, 0.2546]","[5.6924, 4.7499, 3.5286]",[2.1800],[2],"[0, 1]"
117,monoprotic,1,3,12.09,10.47,1.6199999999999992,0.2108487288352856,0.2200220716376687,1.3515621233869664,1.3515621233869664,1.3515621233869664,0.0,0.0,0.0,0.0,1.3495829068118868,0.5435264299903811,0.0,7.458096701684408,"[5.7002, 4.7324, 3.5316]","[0.2069, 0.2056, 0.2200]","[0.3012, 0.0021, 0.2548]","[5.6923, 4.7506, 3.5296]",[2.1800],[2],"[0, 1]"
117,monoprotic,1,4,10.77,10.47,0.29999999999999893,0.20664939713399577,0.22077574204039585,1.3568728878593017,1.3568728878593017,1.3568728878593017,0.0,0.0,0.0,0.0,1.3504139620980635,0.5435214371601742,0.0,6.214693026365712,"[5.6985, 4.7226, 3.5369]","[0.1911, 0.2080, 0.2208]","[0.3009, 0.0021, 0.2545]","[5.6921, 4.7491, 3.5304]",[2.1800],[2],"[0, 1]"
117,monoprotic,1,5,3.74,10.47,6.73,0.20555403337640676,0.2174832608360072,1.37237242505446,1.37237242505446,1.37237242505446,0.0,0.0,0.0,0.0,1.352854931538313,0.5443622903898437,0.0,0.8025750322174279,"[5.7054, 4.7159, 3.5524]","[0.1949, 0.2043, 0.2175]","[0.3014, 0.0020, 0.2540]","[5.6932, 4.7480, 3.5329]",[2.1800],[2],"[0, 1]"
117,monoprotic,1,6,4.46,10.47,6.010000000000001,0.10161190179041368,0.11658916122826928,1.1670648059070756,1.1670648059070756,1.1670648059070756,0.0,0.0,0.0,0.0,1.3167954242413256,0.5526188430131355,0.0,0.08961009719409052,"[5.3665, 4.2050, 3.3471]","[0.0777, 0.1166, 0.1105]","[0.3014, 0.0116, 0.2533]","[5.6310, 4.6570, 3.4968]",[2.1800],[2],"[0, 1]"
117,monoprotic,1,7,10.76,10.47,0.28999999999999915,0.10304641223056143,0.12232698865909812,1.1622219647183911,1.1622219647183911,1.1622219647183911,0.0,0.0,0.0,0.0,1.3159808914025293,0.5531925531986973,0.0,6.2676988437213,"[5.3700, 4.2082, 3.3422]","[0.0750, 0.1223, 0.1118]","[0.3012, 0.0120, 0.2529]","[5.6315, 4.6582, 3.4960]",[2.1800],[2],"[0, 1]"
117,monoprotic,1,8,10.32,10.47,0.15000000000000036,0.107725210727927,0.12439327650852255,1.1611961413921543,1.1611961413921543,1.1611961413921543,0.0,0.0,0.0,0.0,1.3160817159792848,0.5529373099334142,0.0,5.830356067214161,"[5.3714, 4.2119, 3.3412]","[0.0793, 0.1244, 0.1194]","[0.3014, 0.0115, 0.2530]","[5.6320, 4.6590, 3.4961]",[2.1800],[2],"[0, 1]"
117,monoprotic,1,9,10.59,10.47,0.11999999999999922,0.11106453857885257,0.12740090588241115,1.1627101006917187,1.1627101006917187,1.1627101006917187,0.0,0.0,0.0,0.0,1.316503778002271,0.5531910700850635,0.0,6.098370521245524,"[5.3729, 4.2242, 3.3427]","[0.0821, 0.1274, 0.1237]","[0.3008, 0.0119, 0.2526]","[5.6325, 4.6615, 3.4965]",[2.1800],[2],"[0, 1]"
117,monoprotic,1,10,10.49,10.47,0.019999999999999574,0.1160380537545108,0.1379524520694553,1.164032799675903,1.164032799675903,1.164032799675903,0.0,0.0,0.0,0.0,1.3167246562400488,0.5536119413565603,1.0,5.997870857603848,"[5.3774, 4.2190, 3.3440]","[0.0868, 0.1380, 0.1234]","[0.3008, 0.0119, 0.2522]","[5.6336, 4.6617, 3.4967]",[2.1800],[2],"[0, 1]"
112,triprotic,3,0,2.05,10.15,8.100000000000001,0.20000000000000004,0.2,1.6393186889896623,2.006175840314972,3.1140879323287454,0.3333333333333333,0.3333333333333333,0.0,0.0,1.6393186889896623,0.0,0.0,,"[3.6634, 4.7581, 4.6816]","[0.2000, 0.2000, 0.2000]","[0.2577, 0.3262, 0.2114]","[3.6634, 4.7581, 4.6816]","[2.1493, 4.3919, 7.8722]","[0, 1, 2]",[]
112,triprotic,3,1,2.99,10.15,7.16,0.20063029402587365,0.2094178565210658,1.6383229781723123,2.0087476779388376,3.129802109730279,0.3333333333333333,0.3333333333333333,0.0,0.0,1.6391762945788937,0.0,0.0,1.0295464203134177,"[3.6402, 4.7424, 4.6861]","[0.2094, 0.1982, 0.1943]","[0.2577, 0.3262, 0.2114]","[3.6598, 4.7556, 4.6823]","[2.1493, 4.3919, 7.8722]","[0, 1, 2]",[]
112,triprotic,3,2,4.76,10.15,5.390000000000001,0.20274503157754262,0.2152159691454661,1.6398297198645313,2.010901742347216,3.1376380598765,0.3333333333333333,0.3333333333333333,0.0,0.0,1.6394363246165762,0.0,0.0,0.17663260292261818,"[3.6313, 4.7346, 4.6917]","[0.2152, 0.2002, 0.1929]","[0.2573, 0.3264, 0.2108]","[3.6584, 4.7544, 4.6832]","[2.1493, 4.3919, 7.8722]","[0, 1, 2]",[]
112,triprotic,3,3,7.7,10.15,2.45,0.2036150898929537,0.21706988864132942,1.649839253832566,2.0171552874181224,3.1488151719925943,0.3333333333333333,0.3333333333333333,0.0,0.0,1.6410587635647522,0.0,0.0,2.696464258991182,"[3.6286, 4.7234, 4.7133]","[0.2171, 0.1968, 0.1970]","[0.2577, 0.3266, 0.2107]","[3.6580, 4.7525, 4.6867]","[2.1493, 4.3919, 7.8722]","[0, 1, 2]",[]
112,triprotic,3,4,8.76,10.15,1.3900000000000006,0.20240927714980161,0.20591397660637392,1.6479820295413539,2.013593669199074,3.1405985952024738,0.3333333333333333,0.3333333333333333,0.0,0.0,1.640718338404712,0.0,0.0,3.081777895092964,"[3.6316, 4.7316, 4.7130]","[0.2059, 0.1985, 0.2028]","[0.2571, 0.3276, 0.2113]","[3.6584, 4.7539, 4.6866]","[2.1493, 4.3919, 7.8722]","[0, 1, 2]",[]
112,triprotic,3,5,11.54,10.15,1.3899999999999988,0.20564816379135095,0.2112804820166219,1.6504355580809686,2.0181526812988193,3.148809985894353,0.3333333333333333,0.3333333333333333,0.0,0.0,1.6411122849205553,0.0,0.0,0.0025279550254353467,"[3.6333, 4.7234, 4.7104]","[0.2113, 0.2059, 0.1998]","[0.2564, 0.3272, 0.2110]","[3.6587, 4.7526, 4.6862]","[2.1493, 4.3919, 7.8722]","[0, 1, 2]",[]
112,triprotic,3,6,10.63,10.15,0.4800000000000004,0.2030664396754104,0.21033344307705007,1.6501639143833373,2.0174903972088467,3.1456314127185685,0.3333333333333333,0.3333333333333333,0.0,0.0,1.64107586499628,0.0,0.0,0.04679173707962114,"[3.6378, 4.7266, 4.7083]","[0.2103, 0.2086, 0.1903]","[0.2561, 0.3267, 0.2113]","[3.6594, 4.7531, 4.6859]","[2.1493, 4.3919, 7.8722]","[0, 1, 2]",[]
112,triprotic,3,7,8.97,10.15,1.1799999999999997,0.20075168976716132,0.2051730176131881,1.6450396967482295,2.0151681192153363,3.1475879479028785,0.3333333333333333,0.3333333333333333,0.0,0.0,1.6402557362754928,0.0,0.0,3.116984018385411,"[3.6252, 4.7246, 4.7036]","[0.2052, 0.1974, 0.1996]","[0.2561, 0.3275, 0.2113]","[3.6573, 4.7527, 4.6851]","[2.1493, 4.3919, 7.8722]","[0, 1, 2]",[]
112,triprotic,3,8,9.38,10.15,0.7699999999999996,0.2047520372997721,0.21305888955246596,1.6430286296121022,2.01176648880469,3.1450082004451243,0.3333333333333333,0.3333333333333333,0.0,0.0,1.639952575957352,0.0,0.0,3.1429728615283974,"[3.6153, 4.7272, 4.7099]","[0.2131, 0.1977, 0.2035]","[0.2567, 0.3280, 0.2113]","[3.6558, 4.7532, 4.6861]","[2.1493, 4.3919, 7.8722]","[0, 1, 2]",[]
112,triprotic,3,9,10.59,10.15,0.4399999999999995,0.2077365879938995,0.22301099181191555,1.6442096566910394,2.0148455316835485,3.154210782121587,0.3333333333333333,0.3333333333333333,0.0,0.0,1.6408531720135002,0.0,0.0,0.04944187045097337,"[3.6078, 4.7118, 4.7180]","[0.2230, 0.2004, 0.1998]","[0.2564, 0.3287, 0.2117]","[3.6548, 4.7507, 4.6875]","[2.1493, 4.3919, 7.8722]","[0, 1, 2]",[]
112,triprotic,3,10,9.88,10.15,0.2699999999999996,0.20770089131522762,0.22958571042847062,1.64096448311962,2.012865624471433,3.155547896814297,0.3333333333333333,0.3333333333333333,0.0,0.0,1.6402390585103792,0.0,0.0,2.9925451326370247,"[3.5967, 4.7118, 4.7167]","[0.2296, 0.2013, 0.1922]","[0.2567, 0.3286, 0.2117]","[3.6531, 4.7507, 4.6873]","[2.1493, 4.3919, 7.8722]","[0, 1, 2]",[]
112,triprotic,3,11,10.28,10.15,0.129999999999999,0.21275331093913644,0.24045799883369331,1.6358695690153136,2.0058749892707453,3.145793359571556,0.3333333333333333,0.3333333333333333,0.0,0.0,1.6401995856841822,0.0,0.0,0.27368286132812436,"[3.5881, 4.7149, 4.7264]","[0.2405, 0.2076, 0.1902]","[0.2565, 0.3294, 0.2125]","[3.6519, 4.7513, 4.6889]","[2.1493, 4.3919, 7.8722]","[0, 1, 2]",[]
112,triprotic,3,12,10.07,10.15,0.08000000000000007,0.21918159752097668,0.239070289592803,1.6315289030654299,2.0035416709180742,3.1436771205378236,0.3333333333333333,0.3333333333333333,0.0,0.0,1.6404585460156869,0.0,1.0,2.3499100875854495,"[3.5846, 4.7075, 4.7285]","[0.2391, 0.2185, 0.2000]","[0.2560, 0.3293, 0.2119]","[3.6514, 4.7502, 4.6891]","[2.1493, 4.3919, 7.8722]","[0, 1, 2]",[]
120,diprotic,2,0,2.28,4.19,1.9100000000000006,0.20000000000000004,0.2,0.038192368718841685,0.03968765790466776,0.04898371532628509,1.0,1.0,1.0,1.0,0.038192368718841685,0.11817449619216966,0.0,,"[5.4727, 2.3833, 2.9009]","[0.2000, 0.2000, 0.2000]","[0.4463, 0.3673, 0.1090]","[5.4727, 2.3833, 2.9009]","[2.4107, 5.5217]","[0, 1]",[2]
120,diprotic,2,1,2.43,4.19,1.7600000000000002,0.203173576700896,0.20806914330299764,0.03524797627545939,0.03604341154664356,0.04277842675370902,1.0,1.0,1.0,1.0,0.0377188987838073,0.11795363691172137,0.0,0.877231971528381,"[5.4790, 2.3830, 2.9044]","[0.1988, 0.2027, 0.2081]","[0.4465, 0.3672, 0.1088]","[5.4737, 2.3832, 2.9015]","[2.4107, 5.5217]","[0, 1]",[2]
120,diprotic,2,2,3.23,4.19,0.9600000000000004,0.207009481417172,0.2145687777682399,0.03922003861417567,0.0431190938141995,0.05713776231056933,1.0,1.0,1.0,1.0,0.038365054797133036,0.11797155689154912,0.0,0.20533896747976543,"[5.4646, 2.3894, 2.9130]","[0.2010, 0.2146, 0.2054]","[0.4464, 0.3674, 0.1088]","[5.4714, 2.3842, 2.9028]","[2.4107, 5.5217]","[0, 1]",[2]
120,diprotic,2,3,4.32,4.19,0.1299999999999999,0.20680974047911985,0.21439290811808012,0.04457334849693351,0.049010492918158524,0.0649509101727519,1.0,1.0,1.0,1.0,0.03922557239740465,0.11787227650831589,0.0,0.8404557928955185,"[5.4568, 2.3865, 2.9137]","[0.1971, 0.2144, 0.2090]","[0.4468, 0.3671, 0.1088]","[5.4702, 2.3838, 2.9029]","[2.4107, 5.5217]","[0, 1]",[2]
120,diprotic,2,4,4.15,4.19,0.040000000000000036,0.20480276094969993,0.21850551791620174,0.045113480793753435,0.05000004245496885,0.06667219356076082,1.0,1.0,1.0,1.0,0.03932795875576711,0.11786437272080535,1.0,0.6764692102791745,"[5.4551, 2.3871, 2.9056]","[0.1896, 0.2185, 0.2063]","[0.4466, 0.3674, 0.1088]","[5.4699, 2.3839, 2.9016]","[2.4107, 5.5217]","[0, 1]",[2]
122,monoprotic,1,0,2.31,4.17,1.8599999999999999,0.20000000000000004,0.2,0.5461686503640673,0.5461686503640673,0.5461686503640673,0.0,1.0,0.0,1.0,0.5461686503640673,0.48516627773016907,0.0,,"[5.4896, 2.7297, 4.7662]","[0.2000, 0.2000, 0.2000]","[0.0284, 0.1834, 0.2247]","[5.4896, 2.7297, 4.7662]",[4.2200],[2],"[0, 1]"
122,monoprotic,1,1,4.12,4.17,0.04999999999999982,0.20449305289939743,0.21302692387801958,0.5343130540029959,0.5343130540029959,0.5343130540029959,0.0,1.0,0.0,1.0,0.5442951387874304,0.4850745116599642,1.0,0.3250276859663428,"[5.4902, 2.7197, 4.7543]","[0.1953, 0.2052, 0.2130]","[0.0285, 0.1832, 0.2247]","[5.4897, 2.7281, 4.7643]",[4.2200],[2],"[0, 1]"
118,triprotic,3,0,2.16,4.5,2.34,0.20000000000000004,0.2,0.6478562048461919,0.7020615164089865,1.0082817455919986,0.3333333333333333,0.6666666666666666,0.0,0.0,0.6478562048461919,0.0,0.0,,"[3.9033, 5.6452, 3.5513]","[0.2000, 0.2000, 0.2000]","[0.1788, 0.2547, 0.0703]","[3.9033, 5.6452, 3.5513]","[2.5430, 4.2599, 6.2239]","[0, 1, 2]",[]
118,triprotic,3,1,2.63,4.5,1.87,0.2003838889245907,0.20496724648488276,0.6554399273438279,0.7081313418695593,1.004717482549352,0.3333333333333333,0.6666666666666666,0.0,0.0,0.6490859971303392,0.0,0.0,1.2364706954732538,"[3.9067, 5.6155, 3.5477]","[0.2050, 0.1943, 0.2019]","[0.1792, 0.2544, 0.0702]","[3.9038, 5.6404, 3.5507]","[2.5430, 4.2599, 6.2239]","[0, 1, 2]",[]
118,triprotic,3,2,3.25,4.5,1.25,0.1986921903144316,0.2039276225933138,0.6545106778507597,0.7091720881629825,1.0080391236570057,0.3333333333333333,0.6666666666666666,0.0,0.0,0.6489397088776987,0.0,0.0,0.9491407950408757,"[3.9166, 5.6117, 3.5510]","[0.2039, 0.1944, 0.1977]","[0.1792, 0.2539, 0.0700]","[3.9054, 5.6398, 3.5512]","[2.5430, 4.2599, 6.2239]","[0, 1, 2]",[]
118,triprotic,3,3,3.94,4.5,0.56,0.19328254153614868,0.20340916782120969,0.6485586206631045,0.7032715527199982,1.0014753997875716,0.3333333333333333,0.6666666666666666,0.0,0.0,0.647992291163423,0.0,0.0,0.45259169460274284,"[3.9202, 5.6194, 3.5445]","[0.2034, 0.1857, 0.1907]","[0.1796, 0.2540, 0.0697]","[3.9060, 5.6410, 3.5502]","[2.5430, 4.2599, 6.2239]","[0, 1, 2]",[]
118,triprotic,3,4,4.21,4.5,0.29000000000000004,0.18690404290399662,0.19219534477166195,0.6468914861271252,0.7010702833236313,0.9981473615643557,0.3333333333333333,1.0,0.0,1.0,0.6477081110157387,0.0,0.0,0.25149553684517745,"[3.9191, 5.6222, 3.5411]","[0.1922, 0.1835, 0.1850]","[0.1792, 0.2536, 0.0694]","[3.9059, 5.6415, 3.5496]","[2.5430, 4.2599, 6.2239]","[0, 1, 2]",[]
118,triprotic,3,5,4.36,4.5,0.13999999999999968,0.18748511799381293,0.19248370537889542,0.6424419657028926,0.6981873217458469,0.9976396066508029,0.3333333333333333,1.0,0.0,1.0,0.6469841942204106,0.0,0.0,0.13752965010702578,"[3.9273, 5.6269, 3.5406]","[0.1878, 0.1822, 0.1925]","[0.1791, 0.2538, 0.0690]","[3.9072, 5.6422, 3.5495]","[2.5430, 4.2599, 6.2239]","[0, 1, 2]",[]
118,triprotic,3,6,4.41,4.5,0.08999999999999986,0.17112106996139478,0.21762574189966552,0.7135278407043089,0.7762474648001648,1.1097888421695572,0.3333333333333333,0.6666666666666666,0.0,0.0,0.657470071489915,0.0,1.0,0.101634335387498,"[3.8941, 5.1141, 3.2080]","[0.1131, 0.2176, 0.1827]","[0.1850, 0.2730, 0.0719]","[3.9017, 5.5618, 3.4950]","[2.5430, 4.2599, 6.2239]","[0, 1, 2]",[]
119,triprotic,3,0,2.4,7.39,4.99,0.20000000000000004,0.2,1.7856837388243079,2.0228222693477482,2.8455020101274076,0.0,0.3333333333333333,0.0,0.0,1.7856837388243079,0.0,0.0,,"[2.7523, 2.9360, 4.9976]","[0.2000, 0.2000, 0.2000]","[0.2704, 0.0799, 0.3166]","[2.7523, 2.9360, 4.9976]","[2.2123, 5.7815, 6.9691]","[0, 1, 2]",[]
119,triprotic,3,1,2.9,7.39,4.49,0.20434000639072114,0.21368194166601345,1.7826214137952803,2.0202274730153222,2.84551910432146,0.0,0.3333333333333333,0.0,0.0,1.7851924212731032,0.0,0.0,0.16934448117390266,"[2.7507, 2.9360, 5.0052]","[0.2137, 0.2017, 0.1976]","[0.2699, 0.0799, 0.3169]","[2.7520, 2.9360, 4.9988]","[2.2123, 5.7815, 6.9691]","[0, 1, 2]",[]
119,triprotic,3,2,5.75,7.39,1.6399999999999997,0.20758623702037923,0.21815316539209456,1.7713482423067373,2.012176049468273,2.842550401144994,0.0,0.3333333333333333,0.0,0.0,1.7833953453345934,0.0,0.0,2.4919187845662236,"[2.7366, 2.9390, 5.0219]","[0.2182, 0.2092, 0.1954]","[0.2700, 0.0798, 0.3169]","[2.7498, 2.9365, 5.0015]","[2.2123, 5.7815, 6.9691]","[0, 1, 2]",[]
119,triprotic,3,3,6.12,7.39,1.2699999999999996,0.20707228958066357,0.217365760200748,1.7718111820925089,2.010306186598138,2.840707060273017,0.0,0.3333333333333333,0.0,0.0,1.7834616506172845,0.0,0.0,2.5293143697828055,"[2.7453, 2.9408, 5.0274]","[0.2174, 0.2064, 0.1974]","[0.2695, 0.0795, 0.3170]","[2.7512, 2.9368, 5.0024]","[2.2123, 5.7815, 6.9691]","[0, 1, 2]",[]
119,triprotic,3,4,6.48,7.39,0.9099999999999993,0.20050404496127675,0.21108251723802923,1.7677764582001905,2.0023402331089173,2.8221978280573143,0.0,0.3333333333333333,0.0,0.0,1.7828021310427318,0.0,0.0,2.2749089836329226,"[2.7509, 2.9593, 5.0267]","[0.2032, 0.2111, 0.1872]","[0.2698, 0.0801, 0.3169]","[2.7521, 2.9397, 5.0023]","[2.2123, 5.7815, 6.9691]","[0, 1, 2]",[]
119,triprotic,3,5,6.75,7.39,0.6399999999999997,0.2029804250401527,0.21680867824646097,1.7703966095926678,2.0054042436710207,2.825617373341416,0.0,0.3333333333333333,0.0,0.0,1.783231934289341,0.0,0.0,2.10336497053504,"[2.7509, 2.9559, 5.0221]","[0.2046, 0.2168, 0.1876]","[0.2695, 0.0797, 0.3165]","[2.7521, 2.9392, 5.0016]","[2.2123, 5.7815, 6.9691]","[0, 1, 2]",[]
119,triprotic,3,6,7.2,7.39,0.1899999999999995,0.20316625438767563,0.2122438844433753,1.7720847403035478,2.0113357087331107,2.8351974284828607,0.0,0.3333333333333333,0.0,0.0,1.7835055750786848,0.0,0.0,1.999108123406768,"[2.7386, 2.9463, 5.0144]","[0.2122, 0.2071, 0.1901]","[0.2695, 0.0806, 0.3166]","[2.7501, 2.9377, 5.0003]","[2.2123, 5.7815, 6.9691]","[0, 1, 2]",[]
119,triprotic,3,7,7.45,7.39,0.0600000000000005,0.20560173576542531,0.21294794392333602,1.7748628978905412,2.0185287604069067,2.836289342035734,0.0,0.3333333333333333,0.0,0.0,1.7839673597129533,0.0,1.0,1.9818067055195572,"[2.7205, 2.9452, 4.9891]","[0.2059, 0.2129, 0.1980]","[0.2696, 0.0805, 0.3167]","[2.7472, 2.9375, 4.9962]","[2.2123, 5.7815, 6.9691]","[0, 1, 2]",[]
123,monoprotic,1,0,2.48,5.89,3.4099999999999997,0.20000000000000004,0.2,0.4013238781035211,0.4013238781035211,0.4013238781035211,1.0,1.0,1.0,1.0,0.4013238781035211,0.908061436855778,0.0,,"[4.4406, 3.8144, 2.3787]","[0.2000, 0.2000, 0.2000]","[0.2913, 0.3237, 0.0623]","[4.4406, 3.8144, 2.3787]",[2.7800],[2],"[0, 1]"
123,monoprotic,1,1,3.14,5.89,2.7499999999999996,0.19826837041993658,0.20734311164428063,0.41154697629976456,0.41154697629976456,0.41154697629976456,1.0,1.0,1.0,1.0,0.4029505324529956,0.9083479948265671,0.0,0.21554682672955083,"[4.4481, 3.8170, 2.3685]","[0.1998, 0.1876, 0.2073]","[0.2913, 0.3239, 0.0621]","[4.4418, 3.8148, 2.3770]",[2.7800],[2],"[0, 1]"
123,monoprotic,1,2,11.91,5.89,6.0200000000000005,0.197229171017508,0.20890220613580063,0.4170573726296247,0.4170573726296247,0.4170573726296247,1.0,1.0,1.0,1.0,0.40382262295664084,0.9084635504372054,0.0,8.429668458844535,"[4.4500, 3.8191, 2.3629]","[0.2006, 0.1822, 0.2089]","[0.2913, 0.3239, 0.0620]","[4.4421, 3.8151, 2.3762]",[2.7800],[2],"[0, 1]"
123,monoprotic,1,3,3.93,5.89,1.9599999999999995,0.1979092954567603,0.21491025128396588,0.4079026752717292,0.4079026752717292,0.4079026752717292,1.0,1.0,1.0,1.0,0.40236114177630755,0.9083900365258646,0.0,0.5065040877740832,"[4.4374, 3.8340, 2.3721]","[0.1954, 0.1835, 0.2149]","[0.2913, 0.3239, 0.0620]","[4.4401, 3.8176, 2.3776]",[2.7800],[2],"[0, 1]"
123,monoprotic,1,4,11.33,5.89,5.44,0.19947663068355692,0.21715936163849353,0.39219669865130147,0.39219669865130147,0.39219669865130147,1.0,1.0,1.0,1.0,0.39988873671398295,0.9086790660173002,0.0,7.876521804993972,"[4.4242, 3.8334, 2.3878]","[0.2012, 0.1800, 0.2172]","[0.2917, 0.3236, 0.0618]","[4.4380, 3.8175, 2.3801]",[2.7800],[2],"[0, 1]"
123,monoprotic,1,5,4.93,5.89,0.96,0.20872423130492448,0.231759435878489,0.37491211567190685,0.37491211567190685,0.37491211567190685,1.0,1.0,1.0,1.0,0.39724430267397004,0.9096678702236897,0.0,1.4908057087520135,"[4.4322, 3.8532, 2.4051]","[0.2013, 0.1931, 0.2318]","[0.2925, 0.3238, 0.0612]","[4.4393, 3.8206, 2.3828]",[2.7800],[2],"[0, 1]"
123,monoprotic,1,6,10.95,5.89,5.06,0.2089432022783445,0.23351077736437875,0.38244520869056586,0.38244520869056586,0.38244520869056586,1.0,1.0,1.0,1.0,0.39841413564376893,0.9086873706426204,0.0,7.501179843372665,"[4.4402, 3.8560, 2.3976]","[0.1970, 0.1963, 0.2335]","[0.2934, 0.3243, 0.0621]","[4.4406, 3.8211, 2.3816]",[2.7800],[2],"[0, 1]"
123,monoprotic,1,7,10.49,5.89,4.6000000000000005,0.21359376486318024,0.2384335779378979,0.3761902601636069,0.3761902601636069,0.3761902601636069,1.0,1.0,1.0,1.0,0.39747348652206993,0.9088299151470192,0.0,7.044580364143476,"[4.4340, 3.8583, 2.4038]","[0.2014, 0.2010, 0.2384]","[0.2925, 0.3236, 0.0618]","[4.4396, 3.8214, 2.3825]",[2.7800],[2],"[0, 1]"
123,monoprotic,1,8,4.93,5.89,0.96,0.21006233254466378,0.2206495238860365,0.35597767851182116,0.35597767851182116,0.35597767851182116,1.0,1.0,1.0,1.0,0.3942239061733308,0.9071696278432142,0.0,1.4881340931821612,"[4.4503, 3.8580, 2.4240]","[0.2075, 0.2021, 0.2206]","[0.2921, 0.3230, 0.0629]","[4.4422, 3.8213, 2.3858]",[2.7800],[2],"[0, 1]"
123,monoprotic,1,9,7.69,5.89,1.8000000000000007,0.2072084190409291,0.20780424994695193,0.36933071475036394,0.36933071475036394,0.36933071475036394,1.0,1.0,1.0,1.0,0.39622915245645585,0.9075868958673917,0.0,4.244504168685526,"[4.4643, 3.8703, 2.4107]","[0.2071, 0.2078, 0.2067]","[0.2921, 0.3229, 0.0626]","[4.4444, 3.8232, 2.3838]",[2.7800],[2],"[0, 1]"
123,monoprotic,1,10,5.24,5.89,0.6499999999999995,0.21324029475164571,0.22344621108096,0.37202623387758393,0.37202623387758393,0.37202623387758393,1.0,1.0,1.0,1.0,0.39664485344414535,0.9075671726932975,0.0,1.794614686407149,"[4.4714, 3.8741, 2.4080]","[0.2234, 0.2120, 0.2043]","[0.2923, 0.3236, 0.0627]","[4.4454, 3.8238, 2.3834]",[2.7800],[2],"[0, 1]"
123,monoprotic,1,11,5.54,5.89,0.34999999999999964,0.21390101772098172,0.22878582878053755,0.3801118550612137,0.3801118550612137,0.3801118550612137,1.0,1.0,1.0,1.0,0.3979597906451162,0.9072000426872086,0.0,2.093787447977811,"[4.4655, 3.8611, 2.3999]","[0.2288, 0.2028, 0.2101]","[0.2919, 0.3246, 0.0631]","[4.4445, 3.8218, 2.3820]",[2.7800],[2],"[0, 1]"
123,monoprotic,1,12,7.68,5.89,1.79,0.21282789867523078,0.22212919311447077,0.38299616702600314,0.38299616702600314,0.38299616702600314,1.0,1.0,1.0,1.0,0.39845703131856824,0.9054637844123409,0.0,4.234764067055657,"[4.4759, 3.8597, 2.3970]","[0.2221, 0.1949, 0.2214]","[0.2916, 0.3245, 0.0643]","[4.4461, 3.8217, 2.3815]",[2.7800],[2],"[0, 1]"
123,monoprotic,1,13,5.84,5.89,0.04999999999999982,0.21401126685111568,0.22325861628437244,0.3732545806524836,0.3732545806524836,0.3732545806524836,1.0,1.0,1.0,1.0,0.39694099445199127,0.9065019794759204,1.0,2.394629584541544,"[4.4838, 3.8604, 2.4067]","[0.2233, 0.1959, 0.2229]","[0.2916, 0.3252, 0.0636]","[4.4474, 3.8218, 2.3831]",[2.7800],[2],"[0, 1]"
125,monoprotic,1,0,2.21,6.95,4.74,0.20000000000000004,0.2,0.10432960326949825,0.10432960326949825,0.10432960326949825,1.0,1.0,1.0,1.0,0.10432960326949825,0.22010245023531586,0.0,,"[2.8843, 4.8743, 5.0713]","[0.2000, 0.2000, 0.2000]","[0.0263, 0.1404, 0.0133]","[2.8843, 4.8743, 5.0713]",[4.7700],[1],"[0, 2]"
125,monoprotic,1,1,5.35,6.95,1.6000000000000005,0.20265232595813362,0.20497274538940843,0.11197722722465375,0.11197722722465375,0.11197722722465375,1.0,1.0,1.0,1.0,0.10554993520986855,0.22061081542144811,0.0,1.9524926193058487,"[2.8767, 4.8820, 5.0765]","[0.2027, 0.2050, 0.2002]","[0.0264, 0.1406, 0.0134]","[2.8830, 4.8755, 5.0721]",[4.7700],[1],"[0, 2]"
125,monoprotic,1,2,11.42,6.95,4.47,0.20138332808228007,0.2078987626204189,0.0924953631934633,0.0924953631934633,0.0924953631934633,1.0,1.0,1.0,1.0,0.1024361936255529,0.2210132676810474,0.0,7.437801593989134,"[2.8757, 4.8625, 5.0903]","[0.2079, 0.2028, 0.1935]","[0.0267, 0.1408, 0.0133]","[2.8829, 4.8724, 5.0743]",[4.7700],[1],"[0, 2]"
125,monoprotic,1,3,5.85,6.95,1.1000000000000005,0.20258772250921944,0.20488346439523722,0.09785493452413618,0.09785493452413618,0.09785493452413618,1.0,1.0,1.0,1.0,0.10329589178002507,0.2201345004940434,0.0,2.168126847967505,"[2.8736, 4.8679, 5.0874]","[0.2049, 0.2045, 0.1983]","[0.0268, 0.1406, 0.0129]","[2.8826, 4.8733, 5.0739]",[4.7700],[1],"[0, 2]"
125,monoprotic,1,4,6.69,6.95,0.2599999999999998,0.20444798214268065,0.20484162736508282,0.09959920048831172,0.09959920048831172,0.09959920048831172,1.0,1.0,1.0,1.0,0.10357465355312989,0.22181383465614937,0.0,2.8566244547814135,"[2.8759, 4.8696, 5.0993]","[0.2044, 0.2048, 0.2041]","[0.0266, 0.1404, 0.0135]","[2.8829, 4.8736, 5.0757]",[4.7700],[1],"[0, 2]"
125,monoprotic,1,5,11.2,6.95,4.249999999999999,0.2032724245334371,0.20417445233853182,0.10231581327996064,0.10231581327996064,0.10231581327996064,1.0,1.0,1.0,1.0,0.10400795421668274,0.22097777027123508,0.0,7.257449237443506,"[2.8832, 4.8723, 5.1008]","[0.2038, 0.2042, 0.2019]","[0.0263, 0.1406, 0.0136]","[2.8841, 4.8740, 5.0760]",[4.7700],[1],"[0, 2]"
125,monoprotic,1,6,10.74,6.95,3.79,0.20180053605453338,0.21180702483008895,0.09183041094841471,0.09183041094841471,0.09183041094841471,1.0,1.0,1.0,1.0,0.10232439466631948,0.2262854720325626,0.0,6.849283786267042,"[2.8783, 4.8618, 5.1011]","[0.2118, 0.2005, 0.1931]","[0.0267, 0.1404, 0.0143]","[2.8833, 4.8723, 5.0761]",[4.7700],[1],"[0, 2]"
125,monoprotic,1,7,6.73,6.95,0.21999999999999975,0.2041097682177061,0.21153423589388354,0.11328560144231226,0.11328560144231226,0.11328560144231226,1.0,1.0,1.0,1.0,0.10576357176260753,0.22665986771667188,0.0,2.894179524406791,"[2.8678, 4.8833, 5.1069]","[0.2115, 0.2021, 0.1986]","[0.0265, 0.1401, 0.0145]","[2.8816, 4.8758, 5.0770]",[4.7700],[1],"[0, 2]"
125,monoprotic,1,8,9.59,6.95,2.6399999999999997,0.20412958292123803,0.2208517273229974,0.09846084001646371,0.09846084001646371,0.09846084001646371,1.0,1.0,1.0,1.0,0.10338439126347954,0.22619557096475448,0.0,5.726201685294509,"[2.8567, 4.8685, 5.1072]","[0.2209, 0.1972, 0.1943]","[0.0273, 0.1403, 0.0137]","[2.8799, 4.8734, 5.0771]",[4.7700],[1],"[0, 2]"
125,monoprotic,1,9,7.11,6.95,0.16000000000000014,0.19784290796960446,0.21537497527692512,0.09731887701969288,0.09731887701969288,0.09731887701969288,1.0,1.0,1.0,1.0,0.10320308743872175,0.2308498542951376,0.0,3.2605913892760876,"[2.8519, 4.8673, 5.1069]","[0.2154, 0.1992, 0.1790]","[0.0283, 0.1403, 0.0138]","[2.8792, 4.8732, 5.0771]",[4.7700],[1],"[0, 2]"
125,monoprotic,1,10,6.77,6.95,0.1800000000000006,0.1984002165075606,0.21810942794433882,0.10520349570937437,0.10520349570937437,0.10520349570937437,1.0,1.0,1.0,1.0,0.1044689856866432,0.22755555980491682,0.0,2.9335777968913312,"[2.8671, 4.8752, 5.1038]","[0.2181, 0.2054, 0.1717]","[0.0281, 0.1397, 0.0130]","[2.8816, 4.8745, 5.0767]",[4.7700],[1],"[0, 2]"
125,monoprotic,1,11,6.91,6.95,0.040000000000000036,0.1991920612131534,0.21358315826520471,0.09425771300144703,0.09425771300144703,0.09425771300144703,1.0,1.0,1.0,1.0,0.10272659866013889,0.23229000299197625,1.0,3.065582057312131,"[2.8753, 4.8643, 5.0959]","[0.2136, 0.2071, 0.1769]","[0.0290, 0.1398, 0.0132]","[2.8828, 4.8727, 5.0753]",[4.7700],[1],"[0, 2]"
121,monoprotic,1,0,1.63,8.07,6.44,0.20000000000000004,0.2,0.7788557134501084,0.7788557134501084,0.7788557134501084,0.0,1.0,0.0,1.0,0.7788557134501084,0.3490026319340132,0.0,,"[3.7611, 3.5282, 3.4142]","[0.2000, 0.2000, 0.2000]","[0.3144, 0.0453, 0.1232]","[3.7611, 3.5282, 3.4142]",[4.5400],[0],"[1, 2]"
121,monoprotic,1,1,5.34,8.07,2.7300000000000004,0.2036280526478179,0.20657553132481987,0.7815502130217791,0.7815502130217791,0.7815502130217791,0.0,1.0,0.0,1.0,0.7792848467773332,0.3493259828411307,0.0,1.978301241211593,"[3.7584, 3.5294, 3.4033]","[0.2066, 0.2014, 0.2029]","[0.3144, 0.0453, 0.1235]","[3.7607, 3.5284, 3.4124]",[4.5400],[0],"[1, 2]"
121,monoprotic,1,2,12.11,8.07,4.039999999999999,0.20363409398868784,0.2053483625219996,0.765470919293286,0.765470919293286,0.765470919293286,0.0,1.0,0.0,1.0,0.7767208651697977,0.35068812133558047,0.0,8.605363673195242,"[3.7745, 3.5343, 3.3862]","[0.2053, 0.2046, 0.2010]","[0.3139, 0.0458, 0.1237]","[3.7633, 3.5292, 3.4097]",[4.5400],[0],"[1, 2]"
121,monoprotic,1,3,11.5,8.07,3.4299999999999997,0.2072926868426389,0.2202927950489105,0.7715640160636239,0.7715640160636239,0.7715640160636239,0.0,1.0,0.0,1.0,0.7777135377606665,0.35022868995618883,0.0,8.06223424198106,"[3.7684, 3.5419, 3.3849]","[0.2203, 0.2003, 0.2013]","[0.3142, 0.0457, 0.1237]","[3.7623, 3.5304, 3.4095]",[4.5400],[0],"[1, 2]"
121,monoprotic,1,4,5.34,8.07,2.7300000000000004,0.20262880073237988,0.21224576970472514,0.7718769572720126,0.7718769572720126,0.7718769572720126,0.0,1.0,0.0,1.0,0.7777518348308892,0.35056548768967344,0.0,1.9763961396273224,"[3.7681, 3.5399, 3.3889]","[0.2122, 0.1932, 0.2025]","[0.3140, 0.0453, 0.1242]","[3.7622, 3.5301, 3.4101]",[4.5400],[0],"[1, 2]"
121,monoprotic,1,5,6.06,8.07,2.0100000000000007,0.19656383728491075,0.2119481781783496,0.7651388461718351,0.7651388461718351,0.7651388461718351,0.0,1.0,0.0,1.0,0.7766852399722177,0.35144033528742014,0.0,2.657930703312158,"[3.7749, 3.5497, 3.3801]","[0.2119, 0.1867, 0.1910]","[0.3139, 0.0454, 0.1247]","[3.7633, 3.5317, 3.4086]",[4.5400],[0],"[1, 2]"
121,monoprotic,1,6,11.42,8.07,3.3499999999999996,0.19717144313910925,0.22143843800275426,0.762834063586872,0.762834063586872,0.762834063586872,0.0,1.0,0.0,1.0,0.7763495705696601,0.35138480634396996,0.0,7.981323472298682,"[3.7772, 3.5561, 3.3735]","[0.2214, 0.1784, 0.1916]","[0.3147, 0.0452, 0.1253]","[3.7637, 3.5328, 3.4076]",[4.5400],[0],"[1, 2]"
121,monoprotic,1,7,10.91,8.07,2.84,0.20091608288076893,0.22420971158989944,0.7644356976923312,0.7644356976923312,0.7644356976923312,0.0,1.0,0.0,1.0,0.7766077101232409,0.3513892506080171,0.0,7.488661523759365,"[3.7756, 3.5523, 3.3659]","[0.2242, 0.1823, 0.1962]","[0.3149, 0.0448, 0.1259]","[3.7634, 3.5322, 3.4064]",[4.5400],[0],"[1, 2]"
121,monoprotic,1,8,6.06,8.07,2.0100000000000007,0.19802379930238181,0.21845208996857882,0.7804424237347312,0.7804424237347312,0.7804424237347312,0.0,1.0,0.0,1.0,0.7791048135652971,0.3518231422928558,0.0,2.6573589611239727,"[3.7596, 3.5452, 3.3513]","[0.2185, 0.1829, 0.1927]","[0.3147, 0.0448, 0.1261]","[3.7609, 3.5310, 3.4040]",[4.5400],[0],"[1, 2]"
121,monoprotic,1,9,7.1,8.07,0.9700000000000006,0.20078015391498147,0.22607558950457216,0.7805761842428205,0.7805761842428205,0.7805761842428205,0.0,1.0,0.0,1.0,0.7791233150820944,0.35163509416247757,0.0,3.690296358801424,"[3.7594, 3.5627, 3.3416]","[0.2261, 0.1815, 0.1947]","[0.3148, 0.0450, 0.1257]","[3.7609, 3.5339, 3.4025]",[4.5400],[0],"[1, 2]"
121,monoprotic,1,10,10.88,8.07,2.8100000000000005,0.20398904481379956,0.2295522113364016,0.7685144762922413,0.7685144762922413,0.7685144762922413,0.0,1.0,0.0,1.0,0.7772540696662276,0.3513282239074104,0.0,7.460738067161293,"[3.7715, 3.5633, 3.3467]","[0.2296, 0.1835, 0.1989]","[0.3153, 0.0451, 0.1257]","[3.7627, 3.5340, 3.4033]",[4.5400],[0],"[1, 2]"
121,monoprotic,1,11,10.54,8.07,2.469999999999999,0.20404616414951457,0.2269753349003432,0.7780014446677535,0.7780014446677535,0.7780014446677535,0.0,1.0,0.0,1.0,0.7787229867787611,0.34980144149793624,0.0,7.124040260408073,"[3.7620, 3.5679, 3.3419]","[0.2270, 0.1766, 0.2086]","[0.3157, 0.0449, 0.1250]","[3.7613, 3.5348, 3.4027]",[4.5400],[0],"[1, 2]"
121,monoprotic,1,12,7.28,8.07,0.79,0.2014650562167183,0.22499022381589653,0.764584993036507,0.764584993036507,0.764584993036507,0.0,1.0,0.0,1.0,0.7766331034607079,0.34729908052636954,0.0,3.8687088836170735,"[3.7754, 3.5665, 3.3491]","[0.2250, 0.1704, 0.2090]","[0.3155, 0.0442, 0.1237]","[3.7634, 3.5346, 3.4038]",[4.5400],[0],"[1, 2]"
121,monoprotic,1,13,10.16,8.07,2.09,0.1994804606318803,0.22165567720976684,0.7621179130547997,0.7621179130547997,0.7621179130547997,0.0,1.0,0.0,1.0,0.7762382413393327,0.3486097577677477,0.0,6.7455609686113895,"[3.7779, 3.5688, 3.3362]","[0.2217, 0.1732, 0.2036]","[0.3169, 0.0446, 0.1250]","[3.7638, 3.5350, 3.4017]",[4.5400],[0],"[1, 2]"
121,monoprotic,1,14,9.76,8.07,1.6899999999999995,0.20397544500935183,0.23404053020627277,0.7611254165722676,0.7611254165722676,0.7611254165722676,0.0,1.0,0.0,1.0,0.7761247475144217,0.34717756064925304,0.0,6.346731589399278,"[3.7789, 3.5771, 3.3279]","[0.2340, 0.1724, 0.2055]","[0.3177, 0.0435, 0.1254]","[3.7639, 3.5363, 3.4004]",[4.5400],[0],"[1, 2]"
121,monoprotic,1,15,7.58,8.07,0.4900000000000002,0.2021902283896031,0.22948359975256258,0.7611406844540811,0.7611406844540811,0.7611406844540811,0.0,1.0,0.0,1.0,0.7761117910747881,0.3455308577964349,0.0,4.167414250243455,"[3.7789, 3.5806, 3.3267]","[0.2295, 0.1730, 0.2040]","[0.3182, 0.0421, 0.1260]","[3.7639, 3.5369, 3.4002]",[4.5400],[0],"[1, 2]"
121,monoprotic,1,16,8.52,8.07,0.4499999999999993,0.2038667880661081,0.23286809403837172,0.7450064742753781,0.7450064742753781,0.7450064742753781,0.0,1.0,0.0,1.0,0.7736344557707793,0.3438252995503515,0.0,5.10694380428642,"[3.7950, 3.5838, 3.3243]","[0.2329, 0.1755, 0.2032]","[0.3185, 0.0418, 0.1252]","[3.7664, 3.5374, 3.3998]",[4.5400],[0],"[1, 2]"
121,monoprotic,1,17,7.58,8.07,0.4900000000000002,0.1991690219117452,0.2272225788011428,0.7492457601636389,0.7492457601636389,0.7492457601636389,0.0,1.0,0.0,1.0,0.7742566432586941,0.339638202283402,0.0,4.166246075807139,"[3.7908, 3.5857, 3.3092]","[0.2272, 0.1721, 0.1981]","[0.3187, 0.0403, 0.1236]","[3.7657, 3.5378, 3.3973]",[4.5400],[0],"[1, 2]"
121,monoprotic,1,18,8.52,8.07,0.4499999999999993,0.19716179018711869,0.22713307876800706,0.7631447288530033,0.7631447288530033,0.7631447288530033,0.0,1.0,0.0,1.0,0.7764151884025106,0.3419228254118767,0.0,5.106667744675651,"[3.7769, 3.5895, 3.3197]","[0.2271, 0.1625, 0.2018]","[0.3161, 0.0404, 0.1238]","[3.7636, 3.5385, 3.3990]",[4.5400],[0],"[1, 2]"
121,monoprotic,1,19,8.34,8.07,0.2699999999999996,0.20508409785885717,0.2349399432232577,0.7608467987548488,0.7608467987548488,0.7608467987548488,0.0,1.0,0.0,1.0,0.7760849002065462,0.34089224328662027,0.0,4.926779155535623,"[3.7792, 3.5675, 3.3256]","[0.2349, 0.1700, 0.2103]","[0.3150, 0.0405, 0.1225]","[3.7639, 3.5348, 3.4001]",[4.5400],[0],"[1, 2]"
121,monoprotic,1,20,8.18,8.07,0.10999999999999943,0.20730480698514808,0.24343991353070288,0.7715785497993122,0.7715785497993122,0.7715785497993122,0.0,1.0,0.0,1.0,0.7777477540028457,0.3452282140217299,0.0,4.767803260888904,"[3.7684, 3.5722, 3.3196]","[0.2434, 0.1637, 0.2148]","[0.3138, 0.0419, 0.1236]","[3.7623, 3.5356, 3.3993]",[4.5400],[0],"[1, 2]"
121,monoprotic,1,21,8.05,8.07,0.019999999999999574,0.20777706101977544,0.24045128097282253,0.7907689609921058,0.7907689609921058,0.7907689609921058,0.0,1.0,0.0,1.0,0.7806762436214134,0.3472493519245652,1.0,4.638353316765279,"[3.7492, 3.5517, 3.3237]","[0.2405, 0.1632, 0.2197]","[0.3148, 0.0435, 0.1239]","[3.7593, 3.5322, 3.4000]",[4.5400],[0],"[1, 2]"
124,triprotic,3,0,2.75,4.67,1.92,0.20000000000000004,0.2,0.6233639219679862,0.7516505092290715,1.2151709050364676,0.6666666666666666,0.6666666666666666,0.0,0.0,0.6233639219679862,0.0,0.0,,"[5.8037, 2.1182, 4.8839]","[0.2000, 0.2000, 0.2000]","[0.3245, 0.2458, 0.1531]","[5.8037, 2.1182, 4.8839]","[2.4894, 4.6002, 7.0189]","[0, 1, 2]",[]
124,triprotic,3,1,2.48,4.67,2.19,0.20447105954531378,0.20899427198874543,0.6181239301270703,0.7457977580652626,1.2062503303625824,0.6666666666666666,0.6666666666666666,0.0,0.0,0.6225251638720538,0.0,0.0,1.1941544124670327,"[5.8127, 2.1231, 4.8820]","[0.1997, 0.2047, 0.2090]","[0.3246, 0.2457, 0.1531]","[5.8052, 2.1189, 4.8836]","[2.4894, 4.6002, 7.0189]","[0, 1, 2]",[]
124,triprotic,3,2,2.19,4.67,2.48,0.21036659825652038,0.2206471896415877,0.6159775572678249,0.7448477536659442,1.2068406115439112,0.6666666666666666,0.6666666666666666,0.0,0.0,0.6222003579772362,0.0,0.0,1.3142607034556568,"[5.8121, 2.1340, 4.8859]","[0.2039, 0.2206, 0.2065]","[0.3247, 0.2458, 0.1530]","[5.8051, 2.1206, 4.8842]","[2.4894, 4.6002, 7.0189]","[0, 1, 2]",[]
124,triprotic,3,3,2.35,4.67,2.32,0.2050860268725044,0.21527896940031663,0.6062696589884314,0.742212466490314,1.2105132464925479,0.6666666666666666,0.6666666666666666,0.0,0.0,0.6206556794230534,0.0,0.0,1.25256975190714,"[5.8084, 2.1515, 4.8706]","[0.1940, 0.2153, 0.2060]","[0.3246, 0.2457, 0.1525]","[5.8045, 2.1234, 4.8818]","[2.4894, 4.6002, 7.0189]","[0, 1, 2]",[]
124,triprotic,3,4,2.5,4.67,2.17,0.2001720665226522,0.20487601536693145,0.6127613054022957,0.7478276955866564,1.2169957599841172,0.6666666666666666,0.6666666666666666,0.0,0.0,0.6216726097225433,0.0,0.0,1.1774671245366335,"[5.8019, 2.1360, 4.8681]","[0.1915, 0.2042, 0.2049]","[0.3248, 0.2463, 0.1526]","[5.8034, 2.1210, 4.8814]","[2.4894, 4.6002, 7.0189]","[0, 1, 2]",[]
124,triprotic,3,5,2.67,4.67,2.0,0.19746757398885148,0.20754951219687184,0.6155592878356667,0.755450630986187,1.2333991554602592,0.6666666666666666,0.6666666666666666,0.0,0.0,0.622137260332722,0.0,0.0,1.067103029852733,"[5.7855, 2.1454, 4.8695]","[0.1843, 0.2005, 0.2075]","[0.3247, 0.2461, 0.1523]","[5.8008, 2.1225, 4.8816]","[2.4894, 4.6002, 7.0189]","[0, 1, 2]",[]
124,triprotic,3,6,2.85,4.67,1.8199999999999998,0.19384442610113906,0.2092315296659528,0.618104562504382,0.7553297300649017,1.2312238615866073,0.6666666666666666,0.6666666666666666,0.0,0.0,0.6225660710024578,0.0,0.0,0.940225489065051,"[5.7877, 2.1501, 4.8841]","[0.1734, 0.2092, 0.1989]","[0.3244, 0.2460, 0.1526]","[5.8011, 2.1232, 4.8839]","[2.4894, 4.6002, 7.0189]","[0, 1, 2]",[]
124,triprotic,3,7,3.06,4.67,1.6099999999999999,0.1985556585405024,0.20994701637057347,0.6200919425820183,0.7593545628710269,1.2393872284911716,0.6666666666666666,0.6666666666666666,0.0,0.0,0.6228897803011971,0.0,0.0,0.7796693053655326,"[5.7795, 2.1563, 4.8880]","[0.1822, 0.2099, 0.2036]","[0.3242, 0.2467, 0.1523]","[5.7998, 2.1242, 4.8846]","[2.4894, 4.6002, 7.0189]","[0, 1, 2]",[]
124,triprotic,3,8,3.32,4.67,1.35,0.19663413319284462,0.2092957065462381,0.6139100644534993,0.7590039264293028,1.244620543160491,0.6666666666666666,0.6666666666666666,0.0,0.0,0.6219006922581585,0.0,0.0,0.5653013196494432,"[5.7743, 2.1695, 4.8774]","[0.1862, 0.2093, 0.1944]","[0.3244, 0.2465, 0.1523]","[5.7989, 2.1263, 4.8829]","[2.4894, 4.6002, 7.0189]","[0, 1, 2]",[]
124,triprotic,3,9,3.63,4.67,1.04,0.19343251162541372,0.20194669527384962,0.6126565911620133,0.7574409099676513,1.2416183240783596,0.6666666666666666,0.6666666666666666,0.0,0.0,0.6216516144287118,0.0,0.0,0.29963915853761147,"[5.7773, 2.1619, 4.8691]","[0.1855, 0.1929, 0.2019]","[0.3246, 0.2467, 0.1517]","[5.7994, 2.1252, 4.8815]","[2.4894, 4.6002, 7.0189]","[0, 1, 2]",[]
124,triprotic,3,10,3.92,4.67,0.75,0.1773394284472797,0.21455442660200716,0.7984333879751567,0.9685641753190044,1.540284984341321,0.3333333333333333,0.6666666666666666,0.0,0.0,0.6530474300867993,0.0,0.0,0.05225509677082307,"[5.4786, 1.8665, 4.8324]","[0.1596, 0.1579, 0.2146]","[0.3246, 0.2462, 0.1507]","[5.7490, 2.0757, 4.8758]","[2.4894, 4.6002, 7.0189]","[0, 1, 2]",[]
124,triprotic,3,11,4.17,4.67,0.5,0.18025192146327726,0.21438495470135008,0.7949859828767497,0.960936217365772,1.5251950297754417,0.3333333333333333,0.6666666666666666,0.0,0.0,0.6522869185322867,0.0,0.0,0.20002994228154414,"[5.4937, 1.8667, 4.8373]","[0.1640, 0.1624, 0.2144]","[0.3256, 0.2461, 0.1503]","[5.7518, 2.0760, 4.8765]","[2.4894, 4.6002, 7.0189]","[0, 1, 2]",[]
124,triprotic,3,12,4.38,4.67,0.29000000000000004,0.17963541081565557,0.20577942324649942,0.7973408735845925,0.9643806297589684,1.5326562685762086,0.3333333333333333,0.6666666666666666,0.0,0.0,0.65253287293462,0.0,0.0,0.3642088450677692,"[5.4863, 1.8702, 4.8404]","[0.1651, 0.1680, 0.2058]","[0.3259, 0.2459, 0.1507]","[5.7506, 2.0768, 4.8770]","[2.4894, 4.6002, 7.0189]","[0, 1, 2]",[]
124,triprotic,3,13,4.5,4.67,0.16999999999999993,0.17840555003609793,0.20313286191109822,0.8079801917437647,0.9677549932149654,1.5282933508426337,0.3333333333333333,0.6666666666666666,0.0,0.0,0.6542724606944749,0.0,0.0,0.4557457531336695,"[5.4906, 1.8507, 4.8572]","[0.1672, 0.1648, 0.2031]","[0.3280, 0.2456, 0.1510]","[5.7515, 2.0734, 4.8796]","[2.4894, 4.6002, 7.0189]","[0, 1, 2]",[]
124,triprotic,3,14,4.69,4.67,0.020000000000000462,0.1785189300930616,0.20470601971555252,0.7984846364239435,0.9620655691047078,1.5267542942158423,0.3333333333333333,0.6666666666666666,0.0,0.0,0.6527329221994549,0.0,1.0,0.5986013427004222,"[5.4922, 1.8701, 4.8496]","[0.1655, 0.1654, 0.2047]","[0.3276, 0.2454, 0.1507]","[5.7516, 2.0767, 4.8784]","[2.4894, 4.6002, 7.0189]","[0, 1, 2]",[]
127,diprotic,2,0,1.86,10.64,8.780000000000001,0.20000000000000004,0.2,0.9210650227132935,1.2332489992115947,1.741151797384462,0.5,0.5,0.0,0.0,0.9210650227132935,0.7023219985451831,0.0,,"[2.0931, 2.9730, 5.0388]","[0.2000, 0.2000, 0.2000]","[0.4905, 0.0470, 0.1608]","[2.0931, 2.9730, 5.0388]","[2.8720, 6.7799]","[1, 2]",[0]
127,diprotic,2,1,3.82,10.64,6.82,0.2026393986746672,0.20667717442501324,0.918468325546822,1.2355941705340212,1.7449723420070402,0.5,0.5,0.0,0.0,0.9206483296152108,0.702391658359768,0.0,1.3314812566898762,"[2.0869, 2.9640, 5.0350]","[0.1982, 0.2030, 0.2067]","[0.4900, 0.0470, 0.1607]","[2.0921, 2.9716, 5.0382]","[2.8720, 6.7799]","[1, 2]",[0]
127,diprotic,2,2,7.11,10.64,3.5300000000000002,0.21134174393886795,0.22160992979467284,0.9179923344091412,1.2364297158240465,1.7462727918260645,0.5,0.5,0.0,0.0,0.9205895206791186,0.7024927479262597,0.0,3.7679160327091816,"[2.0784, 2.9618, 5.0337]","[0.2011, 0.2216, 0.2113]","[0.4901, 0.0467, 0.1608]","[2.0908, 2.9713, 5.0380]","[2.8720, 6.7799]","[1, 2]",[0]
127,diprotic,2,3,11.82,10.64,1.1799999999999997,0.21757632012412076,0.2311074583412929,0.9206029115843164,1.2425742361910377,1.7551572906562978,0.5,0.5,0.0,0.0,0.9209964120355509,0.7031264795629941,0.0,7.284901261031628,"[2.0720, 2.9581, 5.0248]","[0.1926, 0.2311, 0.2290]","[0.4902, 0.0466, 0.1603]","[2.0897, 2.9707, 5.0366]","[2.8720, 6.7799]","[1, 2]",[0]
127,diprotic,2,4,10.51,10.64,0.13000000000000078,0.21849469145518408,0.23690983153819484,0.9098299336519982,1.2460928436388947,1.7612739228837428,0.5,0.5,0.0,0.0,0.9193508904459404,0.7023175646689611,0.0,6.463194573521614,"[2.0859, 2.9304, 5.0187]","[0.1871, 0.2369, 0.2315]","[0.4894, 0.0467, 0.1607]","[2.0920, 2.9665, 5.0357]","[2.8720, 6.7799]","[1, 2]",[0]
127,diprotic,2,5,11.0,10.64,0.35999999999999943,0.219587868976422,0.23745782435981033,0.9102856783462436,1.246803415561042,1.7622825919864278,0.5,0.5,0.0,0.0,0.9194363402091246,0.7020794653790803,0.0,6.8924418818205595,"[2.0888, 2.9303, 5.0177]","[0.1962, 0.2375, 0.2251]","[0.4890, 0.0474, 0.1601]","[2.0924, 2.9665, 5.0355]","[2.8720, 6.7799]","[1, 2]",[0]
127,diprotic,2,6,10.82,10.64,0.17999999999999972,0.22159778509321612,0.23819985602539526,0.9102617651051228,1.247760874784935,1.7636847081010165,0.5,0.5,0.0,0.0,0.9193641807657611,0.7016167420111437,0.0,6.74400386556983,"[2.0966, 2.9289, 5.0163]","[0.1992, 0.2274, 0.2382]","[0.4892, 0.0474, 0.1607]","[2.0937, 2.9662, 5.0353]","[2.8720, 6.7799]","[1, 2]",[0]
127,diprotic,2,7,10.51,10.64,0.13000000000000078,0.22215335759294494,0.23423436895318367,0.9088952815607902,1.247844038056555,1.7638947613675446,0.5,0.5,0.0,0.0,0.9191719690861515,0.701933471719757,0.0,6.4657547383010385,"[2.0953, 2.9259, 5.0161]","[0.2023, 0.2300, 0.2342]","[0.4893, 0.0472, 0.1606]","[2.0935, 2.9657, 5.0353]","[2.8720, 6.7799]","[1, 2]",[0]
127,diprotic,2,8,10.68,10.64,0.03999999999999915,0.22371600684331808,0.233622366333282,0.9111553250230622,1.2541513054881175,1.7729508174339168,0.5,0.5,0.0,0.0,0.9195383419534737,0.7024088755398116,1.0,6.621384103149175,"[2.1117, 2.9214, 5.0070]","[0.2041, 0.2336, 0.2335]","[0.4895, 0.0468, 0.1606]","[2.0961, 2.9651, 5.0339]","[2.8720, 6.7799]","[1, 2]",[0]
126,triprotic,3,0,2.94,5.58,2.64,0.20000000000000004,0.2,1.1066010651299385,1.3473726179646885,2.1462304081407066,0.3333333333333333,0.6666666666666666,0.0,0.0,1.1066010651299385,0.0,0.0,,"[2.5361, 3.5713, 5.9953]","[0.2000, 0.2000, 0.2000]","[0.2239, 0.4379, 0.1324]","[2.5361, 3.5713, 5.9953]","[2.8478, 5.7175, 6.8571]","[0, 1, 2]",[]
126,triprotic,3,1,3.02,5.58,2.56,0.20161510258414095,0.20663570981350518,1.1071569001897956,1.3465210453869598,2.14826544988442,0.3333333333333333,0.6666666666666666,0.0,0.0,1.1066873500309011,0.0,0.0,0.41387978101149203,"[2.5221, 3.5692, 6.0096]","[0.2002, 0.2066, 0.1980]","[0.2238, 0.4375, 0.1320]","[2.5339, 3.5710, 5.9976]","[2.8478, 5.7175, 6.8571]","[0, 1, 2]",[]
126,triprotic,3,2,4.95,5.58,0.6299999999999999,0.20177402790821566,0.2108443773789369,1.1018400158857065,1.3395497467164572,2.1354282540691027,0.3333333333333333,0.6666666666666666,0.0,0.0,1.105852484897046,0.0,0.0,1.7222283015027644,"[2.5260, 3.5821, 6.0088]","[0.1914, 0.2108, 0.2031]","[0.2243, 0.4372, 0.1317]","[2.5345, 3.5730, 5.9974]","[2.8478, 5.7175, 6.8571]","[0, 1, 2]",[]
126,triprotic,3,3,5.23,5.58,0.34999999999999964,0.20450027054791156,0.20842335864811026,1.0999237217442295,1.3376729571891088,2.134734392508303,0.3333333333333333,0.6666666666666666,0.0,0.0,1.1055491193053129,0.0,0.0,1.8749971776455645,"[2.5226, 3.5828, 6.0173]","[0.1971, 0.2084, 0.2080]","[0.2243, 0.4373, 0.1319]","[2.5339, 3.5731, 5.9988]","[2.8478, 5.7175, 6.8571]","[0, 1, 2]",[]
126,triprotic,3,4,5.39,5.58,0.1900000000000004,0.20987028665023558,0.2236311804394926,1.0982680347030287,1.3374755425781406,2.136247085722776,0.3333333333333333,0.6666666666666666,0.0,0.0,1.1052986709613155,0.0,0.0,1.936474079135805,"[2.5253, 3.5813, 6.0211]","[0.1956, 0.2236, 0.2104]","[0.2240, 0.4372, 0.1322]","[2.5344, 3.5728, 5.9993]","[2.8478, 5.7175, 6.8571]","[0, 1, 2]",[]
126,triprotic,3,5,5.47,5.58,0.11000000000000032,0.20160448424612662,0.2133413780089342,1.0970824228597056,1.3370303953121945,2.133645699144262,0.3333333333333333,0.6666666666666666,0.0,0.0,1.1050969928779566,0.0,0.0,1.9592175644636152,"[2.5341, 3.5839, 6.0133]","[0.1820, 0.2133, 0.2094]","[0.2246, 0.4373, 0.1316]","[2.5358, 3.5733, 5.9981]","[2.8478, 5.7175, 6.8571]","[0, 1, 2]",[]
126,triprotic,3,6,5.85,5.58,0.2699999999999996,0.20376204435946543,0.22281153866493045,1.1082369255749749,1.35254383532348,2.1609967023052765,0.3333333333333333,0.6666666666666666,0.0,0.0,1.1068573467356921,0.0,0.0,1.9686553500592705,"[2.5316, 3.5565, 6.0096]","[0.1787, 0.2228, 0.2098]","[0.2242, 0.4379, 0.1314]","[2.5354, 3.5690, 5.9975]","[2.8478, 5.7175, 6.8571]","[0, 1, 2]",[]
126,triprotic,3,7,5.77,5.58,0.1899999999999995,0.21414300215425106,0.22760081587751968,1.1032223207210177,1.3452340606504356,2.1503208883906084,0.3333333333333333,0.6666666666666666,0.0,0.0,1.106084845258182,0.0,0.0,1.9873293335363265,"[2.5261, 3.5672, 6.0195]","[0.1952, 0.2276, 0.2196]","[0.2238, 0.4385, 0.1314]","[2.5345, 3.5706, 5.9991]","[2.8478, 5.7175, 6.8571]","[0, 1, 2]",[]
126,triprotic,3,8,5.7,5.58,0.1200000000000001,0.20820496893682086,0.22577204608146298,1.093637218285709,1.3295176994907303,2.1219628244587265,0.3333333333333333,0.6666666666666666,0.0,0.0,1.104592303107233,0.0,0.0,1.985948761738837,"[2.5219, 3.5956, 6.0241]","[0.1875, 0.2258, 0.2114]","[0.2242, 0.4384, 0.1311]","[2.5338, 3.5751, 5.9998]","[2.8478, 5.7175, 6.8571]","[0, 1, 2]",[]
126,triprotic,3,9,5.66,5.58,0.08000000000000007,0.20933662235461326,0.23029392049635697,1.0968205994570601,1.3299882721225194,2.1171119419203674,0.3333333333333333,0.6666666666666666,0.0,0.0,1.1051001839093335,0.0,1.0,1.98574259955436,"[2.5220, 3.6004, 6.0096]","[0.1917, 0.2303, 0.2060]","[0.2238, 0.4391, 0.1314]","[2.5338, 3.5758, 5.9975]","[2.8478, 5.7175, 6.8571]","[0, 1, 2]",[]
130,triprotic,3,0,2.15,3.4,1.25,0.20000000000000004,0.2,0.8881920653996364,1.0778232156481427,1.7331817934328058,0.3333333333333333,0.6666666666666666,0.0,0.0,0.8881920653996364,0.0,0.0,,"[2.8936, 4.4314, 5.1962]","[0.2000, 0.2000, 0.2000]","[0.1088, 0.2300, 0.4682]","[2.8936, 4.4314, 5.1962]","[3.5133, 4.7431, 6.9294]","[0, 1, 2]",[]
130,triprotic,3,1,3.46,3.4,0.06000000000000005,0.20281561207427665,0.2049117581959658,0.8902100047193323,1.0822132364718364,1.7403352356805275,0.3333333333333333,0.6666666666666666,0.0,0.0,0.8885121424670585,0.0,1.0,0.5645955815352499,"[2.8868, 4.4393, 5.1891]","[0.2049, 0.1999, 0.2036]","[0.1088, 0.2301, 0.4681]","[2.8925, 4.4327, 5.1951]","[3.5133, 4.7431, 6.9294]","[0, 1, 2]",[]
128,monoprotic,1,0,2.5,7.41,4.91,0.20000000000000004,0.2,0.1009587577492086,0.1009587577492086,0.1009587577492086,1.0,1.0,1.0,1.0,0.1009587577492086,0.5408027984341526,0.0,,"[5.5961, 5.3590, 2.7133]","[0.2000, 0.2000, 0.2000]","[0.1309, 0.3626, 0.2961]","[5.5961, 5.3590, 2.7133]",[5.4600],[1],"[0, 2]"
128,monoprotic,1,1,6.08,7.41,1.33,0.20121505649708718,0.20609180215571163,0.09494693982476932,0.09494693982476932,0.09494693982476932,1.0,1.0,1.0,1.0,0.09998949537189006,0.5409742326220766,0.0,1.6724257189035416,"[5.5787, 5.3651, 2.7023]","[0.2012, 0.1964, 0.2061]","[0.1308, 0.3623, 0.2963]","[5.5933, 5.3600, 2.7115]",[5.4600],[1],"[0, 2]"
128,monoprotic,1,2,11.22,7.41,3.8100000000000005,0.20103134149421611,0.2117353551359285,0.08891101819004188,0.08891101819004188,0.08891101819004188,1.0,1.0,1.0,1.0,0.09901222454778758,0.5412772574885165,0.0,6.758918650359847,"[5.5790, 5.3711, 2.6911]","[0.1968, 0.1946, 0.2117]","[0.1307, 0.3619, 0.2963]","[5.5933, 5.3610, 2.7098]",[5.4600],[1],"[0, 2]"
128,monoprotic,1,3,6.52,7.41,0.8900000000000006,0.20042102309496734,0.21195471102886657,0.08553281464983886,0.08553281464983886,0.08553281464983886,1.0,1.0,1.0,1.0,0.09846377304816034,0.5411675598469439,0.0,2.0854992291238155,"[5.5713, 5.3745, 2.6888]","[0.1956, 0.1937, 0.2120]","[0.1308, 0.3616, 0.2957]","[5.5921, 5.3615, 2.7094]",[5.4600],[1],"[0, 2]"
128,monoprotic,1,4,7.08,7.41,0.33000000000000007,0.19571254719435546,0.20682137637401826,0.08909882014883319,0.08909882014883319,0.08909882014883319,1.0,1.0,1.0,1.0,0.09903827070055637,0.5410404868746327,0.0,2.632575355861336,"[5.5824, 5.3709, 2.6834]","[0.1876, 0.1927, 0.2068]","[0.1303, 0.3612, 0.2955]","[5.5938, 5.3610, 2.7085]",[5.4600],[1],"[0, 2]"
128,monoprotic,1,5,11.16,7.41,3.75,0.19375225544481492,0.21223278016954855,0.09939235601077723,0.09939235601077723,0.09939235601077723,1.0,1.0,1.0,1.0,0.10070526760974907,0.5402334553304534,0.0,6.699601831929758,"[5.5732, 5.3606, 2.6864]","[0.1758, 0.1932, 0.2122]","[0.1300, 0.3614, 0.2946]","[5.5923, 5.3593, 2.7090]",[5.4600],[1],"[0, 2]"
128,monoprotic,1,6,10.3,7.41,2.8900000000000006,0.19487382236570538,0.20855881060830464,0.09580459227824445,0.09580459227824445,0.09580459227824445,1.0,1.0,1.0,1.0,0.10012815694759514,0.5413650035379046,0.0,5.846892558573746,"[5.5644, 5.3642, 2.7050]","[0.1793, 0.1967, 0.2086]","[0.1303, 0.3608, 0.2956]","[5.5909, 5.3599, 2.7120]",[5.4600],[1],"[0, 2]"
128,monoprotic,1,7,7.08,7.41,0.33000000000000007,0.1920437803151763,0.20936927555726206,0.08793070120624691,0.08793070120624691,0.08793070120624691,1.0,1.0,1.0,1.0,0.0988464435300056,0.54176905728878,0.0,2.6326797340717167,"[5.5724, 5.3721, 2.6963]","[0.1751, 0.1916, 0.2094]","[0.1298, 0.3603, 0.2963]","[5.5921, 5.3612, 2.7106]",[5.4600],[1],"[0, 2]"
128,monoprotic,1,8,7.46,7.41,0.04999999999999982,0.18942919927802157,0.21148953684626692,0.08322231717188355,0.08322231717188355,0.08322231717188355,1.0,1.0,1.0,1.0,0.09805016266340782,0.5408431228646527,1.0,3.009132182030007,"[5.5778, 5.3768, 2.7085]","[0.1748, 0.1820, 0.2115]","[0.1291, 0.3610, 0.2961]","[5.5930, 5.3619, 2.7125]",[5.4600],[1],"[0, 2]"
131,monoprotic,1,0,3.18,3.78,0.5999999999999996,0.20000000000000004,0.2,1.0833837379163502,1.0833837379163502,1.0833837379163502,0.0,0.0,0.0,0.0,1.0833837379163502,0.8199372780225306,0.0,,"[2.8866, 5.3697, 2.0103]","[0.2000, 0.2000, 0.2000]","[0.2114, 0.4649, 0.4979]","[2.8866, 5.3697, 2.0103]",[3.9700],[0],"[1, 2]"
131,monoprotic,1,1,3.26,3.78,0.52,0.20232508444844335,0.2102056217745291,1.0798772497038067,1.0798772497038067,1.0798772497038067,0.0,0.0,0.0,0.0,1.0828277234114556,0.8198630677317436,0.0,0.9440948392637072,"[2.8901, 5.3752, 2.0174]","[0.2102, 0.1973, 0.1994]","[0.2114, 0.4647, 0.4975]","[2.8872, 5.3706, 2.0114]",[3.9700],[0],"[1, 2]"
131,monoprotic,1,2,3.59,3.78,0.18999999999999995,0.19597541827297624,0.2022049910323482,1.0776377943506619,1.0776377943506619,1.0776377943506619,0.0,0.0,0.0,0.0,1.0824638048657862,0.8196191435860095,0.0,1.028601545523852,"[2.8924, 5.3779, 2.0141]","[0.2022, 0.1939, 0.1918]","[0.2118, 0.4650, 0.4973]","[2.8875, 5.3711, 2.0109]",[3.9700],[0],"[1, 2]"
131,monoprotic,1,3,3.68,3.78,0.09999999999999964,0.2030902854028466,0.2068821671621905,1.0889482870210938,1.0889482870210938,1.0889482870210938,0.0,0.0,0.0,0.0,1.0842696360554838,0.8196214116182545,1.0,1.0444276834093036,"[2.8811, 5.3764, 2.0219]","[0.2069, 0.1992, 0.2032]","[0.2118, 0.4653, 0.4972]","[2.8857, 5.3708, 2.0122]",[3.9700],[0],"[1, 2]"
134,diprotic,2,0,2.1,5.17,3.07,0.20000000000000004,0.2,0.10313624236131624,0.11898527688965412,0.1624692991517387,1.0,1.0,1.0,1.0,0.10313624236131624,0.39742634752881423,0.0,,"[5.4185, 3.7141, 2.1887]","[0.2000, 0.2000, 0.2000]","[0.2307, 0.3726, 0.3342]","[5.4185, 3.7141, 2.1887]","[2.1449, 5.5810]","[0, 2]",[1]
134,diprotic,2,1,2.5,5.17,2.67,0.20527515292289503,0.21055129144007728,0.10778274633044482,0.12459924231040809,0.1702955512410771,1.0,1.0,1.0,1.0,0.10387481980646052,0.3976470329399503,0.0,1.0829467787407339,"[5.4107, 3.7192, 2.1902]","[0.2106, 0.2096, 0.1956]","[0.2309, 0.3729, 0.3339]","[5.4173, 3.7149, 2.1890]","[2.1449, 5.5810]","[0, 2]",[1]
134,diprotic,2,2,4.91,5.17,0.2599999999999998,0.20240600414666857,0.2189348994319371,0.11063303668435331,0.12064144469752076,0.15874425546649906,1.0,1.0,1.0,1.0,0.10436646061835364,0.39737425036602003,0.0,1.2007710691215472,"[5.4223, 3.7266, 2.2074]","[0.2026, 0.2189, 0.1857]","[0.2313, 0.3728, 0.3340]","[5.4191, 3.7161, 2.1918]","[2.1449, 5.5810]","[0, 2]",[1]
134,diprotic,2,3,5.04,5.17,0.1299999999999999,0.20024514406472074,0.21163853594598475,0.11799965784996269,0.12677810872959727,0.16435448068799463,1.0,1.0,1.0,1.0,0.10555628054895938,0.39749240452529966,0.0,1.3193206011410803,"[5.4167, 3.7197, 2.2166]","[0.2019, 0.2116, 0.1872]","[0.2314, 0.3730, 0.3341]","[5.4182, 3.7150, 2.1933]","[2.1449, 5.5810]","[0, 2]",[1]
134,diprotic,2,4,5.12,5.17,0.04999999999999982,0.20523075730600282,0.21498189266993778,0.11797744759599582,0.12618253321946735,0.16273628525311157,1.0,1.0,1.0,1.0,0.10553689773747954,0.3969661137264504,1.0,1.3926566286291928,"[5.4183, 3.7320, 2.2181]","[0.2072, 0.2150, 0.1935]","[0.2316, 0.3726, 0.3345]","[5.4185, 3.7169, 2.1935]","[2.1449, 5.5810]","[0, 2]",[1]
129,monoprotic,1,0,2.29,10.05,7.760000000000001,0.20000000000000004,0.2,0.7209886044637921,0.7209886044637921,0.7209886044637921,0.0,1.0,0.0,1.0,0.7209886044637921,0.6515440669243604,0.0,,"[2.3470, 5.6610, 4.2150]","[0.2000, 0.2000, 0.2000]","[0.3917, 0.3788, 0.3165]","[2.3470, 5.6610, 4.2150]",[4.9400],[1],"[0, 2]"
129,monoprotic,1,1,5.84,10.05,4.210000000000001,0.1998416456590856,0.2031596996694392,0.7180516709877809,0.7180516709877809,0.7180516709877809,0.0,1.0,0.0,1.0,0.7205165674551459,0.6514619757387667,0.0,2.5695003738254307,"[2.3358, 5.6581, 4.2210]","[0.2032, 0.1990, 0.1974]","[0.3917, 0.3788, 0.3163]","[2.3452, 5.6605, 4.2160]",[4.9400],[1],"[0, 2]"
129,monoprotic,1,2,12.3,10.05,2.25,0.19067450737732647,0.1945323803909446,0.7154536533223164,0.7154536533223164,0.7154536533223164,0.0,1.0,0.0,1.0,0.7200925019035331,0.6513250758469108,0.0,7.621719823870809,"[2.3373, 5.6555, 4.2069]","[0.1945, 0.1929, 0.1846]","[0.3914, 0.3789, 0.3163]","[2.3455, 5.6601, 4.2137]",[4.9400],[1],"[0, 2]"
129,monoprotic,1,3,11.84,10.05,1.7899999999999991,0.19508835632560548,0.2047414887603509,0.7105685757320268,0.7105685757320268,0.7105685757320268,0.0,1.0,0.0,1.0,0.719310059368917,0.6509954719387855,0.0,7.42971057832241,"[2.3414, 5.6506, 4.1946]","[0.2047, 0.1971, 0.1835]","[0.3909, 0.3792, 0.3164]","[2.3461, 5.6593, 4.2117]",[4.9400],[1],"[0, 2]"
129,monoprotic,1,4,5.84,10.05,4.210000000000001,0.19131809783658693,0.2039017474352626,0.7266625000257898,0.7266625000257898,0.7266625000257898,0.0,1.0,0.0,1.0,0.7219079555181382,0.6511059590191699,0.0,2.542223680913448,"[2.3293, 5.6667, 4.1864]","[0.2039, 0.1922, 0.1779]","[0.3912, 0.3790, 0.3160]","[2.3442, 5.6619, 4.2103]",[4.9400],[1],"[0, 2]"
129,monoprotic,1,5,11.1,10.05,1.049999999999999,0.18934803773890804,0.204504874145753,0.7318586054150487,0.7318586054150487,0.7318586054150487,0.0,1.0,0.0,1.0,0.7227439136926002,0.6511210165006206,0.0,7.020715942978859,"[2.3292, 5.6719, 4.1885]","[0.2045, 0.1950, 0.1685]","[0.3909, 0.3787, 0.3158]","[2.3442, 5.6627, 4.2106]",[4.9400],[1],"[0, 2]"
129,monoprotic,1,6,6.39,10.05,3.660000000000001,0.18586841350915395,0.203598126802323,0.7313922347895527,0.7313922347895527,0.7313922347895527,0.0,1.0,0.0,1.0,0.7238768377181577,0.7092486031811256,0.0,2.707747231572866,"[2.3404, 5.6788, 4.2086]","[0.2036, 0.1910, 0.1630]","[0.3916, 0.3788, 0.3158]","[2.3460, 5.6639, 4.2139]",[4.9400],[2],"[0, 1]"
129,monoprotic,1,7,9.91,10.05,0.14000000000000057,0.1886668443104573,0.22160466938403772,0.7289706218127119,0.7289706218127119,0.7289706218127119,0.0,1.0,0.0,1.0,0.7222859889762203,0.6511821444501017,0.0,6.00309346973896,"[2.3406, 5.6690, 4.2097]","[0.2216, 0.1895, 0.1549]","[0.3920, 0.3792, 0.3159]","[2.3460, 5.6623, 4.2141]",[4.9400],[1],"[0, 2]"
129,monoprotic,1,8,10.92,10.05,0.8699999999999992,0.18975082731780638,0.22237815375034595,0.7299540000763942,0.7299540000763942,0.7299540000763942,0.0,1.0,0.0,1.0,0.7226781418727359,0.7094987050808459,0.0,6.889710879027843,"[2.3318, 5.6715, 4.2100]","[0.2224, 0.1980, 0.1489]","[0.3922, 0.3790, 0.3158]","[2.3447, 5.6627, 4.2142]",[4.9400],[2],"[0, 1]"
129,monoprotic,1,9,10.66,10.05,0.6099999999999994,0.19642816228584462,0.22853820349017714,0.7151826224523585,0.7151826224523585,0.7151826224523585,0.0,1.0,0.0,1.0,0.7219356760422073,0.7098261294289567,0.0,6.687951687574387,"[2.3181, 5.6670, 4.2248]","[0.2285, 0.2097, 0.1510]","[0.3930, 0.3801, 0.3161]","[2.3426, 5.6619, 4.2167]",[4.9400],[2],"[0, 1]"
129,monoprotic,1,10,9.9,10.05,0.15000000000000036,0.19471764777676773,0.2199547695996123,0.7086573752470589,0.7086573752470589,0.7086573752470589,0.0,1.0,0.0,1.0,0.7214230371159607,0.7096640840344035,0.0,5.994116367399693,"[2.3310, 5.6638, 4.2313]","[0.2200, 0.2173, 0.1469]","[0.3936, 0.3804, 0.3167]","[2.3445, 5.6614, 4.2178]",[4.9400],[2],"[0, 1]"
129,monoprotic,1,11,10.42,10.05,0.3699999999999992,0.19522052712678276,0.22129188009608453,0.6977905555601813,0.6977905555601813,0.6977905555601813,0.0,1.0,0.0,1.0,0.7203154380086465,0.7096635332814788,0.0,6.479554181993008,"[2.3445, 5.6573, 4.2422]","[0.2212, 0.2213, 0.1432]","[0.3935, 0.3809, 0.3168]","[2.3466, 5.6604, 4.2197]",[4.9400],[2],"[0, 1]"
129,monoprotic,1,12,10.27,10.05,0.21999999999999886,0.18859328859330068,0.21309310591797412,0.7020233846618682,0.7020233846618682,0.7020233846618682,0.0,1.0,0.0,1.0,0.7210302615328024,0.7096380892425558,0.0,6.343197998106479,"[2.3460, 5.6736, 4.2380]","[0.2120, 0.2131, 0.1407]","[0.3929, 0.3807, 0.3165]","[2.3469, 5.6630, 4.2190]",[4.9400],[2],"[0, 1]"
129,monoprotic,1,13,10.03,10.05,0.02000000000000135,0.1923949923038847,0.22103911293962258,0.693110160998641,0.693110160998641,0.693110160998641,0.0,1.0,0.0,1.0,0.7195157596705712,0.7106007196325229,1.0,6.116776882410049,"[2.3436, 5.6785, 4.2469]","[0.2210, 0.2124, 0.1437]","[0.3935, 0.3804, 0.3152]","[2.3465, 5.6638, 4.2205]",[4.9400],[2],"[0, 1]"
132,triprotic,3,0,2.21,5.46,3.25,0.20000000000000004,0.2,1.2475924609301285,1.4234292758805758,1.9294355098421256,0.3333333333333333,0.3333333333333333,0.0,0.0,1.2475924609301285,0.0,0.0,,"[5.9070, 4.0101, 3.1941]","[0.2000, 0.2000, 0.2000]","[0.2190, 0.1937, 0.4209]","[5.9070, 4.0101, 3.1941]","[2.8840, 5.5133, 7.8364]","[0, 1, 2]",[]
132,triprotic,3,1,3.2,5.46,2.26,0.2024029749134811,0.21408642382676185,1.2422483870912358,1.4142383468322675,1.919089580616542,0.3333333333333333,0.3333333333333333,0.0,0.0,1.2467205679412547,0.0,0.0,0.9793427357915787,"[5.9173, 4.0249, 3.2032]","[0.1978, 0.1953, 0.2141]","[0.2189, 0.1935, 0.4210]","[5.9086, 4.0125, 3.1956]","[2.8840, 5.5133, 7.8364]","[0, 1, 2]",[]
132,triprotic,3,2,4.39,5.46,1.0700000000000003,0.14295506951221332,0.14636541220396843,1.2578777997627648,1.3052856835751536,1.6792599415539256,0.0,0.3333333333333333,0.0,0.0,1.2494125295707665,0.0,0.0,0.11533198888413576,"[6.1571, 4.2445, 3.7096]","[0.1464, 0.1406, 0.1419]","[0.2216, 0.1955, 0.4281]","[5.9497, 4.0505, 3.2827]","[2.8840, 5.5133, 7.8364]","[0, 1, 2]",[]
132,triprotic,3,3,4.99,5.46,0.46999999999999975,0.14518404367252427,0.14906891367725808,1.25396893406771,1.3020187338432199,1.6750635248248997,0.0,0.3333333333333333,0.0,0.0,1.248666334754455,0.0,0.0,0.6205362517014148,"[6.1613, 4.2435, 3.7010]","[0.1411, 0.1491, 0.1454]","[0.2220, 0.1953, 0.4277]","[5.9507, 4.0499, 3.2809]","[2.8840, 5.5133, 7.8364]","[0, 1, 2]",[]
132,triprotic,3,4,5.2,5.46,0.2599999999999998,0.14430631688872245,0.1498785484267932,1.2511826639711356,1.2986431321554315,1.6738008309604977,0.0,0.3333333333333333,0.0,0.0,1.24793027199267,0.0,0.0,0.8105412057368087,"[6.1626, 4.2553, 3.7057]","[0.1413, 0.1418, 0.1499]","[0.2222, 0.1954, 0.4275]","[5.9509, 4.0523, 3.2812]","[2.8840, 5.5133, 7.8364]","[0, 1, 2]",[]
132,triprotic,3,5,5.32,5.46,0.13999999999999968,0.1444215196445924,0.1477343910401022,1.2545894018757322,1.301022673035519,1.6715096507293916,0.0,0.3333333333333333,0.0,0.0,1.248741662680778,0.0,0.0,0.9164257335290316,"[6.1649, 4.2489, 3.7118]","[0.1402, 0.1477, 0.1453]","[0.2214, 0.1954, 0.4282]","[5.9514, 4.0509, 3.2827]","[2.8840, 5.5133, 7.8364]","[0, 1, 2]",[]
132,triprotic,3,6,5.38,5.46,0.08000000000000007,0.14506830497221648,0.1478447240243649,1.2531086125165547,1.2997881984898252,1.6755503978896655,0.0,0.3333333333333333,0.0,0.0,1.2485829574272589,0.0,1.0,0.9688881877763196,"[6.1608, 4.2595, 3.7139]","[0.1432, 0.1478, 0.1441]","[0.2219, 0.1955, 0.4290]","[5.9505, 4.0527, 3.2832]","[2.8840, 5.5133, 7.8364]","[0, 1, 2]",[]
136,diprotic,2,0,2.23,4.84,2.61,0.20000000000000004,0.2,0.8115471487880943,0.8272417759185334,0.9719222750351646,0.0,1.0,0.0,1.0,0.8115471487880943,0.242883970651825,0.0,,"[3.6485, 3.7945, 5.0709]","[0.2000, 0.2000, 0.2000]","[0.3905, 0.1863, 0.1902]","[3.6485, 3.7945, 5.0709]","[2.6766, 5.7220]","[0, 2]",[1]
136,diprotic,2,1,2.85,4.84,1.9899999999999998,0.20569979690619955,0.2117670729074821,0.803546744713125,0.8221221601375812,0.9773209523799209,0.0,1.0,0.0,1.0,0.810282756668828,0.24283017508801014,0.0,0.5559592857956885,"[3.6539, 3.7798, 5.0923]","[0.2082, 0.1971, 0.2118]","[0.3905, 0.1862, 0.1902]","[3.6493, 3.7921, 5.0742]","[2.6766, 5.7220]","[0, 2]",[1]
136,diprotic,2,2,3.94,4.84,0.8999999999999999,0.20810724641743739,0.21390044193124372,0.8017966803250469,0.8203578107827209,0.9753161925764156,0.0,1.0,0.0,1.0,0.809997593922561,0.2431022197226489,0.0,0.2591089269239455,"[3.6519, 3.7731, 5.0937]","[0.2139, 0.2012, 0.2092]","[0.3907, 0.1866, 0.1902]","[3.6490, 3.7910, 5.0745]","[2.6766, 5.7220]","[0, 2]",[1]
136,diprotic,2,3,4.87,4.84,0.03000000000000025,0.21241088165416736,0.21580775834135585,0.8100869601322478,0.8292591778244899,0.9873717621595026,0.0,1.0,0.0,1.0,0.811318250581299,0.24297816215316906,1.0,1.0900891375541688,"[3.6639, 3.7677, 5.0892]","[0.2151, 0.2063, 0.2158]","[0.3915, 0.1865, 0.1897]","[3.6509, 3.7902, 5.0737]","[2.6766, 5.7220]","[0, 2]",[1]
135,monoprotic,1,0,2.44,7.21,4.77,0.20000000000000004,0.2,0.20830053501019474,0.20830053501019474,0.20830053501019474,1.0,1.0,1.0,1.0,0.20830053501019474,0.7782066446236349,0.0,,"[4.4233, 2.7506, 5.1683]","[0.2000, 0.2000, 0.2000]","[0.4949, 0.4709, 0.2753]","[4.4233, 2.7506, 5.1683]",[4.9600],[2],"[0, 1]"
135,monoprotic,1,1,5.57,7.21,1.6399999999999997,0.20656385437724667,0.21038932158231197,0.20656925251815572,0.20656925251815572,0.20656925251815572,1.0,1.0,1.0,1.0,0.20802403482958987,0.7779260745082098,0.0,2.0818779283948246,"[4.4394, 2.7407, 5.1666]","[0.2050, 0.2104, 0.2043]","[0.4947, 0.4706, 0.2756]","[4.4259, 2.7490, 5.1680]",[4.9600],[2],"[0, 1]"
135,monoprotic,1,2,11.59,7.21,4.38,0.2011518690629871,0.2093674417667138,0.21189049852223452,0.21189049852223452,0.21189049852223452,1.0,1.0,1.0,1.0,0.20887666607718014,0.7777490554064749,0.0,7.974429990313947,"[4.4512, 2.7317, 5.1719]","[0.1939, 0.2094, 0.2002]","[0.4947, 0.4704, 0.2758]","[4.4278, 2.7476, 5.1689]",[4.9600],[2],"[0, 1]"
135,monoprotic,1,3,6.17,7.21,1.04,0.20910301818898477,0.224901649196232,0.20685276319855994,0.20685276319855994,0.20685276319855994,1.0,1.0,1.0,1.0,0.2080674624925125,0.7777304235106983,0.0,2.6164975006412714,"[4.4498, 2.7324, 5.1669]","[0.2048, 0.2249, 0.1976]","[0.4948, 0.4702, 0.2758]","[4.4276, 2.7478, 5.1681]",[4.9600],[2],"[0, 1]"
135,monoprotic,1,4,10.71,7.21,3.500000000000001,0.20214346780200262,0.2194182454127138,0.20402328623798827,0.20402328623798827,0.20402328623798827,1.0,1.0,1.0,1.0,0.20760670689074257,0.7777713803525944,0.0,7.125221040835605,"[4.4465, 2.7272, 5.1640]","[0.1958, 0.2194, 0.1912]","[0.4944, 0.4708, 0.2758]","[4.4271, 2.7469, 5.1676]",[4.9600],[2],"[0, 1]"
135,monoprotic,1,5,6.59,7.21,0.6200000000000001,0.1988749668164449,0.21004245305814317,0.18947812349452864,0.18947812349452864,0.18947812349452864,1.0,1.0,1.0,1.0,0.20522955312968882,0.7779217441681391,0.0,3.0212352542765437,"[4.4578, 2.7313, 5.1495]","[0.2002, 0.2100, 0.1863]","[0.4945, 0.4708, 0.2756]","[4.4289, 2.7476, 5.1652]",[4.9600],[2],"[0, 1]"
135,monoprotic,1,6,7.15,7.21,0.05999999999999961,0.20258290849870142,0.22223012835889988,0.1913415525666311,0.1913415525666311,0.1913415525666311,1.0,1.0,1.0,1.0,0.20556040130830322,0.778193826897482,1.0,3.572798408661038,"[4.4507, 2.7272, 5.1513]","[0.1910, 0.2222, 0.1945]","[0.4948, 0.4708, 0.2752]","[4.4278, 2.7469, 5.1656]",[4.9600],[2],"[0, 1]"
138,monoprotic,1,0,1.6,3.56,1.96,0.20000000000000004,0.2,0.35039792865148467,0.35039792865148467,0.35039792865148467,1.0,1.0,1.0,1.0,0.35039792865148467,0.9733863531602289,0.0,,"[3.5704, 4.6851, 2.0363]","[0.2000, 0.2000, 0.2000]","[0.0117, 0.3923, 0.0369]","[3.5704, 4.6851, 2.0363]",[3.2200],[0],"[1, 2]"
138,monoprotic,1,1,3.17,3.56,0.3900000000000001,0.17196695039763965,0.20976371651367523,0.7333436446727473,0.7333436446727473,0.7333436446727473,0.0,1.0,0.0,1.0,0.41682047308003556,0.9727602281343999,0.0,0.06139870018698268,"[3.9533, 4.9732, 2.2419]","[0.1335, 0.1726, 0.2098]","[0.0120, 0.3913, 0.0364]","[3.6368, 4.7328, 2.0689]",[3.2200],[0],"[1, 2]"
138,monoprotic,1,2,3.28,3.56,0.28000000000000025,0.03109379156740652,0.04207553359247018,0.46533898307481136,0.46533898307481136,0.46533898307481136,1.0,1.0,1.0,1.0,0.4808562112530823,0.9254273248248507,0.0,0.08182045069523136,"[4.2513, 5.3243, 2.7547]","[0.0421, 0.0239, 0.0273]","[0.0197, 0.3945, 0.0334]","[3.7009, 4.8099, 2.1760]",[3.2200],[2],"[0, 1]"
138,monoprotic,1,3,3.88,3.56,0.31999999999999984,0.03208595945472664,0.042275436996962026,0.46703622930318245,0.46703622930318245,0.46703622930318245,1.0,1.0,1.0,1.0,0.48038402791887425,0.9252330227870469,0.0,0.4784912405256181,"[4.2490, 5.3239, 2.7530]","[0.0423, 0.0258, 0.0282]","[0.0199, 0.3945, 0.0335]","[3.7004, 4.8095, 2.1756]",[3.2200],[2],"[0, 1]"
138,monoprotic,1,4,3.71,3.56,0.1499999999999999,0.03279972911507919,0.041788332291075155,0.4660768702984912,0.4660768702984912,0.4660768702984912,1.0,1.0,1.0,1.0,0.48092020111299316,0.9247695988993677,0.0,0.333558146180585,"[4.2515, 5.3239, 2.7539]","[0.0418, 0.0276, 0.0290]","[0.0197, 0.3947, 0.0337]","[3.7009, 4.8093, 2.1756]",[3.2200],[2],"[0, 1]"
138,monoprotic,1,5,3.62,3.56,0.06000000000000005,0.03436582900960638,0.044401826932693914,0.4656671813961166,0.4656671813961166,0.4656671813961166,1.0,1.0,1.0,1.0,0.48059154048534225,0.9257382294049576,1.0,0.258052482623607,"[4.2516, 5.3256, 2.7543]","[0.0444, 0.0285, 0.0302]","[0.0197, 0.3950, 0.0333]","[3.7006, 4.8095, 2.1755]",[3.2200],[2],"[0, 1]"
133,triprotic,3,0,2.14,8.39,6.25,0.20000000000000004,0.2,1.7993014071215907,2.0335042413885778,3.035401413862145,0.0,0.3333333333333333,0.0,0.0,1.7993014071215907,0.0,0.0,,"[5.1200, 2.4178, 2.5131]","[0.2000, 0.2000, 0.2000]","[0.2709, 0.2056, 0.1186]","[5.1200, 2.4178, 2.5131]","[3.1512, 5.5485, 6.7490]","[0, 1, 2]",[]
133,triprotic,3,1,3.87,8.39,4.5200000000000005,0.19390038596944695,0.19672659858597535,1.80421109015015,2.040395387084156,3.0426075462711255,0.0,0.3333333333333333,0.0,0.0,1.8000921507226426,0.0,0.0,0.664481521472335,"[5.1038, 2.4264, 2.5059]","[0.1941, 0.1909, 0.1967]","[0.2708, 0.2055, 0.1188]","[5.1174, 2.4192, 2.5119]","[3.1512, 5.5485, 6.7490]","[0, 1, 2]",[]
133,triprotic,3,2,5.48,8.39,2.91,0.1961243243992038,0.20154020033398604,1.8073287688589657,2.0435543946592754,3.0436695896216284,0.0,0.3333333333333333,0.0,0.0,1.8006049202543963,0.0,0.0,2.1362023088335995,"[5.0929, 2.4291, 2.5048]","[0.1944, 0.2015, 0.1925]","[0.2714, 0.2057, 0.1187]","[5.1156, 2.4196, 2.5117]","[3.1512, 5.5485, 6.7490]","[0, 1, 2]",[]
133,triprotic,3,3,6.08,8.39,2.3100000000000005,0.20108256248853693,0.21272356939176282,1.80115410341959,2.038433926791635,3.041694058112818,0.0,0.3333333333333333,0.0,0.0,1.7996151731782994,0.0,0.0,2.638716163504869,"[5.1073, 2.4312, 2.5068]","[0.1960, 0.2127, 0.1945]","[0.2719, 0.2059, 0.1189]","[5.1179, 2.4199, 2.5121]","[3.1512, 5.5485, 6.7490]","[0, 1, 2]",[]
133,triprotic,3,4,6.66,8.39,1.7300000000000004,0.20325416181891867,0.21539168771418712,1.8030791455653512,2.0436175316567184,3.0521341844224303,0.0,0.3333333333333333,0.0,0.0,1.799935215883788,0.0,0.0,3.0992987648025156,"[5.1038, 2.4394, 2.4963]","[0.2028, 0.2154, 0.1915]","[0.2718, 0.2064, 0.1194]","[5.1174, 2.4212, 2.5104]","[3.1512, 5.5485, 6.7490]","[0, 1, 2]",[]
133,triprotic,3,5,7.49,8.39,0.9000000000000004,0.20343515117677582,0.21625042879240838,1.7998352375466442,2.0403627742703696,3.0483044700301516,0.0,0.3333333333333333,0.0,0.0,1.7994167050558438,0.0,0.0,3.6627914903312924,"[5.1081, 2.4409, 2.5002]","[0.2091, 0.2163, 0.1849]","[0.2715, 0.2072, 0.1203]","[5.1181, 2.4214, 2.5110]","[3.1512, 5.5485, 6.7490]","[0, 1, 2]",[]
133,triprotic,3,6,11.02,8.39,2.629999999999999,0.2048939172669533,0.2208539365050221,1.8103320550938093,2.0524856562074705,3.065338817843273,0.0,0.3333333333333333,0.0,0.0,1.8011005313339303,0.0,0.0,0.004030789732933471,"[5.0952, 2.4393, 2.4831]","[0.2209, 0.2150, 0.1789]","[0.2714, 0.2072, 0.1202]","[5.1161, 2.4212, 2.5081]","[3.1512, 5.5485, 6.7490]","[0, 1, 2]",[]
133,triprotic,3,7,7.98,8.39,0.41000000000000014,0.20261930618498972,0.21730650933026135,1.809009750844252,2.051846353375122,3.066376184696945,0.0,0.3333333333333333,0.0,0.0,1.8008974464828846,0.0,0.0,3.9341118592023854,"[5.0990, 2.4406, 2.4821]","[0.2173, 0.2122, 0.1784]","[0.2713, 0.2076, 0.1205]","[5.1167, 2.4214, 2.5080]","[3.1512, 5.5485, 6.7490]","[0, 1, 2]",[]
133,triprotic,3,8,8.87,8.39,0.47999999999999865,0.20298962678251073,0.2188548778989803,1.8088710127690508,2.0493780323212674,3.05938006040374,0.0,0.3333333333333333,0.0,0.0,1.800875755033796,0.0,0.0,4.154752309322356,"[5.0974, 2.4356, 2.4891]","[0.2143, 0.2189, 0.1759]","[0.2714, 0.2080, 0.1200]","[5.1164, 2.4206, 2.5091]","[3.1512, 5.5485, 6.7490]","[0, 1, 2]",[]
133,triprotic,3,9,8.23,8.39,0.16000000000000014,0.19965886762113363,0.21801531310823943,1.8086223064542264,2.0528827521624855,3.0656449541988793,0.0,0.3333333333333333,0.0,0.0,1.8008723602072123,0.0,0.0,4.033638726472855,"[5.0896, 2.4504, 2.4828]","[0.2104, 0.2180, 0.1706]","[0.2712, 0.2076, 0.1194]","[5.1152, 2.4229, 2.5080]","[3.1512, 5.5485, 6.7490]","[0, 1, 2]",[]
133,triprotic,3,10,8.44,8.39,0.049999999999998934,0.1976818293778562,0.21617603899712207,1.8154087261243443,2.057565583691657,3.069867090721224,0.0,0.3333333333333333,0.0,0.0,1.801939158839905,0.0,1.0,4.101454021930694,"[5.0849, 2.4390, 2.4786]","[0.2162, 0.2103, 0.1665]","[0.2708, 0.2082, 0.1195]","[5.1145, 2.4211, 2.5073]","[3.1512, 5.5485, 6.7490]","[0, 1, 2]",[]
137,triprotic,3,0,2.46,8.29,5.829999999999999,0.20000000000000004,0.2,2.0457063814998193,2.1897715459350064,2.841489803328467,0.0,0.3333333333333333,0.0,0.0,2.0457063814998193,0.0,0.0,,"[2.5512, 4.1137, 3.0738]","[0.2000, 0.2000, 0.2000]","[0.3853, 0.0796, 0.3471]","[2.5512, 4.1137, 3.0738]","[3.5355, 5.3851, 6.9552]","[0, 1, 2]",[]
137,triprotic,3,1,4.13,8.29,4.159999999999999,0.20476905904162404,0.21262971889478838,2.0416207259707995,2.186827317287292,2.8384591193199613,0.0,0.3333333333333333,0.0,0.0,2.045050536546246,0.0,0.0,1.1636770913563668,"[2.5592, 4.1167, 3.0750]","[0.1940, 0.2126, 0.2077]","[0.3852, 0.0797, 0.3470]","[2.5525, 4.1142, 3.0740]","[3.5355, 5.3851, 6.9552]","[0, 1, 2]",[]
137,triprotic,3,2,5.29,8.29,2.999999999999999,0.2032790776616635,0.2125372727530941,2.0400030759020553,2.186572288348039,2.8416222982358033,0.0,0.3333333333333333,0.0,0.0,2.0447854170570854,0.0,0.0,1.9099372899718583,"[2.5651, 4.1136, 3.0772]","[0.1909, 0.2064, 0.2125]","[0.3853, 0.0797, 0.3468]","[2.5535, 4.1137, 3.0743]","[3.5355, 5.3851, 6.9552]","[0, 1, 2]",[]
137,triprotic,3,3,6.03,8.29,2.259999999999999,0.20770353614813997,0.21282273483459158,2.0433257363317896,2.191611381075906,2.854761138653923,0.0,0.3333333333333333,0.0,0.0,2.0453208565049237,0.0,0.0,2.434857061803341,"[2.5673, 4.1004, 3.0781]","[0.2010, 0.2093, 0.2128]","[0.3853, 0.0793, 0.3467]","[2.5538, 4.1116, 3.0744]","[3.5355, 5.3851, 6.9552]","[0, 1, 2]",[]
137,triprotic,3,4,6.72,8.29,1.5699999999999994,0.20145733648708786,0.2083404252296097,2.0354164341744982,2.18758198610679,2.8692400042508766,0.0,0.3333333333333333,0.0,0.0,2.044072765622847,0.0,0.0,2.9315696342661974,"[2.5821, 4.0859, 3.1015]","[0.1990, 0.1970, 0.2083]","[0.3848, 0.0792, 0.3468]","[2.5562, 4.1092, 3.0782]","[3.5355, 5.3851, 6.9552]","[0, 1, 2]",[]
137,triprotic,3,5,7.46,8.29,0.8299999999999992,0.19941277673390256,0.20751430757696473,2.0455112871472525,2.1950185111723317,2.875487407027829,0.0,0.3333333333333333,0.0,0.0,2.0457006082510794,0.0,0.0,3.3475698447227478,"[2.5640, 4.0797, 3.0956]","[0.1983, 0.1925, 0.2075]","[0.3848, 0.0789, 0.3465]","[2.5533, 4.1082, 3.0772]","[3.5355, 5.3851, 6.9552]","[0, 1, 2]",[]
137,triprotic,3,6,8.46,8.29,0.1700000000000017,0.1960826946818608,0.2076032946311614,2.049595652529346,2.1996904959475603,2.8825811359374516,0.0,0.3333333333333333,0.0,0.0,2.0463745224613503,0.0,0.0,3.6994734025001534,"[2.5629, 4.0726, 3.0915]","[0.2076, 0.1841, 0.1966]","[0.3851, 0.0782, 0.3466]","[2.5531, 4.1070, 3.0766]","[3.5355, 5.3851, 6.9552]","[0, 1, 2]",[]
137,triprotic,3,7,8.15,8.29,0.1399999999999988,0.1964062171556731,0.2038092307667009,2.044580383369876,2.1958549782449768,2.884241325765495,0.0,0.3333333333333333,0.0,0.0,2.045554725897177,0.0,0.0,3.6173467911779884,"[2.5691, 4.0709, 3.1020]","[0.2038, 0.1888, 0.1966]","[0.3847, 0.0787, 0.3464]","[2.5541, 4.1067, 3.0783]","[3.5355, 5.3851, 6.9552]","[0, 1, 2]",[]
137,triprotic,3,8,8.28,8.29,0.009999999999999787,0.1933145522107087,0.20571425547461408,2.040739575637193,2.1939134111945684,2.881750977731998,0.0,0.3333333333333333,0.0,0.0,2.044964023948848,0.0,1.0,3.6571596103906625,"[2.5804, 4.0734, 3.0997]","[0.2057, 0.1795, 0.1947]","[0.3843, 0.0786, 0.3463]","[2.5559, 4.1071, 3.0780]","[3.5355, 5.3851, 6.9552]","[0, 1, 2]",[]
140,monoprotic,1,0,2.25,5.54,3.29,0.20000000000000004,0.2,0.12242570376695516,0.12242570376695516,0.12242570376695516,1.0,1.0,1.0,1.0,0.12242570376695516,0.81516657284812,0.0,,"[2.2304, 2.7748, 3.4076]","[0.2000, 0.2000, 0.2000]","[0.1402, 0.4751, 0.1395]","[2.2304, 2.7748, 3.4076]",[3.5300],[2],"[0, 1]"
140,monoprotic,1,1,3.84,5.54,1.7000000000000002,0.20047159463542133,0.20272789359410642,0.11672073362027868,0.11672073362027868,0.11672073362027868,1.0,1.0,1.0,1.0,0.12150987211608921,0.8153476021182524,0.0,1.5661965661309658,"[2.2362, 2.7693, 3.4133]","[0.2027, 0.1987, 0.2000]","[0.1402, 0.4749, 0.1393]","[2.2313, 2.7739, 3.4085]",[3.5300],[2],"[0, 1]"
140,monoprotic,1,2,4.85,5.54,0.6900000000000004,0.19539500308804827,0.20527807373916987,0.11455085370125584,0.11455085370125584,0.11455085370125584,1.0,1.0,1.0,1.0,0.12114108854976635,0.8154068649938203,0.0,2.376877654716372,"[2.2411, 2.7707, 3.4154]","[0.2053, 0.1944, 0.1865]","[0.1400, 0.4747, 0.1392]","[2.2321, 2.7742, 3.4089]",[3.5300],[2],"[0, 1]"
140,monoprotic,1,3,11.56,5.54,6.0200000000000005,0.1952590082399109,0.2044446868418697,0.11734536322618094,0.11734536322618094,0.11734536322618094,1.0,1.0,1.0,1.0,0.1215989421771666,0.8156127944118651,0.0,9.008164811357856,"[2.2344, 2.7657, 3.4127]","[0.2044, 0.1928, 0.1885]","[0.1401, 0.4752, 0.1391]","[2.2311, 2.7734, 3.4084]",[3.5300],[2],"[0, 1]"
140,monoprotic,1,4,10.83,5.54,5.29,0.19195921621928225,0.19671096354337517,0.11569928479285396,0.11569928479285396,0.11569928479285396,1.0,1.0,1.0,1.0,0.12132592564615496,0.8155426004206577,0.0,8.315509562771767,"[2.2356, 2.7531, 3.4143]","[0.1967, 0.1946, 0.1846]","[0.1401, 0.4753, 0.1392]","[2.2312, 2.7713, 3.4087]",[3.5300],[2],"[0, 1]"
140,monoprotic,1,5,4.86,5.54,0.6799999999999997,0.19262088716101763,0.1959560230199127,0.1006840245317826,0.1006840245317826,0.1006840245317826,1.0,1.0,1.0,1.0,0.11889820565179088,0.8151229036376564,0.0,2.3828826664388183,"[2.2183, 2.7636, 3.4293]","[0.1960, 0.1908, 0.1911]","[0.1398, 0.4755, 0.1396]","[2.2285, 2.7730, 3.4111]",[3.5300],[2],"[0, 1]"
140,monoprotic,1,6,5.34,5.54,0.20000000000000018,0.19035210843933228,0.19676646816468266,0.10003268531591747,0.10003268531591747,0.10003268531591747,1.0,1.0,1.0,1.0,0.11879209381920308,0.8156015159390597,0.0,2.8435241632722317,"[2.1942, 2.7690, 3.4300]","[0.1968, 0.1833, 0.1910]","[0.1397, 0.4749, 0.1390]","[2.2246, 2.7739, 3.4112]",[3.5300],[2],"[0, 1]"
140,monoprotic,1,7,10.81,5.54,5.2700000000000005,0.1891804350091046,0.1955527490297848,0.09468035178949563,0.09468035178949563,0.09468035178949563,1.0,1.0,1.0,1.0,0.1179322316685294,0.8157997356251775,0.0,8.295169436782599,"[2.1914, 2.7755, 3.4353]","[0.1956, 0.1794, 0.1926]","[0.1394, 0.4749, 0.1387]","[2.2241, 2.7749, 3.4121]",[3.5300],[2],"[0, 1]"
140,monoprotic,1,8,8.09,5.54,2.55,0.18739400707637544,0.19481579756557657,0.08900173997215566,0.08900173997215566,0.08900173997215566,1.0,1.0,1.0,1.0,0.11697405603647759,0.8155460351979389,0.0,5.583671817239374,"[2.1993, 2.7753, 3.4410]","[0.1948, 0.1808, 0.1866]","[0.1386, 0.4748, 0.1387]","[2.2254, 2.7749, 3.4130]",[3.5300],[2],"[0, 1]"
140,monoprotic,1,9,5.36,5.54,0.17999999999999972,0.1891331576410792,0.19670649272352156,0.08206127086755366,0.08206127086755366,0.08206127086755366,1.0,1.0,1.0,1.0,0.11587687470032826,0.8155839499865081,0.0,2.861987241674215,"[2.2012, 2.7863, 3.4479]","[0.1967, 0.1796, 0.1911]","[0.1381, 0.4752, 0.1387]","[2.2257, 2.7767, 3.4141]",[3.5300],[2],"[0, 1]"
140,monoprotic,1,10,5.67,5.54,0.1299999999999999,0.19331044326399896,0.2054283115276032,0.08173376244773722,0.08173376244773722,0.08173376244773722,1.0,1.0,1.0,1.0,0.11585161271189381,0.8165085737856472,0.0,3.1662740410119294,"[2.2176, 2.7804, 3.4483]","[0.2054, 0.1799, 0.1946]","[0.1385, 0.4749, 0.1379]","[2.2284, 2.7758, 3.4141]",[3.5300],[2],"[0, 1]"
140,monoprotic,1,11,5.49,5.54,0.04999999999999982,0.1928002113906233,0.20983861245280347,0.06972192427128832,0.06972192427128832,0.06972192427128832,1.0,1.0,1.0,1.0,0.11388443883756949,0.8175427702232523,1.0,2.987880552429706,"[2.2169, 2.7914, 3.4603]","[0.2098, 0.1765, 0.1920]","[0.1389, 0.4753, 0.1371]","[2.2283, 2.7776, 3.4161]",[3.5300],[2],"[0, 1]"
139,triprotic,3,0,2.17,10.95,8.78,0.20000000000000004,0.2,1.608753188970437,1.923375996690853,3.0506204287116225,0.0,0.3333333333333333,0.0,0.0,1.608753188970437,0.0,0.0,,"[2.5887, 3.6991, 3.2965]","[0.2000, 0.2000, 0.2000]","[0.0877, 0.0861, 0.2687]","[2.5887, 3.6991, 3.2965]","[2.0291, 4.5125, 6.7497]","[0, 1, 2]",[]
139,triprotic,3,1,2.94,10.95,8.01,0.16985089345882495,0.20594316870027754,1.6114739790159123,1.9059288968808807,3.0130493246886223,0.0,0.3333333333333333,0.0,0.0,1.609338561125228,0.0,0.0,0.01026848383247847,"[2.6565, 3.7367, 3.3185]","[0.1451, 0.1586, 0.2059]","[0.0872, 0.0862, 0.2693]","[2.6003, 3.7054, 3.3000]","[2.0291, 4.5125, 6.7497]","[0, 1, 2]",[]
139,triprotic,3,2,4.95,10.95,5.999999999999999,0.17282226721124064,0.2102927108675111,1.6121695535805933,1.9080391076606933,3.017819082819607,0.0,0.3333333333333333,0.0,0.0,1.609462267202159,0.0,0.0,1.521277715964243,"[2.6549, 3.7319, 3.3196]","[0.1469, 0.1613, 0.2103]","[0.0873, 0.0863, 0.2697]","[2.6000, 3.7046, 3.3002]","[2.0291, 4.5125, 6.7497]","[0, 1, 2]",[]
139,triprotic,3,3,6.73,10.95,4.219999999999999,0.1720385712882392,0.20199829912667994,1.61070535770648,1.906771731467092,3.015764565943464,0.0,0.3333333333333333,0.0,0.0,1.6091722404947373,0.0,0.0,2.90244877293706,"[2.6518, 3.7339, 3.3189]","[0.1532, 0.1609, 0.2020]","[0.0869, 0.0860, 0.2697]","[2.5994, 3.7049, 3.3001]","[2.0291, 4.5125, 6.7497]","[0, 1, 2]",[]
139,triprotic,3,4,11.53,10.95,0.5800000000000001,0.1771053915353329,0.20636221789206596,1.610884473094127,1.908086905635147,3.015648375023661,0.0,0.3333333333333333,0.0,0.0,1.6091675739456186,0.0,0.0,0.0018433344364172655,"[2.6397, 3.7341, 3.3061]","[0.1572, 0.1678, 0.2064]","[0.0866, 0.0863, 0.2696]","[2.5973, 3.7049, 3.2981]","[2.0291, 4.5125, 6.7497]","[0, 1, 2]",[]
139,triprotic,3,5,10.71,10.95,0.23999999999999844,0.17641050263129787,0.21379847520306006,1.611798969554011,1.9090274677142274,3.018139914902421,0.0,0.3333333333333333,0.0,0.0,1.6093565250635755,0.0,0.0,0.0005902713537224713,"[2.6438, 3.7316, 3.3100]","[0.1505, 0.1649, 0.2138]","[0.0864, 0.0863, 0.2693]","[2.5981, 3.7045, 3.2987]","[2.0291, 4.5125, 6.7497]","[0, 1, 2]",[]
139,triprotic,3,6,11.22,10.95,0.27000000000000135,0.171642168848667,0.21018624940095534,1.6115997245966103,1.908994042835961,3.0173019855578778,0.0,0.3333333333333333,0.0,0.0,1.6093455062852537,0.0,0.0,0.003683642745018645,"[2.6403, 3.7324, 3.3063]","[0.1392, 0.1655, 0.2102]","[0.0869, 0.0859, 0.2695]","[2.5976, 3.7047, 3.2981]","[2.0291, 4.5125, 6.7497]","[0, 1, 2]",[]
139,triprotic,3,7,11.03,10.95,0.08000000000000007,0.16588688038246363,0.1940738203007097,1.6129791281732402,1.9129966618359715,3.027443227869665,0.0,0.3333333333333333,0.0,0.0,1.6095761934996855,0.0,1.0,0.0006747904419892592,"[2.6411, 3.7223, 3.3131]","[0.1397, 0.1639, 0.1941]","[0.0865, 0.0857, 0.2701]","[2.5978, 3.7030, 3.2992]","[2.0291, 4.5125, 6.7497]","[0, 1, 2]",[]
141,diprotic,2,0,2.32,10.48,8.16,0.20000000000000004,0.2,0.7871245099826019,0.9186711628225163,1.2608245323451968,0.5,0.5,0.0,0.0,0.7871245099826019,0.2619788864009284,0.0,,"[5.9069, 2.2346, 5.7031]","[0.2000, 0.2000, 0.2000]","[0.3362, 0.4935, 0.2945]","[5.9069, 2.2346, 5.7031]","[3.4954, 6.2204]","[0, 1]",[2]
141,diprotic,2,1,4.36,10.48,6.12,0.19509692950478297,0.19752659353362712,0.7921894708348536,0.9194538894929852,1.2589134762193779,0.5,0.5,0.0,0.0,0.787943062117908,0.2618491111836384,0.0,0.3438875858113173,"[5.8949, 2.2365, 5.6891]","[0.1942, 0.1935, 0.1975]","[0.3357, 0.4939, 0.2943]","[5.9050, 2.2349, 5.7009]","[3.4954, 6.2204]","[0, 1]",[2]
141,diprotic,2,2,6.48,10.48,4.0,0.190900219554513,0.1938289621893168,0.7840267707413497,0.9155339297262548,1.256789289603505,0.5,0.5,0.0,0.0,0.7866227648849338,0.2617463990894989,0.0,2.1092172102257614,"[5.9091, 2.2386, 5.6940]","[0.1900, 0.1938, 0.1889]","[0.3362, 0.4941, 0.2944]","[5.9073, 2.2352, 5.7016]","[3.4954, 6.2204]","[0, 1]",[2]
141,diprotic,2,3,11.86,10.48,1.379999999999999,0.19283096862478066,0.19584109350251863,0.7888262700569957,0.9170668691340771,1.2565492202436914,0.5,0.5,0.0,0.0,0.7873953517839931,0.2611800280581024,0.0,6.646240112036466,"[5.8993, 2.2388, 5.6951]","[0.1958, 0.1869, 0.1958]","[0.3362, 0.4943, 0.2936]","[5.9057, 2.2353, 5.7018]","[3.4954, 6.2204]","[0, 1]",[2]
141,diprotic,2,4,8.75,10.48,1.7300000000000004,0.1956486710170278,0.20416649795635558,0.7775637859631763,0.910415844145241,1.2511158612720101,0.5,0.5,0.0,0.0,0.7855739090210025,0.26099280310697603,0.0,4.034098440781236,"[5.9164, 2.2443, 5.6922]","[0.1920, 0.1908, 0.2042]","[0.3358, 0.4941, 0.2931]","[5.9085, 2.2361, 5.7014]","[3.4954, 6.2204]","[0, 1]",[2]
141,diprotic,2,5,11.51,10.48,1.0299999999999994,0.1950170257198777,0.20235998689199927,0.7671709778905615,0.8929601399066028,1.2241463625060343,0.5,0.5,0.0,0.0,0.783890067928082,0.2612469148840575,0.0,6.560867147743702,"[5.9102, 2.2712, 5.6932]","[0.1908, 0.1919, 0.2024]","[0.3360, 0.4944, 0.2936]","[5.9075, 2.2405, 5.7015]","[3.4954, 6.2204]","[0, 1]",[2]
141,diprotic,2,6,11.2,10.48,0.7199999999999989,0.20232182509996868,0.2108279091841215,0.7652875870530509,0.8874327005002389,1.2145889414018507,0.5,0.5,0.0,0.0,0.7836137639790404,0.2614832531016003,0.0,6.374761317670345,"[5.9044, 2.2808, 5.6805]","[0.1975, 0.1987, 0.2108]","[0.3359, 0.4947, 0.2941]","[5.9065, 2.2420, 5.6995]","[3.4954, 6.2204]","[0, 1]",[2]
141,diprotic,2,7,8.9,10.48,1.58,0.20126223256351813,0.21401962883355247,0.7662779771329289,0.8909496413333973,1.2208209620674406,0.5,0.5,0.0,0.0,0.7837693830505965,0.26246618149032164,0.0,4.180779017135501,"[5.9086, 2.2746, 5.6791]","[0.1917, 0.1981, 0.2140]","[0.3355, 0.4943, 0.2953]","[5.9072, 2.2410, 5.6993]","[3.4954, 6.2204]","[0, 1]",[2]
141,diprotic,2,8,10.86,10.48,0.379999999999999,0.2013927788308878,0.21512200070125334,0.7751222340103101,0.905036365799976,1.2423227752806452,0.5,0.5,0.0,0.0,0.7851859905820617,0.2627673184835834,0.0,6.09178700171411,"[5.9124, 2.2531, 5.6668]","[0.1939, 0.1952, 0.2151]","[0.3361, 0.4942, 0.2959]","[5.9078, 2.2375, 5.6974]","[3.4954, 6.2204]","[0, 1]",[2]
141,diprotic,2,9,10.53,10.48,0.049999999999998934,0.20114462255973886,0.2094051667142242,0.7754186394035552,0.9067210523907397,1.2453856600700162,0.5,0.5,0.0,0.0,0.7852363116654602,0.26304863076113244,1.0,5.788626069873571,"[5.9149, 2.2500, 5.6692]","[0.2003, 0.1937, 0.2094]","[0.3363, 0.4945, 0.2965]","[5.9082, 2.2371, 5.6977]","[3.4954, 6.2204]","[0, 1]",[2]
142,diprotic,2,0,1.68,2.47,0.7900000000000003,0.20000000000000004,0.2,0.8861149996020228,1.1735600619979896,1.655558582067321,0.5,0.5,0.0,0.0,0.8861149996020228,0.8206258092019902,0.0,,"[2.4165, 3.8889, 2.5793]","[0.2000, 0.2000, 0.2000]","[0.0707, 0.0323, 0.4712]","[2.4165, 3.8889, 2.5793]","[2.2999, 5.5445]","[0, 1]",[2]
142,diprotic,2,1,2.18,2.47,0.29000000000000004,0.15882955503097257,0.2403124485888627,0.9749347294880657,1.2110374686288812,1.6933454919777993,0.5,0.5,0.0,0.0,0.8512749797609376,0.12471686472875913,0.0,0.05465231992304309,"[2.0011, 3.8511, 2.5564]","[0.0843, 0.1519, 0.2403]","[0.0715, 0.0319, 0.4702]","[2.3404, 3.8825, 2.5758]","[2.2999, 5.5445]","[1, 2]",[0]
142,diprotic,2,2,2.35,2.47,0.1200000000000001,0.15160906235031288,0.2414817551244421,0.938243994074889,1.184726523410346,1.6616215876277751,0.5,0.5,0.0,0.0,0.8554357051474122,0.8191476323745612,0.0,0.020695260632783263,"[2.0850, 3.8829, 2.5855]","[0.0592, 0.1541, 0.2415]","[0.0716, 0.0322, 0.4700]","[2.3542, 3.8879, 2.5802]","[2.2999, 5.5445]","[0, 1]",[2]
142,diprotic,2,3,2.44,2.47,0.03000000000000025,0.14149626703729748,0.22427385541774691,0.852358038364641,1.1077317712491064,1.5598574740321642,0.5,0.5,0.0,0.0,0.8530264987369724,0.8204275685761742,1.0,0.030291292406618542,"[2.1550, 3.9846, 2.6704]","[0.0441, 0.1561, 0.2243]","[0.0714, 0.0315, 0.4701]","[2.3665, 3.9051, 2.5935]","[2.2999, 5.5445]","[0, 1]",[2]
145,monoprotic,1,0,3.06,2.07,0.9900000000000002,0.20000000000000004,0.2,0.7949959216798912,0.7949959216798912,0.7949959216798912,0.0,1.0,0.0,1.0,0.7949959216798912,0.6633581037674698,0.0,,"[2.4898, 3.4550, 3.2509]","[0.2000, 0.2000, 0.2000]","[0.2353, 0.3432, 0.4410]","[2.4898, 3.4550, 3.2509]",[4.2500],[1],"[0, 2]"
145,monoprotic,1,1,1.69,2.07,0.3799999999999999,0.20791671100403777,0.21045563078747043,0.7838877749202262,0.7838877749202262,0.7838877749202262,0.0,1.0,0.0,1.0,0.7932350639703798,0.6636032082569197,0.0,0.1456117882020771,"[2.5039, 3.4661, 3.2425]","[0.2093, 0.2105, 0.2040]","[0.2356, 0.3430, 0.4410]","[2.4921, 3.4568, 3.2496]",[4.2500],[1],"[0, 2]"
145,monoprotic,1,2,2.02,2.07,0.04999999999999982,0.2104985406214882,0.2130288880947968,0.7822713430245511,0.7822713430245511,0.7822713430245511,0.0,1.0,0.0,1.0,0.7929678101616306,0.6634741933457033,1.0,0.3152750246040523,"[2.4908, 3.4677, 3.2489]","[0.2130, 0.2059, 0.2125]","[0.2353, 0.3430, 0.4410]","[2.4900, 3.4570, 3.2506]",[4.2500],[1],"[0, 2]"
144,diprotic,2,0,2.28,10.62,8.34,0.20000000000000004,0.2,0.23094826575092298,0.2326725959924291,0.2592225557065908,1.0,1.0,1.0,1.0,0.23094826575092298,0.524462892604342,0.0,,"[4.5473, 5.6693, 3.6699]","[0.2000, 0.2000, 0.2000]","[0.1486, 0.3993, 0.2135]","[4.5473, 5.6693, 3.6699]","[3.4107, 4.3447]","[0, 2]",[1]
144,diprotic,2,1,3.77,10.62,6.85,0.19330876095488092,0.2043687577282675,0.23503451961521793,0.23804573110207325,0.272777660517431,1.0,1.0,1.0,1.0,0.23159070608832044,0.5244176535304456,0.0,0.7077374679688364,"[4.5420, 5.6592, 3.6834]","[0.1849, 0.1906, 0.2044]","[0.1489, 0.3995, 0.2133]","[4.5465, 5.6676, 3.6720]","[3.4107, 4.3447]","[0, 2]",[1]
144,diprotic,2,2,4.72,10.62,5.8999999999999995,0.17005408890358878,0.17361211096106843,0.19212417141913063,0.19359926956238172,0.21597747164363312,1.0,1.0,1.0,1.0,0.22447636492201628,0.524923773068842,0.0,0.009860917199403296,"[4.5129, 5.6068, 3.6266]","[0.1736, 0.1729, 0.1637]","[0.1487, 0.3997, 0.2131]","[4.5417, 5.6589, 3.6626]","[3.4107, 4.3447]","[0, 2]",[1]
144,diprotic,2,3,12.09,10.62,1.4700000000000006,0.17063936743344077,0.17267589463829286,0.2021629492276893,0.20385617761067124,0.22838284834260314,1.0,1.0,1.0,1.0,0.2261606803625693,0.524485487840327,0.0,7.11828899002634,"[4.5206, 5.6107, 3.6390]","[0.1727, 0.1715, 0.1677]","[0.1493, 0.3995, 0.2129]","[4.5429, 5.6595, 3.6647]","[3.4107, 4.3447]","[0, 2]",[1]
144,diprotic,2,4,11.67,10.62,1.0500000000000007,0.1715188361647733,0.17739048621170964,0.20305202283128332,0.20499624568434224,0.2312182573825896,1.0,1.0,1.0,1.0,0.2263179883558868,0.5251570063226507,0.0,6.793899148777127,"[4.5196, 5.6059, 3.6419]","[0.1774, 0.1710, 0.1662]","[0.1488, 0.3994, 0.2123]","[4.5428, 5.6587, 3.6652]","[3.4107, 4.3447]","[0, 2]",[1]
144,diprotic,2,5,5.57,10.62,5.049999999999999,0.1755341934751523,0.18971258378785308,0.2091015578013926,0.2109279487410811,0.23679881552036175,1.0,1.0,1.0,1.0,0.22734208036720083,0.5254383755008674,0.0,0.7687195468973371,"[4.5261, 5.6025, 3.6475]","[0.1897, 0.1729, 0.1640]","[0.1487, 0.3997, 0.2124]","[4.5439, 5.6582, 3.6661]","[3.4107, 4.3447]","[0, 2]",[1]
144,diprotic,2,6,11.16,10.62,0.5400000000000009,0.17556893214232086,0.19406105318957298,0.20584164757860002,0.20782688835199453,0.23449878707646032,1.0,1.0,1.0,1.0,0.22680959681545465,0.525632954406191,0.0,6.322146370857954,"[4.5219, 5.6113, 3.6452]","[0.1941, 0.1719, 0.1608]","[0.1482, 0.3997, 0.2126]","[4.5432, 5.6596, 3.6657]","[3.4107, 4.3447]","[0, 2]",[1]
144,diprotic,2,7,9.35,10.62,1.2699999999999996,0.18191393634079198,0.19549879637623263,0.20881904953038788,0.21063354018148303,0.23640695997336714,1.0,1.0,1.0,1.0,0.22731838570119,0.5253463712259477,0.0,4.530040699196979,"[4.5259, 5.6194, 3.6471]","[0.1955, 0.1812, 0.1690]","[0.1481, 0.3991, 0.2126]","[4.5439, 5.6611, 3.6661]","[3.4107, 4.3447]","[0, 2]",[1]
144,diprotic,2,8,10.85,10.62,0.23000000000000043,0.18194068366618418,0.19655716061078737,0.20686938651377962,0.21034981557548132,0.2449758405084963,1.0,1.0,1.0,1.0,0.22702893958354742,0.5265078169715706,0.0,6.020306558720767,"[4.5134, 5.6030, 3.6556]","[0.1966, 0.1804, 0.1689]","[0.1475, 0.3999, 0.2121]","[4.5419, 5.6584, 3.6675]","[3.4107, 4.3447]","[0, 2]",[1]
144,diprotic,2,9,10.57,10.62,0.049999999999998934,0.18391338264201837,0.20028973394043256,0.20283828525895564,0.2057534104307226,0.23735054303905345,1.0,1.0,1.0,1.0,0.22636222505189774,0.5264193890189346,1.0,5.745538440933451,"[4.5130, 5.6142, 3.6480]","[0.2003, 0.1867, 0.1647]","[0.1471, 0.3999, 0.2126]","[4.5418, 5.6603, 3.6662]","[3.4107, 4.3447]","[0, 2]",[1]
143,diprotic,2,0,2.43,7.23,4.800000000000001,0.20000000000000004,0.2,0.4927306621394518,0.585661592208849,0.8092997622996245,0.5,1.0,0.0,1.0,0.4927306621394518,0.10208970470292901,0.0,,"[4.4411, 3.2628, 2.5896]","[0.2000, 0.2000, 0.2000]","[0.4716, 0.0900, 0.3203]","[4.4411, 3.2628, 2.5896]","[2.7657, 5.2504]","[0, 2]",[1]
143,diprotic,2,1,3.36,7.23,3.8700000000000006,0.09888115610937064,0.11549512486738091,0.289606066606809,0.36288205752729025,0.5082649650302944,0.5,1.0,0.0,1.0,0.44310376255118245,0.10086371948728533,0.0,0.0905552508914842,"[4.7421, 3.7430, 2.8367]","[0.1155, 0.1112, 0.0700]","[0.4737, 0.0895, 0.3238]","[4.4944, 3.3482, 2.6355]","[2.7657, 5.2504]","[0, 2]",[1]
143,diprotic,2,2,5.07,7.23,2.16,0.10025920382609503,0.11531055881392523,0.2880329201655403,0.3602237285492199,0.504361770554973,0.5,1.0,0.0,1.0,0.44273420532325636,0.10074530182784727,0.0,1.6003396505769345,"[4.7460, 3.7436, 2.8374]","[0.1153, 0.1134, 0.0721]","[0.4739, 0.0894, 0.3237]","[4.4951, 3.3481, 2.6356]","[2.7657, 5.2504]","[0, 2]",[1]
143,diprotic,2,3,5.74,7.23,1.4900000000000002,0.09947866797757121,0.11485501648912669,0.28612568487875434,0.3583242247762074,0.5018299790273266,0.5,1.0,0.0,1.0,0.44251520838419256,0.10071638397404545,0.0,2.1927819708455356,"[4.7486, 3.7384, 2.8361]","[0.1117, 0.1149, 0.0719]","[0.4740, 0.0893, 0.3238]","[4.4958, 3.3470, 2.6353]","[2.7657, 5.2504]","[0, 2]",[1]
143,diprotic,2,4,11.2,7.23,3.969999999999999,0.1017273706774585,0.1171981465146629,0.27933824013486985,0.3528193960579782,0.49486474391821034,1.0,1.0,1.0,1.0,0.4426270831815604,0.10036420662675789,0.0,7.584328526211902,"[4.7555, 3.7408, 2.8295]","[0.1134, 0.1172, 0.0745]","[0.4740, 0.0890, 0.3235]","[4.4969, 3.3472, 2.6340]","[2.7657, 5.2504]","[0, 2]",[1]
143,diprotic,2,5,6.21,7.23,1.0200000000000005,0.10264593454685984,0.11958967121649766,0.28238446033793196,0.35736964529304466,0.5014097555358417,0.5,1.0,0.0,1.0,0.4434007591834219,0.10064081267960637,0.0,2.629469504384324,"[4.7490, 3.7515, 2.8291]","[0.1196, 0.1153, 0.0730]","[0.4741, 0.0892, 0.3231]","[4.4953, 3.3493, 2.6340]","[2.7657, 5.2504]","[0, 2]",[1]
143,diprotic,2,6,6.83,7.23,0.40000000000000036,0.10377641622938777,0.12153356975239672,0.28126381772337794,0.35701471429116777,0.5011505409698591,0.5,1.0,0.0,1.0,0.44370189352426204,0.10093309383505913,0.0,3.2319522931193934,"[4.7492, 3.7500, 2.8271]","[0.1215, 0.1133, 0.0765]","[0.4745, 0.0896, 0.3234]","[4.4953, 3.3492, 2.6334]","[2.7657, 5.2504]","[0, 2]",[1]
143,diprotic,2,7,11.16,7.23,3.9299999999999997,0.1050491126202573,0.12433039654952673,0.2832272538654159,0.35619389753661085,0.49922821522942673,1.0,1.0,1.0,1.0,0.44313204787579186,0.1004863871144494,0.0,7.544202006971464,"[4.7512, 3.7593, 2.8330]","[0.1243, 0.1121, 0.0787]","[0.4747, 0.0892, 0.3238]","[4.4954, 3.3510, 2.6344]","[2.7657, 5.2504]","[0, 2]",[1]
143,diprotic,2,8,10.54,7.23,3.3099999999999987,0.10588061724692284,0.12007463215179347,0.2862243063939953,0.3613880795398383,0.5068529320588642,0.5,1.0,0.0,1.0,0.44378753162412465,0.10097003814049378,0.0,6.932146122176199,"[4.7435, 3.7629, 2.8313]","[0.1189, 0.1201, 0.0786]","[0.4750, 0.0897, 0.3237]","[4.4944, 3.3509, 2.6341]","[2.7657, 5.2504]","[0, 2]",[1]
143,diprotic,2,9,6.85,7.23,0.3800000000000008,0.10738894470329789,0.12248808364476808,0.2874916472667366,0.3630273632939186,0.5091612646074832,0.5,1.0,0.0,1.0,0.4441237924221779,0.10019217216755809,0.0,3.2513626303058114,"[4.7412, 3.7613, 2.8315]","[0.1225, 0.1190, 0.0806]","[0.4746, 0.0888, 0.3232]","[4.4938, 3.3507, 2.6341]","[2.7657, 5.2504]","[0, 2]",[1]
143,diprotic,2,10,7.39,7.23,0.15999999999999925,0.10870128096210889,0.12418796388995115,0.2889148244031954,0.3661064695376943,0.5137751616737454,0.5,1.0,0.0,1.0,0.4447165245345637,0.10142417636241446,0.0,3.7874887437652793,"[4.7366, 3.7662, 2.8298]","[0.1242, 0.1223, 0.0796]","[0.4748, 0.0901, 0.3233]","[4.4929, 3.3512, 2.6338]","[2.7657, 5.2504]","[0, 2]",[1]
143,diprotic,2,11,7.05,7.23,0.1800000000000006,0.10840786948720545,0.12442759629842871,0.28763096850073544,0.3658948798360645,0.5137890748104077,0.5,1.0,0.0,1.0,0.4448531989157951,0.10165163846940461,0.0,3.4496464763768016,"[4.7366, 3.7596, 2.8272]","[0.1186, 0.1244, 0.0822]","[0.4761, 0.0904, 0.3231]","[4.4932, 3.3499, 2.6332]","[2.7657, 5.2504]","[0, 2]",[1]
143,diprotic,2,12,7.17,7.23,0.0600000000000005,0.10775861452097935,0.12356568414185873,0.29052295310876386,0.36584338939531735,0.5128690780608682,0.5,1.0,0.0,1.0,0.44412296905577797,0.10073459663423599,1.0,3.5693338176514953,"[4.7375, 3.7660, 2.8339]","[0.1171, 0.1236, 0.0826]","[0.4760, 0.0895, 0.3232]","[4.4935, 3.3511, 2.6344]","[2.7657, 5.2504]","[0, 2]",[1]
147,triprotic,3,0,1.64,7.75,6.11,0.20000000000000004,0.2,1.8041700687482896,2.2049126734880513,3.4752619482640688,0.3333333333333333,0.3333333333333333,0.0,0.0,1.8041700687482896,0.0,0.0,,"[3.0936, 3.5468, 3.3209]","[0.2000, 0.2000, 0.2000]","[0.1398, 0.1792, 0.3784]","[3.0936, 3.5468, 3.3209]","[2.6866, 4.8513, 7.0221]","[0, 1, 2]",[]
147,triprotic,3,1,3.38,7.75,4.37,0.1947752110558054,0.19998552198685823,1.8041046289684068,2.2047095544823434,3.472763321484574,0.3333333333333333,0.3333333333333333,0.0,0.0,1.8041626873397878,0.0,0.0,0.30720546573400487,"[3.0902, 3.5493, 3.3153]","[0.2000, 0.1951, 0.1893]","[0.1397, 0.1789, 0.3784]","[3.0930, 3.5472, 3.3200]","[2.6866, 4.8513, 7.0221]","[0, 1, 2]",[]
147,triprotic,3,2,4.81,7.75,2.9400000000000004,0.19236335881678132,0.2005916094423182,1.8019898801131677,2.2100829455370694,3.4877738563119642,0.3333333333333333,0.3333333333333333,0.0,0.0,1.8038267801014074,0.0,0.0,1.4666689915489401,"[3.0760, 3.5343, 3.3225]","[0.2006, 0.1908, 0.1857]","[0.1399, 0.1784, 0.3786]","[3.0908, 3.5448, 3.3212]","[2.6866, 4.8513, 7.0221]","[0, 1, 2]",[]
147,triprotic,3,3,5.75,7.75,2.0,0.19623777083384777,0.20371942202074972,1.796025513295109,2.2053985794986617,3.481122001996907,0.3333333333333333,0.3333333333333333,0.0,0.0,1.8028543901525798,0.0,0.0,2.224958128295839,"[3.0679, 3.5410, 3.3255]","[0.1982, 0.2037, 0.1868]","[0.1398, 0.1790, 0.3785]","[3.0894, 3.5459, 3.3217]","[2.6866, 4.8513, 7.0221]","[0, 1, 2]",[]
147,triprotic,3,4,6.64,7.75,1.1100000000000003,0.19777280634614333,0.2019891304365197,1.788903243162151,2.1988671286196757,3.4695894106044625,0.3333333333333333,0.3333333333333333,0.0,0.0,1.8017027826898648,0.0,0.0,2.956989768762141,"[3.0575, 3.5525, 3.3250]","[0.1928, 0.1985, 0.2020]","[0.1397, 0.1789, 0.3783]","[3.0877, 3.5477, 3.3216]","[2.6866, 4.8513, 7.0221]","[0, 1, 2]",[]
147,triprotic,3,5,7.22,7.75,0.5300000000000002,0.19526579231909466,0.2019055378479695,1.784264039765116,2.1946730262323704,3.46141010479989,0.3333333333333333,0.3333333333333333,0.0,0.0,1.8009415480091089,0.0,0.0,3.3113723856210706,"[3.0493, 3.5607, 3.3226]","[0.1903, 0.1936, 0.2019]","[0.1395, 0.1788, 0.3783]","[3.0864, 3.5491, 3.3212]","[2.6866, 4.8513, 7.0221]","[0, 1, 2]",[]
147,triprotic,3,6,7.65,7.75,0.09999999999999964,0.19319686318257448,0.19676710659159888,1.782752679621235,2.18923468253563,3.44980656824717,0.3333333333333333,0.3333333333333333,0.0,0.0,1.8006988701145865,0.0,1.0,3.488332757353783,"[3.0549, 3.5723, 3.3211]","[0.1940, 0.1888, 0.1968]","[0.1399, 0.1795, 0.3778]","[3.0873, 3.5510, 3.3210]","[2.6866, 4.8513, 7.0221]","[0, 1, 2]",[]
146,diprotic,2,0,1.93,10.46,8.530000000000001,0.20000000000000004,0.2,0.4955601430269141,0.5971582278936579,0.8287539211564559,0.5,1.0,0.0,1.0,0.4955601430269141,0.25061804812959027,0.0,,"[2.6178, 4.8623, 3.7808]","[0.2000, 0.2000, 0.2000]","[0.4965, 0.1235, 0.2074]","[2.6178, 4.8623, 3.7808]","[2.4555, 5.6910]","[0, 1]",[2]
146,diprotic,2,1,3.4,10.46,7.0600000000000005,0.16080664352600202,0.18874544856159578,0.5486593822480803,0.5818079577219993,0.7422398098222507,0.5,1.0,0.0,1.0,0.5055258712489357,0.2509205458010401,0.0,0.028649968653917224,"[2.8106, 4.9488, 3.8150]","[0.1142, 0.1795, 0.1887]","[0.4966, 0.1233, 0.2076]","[2.6520, 4.8765, 3.7863]","[2.4555, 5.6910]","[0, 1]",[2]
146,diprotic,2,2,6.04,10.46,4.420000000000001,0.1641494808451456,0.20044034875674277,0.5418069723678882,0.5737979959726722,0.730723210091905,0.5,1.0,0.0,1.0,0.5044490218981275,0.2509659760734842,0.0,1.8514082412794233,"[2.8084, 4.9603, 3.8077]","[0.1113, 0.1807, 0.2004]","[0.4965, 0.1229, 0.2075]","[2.6517, 4.8784, 3.7851]","[2.4555, 5.6910]","[0, 1]",[2]
146,diprotic,2,3,11.98,10.46,1.5199999999999996,0.16559674500737562,0.19874944817792134,0.546900708042372,0.5789880544331505,0.7369711758142934,0.5,1.0,0.0,1.0,0.5053597142321258,0.25099499996327246,0.0,7.4787579616718,"[2.8123, 4.9541, 3.8088]","[0.1116, 0.1865, 0.1987]","[0.4960, 0.1230, 0.2074]","[2.6524, 4.8773, 3.7853]","[2.4555, 5.6910]","[0, 1]",[2]
146,diprotic,2,4,11.22,10.46,0.7599999999999998,0.1640834532854746,0.18860677396695757,0.5447832283305385,0.5778283484895655,0.7373886136341046,0.5,1.0,0.0,1.0,0.5049298324888325,0.2505967331517321,0.0,6.850738169420511,"[2.8077, 4.9536, 3.8209]","[0.1152, 0.1885, 0.1886]","[0.4958, 0.1231, 0.2070]","[2.6514, 4.8772, 3.7873]","[2.4555, 5.6910]","[0, 1]",[2]
146,diprotic,2,5,6.7,10.46,3.7600000000000007,0.16731196668300943,0.1961495514748151,0.5401221295692122,0.5722285965124019,0.7291026889296193,0.5,1.0,0.0,1.0,0.5041498697676565,0.2503179872824542,0.0,2.4010300774127247,"[2.8066, 4.9619, 3.8275]","[0.1199, 0.1961, 0.1859]","[0.4961, 0.1236, 0.2069]","[2.6511, 4.8784, 3.7884]","[2.4555, 5.6910]","[0, 1]",[2]
146,diprotic,2,6,7.49,10.46,2.9700000000000006,0.17254327315745163,0.2010789882142538,0.5403123103934622,0.5734674173518636,0.7324775674028796,0.5,1.0,0.0,1.0,0.5041466262430558,0.25051163206722615,0.0,3.15454510204494,"[2.8036, 4.9586, 3.8115]","[0.1230, 0.2011, 0.1935]","[0.4956, 0.1233, 0.2069]","[2.6504, 4.8777, 3.7857]","[2.4555, 5.6910]","[0, 1]",[2]
146,diprotic,2,7,11.18,10.46,0.7199999999999989,0.17974441721371215,0.21497826355150032,0.5344135308182218,0.5692040726366787,0.7303611115243456,0.5,1.0,0.0,1.0,0.5033141519052835,0.25039376226851173,0.0,6.810697150249034,"[2.7939, 4.9607, 3.8133]","[0.1198, 0.2150, 0.2044]","[0.4961, 0.1241, 0.2072]","[2.6489, 4.8778, 3.7860]","[2.4555, 5.6910]","[0, 1]",[2]
146,diprotic,2,8,10.75,10.46,0.28999999999999915,0.18064098452344637,0.21250721845335319,0.5312464161144435,0.5643136632549345,0.7215807427656369,0.5,1.0,0.0,1.0,0.5027933787484553,0.24985289408366523,0.0,6.398117559496313,"[2.7964, 4.9695, 3.8197]","[0.1209, 0.2125, 0.2085]","[0.4965, 0.1245, 0.2068]","[2.6493, 4.8792, 3.7870]","[2.4555, 5.6910]","[0, 1]",[2]
146,diprotic,2,9,7.52,10.46,2.9400000000000013,0.1817331897276735,0.21752513341401628,0.5236363054070219,0.5577987828501241,0.7158458312083305,0.5,1.0,0.0,1.0,0.5016223011707537,0.2491592649582899,0.0,3.18438067657873,"[2.7869, 4.9752, 3.8192]","[0.1171, 0.2175, 0.2106]","[0.4972, 0.1247, 0.2064]","[2.6477, 4.8800, 3.7869]","[2.4555, 5.6910]","[0, 1]",[2]
146,diprotic,2,10,9.85,10.46,0.6100000000000012,0.18357185272833784,0.2151207531008084,0.5188463290636718,0.553178890529865,0.7106935905635545,0.5,1.0,0.0,1.0,0.5006547580154221,0.24906621640197307,0.0,5.5057710184715685,"[2.7825, 4.9803, 3.8119]","[0.1237, 0.2118, 0.2151]","[0.4975, 0.1245, 0.2063]","[2.6467, 4.8810, 3.7857]","[2.4555, 5.6910]","[0, 1]",[2]
146,diprotic,2,11,10.7,10.46,0.23999999999999844,0.1842833034215803,0.22110642780633677,0.5205352181024352,0.5563153575930133,0.7168254720858984,0.5,1.0,0.0,1.0,0.5010344295001545,0.24954019131877647,0.0,6.347604229860007,"[2.7797, 4.9742, 3.8105]","[0.1214, 0.2211, 0.2103]","[0.4980, 0.1235, 0.2067]","[2.6463, 4.8798, 3.7855]","[2.4555, 5.6910]","[0, 1]",[2]
146,diprotic,2,12,10.47,10.46,0.009999999999999787,0.18420138489210847,0.21885050620030788,0.5226258641937835,0.560342846662666,0.7247305694376767,0.5,1.0,0.0,1.0,0.5012733186147882,0.2492054861510449,1.0,6.122211526408792,"[2.7760, 4.9663, 3.8154]","[0.1233, 0.2189, 0.2104]","[0.4989, 0.1246, 0.2070]","[2.6456, 4.8786, 3.7863]","[2.4555, 5.6910]","[0, 1]",[2]
148,monoprotic,1,0,1.73,4.89,3.1599999999999997,0.20000000000000004,0.2,0.011398164801741384,0.011398164801741384,0.011398164801741384,1.0,1.0,1.0,1.0,0.011398164801741384,0.5384373876932127,0.0,,"[5.7956, 2.9386, 3.9853]","[0.2000, 0.2000, 0.2000]","[0.0984, 0.1659, 0.0951]","[5.7956, 2.9386, 3.9853]",[2.9500],[1],"[0, 2]"
148,monoprotic,1,1,3.23,4.89,1.6599999999999997,0.20382124180651476,0.20907511091005668,0.00958605204984364,0.00958605204984364,0.00958605204984364,1.0,1.0,1.0,1.0,0.01111043067440276,0.5392360527015765,0.0,0.7570348789263517,"[5.7907, 2.9404, 3.9931]","[0.1999, 0.2091, 0.2025]","[0.0986, 0.1658, 0.0953]","[5.7948, 2.9389, 3.9865]",[2.9500],[1],"[0, 2]"
148,monoprotic,1,2,4.04,4.89,0.8499999999999996,0.17223858323533073,0.18060994781592793,0.1895252361056441,0.1895252361056441,0.1895252361056441,1.0,1.0,1.0,1.0,0.04070324715499263,0.5382767918558439,0.0,0.03160929229576137,"[5.6277, 2.7605, 3.8843]","[0.1568, 0.1793, 0.1806]","[0.0987, 0.1664, 0.0953]","[5.7673, 2.9093, 3.9687]",[2.9500],[1],"[0, 2]"
148,monoprotic,1,3,11.6,4.89,6.71,0.1686359492354487,0.17762788142200345,0.18490698524923754,0.18490698524923754,0.18490698524923754,1.0,1.0,1.0,1.0,0.04024710232554929,0.5377840066854739,0.0,7.511884216126054,"[5.6118, 2.7651, 3.8798]","[0.1580, 0.1703, 0.1776]","[0.0982, 0.1662, 0.0952]","[5.7646, 2.9098, 3.9679]",[2.9500],[1],"[0, 2]"
148,monoprotic,1,4,10.23,4.89,5.340000000000001,0.17252737118714176,0.18150565763459087,0.18496802076414331,0.18496802076414331,0.18496802076414331,1.0,1.0,1.0,1.0,0.04009540439502013,0.5388612576565874,0.0,6.1634787009283905,"[5.6132, 2.7650, 3.8699]","[0.1610, 0.1751, 0.1815]","[0.0980, 0.1654, 0.0953]","[5.7650, 2.9099, 3.9664]",[2.9500],[1],"[0, 2]"
148,monoprotic,1,5,4.05,4.89,0.8399999999999999,0.1476986757464417,0.1640687452236401,0.15877084319704382,0.15877084319704382,0.15877084319704382,1.0,1.0,1.0,1.0,0.03665046080913692,0.5387284445309735,0.0,0.005061126733198584,"[5.6352, 2.7912, 3.8801]","[0.1348, 0.1442, 0.1641]","[0.0980, 0.1656, 0.0954]","[5.7678, 2.9133, 3.9677]",[2.9500],[1],"[0, 2]"
148,monoprotic,1,6,4.39,4.89,0.5,0.15079146272700486,0.16909348302938143,0.16720198395542551,0.16720198395542551,0.16720198395542551,1.0,1.0,1.0,1.0,0.03803186101185485,0.5387497023296187,0.0,0.3317052092030641,"[5.6312, 2.7828, 3.8734]","[0.1370, 0.1463, 0.1691]","[0.0982, 0.1659, 0.0956]","[5.7672, 2.9120, 3.9667]",[2.9500],[1],"[0, 2]"
148,monoprotic,1,7,10.07,4.89,5.180000000000001,0.15615280705175155,0.1751597851681705,0.16525417827277034,0.16525417827277034,0.16525417827277034,1.0,1.0,1.0,1.0,0.03768106724418052,0.5393793511407804,0.0,6.002242731912993,"[5.6254, 2.7847, 3.8776]","[0.1464, 0.1469, 0.1752]","[0.0979, 0.1652, 0.0955]","[5.7665, 2.9123, 3.9675]",[2.9500],[1],"[0, 2]"
148,monoprotic,1,8,4.74,4.89,0.14999999999999947,0.1579448177039516,0.17885761115363036,0.17224656532709393,0.17224656532709393,0.17224656532709393,1.0,1.0,1.0,1.0,0.038760728825282253,0.538518308709604,0.0,0.6772229292057457,"[5.6414, 2.7778, 3.8777]","[0.1444, 0.1506, 0.1789]","[0.0982, 0.1656, 0.0951]","[5.7692, 2.9112, 3.9676]",[2.9500],[1],"[0, 2]"
148,monoprotic,1,9,5.1,4.89,0.20999999999999996,0.15528658989690192,0.1707949865987284,0.18358671524095493,0.18358671524095493,0.18358671524095493,1.0,1.0,1.0,1.0,0.0405326208501009,0.5381264388458752,0.0,1.0341822853311893,"[5.6498, 2.7664, 3.8828]","[0.1398, 0.1552, 0.1708]","[0.0982, 0.1661, 0.0953]","[5.7705, 2.9095, 3.9683]",[2.9500],[1],"[0, 2]"
148,monoprotic,1,10,4.92,4.89,0.03000000000000025,0.1546551350194938,0.16705261934818502,0.17228340138447384,0.17228340138447384,0.17228340138447384,1.0,1.0,1.0,1.0,0.03869505446036481,0.5379799439352708,1.0,0.8551497220341115,"[5.6455, 2.7777, 3.8839]","[0.1441, 0.1528, 0.1671]","[0.0982, 0.1667, 0.0959]","[5.7699, 2.9113, 3.9684]",[2.9500],[1],"[0, 2]"
149,triprotic,3,0,1.74,8.6,6.859999999999999,0.20000000000000004,0.2,1.4608045640766845,1.600085462944275,2.3669980297919126,0.0,0.3333333333333333,0.0,0.0,1.4608045640766845,0.0,0.0,,"[5.0893, 3.3647, 3.6812]","[0.2000, 0.2000, 0.2000]","[0.0626, 0.1456, 0.1602]","[5.0893, 3.3647, 3.6812]","[2.2034, 4.5353, 7.4563]","[0, 1, 2]",[]
149,triprotic,3,1,3.0,8.6,5.6,0.19842846884732748,0.2048443726665966,1.4497989313131516,1.5909978997420786,2.3596997452209,0.0,0.3333333333333333,0.0,0.0,1.4590384506306826,0.0,0.0,0.8727729852544144,"[5.0966, 3.3503, 3.6924]","[0.1870, 0.2034, 0.2048]","[0.0623, 0.1454, 0.1600]","[5.0905, 3.3624, 3.6830]","[2.2034, 4.5353, 7.4563]","[0, 1, 2]",[]
149,triprotic,3,2,4.69,8.6,3.9099999999999993,0.20674329535529853,0.2192873591857026,1.449379578294794,1.5905872683197555,2.3602213027821115,0.0,0.3333333333333333,0.0,0.0,1.4589960112497071,0.0,0.0,0.6402462570089851,"[5.0961, 3.3446, 3.6885]","[0.1940, 0.2193, 0.2069]","[0.0625, 0.1450, 0.1602]","[5.0904, 3.3616, 3.6824]","[2.2034, 4.5353, 7.4563]","[0, 1, 2]",[]
149,triprotic,3,3,6.74,8.6,1.8599999999999994,0.21107282708396588,0.2273274496417324,1.4353640563143495,1.5802160689836515,2.3559707632979494,0.0,0.3333333333333333,0.0,0.0,1.456810473431764,0.0,0.0,2.541252055447549,"[5.1004, 3.3184, 3.7002]","[0.1961, 0.2273, 0.2097]","[0.0626, 0.1452, 0.1608]","[5.0911, 3.3576, 3.6842]","[2.2034, 4.5353, 7.4563]","[0, 1, 2]",[]
149,triprotic,3,4,7.62,8.6,0.9799999999999995,0.20960116570547282,0.22962616733878644,1.431879832250516,1.5793523231894728,2.3592147482557273,0.0,0.3333333333333333,0.0,0.0,1.4562625782887049,0.0,0.0,3.2401686104759575,"[5.0971, 3.3171, 3.7125]","[0.1915, 0.2296, 0.2077]","[0.0628, 0.1454, 0.1605]","[5.0906, 3.3574, 3.6862]","[2.2034, 4.5353, 7.4563]","[0, 1, 2]",[]
149,triprotic,3,5,8.19,8.6,0.41000000000000014,0.21050389157027102,0.2352215317773903,1.434590138315092,1.5830348928141402,2.3671639748060542,0.0,0.3333333333333333,0.0,0.0,1.4567263234015624,0.0,0.0,3.553736288622021,"[5.0892, 3.3119, 3.7072]","[0.1894, 0.2352, 0.2069]","[0.0630, 0.1452, 0.1610]","[5.0893, 3.3566, 3.6853]","[2.2034, 4.5353, 7.4563]","[0, 1, 2]",[]
149,triprotic,3,6,8.91,8.6,0.3100000000000005,0.21211985302857514,0.2325821963826562,1.437083712406601,1.5848438655937456,2.3697774968600287,0.0,0.3333333333333333,0.0,0.0,1.4571299798241413,0.0,0.0,3.7338656967878343,"[5.0866, 3.3059, 3.6962]","[0.1935, 0.2326, 0.2103]","[0.0622, 0.1454, 0.1612]","[5.0889, 3.3557, 3.6836]","[2.2034, 4.5353, 7.4563]","[0, 1, 2]",[]
149,triprotic,3,7,8.44,8.6,0.16000000000000014,0.216891696935163,0.2391746992373098,1.4431467972198524,1.5883250058688405,2.3696047608281123,0.0,0.3333333333333333,0.0,0.0,1.4581040004513681,0.0,0.0,3.649508545696735,"[5.0867, 3.3115, 3.6835]","[0.2012, 0.2392, 0.2103]","[0.0628, 0.1450, 0.1610]","[5.0889, 3.3566, 3.6815]","[2.2034, 4.5353, 7.4563]","[0, 1, 2]",[]
149,triprotic,3,8,8.62,8.6,0.019999999999999574,0.21345281438367966,0.23240006406438632,1.4387789286481931,1.5867049180732897,2.373186002044827,0.0,0.3333333333333333,0.0,0.0,1.4574007235150077,0.0,1.0,3.695429417192935,"[5.0832, 3.3034, 3.6921]","[0.2002, 0.2324, 0.2077]","[0.0623, 0.1448, 0.1616]","[5.0883, 3.3553, 3.6829]","[2.2034, 4.5353, 7.4563]","[0, 1, 2]",[]
150,monoprotic,1,0,2.26,10.15,7.890000000000001,0.20000000000000004,0.2,1.2525289195352425,1.2525289195352425,1.2525289195352425,0.0,0.0,0.0,0.0,1.2525289195352425,0.8322930095552012,0.0,,"[3.7375, 2.3457, 2.2949]","[0.2000, 0.2000, 0.2000]","[0.1242, 0.1714, 0.4448]","[3.7375, 2.3457, 2.2949]",[4.9900],[0],"[1, 2]"
150,monoprotic,1,1,5.89,10.15,4.260000000000001,0.1985750670429668,0.20449164887855506,1.2498411158936835,1.2498411158936835,1.2498411158936835,0.0,0.0,0.0,0.0,1.2520952604214175,0.8323409835756304,0.0,3.243558287490159,"[3.7402, 2.3381, 2.2961]","[0.1957, 0.1955, 0.2045]","[0.1241, 0.1711, 0.4450]","[3.7379, 2.3445, 2.2951]",[4.9900],[0],"[1, 2]"
150,monoprotic,1,2,12.3,10.15,2.1500000000000004,0.1971317356948374,0.2064539021388097,1.2353001011824163,1.2353001011824163,1.2353001011824163,0.0,0.0,0.0,0.0,1.2497257916690243,0.8319856513193662,0.0,9.508111637970433,"[3.7547, 2.3221, 2.2982]","[0.1887, 0.1962, 0.2065]","[0.1243, 0.1710, 0.4447]","[3.7403, 2.3419, 2.2954]",[4.9900],[0],"[1, 2]"
150,monoprotic,1,3,11.84,10.15,1.6899999999999995,0.19460621970158923,0.20578813242301983,1.241290262726905,1.241290262726905,1.241290262726905,0.0,0.0,0.0,0.0,1.2507189960112437,0.8317912352122324,0.0,9.115412899907678,"[3.7487, 2.3329, 2.2917]","[0.1973, 0.1807, 0.2058]","[0.1245, 0.1707, 0.4450]","[3.7393, 2.3436, 2.2944]",[4.9900],[0],"[1, 2]"
150,monoprotic,1,4,5.9,10.15,4.25,0.19146542790451007,0.20023454319636433,1.241704837648331,1.241704837648331,1.241704837648331,0.0,0.0,0.0,0.0,1.2507890639900676,0.8325927450719399,0.0,3.246569996559993,"[3.7483, 2.3389, 2.2707]","[0.1989, 0.1753, 0.2002]","[0.1238, 0.1709, 0.4448]","[3.7392, 2.3446, 2.2910]",[4.9900],[0],"[1, 2]"
150,monoprotic,1,5,11.11,10.15,0.9599999999999991,0.19139421417632888,0.20197398933199037,1.2398477069704317,1.2398477069704317,1.2398477069704317,0.0,0.0,0.0,0.0,1.2504980782970456,0.8322030401188194,0.0,8.419454862377606,"[3.7502, 2.3267, 2.2721]","[0.2020, 0.1721, 0.2001]","[0.1239, 0.1708, 0.4438]","[3.7395, 2.3426, 2.2912]",[4.9900],[0],"[1, 2]"
150,monoprotic,1,6,6.45,10.15,3.7,0.18822190858185303,0.20053789667603694,1.2473877353845424,1.2473877353845424,1.2473877353845424,0.0,0.0,0.0,0.0,1.2517041627608654,0.8313948255031074,0.0,3.7776404100470247,"[3.7426, 2.3243, 2.2755]","[0.2005, 0.1714, 0.1927]","[0.1245, 0.1702, 0.4435]","[3.7383, 2.3422, 2.2917]",[4.9900],[0],"[1, 2]"
150,monoprotic,1,7,10.03,10.15,0.120000000000001,0.1939739766924964,0.21075870370189054,1.2569714689267846,1.2569714689267846,1.2569714689267846,0.0,0.0,0.0,0.0,1.253242884214452,0.8314736182587399,0.0,7.348886717082932,"[3.7330, 2.3286, 2.2759]","[0.1990, 0.1721, 0.2108]","[0.1244, 0.1703, 0.4433]","[3.7368, 2.3429, 2.2919]",[4.9900],[0],"[1, 2]"
150,monoprotic,1,8,10.88,10.15,0.7300000000000004,0.19365619167566586,0.20539446077016751,1.2555875666398126,1.2555875666398126,1.2555875666398126,0.0,0.0,0.0,0.0,1.2530167406754669,0.8318004906376244,0.0,8.193830610364676,"[3.7344, 2.3233, 2.2558]","[0.2054, 0.1717, 0.2039]","[0.1239, 0.1698, 0.4430]","[3.7370, 2.3420, 2.2886]",[4.9900],[0],"[1, 2]"
150,monoprotic,1,9,10.63,10.15,0.4800000000000004,0.19816652344929656,0.21631917973679793,1.2459427480638996,1.2459427480638996,1.2459427480638996,0.0,0.0,0.0,0.0,1.2514922653874008,0.8328771455142863,0.0,7.947508381325752,"[3.7441, 2.3237, 2.2647]","[0.2163, 0.1668, 0.2114]","[0.1232, 0.1710, 0.4430]","[3.7385, 2.3421, 2.2901]",[4.9900],[0],"[1, 2]"
150,monoprotic,1,10,10.03,10.15,0.120000000000001,0.19323368399794003,0.2085057665717969,1.2473852002596866,1.2473852002596866,1.2473852002596866,0.0,0.0,0.0,0.0,1.2517116194028755,0.8316876116711814,0.0,7.349101570639759,"[3.7426, 2.3095, 2.2635]","[0.2085, 0.1692, 0.2020]","[0.1243, 0.1714, 0.4429]","[3.7383, 2.3397, 2.2899]",[4.9900],[0],"[1, 2]"
150,monoprotic,1,11,10.42,10.15,0.2699999999999996,0.19745516076620984,0.20922241923628995,1.2539826699190697,1.2539826699190697,1.2539826699190697,0.0,0.0,0.0,0.0,1.2527597105185397,0.8314422472638218,0.0,7.738715953268111,"[3.7360, 2.3032, 2.2522]","[0.2092, 0.1748, 0.2084]","[0.1246, 0.1706, 0.4441]","[3.7372, 2.3387, 2.2881]",[4.9900],[0],"[1, 2]"
150,monoprotic,1,12,10.27,10.15,0.11999999999999922,0.19749275434925687,0.21018238480443957,1.2470108939517552,1.2470108939517552,1.2470108939517552,0.0,0.0,0.0,0.0,1.2516539163582707,0.8319701877873401,0.0,7.590547897368669,"[3.7430, 2.3054, 2.2518]","[0.2102, 0.1755, 0.2068]","[0.1244, 0.1711, 0.4447]","[3.7383, 2.3391, 2.2880]",[4.9900],[0],"[1, 2]"
150,monoprotic,1,13,10.03,10.15,0.120000000000001,0.19789811692200232,0.2141880530808948,1.2569945193068017,1.2569945193068017,1.2569945193068017,0.0,0.0,0.0,0.0,1.2532336164884583,0.8316800862980432,0.0,7.350706061087548,"[3.7330, 2.3137, 2.2490]","[0.2142, 0.1742, 0.2053]","[0.1246, 0.1700, 0.4454]","[3.7368, 2.3404, 2.2876]",[4.9900],[0],"[1, 2]"
150,monoprotic,1,14,10.12,10.15,0.030000000000001137,0.1963964786311294,0.20821316557238045,1.269356059060124,1.269356059060124,1.269356059060124,0.0,0.0,0.0,0.0,1.2552035746048862,0.8327666724729234,1.0,7.440686964550986,"[3.7206, 2.3120, 2.2430]","[0.2082, 0.1768, 0.2042]","[0.1242, 0.1720, 0.4464]","[3.7348, 2.3402, 2.2866]",[4.9900],[0],"[1, 2]"
151,diprotic,2,0,1.63,7.66,6.03,0.20000000000000004,0.2,0.3962752130586853,0.4640634612235439,0.6377723177164207,0.5,1.0,0.0,1.0,0.3962752130586853,0.5421942568601689,0.0,,"[4.7089, 3.8331, 5.1390]","[0.2000, 0.2000, 0.2000]","[0.2159, 0.1725, 0.4600]","[4.7089, 3.8331, 5.1390]","[3.1953, 4.8637]","[0, 1]",[2]
151,diprotic,2,1,3.76,7.66,3.9000000000000004,0.20160168355385175,0.2068935753678538,0.39185054894960625,0.460476723301007,0.6337016601521896,0.5,1.0,0.0,1.0,0.3955657040283054,0.5422223238737495,0.0,0.398103720052168,"[4.7137, 3.8290, 5.1286]","[0.1958, 0.2069, 0.2021]","[0.2157, 0.1728, 0.4602]","[4.7097, 3.8325, 5.1374]","[3.1953, 4.8637]","[0, 1]",[2]
151,diprotic,2,2,4.78,7.66,2.88,0.19956550909233386,0.2069806670769618,0.3811380799638848,0.4514075342363295,0.6230110341500987,0.5,1.0,0.0,1.0,0.3938421634042397,0.5424050413395409,0.0,0.36913091034628476,"[4.7244, 3.8183, 5.1299]","[0.1913, 0.2070, 0.2005]","[0.2158, 0.1727, 0.4605]","[4.7114, 3.8308, 5.1376]","[3.1953, 4.8637]","[0, 1]",[2]
151,diprotic,2,3,5.75,7.66,1.9100000000000001,0.20450875482622113,0.21508710230475378,0.38095498043858256,0.4554900084881735,0.6306436880558786,0.5,1.0,0.0,1.0,0.39382564501070805,0.5420942971355914,0.0,1.1047169244848192,"[4.7324, 3.8260, 5.1297]","[0.1997, 0.2151, 0.1987]","[0.2155, 0.1734, 0.4604]","[4.7127, 3.8320, 5.1375]","[3.1953, 4.8637]","[0, 1]",[2]
151,diprotic,2,4,11.81,7.66,4.15,0.20222099184618272,0.21562105930005193,0.38062500811008126,0.4526477181635824,0.6256037009792745,0.5,1.0,0.0,1.0,0.39377402182544374,0.5415088785522201,0.0,6.921723397858441,"[4.7280, 3.8209, 5.1328]","[0.1961, 0.2156, 0.1949]","[0.2157, 0.1741, 0.4604]","[4.7120, 3.8312, 5.1380]","[3.1953, 4.8637]","[0, 1]",[2]
151,diprotic,2,5,11.15,7.66,3.49,0.20653472701519515,0.2259380288793215,0.3651564452750029,0.43586436729576633,0.6031449264085706,0.5,1.0,0.0,1.0,0.391368929918823,0.5417109288456574,0.0,6.3951715306378905,"[4.7365, 3.7985, 5.1410]","[0.2012, 0.2259, 0.1925]","[0.2153, 0.1739, 0.4600]","[4.7133, 3.8277, 5.1394]","[3.1953, 4.8637]","[0, 1]",[2]
151,diprotic,2,6,5.75,7.66,1.9100000000000001,0.20358362732759874,0.23116594429287649,0.3756983263381293,0.4471048696761224,0.6180896052134859,0.5,1.0,0.0,1.0,0.3930188847435667,0.5420488690153501,0.0,1.1047541559673846,"[4.7304, 3.8134, 5.1403]","[0.1943, 0.2312, 0.1853]","[0.2158, 0.1733, 0.4606]","[4.7124, 3.8301, 5.1392]","[3.1953, 4.8637]","[0, 1]",[2]
151,diprotic,2,7,6.32,7.66,1.3399999999999999,0.20394875991890934,0.23536571342644225,0.37196170702621756,0.4438223317055782,0.6140830621907685,0.5,1.0,0.0,1.0,0.39242562130016645,0.5427222229526965,0.0,1.6220873162895444,"[4.7338, 3.8094, 5.1454]","[0.1889, 0.2354, 0.1876]","[0.2156, 0.1728, 0.4610]","[4.7129, 3.8295, 5.1401]","[3.1953, 4.8637]","[0, 1]",[2]
151,diprotic,2,8,11.11,7.66,3.4499999999999993,0.20580538905124648,0.23757761724422086,0.3675055238620353,0.43917778787990747,0.6079568064495482,0.5,1.0,0.0,1.0,0.39172841316047236,0.5427127681846877,0.0,6.354686318561434,"[4.7366, 3.8033, 5.1531]","[0.1868, 0.2376, 0.1931]","[0.2155, 0.1725, 0.4604]","[4.7134, 3.8285, 5.1413]","[3.1953, 4.8637]","[0, 1]",[2]
151,diprotic,2,9,10.29,7.66,2.629999999999999,0.21007721420912906,0.241856588163239,0.36756593630789225,0.4459332422080671,0.620057003421763,0.5,1.0,0.0,1.0,0.39168498770382354,0.542649762131694,0.0,5.563412848822772,"[4.7486, 3.8154, 5.1488]","[0.1863, 0.2419, 0.2020]","[0.2155, 0.1725, 0.4603]","[4.7154, 3.8304, 5.1406]","[3.1953, 4.8637]","[0, 1]",[2]
151,diprotic,2,10,6.34,7.66,1.3200000000000003,0.20912733814974527,0.24443182613177555,0.36469345851135393,0.4410661042296511,0.6127619765045664,0.5,1.0,0.0,1.0,0.3912606331221917,0.5434611760491292,0.0,1.6400577278435229,"[4.7470, 3.8081, 5.1430]","[0.1862, 0.2444, 0.1967]","[0.2154, 0.1721, 0.4613]","[4.7151, 3.8293, 5.1397]","[3.1953, 4.8637]","[0, 1]",[2]
151,diprotic,2,11,6.75,7.66,0.9100000000000001,0.2069620166672839,0.2440896650949834,0.36051269194513735,0.43631412057320157,0.60627804906049,0.5,1.0,0.0,1.0,0.3906127318029873,0.543413493486707,0.0,2.037259567063302,"[4.7489, 3.8016, 5.1384]","[0.1860, 0.2441, 0.1908]","[0.2154, 0.1723, 0.4615]","[4.7154, 3.8283, 5.1389]","[3.1953, 4.8637]","[0, 1]",[2]
151,diprotic,2,12,10.28,7.66,2.619999999999999,0.20907314643240668,0.25019790432536954,0.3545199879338532,0.4333496954725993,0.6037338252735465,0.5,1.0,0.0,1.0,0.38968711909315257,0.5431008187120144,0.0,5.553890954907983,"[4.7584, 3.7991, 5.1416]","[0.1900, 0.2502, 0.1871]","[0.2156, 0.1735, 0.4624]","[4.7169, 3.8280, 5.1395]","[3.1953, 4.8637]","[0, 1]",[2]
151,diprotic,2,13,7.43,7.66,0.23000000000000043,0.207358898663779,0.24688113020953834,0.3628768274385765,0.4422424441273591,0.6156589223263551,0.5,1.0,0.0,1.0,0.39098887313873565,0.5432795037923681,0.0,2.710457663349807,"[4.7536, 3.8110, 5.1508]","[0.1945, 0.2469, 0.1807]","[0.2158, 0.1731, 0.4626]","[4.7161, 3.8298, 5.1410]","[3.1953, 4.8637]","[0, 1]",[2]
151,diprotic,2,14,9.68,7.66,2.0199999999999996,0.20937657113964148,0.24876162104440652,0.36504615196356105,0.440343321404044,0.6113052586819561,0.5,1.0,0.0,1.0,0.39135865747795173,0.5437906770289983,0.0,4.956250668801367,"[4.7449, 3.8066, 5.1516]","[0.1924, 0.2488, 0.1870]","[0.2163, 0.1725, 0.4635]","[4.7147, 3.8291, 5.1411]","[3.1953, 4.8637]","[0, 1]",[2]
151,diprotic,2,15,8.64,7.66,0.9800000000000004,0.21569066718937444,0.26257943511562293,0.36183284516205694,0.4396039797862863,0.6114899123679995,0.5,1.0,0.0,1.0,0.39088275260379945,0.5436797999909799,0.0,3.918068114072085,"[4.7515, 3.8068, 5.1458]","[0.1952, 0.2626, 0.1893]","[0.2163, 0.1730, 0.4638]","[4.7158, 3.8292, 5.1401]","[3.1953, 4.8637]","[0, 1]",[2]
151,diprotic,2,16,7.6,7.66,0.0600000000000005,0.21338704554628785,0.2585807469557316,0.3637550996392718,0.4434723201591375,0.6174279721222238,0.5,1.0,0.0,1.0,0.3911485183904231,0.5437614640466036,1.0,2.8793990857899185,"[4.7536, 3.8128, 5.1403]","[0.1955, 0.2586, 0.1861]","[0.2176, 0.1721, 0.4644]","[4.7161, 3.8301, 5.1392]","[3.1953, 4.8637]","[0, 1]",[2]
153,monoprotic,1,0,1.77,3.62,1.85,0.20000000000000004,0.2,0.8911161476585696,0.8911161476585696,0.8911161476585696,0.0,1.0,0.0,1.0,0.8911161476585696,0.8487059974559973,0.0,,"[4.3211, 5.5570, 4.5781]","[0.2000, 0.2000, 0.2000]","[0.0925, 0.1409, 0.3780]","[4.3211, 5.5570, 4.5781]",[3.4300],[0],"[1, 2]"
153,monoprotic,1,1,3.4,3.62,0.2200000000000002,0.20095071974229883,0.2047148532107371,0.8929914446614613,0.8929914446614613,0.8929914446614613,0.0,1.0,0.0,1.0,0.8914174906107548,0.8485441718756626,0.0,0.795938551798463,"[4.3230, 5.5655, 4.5817]","[0.1991, 0.1990, 0.2047]","[0.0925, 0.1407, 0.3778]","[4.3214, 5.5583, 4.5787]",[3.4300],[0],"[1, 2]"
153,monoprotic,1,2,3.46,3.62,0.16000000000000014,0.19893869105181738,0.2089477236869481,0.8935112159202059,0.8935112159202059,0.8935112159202059,0.0,1.0,0.0,1.0,0.8915052678554445,0.849035252496544,0.0,0.7859828308783472,"[4.3235, 5.5681, 4.5820]","[0.1899, 0.1980, 0.2089]","[0.0922, 0.1407, 0.3779]","[4.3215, 5.5588, 4.5787]",[3.4300],[0],"[1, 2]"
153,monoprotic,1,3,3.54,3.62,0.08000000000000007,0.20545110122264423,0.21643774017689058,0.8878215162830707,0.8878215162830707,0.8878215162830707,0.0,1.0,0.0,1.0,0.8905840457705021,0.849242251499173,1.0,0.7558093308843672,"[4.3178, 5.5697, 4.5751]","[0.1949, 0.2050, 0.2164]","[0.0921, 0.1408, 0.3778]","[4.3206, 5.5590, 4.5776]",[3.4300],[0],"[1, 2]"
156,diprotic,2,0,1.8,6.09,4.29,0.20000000000000004,0.2,1.5269546999775596,1.942559052215447,2.727764849651777,0.5,0.5,0.0,0.0,1.5269546999775596,0.27193269718652696,0.0,,"[3.1028, 3.7170, 3.0122]","[0.2000, 0.2000, 0.2000]","[0.3901, 0.4584, 0.3169]","[3.1028, 3.7170, 3.0122]","[3.4289, 6.4447]","[0, 1]",[2]
156,diprotic,2,1,3.95,6.09,2.1399999999999997,0.19769977164255836,0.20040139320111547,1.5208344928606563,1.9344900959511302,2.7163738592799653,0.5,0.5,0.0,0.0,1.5259723759034285,0.27176996158395145,0.0,0.9214276790618898,"[3.1036, 3.7284, 3.0192]","[0.1961, 0.2004, 0.1966]","[0.3903, 0.4584, 0.3167]","[3.1029, 3.7188, 3.0133]","[3.4289, 6.4447]","[0, 1]",[2]
156,diprotic,2,2,5.63,6.09,0.45999999999999996,0.2012369808518261,0.20350750385390212,1.5192469636271484,1.941220766992848,2.727645378767615,0.5,0.5,0.0,0.0,1.525715980078879,0.2715997924318129,0.0,2.4408871462754904,"[3.1181, 3.7171, 3.0121]","[0.1990, 0.2035, 0.2012]","[0.3902, 0.4586, 0.3165]","[3.1052, 3.7170, 3.0122]","[3.4289, 6.4447]","[0, 1]",[2]
156,diprotic,2,3,5.88,6.09,0.20999999999999996,0.19796313524112072,0.19902243606120396,1.519913467976068,1.9380804411831944,2.722418705537139,0.5,0.5,0.0,0.0,1.525821132603121,0.27195035732204437,0.0,2.660015672557056,"[3.1115, 3.7223, 3.0067]","[0.1967, 0.1990, 0.1982]","[0.3899, 0.4586, 0.3169]","[3.1042, 3.7178, 3.0113]","[3.4289, 6.4447]","[0, 1]",[2]
156,diprotic,2,4,6.0,6.09,0.08999999999999986,0.20513586288577998,0.21138878502588432,1.5154932851441187,1.927484878378324,2.706492050492005,0.5,0.5,0.0,0.0,1.5251377155012307,0.2722551452552561,1.0,2.7611732436344028,"[3.1044, 3.7382, 3.0059]","[0.1977, 0.2114, 0.2064]","[0.3901, 0.4586, 0.3175]","[3.1031, 3.7203, 3.0112]","[3.4289, 6.4447]","[0, 1]",[2]
154,monoprotic,1,0,1.9,6.57,4.67,0.20000000000000004,0.2,0.8405554867775171,0.8405554867775171,0.8405554867775171,0.0,1.0,0.0,1.0,0.8405554867775171,0.9592037796735406,0.0,,"[4.9606, 5.8347, 2.3338]","[0.2000, 0.2000, 0.2000]","[0.0167, 0.3086, 0.0832]","[4.9606, 5.8347, 2.3338]",[4.1200],[0],"[1, 2]"
154,monoprotic,1,1,4.69,6.57,1.88,0.20644882093708136,0.2080032526653056,0.8227173619887367,0.8227173619887367,0.8227173619887367,0.0,1.0,0.0,1.0,0.8377058560639892,0.9586765600066236,0.0,0.4709737086063255,"[4.9427, 5.8252, 2.3229]","[0.2040, 0.2073, 0.2080]","[0.0169, 0.3088, 0.0831]","[4.9577, 5.8332, 2.3320]",[4.1200],[0],"[1, 2]"
154,monoprotic,1,2,11.67,6.57,5.1,0.19972718743362675,0.20833996370376448,0.8361219455078652,0.8361219455078652,0.8361219455078652,0.0,1.0,0.0,1.0,0.8398508880283018,0.9587680611132389,0.0,7.372878410927951,"[4.9561, 5.8191, 2.3212]","[0.2083, 0.1942, 0.1967]","[0.0168, 0.3084, 0.0833]","[4.9599, 5.8322, 2.3317]",[4.1200],[0],"[1, 2]"
154,monoprotic,1,3,5.34,6.57,1.2300000000000004,0.19941366104989466,0.20428851123979705,0.831781278046904,0.831781278046904,0.831781278046904,0.0,1.0,0.0,1.0,0.8391542338033311,0.9600644663259438,0.0,1.0804603500617667,"[4.9518, 5.8265, 2.3102]","[0.2043, 0.2028, 0.1912]","[0.0163, 0.3077, 0.0833]","[4.9592, 5.8334, 2.3299]",[4.1200],[0],"[1, 2]"
154,monoprotic,1,4,10.95,6.57,4.379999999999999,0.193938869560184,0.19854753830880142,0.8390670189946334,0.8390670189946334,0.8390670189946334,0.0,1.0,0.0,1.0,0.8403150362263103,0.960270025552893,0.0,6.671549302688799,"[4.9591, 5.8205, 2.3047]","[0.1947, 0.1985, 0.1886]","[0.0162, 0.3076, 0.0832]","[4.9603, 5.8324, 2.3290]",[4.1200],[0],"[1, 2]"
154,monoprotic,1,5,5.88,6.57,0.6900000000000004,0.19029350472884474,0.19951335359927572,0.8340519619571003,0.8340519619571003,0.8340519619571003,0.0,1.0,0.0,1.0,0.8394935873450295,0.9600169837665081,0.0,1.6112226274516432,"[4.9541, 5.8218, 2.2917]","[0.1857, 0.1995, 0.1857]","[0.0163, 0.3078, 0.0833]","[4.9595, 5.8326, 2.3269]",[4.1200],[0],"[1, 2]"
154,monoprotic,1,6,9.58,6.57,3.01,0.18283186765227125,0.18787569341652288,0.8386894154868116,0.8386894154868116,0.8386894154868116,0.0,1.0,0.0,1.0,0.8402515769006644,0.9601929293818475,0.0,5.307611429523677,"[4.9587, 5.8244, 2.2810]","[0.1879, 0.1864, 0.1742]","[0.0162, 0.3084, 0.0829]","[4.9603, 5.8330, 2.3250]",[4.1200],[0],"[1, 2]"
154,monoprotic,1,7,6.26,6.57,0.3100000000000005,0.1860407001487824,0.19643932376221032,0.8303825078441269,0.8303825078441269,0.8303825078441269,0.0,1.0,0.0,1.0,0.8389155028074216,0.9601661581880468,0.0,1.9898761659767477,"[4.9504, 5.8140, 2.2970]","[0.1964, 0.1862, 0.1755]","[0.0163, 0.3092, 0.0828]","[4.9589, 5.8313, 2.3277]",[4.1200],[0],"[1, 2]"
154,monoprotic,1,8,6.56,6.57,0.010000000000000675,0.1867169075050932,0.19674834050083226,0.8389836608489913,0.8389836608489913,0.8389836608489913,0.0,1.0,0.0,1.0,0.8403021865072304,0.9606631170386154,1.0,2.2890999839315187,"[4.9590, 5.8146, 2.3097]","[0.1967, 0.1796, 0.1838]","[0.0161, 0.3098, 0.0833]","[4.9603, 5.8314, 2.3298]",[4.1200],[0],"[1, 2]"
152,triprotic,3,0,3.04,3.96,0.9199999999999999,0.20000000000000004,0.2,0.8580808086343238,1.1466509644245741,1.9334376834003963,0.6666666666666666,0.6666666666666666,0.0,0.0,0.8580808086343238,0.0,0.0,,"[3.4166, 5.3307, 4.4404]","[0.2000, 0.2000, 0.2000]","[0.0571, 0.1352, 0.4664]","[3.4166, 5.3307, 4.4404]","[3.1177, 4.0984, 7.2642]","[0, 1, 2]",[]
152,triprotic,3,1,2.96,3.96,1.0,0.20610743490239616,0.21152634916626337,0.8632516636855597,1.1517916873862641,1.9413975946411481,0.6666666666666666,0.6666666666666666,0.0,0.0,0.8589056310822502,0.0,0.0,0.34832205992192034,"[3.4237, 5.3228, 4.4408]","[0.1981, 0.2115, 0.2087]","[0.0565, 0.1348, 0.4666]","[3.4177, 5.3295, 4.4404]","[3.1177, 4.0984, 7.2642]","[0, 1, 2]",[]
152,triprotic,3,2,2.63,3.96,1.33,0.20372887028774275,0.2142963307822064,0.8644124916180305,1.1558706201493596,1.9491986444409983,0.6666666666666666,0.6666666666666666,0.0,0.0,0.8590772204614002,0.0,0.0,0.28169214248657237,"[3.4138, 5.3150, 4.4464]","[0.1879, 0.2143, 0.2090]","[0.0564, 0.1346, 0.4661]","[3.4161, 5.3282, 4.4413]","[3.1177, 4.0984, 7.2642]","[0, 1, 2]",[]
152,triprotic,3,3,2.81,3.96,1.15,0.2047010221342033,0.21195288616605773,0.8650852391561609,1.156895642976067,1.9509118519071587,0.6666666666666666,0.6666666666666666,0.0,0.0,0.8591846601346077,0.0,0.0,0.3136185003072023,"[3.4118, 5.3133, 4.4487]","[0.1928, 0.2120, 0.2094]","[0.0566, 0.1342, 0.4659]","[3.4158, 5.3280, 4.4417]","[3.1177, 4.0984, 7.2642]","[0, 1, 2]",[]
152,triprotic,3,4,2.96,3.96,1.0,0.2071921747795716,0.21438961875239115,0.8618852507886549,1.1527959787407285,1.9437516736564753,0.6666666666666666,0.6666666666666666,0.0,0.0,0.8586651500282733,0.0,0.0,0.34955327395349745,"[3.4025, 5.3204, 4.4556]","[0.1947, 0.2144, 0.2124]","[0.0563, 0.1344, 0.4659]","[3.4143, 5.3291, 4.4428]","[3.1177, 4.0984, 7.2642]","[0, 1, 2]",[]
152,triprotic,3,5,3.1,3.96,0.8599999999999999,0.20361674170132457,0.21482684770419305,0.8677822935709756,1.1629860463798478,1.9617134233894093,0.6666666666666666,0.6666666666666666,0.0,0.0,0.8596132650553233,0.0,0.0,0.38336801677942267,"[3.3971, 5.3025, 4.4607]","[0.1987, 0.2148, 0.1973]","[0.0563, 0.1336, 0.4654]","[3.4134, 5.3263, 4.4437]","[3.1177, 4.0984, 7.2642]","[0, 1, 2]",[]
152,triprotic,3,6,3.23,3.96,0.73,0.20873066374920876,0.21618567930489338,0.8697847472431613,1.167597117603023,1.970329576315006,0.6666666666666666,0.6666666666666666,0.0,0.0,0.8599381885166774,0.0,0.0,0.42691005252301695,"[3.3956, 5.2938, 4.4596]","[0.2113, 0.2162, 0.1987]","[0.0566, 0.1332, 0.4655]","[3.4133, 5.3249, 4.4435]","[3.1177, 4.0984, 7.2642]","[0, 1, 2]",[]
152,triprotic,3,7,3.36,3.96,0.6000000000000001,0.20623108845404436,0.21096044550060275,0.8747415190320992,1.1703536041921878,1.9731383420374948,0.6666666666666666,0.6666666666666666,0.0,0.0,0.8607492346435831,0.0,0.0,0.4759528230503203,"[3.3988, 5.2910, 4.4684]","[0.2110, 0.2062, 0.2016]","[0.0575, 0.1338, 0.4664]","[3.4138, 5.3244, 4.4449]","[3.1177, 4.0984, 7.2642]","[0, 1, 2]",[]
152,triprotic,3,8,3.48,3.96,0.48,0.2002946180465027,0.2100434650122864,0.87141707927854,1.1657000696961288,1.9651793782316087,0.6666666666666666,0.6666666666666666,0.0,0.0,0.8602494403213092,0.0,0.0,0.5367201003059745,"[3.3976, 5.2990, 4.4676]","[0.2100, 0.2014, 0.1894]","[0.0573, 0.1344, 0.4658]","[3.4136, 5.3256, 4.4448]","[3.1177, 4.0984, 7.2642]","[0, 1, 2]",[]
152,triprotic,3,9,3.6,3.96,0.3599999999999999,0.20238529844370987,0.21699163127062754,0.8746127031739747,1.1695630988759615,1.9708868004122255,0.6666666666666666,0.6666666666666666,0.0,0.0,0.8607885057137584,0.0,0.0,0.5820653099566697,"[3.3891, 5.2933, 4.4800]","[0.2170, 0.1939, 0.1963]","[0.0574, 0.1339, 0.4661]","[3.4123, 5.3247, 4.4468]","[3.1177, 4.0984, 7.2642]","[0, 1, 2]",[]
152,triprotic,3,10,3.69,3.96,0.27,0.20433791475293975,0.22145229131664373,0.8785295776382335,1.1767811713851675,1.983995435793843,0.6666666666666666,0.6666666666666666,0.0,0.0,0.8614300115812679,0.0,0.0,0.6062412610650063,"[3.3891, 5.2802, 4.4786]","[0.2215, 0.1894, 0.2021]","[0.0574, 0.1336, 0.4666]","[3.4123, 5.3225, 4.4465]","[3.1177, 4.0984, 7.2642]","[0, 1, 2]",[]
152,triprotic,3,11,3.77,3.96,0.18999999999999995,0.20094409375955266,0.22239113478854688,0.8776182025880003,1.1716769588939517,1.9737933160032233,0.6666666666666666,0.6666666666666666,0.0,0.0,0.8612983608236271,0.0,0.0,0.5996819054894149,"[3.3951, 5.2904, 4.4801]","[0.2224, 0.1825, 0.1980]","[0.0567, 0.1343, 0.4656]","[3.4132, 5.3241, 4.4468]","[3.1177, 4.0984, 7.2642]","[0, 1, 2]",[]
152,triprotic,3,12,3.82,3.96,0.14000000000000012,0.19935070234513175,0.21681135290563083,0.8840141892634192,1.1806053142122448,1.9889563744503507,0.6666666666666666,0.6666666666666666,0.0,0.0,0.8623305762218458,0.0,0.0,0.5976197047345342,"[3.3959, 5.2752, 4.4833]","[0.2168, 0.1841, 0.1971]","[0.0567, 0.1347, 0.4660]","[3.4133, 5.3217, 4.4473]","[3.1177, 4.0984, 7.2642]","[0, 1, 2]",[]
152,triprotic,3,13,3.87,3.96,0.08999999999999986,0.20128632061586807,0.22124232957246312,0.8859286963022693,1.1854611070632468,1.997839579556687,0.6666666666666666,0.6666666666666666,0.0,0.0,0.862659053568215,0.0,1.0,0.5786229913309215,"[3.3893, 5.2663, 4.4868]","[0.2212, 0.1835, 0.1991]","[0.0565, 0.1348, 0.4648]","[3.4123, 5.3202, 4.4478]","[3.1177, 4.0984, 7.2642]","[0, 1, 2]",[]
155,triprotic,3,0,1.59,6.85,5.26,0.20000000000000004,0.2,0.8837112682056065,0.9836008284780928,1.4932525341633784,0.0,0.6666666666666666,0.0,0.0,0.8837112682056065,0.0,0.0,,"[3.9243, 5.1339, 5.9391]","[0.2000, 0.2000, 0.2000]","[0.0918, 0.1041, 0.0215]","[3.9243, 5.1339, 5.9391]","[3.3117, 5.6792, 7.4323]","[0, 1, 2]",[]
155,triprotic,3,1,3.93,6.85,2.9199999999999995,0.19868813115407968,0.20049746814831382,0.8937881558100229,0.9932417118243968,1.5054645166847394,0.0,0.6666666666666666,0.0,0.0,0.8853321892106355,0.0,0.0,0.35775891754776223,"[3.9296, 5.1212, 5.9268]","[0.2005, 0.1991, 0.1964]","[0.0917, 0.1040, 0.0215]","[3.9251, 5.1318, 5.9371]","[3.3117, 5.6792, 7.4323]","[0, 1, 2]",[]
155,triprotic,3,2,5.27,6.85,1.58,0.20387564608462827,0.21475559485755,0.895868825525989,0.9967758207260964,1.5133232852186618,0.0,0.6666666666666666,0.0,0.0,0.885652510921027,0.0,0.0,0.4390891133621331,"[3.9219, 5.1151, 5.9190]","[0.2036, 0.1933, 0.2148]","[0.0915, 0.1045, 0.0217]","[3.9239, 5.1308, 5.9359]","[3.3117, 5.6792, 7.4323]","[0, 1, 2]",[]
155,triprotic,3,3,5.72,6.85,1.13,0.21433460006513852,0.23227474072160847,0.8924304517062759,0.9941492409370667,1.5115172815662596,0.0,0.6666666666666666,0.0,0.0,0.8850933931173143,0.0,0.0,0.6178975010104475,"[3.9145, 5.1163, 5.9208]","[0.2184, 0.1924, 0.2323]","[0.0919, 0.1046, 0.0214]","[3.9227, 5.1310, 5.9362]","[3.3117, 5.6792, 7.4323]","[0, 1, 2]",[]
155,triprotic,3,4,6.12,6.85,0.7299999999999995,0.21029162135412924,0.2377409123413237,0.9015809811285673,1.0020369810608254,1.5194943387571378,0.0,0.6666666666666666,0.0,0.0,0.8865445550379815,0.0,0.0,0.7874611540511252,"[3.9263, 5.1085, 5.9128]","[0.2110, 0.1822, 0.2377]","[0.0919, 0.1043, 0.0222]","[3.9246, 5.1297, 5.9350]","[3.3117, 5.6792, 7.4323]","[0, 1, 2]",[]
155,triprotic,3,5,6.42,6.85,0.4299999999999997,0.2117024822009875,0.23746126939467038,0.8989785386143242,1.0006928934172172,1.520018177266631,0.0,0.6666666666666666,0.0,0.0,0.8861109202584445,0.0,0.0,0.9379888708516955,"[3.9240, 5.1145, 5.9123]","[0.2077, 0.1900, 0.2375]","[0.0915, 0.1047, 0.0220]","[3.9242, 5.1307, 5.9350]","[3.3117, 5.6792, 7.4323]","[0, 1, 2]",[]
155,triprotic,3,6,6.63,6.85,0.21999999999999975,0.21775427020086124,0.25095647425086587,0.898749534632891,1.0016504916609852,1.5238239877572495,0.0,0.6666666666666666,0.0,0.0,0.8860494069514163,0.0,0.0,1.0542129754275082,"[3.9149, 5.1100, 5.9085]","[0.2124, 0.1899, 0.2510]","[0.0915, 0.1053, 0.0216]","[3.9228, 5.1300, 5.9344]","[3.3117, 5.6792, 7.4323]","[0, 1, 2]",[]
155,triprotic,3,7,7.13,6.85,0.28000000000000025,0.2220258420716288,0.25312158281697084,0.8937604044773035,0.9973601896850571,1.5193584611920965,0.0,0.6666666666666666,0.0,0.0,0.8852509917282085,0.0,0.0,1.2902881159633397,"[3.9113, 5.1169, 5.9130]","[0.2149, 0.1980, 0.2531]","[0.0922, 0.1061, 0.0215]","[3.9222, 5.1311, 5.9351]","[3.3117, 5.6792, 7.4323]","[0, 1, 2]",[]
155,triprotic,3,8,7.03,6.85,0.1800000000000006,0.22295133260721375,0.26027008761761133,0.8957501477426763,1.0033866075786684,1.534758163285134,0.0,0.6666666666666666,0.0,0.0,0.8854901729648651,0.0,0.0,1.251478654071689,"[3.9073, 5.1223, 5.8976]","[0.2060, 0.2026, 0.2603]","[0.0926, 0.1059, 0.0222]","[3.9216, 5.1320, 5.9329]","[3.3117, 5.6792, 7.4323]","[0, 1, 2]",[]
155,triprotic,3,9,6.94,6.85,0.09000000000000075,0.22428807639312276,0.26442056856397295,0.8950404240971314,0.9991726794392324,1.5228395594230824,0.0,0.6666666666666666,0.0,0.0,0.8854358768181504,0.0,1.0,1.2082640571147207,"[3.9094, 5.1146, 5.9095]","[0.2168, 0.1916, 0.2644]","[0.0925, 0.1057, 0.0212]","[3.9219, 5.1307, 5.9347]","[3.3117, 5.6792, 7.4323]","[0, 1, 2]",[]
157,diprotic,2,0,2.0,10.25,8.25,0.20000000000000004,0.2,1.0418440370806312,1.1129932981937214,1.4333987385256153,0.0,0.5,0.0,0.0,1.0418440370806312,0.15783051165000028,0.0,,"[4.2646, 5.0515, 3.0701]","[0.2000, 0.2000, 0.2000]","[0.0639, 0.2477, 0.0930]","[4.2646, 5.0515, 3.0701]","[2.4198, 6.4849]","[1, 2]",[0]
157,diprotic,2,1,3.37,10.25,6.88,0.20748594652470684,0.21180672124459018,1.0413787420578615,1.1105918290817605,1.4273120606676395,0.0,0.5,0.0,0.0,1.0417752541771426,0.1570988664927378,0.0,0.6163309946376829,"[4.2524, 5.0576, 3.0753]","[0.2087, 0.2118, 0.2020]","[0.0636, 0.2481, 0.0930]","[4.2627, 5.0524, 3.0709]","[2.4198, 6.4849]","[1, 2]",[0]
157,diprotic,2,2,6.8,10.25,3.45,0.21549776419992947,0.21974704194895212,1.0509174297751351,1.1208173063076867,1.4405377448430778,0.0,0.5,0.0,0.0,1.0432741992573582,0.15709599408807737,0.0,2.596030434546992,"[4.2567, 5.0443, 3.0811]","[0.2146, 0.2197, 0.2122]","[0.0636, 0.2483, 0.0931]","[4.2633, 5.0504, 3.0718]","[2.4198, 6.4849]","[1, 2]",[0]
157,diprotic,2,3,11.78,10.25,1.5299999999999994,0.20958005339862415,0.21012155076992906,1.0512493235563556,1.1205974024908796,1.4393387439115246,0.0,0.5,0.0,0.0,1.0433361291149228,0.1572288549519974,0.0,7.430419483426958,"[4.2509, 5.0455, 3.0830]","[0.2095, 0.2091, 0.2101]","[0.0636, 0.2478, 0.0929]","[4.2624, 5.0505, 3.0721]","[2.4198, 6.4849]","[1, 2]",[0]
157,diprotic,2,4,7.67,10.25,2.58,0.21124369363609508,0.21810097033191858,1.0447741212689008,1.1118969149732973,1.425249856439926,0.0,0.5,0.0,0.0,1.04231215484646,0.15742792343075168,0.0,3.395947983795777,"[4.2437, 5.0596, 3.0841]","[0.2181, 0.2088, 0.2068]","[0.0636, 0.2475, 0.0927]","[4.2613, 5.0528, 3.0723]","[2.4198, 6.4849]","[1, 2]",[0]
157,diprotic,2,5,11.27,10.25,1.0199999999999996,0.20706040851109586,0.21363415157920002,1.0505441997070704,1.121565192196299,1.4433104976606401,0.0,0.5,0.0,0.0,1.0432346113941555,0.15723526405973087,0.0,6.959052999252453,"[4.2423, 5.0416, 3.0776]","[0.2136, 0.2025, 0.2050]","[0.0635, 0.2477, 0.0928]","[4.2611, 5.0499, 3.0713]","[2.4198, 6.4849]","[1, 2]",[0]
157,diprotic,2,6,9.93,10.25,0.3200000000000003,0.20718869733411827,0.21477666126032377,1.0332437321283294,1.1044393683944158,1.4233638527027201,0.0,0.5,0.0,0.0,1.0404678267266854,0.15548327171720047,0.0,5.6389824248105285,"[4.2397, 5.0615, 3.0629]","[0.2128, 0.1940, 0.2148]","[0.0630, 0.2487, 0.0933]","[4.2607, 5.0531, 3.0690]","[2.4198, 6.4849]","[1, 2]",[0]
157,diprotic,2,7,10.97,10.25,0.7200000000000006,0.20979420242160599,0.2136183936119477,1.038234981838567,1.1077572618294418,1.4244917275693476,0.0,0.5,0.0,0.0,1.0412663433939076,0.15392353782013726,0.0,6.669625825975091,"[4.2266, 5.0604, 3.0718]","[0.2136, 0.2041, 0.2116]","[0.0622, 0.2486, 0.0934]","[4.2586, 5.0529, 3.0704]","[2.4198, 6.4849]","[1, 2]",[0]
157,diprotic,2,8,10.72,10.25,0.47000000000000064,0.21191142368807828,0.21996508295481051,1.0425068420392194,1.113462679737501,1.4336316603129138,0.0,0.5,0.0,0.0,1.0419491434226382,0.15618028808845244,0.0,6.424122062074021,"[4.2297, 5.0512, 3.0712]","[0.2200, 0.2044, 0.2114]","[0.0632, 0.2479, 0.0938]","[4.2591, 5.0514, 3.0703]","[2.4198, 6.4849]","[1, 2]",[0]
157,diprotic,2,9,10.03,10.25,0.22000000000000064,0.20901719330227383,0.22668583888670799,1.0408364696581958,1.1118116160184346,1.431713065200813,0.0,0.5,0.0,0.0,1.041681964996061,0.15766806498258695,0.0,5.73899308216758,"[4.2166, 5.0532, 3.0698]","[0.2267, 0.1974, 0.2030]","[0.0639, 0.2478, 0.0938]","[4.2571, 5.0518, 3.0700]","[2.4198, 6.4849]","[1, 2]",[0]
157,diprotic,2,10,10.47,10.25,0.22000000000000064,0.2067014683070784,0.22640228348235658,1.0385956139484311,1.1113025895917388,1.4339594923192127,0.0,0.5,0.0,0.0,1.0413243494036935,0.1562276110955898,0.0,6.177372220233083,"[4.2353, 5.0509, 3.0630]","[0.2264, 0.1918, 0.2019]","[0.0632, 0.2484, 0.0931]","[4.2601, 5.0514, 3.0690]","[2.4198, 6.4849]","[1, 2]",[0]
157,diprotic,2,11,10.3,10.25,0.05000000000000071,0.20539822803683414,0.2354200113601225,1.0345273279677734,1.1047136480238242,1.422013394579161,0.0,0.5,0.0,0.0,1.0406511505263338,0.1564098175395465,1.0,6.008240787498654,"[4.2512, 5.0629, 3.0668]","[0.2354, 0.1842, 0.1965]","[0.0634, 0.2489, 0.0930]","[4.2625, 5.0533, 3.0696]","[2.4198, 6.4849]","[1, 2]",[0]
160,triprotic,3,0,1.69,4.84,3.15,0.20000000000000004,0.2,1.4133778322718193,1.7131153124521248,2.6843829593386093,0.3333333333333333,0.3333333333333333,0.0,0.0,1.4133778322718193,0.0,0.0,,"[5.8079, 4.9001, 5.0729]","[0.2000, 0.2000, 0.2000]","[0.2855, 0.0922, 0.3514]","[5.8079, 4.9001, 5.0729]","[2.2158, 5.4102, 7.0263]","[0, 1, 2]",[]
160,triprotic,3,1,2.66,4.84,2.1799999999999997,0.20684874640908077,0.2136991814731168,1.4186434405223842,1.71347420485772,2.6819089885737193,0.3333333333333333,0.3333333333333333,0.0,0.0,1.41421960790882,0.0,0.0,2.343865116741508,"[5.8054, 4.8977, 5.0571]","[0.2015, 0.2137, 0.2054]","[0.2856, 0.0923, 0.3511]","[5.8075, 4.8998, 5.0704]","[2.2158, 5.4102, 7.0263]","[0, 1, 2]",[]
160,triprotic,3,2,4.29,4.84,0.5499999999999998,0.20535159521031052,0.2193292465337973,1.4256985206696597,1.71768073685768,2.6826546229564214,0.3333333333333333,0.3333333333333333,0.0,0.0,1.415359852795729,0.0,0.0,0.8318567985342815,"[5.7912, 4.8984, 5.0509]","[0.1926, 0.2193, 0.2041]","[0.2853, 0.0924, 0.3503]","[5.8052, 4.8999, 5.0694]","[2.2158, 5.4102, 7.0263]","[0, 1, 2]",[]
160,triprotic,3,3,4.69,4.84,0.14999999999999947,0.2107804115009507,0.2382335663972146,1.425894055452425,1.7181448248062217,2.6856837317039086,0.3333333333333333,0.3333333333333333,0.0,0.0,1.4153870402603115,0.0,0.0,0.4581061060912903,"[5.7968, 4.9014, 5.0478]","[0.1930, 0.2382, 0.2011]","[0.2856, 0.0923, 0.3507]","[5.8061, 4.9003, 5.0689]","[2.2158, 5.4102, 7.0263]","[0, 1, 2]",[]
160,triprotic,3,4,4.79,4.84,0.04999999999999982,0.21774696801784155,0.24412084286867688,1.427804759786886,1.724013193409841,2.702006130654589,0.3333333333333333,0.3333333333333333,0.0,0.0,1.4156356874647276,0.0,1.0,0.36812460356391963,"[5.8082, 4.9178, 5.0470]","[0.2039, 0.2441, 0.2053]","[0.2862, 0.0922, 0.3508]","[5.8079, 4.9028, 5.0688]","[2.2158, 5.4102, 7.0263]","[0, 1, 2]",[]
158,diprotic,2,0,2.7,4.41,1.71,0.20000000000000004,0.2,0.6333420315757148,0.6652329275886654,0.8368431838764643,0.5,1.0,0.0,1.0,0.6333420315757148,0.22621324598279924,0.0,,"[5.3717, 3.5148, 2.8664]","[0.2000, 0.2000, 0.2000]","[0.1122, 0.0199, 0.3638]","[5.3717, 3.5148, 2.8664]","[2.4366, 4.3517]","[1, 2]",[0]
158,diprotic,2,1,2.37,4.41,2.04,0.19407512887554193,0.19898237241387395,0.6343768764763191,0.6663866114944965,0.8384285723067286,0.5,1.0,0.0,1.0,0.6335087599551741,0.22587486415702715,0.0,1.26392639614176,"[5.3714, 3.5132, 2.8669]","[0.1930, 0.1990, 0.1902]","[0.1120, 0.0197, 0.3641]","[5.3717, 3.5146, 2.8665]","[2.4366, 4.3517]","[1, 2]",[0]
158,diprotic,2,2,2.12,4.41,2.29,0.19737073297423433,0.2037779595829733,0.635083983343435,0.6690248795442831,0.8454708259688193,0.5,1.0,0.0,1.0,0.6336137591522546,0.22557120689977866,0.0,1.396176961828023,"[5.3667, 3.5062, 2.8613]","[0.1980, 0.2038, 0.1904]","[0.1119, 0.0198, 0.3642]","[5.3709, 3.5135, 2.8656]","[2.4366, 4.3517]","[1, 2]",[0]
158,diprotic,2,3,2.26,4.41,2.1500000000000004,0.19367946448288978,0.1982547993557169,0.6358984275715704,0.6667325711341239,0.8363117784819418,0.5,1.0,0.0,1.0,0.633760320534561,0.22577554736581412,0.0,1.3230095526762309,"[5.3560, 3.5154, 2.8721]","[0.1975, 0.1983, 0.1853]","[0.1118, 0.0198, 0.3636]","[5.3692, 3.5149, 2.8673]","[2.4366, 4.3517]","[1, 2]",[0]
158,diprotic,2,4,2.39,4.41,2.02,0.19292731984615322,0.20432382612056715,0.6343557719044459,0.6634791962724901,0.8287713025029659,0.5,1.0,0.0,1.0,0.6335207854913838,0.22606050343864037,0.0,1.2433740788977592,"[5.3457, 3.5229, 2.8765]","[0.1875, 0.2043, 0.1870]","[0.1119, 0.0199, 0.3633]","[5.3675, 3.5161, 2.8681]","[2.4366, 4.3517]","[1, 2]",[0]
158,diprotic,2,5,2.53,4.41,1.8800000000000003,0.1927250325570686,0.2010536031920557,0.6343834174375103,0.6641911026212356,0.8311256357881183,0.5,1.0,0.0,1.0,0.6335142040005741,0.22546809609108398,0.0,1.1436530407797547,"[5.3442, 3.5205, 2.8742]","[0.1830, 0.2011, 0.1941]","[0.1115, 0.0198, 0.3633]","[5.3672, 3.5157, 2.8677]","[2.4366, 4.3517]","[1, 2]",[0]
158,diprotic,2,6,2.68,4.41,1.73,0.19593668534075312,0.20415045038324636,0.638864041145611,0.6674351381264304,0.8320541043914886,0.5,1.0,0.0,1.0,0.6342266945429953,0.22614909488301,0.0,1.027529724575579,"[5.3461, 3.5196, 2.8823]","[0.1812, 0.2042, 0.2024]","[0.1118, 0.0194, 0.3633]","[5.3675, 3.5156, 2.8690]","[2.4366, 4.3517]","[1, 2]",[0]
158,diprotic,2,7,2.84,4.41,1.5700000000000003,0.19686766100967024,0.2104944743842329,0.62544763676791,0.6537974333146719,0.8158848638803873,0.5,1.0,0.0,1.0,0.6320954591252865,0.2258557465075018,0.0,0.8981436256691815,"[5.3501, 3.5358, 2.8716]","[0.1793, 0.2105, 0.2008]","[0.1116, 0.0189, 0.3635]","[5.3682, 3.5182, 2.8672]","[2.4366, 4.3517]","[1, 2]",[0]
158,diprotic,2,8,3.02,4.41,1.3900000000000001,0.1938404207406709,0.19979731059746772,0.6197137295178161,0.6465530492422612,0.8040659438565241,0.5,1.0,0.0,1.0,0.6311501033240194,0.22550590999539183,0.0,0.7459917022101581,"[5.3441, 3.5476, 2.8719]","[0.1831, 0.1986, 0.1998]","[0.1112, 0.0188, 0.3631]","[5.3672, 3.5201, 2.8673]","[2.4366, 4.3517]","[1, 2]",[0]
158,diprotic,2,9,3.23,4.41,1.1800000000000002,0.1934285459831991,0.20102418282763132,0.6183206978766191,0.6468784676424043,0.8084029602704463,0.5,1.0,0.0,1.0,0.6309321989181238,0.22581101369967804,0.0,0.5615522640105337,"[5.3512, 3.5433, 2.8648]","[0.1879, 0.2010, 0.1914]","[0.1112, 0.0183, 0.3628]","[5.3684, 3.5194, 2.8662]","[2.4366, 4.3517]","[1, 2]",[0]
158,diprotic,2,10,3.46,4.41,0.9500000000000002,0.19645237395650303,0.2000191260559623,0.6261575944888129,0.6505834370066081,0.8027516922704616,0.5,1.0,0.0,1.0,0.6321990426165849,0.2248879316042686,0.0,0.3550200136005879,"[5.3627, 3.5489, 2.8861]","[0.1947, 0.2000, 0.1946]","[0.1106, 0.0179, 0.3634]","[5.3703, 3.5203, 2.8696]","[2.4366, 4.3517]","[1, 2]",[0]
158,diprotic,2,11,3.69,4.41,0.7200000000000002,0.1961981394641672,0.20164624065175848,0.6171911533767838,0.6413889530083864,0.7917043885041788,0.5,1.0,0.0,1.0,0.6307636782664905,0.22401809695677344,0.0,0.14962495322339242,"[5.3570, 3.5600, 2.8793]","[0.1927, 0.2016, 0.1942]","[0.1099, 0.0167, 0.3641]","[5.3694, 3.5221, 2.8685]","[2.4366, 4.3517]","[1, 2]",[0]
158,diprotic,2,12,3.89,4.41,0.52,0.1661655763276522,0.16996357329730544,0.6188482570685614,0.6197982673322262,0.6531517104112425,0.0,1.0,0.0,1.0,0.6310486214412068,0.2264659456657766,0.0,0.028715705950744574,"[5.4972, 3.6985, 3.0211]","[0.1664, 0.1700, 0.1622]","[0.1115, 0.0173, 0.3635]","[5.3927, 3.5454, 2.8924]","[2.4366, 4.3517]","[1, 2]",[0]
158,diprotic,2,13,4.08,4.41,0.33000000000000007,0.16076717599172316,0.16661232060010875,0.6204139101431916,0.6217527675424475,0.6611948376403509,0.0,1.0,0.0,1.0,0.631327835451764,0.22740107385908012,0.0,0.1740566004719586,"[5.4961, 3.6905, 3.0162]","[0.1590, 0.1666, 0.1567]","[0.1116, 0.0172, 0.3618]","[5.3927, 3.5442, 2.8917]","[2.4366, 4.3517]","[1, 2]",[0]
158,diprotic,2,14,4.21,4.41,0.20000000000000018,0.16213053220756551,0.16843943092077196,0.614218224461315,0.6152551331852796,0.6499232892340583,0.0,1.0,0.0,1.0,0.6303269418928983,0.2283632945661154,0.0,0.2881002707080915,"[5.4951, 3.7017, 3.0151]","[0.1614, 0.1684, 0.1566]","[0.1119, 0.0168, 0.3613]","[5.3925, 3.5460, 2.8915]","[2.4366, 4.3517]","[1, 2]",[0]
158,diprotic,2,15,4.3,4.41,0.11000000000000032,0.16710661038584074,0.16990382035553983,0.6227963144031481,0.6235410047278697,0.6532616281697314,0.0,1.0,0.0,1.0,0.6315569466613415,0.2271206275351532,0.0,0.3674279707018284,"[5.5070, 3.6984, 3.0289]","[0.1699, 0.1650, 0.1664]","[0.1108, 0.0166, 0.3606]","[5.3942, 3.5455, 2.8936]","[2.4366, 4.3517]","[1, 2]",[0]
158,diprotic,2,16,4.34,4.41,0.07000000000000028,0.16421102691145925,0.16907216273026746,0.6225540938045686,0.6231605992572751,0.6500410498721041,0.0,1.0,0.0,1.0,0.6314241925245541,0.22506990224091675,1.0,0.4005866898549719,"[5.5117, 3.7016, 3.0316]","[0.1612, 0.1624, 0.1691]","[0.1102, 0.0179, 0.3614]","[5.3953, 3.5462, 2.8939]","[2.4366, 4.3517]","[1, 2]",[0]
162,monoprotic,1,0,2.02,6.44,4.42,0.20000000000000004,0.2,1.0125306632581146,1.0125306632581146,1.0125306632581146,0.0,0.0,0.0,0.0,1.0125306632581146,0.6867110668218243,0.0,,"[5.7948, 5.8185, 2.9175]","[0.2000, 0.2000, 0.2000]","[0.1632, 0.4378, 0.2742]","[5.7948, 5.8185, 2.9175]",[3.9300],[2],"[0, 1]"
162,monoprotic,1,1,4.47,6.44,1.9700000000000006,0.21210013242661754,0.21437488718250033,1.015251658282486,1.015251658282486,1.015251658282486,0.0,0.0,0.0,0.0,1.0129601685760474,0.686595679017925,0.0,0.21670534249395157,"[5.7957, 5.8139, 2.9147]","[0.2144, 0.2080, 0.2140]","[0.1634, 0.4376, 0.2743]","[5.7949, 5.8177, 2.9170]",[3.9300],[2],"[0, 1]"
162,monoprotic,1,2,11.7,6.44,5.259999999999999,0.2129137730316947,0.2164846125030209,0.9918239766807613,0.9918239766807613,0.9918239766807613,0.0,1.0,0.0,1.0,1.0092530523007048,0.6863041775316774,0.0,6.934550159890204,"[5.8127, 5.8217, 2.9382]","[0.2165, 0.2106, 0.2117]","[0.1631, 0.4375, 0.2745]","[5.7976, 5.8190, 2.9207]",[3.9300],[2],"[0, 1]"
162,monoprotic,1,3,5.13,6.44,1.3100000000000005,0.21508848919467152,0.2252340849609058,0.985519573411541,0.985519573411541,0.985519573411541,0.0,1.0,0.0,1.0,1.0083066024385454,0.6872760115091953,0.0,0.3994253723602741,"[5.8077, 5.8154, 2.9445]","[0.2252, 0.1984, 0.2216]","[0.1634, 0.4383, 0.2738]","[5.7968, 5.8180, 2.9217]",[3.9300],[2],"[0, 1]"
162,monoprotic,1,4,10.99,6.44,4.55,0.21756110273525597,0.22754477552598895,0.9829147643779121,0.9829147643779121,0.9829147643779121,0.0,1.0,0.0,1.0,1.0079169351483208,0.6876880014789944,0.0,6.240620066537522,"[5.7896, 5.8007, 2.9471]","[0.2275, 0.2004, 0.2248]","[0.1632, 0.4387, 0.2734]","[5.7940, 5.8156, 2.9221]",[3.9300],[2],"[0, 1]"
162,monoprotic,1,5,5.66,6.44,0.7800000000000002,0.21816006074329256,0.22900918925176275,0.9949993868601581,0.9949993868601581,0.9949993868601581,0.0,1.0,0.0,1.0,1.0097891485460533,0.6874637032735537,0.0,0.9216611707489939,"[5.7928, 5.8109, 2.9350]","[0.2290, 0.2038, 0.2217]","[0.1633, 0.4387, 0.2737]","[5.7945, 5.8173, 2.9202]",[3.9300],[2],"[0, 1]"
162,monoprotic,1,6,9.88,6.44,3.4400000000000004,0.2101863725401835,0.2203083725202551,1.0014108276177351,1.0014108276177351,1.0014108276177351,0.0,0.0,0.0,0.0,1.0107888787972827,0.6872527864540493,0.0,5.136927638547496,"[5.7966, 5.8143, 2.9286]","[0.2130, 0.1972, 0.2203]","[0.1625, 0.4391, 0.2738]","[5.7951, 5.8178, 2.9192]",[3.9300],[2],"[0, 1]"
162,monoprotic,1,7,6.01,6.44,0.4300000000000006,0.2036902503776059,0.2158540238646658,0.9902173889714394,0.9902173889714394,0.9902173889714394,0.0,1.0,0.0,1.0,1.009016603353694,0.6874675142098663,0.0,1.2691899710241703,"[5.8012, 5.8098, 2.9398]","[0.2004, 0.1948, 0.2159]","[0.1629, 0.4383, 0.2733]","[5.7958, 5.8171, 2.9210]",[3.9300],[2],"[0, 1]"
162,monoprotic,1,8,6.37,6.44,0.07000000000000028,0.20507365733046365,0.21252119242637355,0.985478785462143,0.985478785462143,0.985478785462143,0.0,1.0,0.0,1.0,1.0082531036548104,0.6874519013203526,1.0,1.6275466323178263,"[5.8118, 5.8153, 2.9445]","[0.2124, 0.1903, 0.2125]","[0.1626, 0.4374, 0.2728]","[5.7975, 5.8180, 2.9217]",[3.9300],[2],"[0, 1]"
163,triprotic,3,0,1.98,2.98,1.0,0.20000000000000004,0.2,0.9616234853140586,1.4260269635255305,2.447951786081865,0.6666666666666666,0.6666666666666666,0.0,0.0,0.9616234853140586,0.0,0.0,,"[5.0656, 2.2164, 5.5420]","[0.2000, 0.2000, 0.2000]","[0.4331, 0.1778, 0.2041]","[5.0656, 2.2164, 5.5420]","[2.5146, 4.9270, 7.9899]","[0, 1, 2]",[]
163,triprotic,3,1,2.24,2.98,0.7399999999999998,0.202797674377864,0.21103637491021413,0.9586677402171375,1.4207387214016527,2.4383948020595767,0.6666666666666666,0.6666666666666666,0.0,0.0,0.9611564741262485,0.0,0.0,1.0009099591895936,"[5.0622, 2.2122, 5.5515]","[0.2000, 0.1973, 0.2110]","[0.4331, 0.1779, 0.2040]","[5.0651, 2.2157, 5.5435]","[2.5146, 4.9270, 7.9899]","[0, 1, 2]",[]
163,triprotic,3,2,2.5,2.98,0.48,0.20646266327454635,0.21742132408109327,0.9566597583238753,1.4125096445539427,2.4221454505410334,0.6666666666666666,0.6666666666666666,0.0,0.0,0.9608472155057095,0.0,0.0,0.8691863026469946,"[5.0548, 2.1946, 5.5678]","[0.1974, 0.2046, 0.2174]","[0.4328, 0.1781, 0.2039]","[5.0639, 2.2129, 5.5460]","[2.5146, 4.9270, 7.9899]","[0, 1, 2]",[]
163,triprotic,3,3,2.68,2.98,0.2999999999999998,0.2109423294138825,0.22594695323694147,0.9595672403408737,1.4215465964160854,2.4388185978150565,0.6666666666666666,0.6666666666666666,0.0,0.0,0.9612983864687958,0.0,0.0,0.753143923524767,"[5.0526, 2.2004, 5.5511]","[0.1983, 0.2085, 0.2259]","[0.4329, 0.1782, 0.2037]","[5.0636, 2.2138, 5.5434]","[2.5146, 4.9270, 7.9899]","[0, 1, 2]",[]
163,triprotic,3,4,2.8,2.98,0.18000000000000016,0.20732221372446072,0.21470297042098777,0.9599387187003486,1.4211097374049904,2.4373194230064827,0.6666666666666666,0.6666666666666666,0.0,0.0,0.9613613459659248,0.0,0.0,0.6719745002221318,"[5.0477, 2.1928, 5.5526]","[0.2035, 0.2038, 0.2147]","[0.4328, 0.1782, 0.2036]","[5.0628, 2.2126, 5.5436]","[2.5146, 4.9270, 7.9899]","[0, 1, 2]",[]
163,triprotic,3,5,2.88,2.98,0.10000000000000009,0.19949005601179004,0.20461935729985967,0.9634255675988709,1.4251687655395429,2.4438609176548765,0.6666666666666666,0.6666666666666666,0.0,0.0,0.9619304849039789,0.0,0.0,0.6133266919106246,"[5.0472, 2.1884, 5.5461]","[0.2046, 0.1932, 0.2006]","[0.4331, 0.1778, 0.2034]","[5.0627, 2.2119, 5.5426]","[2.5146, 4.9270, 7.9899]","[0, 1, 2]",[]
163,triprotic,3,6,2.93,2.98,0.04999999999999982,0.20638272151991766,0.21276213729686272,0.9608777142240106,1.4295346964862896,2.4520669773864503,0.6666666666666666,0.6666666666666666,0.0,0.0,0.9615274799406267,0.0,1.0,0.5755353504139928,"[5.0296, 2.1867, 5.5379]","[0.2128, 0.2024, 0.2040]","[0.4328, 0.1783, 0.2035]","[5.0600, 2.2116, 5.5413]","[2.5146, 4.9270, 7.9899]","[0, 1, 2]",[]
159,triprotic,3,0,2.22,8.49,6.27,0.20000000000000004,0.2,1.693913962337534,1.7545093740594164,2.3028488361619894,0.0,0.0,0.0,0.0,1.693913962337534,0.0,0.0,,"[2.1707, 4.8514, 2.9868]","[0.2000, 0.2000, 0.2000]","[0.4966, 0.2770, 0.1927]","[2.1707, 4.8514, 2.9868]","[3.3721, 5.2897, 6.4288]","[0, 1, 2]",[]
159,triprotic,3,1,4.01,8.49,4.48,0.1971904466574491,0.2036429365751862,1.697179819519459,1.7587797696310121,2.3116194041825278,0.0,0.0,0.0,0.0,1.694442194080568,0.0,0.0,1.0785985302552579,"[2.1724, 4.8487, 2.9780]","[0.2036, 0.1917, 0.1962]","[0.4964, 0.2771, 0.1926]","[2.1709, 4.8510, 2.9854]","[3.3721, 5.2897, 6.4288]","[0, 1, 2]",[]
159,triprotic,3,2,5.22,8.49,3.2700000000000005,0.19757381732658832,0.19983701626212733,1.6939065653192624,1.7564254532312833,2.3115651074696815,0.0,0.0,0.0,0.0,1.693913259899767,0.0,0.0,1.5354607843607662,"[2.1805, 4.8503, 2.9781]","[0.1998, 0.1931, 0.1998]","[0.4961, 0.2774, 0.1928]","[2.1723, 4.8512, 2.9854]","[3.3721, 5.2897, 6.4288]","[0, 1, 2]",[]
159,triprotic,3,3,5.86,8.49,2.63,0.19712263119446294,0.20817610757293206,1.688461174326524,1.752067203937396,2.310808110560234,0.0,0.0,0.0,0.0,1.6930238225435172,0.0,0.0,1.9317565575614575,"[2.1892, 4.8572, 2.9788]","[0.1946, 0.1886, 0.2082]","[0.4963, 0.2776, 0.1930]","[2.1737, 4.8524, 2.9855]","[3.3721, 5.2897, 6.4288]","[0, 1, 2]",[]
159,triprotic,3,4,6.49,8.49,2.0,0.19771788956696498,0.20901407511078562,1.6845933869759306,1.748794301013088,2.3062975256877567,0.0,0.0,0.0,0.0,1.6923910417018668,0.0,0.0,2.320177990254015,"[2.2003, 4.8532, 2.9834]","[0.1872, 0.1970, 0.2090]","[0.4958, 0.2778, 0.1936]","[2.1755, 4.8517, 2.9863]","[3.3721, 5.2897, 6.4288]","[0, 1, 2]",[]
159,triprotic,3,5,7.89,8.49,0.6000000000000005,0.20052543481286142,0.22014474430384834,1.6904097678564856,1.7529370519989556,2.300410644141719,0.0,0.0,0.0,0.0,1.6933417306174288,0.0,0.0,2.9885692888498303,"[2.1962, 4.8340, 2.9892]","[0.1878, 0.1936, 0.2201]","[0.4960, 0.2779, 0.1933]","[2.1748, 4.8486, 2.9872]","[3.3721, 5.2897, 6.4288]","[0, 1, 2]",[]
159,triprotic,3,6,11.28,8.49,2.789999999999999,0.1964567439682495,0.21842253358394909,1.6933220908931574,1.7546428761360529,2.2954036993290536,0.0,0.0,0.0,0.0,1.6938211596233508,0.0,0.0,0.0026392203569418626,"[2.1926, 4.8238, 2.9942]","[0.1818, 0.1892, 0.2184]","[0.4959, 0.2781, 0.1927]","[2.1743, 4.8469, 2.9880]","[3.3721, 5.2897, 6.4288]","[0, 1, 2]",[]
159,triprotic,3,7,10.74,8.49,2.25,0.19431614509815812,0.2138824021531479,1.69416901499537,1.7563347204755524,2.302407650303121,0.0,0.0,0.0,0.0,1.6939512323088033,0.0,0.0,0.00021536111831643723,"[2.1925, 4.8283, 2.9872]","[0.1827, 0.1864, 0.2139]","[0.4957, 0.2788, 0.1932]","[2.1742, 4.8476, 2.9869]","[3.3721, 5.2897, 6.4288]","[0, 1, 2]",[]
159,triprotic,3,8,7.9,8.49,0.5899999999999999,0.19832302462320192,0.21867065529562876,1.688885854333081,1.751212906203592,2.299672840128626,0.0,0.0,0.0,0.0,1.6931004657173265,0.0,0.0,2.9920969694852833,"[2.1931, 4.8408, 2.9900]","[0.1876, 0.1887, 0.2187]","[0.4957, 0.2787, 0.1922]","[2.1743, 4.8497, 2.9873]","[3.3721, 5.2897, 6.4288]","[0, 1, 2]",[]
159,triprotic,3,9,8.67,8.49,0.17999999999999972,0.20044976401310588,0.22409899842479708,1.691350841178761,1.7528599381955414,2.30154451276484,0.0,0.0,0.0,0.0,1.693500456394859,0.0,0.0,3.229163689613342,"[2.1822, 4.8463, 2.9881]","[0.1892, 0.1881, 0.2241]","[0.4957, 0.2787, 0.1922]","[2.1725, 4.8506, 2.9870]","[3.3721, 5.2897, 6.4288]","[0, 1, 2]",[]
159,triprotic,3,10,8.14,8.49,0.34999999999999964,0.20397135285632065,0.23461266443657,1.690321178275494,1.7538397604932603,2.3125898177979733,0.0,0.0,0.0,0.0,1.693298496758655,0.0,0.0,3.080993711352349,"[2.1872, 4.8554, 2.9771]","[0.1858, 0.1915, 0.2346]","[0.4965, 0.2795, 0.1920]","[2.1734, 4.8521, 2.9853]","[3.3721, 5.2897, 6.4288]","[0, 1, 2]",[]
159,triprotic,3,11,8.32,8.49,0.16999999999999993,0.20882351183494344,0.23161201716392582,1.6862558297714865,1.7495450764655265,2.3028503283296944,0.0,0.0,0.0,0.0,1.6926727176849525,0.0,0.0,3.1438370120525363,"[2.1967, 4.8483, 2.9868]","[0.1931, 0.2018, 0.2316]","[0.4960, 0.2788, 0.1910]","[2.1749, 4.8509, 2.9868]","[3.3721, 5.2897, 6.4288]","[0, 1, 2]",[]
159,triprotic,3,12,8.61,8.49,0.11999999999999922,0.2116033641694258,0.23543378870010767,1.687678594347732,1.7501574265441207,2.303662399683802,0.0,0.0,0.0,0.0,1.6929127903840975,0.0,0.0,3.2192069745063776,"[2.1864, 4.8552, 2.9860]","[0.2023, 0.1971, 0.2354]","[0.4963, 0.2789, 0.1897]","[2.1732, 4.8520, 2.9867]","[3.3721, 5.2897, 6.4288]","[0, 1, 2]",[]
159,triprotic,3,13,8.46,8.49,0.02999999999999936,0.21539841449830677,0.23539079787404976,1.6890972848493717,1.751026688304905,2.29952465348258,0.0,0.0,0.0,0.0,1.6931589503060902,0.0,1.0,3.1812355732917794,"[2.1885, 4.8447, 2.9901]","[0.2098, 0.2010, 0.2354]","[0.4960, 0.2796, 0.1889]","[2.1735, 4.8503, 2.9873]","[3.3721, 5.2897, 6.4288]","[0, 1, 2]",[]
165,diprotic,2,0,2.33,3.35,1.02,0.20000000000000004,0.2,0.4879060233696668,0.5455075841052676,0.7318860157378193,0.5,1.0,0.0,1.0,0.4879060233696668,0.2074250490435388,0.0,,"[2.0094, 2.9897, 4.7966]","[0.2000, 0.2000, 0.2000]","[0.3471, 0.2027, 0.4273]","[2.0094, 2.9897, 4.7966]","[2.2534, 4.0647]","[0, 2]",[1]
165,diprotic,2,1,2.03,3.35,1.3200000000000003,0.2020008125659706,0.2085238060705477,0.4909918088846792,0.5500882705068356,0.7390324284560554,0.5,1.0,0.0,1.0,0.48840446943359495,0.20764187873190446,0.0,0.1944477965310214,"[2.0104, 2.9787, 4.8037]","[0.2085, 0.2008, 0.1966]","[0.3471, 0.2029, 0.4272]","[2.0096, 2.9879, 4.7977]","[2.2534, 4.0647]","[0, 2]",[1]
165,diprotic,2,2,1.89,3.35,1.4600000000000002,0.20254724769080254,0.2099756025386354,0.4911469916873177,0.5505706630777591,0.7399494989061584,0.5,1.0,0.0,1.0,0.4884298822365476,0.2076781770124894,0.0,0.14803056871518483,"[2.0110, 2.9650, 4.8047]","[0.2019, 0.2100, 0.1957]","[0.3473, 0.2030, 0.4272]","[2.0097, 2.9858, 4.7979]","[2.2534, 4.0647]","[0, 2]",[1]
165,diprotic,2,3,1.97,3.35,1.3800000000000001,0.20080374204761364,0.20883752674741024,0.49247300194136856,0.5501708184991008,0.7377448345818642,0.5,1.0,0.0,1.0,0.4886421795130065,0.20738913153338218,0.0,0.16567883014678952,"[2.0062, 2.9778, 4.8024]","[0.1977, 0.2088, 0.1959]","[0.3474, 0.2027, 0.4275]","[2.0089, 2.9878, 4.7975]","[2.2534, 4.0647]","[0, 2]",[1]
165,diprotic,2,4,2.06,3.35,1.29,0.20246103298572293,0.21378034090759526,0.4897881952087795,0.5493198458135565,0.7385045333105538,0.5,1.0,0.0,1.0,0.4882152218171225,0.20790285252704585,0.0,0.1940675733517856,"[2.0123, 2.9751, 4.8032]","[0.2033, 0.2138, 0.1903]","[0.3468, 0.2032, 0.4272]","[2.0099, 2.9874, 4.7977]","[2.2534, 4.0647]","[0, 2]",[1]
165,diprotic,2,5,2.14,3.35,1.21,0.2061060427760851,0.22277229838851648,0.4897966810450485,0.5489981299941008,0.7377849024876699,0.5,1.0,0.0,1.0,0.48821557514168346,0.20782638736592732,0.0,0.21229272229596985,"[2.0116, 2.9780, 4.8025]","[0.2046, 0.2228, 0.1910]","[0.3462, 0.2031, 0.4278]","[2.0098, 2.9879, 4.7975]","[2.2534, 4.0647]","[0, 2]",[1]
165,diprotic,2,6,2.22,3.35,1.13,0.20834565294290688,0.22738127404734793,0.4866868438925027,0.5456862591587851,0.7334851611814655,0.5,1.0,0.0,1.0,0.48771163535526396,0.2075511923440159,0.0,0.2314400153979661,"[2.0135, 2.9842, 4.7982]","[0.2018, 0.2274, 0.1959]","[0.3455, 0.2027, 0.4284]","[2.0101, 2.9888, 4.7968]","[2.2534, 4.0647]","[0, 2]",[1]
165,diprotic,2,7,2.3,3.35,1.0500000000000003,0.2016653550307866,0.21518359393367295,0.48675961419571334,0.5419613990400072,0.7250603402488291,0.5,1.0,0.0,1.0,0.48771402516138984,0.20787854179917648,0.0,0.250610280735418,"[2.0049, 2.9795, 4.7898]","[0.2012, 0.2152, 0.1886]","[0.3457, 0.2032, 0.4286]","[2.0087, 2.9881, 4.7955]","[2.2534, 4.0647]","[0, 2]",[1]
165,diprotic,2,8,2.38,3.35,0.9700000000000002,0.20383302753075241,0.2143898104726181,0.4820654331435559,0.5402522417729247,0.725961728541388,0.5,1.0,0.0,1.0,0.4869667181992752,0.20799400969057494,0.0,0.2711894718185066,"[2.0152, 2.9786, 4.7907]","[0.2055, 0.2144, 0.1916]","[0.3463, 0.2034, 0.4283]","[2.0104, 2.9880, 4.7956]","[2.2534, 4.0647]","[0, 2]",[1]
165,diprotic,2,9,2.47,3.35,0.8799999999999999,0.21054379629901102,0.2263160568177198,0.4765741664377878,0.5339587480873508,0.7173832371621662,0.5,1.0,0.0,1.0,0.4860900709581897,0.20821560598081865,0.0,0.30016587886959334,"[2.0176, 2.9930, 4.7821]","[0.2071, 0.2263, 0.1982]","[0.3456, 0.2033, 0.4277]","[2.0107, 2.9902, 4.7943]","[2.2534, 4.0647]","[0, 2]",[1]
165,diprotic,2,10,2.56,3.35,0.79,0.21182863200691837,0.22780093708593568,0.4800932362681358,0.5354939321722609,0.7172940707584425,0.5,1.0,0.0,1.0,0.48666147069246257,0.20778312826797968,0.0,0.32923420745879417,"[2.0105, 2.9919, 4.7820]","[0.2009, 0.2278, 0.2068]","[0.3459, 0.2028, 0.4274]","[2.0096, 2.9901, 4.7943]","[2.2534, 4.0647]","[0, 2]",[1]
165,diprotic,2,11,2.66,3.35,0.69,0.21337387614867986,0.23494642335625224,0.47752430938752943,0.5289875334582638,0.7051168059646811,0.5,1.0,0.0,1.0,0.48625159268631,0.20737818974424202,0.0,0.36947621762752547,"[2.0034, 3.0030, 4.7698]","[0.2004, 0.2349, 0.2048]","[0.3461, 0.2023, 0.4273]","[2.0085, 2.9917, 4.7923]","[2.2534, 4.0647]","[0, 2]",[1]
165,diprotic,2,12,2.77,3.35,0.5800000000000001,0.21240011383670923,0.2424878501410781,0.48282323996030485,0.5276718542290177,0.6957065523634229,0.5,1.0,0.0,1.0,0.48708988120893304,0.2073408871333582,0.0,0.4188268920220435,"[1.9834, 3.0049, 4.7604]","[0.1970, 0.2425, 0.1977]","[0.3470, 0.2028, 0.4284]","[2.0053, 2.9920, 4.7908]","[2.2534, 4.0647]","[0, 2]",[1]
165,diprotic,2,13,2.88,3.35,0.4700000000000002,0.21002838396103019,0.24111565713626867,0.47766952965516285,0.5242765687044293,0.6937661305805491,0.5,1.0,0.0,1.0,0.48625779455056395,0.20708653327979543,0.0,0.469089776854962,"[1.9918, 3.0043, 4.7585]","[0.1934, 0.2411, 0.1956]","[0.3475, 0.2026, 0.4283]","[2.0066, 2.9919, 4.7904]","[2.2534, 4.0647]","[0, 2]",[1]
165,diprotic,2,14,3.0,3.35,0.3500000000000001,0.20991879149185347,0.25088098714443746,0.47300859448421817,0.5232479510174557,0.6967300458205399,0.5,1.0,0.0,1.0,0.48547730315310944,0.20775641091188252,0.0,0.5268171690404415,"[2.0041, 3.0133, 4.7614]","[0.1912, 0.2509, 0.1876]","[0.3483, 0.2036, 0.4281]","[2.0086, 2.9933, 4.7909]","[2.2534, 4.0647]","[0, 2]",[1]
165,diprotic,2,15,3.13,3.35,0.2200000000000002,0.206798071056691,0.2445974072318868,0.4690316299982469,0.5208023621540585,0.6954039571198161,0.5,1.0,0.0,1.0,0.4848163755887682,0.2079465007991194,0.0,0.5930926637910305,"[2.0107, 3.0216, 4.7601]","[0.1926, 0.2446, 0.1832]","[0.3471, 0.2037, 0.4288]","[2.0096, 2.9946, 4.7906]","[2.2534, 4.0647]","[0, 2]",[1]
165,diprotic,2,16,3.26,3.35,0.0900000000000003,0.20690632425281005,0.24460407762802902,0.47142634436772446,0.521520841452464,0.6944536743193916,0.5,1.0,0.0,1.0,0.4852387492685608,0.20716826826202506,1.0,0.6589829323254524,"[2.0050, 3.0075, 4.7592]","[0.1841, 0.2446, 0.1920]","[0.3448, 0.2024, 0.4298]","[2.0087, 2.9924, 4.7905]","[2.2534, 4.0647]","[0, 2]",[1]
161,triprotic,3,0,2.35,9.42,7.07,0.20000000000000004,0.2,0.9071728456845772,0.9357691738989214,1.224537821631741,0.0,0.6666666666666666,0.0,0.0,0.9071728456845772,0.0,0.0,,"[5.5330, 3.1160, 5.9610]","[0.2000, 0.2000, 0.2000]","[0.4155, 0.0893, 0.2593]","[5.5330, 3.1160, 5.9610]","[3.9237, 4.3085, 6.6503]","[0, 1, 2]",[]
161,triprotic,3,1,4.02,9.42,5.4,0.19661200081613708,0.20078129478002177,0.9103063768969796,0.9408454785095992,1.239973260537214,0.0,0.6666666666666666,0.0,0.0,0.9076803694043374,0.0,0.0,0.24170555851422293,"[5.5484, 3.1209, 5.9621]","[0.1939, 0.1951, 0.2008]","[0.4154, 0.0891, 0.2594]","[5.5355, 3.1168, 5.9612]","[3.9237, 4.3085, 6.6503]","[0, 1, 2]",[]
161,triprotic,3,2,4.63,9.42,4.79,0.1680866904653675,0.20239443165184495,0.8891162387199588,0.9630594908769032,1.4104795978095233,0.0,0.6666666666666666,0.0,0.0,0.9042627551019393,0.0,0.0,0.03569670405238856,"[5.7190, 3.3349, 5.9822]","[0.1475, 0.1543, 0.2024]","[0.4155, 0.0886, 0.2589]","[5.5648, 3.1531, 5.9644]","[3.9237, 4.3085, 6.6503]","[0, 1, 2]",[]
161,triprotic,3,3,6.32,9.42,3.0999999999999996,0.1739771433468926,0.20965694349360145,0.8967304123340806,0.9712632042945173,1.420848305841278,0.0,0.6666666666666666,0.0,0.0,0.9054321767793522,0.0,0.0,0.6930460312217477,"[5.7293, 3.3421, 5.9625]","[0.1554, 0.1568, 0.2097]","[0.4159, 0.0891, 0.2591]","[5.5662, 3.1542, 5.9613]","[3.9237, 4.3085, 6.6503]","[0, 1, 2]",[]
161,triprotic,3,4,7.51,9.42,1.9100000000000001,0.17139607273500404,0.20656324264575554,0.9005303348490612,0.9754298403374582,1.4263735501089707,0.0,0.6666666666666666,0.0,0.0,0.9059714178826307,0.0,0.0,0.6869309416413305,"[5.7348, 3.3443, 5.9545]","[0.1557, 0.1519, 0.2066]","[0.4155, 0.0897, 0.2599]","[5.5671, 3.1548, 5.9600]","[3.9237, 4.3085, 6.6503]","[0, 1, 2]",[]
161,triprotic,3,5,11.71,9.42,2.290000000000001,0.1684825374755492,0.2093982939374095,0.9065672912903674,0.9782558538193468,1.4215241931982616,0.0,0.6666666666666666,0.0,0.0,0.9069791670441029,0.0,0.0,0.003696772232650858,"[5.7300, 3.3362, 5.9396]","[0.1482, 0.1478, 0.2094]","[0.4162, 0.0896, 0.2599]","[5.5666, 3.1536, 5.9576]","[3.9237, 4.3085, 6.6503]","[0, 1, 2]",[]
161,triprotic,3,6,11.05,9.42,1.6300000000000008,0.16678031880497393,0.20442724212262656,0.9084376819645502,0.9784614536032746,1.4173583566749386,0.0,0.6666666666666666,0.0,0.0,0.9072942254427416,0.0,0.0,0.0011218667030341578,"[5.7258, 3.3325, 5.9335]","[0.1477, 0.1482, 0.2044]","[0.4157, 0.0895, 0.2602]","[5.5659, 3.1529, 5.9566]","[3.9237, 4.3085, 6.6503]","[0, 1, 2]",[]
161,triprotic,3,7,7.52,9.42,1.9000000000000004,0.1631377726263273,0.19421482217998512,0.9095279239121341,0.9800654618874475,1.4187213196328852,0.0,0.6666666666666666,0.0,0.0,0.9072621692686789,0.0,0.0,0.6978353452682491,"[5.7272, 3.3428, 5.9214]","[0.1546, 0.1406, 0.1942]","[0.4157, 0.0905, 0.2608]","[5.5659, 3.1550, 5.9546]","[3.9237, 4.3085, 6.6503]","[0, 1, 2]",[]
161,triprotic,3,8,8.08,9.42,1.3399999999999999,0.1623189057472523,0.19425117775311246,0.9037661348887114,0.9765988755464993,1.4202316019788732,0.0,0.6666666666666666,0.0,0.0,0.9062454013909192,0.0,0.0,0.6908025908470155,"[5.7287, 3.3515, 5.9314]","[0.1554, 0.1374, 0.1943]","[0.4152, 0.0907, 0.2601]","[5.5661, 3.1567, 5.9562]","[3.9237, 4.3085, 6.6503]","[0, 1, 2]",[]
161,triprotic,3,9,11.02,9.42,1.5999999999999996,0.16674330775886334,0.2022382859712409,0.902276236499072,0.9754890133265106,1.4191462226549687,0.0,0.6666666666666666,0.0,0.0,0.9061850215485397,0.0,0.0,0.003365543186664155,"[5.7276, 3.3564, 5.9299]","[0.1506, 0.1474, 0.2022]","[0.4151, 0.0906, 0.2603]","[5.5661, 3.1570, 5.9561]","[3.9237, 4.3085, 6.6503]","[0, 1, 2]",[]
161,triprotic,3,10,10.2,9.42,0.7799999999999994,0.16658004129891513,0.20995457851311372,0.9014607315172012,0.9752780215264467,1.419533863191016,0.0,0.6666666666666666,0.0,0.0,0.9061177879047789,0.0,0.0,0.01307750940322805,"[5.7280, 3.3620, 5.9272]","[0.1426, 0.1472, 0.2100]","[0.4149, 0.0912, 0.2610]","[5.5665, 3.1580, 5.9557]","[3.9237, 4.3085, 6.6503]","[0, 1, 2]",[]
161,triprotic,3,11,8.1,9.42,1.3200000000000003,0.16664478386967377,0.2099787309032758,0.9056513105681595,0.9758876099049522,1.408134328654092,0.0,0.6666666666666666,0.0,0.0,0.9066686014095059,0.0,0.0,0.69808075428009,"[5.7166, 3.3635, 5.9017]","[0.1448, 0.1452, 0.2100]","[0.4148, 0.0912, 0.2616]","[5.5644, 3.1583, 5.9516]","[3.9237, 4.3085, 6.6503]","[0, 1, 2]",[]
161,triprotic,3,12,8.5,9.42,0.9199999999999999,0.1719241793401682,0.2191821731274779,0.9069759832159581,0.9777894966013067,1.4111907948229545,0.0,0.6666666666666666,0.0,0.0,0.9069273840145836,0.0,0.0,0.6900039911270142,"[5.7197, 3.3665, 5.8978]","[0.1456, 0.1510, 0.2192]","[0.4147, 0.0920, 0.2610]","[5.5649, 3.1586, 5.9511]","[3.9237, 4.3085, 6.6503]","[0, 1, 2]",[]
161,triprotic,3,13,10.19,9.42,0.7699999999999996,0.17130486514080986,0.22235811025342975,0.8996674681165757,0.9739567279803943,1.4184990395395953,0.0,0.6666666666666666,0.0,0.0,0.9059892838101358,0.0,0.0,0.010609807968139151,"[5.7270, 3.3665, 5.9270]","[0.1365, 0.1550, 0.2224]","[0.4168, 0.0925, 0.2614]","[5.5665, 3.1584, 5.9557]","[3.9237, 4.3085, 6.6503]","[0, 1, 2]",[]
161,triprotic,3,14,9.12,9.42,0.3000000000000007,0.17452630067731922,0.23246848993337232,0.9035037729903052,0.9777427358494816,1.4227623720941116,0.0,0.6666666666666666,0.0,0.0,0.9065855938537446,0.0,0.0,0.6248055648803703,"[5.7312, 3.3651, 5.9211]","[0.1365, 0.1546, 0.2325]","[0.4163, 0.0928, 0.2606]","[5.5673, 3.1582, 5.9549]","[3.9237, 4.3085, 6.6503]","[0, 1, 2]",[]
161,triprotic,3,15,9.73,9.42,0.3100000000000005,0.17064139961119532,0.22573510926923365,0.9081612170999671,0.9834308244480251,1.4298808948222854,0.0,0.6666666666666666,0.0,0.0,0.9072612300478675,0.0,0.0,0.10882184982299847,"[5.7384, 3.3735, 5.9059]","[0.1361, 0.1501, 0.2257]","[0.4171, 0.0925, 0.2594]","[5.5685, 3.1598, 5.9524]","[3.9237, 4.3085, 6.6503]","[0, 1, 2]",[]
161,triprotic,3,16,9.48,9.42,0.0600000000000005,0.16918277537459922,0.22806643359789064,0.9096267271216149,0.9838925276476376,1.4265013770931834,0.0,0.6666666666666666,0.0,0.0,0.9074722539586202,0.0,1.0,0.3475513267517094,"[5.7350, 3.3753, 5.8963]","[0.1316, 0.1479, 0.2281]","[0.4167, 0.0931, 0.2609]","[5.5681, 3.1602, 5.9510]","[3.9237, 4.3085, 6.6503]","[0, 1, 2]",[]
166,triprotic,3,0,1.82,10.75,8.93,0.20000000000000004,0.2,1.484560827659602,1.6644614448341755,2.411373055926048,0.0,0.3333333333333333,0.0,0.0,1.484560827659602,0.0,0.0,,"[4.5180, 4.7713, 5.4763]","[0.2000, 0.2000, 0.2000]","[0.2036, 0.3216, 0.3998]","[4.5180, 4.7713, 5.4763]","[2.1067, 5.3391, 6.9508]","[0, 1, 2]",[]
166,triprotic,3,1,3.1,10.75,7.65,0.20511579153288317,0.2096618957664066,1.4751134002595034,1.6575029271760968,2.415386675687148,0.0,0.3333333333333333,0.0,0.0,1.4830627441394393,0.0,0.0,1.4306054609827696,"[4.5220, 4.7745, 5.5055]","[0.2015, 0.2042, 0.2097]","[0.2036, 0.3214, 0.4001]","[4.5187, 4.7718, 5.4809]","[2.1067, 5.3391, 6.9508]","[0, 1, 2]",[]
166,triprotic,3,2,5.65,10.75,5.1,0.1954056986994129,0.20429766922165343,1.4842306775119536,1.6640236740692471,2.4182427188835183,0.0,0.3333333333333333,0.0,0.0,1.484508357217784,0.0,0.0,0.6361802989616994,"[4.5249, 4.7632, 5.4923]","[0.1855, 0.2043, 0.1964]","[0.2039, 0.3211, 0.3997]","[4.5191, 4.7700, 5.4789]","[2.1067, 5.3391, 6.9508]","[0, 1, 2]",[]
166,triprotic,3,3,6.82,10.75,3.9299999999999997,0.19377255864188847,0.1996652864903559,1.480918221555276,1.6595001948888977,2.4150121182199076,0.0,0.3333333333333333,0.0,0.0,1.4839813069491716,0.0,0.0,1.286884785331786,"[4.5217, 4.7575, 5.5047]","[0.1840, 0.1977, 0.1997]","[0.2039, 0.3206, 0.3998]","[4.5186, 4.7691, 5.4809]","[2.1067, 5.3391, 6.9508]","[0, 1, 2]",[]
166,triprotic,3,4,11.04,10.75,0.28999999999999915,0.19181187324210028,0.20169219711530267,1.4664031425856257,1.6469177826933812,2.3951807232922944,0.0,0.3333333333333333,0.0,0.0,1.4816152686109347,0.0,0.0,0.001960470378399748,"[4.5018, 4.7799, 5.5061]","[0.1788, 0.2017, 0.1949]","[0.2046, 0.3207, 0.3996]","[4.5154, 4.7727, 5.4811]","[2.1067, 5.3391, 6.9508]","[0, 1, 2]",[]
166,triprotic,3,5,8.9,10.75,1.8499999999999996,0.1888238091383526,0.1962393343137354,1.4613408996194635,1.6432780564287788,2.394231220225464,0.0,0.3333333333333333,0.0,0.0,1.4807881619862597,0.0,0.0,1.4599473714828495,"[4.5009, 4.7853, 5.5148]","[0.1769, 0.1962, 0.1934]","[0.2049, 0.3207, 0.3994]","[4.5152, 4.7736, 5.4826]","[2.1067, 5.3391, 6.9508]","[0, 1, 2]",[]
166,triprotic,3,6,10.6,10.75,0.15000000000000036,0.18965345341177553,0.2057029796438268,1.4550434343638692,1.6391537625392398,2.396292792513232,0.0,0.3333333333333333,0.0,0.0,1.4798038898172194,0.0,0.0,0.0015800654888149523,"[4.5029, 4.7906, 5.5305]","[0.1734, 0.1898, 0.2057]","[0.2055, 0.3210, 0.3990]","[4.5155, 4.7745, 5.4850]","[2.1067, 5.3391, 6.9508]","[0, 1, 2]",[]
166,triprotic,3,7,11.02,10.75,0.2699999999999996,0.19341053035909983,0.20872898116319366,1.456363722115298,1.6419370805288493,2.4030459925074936,0.0,0.3333333333333333,0.0,0.0,1.480043630009838,0.0,0.0,0.0013539823889736624,"[4.5097, 4.7923, 5.5316]","[0.1794, 0.1921, 0.2087]","[0.2060, 0.3206, 0.3990]","[4.5167, 4.7747, 5.4851]","[2.1067, 5.3391, 6.9508]","[0, 1, 2]",[]
166,triprotic,3,8,10.86,10.75,0.10999999999999943,0.19019597405056576,0.20288572845080255,1.4581203028365737,1.645469622534546,2.410178989619836,0.0,0.3333333333333333,0.0,0.0,1.4803105756277313,0.0,0.0,0.0027639573812479057,"[4.5168, 4.7956, 5.5301]","[0.1767, 0.1910, 0.2029]","[0.2062, 0.3210, 0.3996]","[4.5178, 4.7753, 5.4849]","[2.1067, 5.3391, 6.9508]","[0, 1, 2]",[]
166,triprotic,3,9,10.6,10.75,0.15000000000000036,0.19463847920455382,0.21657847157781152,1.464628930033659,1.6524915861101461,2.4238041844050944,0.0,0.3333333333333333,0.0,0.0,1.4814269880506805,0.0,0.0,0.007278209924697521,"[4.5305, 4.7881, 5.5318]","[0.1775, 0.1898, 0.2166]","[0.2064, 0.3210, 0.3986]","[4.5201, 4.7740, 5.4850]","[2.1067, 5.3391, 6.9508]","[0, 1, 2]",[]
166,triprotic,3,10,10.74,10.75,0.009999999999999787,0.2008098830678496,0.21576381214524573,1.4654140655258245,1.651579540464391,2.4168945232378594,0.0,0.3333333333333333,0.0,0.0,1.48153719302963,0.0,1.0,0.0053706520795824275,"[4.5235, 4.7870, 5.5236]","[0.1885, 0.1982, 0.2158]","[0.2061, 0.3217, 0.3982]","[4.5189, 4.7738, 5.4838]","[2.1067, 5.3391, 6.9508]","[0, 1, 2]",[]
167,triprotic,3,0,1.58,2.43,0.8500000000000001,0.20000000000000004,0.2,1.8594343793635282,1.9065579156879744,2.312535829281267,0.0,0.0,0.0,0.0,1.8594343793635282,0.0,0.0,,"[3.1191, 2.4057, 5.0963]","[0.2000, 0.2000, 0.2000]","[0.2877, 0.2393, 0.2800]","[3.1191, 2.4057, 5.0963]","[3.7036, 5.4316, 7.0642]","[0, 1, 2]",[]
167,triprotic,3,1,3.38,2.43,0.9499999999999997,0.203801987587384,0.20546005133105058,1.8558785111699283,1.8997095008152411,2.298726015548642,0.0,0.0,0.0,0.0,1.8588622270825053,0.0,0.0,1.0097579857055097,"[3.1329, 2.3851, 5.1138]","[0.2034, 0.2055, 0.2026]","[0.2878, 0.2395, 0.2803]","[3.1213, 2.4024, 5.0991]","[3.7036, 5.4316, 7.0642]","[0, 1, 2]",[]
167,triprotic,3,2,3.03,2.43,0.5999999999999996,0.20642026793479243,0.21400721926200844,1.8560121252387543,1.9002475218108121,2.3038964695496937,0.0,0.0,0.0,0.0,1.858871176208,0.0,0.0,0.7999421597644685,"[3.1277, 2.3858, 5.1178]","[0.2040, 0.2140, 0.2013]","[0.2877, 0.2390, 0.2805]","[3.1205, 2.4026, 5.0997]","[3.7036, 5.4316, 7.0642]","[0, 1, 2]",[]
167,triprotic,3,3,2.56,2.43,0.1299999999999999,0.20730456095587615,0.2217147807358933,1.8583725792791874,1.9018625780053369,2.30122500306354,0.0,0.0,0.0,0.0,1.8592268200323285,0.0,0.0,0.4790898751839996,"[3.1304, 2.3800, 5.1139]","[0.2044, 0.2217, 0.1958]","[0.2875, 0.2392, 0.2804]","[3.1209, 2.4017, 5.0991]","[3.7036, 5.4316, 7.0642]","[0, 1, 2]",[]
167,triprotic,3,4,2.45,2.43,0.020000000000000018,0.20265360270549157,0.2209896100966052,1.8666786730914986,1.907146175955735,2.289431635242431,0.0,0.0,0.0,0.0,1.8605256324045687,0.0,1.0,0.403055434394628,"[3.1422, 2.3566, 5.1006]","[0.1981, 0.2210, 0.1888]","[0.2876, 0.2397, 0.2798]","[3.1228, 2.3980, 5.0970]","[3.7036, 5.4316, 7.0642]","[0, 1, 2]",[]
169,monoprotic,1,0,1.98,2.43,0.4500000000000002,0.20000000000000004,0.2,0.5521671997667417,0.5521671997667417,0.5521671997667417,0.0,1.0,0.0,1.0,0.5521671997667417,0.23761297502440962,0.0,,"[5.6086, 2.9680, 3.1978]","[0.2000, 0.2000, 0.2000]","[0.1131, 0.0225, 0.4353]","[5.6086, 2.9680, 3.1978]",[3.7500],[2],"[0, 1]"
169,monoprotic,1,1,2.92,2.43,0.48999999999999977,0.20826440302359228,0.22036175879198497,0.5442214016322873,0.5442214016322873,0.5442214016322873,0.0,1.0,0.0,1.0,0.5508992747625006,0.23735064869861333,0.0,0.4900234401412309,"[5.6146, 2.9772, 3.2058]","[0.2204, 0.1995, 0.2050]","[0.1129, 0.0225, 0.4352]","[5.6095, 2.9695, 3.1991]",[3.7500],[2],"[0, 1]"
169,monoprotic,1,2,2.7,2.43,0.27,0.2052440648583074,0.22945727431883536,0.5457676633863353,0.5457676633863353,0.5457676633863353,0.0,1.0,0.0,1.0,0.5511263301588363,0.2379946919111,0.0,0.6007332002744077,"[5.6107, 2.9743, 3.2042]","[0.2295, 0.1973, 0.1890]","[0.1131, 0.0227, 0.4350]","[5.6089, 2.9690, 3.1989]",[3.7500],[2],"[0, 1]"
169,monoprotic,1,3,2.43,2.43,0.0,0.20177418669667332,0.22258522429460498,0.5408388662684387,0.5408388662684387,0.5408388662684387,0.0,1.0,0.0,1.0,0.5503144623763943,0.23787029413438704,1.0,0.5661888454854487,"[5.6104, 2.9746, 3.2092]","[0.2226, 0.1984, 0.1843]","[0.1133, 0.0225, 0.4351]","[5.6088, 2.9691, 3.1997]",[3.7500],[2],"[0, 1]"
164,monoprotic,1,0,2.42,8.15,5.73,0.20000000000000004,0.2,0.6989711875594606,0.6989711875594606,0.6989711875594606,0.0,1.0,0.0,1.0,0.6989711875594606,0.40525612813804734,0.0,,"[5.8139, 3.2390, 5.2916]","[0.2000, 0.2000, 0.2000]","[0.0652, 0.3726, 0.1887]","[5.8139, 3.2390, 5.2916]",[2.5400],[1],"[0, 2]"
164,monoprotic,1,1,3.3,8.15,4.8500000000000005,0.20163713073324444,0.20693977238367395,0.7053194458916234,0.7053194458916234,0.7053194458916234,0.0,1.0,0.0,1.0,0.6999817852004431,0.4059229644146013,0.0,1.1084510446991773,"[5.8146, 3.2453, 5.2827]","[0.1980, 0.2069, 0.2000]","[0.0656, 0.3724, 0.1888]","[5.8140, 3.2400, 5.2902]",[2.5400],[1],"[0, 2]"
164,monoprotic,1,2,12.32,8.15,4.17,0.201031825317175,0.20469168001867047,0.7078813040490557,0.7078813040490557,0.7078813040490557,0.0,1.0,0.0,1.0,0.7003934559550036,0.40587043293824926,0.0,7.65399972319603,"[5.8143, 3.2479, 5.2796]","[0.2004, 0.2047, 0.1980]","[0.0654, 0.3723, 0.1889]","[5.8139, 3.2404, 5.2897]",[2.5400],[1],"[0, 2]"
164,monoprotic,1,3,11.81,8.15,3.66,0.2030951757693075,0.20921616999438422,0.7101171608983088,0.7101171608983088,0.7101171608983088,0.0,1.0,0.0,1.0,0.7007406863440746,0.40589265778873496,0.0,7.272181341834367,"[5.8213, 3.2501, 5.2965]","[0.1986, 0.2092, 0.2014]","[0.0650, 0.3719, 0.1891]","[5.8150, 3.2407, 5.2924]",[2.5400],[1],"[0, 2]"
164,monoprotic,1,4,3.32,8.15,4.83,0.20465244302943353,0.21102437963528478,0.7050445172263129,0.7050445172263129,0.7050445172263129,0.0,1.0,0.0,1.0,0.6999332676089374,0.40669012771112484,0.0,1.0900821223109962,"[5.8150, 3.2450, 5.2868]","[0.2016, 0.2110, 0.2013]","[0.0650, 0.3722, 0.1901]","[5.8140, 3.2399, 5.2908]",[2.5400],[1],"[0, 2]"
164,monoprotic,1,5,10.58,8.15,2.4299999999999997,0.20663158268466267,0.20880701081488426,0.7059567534296294,0.7059567534296294,0.7059567534296294,0.0,1.0,0.0,1.0,0.7000839163531971,0.40671786139149946,0.0,6.105114135351032,"[5.8144, 3.2460, 5.2901]","[0.2047, 0.2064, 0.2088]","[0.0654, 0.3723, 0.1898]","[5.8139, 3.2401, 5.2914]",[2.5400],[1],"[0, 2]"
164,monoprotic,1,6,3.69,8.15,4.460000000000001,0.20409454341711908,0.20693028752859652,0.7037267652330566,0.7037267652330566,0.7037267652330566,0.0,1.0,0.0,1.0,0.6997282503965123,0.40676511397320764,0.0,0.7526384379621596,"[5.8029, 3.2437, 5.2879]","[0.2005, 0.2069, 0.2049]","[0.0651, 0.3723, 0.1902]","[5.8121, 3.2397, 5.2910]",[2.5400],[1],"[0, 2]"
164,monoprotic,1,7,4.09,8.15,4.0600000000000005,0.19957221630322763,0.20587278317363147,0.6960509787969937,0.6960509787969937,0.6960509787969937,0.0,1.0,0.0,1.0,0.6985022889450874,0.4070620660179514,0.0,0.3678943557571621,"[5.8058, 3.2361, 5.2957]","[0.1931, 0.1998, 0.2059]","[0.0647, 0.3717, 0.1904]","[5.8125, 3.2385, 5.2923]",[2.5400],[1],"[0, 2]"
164,monoprotic,1,8,10.55,8.15,2.4000000000000004,0.19943793322059486,0.2057747355917893,0.6753623047069182,0.6753623047069182,0.6753623047069182,0.0,1.0,0.0,1.0,0.6951896371799449,0.40701128829314204,0.0,6.076248579146341,"[5.8015, 3.2154, 5.2827]","[0.1907, 0.2018, 0.2058]","[0.0652, 0.3712, 0.1895]","[5.8118, 3.2352, 5.2902]",[2.5400],[1],"[0, 2]"
164,monoprotic,1,9,4.67,8.15,3.4800000000000004,0.20114263955792014,0.2083881555402598,0.6624124736086494,0.6624124736086494,0.6624124736086494,0.0,1.0,0.0,1.0,0.6931256416290901,0.4072288213259392,0.0,0.2060967968590557,"[5.8036, 3.2024, 5.2944]","[0.1918, 0.2033, 0.2084]","[0.0651, 0.3713, 0.1900]","[5.8122, 3.2331, 5.2921]",[2.5400],[1],"[0, 2]"
164,monoprotic,1,10,9.71,8.15,1.5600000000000005,0.2023454624972533,0.2153285807213222,0.6749544968088439,0.6749544968088439,0.6749544968088439,0.0,1.0,0.0,1.0,0.6951335064742774,0.40874538224496726,0.0,5.2429169505275794,"[5.7955, 3.2150, 5.2967]","[0.1879, 0.2038, 0.2153]","[0.0652, 0.3711, 0.1913]","[5.8109, 3.2351, 5.2924]",[2.5400],[1],"[0, 2]"
164,monoprotic,1,11,5.15,8.15,3.0,0.20303138229647064,0.220906528282724,0.6629568667797474,0.6629568667797474,0.6629568667797474,0.0,1.0,0.0,1.0,0.6931739042974159,0.4063669130180783,0.0,0.684284915775061,"[5.7901, 3.2030, 5.2904]","[0.1905, 0.1977, 0.2209]","[0.0643, 0.3720, 0.1904]","[5.8100, 3.2332, 5.2914]",[2.5400],[1],"[0, 2]"
164,monoprotic,1,12,5.62,8.15,2.5300000000000002,0.1972412420534174,0.21623056766698767,0.6628992152342299,0.6628992152342299,0.6628992152342299,0.0,1.0,0.0,1.0,0.6931088389890516,0.4056350590220725,0.0,1.154969276515767,"[5.7827, 3.2029, 5.2929]","[0.1858, 0.1897, 0.2162]","[0.0637, 0.3725, 0.1905]","[5.8088, 3.2331, 5.2918]",[2.5400],[1],"[0, 2]"
164,monoprotic,1,13,9.4,8.15,1.25,0.1962638701365369,0.21447044700589835,0.6772576989390324,0.6772576989390324,0.6772576989390324,0.0,1.0,0.0,1.0,0.6954448882824513,0.4049725685208401,0.0,4.934822510089726,"[5.7878, 3.2173, 5.2877]","[0.1841, 0.1903, 0.2145]","[0.0644, 0.3735, 0.1898]","[5.8096, 3.2354, 5.2910]",[2.5400],[1],"[0, 2]"
164,monoprotic,1,14,7.51,8.15,0.6400000000000006,0.19238420818240756,0.20837862238385993,0.6750946728776741,0.6750946728776741,0.6750946728776741,0.0,1.0,0.0,1.0,0.6950901216638132,0.40853197622126886,0.0,3.0438338434230534,"[5.7922, 3.2151, 5.2916]","[0.1793, 0.1895, 0.2084]","[0.0660, 0.3728, 0.1915]","[5.8103, 3.2351, 5.2916]",[2.5400],[1],"[0, 2]"
164,monoprotic,1,15,9.4,8.15,1.25,0.19394476404776154,0.2028351788534346,0.6743730837703028,0.6743730837703028,0.6743730837703028,0.0,1.0,0.0,1.0,0.6949798153606617,0.4065812357059854,0.0,4.933274419372902,"[5.8027, 3.2144, 5.2935]","[0.1880, 0.1910, 0.2028]","[0.0651, 0.3736, 0.1908]","[5.8120, 3.2350, 5.2919]",[2.5400],[1],"[0, 2]"
164,monoprotic,1,16,7.51,8.15,0.6400000000000006,0.1973368595982917,0.20895825694882053,0.6791422710238351,0.6791422710238351,0.6791422710238351,0.0,1.0,0.0,1.0,0.6957791437559253,0.406207423112076,0.0,3.0428544895164666,"[5.8025, 3.2191, 5.3161]","[0.1854, 0.1976, 0.2090]","[0.0643, 0.3731, 0.1909]","[5.8120, 3.2358, 5.2955]",[2.5400],[1],"[0, 2]"
164,monoprotic,1,17,8.41,8.15,0.2599999999999998,0.2012075630686264,0.21298988339759453,0.6693084233503805,0.6693084233503805,0.6693084233503805,0.0,1.0,0.0,1.0,0.6942288922318682,0.40655461317898167,0.0,3.9421083751041444,"[5.8013, 3.2093, 5.3080]","[0.1872, 0.2034, 0.2130]","[0.0640, 0.3736, 0.1919]","[5.8118, 3.2342, 5.2942]",[2.5400],[1],"[0, 2]"
164,monoprotic,1,18,7.51,8.15,0.6400000000000006,0.19768105581249287,0.2125374255622856,0.6678051420102693,0.6678051420102693,0.6678051420102693,0.0,1.0,0.0,1.0,0.6939694724970011,0.40599488540119644,0.0,3.0430575807020066,"[5.8197, 3.2078, 5.3029]","[0.1803, 0.2002, 0.2125]","[0.0641, 0.3734, 0.1911]","[5.8148, 3.2340, 5.2934]",[2.5400],[1],"[0, 2]"
164,monoprotic,1,19,8.41,8.15,0.2599999999999998,0.19975971193696793,0.2115656317443565,0.666921710467308,0.666921710467308,0.666921710467308,0.0,1.0,0.0,1.0,0.6938175927750403,0.4077047178519043,0.0,3.9418704401142897,"[5.8146, 3.2069, 5.3107]","[0.1892, 0.1986, 0.2116]","[0.0644, 0.3721, 0.1917]","[5.8140, 3.2338, 5.2946]",[2.5400],[1],"[0, 2]"
164,monoprotic,1,20,7.51,8.15,0.6400000000000006,0.1978665940448805,0.2067953610716876,0.6780248055813893,0.6780248055813893,0.6780248055813893,0.0,1.0,0.0,1.0,0.695604949983637,0.40846710558797195,0.0,3.042221699366346,"[5.8092, 3.2180, 5.3159]","[0.1878, 0.1991, 0.2068]","[0.0650, 0.3719, 0.1919]","[5.8131, 3.2356, 5.2955]",[2.5400],[1],"[0, 2]"
164,monoprotic,1,21,8.41,8.15,0.2599999999999998,0.20130023476960954,0.21087260594254267,0.6745724822570325,0.6745724822570325,0.6745724822570325,0.0,1.0,0.0,1.0,0.6951009138920639,0.4086988976141803,0.0,3.9416985859535636,"[5.8136, 3.2146, 5.3204]","[0.1831, 0.2099, 0.2109]","[0.0658, 0.3727, 0.1918]","[5.8138, 3.2351, 5.2962]",[2.5400],[1],"[0, 2]"
164,monoprotic,1,22,7.51,8.15,0.6400000000000006,0.20377005642181312,0.21724996296052948,0.6715505362516336,0.6715505362516336,0.6715505362516336,0.0,1.0,0.0,1.0,0.6946600874865334,0.4075515452875711,0.0,3.0415644782967863,"[5.8150, 3.2116, 5.3306]","[0.1853, 0.2172, 0.2088]","[0.0636, 0.3735, 0.1933]","[5.8140, 3.2347, 5.2978]",[2.5400],[1],"[0, 2]"
164,monoprotic,1,23,8.41,8.15,0.2599999999999998,0.19520346119244525,0.2083814039576027,0.6736774640251566,0.6736774640251566,0.6736774640251566,0.0,1.0,0.0,1.0,0.6949515935907531,0.40835822753127454,0.0,3.9414563075080515,"[5.8231, 3.2137, 5.3251]","[0.1815, 0.2084, 0.1957]","[0.0638, 0.3725, 0.1933]","[5.8154, 3.2350, 5.2970]",[2.5400],[1],"[0, 2]"
164,monoprotic,1,24,7.51,8.15,0.6400000000000006,0.19974633837982259,0.20886261158901043,0.6795120528425058,0.6795120528425058,0.6795120528425058,0.0,1.0,0.0,1.0,0.6958806005119724,0.4099255834529941,0.0,3.0408486213907597,"[5.8357, 3.2195, 5.3218]","[0.1884, 0.2089, 0.2020]","[0.0643, 0.3718, 0.1940]","[5.8174, 3.2359, 5.2964]",[2.5400],[1],"[0, 2]"
164,monoprotic,1,25,8.41,8.15,0.2599999999999998,0.20353954144011954,0.21829298849708292,0.6778849148008361,0.6778849148008361,0.6778849148008361,0.0,1.0,0.0,1.0,0.6956601808408656,0.41457197540123675,0.0,3.93953972062096,"[5.8393, 3.2179, 5.3122]","[0.1860, 0.2183, 0.2064]","[0.0673, 0.3693, 0.1942]","[5.8180, 3.2357, 5.2949]",[2.5400],[1],"[0, 2]"
164,monoprotic,1,26,7.51,8.15,0.6400000000000006,0.2046817427123521,0.21238557672834013,0.6745951539331099,0.6745951539331099,0.6745951539331099,0.0,1.0,0.0,1.0,0.6951161117903677,0.4110855175043756,0.0,3.0395643520075826,"[5.8343, 3.2146, 5.3043]","[0.1926, 0.2124, 0.2091]","[0.0647, 0.3688, 0.1928]","[5.8172, 3.2351, 5.2936]",[2.5400],[1],"[0, 2]"
164,monoprotic,1,27,8.41,8.15,0.2599999999999998,0.21142714024099407,0.22970346655525992,0.6741895653221506,0.6741895653221506,0.6741895653221506,0.0,1.0,0.0,1.0,0.6951337382368634,0.4140281902606432,0.0,3.940280735343695,"[5.8092, 3.2142, 5.2949]","[0.1886, 0.2297, 0.2160]","[0.0655, 0.3676, 0.1942]","[5.8131, 3.2351, 5.2921]",[2.5400],[1],"[0, 2]"
164,monoprotic,1,28,7.51,8.15,0.6400000000000006,0.21657423334265338,0.23543914555852077,0.6531596642878439,0.6531596642878439,0.6531596642878439,0.0,1.0,0.0,1.0,0.691927054090133,0.41469755137868547,0.0,3.0422895110584793,"[5.8267, 3.1932, 5.2924]","[0.1949, 0.2354, 0.2193]","[0.0656, 0.3661, 0.1938]","[5.8159, 3.2319, 5.2917]",[2.5400],[1],"[0, 2]"
164,monoprotic,1,29,8.41,8.15,0.2599999999999998,0.21172142641446232,0.23042962333722863,0.6502467400568128,0.6502467400568128,0.6502467400568128,0.0,1.0,0.0,1.0,0.6914328917317643,0.41604573772629344,0.0,3.9424580795131625,"[5.8212, 3.1902, 5.3069]","[0.1901, 0.2304, 0.2146]","[0.0654, 0.3635, 0.1936]","[5.8150, 3.2314, 5.2940]",[2.5400],[1],"[0, 2]"
164,monoprotic,1,30,7.51,8.15,0.6400000000000006,0.21498126327882308,0.22370158307085847,0.6467661590106117,0.6467661590106117,0.6467661590106117,0.0,1.0,0.0,1.0,0.6908214278976605,0.4140195923290594,0.0,3.0428775546513496,"[5.8249, 3.1868, 5.3053]","[0.1982, 0.2231, 0.2237]","[0.0650, 0.3632, 0.1916]","[5.8156, 3.2308, 5.2937]",[2.5400],[1],"[0, 2]"
164,monoprotic,1,31,8.41,8.15,0.2599999999999998,0.21166380596227352,0.22799368595988084,0.6595355693027551,0.6595355693027551,0.6595355693027551,0.0,1.0,0.0,1.0,0.6927733440593231,0.41579648071527375,0.0,3.942881700899452,"[5.8197, 3.1995, 5.2942]","[0.1894, 0.2176, 0.2280]","[0.0656, 0.3609, 0.1912]","[5.8148, 3.2328, 5.2920]",[2.5400],[1],"[0, 2]"
164,monoprotic,1,32,7.51,8.15,0.6400000000000006,0.21380596019738166,0.2258960364604686,0.6615449673246885,0.6615449673246885,0.6615449673246885,0.0,1.0,0.0,1.0,0.6930711130899949,0.41374467162604317,0.0,3.042585407141596,"[5.8330, 3.2015, 5.2942]","[0.2005, 0.2150, 0.2259]","[0.0666, 0.3617, 0.1886]","[5.8169, 3.2331, 5.2920]",[2.5400],[1],"[0, 2]"
164,monoprotic,1,33,8.41,8.15,0.2599999999999998,0.2198444272519717,0.23372783218596843,0.6470264434116744,0.6470264434116744,0.6470264434116744,0.0,1.0,0.0,1.0,0.6908084624600965,0.41518708689874784,0.0,3.9414722340554,"[5.8435, 3.1870, 5.2973]","[0.2081, 0.2177, 0.2337]","[0.0678, 0.3613, 0.1887]","[5.8186, 3.2308, 5.2925]",[2.5400],[1],"[0, 2]"
164,monoprotic,1,34,7.51,8.15,0.6400000000000006,0.21361388286577057,0.23541327084454663,0.643512726540858,0.643512726540858,0.643512726540858,0.0,1.0,0.0,1.0,0.690125780396599,0.4169777894893406,0.0,3.0417333727143703,"[5.8400, 3.1835, 5.2998]","[0.2001, 0.2054, 0.2354]","[0.0701, 0.3602, 0.1876]","[5.8180, 3.2301, 5.2929]",[2.5400],[1],"[0, 2]"
164,monoprotic,1,35,8.41,8.15,0.2599999999999998,0.21072828542461572,0.23094598797700142,0.6646269555923974,0.6646269555923974,0.6646269555923974,0.0,1.0,0.0,1.0,0.6934875366972744,0.41489296174438167,0.0,3.942202115515247,"[5.8487, 3.2046, 5.3089]","[0.1968, 0.2045, 0.2309]","[0.0693, 0.3639, 0.1888]","[5.8195, 3.2335, 5.2943]",[2.5400],[1],"[0, 2]"
164,monoprotic,1,36,7.51,8.15,0.6400000000000006,0.20852161394858545,0.2284243157034174,0.6891602490436743,0.6891602490436743,0.6891602490436743,0.0,1.0,0.0,1.0,0.6974117813755667,0.41596873226997033,0.0,3.0399426075071094,"[5.8528, 3.2292, 5.3089]","[0.1889, 0.2082, 0.2284]","[0.0711, 0.3620, 0.1867]","[5.8202, 3.2374, 5.2943]",[2.5400],[1],"[0, 2]"
164,monoprotic,1,37,8.41,8.15,0.2599999999999998,0.2153276842895646,0.24716888179138113,0.6898719398332984,0.6898719398332984,0.6898719398332984,0.0,1.0,0.0,1.0,0.6975160626584911,0.4158823447425233,0.0,3.9378319879435004,"[5.8507, 3.2299, 5.3107]","[0.1956, 0.2032, 0.2472]","[0.0715, 0.3636, 0.1873]","[5.8198, 3.2375, 5.2945]",[2.5400],[1],"[0, 2]"
164,monoprotic,1,38,7.51,8.15,0.6400000000000006,0.21875250603043594,0.24949710459471922,0.6818617371424587,0.6818617371424587,0.6818617371424587,0.0,1.0,0.0,1.0,0.6962455768353659,0.4175421399688744,0.0,3.0379685761779545,"[5.8643, 3.2219, 5.3185]","[0.2004, 0.2064, 0.2495]","[0.0727, 0.3628, 0.1874]","[5.8219, 3.2362, 5.2957]",[2.5400],[1],"[0, 2]"
164,monoprotic,1,39,8.41,8.15,0.2599999999999998,0.2196242866057109,0.24253553816141477,0.6849051110789337,0.6849051110789337,0.6849051110789337,0.0,1.0,0.0,1.0,0.6967349685279776,0.41670790212231384,0.0,3.937420678175986,"[5.8550, 3.2249, 5.3147]","[0.2083, 0.2081, 0.2425]","[0.0718, 0.3626, 0.1872]","[5.8204, 3.2367, 5.2951]",[2.5400],[1],"[0, 2]"
164,monoprotic,1,40,7.51,8.15,0.6400000000000006,0.22204504838710984,0.24951585649215774,0.6731936917912797,0.6731936917912797,0.6731936917912797,0.0,1.0,0.0,1.0,0.6948673477230525,0.4172936513873806,0.0,3.037992404066026,"[5.8538, 3.2132, 5.3203]","[0.2097, 0.2069, 0.2495]","[0.0727, 0.3614, 0.1861]","[5.8202, 3.2349, 5.2959]",[2.5400],[1],"[0, 2]"
164,monoprotic,1,41,8.41,8.15,0.2599999999999998,0.21746125737395083,0.2396672753489086,0.6704082967751308,0.6704082967751308,0.6704082967751308,0.0,1.0,0.0,1.0,0.6944736938445226,0.4131601873041889,0.0,3.93879971312359,"[5.8582, 3.2104, 5.3242]","[0.1967, 0.2160, 0.2397]","[0.0724, 0.3613, 0.1819]","[5.8210, 3.2345, 5.2966]",[2.5400],[1],"[0, 2]"
164,monoprotic,1,42,7.51,8.15,0.6400000000000006,0.22331924183841081,0.2494880622967608,0.6768391734167003,0.6768391734167003,0.6768391734167003,0.0,1.0,0.0,1.0,0.6955241443175657,0.4105649512882035,0.0,3.03858203346841,"[5.8593, 3.2168, 5.3263]","[0.1955, 0.2250, 0.2495]","[0.0711, 0.3624, 0.1813]","[5.8212, 3.2355, 5.2969]",[2.5400],[1],"[0, 2]"
164,monoprotic,1,43,8.41,8.15,0.2599999999999998,0.21673248516799212,0.2480643097010984,0.6549508728863316,0.6549508728863316,0.6549508728863316,0.0,1.0,0.0,1.0,0.6920191946253715,0.4085841952717752,0.0,3.937960410807282,"[5.8730, 3.1950, 5.3094]","[0.1886, 0.2136, 0.2481]","[0.0704, 0.3654, 0.1821]","[5.8235, 3.2320, 5.2943]",[2.5400],[1],"[0, 2]"
164,monoprotic,1,44,7.51,8.15,0.6400000000000006,0.2111959595747116,0.25294549016753576,0.6515152975136638,0.6515152975136638,0.6515152975136638,0.0,1.0,0.0,1.0,0.691369821486369,0.40862752548183395,0.0,3.0388049513474105,"[5.8743, 3.1915, 5.3044]","[0.1788, 0.2018, 0.2529]","[0.0707, 0.3658, 0.1821]","[5.8238, 3.2314, 5.2935]",[2.5400],[1],"[0, 2]"
164,monoprotic,1,45,8.41,8.15,0.2599999999999998,0.20773613279553396,0.2396872428320128,0.638378697238692,0.638378697238692,0.638378697238692,0.0,1.0,0.0,1.0,0.6892991290664261,0.4055886398481727,0.0,3.9389961937814952,"[5.8828, 3.1784, 5.2878]","[0.1788, 0.2047, 0.2397]","[0.0697, 0.3712, 0.1836]","[5.8252, 3.2293, 5.2910]",[2.5400],[1],"[0, 2]"
164,monoprotic,1,46,7.51,8.15,0.6400000000000006,0.2107055004173188,0.2472284581875253,0.6529210801053065,0.6529210801053065,0.6529210801053065,0.0,1.0,0.0,1.0,0.6916224482205542,0.4037200864406568,0.0,3.0395914688613264,"[5.8960, 3.1929, 5.2846]","[0.1800, 0.2049, 0.2472]","[0.0684, 0.3718, 0.1833]","[5.8274, 3.2316, 5.2905]",[2.5400],[1],"[0, 2]"
164,monoprotic,1,47,8.41,8.15,0.2599999999999998,0.21177533615468225,0.24884320775542665,0.6572461041383773,0.6572461041383773,0.6572461041383773,0.0,1.0,0.0,1.0,0.6923236274272004,0.3996185313994572,0.0,3.9376033428963275,"[5.8885, 3.1972, 5.2968]","[0.1802, 0.2063, 0.2488]","[0.0677, 0.3745, 0.1816]","[5.8261, 3.2323, 5.2924]",[2.5400],[1],"[0, 2]"
164,monoprotic,1,48,7.51,8.15,0.6400000000000006,0.210082674828273,0.24933362847781507,0.6609647877155513,0.6609647877155513,0.6609647877155513,0.0,1.0,0.0,1.0,0.692876542189738,0.398064342332543,0.0,3.0376822601445017,"[5.8851, 3.2010, 5.3130]","[0.1800, 0.2009, 0.2493]","[0.0652, 0.3752, 0.1829]","[5.8256, 3.2329, 5.2948]",[2.5400],[1],"[0, 2]"
164,monoprotic,1,49,8.41,8.15,0.2599999999999998,0.2083233815742909,0.2500468629603631,0.6566309549267904,0.6566309549267904,0.6566309549267904,0.0,1.0,0.0,1.0,0.6921602253245669,0.39684642738165365,0.0,3.9373977988399567,"[5.8948, 3.1966, 5.3182]","[0.1767, 0.1982, 0.2500]","[0.0642, 0.3739, 0.1818]","[5.8272, 3.2322, 5.2956]",[2.5400],[1],"[0, 2]"
164,monoprotic,1,50,7.51,8.15,0.6400000000000006,0.2091182513578107,0.2399604676400872,0.6497082991731329,0.6497082991731329,0.6497082991731329,0.0,1.0,0.0,1.0,0.6911693872682907,0.3926969379086117,0.0,3.0369355378113685,"[5.8932, 3.1897, 5.3203]","[0.1762, 0.2112, 0.2400]","[0.0627, 0.3768, 0.1810]","[5.8270, 3.2312, 5.2960]",[2.5400],[1],"[0, 2]"
168,monoprotic,1,0,2.4,2.99,0.5900000000000003,0.20000000000000004,0.2,0.0597446308660059,0.0597446308660059,0.0597446308660059,1.0,1.0,1.0,1.0,0.0597446308660059,0.5620997289771095,0.0,,"[5.3751, 5.2859, 5.6997]","[0.2000, 0.2000, 0.2000]","[0.2669, 0.3694, 0.4957]","[5.3751, 5.2859, 5.6997]",[5.6400],[2],"[0, 1]"
168,monoprotic,1,1,4.9,2.99,1.9100000000000001,0.20001459503727173,0.20130309086124126,0.07560527089881575,0.07560527089881575,0.07560527089881575,1.0,1.0,1.0,1.0,0.06229177072718706,0.5621654567005353,0.0,0.4041908668354157,"[5.3853, 5.2829, 5.7156]","[0.2013, 0.1991, 0.1996]","[0.2668, 0.3694, 0.4955]","[5.3767, 5.2854, 5.7023]",[5.6400],[2],"[0, 1]"
168,monoprotic,1,2,4.56,2.99,1.5699999999999994,0.1973661686984177,0.20018421754783253,0.07042979895057488,0.07042979895057488,0.07042979895057488,1.0,1.0,1.0,1.0,0.06146349156670006,0.5623211845847135,0.0,0.33216077595949134,"[5.3826, 5.2856, 5.7104]","[0.2002, 0.1937, 0.1982]","[0.2669, 0.3692, 0.4951]","[5.3763, 5.2859, 5.7015]",[5.6400],[2],"[0, 1]"
168,monoprotic,1,3,3.38,2.99,0.3899999999999997,0.1977023786320926,0.20496197983459605,0.07325553955849529,0.07325553955849529,0.07325553955849529,1.0,1.0,1.0,1.0,0.0619338731163559,0.5622898652594135,0.0,0.13570470094680775,"[5.3862, 5.2854, 5.7133]","[0.2050, 0.1960, 0.1922]","[0.2671, 0.3691, 0.4952]","[5.3768, 5.2858, 5.7019]",[5.6400],[2],"[0, 1]"
168,monoprotic,1,4,2.29,2.99,0.7000000000000002,0.2037559022725893,0.20954586653661628,0.08451522515399201,0.08451522515399201,0.08451522515399201,1.0,1.0,1.0,1.0,0.06373230849264289,0.5622050610633935,0.0,0.005749386698007619,"[5.3968, 5.2976, 5.7245]","[0.2095, 0.2041, 0.1976]","[0.2674, 0.3688, 0.4954]","[5.3785, 5.2878, 5.7037]",[5.6400],[2],"[0, 1]"
168,monoprotic,1,5,2.58,2.99,0.41000000000000014,0.20220708764318973,0.2104692285169024,0.08727415956717266,0.08727415956717266,0.08727415956717266,1.0,1.0,1.0,1.0,0.06414815869092383,0.56214978926134,0.0,0.008335092961788249,"[5.4034, 5.2882, 5.7273]","[0.2105, 0.1932, 0.2030]","[0.2671, 0.3689, 0.4953]","[5.3795, 5.2863, 5.7041]",[5.6400],[2],"[0, 1]"
168,monoprotic,1,6,3.33,2.99,0.33999999999999986,0.11364675937177592,0.18639713951203005,0.293513666556402,0.293513666556402,0.293513666556402,1.0,1.0,1.0,1.0,0.10299539748583086,0.550062613174607,0.0,0.11227318078279502,"[6.1219, 5.0661, 5.9335]","[0.1864, 0.0795, 0.0751]","[0.2583, 0.3659, 0.5105]","[5.4969, 5.2454, 5.7430]",[5.6400],[2],"[0, 1]"
168,monoprotic,1,7,2.87,2.99,0.1200000000000001,0.11082975256518868,0.17143968225410586,0.2959565763816938,0.2959565763816938,0.2959565763816938,1.0,1.0,1.0,1.0,0.10338427207747625,0.5500461366099361,0.0,0.015245805382728683,"[6.2040, 5.0568, 5.9360]","[0.1714, 0.0846, 0.0764]","[0.2582, 0.3659, 0.5106]","[5.5127, 5.2440, 5.7434]",[5.6400],[2],"[0, 1]"
168,monoprotic,1,8,3.07,2.99,0.07999999999999963,0.10077763232177084,0.14093150162141183,0.2980330191168221,0.2980330191168221,0.2980330191168221,1.0,1.0,1.0,1.0,0.08653863522491623,0.550514168041608,1.0,0.028931565284728844,"[6.4123, 5.0514, 5.9380]","[0.1409, 0.0823, 0.0791]","[0.2586, 0.3662, 0.5102]","[5.5535, 5.2429, 5.7436]",[5.6400],[2],"[0, 1]"
171,triprotic,3,0,2.66,2.25,0.41000000000000014,0.20000000000000004,0.2,2.1963345899542794,2.4602372739054155,3.580937098614881,0.0,0.3333333333333333,0.0,0.0,2.1963345899542794,0.0,0.0,,"[4.2434, 3.8390, 3.3984]","[0.2000, 0.2000, 0.2000]","[0.3672, 0.2160, 0.4252]","[4.2434, 3.8390, 3.3984]","[2.5312, 5.9798, 7.8244]","[0, 1, 2]",[]
171,triprotic,3,1,1.67,2.25,0.5800000000000001,0.20433134029565458,0.20973429566355373,2.192246125201916,2.4570459108517135,3.581388725319874,0.0,0.3333333333333333,0.0,0.0,2.1956861245498835,0.0,0.0,0.2762153241038323,"[4.2430, 3.8501, 3.3969]","[0.1956, 0.2097, 0.2077]","[0.3670, 0.2160, 0.4251]","[4.2434, 3.8407, 3.3982]","[2.5312, 5.9798, 7.8244]","[0, 1, 2]",[]
171,triprotic,3,2,1.76,2.25,0.49,0.20490078779535872,0.21319006389914374,2.1960791056048947,2.4586375358322905,3.576466738609441,0.0,0.3333333333333333,0.0,0.0,2.1962891082750717,0.0,0.0,0.46255090810358523,"[4.2479, 3.8382, 3.4014]","[0.1943, 0.2072, 0.2132]","[0.3672, 0.2162, 0.4249]","[4.2442, 3.8388, 3.3989]","[2.5312, 5.9798, 7.8244]","[0, 1, 2]",[]
171,triprotic,3,3,1.85,2.25,0.3999999999999999,0.2015807828321541,0.21160276273996392,2.198648392517437,2.460254000276432,3.5760615261073827,0.0,0.3333333333333333,0.0,0.0,2.196697892936453,0.0,0.0,0.792810221761465,"[4.2483, 3.8332, 3.4045]","[0.1910, 0.2021, 0.2116]","[0.3668, 0.2165, 0.4248]","[4.2442, 3.8380, 3.3994]","[2.5312, 5.9798, 7.8244]","[0, 1, 2]",[]
171,triprotic,3,4,1.95,2.25,0.30000000000000004,0.20056650084153393,0.21091822191694765,2.2028798950094473,2.4637251669481826,3.5810113428286554,0.0,0.3333333333333333,0.0,0.0,2.1973754669228986,0.0,0.0,1.0346039609983564,"[4.2434, 3.8324, 3.4114]","[0.1844, 0.2109, 0.2064]","[0.3661, 0.2166, 0.4250]","[4.2434, 3.8379, 3.4005]","[2.5312, 5.9798, 7.8244]","[0, 1, 2]",[]
171,triprotic,3,5,2.04,2.25,0.20999999999999996,0.2042324329465903,0.2235230163270673,2.1946784622544406,2.453926569209181,3.566053247751725,0.0,0.3333333333333333,0.0,0.0,2.1960413330753368,0.0,0.0,1.1174383117258548,"[4.2583, 3.8405, 3.4099]","[0.1777, 0.2235, 0.2115]","[0.3664, 0.2171, 0.4252]","[4.2459, 3.8392, 3.4003]","[2.5312, 5.9798, 7.8244]","[0, 1, 2]",[]
171,triprotic,3,6,2.13,2.25,0.1200000000000001,0.20669901629278412,0.22248692903538428,2.1896615768993537,2.4512210785010713,3.570074959487168,0.0,0.3333333333333333,0.0,0.0,2.1952663792205125,0.0,0.0,1.123813604824245,"[4.2543, 3.8545, 3.4048]","[0.1817, 0.2225, 0.2160]","[0.3661, 0.2164, 0.4259]","[4.2452, 3.8414, 3.3994]","[2.5312, 5.9798, 7.8244]","[0, 1, 2]",[]
171,triprotic,3,7,2.17,2.25,0.08000000000000007,0.2062842356082046,0.22431994529857885,2.1888171923232087,2.4519599413008084,3.577266089693496,0.0,0.3333333333333333,0.0,0.0,2.195160496594761,0.0,1.0,1.125958088245243,"[4.2471, 3.8639, 3.4045]","[0.1869, 0.2243, 0.2077]","[0.3659, 0.2165, 0.4255]","[4.2440, 3.8429, 3.3994]","[2.5312, 5.9798, 7.8244]","[0, 1, 2]",[]
170,diprotic,2,0,2.05,9.06,7.010000000000001,0.20000000000000004,0.2,0.3270772729142095,0.3291582495342697,0.3640314442547803,1.0,1.0,1.0,1.0,0.3270772729142095,0.21670005530266748,0.0,,"[5.8668, 4.7089, 3.5245]","[0.2000, 0.2000, 0.2000]","[0.0532, 0.1695, 0.0228]","[5.8668, 4.7089, 3.5245]","[3.8147, 5.0729]","[1, 2]",[0]
170,diprotic,2,1,4.27,9.06,4.790000000000001,0.19622217230605535,0.20254982850590414,0.32670021212739364,0.32888752484608813,0.3645680797106392,1.0,1.0,1.0,1.0,0.32701515528088754,0.21611830942182034,0.0,0.29353779521305157,"[5.8569, 4.7084, 3.5258]","[0.1978, 0.2025, 0.1883]","[0.0531, 0.1694, 0.0231]","[5.8652, 4.7088, 3.5247]","[3.8147, 5.0729]","[1, 2]",[0]
170,diprotic,2,2,5.17,9.06,3.8900000000000006,0.19353518604166667,0.19780978048549389,0.3284885572501497,0.33179553584962496,0.3752169786385817,1.0,1.0,1.0,1.0,0.3273040541796437,0.2155717455582926,0.0,0.46522508825175457,"[5.8650, 4.6977, 3.5329]","[0.1978, 0.1925, 0.1903]","[0.0529, 0.1692, 0.0233]","[5.8665, 4.7071, 3.5259]","[3.8147, 5.0729]","[1, 2]",[0]
170,diprotic,2,3,11.55,9.06,2.49,0.1918406466706638,0.2034763370205332,0.3262622797579897,0.3302390592662352,0.377357886928932,1.0,1.0,1.0,1.0,0.3269537310946753,0.21529311313358984,0.0,6.717111618677155,"[5.8713, 4.6956, 3.5395]","[0.2035, 0.1826, 0.1895]","[0.0527, 0.1689, 0.0231]","[5.8675, 4.7067, 3.5270]","[3.8147, 5.0729]","[1, 2]",[0]
170,diprotic,2,4,5.74,9.06,3.3200000000000003,0.19128485556605943,0.19879085027230134,0.3291470727529586,0.3329123127509188,0.3790751458113508,1.0,1.0,1.0,1.0,0.32741771741676207,0.2141077996890948,0.0,0.9733193802041935,"[5.8638, 4.6939, 3.5354]","[0.1988, 0.1862, 0.1888]","[0.0525, 0.1691, 0.0236]","[5.8663, 4.7065, 3.5263]","[3.8147, 5.0729]","[1, 2]",[0]
170,diprotic,2,5,6.5,9.06,2.5600000000000005,0.1894158011262216,0.19860286269024732,0.331876685344495,0.3348256365622518,0.3762171028444259,1.0,1.0,1.0,1.0,0.3278590951267111,0.21597903143956118,0.0,1.701996399788186,"[5.8581, 4.6967, 3.5271]","[0.1986, 0.1867, 0.1830]","[0.0530, 0.1687, 0.0235]","[5.8654, 4.7069, 3.5250]","[3.8147, 5.0729]","[1, 2]",[0]
170,diprotic,2,6,11.47,9.06,2.41,0.1938705167421573,0.2079289856198477,0.32669515134863225,0.33007189274281057,0.3737879582740611,1.0,1.0,1.0,1.0,0.3270100998686325,0.21412812335866832,0.0,6.63827114368789,"[5.8523, 4.6992, 3.5351]","[0.2079, 0.1893, 0.1844]","[0.0523, 0.1687, 0.0232]","[5.8645, 4.7073, 3.5263]","[3.8147, 5.0729]","[1, 2]",[0]
170,diprotic,2,7,11.0,9.06,1.9399999999999995,0.19512263450500011,0.20815974612347668,0.3281831453794377,0.33092419194459743,0.3706877792802681,1.0,1.0,1.0,1.0,0.32725055625925026,0.21396374738207463,0.0,6.185284609440714,"[5.8368, 4.7023, 3.5290]","[0.2082, 0.1948, 0.1824]","[0.0522, 0.1684, 0.0232]","[5.8620, 4.7078, 3.5253]","[3.8147, 5.0729]","[1, 2]",[0]
170,diprotic,2,8,6.52,9.06,2.540000000000001,0.19340186112829763,0.20486783737051492,0.32991884906366,0.33214888424242006,0.3683432467296548,1.0,1.0,1.0,1.0,0.32753728780176483,0.21113476067182418,0.0,1.722851019101217,"[5.8503, 4.7046, 3.5232]","[0.2049, 0.1978, 0.1775]","[0.0514, 0.1688, 0.0232]","[5.8641, 4.7082, 3.5243]","[3.8147, 5.0729]","[1, 2]",[0]
170,diprotic,2,9,9.39,9.06,0.33000000000000007,0.19383472066422505,0.21234901941524173,0.3279130676992539,0.3305067070203935,0.36923743602508274,1.0,1.0,1.0,1.0,0.32720356979694687,0.2134339672375685,0.0,4.584230807945133,"[5.8490, 4.7037, 3.5281]","[0.2123, 0.1968, 0.1723]","[0.0523, 0.1684, 0.0243]","[5.8640, 4.7081, 3.5251]","[3.8147, 5.0729]","[1, 2]",[0]
170,diprotic,2,10,6.85,9.06,2.210000000000001,0.19932883514270214,0.21469027353572093,0.32659368608515127,0.32968088854224553,0.3716053787806963,1.0,1.0,1.0,1.0,0.32699004846474367,0.2147818220539153,0.0,2.048036397108808,"[5.8540, 4.7013, 3.5331]","[0.2147, 0.1973, 0.1860]","[0.0524, 0.1678, 0.0239]","[5.8648, 4.7077, 3.5259]","[3.8147, 5.0729]","[1, 2]",[0]
170,diprotic,2,11,7.16,9.06,1.9000000000000004,0.19179759333525506,0.20043217773443517,0.32792092879128387,0.33230448577590693,0.3817181009051751,1.0,1.0,1.0,1.0,0.32719179383012453,0.21603204144721713,0.0,2.355752917788923,"[5.8635, 4.6912, 3.5405]","[0.2004, 0.1945, 0.1804]","[0.0524, 0.1676, 0.0226]","[5.8662, 4.7061, 3.5272]","[3.8147, 5.0729]","[1, 2]",[0]
170,diprotic,2,12,8.74,9.06,0.3200000000000003,0.19566389143399085,0.20330495925728156,0.32979462797504433,0.3345821227935014,0.38619232519583324,1.0,1.0,1.0,1.0,0.3274921397837418,0.21382773949012207,0.0,3.9335228051152082,"[5.8698, 4.6868, 3.5413]","[0.2033, 0.1987, 0.1850]","[0.0518, 0.1670, 0.0234]","[5.8672, 4.7054, 3.5273]","[3.8147, 5.0729]","[1, 2]",[0]
170,diprotic,2,13,10.32,9.06,1.2599999999999998,0.20146964043376658,0.21326148502826953,0.32600773698060226,0.3310569531352261,0.38360688322397785,1.0,1.0,1.0,1.0,0.3268785180493645,0.21203337964340702,0.0,5.511506890812889,"[5.8692, 4.6893, 3.5462]","[0.2133, 0.2022, 0.1890]","[0.0514, 0.1667, 0.0243]","[5.8671, 4.7058, 3.5281]","[3.8147, 5.0729]","[1, 2]",[0]
170,diprotic,2,14,10.07,9.06,1.0099999999999998,0.20314721028808227,0.2063312685576883,0.3245338577873136,0.3294495508347832,0.3812329027080539,1.0,1.0,1.0,1.0,0.32665732001621306,0.21713258555563003,0.0,5.261967088496313,"[5.8773, 4.6917, 3.5468]","[0.2037, 0.2063, 0.1994]","[0.0530, 0.1671, 0.0241]","[5.8684, 4.7062, 3.5281]","[3.8147, 5.0729]","[1, 2]",[0]
170,diprotic,2,15,9.39,9.06,0.33000000000000007,0.20685132412488105,0.2117262949380718,0.3230244004007654,0.32837634433085705,0.3820689620624762,1.0,1.0,1.0,1.0,0.3264222892099262,0.21719833321056187,0.0,4.582235549911857,"[5.8754, 4.6909, 3.5507]","[0.2025, 0.2117, 0.2063]","[0.0532, 0.1670, 0.0249]","[5.8681, 4.7061, 3.5287]","[3.8147, 5.0729]","[1, 2]",[0]
170,diprotic,2,16,7.63,9.06,1.4300000000000006,0.21009938051810806,0.21809904485333176,0.32648105030620056,0.3308346274453674,0.37997567160474954,1.0,1.0,1.0,1.0,0.3269652973689514,0.2179743852543815,0.0,2.8230145621299743,"[5.8933, 4.6930, 3.5417]","[0.2053, 0.2181, 0.2069]","[0.0536, 0.1667, 0.0257]","[5.8710, 4.7064, 3.5273]","[3.8147, 5.0729]","[1, 2]",[0]
170,diprotic,2,17,8.09,9.06,0.9700000000000006,0.21240440200842958,0.21757777969125633,0.3274130297482174,0.331526558301196,0.3794761338636006,1.0,1.0,1.0,1.0,0.32711982699639375,0.21823008842160502,0.0,3.2820380897354333,"[5.8841, 4.6935, 3.5393]","[0.2093, 0.2176, 0.2103]","[0.0539, 0.1666, 0.0263]","[5.8695, 4.7065, 3.5269]","[3.8147, 5.0729]","[1, 2]",[0]
170,diprotic,2,18,9.39,9.06,0.33000000000000007,0.21455939253959763,0.23186623583126126,0.3237558794955513,0.3266208636102749,0.3669220588213138,1.0,1.0,1.0,1.0,0.32653916994095056,0.22390316597022664,0.0,4.582200508899987,"[5.8955, 4.7060, 3.5341]","[0.2076, 0.2319, 0.2042]","[0.0550, 0.1654, 0.0253]","[5.8713, 4.7085, 3.5261]","[3.8147, 5.0729]","[1, 2]",[0]
170,diprotic,2,19,8.74,9.06,0.3200000000000003,0.21731925193740567,0.23706177986385343,0.32384622337577595,0.3263533801376549,0.36422136836027974,1.0,1.0,1.0,1.0,0.3265598731209627,0.22477099452117164,0.0,3.9314307719562205,"[5.9024, 4.7087, 3.5312]","[0.2119, 0.2371, 0.2030]","[0.0548, 0.1646, 0.0244]","[5.8724, 4.7089, 3.5256]","[3.8147, 5.0729]","[1, 2]",[0]
170,diprotic,2,20,9.39,9.06,0.33000000000000007,0.21018289633500845,0.23550135848495682,0.32096448157058854,0.32441769166023837,0.36817295784636794,1.0,1.0,1.0,1.0,0.3260665238315197,0.22966187212540673,0.0,4.580890926867724,"[5.9000, 4.7048, 3.5409]","[0.2049, 0.2355, 0.1902]","[0.0562, 0.1636, 0.0248]","[5.8721, 4.7083, 3.5272]","[3.8147, 5.0729]","[1, 2]",[0]
170,diprotic,2,21,8.74,9.06,0.3200000000000003,0.2066427833458638,0.23103813386675723,0.32545503352295246,0.3299196705478682,0.3795476408643239,1.0,1.0,1.0,1.0,0.32676325652217586,0.23199260192997126,0.0,3.9308760548103603,"[5.9022, 4.6934, 3.5433]","[0.1931, 0.2310, 0.1958]","[0.0566, 0.1632, 0.0243]","[5.8725, 4.7065, 3.5276]","[3.8147, 5.0729]","[1, 2]",[0]
170,diprotic,2,22,8.83,9.06,0.23000000000000043,0.2008626956626879,0.22805175358277865,0.3207119950277548,0.32632478342207755,0.380975421090195,1.0,1.0,1.0,1.0,0.3259812749940061,0.2227674957967405,0.0,4.021182318143547,"[5.8944, 4.6920, 3.5542]","[0.1846, 0.2281, 0.1899]","[0.0536, 0.1628, 0.0241]","[5.8713, 4.7063, 3.5294]","[3.8147, 5.0729]","[1, 2]",[0]
170,diprotic,2,23,8.92,9.06,0.14000000000000057,0.19258293711226904,0.2202330720083316,0.3121084157027769,0.3181114484508718,0.37361638659285124,1.0,1.0,1.0,1.0,0.3245940275265977,0.22629287045043572,0.0,4.1110268468782305,"[5.8890, 4.6993, 3.5641]","[0.1737, 0.2202, 0.1838]","[0.0544, 0.1624, 0.0235]","[5.8704, 4.7074, 3.5310]","[3.8147, 5.0729]","[1, 2]",[0]
170,diprotic,2,24,9.0,9.06,0.0600000000000005,0.19030340422915626,0.21258055918965052,0.31318128817255486,0.3185783683146499,0.37157356074867476,1.0,1.0,1.0,1.0,0.3247854234636245,0.22476924112804156,1.0,4.1903437215369195,"[5.8813, 4.7014, 3.5599]","[0.1736, 0.2126, 0.1847]","[0.0548, 0.1647, 0.0244]","[5.8692, 4.7077, 3.5303]","[3.8147, 5.0729]","[1, 2]",[0]
173,triprotic,3,0,2.61,4.41,1.8000000000000003,0.20000000000000004,0.2,0.6247194866997058,0.8570966264893661,1.4538407462672058,0.6666666666666666,0.6666666666666666,0.0,0.0,0.6247194866997058,0.0,0.0,,"[5.2809, 5.6415, 2.8786]","[0.2000, 0.2000, 0.2000]","[0.3878, 0.3341, 0.2336]","[5.2809, 5.6415, 2.8786]","[3.1192, 5.4605, 7.0954]","[0, 1, 2]",[]
173,triprotic,3,1,3.25,4.41,1.1600000000000001,0.1980938217312954,0.20981566556211556,0.6193167274511125,0.8490085403837297,1.439502496739494,0.6666666666666666,0.6666666666666666,0.0,0.0,0.6238375577406695,0.0,0.0,1.1234319008653983,"[5.2883, 5.6559, 2.8730]","[0.1930, 0.1915, 0.2098]","[0.3877, 0.3346, 0.2339]","[5.2821, 5.6439, 2.8777]","[3.1192, 5.4605, 7.0954]","[0, 1, 2]",[]
173,triprotic,3,2,3.75,4.41,0.6600000000000001,0.20139019644004388,0.21382531208699213,0.6093416169210473,0.840724723888147,1.4276867978968415,0.6666666666666666,0.6666666666666666,0.0,0.0,0.622246930222658,0.0,0.0,0.7044734639348462,"[5.2922, 5.6677, 2.8872]","[0.1952, 0.1952, 0.2138]","[0.3880, 0.3342, 0.2336]","[5.2827, 5.6458, 2.8799]","[3.1192, 5.4605, 7.0954]","[0, 1, 2]",[]
173,triprotic,3,3,4.18,4.41,0.23000000000000043,0.20398556845594631,0.21522243603921404,0.6154129274436763,0.8472065364445814,1.4379516488960835,0.6666666666666666,0.6666666666666666,0.0,0.0,0.6232238674597154,0.0,0.0,0.3133126941323283,"[5.2897, 5.6574, 2.8817]","[0.2032, 0.1936, 0.2152]","[0.3882, 0.3344, 0.2335]","[5.2823, 5.6441, 2.8791]","[3.1192, 5.4605, 7.0954]","[0, 1, 2]",[]
173,triprotic,3,4,4.37,4.41,0.040000000000000036,0.20709635301294993,0.22510624033658405,0.6214980788481124,0.8503061355155013,1.4416238720902763,0.6666666666666666,0.6666666666666666,0.0,0.0,0.6242038844455596,0.0,1.0,0.1351712489221244,"[5.2753, 5.6538, 2.8816]","[0.2003, 0.1959, 0.2251]","[0.3891, 0.3342, 0.2328]","[5.2800, 5.6435, 2.8790]","[3.1192, 5.4605, 7.0954]","[0, 1, 2]",[]
174,monoprotic,1,0,2.04,10.94,8.899999999999999,0.20000000000000004,0.2,0.26591169033229267,0.26591169033229267,0.26591169033229267,1.0,1.0,1.0,1.0,0.26591169033229267,0.8281579018649279,0.0,,"[5.2701, 4.4375, 3.4359]","[0.2000, 0.2000, 0.2000]","[0.4742, 0.2715, 0.1547]","[5.2701, 4.4375, 3.4359]",[3.1700],[2],"[0, 1]"
174,monoprotic,1,1,4.12,10.94,6.819999999999999,0.19119590960086286,0.2542309869589619,0.006219951755896069,0.006219951755896069,0.006219951755896069,1.0,1.0,1.0,1.0,0.2212052222857266,0.8301256771191805,0.0,0.12524850491434325,"[4.8350, 4.2414, 3.1638]","[0.2542, 0.1388, 0.1805]","[0.4742, 0.2688, 0.1521]","[5.2047, 4.4036, 3.3912]",[3.1700],[2],"[0, 1]"
174,monoprotic,1,2,12.41,10.94,1.4700000000000006,0.1880318395573083,0.2548109541378069,0.006810299800124486,0.006810299800124486,0.006810299800124486,1.0,1.0,1.0,1.0,0.22049416444202086,0.8302805728109128,0.0,8.0362824741425,"[4.8234, 4.2508, 3.1632]","[0.2548, 0.1404, 0.1689]","[0.4742, 0.2688, 0.1519]","[5.2031, 4.4053, 3.3905]",[3.1700],[2],"[0, 1]"
174,monoprotic,1,3,12.17,10.94,1.2300000000000004,0.18797051683180654,0.24784471622062088,0.013326390106415342,0.013326390106415342,0.013326390106415342,1.0,1.0,1.0,1.0,0.21943885366610782,0.8303369702242477,0.0,7.850363535648212,"[4.8108, 4.2450, 3.1567]","[0.2478, 0.1466, 0.1695]","[0.4743, 0.2689, 0.1519]","[5.2006, 4.4046, 3.3894]",[3.1700],[2],"[0, 1]"
174,monoprotic,1,4,11.65,10.94,0.7100000000000009,0.1876253588402846,0.2550171058227231,0.031089292507768818,0.031089292507768818,0.031089292507768818,1.0,1.0,1.0,1.0,0.2164244223385201,0.8307405380440597,0.0,7.394777103653178,"[4.8178, 4.2413, 3.1389]","[0.2550, 0.1394, 0.1685]","[0.4739, 0.2687, 0.1513]","[5.2022, 4.4037, 3.3864]",[3.1700],[2],"[0, 1]"
174,monoprotic,1,5,5.26,10.94,5.68,0.18404491439552448,0.24148311361390365,0.03986160952885731,0.03986160952885731,0.03986160952885731,1.0,1.0,1.0,1.0,0.21475933505271794,0.8307213109817251,0.0,1.0413086297828702,"[4.7935, 4.2336, 3.1301]","[0.2415, 0.1456, 0.1650]","[0.4738, 0.2681, 0.1512]","[5.1974, 4.4026, 3.3848]",[3.1700],[2],"[0, 1]"
174,monoprotic,1,6,11.29,10.94,0.34999999999999964,0.18612599474919034,0.24269393358915475,0.0469336063311907,0.0469336063311907,0.0469336063311907,1.0,1.0,1.0,1.0,0.2137048645868891,0.8307540573275282,0.0,7.055838221879675,"[4.7944, 4.2297, 3.1231]","[0.2427, 0.1485, 0.1672]","[0.4736, 0.2680, 0.1511]","[5.1976, 4.4020, 3.3837]",[3.1700],[2],"[0, 1]"
174,monoprotic,1,7,10.93,10.94,0.009999999999999787,0.1835282491053137,0.24041500844404798,0.045940556204794536,0.045940556204794536,0.045940556204794536,1.0,1.0,1.0,1.0,0.21334656126244322,0.8311901603061812,1.0,6.70508809720166,"[4.7908, 4.2362, 3.1241]","[0.2404, 0.1516, 0.1585]","[0.4732, 0.2678, 0.1505]","[5.1969, 4.4033, 3.3833]",[3.1700],[2],"[0, 1]"
175,diprotic,2,0,1.78,2.4,0.6199999999999999,0.20000000000000004,0.2,0.9111395702731038,0.9274826250360801,1.0844851881189603,0.0,0.5,0.0,0.0,0.9111395702731038,0.5679962253967051,0.0,,"[4.7722, 2.1615, 2.7424]","[0.2000, 0.2000, 0.2000]","[0.1295, 0.4539, 0.2158]","[4.7722, 2.1615, 2.7424]","[3.8269, 4.0344]","[0, 2]",[1]
175,diprotic,2,1,3.05,2.4,0.6499999999999999,0.1989396992612519,0.2030156722668761,0.9247309272560653,0.9412129832831356,1.1001007994601522,0.0,0.5,0.0,0.0,0.9133207036958277,0.5681897500819978,0.0,0.2990111109800635,"[4.7837, 2.1573, 2.7268]","[0.1965, 0.1973, 0.2030]","[0.1292, 0.4539, 0.2158]","[4.7740, 2.1608, 2.7399]","[3.8269, 4.0344]","[0, 2]",[1]
175,diprotic,2,2,2.82,2.4,0.41999999999999993,0.20038199233146026,0.2054929445165962,0.9156058542790868,0.9315055140873288,1.0869780876920947,0.0,0.5,0.0,0.0,0.9118572586720814,0.5679406265712995,0.0,0.16456102689728125,"[4.7786, 2.1509, 2.7399]","[0.2008, 0.2055, 0.1949]","[0.1296, 0.4540, 0.2158]","[4.7732, 2.1598, 2.7420]","[3.8269, 4.0344]","[0, 2]",[1]
175,diprotic,2,3,2.48,2.4,0.08000000000000007,0.1748156930112087,0.1872562976784301,0.9114535420470367,0.9336154994798929,1.113667145840156,0.0,0.5,0.0,0.0,0.9111415302331751,0.5677065870453937,1.0,0.005341938212513941,"[4.7436, 2.1185, 2.7132]","[0.1695, 0.1677, 0.1873]","[0.1295, 0.4535, 0.2159]","[4.7674, 2.1543, 2.7376]","[3.8269, 4.0344]","[0, 2]",[1]
172,triprotic,3,0,2.06,9.41,7.35,0.20000000000000004,0.2,1.5582352750762494,1.6596352529829599,2.3477214321848363,0.0,0.0,0.0,0.0,1.5582352750762494,0.0,0.0,,"[2.3216, 3.8211, 5.4723]","[0.2000, 0.2000, 0.2000]","[0.0829, 0.1611, 0.3833]","[2.3216, 3.8211, 5.4723]","[3.3369, 5.1328, 7.8200]","[0, 1, 2]",[]
172,triprotic,3,1,3.99,9.41,5.42,0.20285454579872372,0.20428309718915338,1.5677374279305152,1.6683576959053332,2.355116065266003,0.0,0.0,0.0,0.0,1.5597556063555842,0.0,0.0,1.0777288039773705,"[2.3160, 3.8056, 5.4649]","[0.2043, 0.2028, 0.2015]","[0.0827, 0.1615, 0.3836]","[2.3207, 3.8186, 5.4711]","[3.3369, 5.1328, 7.8200]","[0, 1, 2]",[]
172,triprotic,3,2,5.29,9.41,4.12,0.20616874808155075,0.21094957186655,1.5730168943957248,1.6708472293054002,2.3484613323271954,0.0,0.0,0.0,0.0,1.560593733214251,0.0,0.0,1.3346790214627982,"[2.3098, 3.7893, 5.4716]","[0.2012, 0.2064, 0.2109]","[0.0829, 0.1614, 0.3836]","[2.3197, 3.8160, 5.4722]","[3.3369, 5.1328, 7.8200]","[0, 1, 2]",[]
172,triprotic,3,3,7.18,9.41,2.2300000000000004,0.2077003665497501,0.21541944394518248,1.5722964330068112,1.6732373369485947,2.36287392506272,0.0,0.0,0.0,0.0,1.5604703885437388,0.0,0.0,2.2045187710970637,"[2.3104, 3.8053, 5.4572]","[0.2022, 0.2055, 0.2154]","[0.0834, 0.1610, 0.3843]","[2.3198, 3.8186, 5.4699]","[3.3369, 5.1328, 7.8200]","[0, 1, 2]",[]
172,triprotic,3,4,8.12,9.41,1.290000000000001,0.21128372500568962,0.22057895483846712,1.567481028144521,1.6705981404002461,2.364794394062441,0.0,0.0,0.0,0.0,1.5596915165984513,0.0,0.0,2.341298735588788,"[2.3232, 3.8088, 5.4552]","[0.2055, 0.2078, 0.2206]","[0.0841, 0.1611, 0.3844]","[2.3219, 3.8191, 5.4696]","[3.3369, 5.1328, 7.8200]","[0, 1, 2]",[]
172,triprotic,3,5,9.09,9.41,0.3200000000000003,0.21425901156643123,0.230887819902505,1.5619621609218726,1.6679827787508585,2.3671651006452095,0.0,0.3333333333333333,0.0,0.0,1.5587849574475363,0.0,0.0,2.340520274043083,"[2.3430, 3.8079, 5.4529]","[0.1998, 0.2120, 0.2309]","[0.0843, 0.1606, 0.3840]","[2.3251, 3.8190, 5.4693]","[3.3369, 5.1328, 7.8200]","[0, 1, 2]",[]
172,triprotic,3,6,10.65,9.41,1.2400000000000002,0.21447907765702579,0.2285452424130442,1.5687980328202737,1.6749395968828522,2.3757402027020804,0.0,0.3333333333333333,0.0,0.0,1.5598720781262638,0.0,0.0,0.039761328697204945,"[2.3391, 3.7999, 5.4443]","[0.2050, 0.2099, 0.2285]","[0.0849, 0.1601, 0.3839]","[2.3244, 3.8177, 5.4680]","[3.3369, 5.1328, 7.8200]","[0, 1, 2]",[]
172,triprotic,3,7,9.56,9.41,0.15000000000000036,0.21737529157175164,0.22612341043783113,1.5707080839915843,1.6776985891143976,2.3831100457638703,0.0,0.0,0.0,0.0,1.5601675622653965,0.0,0.0,2.3128854906558995,"[2.3346, 3.8061, 5.4369]","[0.2078, 0.2182, 0.2261]","[0.0841, 0.1604, 0.3833]","[2.3237, 3.8187, 5.4668]","[3.3369, 5.1328, 7.8200]","[0, 1, 2]",[]
172,triprotic,3,8,9.16,9.41,0.25,0.2214348840590706,0.2323262265971556,1.574027529138279,1.6796124952074556,2.3816260164671474,0.0,0.0,0.0,0.0,1.560693285048479,0.0,0.0,2.341937575340271,"[2.3283, 3.8009, 5.4384]","[0.2130, 0.2323, 0.2190]","[0.0845, 0.1608, 0.3832]","[2.3227, 3.8180, 5.4670]","[3.3369, 5.1328, 7.8200]","[0, 1, 2]",[]
172,triprotic,3,9,9.32,9.41,0.08999999999999986,0.21659173029308787,0.22278062670876983,1.5753564034084409,1.6821779616369208,2.384591469162485,0.0,0.3333333333333333,0.0,0.0,1.5609006908079592,0.0,1.0,2.3427414667606357,"[2.3417, 3.7865, 5.4354]","[0.2085, 0.2228, 0.2185]","[0.0844, 0.1616, 0.3824]","[2.3248, 3.8157, 5.4665]","[3.3369, 5.1328, 7.8200]","[0, 1, 2]",[]
177,triprotic,3,0,2.27,7.12,4.85,0.20000000000000004,0.2,0.8290724818407659,0.9034835597059919,1.1033573760338657,0.3333333333333333,0.3333333333333333,0.0,0.0,0.8290724818407659,0.0,0.0,,"[2.4659, 5.4278, 2.9724]","[0.2000, 0.2000, 0.2000]","[0.1630, 0.0868, 0.1471]","[2.4659, 5.4278, 2.9724]","[2.1440, 4.0757, 6.4898]","[0, 1, 2]",[]
177,triprotic,3,1,2.72,7.12,4.4,0.1992481838882162,0.20410178794020167,0.8273144626664054,0.9040917072455107,1.111443313362451,0.3333333333333333,0.3333333333333333,0.0,0.0,0.8287936873895035,0.0,0.0,0.34970875430852155,"[2.4567, 5.4319, 2.9643]","[0.2041, 0.1971, 0.1966]","[0.1630, 0.0871, 0.1471]","[2.4644, 5.4284, 2.9710]","[2.1440, 4.0757, 6.4898]","[0, 1, 2]",[]
177,triprotic,3,2,4.11,7.12,3.01,0.24512193323885967,0.2886957110656655,0.7396612891292,0.8186049757459103,1.0337910277135354,0.3333333333333333,0.6666666666666666,0.0,0.0,0.8156252519325283,0.0,0.0,0.12825447706505688,"[2.3907, 5.5513, 3.0419]","[0.2294, 0.2887, 0.2172]","[0.1617, 0.0893, 0.1445]","[2.4542, 5.4455, 2.9833]","[2.1440, 4.0757, 6.4898]","[0, 1, 2]",[]
177,triprotic,3,3,5.2,7.12,1.92,0.24286479824990004,0.28898707377948524,0.7441654534624682,0.8184655127608571,1.031123876473481,0.3333333333333333,0.6666666666666666,0.0,0.0,0.8163044857119263,0.0,0.0,0.9870176418218763,"[2.4095, 5.5538, 3.0446]","[0.2251, 0.2890, 0.2145]","[0.1618, 0.0892, 0.1450]","[2.4571, 5.4459, 2.9837]","[2.1440, 4.0757, 6.4898]","[0, 1, 2]",[]
177,triprotic,3,4,6.12,7.12,1.0,0.23602147058257794,0.2837988991671651,0.7377496047747596,0.8142867496493359,1.0297901045725304,0.3333333333333333,0.6666666666666666,0.0,0.0,0.8152206140945188,0.0,0.0,1.764841472618282,"[2.3978, 5.5601, 3.0459]","[0.2103, 0.2838, 0.2140]","[0.1614, 0.0891, 0.1447]","[2.4551, 5.4469, 2.9840]","[2.1440, 4.0757, 6.4898]","[0, 1, 2]",[]
177,triprotic,3,5,6.66,7.12,0.45999999999999996,0.23753149201825452,0.2847249310994347,0.7279301693160306,0.8069799910763579,1.029280237959823,0.3333333333333333,0.6666666666666666,0.0,0.0,0.8137613690890596,0.0,0.0,2.1322455181181432,"[2.3838, 5.5750, 3.0464]","[0.2165, 0.2847, 0.2114]","[0.1618, 0.0891, 0.1448]","[2.4530, 5.4490, 2.9841]","[2.1440, 4.0757, 6.4898]","[0, 1, 2]",[]
177,triprotic,3,6,7.05,7.12,0.07000000000000028,0.24614590234599368,0.29865287606541496,0.7330514104963428,0.8107703302856017,1.0415780402638197,0.3333333333333333,0.6666666666666666,0.0,0.0,0.8147780966760682,0.0,1.0,2.3555025599896906,"[2.3933, 5.5814, 3.0341]","[0.2184, 0.2987, 0.2214]","[0.1621, 0.0884, 0.1454]","[2.4545, 5.4496, 2.9820]","[2.1440, 4.0757, 6.4898]","[0, 1, 2]",[]
176,triprotic,3,0,1.95,10.68,8.73,0.20000000000000004,0.2,0.5651945015080391,0.7138682152210578,1.073025171566453,0.3333333333333333,0.6666666666666666,0.0,0.0,0.5651945015080391,0.0,0.0,,"[3.1612, 4.8117, 5.8259]","[0.2000, 0.2000, 0.2000]","[0.4604, 0.4113, 0.0580]","[3.1612, 4.8117, 5.8259]","[3.1529, 5.8848, 6.4402]","[0, 1, 2]",[]
176,triprotic,3,1,4.04,10.68,6.64,0.19798510187709287,0.1989099539440195,0.5671038737853141,0.7186805445246737,1.0831988570437456,0.3333333333333333,0.6666666666666666,0.0,0.0,0.5655018313469258,0.0,0.0,0.24418611168861393,"[3.1577, 4.8016, 5.8269]","[0.1989, 0.1981, 0.1970]","[0.4606, 0.4113, 0.0579]","[3.1606, 4.8101, 5.8261]","[3.1529, 5.8848, 6.4402]","[0, 1, 2]",[]
176,triprotic,3,2,5.88,10.68,4.8,0.20490093143317467,0.20749613927083635,0.5652034451516638,0.7112557490282161,1.071728398550733,0.3333333333333333,0.6666666666666666,0.0,0.0,0.565193726979487,0.0,0.0,0.9265616146102547,"[3.1695, 4.8130, 5.8330]","[0.2062, 0.2075, 0.2010]","[0.4604, 0.4112, 0.0580]","[3.1625, 4.8119, 5.8271]","[3.1529, 5.8848, 6.4402]","[0, 1, 2]",[]
176,triprotic,3,3,6.46,10.68,4.22,0.2047283268628435,0.21737620661942425,0.5575872340217582,0.7038451501314488,1.0626356542067041,0.3333333333333333,0.6666666666666666,0.0,0.0,0.5639797609026482,0.0,0.0,0.7525442773848772,"[3.1657, 4.8221, 5.8429]","[0.2012, 0.2174, 0.1956]","[0.4603, 0.4114, 0.0581]","[3.1619, 4.8134, 5.8287]","[3.1529, 5.8848, 6.4402]","[0, 1, 2]",[]
176,triprotic,3,4,11.29,10.68,0.6099999999999994,0.2040308893188527,0.21880708987100495,0.5483975467685235,0.6907206537047896,1.0400930256929515,0.3333333333333333,0.6666666666666666,0.0,0.0,0.5625380708402292,0.0,0.0,0.002417721748351198,"[3.1670, 4.8447, 5.8492]","[0.1944, 0.2188, 0.1989]","[0.4596, 0.4113, 0.0584]","[3.1621, 4.8169, 5.8297]","[3.1529, 5.8848, 6.4402]","[0, 1, 2]",[]
176,triprotic,3,5,7.84,10.68,2.84,0.20521338010575393,0.21530043406904634,0.5402179898791407,0.6816601889667215,1.0191629389678845,0.3333333333333333,0.6666666666666666,0.0,0.0,0.5606532551062088,0.0,0.0,0.6163143479824065,"[3.1475, 4.8656, 5.8442]","[0.2039, 0.2153, 0.1964]","[0.4597, 0.4112, 0.0587]","[3.1590, 4.8202, 5.8289]","[3.1529, 5.8848, 6.4402]","[0, 1, 2]",[]
176,triprotic,3,6,10.65,10.68,0.02999999999999936,0.20758866607226292,0.22260395852881942,0.5332654477364861,0.6743557538054011,1.0060271323652996,0.3333333333333333,0.6666666666666666,0.0,0.0,0.5601264042239166,0.0,1.0,0.0022222757339473986,"[3.1526, 4.8787, 5.8468]","[0.2060, 0.2226, 0.1942]","[0.4593, 0.4117, 0.0584]","[3.1598, 4.8222, 5.8293]","[3.1529, 5.8848, 6.4402]","[0, 1, 2]",[]
178,diprotic,2,0,2.1,5.63,3.53,0.20000000000000004,0.2,0.5422395583318735,0.6880257487053696,0.9657436223757019,0.5,1.0,0.0,1.0,0.5422395583318735,0.2841290752243912,0.0,,"[4.8769, 5.3837, 5.7395]","[0.2000, 0.2000, 0.2000]","[0.3665, 0.3358, 0.4794]","[4.8769, 5.3837, 5.7395]","[3.9112, 5.8582]","[0, 2]",[1]
178,diprotic,2,1,4.24,5.63,1.3899999999999997,0.20366957088484858,0.2127482805094899,0.5506829324807407,0.6955550939604607,0.9755890357656396,0.5,1.0,0.0,1.0,0.5435972633609714,0.28410815362041303,0.0,0.6041474479623137,"[4.8868, 5.3879, 5.7324]","[0.1957, 0.2127, 0.2025]","[0.3668, 0.3359, 0.4797]","[4.8785, 5.3843, 5.7383]","[3.9112, 5.8582]","[0, 2]",[1]
178,diprotic,2,2,4.74,5.63,0.8899999999999997,0.205511126063067,0.2179747260896433,0.5451070645199323,0.6871660783709093,0.9635034166480514,0.5,1.0,0.0,1.0,0.5426943308555789,0.28410055694712183,0.0,0.27844981987960615,"[4.8747, 5.3987, 5.7315]","[0.1932, 0.2180, 0.2053]","[0.3670, 0.3361, 0.4798]","[4.8766, 5.3860, 5.7382]","[3.9112, 5.8582]","[0, 2]",[1]
178,diprotic,2,3,5.21,5.63,0.41999999999999993,0.17577666461309657,0.23710399011265645,0.6863458113602809,0.9431253164471285,1.3331957087489208,0.5,0.5,0.0,0.0,0.5637404429602668,0.280603609035938,0.0,0.07070131696760651,"[5.2444, 5.7648, 5.8187]","[0.2371, 0.1334, 0.1568]","[0.3673, 0.3313, 0.4820]","[4.9333, 5.4498, 5.7529]","[3.9112, 5.8582]","[0, 2]",[1]
178,diprotic,2,4,5.73,5.63,0.10000000000000053,0.1750073378060167,0.2382281656885324,0.686987559738168,0.9459647006903835,1.3372931092433555,0.5,0.5,0.0,0.0,0.5637713076701933,0.2804362350090145,0.0,0.38051049645990176,"[5.2485, 5.7669, 5.8215]","[0.2382, 0.1308, 0.1560]","[0.3670, 0.3309, 0.4822]","[4.9339, 5.4503, 5.7533]","[3.9112, 5.8582]","[0, 2]",[1]
178,diprotic,2,5,5.7,5.63,0.07000000000000028,0.17608990953535894,0.23495467556637356,0.6823918268924078,0.9413752170058132,1.3308736645588022,0.5,0.5,0.0,0.0,0.5631701827244844,0.2809868659190522,1.0,0.362282108794898,"[5.2421, 5.7582, 5.8243]","[0.2350, 0.1359, 0.1574]","[0.3666, 0.3316, 0.4821]","[4.9331, 5.4485, 5.7538]","[3.9112, 5.8582]","[0, 2]",[1]
182,monoprotic,1,0,1.79,3.8,2.01,0.20000000000000004,0.2,0.012114949476365933,0.012114949476365933,0.012114949476365933,1.0,1.0,1.0,1.0,0.012114949476365933,0.45097192597841046,0.0,,"[3.9621, 3.6751, 3.5349]","[0.2000, 0.2000, 0.2000]","[0.3013, 0.1562, 0.0913]","[3.9621, 3.6751, 3.5349]",[3.9500],[0],"[1, 2]"
182,monoprotic,1,1,3.9,3.8,0.10000000000000009,0.2026825870659346,0.20346254476589307,0.02297333524754519,0.02297333524754519,0.02297333524754519,1.0,1.0,1.0,1.0,0.013852222541138381,0.45123003085872315,0.0,0.557438748050481,"[3.9730, 3.6764, 3.5443]","[0.2028, 0.2018, 0.2035]","[0.3012, 0.1565, 0.0911]","[3.9639, 3.6753, 3.5364]",[3.9500],[0],"[1, 2]"
182,monoprotic,1,2,3.87,3.8,0.07000000000000028,0.2036152051457747,0.2054426578678698,0.027611978054512765,0.027611978054512765,0.027611978054512765,1.0,1.0,1.0,1.0,0.014587179063051181,0.45121172040294155,1.0,0.5374768864177168,"[3.9776, 3.6693, 3.5419]","[0.2052, 0.2054, 0.2002]","[0.3008, 0.1563, 0.0910]","[3.9646, 3.6742, 3.5360]",[3.9500],[0],"[1, 2]"
181,diprotic,2,0,2.62,7.25,4.63,0.20000000000000004,0.2,0.12247032192410989,0.17254184631790384,0.2440092415284738,1.0,1.0,1.0,1.0,0.12247032192410989,0.18142491876008893,0.0,,"[3.7403, 5.9132, 2.5286]","[0.2000, 0.2000, 0.2000]","[0.1569, 0.2990, 0.4091]","[3.7403, 5.9132, 2.5286]","[2.5277, 6.1572]","[1, 2]",[0]
181,diprotic,2,1,3.14,7.25,4.109999999999999,0.19793476284795242,0.2043129405738544,0.12359252019911682,0.17162642352574697,0.24267450121669132,1.0,1.0,1.0,1.0,0.1219216345481251,0.18107192715732248,0.0,0.7093236158974467,"[3.7481, 5.9145, 2.5232]","[0.2043, 0.1982, 0.1913]","[0.1566, 0.2992, 0.4091]","[3.7416, 5.9134, 2.5278]","[2.5277, 6.1572]","[1, 2]",[0]
181,diprotic,2,2,6.11,7.25,1.1399999999999997,0.20197302466439523,0.20698792141474268,0.11537356983507663,0.16282237620334794,0.23026510814845835,1.0,1.0,1.0,1.0,0.12126196621066265,0.18176934752837257,0.0,1.9693280734494332,"[3.7567, 5.9269, 2.5272]","[0.2062, 0.2070, 0.1927]","[0.1572, 0.2988, 0.4089]","[3.7430, 5.9154, 2.5284]","[2.5277, 6.1572]","[1, 2]",[0]
181,diprotic,2,3,6.46,7.25,0.79,0.20802893156240665,0.2160544223348675,0.12949524223191688,0.17708653965171242,0.25028690073992266,1.0,1.0,1.0,1.0,0.12281094312567387,0.18162639982481119,0.0,2.2531153140962124,"[3.7443, 5.9069, 2.5190]","[0.2161, 0.2070, 0.2010]","[0.1571, 0.2989, 0.4090]","[3.7410, 5.9122, 2.5271]","[2.5277, 6.1572]","[1, 2]",[0]
181,diprotic,2,4,6.91,7.25,0.33999999999999986,0.20941930376771478,0.21525212374268182,0.12332242467443555,0.1709591202616787,0.24172259516867634,1.0,1.0,1.0,1.0,0.12260908128151327,0.18125747455440952,0.0,2.6463766338676216,"[3.7507, 5.9155, 2.5326]","[0.2094, 0.2153, 0.2036]","[0.1569, 0.2993, 0.4093]","[3.7420, 5.9135, 2.5293]","[2.5277, 6.1572]","[1, 2]",[0]
181,diprotic,2,5,7.26,7.25,0.009999999999999787,0.21816202470302973,0.23026858336003453,0.1359315033311368,0.1802807130322401,0.2543534687495086,1.0,1.0,1.0,1.0,0.12457483390066315,0.18138876895892297,1.0,2.969493855712935,"[3.7554, 5.9028, 2.5452]","[0.2076, 0.2303, 0.2167]","[0.1568, 0.2992, 0.4085]","[3.7427, 5.9116, 2.5312]","[2.5277, 6.1572]","[1, 2]",[0]
180,triprotic,3,0,3.47,2.34,1.1300000000000003,0.20000000000000004,0.2,0.9378281527865212,1.0511609679120049,1.6088689901336357,0.0,0.6666666666666666,0.0,0.0,0.9378281527865212,0.0,0.0,,"[4.2279, 5.9134, 5.0945]","[0.2000, 0.2000, 0.2000]","[0.0084, 0.1490, 0.1974]","[4.2279, 5.9134, 5.0945]","[3.6055, 5.6767, 7.5223]","[0, 1, 2]",[]
180,triprotic,3,1,1.63,2.34,0.71,0.20265710639819953,0.2053559609817828,0.9270965716187511,1.0407705150837252,1.5957794404428576,0.0,0.6666666666666666,0.0,0.0,0.9361096856838994,0.0,0.0,0.014312399905175077,"[4.2120, 5.9265, 5.0978]","[0.2052, 0.1974, 0.2054]","[0.0083, 0.1487, 0.1974]","[4.2254, 5.9155, 5.0951]","[3.6055, 5.6767, 7.5223]","[0, 1, 2]",[]
180,triprotic,3,2,1.94,2.34,0.3999999999999999,0.2066909341510483,0.21103393644132767,0.8950696680907481,1.0179867967065357,1.5796496408351093,0.0,0.6666666666666666,0.0,0.0,0.9310336626903295,0.0,0.0,0.03752107493579393,"[4.1231, 5.9426, 5.0888]","[0.2110, 0.1994, 0.2096]","[0.0087, 0.1484, 0.1976]","[4.2113, 5.9181, 5.0936]","[3.6055, 5.6767, 7.5223]","[0, 1, 2]",[]
180,triprotic,3,3,2.3,2.34,0.040000000000000036,0.21060671358425612,0.2155867948084237,0.9004319432281775,1.02147945250349,1.581249538619108,0.0,0.6666666666666666,0.0,0.0,0.9319266880321576,0.0,1.0,0.19357329681515711,"[4.1291, 5.9410, 5.0802]","[0.2156, 0.2067, 0.2095]","[0.0088, 0.1479, 0.1979]","[4.2123, 5.9178, 5.0923]","[3.6055, 5.6767, 7.5223]","[0, 1, 2]",[]
185,diprotic,2,0,2.46,7.17,4.71,0.20000000000000004,0.2,0.7159086390875313,0.8691266697435417,1.20871284822067,0.5,0.5,0.0,0.0,0.7159086390875313,0.49444626228712063,0.0,,"[2.6999, 4.0965, 4.9915]","[0.2000, 0.2000, 0.2000]","[0.2887, 0.4025, 0.1228]","[2.6999, 4.0965, 4.9915]","[2.4768, 6.2002]","[0, 2]",[1]
185,diprotic,2,1,3.1,7.17,4.07,0.16291016254272953,0.19463405278375995,0.6980381360508712,0.8718363488355224,1.2203803416684913,0.5,0.5,0.0,0.0,0.7125939733387205,0.49438643533501025,0.0,0.007231386937200934,"[2.6525, 4.0909, 4.9798]","[0.1024, 0.1917, 0.1946]","[0.2894, 0.4026, 0.1223]","[2.6914, 4.0956, 4.9896]","[2.4768, 6.2002]","[0, 2]",[1]
185,diprotic,2,2,6.12,7.17,1.0499999999999998,0.16478875615398303,0.19729865949915723,0.7029143723277944,0.8783158229266153,1.2295547334645764,0.5,0.5,0.0,0.0,0.7133850177887675,0.494363646558962,0.0,2.138734962679446,"[2.6531, 4.1021, 4.9706]","[0.1031, 0.1940, 0.1973]","[0.2897, 0.4026, 0.1220]","[2.6915, 4.0974, 4.9881]","[2.4768, 6.2002]","[0, 2]",[1]
185,diprotic,2,3,6.45,7.17,0.7199999999999998,0.16652720955899036,0.196818290811395,0.7072381813117075,0.8799766514333293,1.230853557291752,0.5,0.5,0.0,0.0,0.7141615616308199,0.49410695692773454,0.0,2.2701878042891623,"[2.6604, 4.1034, 4.9693]","[0.1060, 0.1968, 0.1967]","[0.2900, 0.4024, 0.1219]","[2.6928, 4.0976, 4.9879]","[2.4768, 6.2002]","[0, 2]",[1]
185,diprotic,2,4,6.81,7.17,0.3600000000000003,0.16080367130628426,0.18817560881706422,0.707325975703345,0.8791667471623573,1.2294601858556309,0.5,0.5,0.0,0.0,0.7142152559257853,0.4940571324102924,0.0,2.458797332309186,"[2.6620, 4.0948, 4.9707]","[0.1083, 0.1859, 0.1882]","[0.2899, 0.4023, 0.1220]","[2.6931, 4.0962, 4.9881]","[2.4768, 6.2002]","[0, 2]",[1]
185,diprotic,2,5,7.1,7.17,0.07000000000000028,0.16379002988471694,0.19545502595571815,0.7025956174078596,0.875876020784709,1.2255852943470176,0.5,0.5,0.0,0.0,0.713421563371905,0.494545172533224,1.0,2.66493432726711,"[2.6564, 4.0824, 4.9746]","[0.1115, 0.1955, 0.1844]","[0.2899, 0.4024, 0.1214]","[2.6922, 4.0942, 4.9887]","[2.4768, 6.2002]","[0, 2]",[1]
186,monoprotic,1,0,2.86,2.92,0.06000000000000005,0.20000000000000004,0.2,0.7306763952442408,0.7306763952442408,0.7306763952442408,0.0,1.0,0.0,1.0,0.7306763952442408,0.475259778128344,1.0,,"[5.3607, 2.4828, 3.2574]","[0.2000, 0.2000, 0.2000]","[0.1980, 0.1585, 0.0209]","[5.3607, 2.4828, 3.2574]",[4.6300],[0],"[1, 2]"
186,monoprotic,1,1,3.13,2.92,0.20999999999999996,0.1968915510327728,0.1999977445742181,0.7355370749253378,0.7355370749253378,0.7355370749253378,0.0,1.0,0.0,1.0,0.7314579503433469,0.47431506601759565,0.0,0.21688967768102874,"[5.3655, 2.4825, 3.2611]","[0.1986, 0.1921, 0.2000]","[0.1982, 0.1580, 0.0208]","[5.3615, 2.4827, 3.2580]",[4.6300],[0],"[1, 2]"
186,monoprotic,1,2,2.99,2.92,0.07000000000000028,0.19990763360937128,0.2076128478990816,0.742805622938639,0.742805622938639,0.742805622938639,0.0,1.0,0.0,1.0,0.7326057175622767,0.47536665823957946,1.0,0.13442877285182497,"[5.3728, 2.4713, 3.2622]","[0.2076, 0.1963, 0.1958]","[0.1979, 0.1584, 0.0209]","[5.3626, 2.4810, 3.2582]",[4.6300],[0],"[1, 2]"
184,triprotic,3,0,1.93,10.93,9.0,0.20000000000000004,0.2,1.6785905392338563,1.770091148002624,2.161165711912737,0.0,0.3333333333333333,0.0,0.0,1.6785905392338563,0.0,0.0,,"[2.3507, 4.5879, 2.5773]","[0.2000, 0.2000, 0.2000]","[0.4732, 0.3648, 0.2009]","[2.3507, 4.5879, 2.5773]","[3.2415, 4.7385, 6.5717]","[0, 1, 2]",[]
184,triprotic,3,1,3.83,10.93,7.1,0.19841698380009623,0.20238054436180872,1.6849991011205923,1.7769747761461134,2.167237828112283,0.0,0.3333333333333333,0.0,0.0,1.6796187522573771,0.0,0.0,0.8690148349106313,"[2.3483, 4.5772, 2.5713]","[0.1928, 0.2024, 0.2000]","[0.4734, 0.3647, 0.2011]","[2.3503, 4.5862, 2.5763]","[3.2415, 4.7385, 6.5717]","[0, 1, 2]",[]
184,triprotic,3,2,5.06,10.93,5.87,0.2001316765100598,0.203262149916021,1.6833993180748734,1.7786108364870175,2.156307718411811,0.0,0.3333333333333333,0.0,0.0,1.6793736805163473,0.0,0.0,1.5808225199021395,"[2.3661, 4.5532, 2.5822]","[0.2033, 0.1965, 0.2006]","[0.4737, 0.3646, 0.2010]","[2.3532, 4.5823, 2.5781]","[3.2415, 4.7385, 6.5717]","[0, 1, 2]",[]
184,triprotic,3,3,6.48,10.93,4.449999999999999,0.1964110206551898,0.19961711708271299,1.6807098161485043,1.7733168328368456,2.1507477662190753,0.0,0.3333333333333333,0.0,0.0,1.6789257891792257,0.0,0.0,2.6724293632619087,"[2.3562, 4.5656, 2.5877]","[0.1954, 0.1996, 0.1942]","[0.4740, 0.3642, 0.2015]","[2.3516, 4.5843, 2.5790]","[3.2415, 4.7385, 6.5717]","[0, 1, 2]",[]
184,triprotic,3,4,11.46,10.93,0.5300000000000011,0.19670828075512867,0.20195548960928456,1.6791735873040168,1.7707291713224669,2.1329345202792274,0.0,0.3333333333333333,0.0,0.0,1.6786763165808576,0.0,0.0,0.004284028857945543,"[2.3543, 4.5543, 2.6056]","[0.1887, 0.2020, 0.1995]","[0.4739, 0.3642, 0.2018]","[2.3513, 4.5825, 2.5819]","[3.2415, 4.7385, 6.5717]","[0, 1, 2]",[]
184,triprotic,3,5,10.42,10.93,0.5099999999999998,0.19613103357444625,0.20000826601871152,1.6824164247687623,1.7733239608494176,2.1390395498713666,0.0,0.3333333333333333,0.0,0.0,1.6792069430697076,0.0,0.0,0.008457882404327322,"[2.3485, 4.5565, 2.5994]","[0.1887, 0.1997, 0.2000]","[0.4739, 0.3640, 0.2017]","[2.3503, 4.5829, 2.5809]","[3.2415, 4.7385, 6.5717]","[0, 1, 2]",[]
184,triprotic,3,6,11.18,10.93,0.25,0.19580181774011937,0.20094118121490157,1.6840467272024675,1.7730387028614216,2.1334229356087175,0.0,0.3333333333333333,0.0,0.0,1.6794815798822917,0.0,0.0,0.004127233922481821,"[2.3389, 4.5556, 2.6051]","[0.1890, 0.1975, 0.2009]","[0.4742, 0.3638, 0.2024]","[2.3488, 4.5827, 2.5818]","[3.2415, 4.7385, 6.5717]","[0, 1, 2]",[]
184,triprotic,3,7,10.95,10.93,0.019999999999999574,0.19437455810579532,0.2023587914631499,1.6811127516248092,1.7707001893654617,2.1298811384881304,0.0,0.3333333333333333,0.0,0.0,1.6789674147013287,0.0,1.0,0.0027122467756264257,"[2.3441, 4.5557, 2.6086]","[0.1936, 0.2024, 0.1871]","[0.4744, 0.3639, 0.2028]","[2.3496, 4.5828, 2.5824]","[3.2415, 4.7385, 6.5717]","[0, 1, 2]",[]
187,monoprotic,1,0,2.18,4.87,2.69,0.20000000000000004,0.2,0.2631197021958078,0.2631197021958078,0.2631197021958078,1.0,1.0,1.0,1.0,0.2631197021958078,0.8688046073888887,0.0,,"[5.6969, 3.9971, 2.1312]","[0.2000, 0.2000, 0.2000]","[0.0773, 0.1639, 0.3482]","[5.6969, 3.9971, 2.1312]",[5.9600],[0],"[1, 2]"
187,monoprotic,1,1,6.11,4.87,1.2400000000000002,0.1974957762271771,0.20337505622721816,0.27212601070013065,0.27212601070013065,0.27212601070013065,1.0,1.0,1.0,1.0,0.26456225322335136,0.8687332870493,0.0,2.375415069414303,"[5.6879, 3.9865, 2.1297]","[0.2018, 0.2034, 0.1873]","[0.0773, 0.1637, 0.3482]","[5.6954, 3.9954, 2.1309]",[5.9600],[0],"[1, 2]"
187,monoprotic,1,2,5.74,4.87,0.8700000000000001,0.2013279146946165,0.21007171931356627,0.26676981747535766,0.26676981747535766,0.26676981747535766,1.0,1.0,1.0,1.0,0.26370308371444295,0.8687672067110036,0.0,2.0839904395490887,"[5.6932, 3.9874, 2.1327]","[0.2036, 0.2101, 0.1903]","[0.0773, 0.1637, 0.3481]","[5.6963, 3.9956, 2.1314]",[5.9600],[0],"[1, 2]"
187,monoprotic,1,3,5.3,4.87,0.4299999999999997,0.19661558946074276,0.2100989284336701,0.2675915304888834,0.2675915304888834,0.2675915304888834,1.0,1.0,1.0,1.0,0.2638431693611505,0.8699248371713886,0.0,1.7604682005010543,"[5.6924, 3.9809, 2.1295]","[0.1935, 0.2101, 0.1863]","[0.0766, 0.1642, 0.3483]","[5.6962, 3.9945, 2.1309]",[5.9600],[0],"[1, 2]"
187,monoprotic,1,4,4.93,4.87,0.05999999999999961,0.1949599422749646,0.20622608221590416,0.2641700292754363,0.2641700292754363,0.2641700292754363,1.0,1.0,1.0,1.0,0.2632895549326326,0.8702305543133548,1.0,1.5014707560837266,"[5.6958, 3.9719, 2.1292]","[0.1938, 0.2062, 0.1848]","[0.0764, 0.1644, 0.3477]","[5.6967, 3.9931, 2.1309]",[5.9600],[0],"[1, 2]"
179,triprotic,3,0,3.3,10.31,7.010000000000001,0.20000000000000004,0.2,2.4466394741417212,2.6308671473324403,3.3586312108174035,0.0,0.0,0.0,0.0,2.4466394741417212,0.0,0.0,,"[2.1646, 3.7964, 2.3702]","[0.2000, 0.2000, 0.2000]","[0.0880, 0.3781, 0.1812]","[2.1646, 3.7964, 2.3702]","[3.2724, 5.7288, 6.6698]","[0, 1, 2]",[]
179,triprotic,3,1,4.05,10.31,6.260000000000001,0.20734165445695898,0.2126401455602116,2.452417293387852,2.6306210973722215,3.3467094953367735,0.0,0.0,0.0,0.0,2.4475607127418946,0.0,0.0,1.4650518211536108,"[2.1383, 3.7934, 2.3821]","[0.2045, 0.2126, 0.2049]","[0.0878, 0.3777, 0.1817]","[2.1604, 3.7959, 2.3721]","[3.2724, 5.7288, 6.6698]","[0, 1, 2]",[]
179,triprotic,3,2,5.83,10.31,4.48,0.21074940262516453,0.21273512059953714,2.4546366976202774,2.6340653086417496,3.3546925281622286,0.0,0.0,0.0,0.0,2.447903204112578,0.0,0.0,2.8294086767546833,"[2.1407, 3.7923, 2.3741]","[0.2127, 0.2108, 0.2087]","[0.0881, 0.3774, 0.1821]","[2.1608, 3.7957, 2.3708]","[3.2724, 5.7288, 6.6698]","[0, 1, 2]",[]
179,triprotic,3,3,6.52,10.31,3.790000000000001,0.2077818054877402,0.2123889357958458,2.449599595899535,2.630080387354781,3.352209446686033,0.0,0.0,0.0,0.0,2.447118695104647,0.0,0.0,3.25430431401357,"[2.1483, 3.7974, 2.3766]","[0.2008, 0.2124, 0.2101]","[0.0879, 0.3777, 0.1817]","[2.1620, 3.7965, 2.3712]","[3.2724, 5.7288, 6.6698]","[0, 1, 2]",[]
179,triprotic,3,4,8.66,10.31,1.6500000000000004,0.20611695540264716,0.2186662505096202,2.4553485616575337,2.636821144583209,3.3562856143066795,0.0,0.0,0.0,0.0,2.4480403466089737,0.0,0.0,4.108879480361939,"[2.1492, 3.7832, 2.3725]","[0.2015, 0.1982, 0.2187]","[0.0879, 0.3773, 0.1815]","[2.1621, 3.7943, 2.3705]","[3.2724, 5.7288, 6.6698]","[0, 1, 2]",[]
179,triprotic,3,5,11.8,10.31,1.4900000000000002,0.2069337412012069,0.21991848531804353,2.457726105416773,2.6417269828781293,3.367970464862286,0.0,0.0,0.0,0.0,2.4484093413604135,0.0,0.0,0.0009358923882238912,"[2.1564, 3.7806, 2.3608]","[0.2060, 0.1948, 0.2199]","[0.0876, 0.3778, 0.1819]","[2.1633, 3.7938, 2.3687]","[3.2724, 5.7288, 6.6698]","[0, 1, 2]",[]
179,triprotic,3,6,11.47,10.31,1.1600000000000001,0.208534730693989,0.2244989149395487,2.4566584136662777,2.6390442522106983,3.358254756091203,0.0,0.0,0.0,0.0,2.4482484134627476,0.0,0.0,0.0004952450096613603,"[2.1522, 3.7783, 2.3705]","[0.2036, 0.1975, 0.2245]","[0.0864, 0.3775, 0.1830]","[2.1626, 3.7935, 2.3702]","[3.2724, 5.7288, 6.6698]","[0, 1, 2]",[]
179,triprotic,3,7,8.66,10.31,1.6500000000000004,0.21235758521990203,0.2368089383064805,2.4567207028741507,2.6398719965654864,3.3615912938824812,0.0,0.0,0.0,0.0,2.4482593433016784,0.0,0.0,4.104571971893311,"[2.1548, 3.7789, 2.3672]","[0.2178, 0.1825, 0.2368]","[0.0860, 0.3773, 0.1827]","[2.1630, 3.7935, 2.3697]","[3.2724, 5.7288, 6.6698]","[0, 1, 2]",[]
179,triprotic,3,8,11.11,10.31,0.7999999999999989,0.21665476745555082,0.24163645833480848,2.472665683302184,2.6541384220541975,3.3735919534155108,0.0,0.0,0.0,0.0,2.450766213581544,0.0,0.0,0.003509275019169422,"[2.1372, 3.7606, 2.3552]","[0.2138, 0.1946, 0.2416]","[0.0873, 0.3775, 0.1826]","[2.1603, 3.7906, 2.3679]","[3.2724, 5.7288, 6.6698]","[0, 1, 2]",[]
179,triprotic,3,9,10.74,10.31,0.4299999999999997,0.21549149805076814,0.24290297855887943,2.475938784527979,2.6609102261303788,3.3896320331436627,0.0,0.0,0.0,0.0,2.4512750662221463,0.0,0.0,0.002111857533455108,"[2.1473, 3.7568, 2.3392]","[0.2180, 0.1856, 0.2429]","[0.0876, 0.3780, 0.1825]","[2.1619, 3.7899, 2.3654]","[3.2724, 5.7288, 6.6698]","[0, 1, 2]",[]
179,triprotic,3,10,8.7,10.31,1.6100000000000012,0.21716859861295434,0.24315399085160022,2.4728723970308724,2.6588001629972915,3.3816363642974174,0.0,0.0,0.0,0.0,2.450817465632211,0.0,0.0,4.113060903549194,"[2.1549, 3.7503, 2.3472]","[0.2233, 0.1850, 0.2432]","[0.0879, 0.3778, 0.1828]","[2.1631, 3.7888, 2.3667]","[3.2724, 5.7288, 6.6698]","[0, 1, 2]",[]
179,triprotic,3,11,10.21,10.31,0.09999999999999964,0.2141520344213329,0.23368692133793945,2.4604026868232576,2.6494998843852273,3.372851885548432,0.0,0.0,0.0,0.0,2.448866339457275,0.0,1.0,0.02090331077575769,"[2.1765, 3.7574, 2.3559]","[0.2214, 0.1874, 0.2337]","[0.0878, 0.3779, 0.1828]","[2.1664, 3.7900, 2.3680]","[3.2724, 5.7288, 6.6698]","[0, 1, 2]",[]
183,triprotic,3,0,2.19,10.11,7.92,0.20000000000000004,0.2,0.7881222822390287,1.101990392763939,1.8733061296471165,0.6666666666666666,0.6666666666666666,0.0,0.0,0.7881222822390287,0.0,0.0,,"[5.9410, 4.9283, 2.9089]","[0.2000, 0.2000, 0.2000]","[0.1229, 0.1929, 0.2781]","[5.9410, 4.9283, 2.9089]","[3.2360, 5.0923, 7.8143]","[0, 1, 2]",[]
183,triprotic,3,1,3.92,10.11,6.1899999999999995,0.2010661984412141,0.2020316493691621,0.7893820288174677,1.0971624824853607,1.8633757329249292,0.6666666666666666,0.6666666666666666,0.0,0.0,0.7883236648287731,0.0,0.0,0.5447633124841378,"[5.9509, 4.9165, 2.9070]","[0.2011, 0.2020, 0.2001]","[0.1226, 0.1931, 0.2781]","[5.9425, 4.9264, 2.9086]","[3.2360, 5.0923, 7.8143]","[0, 1, 2]",[]
183,triprotic,3,2,5.34,10.11,4.77,0.20002474928453973,0.20545904625413602,0.7948586955784197,1.0961428606026575,1.8592545239768858,0.6666666666666666,0.6666666666666666,0.0,0.0,0.7892069427297637,0.0,0.0,0.7185152069758622,"[5.9550, 4.8995, 2.9034]","[0.2055, 0.2024, 0.1923]","[0.1225, 0.1939, 0.2781]","[5.9432, 4.9237, 2.9080]","[3.2360, 5.0923, 7.8143]","[0, 1, 2]",[]
183,triprotic,3,3,7.44,10.11,2.669999999999999,0.19613491489781928,0.2085320151169625,0.7831185940628727,1.0896039337722028,1.852109110925273,0.6666666666666666,0.6666666666666666,0.0,0.0,0.7873108779227525,0.0,0.0,2.6717839832976464,"[5.9622, 4.9060, 2.9250]","[0.2085, 0.1996, 0.1803]","[0.1229, 0.1941, 0.2778]","[5.9443, 4.9247, 2.9115]","[3.2360, 5.0923, 7.8143]","[0, 1, 2]",[]
183,triprotic,3,4,8.46,10.11,1.6499999999999986,0.20105652591176434,0.22196491169178648,0.7838696811167059,1.0891793938169034,1.8516559675688065,0.6666666666666666,0.6666666666666666,0.0,0.0,0.7874551380323812,0.0,0.0,3.455267388410867,"[5.9626, 4.8939, 2.9344]","[0.2220, 0.1958, 0.1854]","[0.1234, 0.1942, 0.2780]","[5.9443, 4.9227, 2.9130]","[3.2360, 5.0923, 7.8143]","[0, 1, 2]",[]
183,triprotic,3,5,11.48,10.11,1.370000000000001,0.20433727393875034,0.22748182614706094,0.7920970154756545,1.0975394962520633,1.8641011096261915,0.6666666666666666,0.6666666666666666,0.0,0.0,0.7887703697732743,0.0,0.0,4.82122600082846e-05,"[5.9502, 4.8984, 2.9177]","[0.2275, 0.1992, 0.1864]","[0.1235, 0.1942, 0.2782]","[5.9424, 4.9235, 2.9103]","[3.2360, 5.0923, 7.8143]","[0, 1, 2]",[]
183,triprotic,3,6,9.32,10.11,0.7899999999999991,0.20017985399630667,0.22449452691140237,0.7916446192671663,1.0929801973420052,1.8550127441420008,0.6666666666666666,0.6666666666666666,0.0,0.0,0.7887221471037235,0.0,0.0,4.015476889610291,"[5.9592, 4.8939, 2.9144]","[0.2245, 0.1944, 0.1817]","[0.1239, 0.1939, 0.2774]","[5.9438, 4.9227, 2.9098]","[3.2360, 5.0923, 7.8143]","[0, 1, 2]",[]
183,triprotic,3,7,11.04,10.11,0.9299999999999997,0.20162572890354646,0.22044746901487847,0.7922023344330719,1.0954006177675295,1.8597939765156521,0.6666666666666666,0.6666666666666666,0.0,0.0,0.7887811847331313,0.0,0.0,0.0043320739269248065,"[5.9545, 4.8944, 2.9170]","[0.2204, 0.2020, 0.1824]","[0.1241, 0.1939, 0.2780]","[5.9431, 4.9229, 2.9102]","[3.2360, 5.0923, 7.8143]","[0, 1, 2]",[]
183,triprotic,3,8,10.45,10.11,0.33999999999999986,0.20097149108056175,0.21212940479613077,0.7904993645647255,1.0977044168854273,1.8654919512117223,0.6666666666666666,0.6666666666666666,0.0,0.0,0.7884978413875458,0.0,0.0,0.09264261722564626,"[5.9488, 4.8975, 2.9247]","[0.2121, 0.2009, 0.1899]","[0.1238, 0.1928, 0.2786]","[5.9422, 4.9233, 2.9115]","[3.2360, 5.0923, 7.8143]","[0, 1, 2]",[]
183,triprotic,3,9,9.35,10.11,0.7599999999999998,0.20929678812975086,0.2207072088195287,0.7807519440340552,1.0891105457269792,1.8522147481393514,0.6666666666666666,0.6666666666666666,0.0,0.0,0.7869381771934082,0.0,0.0,4.034157215058803,"[5.9620, 4.9094, 2.9288]","[0.2207, 0.2153, 0.1919]","[0.1240, 0.1926, 0.2782]","[5.9443, 4.9253, 2.9121]","[3.2360, 5.0923, 7.8143]","[0, 1, 2]",[]
183,triprotic,3,10,9.75,10.11,0.35999999999999943,0.2065888144135397,0.22081272738495997,0.7887872064313521,1.0968100986442735,1.8650553944933153,0.6666666666666666,0.6666666666666666,0.0,0.0,0.788214620429502,0.0,0.0,4.235968798398972,"[5.9492, 4.8911, 2.9359]","[0.2208, 0.2057, 0.1932]","[0.1252, 0.1923, 0.2786]","[5.9422, 4.9223, 2.9132]","[3.2360, 5.0923, 7.8143]","[0, 1, 2]",[]
183,triprotic,3,11,10.41,10.11,0.3000000000000007,0.20729925119150183,0.22207918278169847,0.7920224243933123,1.1045404147697178,1.879040434398119,0.6666666666666666,0.6666666666666666,0.0,0.0,0.7887351622092713,0.0,0.0,0.10125646352767959,"[5.9352, 4.8972, 2.9340]","[0.2221, 0.2013, 0.1985]","[0.1245, 0.1937, 0.2800]","[5.9401, 4.9233, 2.9129]","[3.2360, 5.0923, 7.8143]","[0, 1, 2]",[]
183,triprotic,3,12,10.12,10.11,0.009999999999999787,0.2106692358038479,0.2255847802078309,0.7867373369953303,1.1057141702891953,1.8841810255388483,0.6666666666666666,0.6666666666666666,0.0,0.0,0.7878682513939829,0.0,1.0,0.8118497085571281,"[5.9301, 4.9010, 2.9512]","[0.2256, 0.2070, 0.1994]","[0.1239, 0.1932, 0.2787]","[5.9393, 4.9239, 2.9157]","[3.2360, 5.0923, 7.8143]","[0, 1, 2]",[]
191,monoprotic,1,0,2.46,5.23,2.7700000000000005,0.20000000000000004,0.2,0.05349237439641108,0.05349237439641108,0.05349237439641108,1.0,1.0,1.0,1.0,0.05349237439641108,0.5165859180578605,0.0,,"[3.4745, 2.5665, 2.9757]","[0.2000, 0.2000, 0.2000]","[0.0373, 0.1991, 0.1754]","[3.4745, 2.5665, 2.9757]",[2.6200],[1],"[0, 2]"
191,monoprotic,1,1,2.83,5.23,2.4000000000000004,0.2002831922468076,0.21308610489851762,0.054052259408792214,0.054052259408792214,0.054052259408792214,1.0,1.0,1.0,1.0,0.053582815905829584,0.5173020463876455,0.0,0.14020892539527274,"[3.4774, 2.5659, 2.9731]","[0.1930, 0.1947, 0.2131]","[0.0376, 0.1989, 0.1755]","[3.4750, 2.5664, 2.9753]",[2.6200],[1],"[0, 2]"
191,monoprotic,1,2,11.59,5.23,6.359999999999999,0.20087011301178995,0.21157525821611428,0.058661292153685096,0.058661292153685096,0.058661292153685096,1.0,1.0,1.0,1.0,0.05431823970201277,0.5168891815475493,0.0,8.727120241299271,"[3.4702, 2.5613, 2.9691]","[0.1871, 0.2039, 0.2116]","[0.0379, 0.1994, 0.1755]","[3.4738, 2.5657, 2.9747]",[2.6200],[1],"[0, 2]"
191,monoprotic,1,3,3.37,5.23,1.8600000000000003,0.1957242289337597,0.19904066215940533,0.057123168798344004,0.057123168798344004,0.057123168798344004,1.0,1.0,1.0,1.0,0.05407702325454444,0.5165718319142725,0.0,0.5841993634868414,"[3.4711, 2.5629, 2.9578]","[0.1907, 0.1974, 0.1990]","[0.0373, 0.1992, 0.1756]","[3.4739, 2.5659, 2.9728]",[2.6200],[1],"[0, 2]"
191,monoprotic,1,4,4.02,5.23,1.2100000000000009,0.19549876567361998,0.20241479900419468,0.04960245852828393,0.04960245852828393,0.04960245852828393,1.0,1.0,1.0,1.0,0.05286975052267717,0.5160670246264688,0.0,1.194298661993816,"[3.4886, 2.5704, 2.9564]","[0.1989, 0.2024, 0.1852]","[0.0371, 0.1995, 0.1756]","[3.4767, 2.5671, 2.9726]",[2.6200],[1],"[0, 2]"
191,monoprotic,1,5,11.49,5.23,6.26,0.19138299891629687,0.1994430872743544,0.0531015248167277,0.0531015248167277,0.0531015248167277,1.0,1.0,1.0,1.0,0.05342959145019632,0.5143360763738223,0.0,8.625109811322764,"[3.4933, 2.5669, 2.9543]","[0.1917, 0.1994, 0.1830]","[0.0364, 0.1999, 0.1754]","[3.4775, 2.5666, 2.9722]",[2.6200],[1],"[0, 2]"
191,monoprotic,1,6,10.88,5.23,5.65,0.19523289134196656,0.20918656225908272,0.07248062426806667,0.07248062426806667,0.07248062426806667,1.0,1.0,1.0,1.0,0.056506995373173385,0.5155544993695835,0.0,8.033078770497815,"[3.4856, 2.5475, 2.9584]","[0.1850, 0.2092, 0.1915]","[0.0366, 0.1999, 0.1762]","[3.4763, 2.5635, 2.9729]",[2.6200],[1],"[0, 2]"
191,monoprotic,1,7,4.03,5.23,1.2000000000000002,0.19529188194200006,0.20508010941695928,0.05901373530299647,0.05901373530299647,0.05901373530299647,1.0,1.0,1.0,1.0,0.054373304667452604,0.5159599402800631,0.0,1.20288738116622,"[3.4664, 2.5610, 2.9628]","[0.1877, 0.2051, 0.1931]","[0.0371, 0.1997, 0.1757]","[3.4732, 2.5656, 2.9736]",[2.6200],[1],"[0, 2]"
191,monoprotic,1,8,4.64,5.23,0.5900000000000007,0.19328775384944408,0.20715784986608798,0.058915712797587005,0.058915712797587005,0.058915712797587005,1.0,1.0,1.0,1.0,0.05435550466902184,0.5154711130737883,0.0,1.8035904025752094,"[3.4615, 2.5611, 2.9541]","[0.1822, 0.2072, 0.1905]","[0.0376, 0.2001, 0.1753]","[3.4723, 2.5656, 2.9722]",[2.6200],[1],"[0, 2]"
191,monoprotic,1,9,10.86,5.23,5.629999999999999,0.19456245640142847,0.21041612581001082,0.06123549823182861,0.06123549823182861,0.06123549823182861,1.0,1.0,1.0,1.0,0.05471986895040848,0.5180210456832942,0.0,8.014817424016073,"[3.4670, 2.5588, 2.9483]","[0.1767, 0.2104, 0.1966]","[0.0388, 0.1997, 0.1759]","[3.4732, 2.5653, 2.9713]",[2.6200],[1],"[0, 2]"
191,monoprotic,1,10,10.3,5.23,5.07,0.1869202716904409,0.19798607148355,0.046905752430383085,0.046905752430383085,0.046905752430383085,1.0,1.0,1.0,1.0,0.05243250667241295,0.5192226534643354,0.0,7.459231866244227,"[3.4656, 2.5731, 2.9470]","[0.1766, 0.1980, 0.1862]","[0.0397, 0.1995, 0.1758]","[3.4730, 2.5676, 2.9710]",[2.6200],[1],"[0, 2]"
191,monoprotic,1,11,4.69,5.23,0.54,0.18428820979285168,0.1935519276680739,0.04322746454308435,0.04322746454308435,0.04322746454308435,1.0,1.0,1.0,1.0,0.05183186229252712,0.5189259176878473,0.0,1.852950371159241,"[3.4751, 2.5768, 2.9430]","[0.1813, 0.1936, 0.1780]","[0.0389, 0.1992, 0.1760]","[3.4746, 2.5682, 2.9703]",[2.6200],[1],"[0, 2]"
191,monoprotic,1,12,5.39,5.23,0.15999999999999925,0.18247222889784823,0.1975473369120706,0.04873256521036984,0.04873256521036984,0.04873256521036984,1.0,1.0,1.0,1.0,0.05272606136619551,0.5172636306694155,0.0,2.550023595904931,"[3.4723, 2.5713, 2.9405]","[0.1762, 0.1975, 0.1737]","[0.0387, 0.2000, 0.1756]","[3.4741, 2.5673, 2.9699]",[2.6200],[1],"[0, 2]"
191,monoprotic,1,13,4.91,5.23,0.3200000000000003,0.18740429066308095,0.2043535649961248,0.05358015849773956,0.05358015849773956,0.05358015849773956,1.0,1.0,1.0,1.0,0.05350639254009648,0.5180582777148148,0.0,2.071733316956088,"[3.4749, 2.5664, 2.9542]","[0.1829, 0.2044, 0.1749]","[0.0390, 0.1999, 0.1759]","[3.4745, 2.5665, 2.9722]",[2.6200],[1],"[0, 2]"
191,monoprotic,1,14,5.09,5.23,0.14000000000000057,0.19476465319623223,0.2089113103087206,0.03541145787622524,0.03541145787622524,0.03541145787622524,1.0,1.0,1.0,1.0,0.05062085078162459,0.5192386896374973,0.0,2.25078414558433,"[3.4740, 2.5846, 2.9524]","[0.1903, 0.2089, 0.1851]","[0.0393, 0.1993, 0.1759]","[3.4744, 2.5694, 2.9719]",[2.6200],[1],"[0, 2]"
191,monoprotic,1,15,5.39,5.23,0.15999999999999925,0.1957677108723255,0.21531281762042426,0.024230100160404167,0.024230100160404167,0.024230100160404167,1.0,1.0,1.0,1.0,0.04888090982707638,0.5211656491517666,0.0,2.5492432553879913,"[3.4797, 2.5958, 2.9413]","[0.1878, 0.2153, 0.1842]","[0.0400, 0.1989, 0.1765]","[3.4753, 2.5711, 2.9701]",[2.6200],[1],"[0, 2]"
191,monoprotic,1,16,5.21,5.23,0.020000000000000462,0.19347517980275006,0.20694800850602788,0.02641116956931322,0.02641116956931322,0.02641116956931322,1.0,1.0,1.0,1.0,0.04918128167103086,0.5226431770759693,1.0,2.3689344560634344,"[3.4728, 2.5936, 2.9448]","[0.1944, 0.2069, 0.1791]","[0.0395, 0.1978, 0.1771]","[3.4742, 2.5708, 2.9706]",[2.6200],[1],"[0, 2]"
190,diprotic,2,0,1.97,7.77,5.8,0.20000000000000004,0.2,0.5690979720273268,0.609824782620377,0.7882184040558666,0.5,1.0,0.0,1.0,0.5690979720273268,0.32004947573707626,0.0,,"[2.2446, 4.3766, 4.2103]","[0.2000, 0.2000, 0.2000]","[0.3332, 0.2119, 0.4959]","[2.2446, 4.3766, 4.2103]","[3.4220, 4.0266]","[1, 2]",[0]
190,diprotic,2,1,3.59,7.77,4.18,0.20467761366608636,0.2128239801463096,0.5641136249639294,0.6088788900405991,0.7932627486086146,0.5,1.0,0.0,1.0,0.5683187180642939,0.31994962871508575,0.0,0.6534167045354842,"[2.2554, 4.3616, 4.2153]","[0.2062, 0.2128, 0.1950]","[0.3331, 0.2120, 0.4960]","[2.2463, 4.3742, 4.2111]","[3.4220, 4.0266]","[1, 2]",[0]
190,diprotic,2,2,4.15,7.77,3.619999999999999,0.20163340778555047,0.21879927398684904,0.5649480260771358,0.6114931175670092,0.7989513608041605,0.5,1.0,0.0,1.0,0.5684718759589416,0.31998056169269834,0.0,0.2195925941690806,"[2.2581, 4.3576, 4.2210]","[0.1917, 0.2188, 0.1944]","[0.3333, 0.2122, 0.4961]","[2.2468, 4.3736, 4.2120]","[3.4220, 4.0266]","[1, 2]",[0]
190,diprotic,2,3,11.43,7.77,3.66,0.19973472029693107,0.2112207440309613,0.5567830125729878,0.6003749308505295,0.7813776129175336,0.5,1.0,0.0,1.0,0.5671318083536394,0.31977788359507564,0.0,7.082187982108444,"[2.2603, 4.3588, 4.2034]","[0.2008, 0.2112, 0.1872]","[0.3329, 0.2121, 0.4960]","[2.2471, 4.3738, 4.2092]","[3.4220, 4.0266]","[1, 2]",[0]
190,diprotic,2,4,4.61,7.77,3.1599999999999993,0.19427081934201526,0.207298043413848,0.5668369749138984,0.6092278463750456,0.7901179921751886,0.5,1.0,0.0,1.0,0.5687429735849485,0.3197954879090714,0.0,0.45558011870831283,"[2.2717, 4.3702, 4.2122]","[0.1943, 0.2073, 0.1812]","[0.3329, 0.2121, 0.4959]","[2.2490, 4.3756, 4.2106]","[3.4220, 4.0266]","[1, 2]",[0]
190,diprotic,2,5,5.14,7.77,2.63,0.19850240900455382,0.2170089039414957,0.5618024787536542,0.6040549942265977,0.7837493438280339,0.5,1.0,0.0,1.0,0.5679376207924607,0.32002956457635245,0.0,0.8869878606498238,"[2.2571, 4.3665, 4.2058]","[0.1918, 0.2170, 0.1867]","[0.3328, 0.2121, 0.4950]","[2.2466, 4.3750, 4.2095]","[3.4220, 4.0266]","[1, 2]",[0]
190,diprotic,2,6,11.35,7.77,3.58,0.19370719249232318,0.2199722684060233,0.5661291818556884,0.6087900411846112,0.7900109892831111,0.5,1.0,0.0,1.0,0.5686401245275818,0.3195888304919266,0.0,7.0026122847571965,"[2.2554, 4.3689, 4.2121]","[0.1839, 0.2200, 0.1772]","[0.3322, 0.2121, 0.4951]","[2.2464, 4.3754, 4.2106]","[3.4220, 4.0266]","[1, 2]",[0]
190,diprotic,2,7,10.08,7.77,2.3100000000000005,0.19350713854460144,0.2115329135583516,0.5657753051556389,0.6078825199546267,0.788080190712459,0.5,1.0,0.0,1.0,0.5685715111004281,0.3198356311084271,0.0,5.779286756105721,"[2.2300, 4.3701, 4.2101]","[0.1904, 0.2115, 0.1786]","[0.3325, 0.2121, 0.4949]","[2.2422, 4.3756, 4.2102]","[3.4220, 4.0266]","[1, 2]",[0]
190,diprotic,2,8,5.14,7.77,2.63,0.19960475926918483,0.22253928522947747,0.5748171239531215,0.6213598649066795,0.8107691439213953,0.5,1.0,0.0,1.0,0.5700851146861874,0.31955962965763784,0.0,0.8865648879297074,"[2.2303, 4.3655, 4.2328]","[0.1970, 0.2225, 0.1793]","[0.3318, 0.2116, 0.4949]","[2.2423, 4.3749, 4.2140]","[3.4220, 4.0266]","[1, 2]",[0]
190,diprotic,2,9,5.48,7.77,2.289999999999999,0.19587278471134725,0.20781720060313352,0.5766862498214187,0.6218091761950691,0.8092365043198795,0.5,1.0,0.0,1.0,0.5703557935752275,0.31977595932979397,0.0,1.2014731439016764,"[2.2411, 4.3708, 4.2313]","[0.1972, 0.2078, 0.1826]","[0.3319, 0.2118, 0.4942]","[2.2440, 4.3757, 4.2137]","[3.4220, 4.0266]","[1, 2]",[0]
190,diprotic,2,10,10.06,7.77,2.290000000000001,0.19787055071661253,0.20716349575293103,0.585634576681572,0.6325119452222252,0.8245979702040929,0.5,1.0,0.0,1.0,0.5718117784008858,0.31914901937686163,0.0,5.75755912013352,"[2.2290, 4.3733, 4.2466]","[0.2027, 0.2072, 0.1837]","[0.3316, 0.2131, 0.4942]","[2.2421, 4.3761, 4.2162]","[3.4220, 4.0266]","[1, 2]",[0]
190,diprotic,2,11,5.86,7.77,1.9099999999999993,0.19027813459733411,0.202746582007343,0.5783031829117613,0.6257782724530283,0.817392862547714,0.5,1.0,0.0,1.0,0.5706434608196358,0.31809797500776626,0.0,1.5676689507812265,"[2.2459, 4.3658, 4.2394]","[0.2027, 0.1943, 0.1738]","[0.3303, 0.2129, 0.4951]","[2.2448, 4.3749, 4.2151]","[3.4220, 4.0266]","[1, 2]",[0]
190,diprotic,2,12,6.29,7.77,1.4799999999999995,0.18742376820487772,0.19901425691361402,0.5750031875600379,0.6217029148609103,0.8114050670837596,0.5,1.0,0.0,1.0,0.5701226029618951,0.31838587200444785,0.0,1.9933027233555913,"[2.2328, 4.3652, 4.2335]","[0.1990, 0.1983, 0.1650]","[0.3300, 0.2121, 0.4944]","[2.2427, 4.3748, 4.2141]","[3.4220, 4.0266]","[1, 2]",[0]
190,diprotic,2,13,9.96,7.77,2.1900000000000013,0.18769541933993028,0.20021379075297602,0.577680084497314,0.6209116070505108,0.8053134382599474,0.5,1.0,0.0,1.0,0.5705273204441164,0.3187568320319031,0.0,5.6583375325799,"[2.2291, 4.3767, 4.2274]","[0.1942, 0.2002, 0.1687]","[0.3304, 0.2116, 0.4944]","[2.2421, 4.3766, 4.2131]","[3.4220, 4.0266]","[1, 2]",[0]
190,diprotic,2,14,8.21,7.77,0.4400000000000013,0.1845317604567496,0.19534155489960034,0.5827921974854222,0.6217586808680348,0.7994419419691656,0.5,1.0,0.0,1.0,0.5713452608276075,0.31908067926272354,0.0,3.9101407952047893,"[2.2177, 4.3928, 4.2215]","[0.1953, 0.1921, 0.1661]","[0.3310, 0.2121, 0.4943]","[2.2403, 4.3792, 4.2121]","[3.4220, 4.0266]","[1, 2]",[0]
190,diprotic,2,15,6.47,7.77,1.2999999999999998,0.1862416198673722,0.1959013060322486,0.5868505014786609,0.6261352224428391,0.805143436998315,0.5,1.0,0.0,1.0,0.5720022002197638,0.3190065711738524,0.0,2.1715413306653497,"[2.2202, 4.3952, 4.2272]","[0.1917, 0.1959, 0.1712]","[0.3314, 0.2109, 0.4964]","[2.2406, 4.3796, 4.2131]","[3.4220, 4.0266]","[1, 2]",[0]
190,diprotic,2,16,6.77,7.77,1.0,0.18590288148374343,0.19879251023478767,0.589779298973435,0.6273396618459739,0.8035909680362447,0.5,1.0,0.0,1.0,0.5724614419614276,0.3197698740770933,0.0,2.4697913923114534,"[2.2176, 4.4026, 4.2256]","[0.1862, 0.1988, 0.1727]","[0.3314, 0.2093, 0.4956]","[2.2402, 4.3808, 4.2128]","[3.4220, 4.0266]","[1, 2]",[0]
190,diprotic,2,17,8.21,7.77,0.4400000000000013,0.18927779719282245,0.20137803640643126,0.5892331615206845,0.6289077267582267,0.8090722166053972,0.5,1.0,0.0,1.0,0.5723790286002055,0.3203662714220669,0.0,3.908244069237263,"[2.2215, 4.3960, 4.2311]","[0.1920, 0.2014, 0.1745]","[0.3315, 0.2080, 0.4953]","[2.2408, 4.3797, 4.2137]","[3.4220, 4.0266]","[1, 2]",[0]
190,diprotic,2,18,7.07,7.77,0.6999999999999993,0.18726372224993867,0.18861512049396903,0.5955362653645024,0.6357588177484963,0.8180802632181106,0.5,1.0,0.0,1.0,0.573400580067009,0.3202688954377932,0.0,2.768867600411177,"[2.2185, 4.3996, 4.2401]","[0.1848, 0.1886, 0.1884]","[0.3311, 0.2085, 0.4942]","[2.2403, 4.3804, 4.2151]","[3.4220, 4.0266]","[1, 2]",[0]
190,diprotic,2,19,8.21,7.77,0.4400000000000013,0.19005260445580996,0.19473909471650136,0.5993368819146738,0.6415530871568854,0.8282160325975756,0.5,1.0,0.0,1.0,0.5739857249450697,0.31881392956958854,0.0,3.907312731295825,"[2.2209, 4.3971, 4.2503]","[0.1815, 0.1947, 0.1939]","[0.3301, 0.2097, 0.4956]","[2.2407, 4.3799, 4.2167]","[3.4220, 4.0266]","[1, 2]",[0]
190,diprotic,2,20,7.07,7.77,0.6999999999999993,0.18447876314934883,0.19621504161269396,0.6060861432924165,0.6455948294740399,0.8284648085293025,0.5,1.0,0.0,1.0,0.5751042549844536,0.318063973162032,0.0,2.767278968058527,"[2.2064, 4.4103, 4.2505]","[0.1718, 0.1962, 0.1854]","[0.3288, 0.2105, 0.4944]","[2.2383, 4.3821, 4.2168]","[3.4220, 4.0266]","[1, 2]",[0]
190,diprotic,2,21,7.11,7.77,0.6599999999999993,0.1779065790164104,0.19143023918289342,0.5995643215821249,0.6389702025031675,0.8204840897621253,0.5,1.0,0.0,1.0,0.574070972877974,0.3180091097406867,0.0,2.806138730272651,"[2.2123, 4.4053, 4.2425]","[0.1612, 0.1914, 0.1811]","[0.3280, 0.2094, 0.4940]","[2.2392, 4.3813, 4.2156]","[3.4220, 4.0266]","[1, 2]",[0]
190,diprotic,2,22,7.16,7.77,0.6099999999999994,0.17549747417375583,0.19595509564769567,0.6045329008638416,0.6373650581252037,0.8064590980055026,0.5,1.0,0.0,1.0,0.5748571755632175,0.316931081343318,0.0,2.8570977718010546,"[2.2162, 4.4292, 4.2285]","[0.1592, 0.1960, 0.1713]","[0.3283, 0.2124, 0.4952]","[2.2398, 4.3851, 4.2133]","[3.4220, 4.0266]","[1, 2]",[0]
190,diprotic,2,23,7.22,7.77,0.5499999999999998,0.18033717195212343,0.19941591491518743,0.6088782723677357,0.6407678151387199,0.8085045290478883,0.5,1.0,0.0,1.0,0.5755177076701683,0.31627646317650776,0.0,2.9162614422664044,"[2.2296, 4.4359, 4.2306]","[0.1573, 0.1994, 0.1843]","[0.3273, 0.2136, 0.4940]","[2.2421, 4.3861, 4.2136]","[3.4220, 4.0266]","[1, 2]",[0]
190,diprotic,2,24,7.29,7.77,0.47999999999999954,0.17868157041247432,0.19644744226553038,0.6181520297074097,0.6475159299336655,0.8109341546217008,0.5,1.0,0.0,1.0,0.5770252538399934,0.3152345014097957,0.0,2.9855345515161753,"[2.2302, 4.4520, 4.2330]","[0.1520, 0.1964, 0.1876]","[0.3264, 0.2145, 0.4946]","[2.2421, 4.3888, 4.2140]","[3.4220, 4.0266]","[1, 2]",[0]
190,diprotic,2,25,7.36,7.77,0.40999999999999925,0.18021344788998697,0.19596911126980623,0.6232370009653483,0.6507134062754492,0.810329431956867,0.5,1.0,0.0,1.0,0.5778428668189304,0.3141213374010681,0.0,3.0539888810738924,"[2.2296, 4.4628, 4.2324]","[0.1545, 0.1960, 0.1902]","[0.3260, 0.2160, 0.4958]","[2.2421, 4.3905, 4.2139]","[3.4220, 4.0266]","[1, 2]",[0]
190,diprotic,2,26,7.45,7.77,0.3199999999999994,0.17666710290806942,0.1994104775953508,0.6187279266330594,0.646138855963443,0.8049298975949757,0.5,1.0,0.0,1.0,0.5771002704780002,0.31390523931253506,0.0,3.143126679863781,"[2.2311, 4.4592, 4.2270]","[0.1497, 0.1994, 0.1809]","[0.3252, 0.2145, 0.4962]","[2.2423, 4.3899, 4.2130]","[3.4220, 4.0266]","[1, 2]",[0]
190,diprotic,2,27,7.57,7.77,0.1999999999999993,0.18778573266790455,0.20531401799406937,0.6172548333536114,0.6439106067148778,0.8006051541646952,0.5,1.0,0.0,1.0,0.5767813831209478,0.31282186351423485,0.0,3.263804099224508,"[2.2419, 4.4605, 4.2227]","[0.1546, 0.2053, 0.2035]","[0.3229, 0.2140, 0.4954]","[2.2441, 4.3900, 4.2122]","[3.4220, 4.0266]","[1, 2]",[0]
190,diprotic,2,28,7.72,7.77,0.04999999999999982,0.1895206853963346,0.2108076103263769,0.6141021777566515,0.6422797526256382,0.8022558274884304,0.5,1.0,0.0,1.0,0.5762716089273341,0.31351724729184394,1.0,3.414049353711307,"[2.2349, 4.4526, 4.2243]","[0.1528, 0.2050, 0.2108]","[0.3245, 0.2140, 0.4965]","[2.2429, 4.3887, 4.2125]","[3.4220, 4.0266]","[1, 2]",[0]
192,diprotic,2,0,1.96,4.32,2.3600000000000003,0.20000000000000004,0.2,1.0830894433569558,1.4126582346160734,1.9900186277574363,0.5,0.5,0.0,0.0,1.0830894433569558,0.48708622548491226,0.0,,"[3.6028, 2.0536, 4.8923]","[0.2000, 0.2000, 0.2000]","[0.2345, 0.4176, 0.2052]","[3.6028, 2.0536, 4.8923]","[3.7789, 6.8823]","[0, 2]",[1]
192,diprotic,2,1,3.85,4.32,0.4700000000000002,0.20386236861136853,0.2078406883776259,1.0763957325601823,1.406036971995184,1.9810018311155781,0.5,0.5,0.0,0.0,1.0820194059881438,0.4872424989988755,0.0,1.2379510047845543,"[3.6071, 2.0675, 4.9013]","[0.2078, 0.2024, 0.2014]","[0.2337, 0.4173, 0.2054]","[3.6035, 2.0558, 4.8937]","[3.7789, 6.8823]","[0, 2]",[1]
192,diprotic,2,2,3.99,4.32,0.33000000000000007,0.20533066638898037,0.20813681435460338,1.0792996094304856,1.4055312598180048,1.9796498054146863,0.5,0.5,0.0,0.0,1.082480693177652,0.48683972810973297,0.0,1.3318212532997133,"[3.6000, 2.0736, 4.9026]","[0.2065, 0.2081, 0.2014]","[0.2334, 0.4166, 0.2057]","[3.6023, 2.0568, 4.8939]","[3.7789, 6.8823]","[0, 2]",[1]
192,diprotic,2,3,4.15,4.32,0.16999999999999993,0.19961369740160642,0.20453009977497427,1.0855861064087768,1.4118889137902046,1.9883225632199082,0.5,0.5,0.0,0.0,1.0834868839576057,0.4860655102148254,0.0,1.449959880067036,"[3.5961, 2.0742, 4.8940]","[0.2030, 0.2045, 0.1913]","[0.2339, 0.4160, 0.2059]","[3.6017, 2.0569, 4.8926]","[3.7789, 6.8823]","[0, 2]",[1]
192,diprotic,2,4,4.24,4.32,0.08000000000000007,0.19824546731214646,0.2036714726818239,1.0823719404368144,1.4093837755258276,1.9850532846942892,0.5,0.5,0.0,0.0,1.082969984969344,0.48621633166080963,1.0,1.519349977616221,"[3.5992, 2.0850, 4.8972]","[0.2000, 0.2037, 0.1911]","[0.2338, 0.4158, 0.2057]","[3.6022, 2.0586, 4.8931]","[3.7789, 6.8823]","[0, 2]",[1]
189,triprotic,3,0,1.71,9.81,8.100000000000001,0.20000000000000004,0.2,1.3584657885604905,1.443262024068394,1.9945184109832255,0.0,0.3333333333333333,0.0,0.0,1.3584657885604905,0.0,0.0,,"[3.1279, 5.1150, 2.7404]","[0.2000, 0.2000, 0.2000]","[0.0217, 0.1677, 0.3700]","[3.1279, 5.1150, 2.7404]","[3.5508, 5.1224, 6.3855]","[0, 1, 2]",[]
189,triprotic,3,1,4.15,9.81,5.66,0.20100556417800738,0.21140766910711786,1.3572413325717612,1.440426117117037,1.9833781132303594,0.0,0.3333333333333333,0.0,0.0,1.358275902821756,0.0,0.0,0.6693743221461776,"[3.1390, 5.1067, 2.7412]","[0.2114, 0.2018, 0.1899]","[0.0217, 0.1680, 0.3704]","[3.1296, 5.1136, 2.7406]","[3.5508, 5.1224, 6.3855]","[0, 1, 2]",[]
189,triprotic,3,2,5.24,9.81,4.57,0.1911554768151359,0.20618960428930627,1.3536722584250087,1.4400963644520837,1.990286536126911,0.0,0.3333333333333333,0.0,0.0,1.3576764780786237,0.0,0.0,1.4044437091890725,"[3.1321, 5.1089, 2.7567]","[0.2062, 0.1911, 0.1761]","[0.0215, 0.1686, 0.3702]","[3.1285, 5.1140, 2.7431]","[3.5508, 5.1224, 6.3855]","[0, 1, 2]",[]
189,triprotic,3,3,6.09,9.81,3.7200000000000006,0.18903499928451117,0.20155103368724459,1.361233969448806,1.447404787224235,1.9961868546701416,0.0,0.3333333333333333,0.0,0.0,1.3589006193954034,0.0,0.0,2.0083677942492066,"[3.1262, 5.0954, 2.7533]","[0.2016, 0.1908, 0.1748]","[0.0216, 0.1686, 0.3707]","[3.1276, 5.1118, 2.7426]","[3.5508, 5.1224, 6.3855]","[0, 1, 2]",[]
189,triprotic,3,4,7.39,9.81,2.420000000000001,0.1931750158885067,0.20137582338921875,1.354785564583447,1.4437985967832025,1.9986844664234522,0.0,0.3333333333333333,0.0,0.0,1.3578484652843652,0.0,0.0,2.758863724172115,"[3.1237, 5.1022, 2.7684]","[0.2014, 0.1950, 0.1831]","[0.0218, 0.1678, 0.3708]","[3.1272, 5.1129, 2.7450]","[3.5508, 5.1224, 6.3855]","[0, 1, 2]",[]
189,triprotic,3,5,11.86,9.81,2.049999999999999,0.1897546018198147,0.19571332996658208,1.355721687395655,1.4449200129559405,2.000502750001548,0.0,0.3333333333333333,0.0,0.0,1.3579920232832396,0.0,0.0,0.002748367711902233,"[3.1219, 5.1013, 2.7683]","[0.1957, 0.1953, 0.1782]","[0.0216, 0.1681, 0.3712]","[3.1269, 5.1128, 2.7450]","[3.5508, 5.1224, 6.3855]","[0, 1, 2]",[]
189,triprotic,3,6,11.39,9.81,1.58,0.18719875195852712,0.19462171643770051,1.3551320766867399,1.4448127223711977,2.0024100140482086,0.0,0.3333333333333333,0.0,0.0,1.3578872791645262,0.0,0.0,0.003636107444762615,"[3.1200, 5.1042, 2.7691]","[0.1941, 0.1946, 0.1729]","[0.0209, 0.1676, 0.3718]","[3.1266, 5.1132, 2.7452]","[3.5508, 5.1224, 6.3855]","[0, 1, 2]",[]
189,triprotic,3,7,7.39,9.81,2.420000000000001,0.19036222658867388,0.20228124565174388,1.3561014175706774,1.4477752711450413,2.012153053010402,0.0,0.3333333333333333,0.0,0.0,1.3580431824308536,0.0,0.0,2.7563723245263096,"[3.1102, 5.1069, 2.7732]","[0.2023, 0.1904, 0.1784]","[0.0210, 0.1676, 0.3713]","[3.1250, 5.1137, 2.7458]","[3.5508, 5.1224, 6.3855]","[0, 1, 2]",[]
189,triprotic,3,8,10.32,9.81,0.5099999999999998,0.1880839634966618,0.19635189703409728,1.3528611017425984,1.4440707038997591,2.0081457352291032,0.0,0.3333333333333333,0.0,0.0,1.3575290209204978,0.0,0.0,0.0031275224685671787,"[3.1142, 5.1141, 2.7718]","[0.1964, 0.1882, 0.1797]","[0.0200, 0.1669, 0.3708]","[3.1257, 5.1148, 2.7456]","[3.5508, 5.1224, 6.3855]","[0, 1, 2]",[]
189,triprotic,3,9,7.77,9.81,2.040000000000001,0.19116119606165474,0.20447625209697384,1.345852532114776,1.4348065572860416,1.9888391413913165,0.0,0.3333333333333333,0.0,0.0,1.356393427634698,0.0,0.0,2.9360596206784244,"[3.1336, 5.1143, 2.7733]","[0.2045, 0.1924, 0.1766]","[0.0202, 0.1672, 0.3711]","[3.1288, 5.1149, 2.7459]","[3.5508, 5.1224, 6.3855]","[0, 1, 2]",[]
189,triprotic,3,10,8.19,9.81,1.620000000000001,0.19478377549043066,0.20490409395951265,1.3473958953912115,1.4371558290997561,1.9944713383313197,0.0,0.3333333333333333,0.0,0.0,1.3566609500533022,0.0,0.0,3.1159436130523677,"[3.1279, 5.1149, 2.7737]","[0.2049, 0.1925, 0.1869]","[0.0201, 0.1681, 0.3719]","[3.1279, 5.1150, 2.7458]","[3.5508, 5.1224, 6.3855]","[0, 1, 2]",[]
189,triprotic,3,11,10.27,9.81,0.4599999999999991,0.19832431311695217,0.20701292499448265,1.352881391664795,1.4419751509634415,1.9987912664572431,0.0,0.3333333333333333,0.0,0.0,1.3575600227729883,0.0,0.0,0.003356058597564271,"[3.1236, 5.1094, 2.7670]","[0.2070, 0.1936, 0.1943]","[0.0205, 0.1679, 0.3716]","[3.1272, 5.1141, 2.7447]","[3.5508, 5.1224, 6.3855]","[0, 1, 2]",[]
189,triprotic,3,12,8.89,9.81,0.9199999999999999,0.20450073491847606,0.21838262418618165,1.353139945874724,1.4433851561045576,2.006773020687688,0.0,0.3333333333333333,0.0,0.0,1.3575881809410557,0.0,0.0,3.3260191822052008,"[3.1156, 5.1181, 2.7656]","[0.2184, 0.2003, 0.1948]","[0.0198, 0.1673, 0.3715]","[3.1259, 5.1155, 2.7445]","[3.5508, 5.1224, 6.3855]","[0, 1, 2]",[]
189,triprotic,3,13,9.8,9.81,0.009999999999999787,0.20346734818825454,0.22277086539963364,1.3655963914098121,1.4574365614446778,2.030830506816633,0.0,0.3333333333333333,0.0,0.0,1.3595415961917514,0.0,1.0,0.05774097442627024,"[3.0916, 5.1138, 2.7565]","[0.2228, 0.2030, 0.1847]","[0.0197, 0.1669, 0.3714]","[3.1222, 5.1148, 2.7431]","[3.5508, 5.1224, 6.3855]","[0, 1, 2]",[]
188,diprotic,2,0,3.36,3.7,0.3400000000000003,0.20000000000000004,0.2,0.5699976485039304,0.6620093636464841,0.9066860478520704,0.5,1.0,0.0,1.0,0.5699976485039304,0.45076304717072835,0.0,,"[5.8318, 2.3133, 4.9100]","[0.2000, 0.2000, 0.2000]","[0.0163, 0.2975, 0.2575]","[5.8318, 2.3133, 4.9100]","[2.5466, 6.7385]","[0, 1]",[2]
188,diprotic,2,1,2.12,3.7,1.58,0.19704078582699625,0.20424466806503885,0.574841508209299,0.6642190999880541,0.907624099744071,0.5,1.0,0.0,1.0,0.5707840662421657,0.4511098495450029,0.0,1.4360784847475587,"[5.8309, 2.3045, 4.8953]","[0.2042, 0.1890, 0.1978]","[0.0161, 0.2975, 0.2577]","[5.8317, 2.3118, 4.9076]","[2.5466, 6.7385]","[0, 1]",[2]
188,diprotic,2,2,2.0,3.7,1.7000000000000002,0.20355562160709095,0.21070197318476072,0.5627967076410896,0.6490659509015946,0.8861331802020134,0.5,1.0,0.0,1.0,0.5688682229081385,0.45115311511048023,0.0,1.4048953233286738,"[5.8524, 2.3071, 4.9142]","[0.2107, 0.1909, 0.2091]","[0.0162, 0.2974, 0.2577]","[5.8351, 2.3123, 4.9106]","[2.5466, 6.7385]","[0, 1]",[2]
188,diprotic,2,3,2.07,3.7,1.6300000000000003,0.20692124585944702,0.21418369363639048,0.5614653905712761,0.6448470871570863,0.8786157981157459,0.5,1.0,0.0,1.0,0.5686492015910973,0.45139443130292695,0.0,1.4228945172578098,"[5.8599, 2.3023, 4.9146]","[0.2075, 0.1991, 0.2142]","[0.0159, 0.2972, 0.2576]","[5.8363, 2.3115, 4.9107]","[2.5466, 6.7385]","[0, 1]",[2]
188,diprotic,2,4,2.14,3.7,1.56,0.20059166460578115,0.2063386749495501,0.5502017339155054,0.6292229095833537,0.8554877013966733,0.5,1.0,0.0,1.0,0.5668481637483045,0.45049817435788964,0.0,1.4169096314720808,"[5.8830, 2.3017, 4.9241]","[0.2038, 0.1916, 0.2063]","[0.0165, 0.2979, 0.2578]","[5.8400, 2.3114, 4.9122]","[2.5466, 6.7385]","[0, 1]",[2]
188,diprotic,2,5,2.2,3.7,1.5,0.2039395468646191,0.21302719452484448,0.5497509360069626,0.6267635526294612,0.8507600044154939,0.5,1.0,0.0,1.0,0.5667839923255791,0.4505743180260562,0.0,1.409762283042073,"[5.8878, 2.2978, 4.9207]","[0.2051, 0.1937, 0.2130]","[0.0163, 0.2977, 0.2576]","[5.8408, 2.3108, 4.9117]","[2.5466, 6.7385]","[0, 1]",[2]
188,diprotic,2,6,2.27,3.7,1.4300000000000002,0.20367847282581822,0.20730091871559386,0.5384500841764641,0.6155529177128978,0.8367400460511814,0.5,1.0,0.0,1.0,0.5649820101622678,0.4501333031326223,0.0,1.3826686965953559,"[5.9018, 2.3064, 4.9209]","[0.2069, 0.1968, 0.2073]","[0.0168, 0.2974, 0.2572]","[5.8430, 2.3122, 4.9117]","[2.5466, 6.7385]","[0, 1]",[2]
188,diprotic,2,7,2.34,3.7,1.3600000000000003,0.20337235460454228,0.21468198591605617,0.5354592244407583,0.6101551247067069,0.8279873344868847,0.5,1.0,0.0,1.0,0.5645633608257616,0.44941626520527395,0.0,1.3515532967541368,"[5.9105, 2.3036, 4.9166]","[0.2147, 0.2008, 0.1947]","[0.0177, 0.2972, 0.2570]","[5.8443, 2.3117, 4.9110]","[2.5466, 6.7385]","[0, 1]",[2]
188,diprotic,2,8,2.4,3.7,1.3000000000000003,0.20356366676786464,0.21754734250330512,0.5350897226420959,0.6099965187624548,0.8279629744509949,0.5,1.0,0.0,1.0,0.5645262637230173,0.448765737828364,0.0,1.324912734469399,"[5.9106, 2.3044, 4.9257]","[0.2175, 0.2001, 0.1931]","[0.0178, 0.2971, 0.2564]","[5.8442, 2.3118, 4.9125]","[2.5466, 6.7385]","[0, 1]",[2]
188,diprotic,2,9,2.47,3.7,1.23,0.2094858272500475,0.22182575594412968,0.5288764837533242,0.6086844398589919,0.8301843201253218,0.5,1.0,0.0,1.0,0.5635599205236148,0.44968709375887433,0.0,1.2848282584175466,"[5.9083, 2.3190, 4.9232]","[0.2218, 0.2063, 0.2003]","[0.0172, 0.2972, 0.2569]","[5.8438, 2.3142, 4.9121]","[2.5466, 6.7385]","[0, 1]",[2]
188,diprotic,2,10,2.54,3.7,1.1600000000000001,0.2082207719235145,0.22302694064843354,0.5224572080623029,0.6012242178367591,0.8199618733318852,0.5,1.0,0.0,1.0,0.5625529157771476,0.44960037233072536,0.0,1.2430446665175259,"[5.9186, 2.3216, 4.9362]","[0.2230, 0.1946, 0.2070]","[0.0170, 0.2972, 0.2567]","[5.8454, 2.3146, 4.9142]","[2.5466, 6.7385]","[0, 1]",[2]
188,diprotic,2,11,2.6,3.7,1.1,0.2056426512260442,0.22213709455713193,0.5242430692114481,0.6080884457250773,0.832367657986997,0.5,1.0,0.0,1.0,0.5628056235107775,0.4484212221277325,0.0,1.2094497444108128,"[5.9062, 2.3305, 4.9299]","[0.2221, 0.1972, 0.1976]","[0.0172, 0.2974, 0.2557]","[5.8435, 2.3160, 4.9132]","[2.5466, 6.7385]","[0, 1]",[2]
188,diprotic,2,12,2.67,3.7,1.0300000000000002,0.2103484117562405,0.23359196265664336,0.526001696115096,0.6062002603029808,0.8273336912225586,0.5,1.0,0.0,1.0,0.5631870021455383,0.4481390077512738,0.0,1.1628781502787024,"[5.9112, 2.3219, 4.9193]","[0.2336, 0.1969, 0.2006]","[0.0174, 0.2969, 0.2553]","[5.8441, 2.3147, 4.9115]","[2.5466, 6.7385]","[0, 1]",[2]
188,diprotic,2,13,2.75,3.7,0.9500000000000002,0.2079993294465591,0.23545454027580276,0.5256071165839218,0.6078209440045123,0.8308667748535203,0.5,1.0,0.0,1.0,0.5631176896377494,0.4490846296268331,0.0,1.1048153964802623,"[5.9077, 2.3262, 4.9237]","[0.2355, 0.1915, 0.1970]","[0.0161, 0.2972, 0.2554]","[5.8435, 2.3154, 4.9122]","[2.5466, 6.7385]","[0, 1]",[2]
188,diprotic,2,14,2.82,3.7,0.8800000000000003,0.21408812096745075,0.24977116016537612,0.5342934966916397,0.6162450668450087,0.8413577274379609,0.5,1.0,0.0,1.0,0.5645691597016378,0.45003435987356777,0.0,1.0562060273438694,"[5.8972, 2.3193, 4.9229]","[0.2498, 0.1893, 0.2032]","[0.0161, 0.2969, 0.2561]","[5.8417, 2.3143, 4.9120]","[2.5466, 6.7385]","[0, 1]",[2]
188,diprotic,2,15,2.9,3.7,0.8000000000000003,0.2107366918160409,0.24003126900987043,0.5201738044906388,0.6011379564230398,0.8214810492993276,0.5,1.0,0.0,1.0,0.5623119507160179,0.4496420116229833,0.0,0.9951988571789117,"[5.9170, 2.3277, 4.9067]","[0.2400, 0.1908, 0.2014]","[0.0170, 0.2978, 0.2571]","[5.8449, 2.3156, 4.9095]","[2.5466, 6.7385]","[0, 1]",[2]
188,diprotic,2,16,2.99,3.7,0.71,0.20418504230451964,0.23921159394036445,0.5043589306414293,0.5857204200194154,0.802168399110708,0.5,1.0,0.0,1.0,0.559817844747694,0.4507291892678622,0.0,0.9266869786567984,"[5.9364, 2.3400, 4.9154]","[0.2392, 0.1869, 0.1865]","[0.0165, 0.2976, 0.2578]","[5.8478, 2.3176, 4.9109]","[2.5466, 6.7385]","[0, 1]",[2]
188,diprotic,2,17,3.08,3.7,0.6200000000000001,0.20504989103554275,0.23848946247175704,0.5126700098868642,0.5964472442197635,0.8174958226061166,0.5,1.0,0.0,1.0,0.5610886504461905,0.451799768988546,0.0,0.857994198873639,"[5.9210, 2.3387, 4.9183]","[0.2385, 0.1862, 0.1904]","[0.0156, 0.2966, 0.2573]","[5.8455, 2.3174, 4.9113]","[2.5466, 6.7385]","[0, 1]",[2]
188,diprotic,2,18,3.19,3.7,0.5100000000000002,0.2058140811466732,0.23806777114910724,0.5155379658150694,0.6017891368208934,0.8259743860348889,0.5,1.0,0.0,1.0,0.5615169835906983,0.4508633064913552,0.0,0.7651984637510032,"[5.9126, 2.3415, 4.9210]","[0.2381, 0.1884, 0.1910]","[0.0155, 0.2955, 0.2553]","[5.8442, 2.3179, 4.9118]","[2.5466, 6.7385]","[0, 1]",[2]
188,diprotic,2,19,3.33,3.7,0.3700000000000001,0.20929997433229966,0.24246148580874433,0.5129161027371703,0.6013540271911243,0.8268328712792412,0.5,1.0,0.0,1.0,0.5611333033567854,0.4487382072667667,0.0,0.6427173137944191,"[5.9117, 2.3476, 4.9373]","[0.2425, 0.1926, 0.1928]","[0.0160, 0.2953, 0.2534]","[5.8440, 2.3188, 4.9144]","[2.5466, 6.7385]","[0, 1]",[2]
188,diprotic,2,20,3.5,3.7,0.20000000000000018,0.21944268184773366,0.2455597702654243,0.5196850206353347,0.6111713778971566,0.8413337925713718,0.5,1.0,0.0,1.0,0.562206857039173,0.44721427252508344,0.0,0.49078040453605354,"[5.8972, 2.3485, 4.9362]","[0.2456, 0.2007, 0.2121]","[0.0162, 0.2931, 0.2503]","[5.8418, 2.3189, 4.9141]","[2.5466, 6.7385]","[0, 1]",[2]
188,diprotic,2,21,3.74,3.7,0.040000000000000036,0.2276394466863899,0.2470002849441012,0.5047638791247533,0.5938747126994043,0.817654596012825,0.5,1.0,0.0,1.0,0.5599948126317047,0.4473067570975335,1.0,0.2669575048983095,"[5.9209, 2.3547, 4.9342]","[0.2470, 0.2178, 0.2181]","[0.0170, 0.2935, 0.2513]","[5.8453, 2.3198, 4.9138]","[2.5466, 6.7385]","[0, 1]",[2]
194,diprotic,2,0,2.95,5.79,2.84,0.20000000000000004,0.2,0.645377172250367,0.9016201596950107,1.2749859538811323,0.5,0.5,0.0,0.0,0.645377172250367,0.085519230033652,0.0,,"[5.4757, 2.8563, 2.2677]","[0.2000, 0.2000, 0.2000]","[0.1702, 0.0377, 0.2328]","[5.4757, 2.8563, 2.2677]","[2.2520, 6.7507]","[0, 2]",[1]
194,diprotic,2,1,2.53,5.79,3.2600000000000002,0.20433966206818543,0.2076882420295318,0.6403072234627105,0.9040628451666811,1.2785362478672333,0.5,0.5,0.0,0.0,0.6445647318963652,0.085248463339037,0.0,0.7989487812435256,"[5.4722, 2.8529, 2.2540]","[0.2077, 0.2023, 0.2031]","[0.1704, 0.0376, 0.2327]","[5.4751, 2.8558, 2.2655]","[2.2520, 6.7507]","[0, 2]",[1]
194,diprotic,2,2,2.15,5.79,3.64,0.20663574508559734,0.21346990346971823,0.6541965583025717,0.9056076513932482,1.2804170317518713,0.5,0.5,0.0,0.0,0.6423167317369236,0.08632308784282353,0.0,1.0604645548388363,"[5.4703, 2.8495, 2.2240]","[0.2026, 0.2135, 0.2038]","[0.1705, 0.0381, 0.2325]","[5.4748, 2.8552, 2.2607]","[2.2520, 6.7507]","[0, 2]",[1]
194,diprotic,2,3,2.34,5.79,3.45,0.20758148335947246,0.213479897531529,0.6646637112303895,0.9111337441418422,1.2878706196383254,0.5,0.5,0.0,0.0,0.6418163473502425,0.08672400935902072,0.0,0.9356526905577631,"[5.4628, 2.8514, 2.2105]","[0.2079, 0.2135, 0.2014]","[0.1702, 0.0383, 0.2328]","[5.4737, 2.8556, 2.2586]","[2.2520, 6.7507]","[0, 2]",[1]
194,diprotic,2,4,2.55,5.79,3.24,0.2059031371067291,0.21136257943240455,0.6714123247468147,0.9097141840455938,1.2852407916916269,0.5,0.5,0.0,0.0,0.6403279758367937,0.0865480769365388,0.0,0.7756462155841293,"[5.4655, 2.8348, 2.1944]","[0.2114, 0.2026, 0.2037]","[0.1697, 0.0382, 0.2331]","[5.4741, 2.8529, 2.2560]","[2.2520, 6.7507]","[0, 2]",[1]
194,diprotic,2,5,2.83,5.79,2.96,0.21009600444774235,0.21996726085767276,0.6716886446186434,0.91055415301306,1.2864595208479104,0.5,0.5,0.0,0.0,0.6404736317706672,0.08653166524893469,0.0,0.5364232781156897,"[5.4642, 2.8358, 2.1950]","[0.2200, 0.2058, 0.2045]","[0.1694, 0.0381, 0.2330]","[5.4739, 2.8531, 2.2561]","[2.2520, 6.7507]","[0, 2]",[1]
194,diprotic,2,6,3.31,5.79,2.48,0.07468354020889352,0.08952424015043461,1.012945907244709,1.291388161350014,1.81396024686115,0.5,0.5,0.0,0.0,0.7099192211916407,0.5374197492102119,0.0,0.09359487477689976,"[4.9367, 2.4639, 1.9293]","[0.0819, 0.0526, 0.0895]","[0.1626, 0.0380, 0.2331]","[5.3767, 2.7820, 2.2061]","[2.2520, 6.7507]","[0, 1]",[2]
194,diprotic,2,7,5.55,5.79,0.2400000000000002,0.07521280400523966,0.09075559073893354,1.012276250259282,1.2901085507224435,1.8120742658908355,0.5,0.5,0.0,0.0,0.7096123809512893,0.5376580753406819,0.0,2.1851992975687606,"[4.9386, 2.4644, 1.9307]","[0.0813, 0.0536, 0.0908]","[0.1627, 0.0379, 0.2333]","[5.3770, 2.7822, 2.2064]","[2.2520, 6.7507]","[0, 1]",[2]
194,diprotic,2,8,5.8,5.79,0.009999999999999787,0.07750860170498763,0.08897985372226493,1.0134356970813778,1.2925508423679402,1.815704833959554,0.5,0.5,0.0,0.0,0.7101239382499143,0.5375867456290339,1.0,2.425776921864599,"[4.9350, 2.4631, 1.9268]","[0.0857, 0.0578, 0.0890]","[0.1624, 0.0385, 0.2335]","[5.3768, 2.7822, 2.2056]","[2.2520, 6.7507]","[0, 1]",[2]
195,diprotic,2,0,1.63,6.42,4.79,0.20000000000000004,0.2,0.46458020326393945,0.5699519375469507,0.7947475030511231,0.5,1.0,0.0,1.0,0.46458020326393945,0.7769125778659686,0.0,,"[4.2096, 5.9820, 3.9935]","[0.2000, 0.2000, 0.2000]","[0.0506, 0.3076, 0.0377]","[4.2096, 5.9820, 3.9935]","[3.1987, 4.0752]","[0, 2]",[1]
195,diprotic,2,1,3.43,6.42,2.9899999999999998,0.20253481845082819,0.20655833289561318,0.4610680952994741,0.5642221191017691,0.786280043389648,0.5,1.0,0.0,1.0,0.46401662713146075,0.7773822234443576,0.0,1.0365250498801468,"[4.2110, 5.9900, 3.9850]","[0.2007, 0.2066, 0.2004]","[0.0504, 0.3076, 0.0377]","[4.2098, 5.9832, 3.9921]","[3.1987, 4.0752]","[0, 2]",[1]
195,diprotic,2,2,3.91,6.42,2.51,0.19780128038360326,0.20427903149913337,0.46135278594703055,0.5627993795391425,0.7836829714844034,0.5,1.0,0.0,1.0,0.46404626951464256,0.7776681327927468,0.0,0.8395313016697763,"[4.2142, 5.9874, 3.9824]","[0.2028, 0.2043, 0.1863]","[0.0505, 0.3075, 0.0374]","[4.2103, 5.9828, 3.9917]","[3.1987, 4.0752]","[0, 2]",[1]
195,diprotic,2,3,4.59,6.42,1.83,0.19305160464045326,0.20220970829984672,0.4564674729782898,0.5574261487491442,0.7764070882529808,0.5,1.0,0.0,1.0,0.4632480417311384,0.7774942718383766,0.0,0.3574239526316525,"[4.2117, 5.9738, 3.9751]","[0.1945, 0.2022, 0.1825]","[0.0509, 0.3073, 0.0370]","[4.2099, 5.9807, 3.9905]","[3.1987, 4.0752]","[0, 2]",[1]
195,diprotic,2,4,11.48,6.42,5.0600000000000005,0.1925205099427497,0.2097433742463872,0.4510361694798266,0.5536589532701939,0.7721352357463167,0.5,1.0,0.0,1.0,0.46235417503593945,0.7786134945917897,0.0,6.402015691641719,"[4.2051, 5.9754, 3.9709]","[0.1895, 0.2097, 0.1783]","[0.0509, 0.3073, 0.0365]","[4.2089, 5.9809, 3.9897]","[3.1987, 4.0752]","[0, 2]",[1]
195,diprotic,2,5,5.15,6.42,1.2699999999999996,0.19062522910797955,0.21168137009927585,0.451316395065837,0.5518795330927784,0.7689396476646988,0.5,1.0,0.0,1.0,0.4623847739419338,0.7798972123726793,0.0,0.13907568724826014,"[4.2089, 5.9718, 3.9677]","[0.1864, 0.2117, 0.1738]","[0.0503, 0.3070, 0.0363]","[4.2095, 5.9804, 3.9892]","[3.1987, 4.0752]","[0, 2]",[1]
195,diprotic,2,6,10.28,6.42,3.8599999999999994,0.19081858771034463,0.216087880745765,0.45665118551912043,0.5579129788958134,0.7771766709089443,0.5,1.0,0.0,1.0,0.4632528031111285,0.7796555792518323,0.0,5.2365359761472785,"[4.2113, 5.9763, 3.9759]","[0.1895, 0.2161, 0.1669]","[0.0499, 0.3066, 0.0367]","[4.2099, 5.9811, 3.9905]","[3.1987, 4.0752]","[0, 2]",[1]
195,diprotic,2,7,5.5,6.42,0.9199999999999999,0.18583102160297993,0.2170259238247214,0.4488251414396509,0.5585106816645098,0.7812257641000677,0.5,1.0,0.0,1.0,0.4619663233705613,0.7792153989959015,0.0,0.4719594290945679,"[4.1916, 5.9821, 3.9799]","[0.1839, 0.2170, 0.1565]","[0.0501, 0.3062, 0.0367]","[4.2066, 5.9820, 3.9912]","[3.1987, 4.0752]","[0, 2]",[1]
195,diprotic,2,8,5.88,6.42,0.54,0.18551618895224772,0.21599633791203135,0.4444240901215173,0.5495872310748509,0.767740270787105,0.5,1.0,0.0,1.0,0.4612051834412372,0.7787477902702036,0.0,0.8435990706738083,"[4.1963, 5.9851, 3.9665]","[0.1879, 0.2160, 0.1527]","[0.0505, 0.3059, 0.0364]","[4.2074, 5.9825, 3.9889]","[3.1987, 4.0752]","[0, 2]",[1]
195,diprotic,2,9,10.2,6.42,3.7799999999999994,0.1886112064471481,0.2174725964376538,0.44965791008928124,0.5521227458928707,0.7700440683833363,0.5,1.0,0.0,1.0,0.46207405557207726,0.7778709847674043,0.0,5.156290050176903,"[4.2044, 5.9763, 3.9688]","[0.1932, 0.2175, 0.1551]","[0.0509, 0.3056, 0.0364]","[4.2088, 5.9811, 3.9893]","[3.1987, 4.0752]","[0, 2]",[1]
195,diprotic,2,10,6.42,6.42,0.0,0.18982078488803703,0.20740883654549305,0.4542197848677527,0.5556207328959323,0.7742178877660439,0.5,1.0,0.0,1.0,0.46284267323997064,0.7813357927125415,1.0,1.3804446836747228,"[4.2094, 5.9765, 3.9729]","[0.1995, 0.2074, 0.1625]","[0.0498, 0.3050, 0.0356]","[4.2096, 5.9811, 3.9900]","[3.1987, 4.0752]","[0, 2]",[1]
193,monoprotic,1,0,1.89,2.41,0.5200000000000002,0.20000000000000004,0.2,0.16158350953874745,0.16158350953874745,0.16158350953874745,1.0,1.0,1.0,1.0,0.16158350953874745,0.8184131775064586,0.0,,"[5.5420, 4.4016, 2.6456]","[0.2000, 0.2000, 0.2000]","[0.2479, 0.1388, 0.3776]","[5.5420, 4.4016, 2.6456]",[4.2400],[1],"[0, 2]"
193,monoprotic,1,1,3.45,2.41,1.04,0.20335014722239186,0.20814143564744386,0.1809157790351339,0.1809157790351339,0.1809157790351339,1.0,1.0,1.0,1.0,0.16468078893262472,0.8184607688777669,0.0,0.2845997635275124,"[5.5434, 4.4209, 2.6379]","[0.2081, 0.2016, 0.2003]","[0.2482, 0.1388, 0.3774]","[5.5422, 4.4047, 2.6444]",[4.2400],[1],"[0, 2]"
193,monoprotic,1,2,3.16,2.41,0.75,0.19972876971319095,0.20584872233453602,0.17444323011513507,0.17444323011513507,0.17444323011513507,1.0,1.0,1.0,1.0,0.1636462959755205,0.8184431218116818,0.0,0.4641408716887234,"[5.5323, 4.4144, 2.6354]","[0.2058, 0.2006, 0.1927]","[0.2482, 0.1388, 0.3777]","[5.5404, 4.4036, 2.6439]",[4.2400],[1],"[0, 2]"
193,monoprotic,1,3,2.69,2.41,0.2799999999999998,0.20364331319587195,0.20903773259423972,0.17861059789558276,0.17861059789558276,0.17861059789558276,1.0,1.0,1.0,1.0,0.16430159175208825,0.8184159001158555,0.0,0.5239848172664643,"[5.5466, 4.4186, 2.6207]","[0.2090, 0.2046, 0.1972]","[0.2480, 0.1388, 0.3776]","[5.5427, 4.4043, 2.6416]",[4.2400],[1],"[0, 2]"
193,monoprotic,1,4,2.24,2.41,0.16999999999999993,0.19587036120611687,0.20172980141333954,0.18656961620612122,0.18656961620612122,0.18656961620612122,1.0,1.0,1.0,1.0,0.1655860981066768,0.8188862275015486,0.0,0.06046338215470293,"[5.5102, 4.4266, 2.6133]","[0.1942, 0.2017, 0.1917]","[0.2485, 0.1385, 0.3777]","[5.5369, 4.4056, 2.6404]",[4.2400],[1],"[0, 2]"
193,monoprotic,1,5,2.45,2.41,0.040000000000000036,0.19613405198713652,0.20315296810348768,0.17953307424979226,0.17953307424979226,0.17953307424979226,1.0,1.0,1.0,1.0,0.1644539911345717,0.8186715895228446,1.0,0.15570677742362005,"[5.4945, 4.4195, 2.6129]","[0.1975, 0.2032, 0.1878]","[0.2485, 0.1387, 0.3778]","[5.5344, 4.4045, 2.6403]",[4.2400],[1],"[0, 2]"
197,triprotic,3,0,1.88,2.66,0.7800000000000002,0.20000000000000004,0.2,0.36349685226207146,0.4140126928628948,0.6072852948973573,0.6666666666666666,1.0,0.0,1.0,0.36349685226207146,0.0,0.0,,"[5.9592, 5.9476, 3.9072]","[0.2000, 0.2000, 0.2000]","[0.2823, 0.2838, 0.1852]","[5.9592, 5.9476, 3.9072]","[3.7853, 5.3403, 6.3205]","[0, 1, 2]",[]
197,triprotic,3,1,3.2,2.66,0.54,0.19590946250392413,0.19751114034186143,0.36176657208235313,0.41754175896386114,0.6160502631772911,0.6666666666666666,1.0,0.0,1.0,0.36321966180389964,0.0,0.0,1.628903450630605,"[5.9567, 5.9563, 3.8907]","[0.1942, 0.1960, 0.1975]","[0.2820, 0.2837, 0.1853]","[5.9588, 5.9490, 3.9045]","[3.7853, 5.3403, 6.3205]","[0, 1, 2]",[]
197,triprotic,3,2,2.9,2.66,0.23999999999999977,0.1943518429439949,0.199477420489062,0.36088470411299706,0.41674724418058584,0.6148673677977774,0.6666666666666666,1.0,0.0,1.0,0.36329379869547695,0.0,0.0,1.7789920791052283,"[5.9551, 5.9571, 3.8897]","[0.1956, 0.1880, 0.1995]","[0.2819, 0.2833, 0.1851]","[5.9585, 5.9491, 3.9044]","[3.7853, 5.3403, 6.3205]","[0, 1, 2]",[]
197,triprotic,3,3,2.52,2.66,0.14000000000000012,0.19538308760511666,0.1993772181757025,0.3575408885924552,0.41624948143889,0.616176324987463,0.6666666666666666,1.0,0.0,1.0,0.36253719763878944,0.0,0.0,1.4740799623727798,"[5.9582, 5.9565, 3.8795]","[0.1994, 0.1915, 0.1952]","[0.2819, 0.2833, 0.1858]","[5.9590, 5.9490, 3.9027]","[3.7853, 5.3403, 6.3205]","[0, 1, 2]",[]
197,triprotic,3,4,2.68,2.66,0.020000000000000018,0.1992313578667254,0.2081872734778657,0.3553341943249538,0.4127427360570363,0.6076615867504964,0.6666666666666666,1.0,0.0,1.0,0.3630150800595189,0.0,1.0,1.7794803005456923,"[5.9479, 5.9558, 3.8789]","[0.2082, 0.1923, 0.1972]","[0.2819, 0.2833, 0.1864]","[5.9574, 5.9489, 3.9026]","[3.7853, 5.3403, 6.3205]","[0, 1, 2]",[]
198,triprotic,3,0,1.95,5.37,3.42,0.20000000000000004,0.2,1.4238511567183896,1.6813367022396106,2.1541236372337917,0.3333333333333333,0.3333333333333333,0.0,0.0,1.4238511567183896,0.0,0.0,,"[5.8839, 2.0018, 2.8285]","[0.2000, 0.2000, 0.2000]","[0.4742, 0.3820, 0.4417]","[5.8839, 2.0018, 2.8285]","[3.9546, 4.9826, 6.0485]","[0, 1, 2]",[]
198,triprotic,3,1,4.11,5.37,1.2599999999999998,0.19797541054810094,0.20565533668020894,1.412785266527241,1.6781209548371412,2.165971178325305,0.3333333333333333,0.3333333333333333,0.0,0.0,1.42205419420962,0.0,0.0,0.7327566588204357,"[5.9094, 2.0213, 2.8167]","[0.1957, 0.1925, 0.2057]","[0.4744, 0.3819, 0.4415]","[5.8880, 2.0050, 2.8266]","[3.9546, 4.9826, 6.0485]","[0, 1, 2]",[]
198,triprotic,3,2,4.36,5.37,1.0099999999999998,0.20184286611915891,0.211690343600223,1.4095929044344906,1.6759316037248657,2.16055876182459,0.3333333333333333,0.3333333333333333,0.0,0.0,1.4215733423148549,0.0,0.0,0.92277438858524,"[5.9143, 2.0206, 2.8221]","[0.2117, 0.1912, 0.2026]","[0.4744, 0.3821, 0.4412]","[5.8887, 2.0049, 2.8275]","[3.9546, 4.9826, 6.0485]","[0, 1, 2]",[]
198,triprotic,3,3,4.62,5.37,0.75,0.20284030943570955,0.21721951521450325,1.4061231074816851,1.6749687239701587,2.1604076523897837,0.3333333333333333,0.3333333333333333,0.0,0.0,1.4210357803884375,0.0,0.0,1.1271048275567592,"[5.9228, 2.0224, 2.8222]","[0.2172, 0.1908, 0.2005]","[0.4748, 0.3826, 0.4413]","[5.8900, 2.0052, 2.8275]","[3.9546, 4.9826, 6.0485]","[0, 1, 2]",[]
198,triprotic,3,4,4.81,5.37,0.5600000000000005,0.20149138352246357,0.21174620706827815,1.4024078561432132,1.6699133490877967,2.154002074408188,0.3333333333333333,0.3333333333333333,0.0,0.0,1.4204163643401424,0.0,0.0,1.2780229725781824,"[5.9214, 2.0285, 2.8286]","[0.2117, 0.1878, 0.2049]","[0.4746, 0.3819, 0.4409]","[5.8898, 2.0062, 2.8285]","[3.9546, 4.9826, 6.0485]","[0, 1, 2]",[]
198,triprotic,3,5,4.96,5.37,0.41000000000000014,0.1987849282615286,0.20681423626585435,1.4090133204144892,1.6762764302956128,2.1541620606460135,0.3333333333333333,0.3333333333333333,0.0,0.0,1.4214726314632733,0.0,0.0,1.398337090308778,"[5.9179, 2.0124, 2.8285]","[0.2068, 0.1831, 0.2065]","[0.4734, 0.3812, 0.4403]","[5.8893, 2.0035, 2.8285]","[3.9546, 4.9826, 6.0485]","[0, 1, 2]",[]
198,triprotic,3,6,5.07,5.37,0.2999999999999998,0.19165906667820262,0.19898279061985205,1.407926417938211,1.6712592632454921,2.142650903402548,0.3333333333333333,0.3333333333333333,0.0,0.0,1.4212731025638803,0.0,0.0,1.4877816163282844,"[5.9087, 2.0132, 2.8400]","[0.1961, 0.1799, 0.1990]","[0.4730, 0.3816, 0.4406]","[5.8879, 2.0037, 2.8304]","[3.9546, 4.9826, 6.0485]","[0, 1, 2]",[]
198,triprotic,3,7,5.15,5.37,0.21999999999999975,0.1834445529698215,0.1898567300695447,1.4019584219869767,1.6662047394356443,2.139330957390114,0.3333333333333333,0.3333333333333333,0.0,0.0,1.420269312064219,0.0,0.0,1.5513548234943304,"[5.9143, 2.0222, 2.8433]","[0.1899, 0.1723, 0.1882]","[0.4735, 0.3819, 0.4404]","[5.8888, 2.0052, 2.8309]","[3.9546, 4.9826, 6.0485]","[0, 1, 2]",[]
198,triprotic,3,8,5.21,5.37,0.16000000000000014,0.1849469498567169,0.1967169123840947,1.4002161002624192,1.6621977172588405,2.1430333549402265,0.3333333333333333,0.3333333333333333,0.0,0.0,1.4199741353576878,0.0,0.0,1.598171979226172,"[5.9083, 2.0372, 2.8396]","[0.1967, 0.1693, 0.1888]","[0.4732, 0.3818, 0.4398]","[5.8878, 2.0077, 2.8303]","[3.9546, 4.9826, 6.0485]","[0, 1, 2]",[]
198,triprotic,3,9,5.25,5.37,0.1200000000000001,0.18848213039415584,0.1998049395415096,1.3894420205991151,1.6580441248606077,2.1398553373815083,0.3333333333333333,0.3333333333333333,0.0,0.0,1.418241646761486,0.0,0.0,1.6286849414464086,"[5.9318, 2.0429, 2.8428]","[0.1998, 0.1688, 0.1968]","[0.4732, 0.3821, 0.4392]","[5.8916, 2.0087, 2.8308]","[3.9546, 4.9826, 6.0485]","[0, 1, 2]",[]
198,triprotic,3,10,5.29,5.37,0.08000000000000007,0.19087194881074612,0.20721428962012295,1.383078812269246,1.6500557909680427,2.1349913915974055,0.3333333333333333,0.3333333333333333,0.0,0.0,1.4171932596147798,0.0,1.0,1.6598467556387186,"[5.9306, 2.0583, 2.8477]","[0.1936, 0.1718, 0.2072]","[0.4729, 0.3834, 0.4391]","[5.8914, 2.0112, 2.8316]","[3.9546, 4.9826, 6.0485]","[0, 1, 2]",[]
196,triprotic,3,0,1.61,8.69,7.079999999999999,0.20000000000000004,0.2,0.5341568097773347,0.6017299826213964,0.7527658621846491,0.3333333333333333,1.0,0.0,1.0,0.5341568097773347,0.0,0.0,,"[4.3078, 5.8436, 2.0976]","[0.2000, 0.2000, 0.2000]","[0.2410, 0.4062, 0.4255]","[4.3078, 5.8436, 2.0976]","[2.2408, 5.0606, 6.5500]","[0, 1, 2]",[]
196,triprotic,3,1,3.12,8.69,5.569999999999999,0.20511158596064502,0.20805344837152853,0.5287485625060836,0.6027501261679994,0.7551920977679192,0.3333333333333333,1.0,0.0,1.0,0.5332985610580291,0.0,0.0,0.8261413205135613,"[4.3054, 5.8393, 2.1205]","[0.2008, 0.2065, 0.2081]","[0.2407, 0.4061, 0.4252]","[4.3074, 5.8429, 2.1012]","[2.2408, 5.0606, 6.5500]","[0, 1, 2]",[]
196,triprotic,3,2,5.18,8.69,3.51,0.2079660348255825,0.22068335953548587,0.5323175126318466,0.6068040972518319,0.7643661702108355,0.3333333333333333,1.0,0.0,1.0,0.5338901761025795,0.0,0.0,1.0446336403908205,"[4.2962, 5.8389, 2.1193]","[0.1980, 0.2052, 0.2207]","[0.2402, 0.4064, 0.4255]","[4.3059, 5.8428, 2.1010]","[2.2408, 5.0606, 6.5500]","[0, 1, 2]",[]
196,triprotic,3,3,6.02,8.69,2.67,0.2070439116836128,0.21526863595976395,0.5299263736277743,0.6048612943311563,0.7631358393801255,0.3333333333333333,1.0,0.0,1.0,0.5334972360881687,0.0,0.0,1.7475711665861304,"[4.2974, 5.8421, 2.1221]","[0.2067, 0.1991, 0.2153]","[0.2404, 0.4067, 0.4257]","[4.3061, 5.8433, 2.1014]","[2.2408, 5.0606, 6.5500]","[0, 1, 2]",[]
196,triprotic,3,4,6.96,8.69,1.7299999999999995,0.20041644587654597,0.21141260318356836,0.5321035013046846,0.6083334542605511,0.7612926858021796,0.3333333333333333,1.0,0.0,1.0,0.5338555518489515,0.0,0.0,2.4466142333485186,"[4.2993, 5.8308, 2.1250]","[0.2001, 0.1898, 0.2114]","[0.2403, 0.4075, 0.4258]","[4.3064, 5.8415, 2.1019]","[2.2408, 5.0606, 6.5500]","[0, 1, 2]",[]
196,triprotic,3,5,11.21,8.69,2.5200000000000014,0.19922562497209073,0.20446814000756047,0.5308760716371599,0.6058396602727348,0.7557505829604647,0.3333333333333333,1.0,0.0,1.0,0.533643297950983,0.0,0.0,0.0031692674756058636,"[4.3048, 5.8317, 2.1222]","[0.2016, 0.1916, 0.2045]","[0.2403, 0.4074, 0.4258]","[4.3073, 5.8416, 2.1015]","[2.2408, 5.0606, 6.5500]","[0, 1, 2]",[]
196,triprotic,3,6,7.46,8.69,1.2299999999999995,0.20215781161176807,0.20779832616118793,0.5304529095578113,0.6063111131768708,0.7568287237877271,0.3333333333333333,1.0,0.0,1.0,0.5335778169100448,0.0,0.0,2.7599956384301185,"[4.3037, 5.8312, 2.1251]","[0.2015, 0.1972, 0.2078]","[0.2405, 0.4070, 0.4252]","[4.3071, 5.8416, 2.1019]","[2.2408, 5.0606, 6.5500]","[0, 1, 2]",[]
196,triprotic,3,7,8.18,8.69,0.5099999999999998,0.206831219654001,0.20968778311925904,0.5297719533676836,0.6071068441689433,0.7512521574872579,0.3333333333333333,1.0,0.0,1.0,0.5334723411799325,0.0,0.0,3.16615375906229,"[4.3093, 5.8226, 2.1302]","[0.2095, 0.2013, 0.2097]","[0.2403, 0.4067, 0.4258]","[4.3080, 5.8402, 2.1027]","[2.2408, 5.0606, 6.5500]","[0, 1, 2]",[]
196,triprotic,3,8,11.17,8.69,2.4800000000000004,0.2087666339079833,0.21628625803276583,0.5278577371210624,0.6040798329437477,0.7557976953287424,0.3333333333333333,1.0,0.0,1.0,0.5331575723088835,0.0,0.0,0.005109740495681692,"[4.3048, 5.8354, 2.1277]","[0.2163, 0.2017, 0.2083]","[0.2411, 0.4066, 0.4265]","[4.3073, 5.8422, 2.1023]","[2.2408, 5.0606, 6.5500]","[0, 1, 2]",[]
196,triprotic,3,9,10.67,8.69,1.9800000000000004,0.20588113642016248,0.20927718995891437,0.5230317442972354,0.598060153376844,0.7513136878694748,0.3333333333333333,1.0,0.0,1.0,0.5323893291439344,0.0,0.0,0.0010889041423798318,"[4.3092, 5.8460, 2.1270]","[0.2067, 0.2016, 0.2093]","[0.2414, 0.4061, 0.4262]","[4.3080, 5.8439, 2.1022]","[2.2408, 5.0606, 6.5500]","[0, 1, 2]",[]
196,triprotic,3,10,8.18,8.69,0.5099999999999998,0.20786138505430599,0.2119520311846574,0.5225384650392321,0.5972228990449193,0.7573740191208058,0.3333333333333333,1.0,0.0,1.0,0.5323114338154196,0.0,0.0,3.1647427308559415,"[4.3032, 5.8549, 2.1257]","[0.2101, 0.2016, 0.2120]","[0.2415, 0.4064, 0.4267]","[4.3071, 5.8454, 2.1020]","[2.2408, 5.0606, 6.5500]","[0, 1, 2]",[]
196,triprotic,3,11,9.29,8.69,0.5999999999999996,0.2103906068703629,0.212184133086632,0.5297512969275194,0.6041143970610137,0.7724712134708076,0.3333333333333333,1.0,0.0,1.0,0.5334532918619894,0.0,0.0,3.54392723083496,"[4.2881, 5.8547, 2.1193]","[0.2122, 0.2109, 0.2081]","[0.2416, 0.4058, 0.4273]","[4.3047, 5.8453, 2.1010]","[2.2408, 5.0606, 6.5500]","[0, 1, 2]",[]
196,triprotic,3,12,8.47,8.69,0.21999999999999886,0.21158917771774632,0.2210732351233858,0.5259878896647382,0.599743630690507,0.7643989077540994,0.3333333333333333,1.0,0.0,1.0,0.5328496007293063,0.0,0.0,3.31851422905922,"[4.2962, 5.8570, 2.1202]","[0.2211, 0.2002, 0.2135]","[0.2418, 0.4063, 0.4266]","[4.3060, 5.8457, 2.1011]","[2.2408, 5.0606, 6.5500]","[0, 1, 2]",[]
196,triprotic,3,13,8.73,8.69,0.040000000000000924,0.20784606210484202,0.2173339235661819,0.531404241386017,0.6042810917239739,0.7710383363527553,0.3333333333333333,1.0,0.0,1.0,0.533701979570501,0.0,1.0,3.444335590600968,"[4.2895, 5.8537, 2.1140]","[0.2173, 0.1982, 0.2080]","[0.2420, 0.4055, 0.4259]","[4.3049, 5.8452, 2.1002]","[2.2408, 5.0606, 6.5500]","[0, 1, 2]",[]
200,monoprotic,1,0,2.08,9.25,7.17,0.20000000000000004,0.2,0.10766781891561328,0.10766781891561328,0.10766781891561328,1.0,1.0,1.0,1.0,0.10766781891561328,0.8384793954789447,0.0,,"[2.9540, 2.5323, 3.1031]","[0.2000, 0.2000, 0.2000]","[0.3462, 0.1092, 0.2207]","[2.9540, 2.5323, 3.1031]",[2.6400],[1],"[0, 2]"
200,monoprotic,1,1,3.52,9.25,5.73,0.1989305874697719,0.20217152596443444,0.10722519829592425,0.10722519829592425,0.10722519829592425,1.0,1.0,1.0,1.0,0.10759694598925096,0.8383720803750505,0.0,0.9200624334439635,"[2.9669, 2.5328, 3.1143]","[0.1925, 0.2021, 0.2022]","[0.3459, 0.1093, 0.2209]","[2.9561, 2.5324, 3.1049]",[2.6400],[1],"[0, 2]"
200,monoprotic,1,2,12.36,9.25,3.1099999999999994,0.19975797356064304,0.20444323916916674,0.09708555659220597,0.09708555659220597,0.09708555659220597,1.0,1.0,1.0,1.0,0.10597813151207935,0.838687004767225,0.0,9.481879643760621,"[2.9669, 2.5429, 3.1072]","[0.1969, 0.2044, 0.1979]","[0.3457, 0.1090, 0.2213]","[2.9561, 2.5340, 3.1037]",[2.6400],[1],"[0, 2]"
200,monoprotic,1,3,11.91,9.25,2.66,0.19608830586699302,0.20390509310156973,0.08564057777224221,0.08564057777224221,0.08564057777224221,1.0,1.0,1.0,1.0,0.1041484181054324,0.8390851353111807,0.0,9.162255520783365,"[2.9687, 2.5544, 3.0968]","[0.1947, 0.2039, 0.1897]","[0.3464, 0.1089, 0.2217]","[2.9564, 2.5359, 3.1020]",[2.6400],[1],"[0, 2]"
200,monoprotic,1,4,3.54,9.25,5.71,0.20060532230875702,0.20474552374284777,0.0939512346144693,0.0939512346144693,0.0939512346144693,1.0,1.0,1.0,1.0,0.10547348723764616,0.8396464697611908,0.0,0.9233072264678777,"[2.9615, 2.5460, 3.0849]","[0.2047, 0.2029, 0.1942]","[0.3470, 0.1086, 0.2216]","[2.9552, 2.5345, 3.1001]",[2.6400],[1],"[0, 2]"
200,monoprotic,1,5,11.23,9.25,1.9800000000000004,0.19541314809625873,0.198016376950101,0.09309858648903102,0.09309858648903102,0.09309858648903102,1.0,1.0,1.0,1.0,0.10532353684251206,0.8392727616215422,0.0,8.544991206163541,"[2.9658, 2.5469, 3.0890]","[0.1966, 0.1980, 0.1917]","[0.3468, 0.1088, 0.2214]","[2.9559, 2.5347, 3.1008]",[2.6400],[1],"[0, 2]"
200,monoprotic,1,6,4.19,9.25,5.06,0.19509640456254987,0.1974277317091827,0.09711240341095806,0.09711240341095806,0.09711240341095806,1.0,1.0,1.0,1.0,0.10596085241821118,0.8393013355694018,0.0,1.5371252303570513,"[2.9727, 2.5429, 3.0788]","[0.1940, 0.1938, 0.1974]","[0.3470, 0.1089, 0.2216]","[2.9571, 2.5340, 3.0992]",[2.6400],[1],"[0, 2]"
200,monoprotic,1,7,10.6,9.25,1.3499999999999996,0.19602723620704152,0.19696316554564525,0.08810894917942935,0.08810894917942935,0.08810894917942935,1.0,1.0,1.0,1.0,0.10450867148577059,0.8396386480291923,0.0,7.930326631199568,"[2.9802, 2.5519, 3.0725]","[0.1963, 0.1948, 0.1970]","[0.3470, 0.1087, 0.2223]","[2.9583, 2.5355, 3.0981]",[2.6400],[1],"[0, 2]"
200,monoprotic,1,8,4.81,9.25,4.44,0.2013190826782082,0.20819304422149307,0.08669654127497406,0.08669654127497406,0.08669654127497406,1.0,1.0,1.0,1.0,0.10432237725497817,0.8394567136460116,0.0,2.1473709665611382,"[2.9799, 2.5533, 3.0593]","[0.2082, 0.2052, 0.1906]","[0.3474, 0.1090, 0.2225]","[2.9582, 2.5357, 3.0960]",[2.6400],[1],"[0, 2]"
200,monoprotic,1,9,10.0,9.25,0.75,0.2002258535644957,0.20326722641344933,0.09333996978393166,0.09333996978393166,0.09333996978393166,1.0,1.0,1.0,1.0,0.10537347966375821,0.839460300122555,0.0,7.3335894350893795,"[2.9761, 2.5467, 3.0709]","[0.2033, 0.2020, 0.1954]","[0.3471, 0.1090, 0.2228]","[2.9576, 2.5346, 3.0979]",[2.6400],[1],"[0, 2]"
200,monoprotic,1,10,5.41,9.25,3.84,0.19474368384256513,0.20000550559779354,0.10379274934339788,0.10379274934339788,0.10379274934339788,1.0,1.0,1.0,1.0,0.10704577772139645,0.8392184215228694,0.0,2.7458646593987943,"[2.9672, 2.5362, 3.0635]","[0.1921, 0.2000, 0.1922]","[0.3475, 0.1093, 0.2231]","[2.9562, 2.5330, 3.0967]",[2.6400],[1],"[0, 2]"
200,monoprotic,1,11,9.39,9.25,0.14000000000000057,0.1947952812395112,0.19815589872136932,0.09862757768289132,0.09862757768289132,0.09862757768289132,1.0,1.0,1.0,1.0,0.10621342927495103,0.8395462993679481,0.0,6.726214300245047,"[2.9646, 2.5414, 3.0708]","[0.1933, 0.1982, 0.1929]","[0.3470, 0.1090, 0.2235]","[2.9558, 2.5338, 3.0978]",[2.6400],[1],"[0, 2]"
200,monoprotic,1,12,7.55,9.25,1.7000000000000002,0.19597721971955873,0.2021937314567567,0.08903114044076998,0.08903114044076998,0.08903114044076998,1.0,1.0,1.0,1.0,0.10468402211423644,0.8396140259730637,0.0,4.886176548851654,"[2.9513, 2.5510, 3.0782]","[0.1918, 0.2022, 0.1939]","[0.3468, 0.1088, 0.2227]","[2.9536, 2.5353, 3.0991]",[2.6400],[1],"[0, 2]"
200,monoprotic,1,13,9.39,9.25,0.14000000000000057,0.1986535919993959,0.20513132438200632,0.09745803742149572,0.09745803742149572,0.09745803742149572,1.0,1.0,1.0,1.0,0.10603895386951212,0.8384300274927958,0.0,6.725838874103502,"[2.9510, 2.5425, 3.0625]","[0.1955, 0.2051, 0.1954]","[0.3482, 0.1101, 0.2232]","[2.9536, 2.5340, 3.0965]",[2.6400],[1],"[0, 2]"
200,monoprotic,1,14,7.55,9.25,1.7000000000000002,0.2042404367630194,0.20829997405157294,0.10467926980658104,0.10467926980658104,0.10467926980658104,1.0,1.0,1.0,1.0,0.10719284206561275,0.8374458777797165,0.0,4.887140618357807,"[2.9578, 2.5353, 3.0592]","[0.2010, 0.2083, 0.2035]","[0.3474, 0.1108, 0.2237]","[2.9546, 2.5328, 3.0961]",[2.6400],[1],"[0, 2]"
200,monoprotic,1,15,8.4,9.25,0.8499999999999996,0.19808233301577993,0.210001605058874,0.09439604165513504,0.09439604165513504,0.09439604165513504,1.0,1.0,1.0,1.0,0.10552644493247243,0.8376085281855935,0.0,5.737217630352825,"[2.9637, 2.5456, 3.0644]","[0.1885, 0.1957, 0.2100]","[0.3470, 0.1105, 0.2228]","[2.9556, 2.5345, 3.0969]",[2.6400],[1],"[0, 2]"
200,monoprotic,1,16,8.7,9.25,0.5500000000000007,0.1975554715652723,0.20921367900349058,0.08696296743503229,0.08696296743503229,0.08696296743503229,1.0,1.0,1.0,1.0,0.1043397603414169,0.8373070665388281,0.0,6.036015847511589,"[2.9590, 2.5530, 3.0563]","[0.1846, 0.1989, 0.2092]","[0.3470, 0.1108, 0.2232]","[2.9549, 2.5357, 3.0956]",[2.6400],[1],"[0, 2]"
200,monoprotic,1,17,8.87,9.25,0.3800000000000008,0.2043705374170445,0.213998651600369,0.06604334685337321,0.06604334685337321,0.06604334685337321,1.0,1.0,1.0,1.0,0.10104686939038166,0.8360835130233231,0.0,6.2060154791735105,"[2.9574, 2.5740, 3.0540]","[0.1915, 0.2076, 0.2140]","[0.3468, 0.1116, 0.2225]","[2.9546, 2.5390, 3.0953]",[2.6400],[1],"[0, 2]"
200,monoprotic,1,18,8.99,9.25,0.2599999999999998,0.20341969415344374,0.21190544445336096,0.07115116420527556,0.07115116420527556,0.07115116420527556,1.0,1.0,1.0,1.0,0.10188934754186052,0.8348439815616766,0.0,6.324849796723575,"[2.9559, 2.5688, 3.0585]","[0.1917, 0.2119, 0.2066]","[0.3461, 0.1124, 0.2223]","[2.9544, 2.5381, 3.0960]",[2.6400],[1],"[0, 2]"
200,monoprotic,1,19,9.09,9.25,0.16000000000000014,0.21434575468564768,0.22436541240129512,0.0576526599759517,0.0576526599759517,0.0576526599759517,1.0,1.0,1.0,1.0,0.0997698481849727,0.834508463542,0.0,6.42511691680178,"[2.9478, 2.5823, 3.0588]","[0.2050, 0.2136, 0.2244]","[0.3430, 0.1120, 0.2217]","[2.9531, 2.5402, 3.0962]",[2.6400],[1],"[0, 2]"
200,monoprotic,1,20,9.17,9.25,0.08000000000000007,0.21187626719345543,0.21851990300932977,0.05505796031905419,0.05505796031905419,0.05505796031905419,1.0,1.0,1.0,1.0,0.09933034487826564,0.8345031259990809,1.0,6.504706725087017,"[2.9522, 2.5849, 3.0595]","[0.2064, 0.2107, 0.2185]","[0.3425, 0.1117, 0.2206]","[2.9538, 2.5407, 3.0962]",[2.6400],[1],"[0, 2]"
199,monoprotic,1,0,2.29,8.25,5.96,0.20000000000000004,0.2,1.0590950492996516,1.0590950492996516,1.0590950492996516,0.0,0.0,0.0,0.0,1.0590950492996516,0.7774227548347894,0.0,,"[5.0748, 4.4626, 4.0191]","[0.2000, 0.2000, 0.2000]","[0.3090, 0.3073, 0.1764]","[5.0748, 4.4626, 4.0191]",[2.9600],[2],"[0, 1]"
199,monoprotic,1,1,3.73,8.25,4.52,0.20784426265019149,0.2189373572010741,1.0515080613247498,1.0515080613247498,1.0515080613247498,0.0,0.0,0.0,0.0,1.057887210975565,0.7774365931582835,0.0,0.6177045397739858,"[5.0694, 4.4337, 4.0115]","[0.1977, 0.2189, 0.2069]","[0.3094, 0.3072, 0.1765]","[5.0739, 4.4580, 4.0179]",[2.9600],[2],"[0, 1]"
199,monoprotic,1,2,12.29,8.25,4.039999999999999,0.20495740784563798,0.2124945257589072,1.0452739274939749,1.0452739274939749,1.0452739274939749,0.0,0.0,0.0,0.0,1.0568944290239362,0.7772100306890968,0.0,7.778586892373859,"[5.0723, 4.4405, 4.0053]","[0.1956, 0.2125, 0.2068]","[0.3095, 0.3068, 0.1767]","[5.0744, 4.4591, 4.0169]",[2.9600],[2],"[0, 1]"
199,monoprotic,1,3,11.78,8.25,3.5299999999999994,0.2046376668998405,0.21294794154761512,1.061644655713546,1.061644655713546,1.061644655713546,0.0,0.0,0.0,0.0,1.0595027688085397,0.7764737357873147,0.0,7.346618135897442,"[5.0717, 4.4179, 4.0216]","[0.1978, 0.2129, 0.2032]","[0.3093, 0.3067, 0.1773]","[5.0743, 4.4555, 4.0195]",[2.9600],[2],"[0, 1]"
199,monoprotic,1,4,3.74,8.25,4.51,0.21021709461587,0.22176633419685235,1.060562214183732,1.060562214183732,1.060562214183732,0.0,0.0,0.0,0.0,1.0593291222668126,0.7763269105672074,0.0,0.605318747218698,"[5.0696, 4.4079, 4.0206]","[0.2038, 0.2218, 0.2051]","[0.3093, 0.3067, 0.1775]","[5.0740, 4.4540, 4.0193]",[2.9600],[2],"[0, 1]"
199,monoprotic,1,5,10.44,8.25,2.1899999999999995,0.21262398540544059,0.23005132113483895,1.0633965737974282,1.0633965737974282,1.0633965737974282,0.0,0.0,0.0,0.0,1.0597826583329137,0.7763601159312146,0.0,6.049802027000114,"[5.0627, 4.4275, 4.0234]","[0.2043, 0.2301, 0.2035]","[0.3093, 0.3061, 0.1773]","[5.0729, 4.4571, 4.0198]",[2.9600],[2],"[0, 1]"
199,monoprotic,1,6,4.11,8.25,4.14,0.21560238080926783,0.2304765573993941,1.069092238444198,1.069092238444198,1.069092238444198,0.0,0.0,0.0,0.0,1.060685114451048,0.775940555941171,0.0,0.25912971129640905,"[5.0617, 4.4295, 4.0291]","[0.2087, 0.2305, 0.2077]","[0.3094, 0.3058, 0.1776]","[5.0727, 4.4574, 4.0207]",[2.9600],[2],"[0, 1]"
199,monoprotic,1,7,4.49,8.25,3.76,0.060193919573469305,0.08342217213937897,1.4131563625235808,1.4131563625235808,1.4131563625235808,0.0,0.0,0.0,0.0,1.1240136646472783,0.7719395528334813,0.0,0.1094627769291403,"[5.6071, 4.8687, 4.3732]","[0.0610, 0.0361, 0.0834]","[0.3214, 0.3078, 0.1859]","[5.1748, 4.5409, 4.0840]",[2.9600],[2],"[0, 1]"
199,monoprotic,1,8,10.42,8.25,2.17,0.06091018923116923,0.08450939612545827,1.4191348625633964,1.4191348625633964,1.4191348625633964,0.0,0.0,0.0,0.0,1.1250321081065833,0.7717511037241568,0.0,5.944578384356573,"[5.6084, 4.8672, 4.3791]","[0.0613, 0.0369, 0.0845]","[0.3203, 0.3080, 0.1858]","[5.1750, 4.5405, 4.0850]",[2.9600],[2],"[0, 1]"
199,monoprotic,1,9,4.97,8.25,3.2800000000000002,0.06219305688612473,0.0862517755131071,1.41527898985444,1.41527898985444,1.41527898985444,0.0,0.0,0.0,0.0,1.1242027293199692,0.7718031042861414,0.0,0.4995442906208334,"[5.6047, 4.8676, 4.3753]","[0.0614, 0.0389, 0.0863]","[0.3208, 0.3080, 0.1859]","[5.1743, 4.5404, 4.0842]",[2.9600],[2],"[0, 1]"
199,monoprotic,1,10,6.02,8.25,2.2300000000000004,0.06251969418977917,0.08751347938441269,1.4255034723724913,1.4255034723724913,1.4255034723724913,0.0,0.0,0.0,0.0,1.12597992061752,0.772267973759234,0.0,1.5475681046769019,"[5.6059, 4.8713, 4.3855]","[0.0628, 0.0372, 0.0875]","[0.3214, 0.3078, 0.1855]","[5.1744, 4.5413, 4.0860]",[2.9600],[2],"[0, 1]"
199,monoprotic,1,11,10.37,8.25,2.119999999999999,0.06365580776130603,0.08817581139545771,1.429256749116714,1.429256749116714,1.429256749116714,0.0,0.0,0.0,0.0,1.1266163931518296,0.7721554675388852,0.0,5.894240646045654,"[5.6049, 4.8699, 4.3893]","[0.0638, 0.0389, 0.0882]","[0.3214, 0.3077, 0.1856]","[5.1741, 4.5409, 4.0866]",[2.9600],[2],"[0, 1]"
199,monoprotic,1,12,10.12,8.25,1.8699999999999992,0.06514717873375568,0.0887610573797234,1.4262089792074448,1.4262089792074448,1.4262089792074448,0.0,0.0,0.0,0.0,1.126017812400832,0.772404882411552,0.0,5.645293434504419,"[5.6021, 4.8693, 4.3862]","[0.0678, 0.0389, 0.0888]","[0.3229, 0.3075, 0.1858]","[5.1731, 4.5408, 4.0860]",[2.9600],[2],"[0, 1]"
199,monoprotic,1,13,9.42,8.25,1.17,0.06372374674887947,0.08440962194034611,1.4278137106026207,1.4278137106026207,1.4278137106026207,0.0,0.0,0.0,0.0,1.126628842571403,0.772521909567517,0.0,4.9468343882635235,"[5.6020, 4.8692, 4.3878]","[0.0663, 0.0405, 0.0844]","[0.3226, 0.3073, 0.1855]","[5.1733, 4.5406, 4.0866]",[2.9600],[2],"[0, 1]"
199,monoprotic,1,14,5.54,8.25,2.71,0.06544712119080613,0.0864845699446423,1.4250628573218513,1.4250628573218513,1.4250628573218513,0.0,0.0,0.0,0.0,1.1259742323298791,0.7729965074605712,0.0,1.0676540545746684,"[5.6042, 4.8673, 4.3851]","[0.0669, 0.0430, 0.0865]","[0.3238, 0.3073, 0.1853]","[5.1736, 4.5400, 4.0860]",[2.9600],[2],"[0, 1]"
199,monoprotic,1,15,6.02,8.25,2.2300000000000004,0.06636251783047477,0.08345643742170968,1.4269357904197557,1.4269357904197557,1.4269357904197557,0.0,0.0,0.0,0.0,1.1265376767364836,0.7732340105899018,0.0,1.5474236639961596,"[5.6043, 4.8644, 4.3869]","[0.0712, 0.0445, 0.0835]","[0.3257, 0.3067, 0.1855]","[5.1732, 4.5394, 4.0865]",[2.9600],[2],"[0, 1]"
199,monoprotic,1,16,9.42,8.25,1.17,0.06651473065558279,0.0849996847094615,1.4320654470783625,1.4320654470783625,1.4320654470783625,0.0,0.0,0.0,0.0,1.1273638814708509,0.7728903508030879,0.0,4.947152938768268,"[5.6043, 4.8643, 4.3921]","[0.0716, 0.0430, 0.0850]","[0.3260, 0.3062, 0.1858]","[5.1732, 4.5395, 4.0874]",[2.9600],[2],"[0, 1]"
199,monoprotic,1,17,7.72,8.25,0.5300000000000002,0.06712832255763738,0.08878312493494475,1.4308314689576873,1.4308314689576873,1.4308314689576873,0.0,0.0,0.0,0.0,1.1268588379595048,0.7738287376765398,0.0,3.2471377114113418,"[5.6038, 4.8644, 4.3908]","[0.0703, 0.0423, 0.0888]","[0.3261, 0.3068, 0.1850]","[5.1732, 4.5395, 4.0869]",[2.9600],[2],"[0, 1]"
199,monoprotic,1,18,9.42,8.25,1.17,0.06683114153351023,0.08558591891577173,1.4198440509592976,1.4198440509592976,1.4198440509592976,0.0,0.0,0.0,0.0,1.1250848758300167,0.773830343871619,0.0,4.946994550134987,"[5.6042, 4.8662, 4.3798]","[0.0708, 0.0441, 0.0856]","[0.3272, 0.3075, 0.1855]","[5.1732, 4.5397, 4.0851]",[2.9600],[2],"[0, 1]"
199,monoprotic,1,19,7.72,8.25,0.5300000000000002,0.06906625476517526,0.08768641111160294,1.4178605275209035,1.4178605275209035,1.4178605275209035,0.0,0.0,0.0,0.0,1.1245724496737637,0.7738368181225218,0.0,3.247689431328326,"[5.6030, 4.8649, 4.3779]","[0.0740, 0.0456, 0.0877]","[0.3282, 0.3069, 0.1856]","[5.1727, 4.5394, 4.0846]",[2.9600],[2],"[0, 1]"
199,monoprotic,1,20,8.43,8.25,0.17999999999999972,0.06907383704121285,0.08518578493188834,1.4182373402490658,1.4182373402490658,1.4182373402490658,0.0,0.0,0.0,0.0,1.12481950157325,0.7738868869889975,0.0,3.958135022614151,"[5.6026, 4.8602, 4.3782]","[0.0780, 0.0440, 0.0852]","[0.3272, 0.3075, 0.1855]","[5.1722, 4.5386, 4.0848]",[2.9600],[2],"[0, 1]"
199,monoprotic,1,21,7.72,8.25,0.5300000000000002,0.07225575198583883,0.08599255237923636,1.4223510283826695,1.4223510283826695,1.4223510283826695,0.0,0.0,0.0,0.0,1.125514137348989,0.7747684270890324,0.0,3.248540854575112,"[5.5990, 4.8575, 4.3824]","[0.0833, 0.0475, 0.0860]","[0.3290, 0.3087, 0.1854]","[5.1709, 4.5378, 4.0855]",[2.9600],[2],"[0, 1]"
199,monoprotic,1,22,8.43,8.25,0.17999999999999972,0.07161317273097678,0.08499980501479039,1.4170641152104784,1.4170641152104784,1.4170641152104784,0.0,0.0,0.0,0.0,1.124618015838962,0.774226553727311,0.0,3.9590202873293308,"[5.5989, 4.8537, 4.3771]","[0.0811, 0.0487, 0.0850]","[0.3292, 0.3082, 0.1859]","[5.1712, 4.5370, 4.0846]",[2.9600],[2],"[0, 1]"
199,monoprotic,1,23,7.72,8.25,0.5300000000000002,0.07277503503886963,0.08469716603571534,1.415196974941498,1.415196974941498,1.415196974941498,0.0,0.0,0.0,0.0,1.124297652506673,0.7727660608651917,0.0,3.249521282529458,"[5.5960, 4.8526, 4.3752]","[0.0838, 0.0498, 0.0847]","[0.3285, 0.3054, 0.1864]","[5.1703, 4.5367, 4.0843]",[2.9600],[2],"[0, 1]"
199,monoprotic,1,24,8.43,8.25,0.17999999999999972,0.0744602073700802,0.09001159229319446,1.4103360493835853,1.4103360493835853,1.4103360493835853,0.0,0.0,0.0,0.0,1.1230371187242447,0.7720783003997699,0.0,3.9599838581122455,"[5.5922, 4.8500, 4.3703]","[0.0848, 0.0485, 0.0900]","[0.3288, 0.3055, 0.1873]","[5.1695, 4.5363, 4.0830]",[2.9600],[2],"[0, 1]"
199,monoprotic,1,25,7.72,8.25,0.5300000000000002,0.07550691846907015,0.09078117808408498,1.4106103294159302,1.4106103294159302,1.4106103294159302,0.0,0.0,0.0,0.0,1.1230333858316301,0.7714293367509725,0.0,3.250799823114648,"[5.5922, 4.8508, 4.3706]","[0.0845, 0.0513, 0.0908]","[0.3258, 0.3057, 0.1871]","[5.1696, 4.5362, 4.0830]",[2.9600],[2],"[0, 1]"
199,monoprotic,1,26,8.43,8.25,0.17999999999999972,0.07554708178175991,0.09164586230802364,1.4125089588078188,1.4125089588078188,1.4125089588078188,0.0,0.0,0.0,0.0,1.123318121541808,0.773641181422053,0.0,3.9607792760431764,"[5.5890, 4.8535, 4.3725]","[0.0852, 0.0498, 0.0916]","[0.3259, 0.3060, 0.1849]","[5.1689, 4.5369, 4.0833]",[2.9600],[2],"[0, 1]"
199,monoprotic,1,27,7.72,8.25,0.5300000000000002,0.07535827593780184,0.09166658558899252,1.4123525672311619,1.4123525672311619,1.4123525672311619,0.0,0.0,0.0,0.0,1.1232882498566825,0.7734538009452033,0.0,3.250737179564312,"[5.5936, 4.8548, 4.3724]","[0.0837, 0.0507, 0.0917]","[0.3241, 0.3066, 0.1847]","[5.1699, 4.5370, 4.0833]",[2.9600],[2],"[0, 1]"
199,monoprotic,1,28,8.43,8.25,0.17999999999999972,0.07690855021005272,0.09452251809202264,1.4174256002091568,1.4174256002091568,1.4174256002091568,0.0,0.0,0.0,0.0,1.1240072007438995,0.7742135885057635,0.0,3.9603041166625914,"[5.5921, 4.8578, 4.3774]","[0.0829, 0.0533, 0.0945]","[0.3222, 0.3076, 0.1837]","[5.1697, 4.5374, 4.0840]",[2.9600],[2],"[0, 1]"
199,monoprotic,1,29,7.72,8.25,0.5300000000000002,0.07809723505577038,0.09840060289656799,1.4152626194625455,1.4152626194625455,1.4152626194625455,0.0,0.0,0.0,0.0,1.12334167864811,0.773991977558026,0.0,3.250059703160077,"[5.5933, 4.8573, 4.3753]","[0.0829, 0.0529, 0.0984]","[0.3224, 0.3103, 0.1848]","[5.1699, 4.5373, 4.0833]",[2.9600],[2],"[0, 1]"
199,monoprotic,1,30,8.43,8.25,0.17999999999999972,0.07647195207449513,0.09227276660600181,1.4117935784998297,1.4117935784998297,1.4117935784998297,0.0,0.0,0.0,0.0,1.123144271441613,0.7740301469838842,0.0,3.9601811210811135,"[5.5888, 4.8581, 4.3718]","[0.0805, 0.0566, 0.0923]","[0.3222, 0.3100, 0.1846]","[5.1694, 4.5372, 4.0831]",[2.9600],[2],"[0, 1]"
199,monoprotic,1,31,7.72,8.25,0.5300000000000002,0.07727691439833141,0.0964140375108003,1.4129226137874493,1.4129226137874493,1.4129226137874493,0.0,0.0,0.0,0.0,1.1230588358598936,0.7724243313777991,0.0,3.2505135429371146,"[5.5818, 4.8683, 4.3729]","[0.0790, 0.0564, 0.0964]","[0.3227, 0.3105, 0.1866]","[5.1682, 4.5392, 4.0831]",[2.9600],[2],"[0, 1]"
199,monoprotic,1,32,8.43,8.25,0.17999999999999972,0.07511365338277154,0.09362881523683542,1.4127458810114497,1.4127458810114497,1.4127458810114497,0.0,0.0,0.0,0.0,1.1232221177323565,0.77320827194826,0.0,3.960226741218939,"[5.5786, 4.8671, 4.3727]","[0.0769, 0.0548, 0.0936]","[0.3225, 0.3104, 0.1856]","[5.1678, 4.5391, 4.0832]",[2.9600],[2],"[0, 1]"
199,monoprotic,1,33,7.72,8.25,0.5300000000000002,0.0759027745463074,0.09657845386394225,1.4088307606227337,1.4088307606227337,1.4088307606227337,0.0,0.0,0.0,0.0,1.12230773003746,0.7743843376631646,0.0,3.250373517423868,"[5.5813, 4.8667, 4.3688]","[0.0777, 0.0534, 0.0966]","[0.3201, 0.3124, 0.1843]","[5.1683, 4.5391, 4.0823]",[2.9600],[2],"[0, 1]"
199,monoprotic,1,34,8.43,8.25,0.17999999999999972,0.07762938151575936,0.09561615017221162,1.4088502710894808,1.4088502710894808,1.4088502710894808,0.0,0.0,0.0,0.0,1.1223779527649267,0.7755897402345556,0.0,3.9604584470577535,"[5.5806, 4.8676, 4.3689]","[0.0824, 0.0549, 0.0956]","[0.3207, 0.3133, 0.1835]","[5.1677, 4.5391, 4.0824]",[2.9600],[2],"[0, 1]"
199,monoprotic,1,35,7.72,8.25,0.5300000000000002,0.07967653621767741,0.09902521618093216,1.4136187299033915,1.4136187299033915,1.4136187299033915,0.0,0.0,0.0,0.0,1.1230012893925014,0.7769565096407215,0.0,3.2506541339959947,"[5.5832, 4.8693, 4.3736]","[0.0814, 0.0586, 0.0990]","[0.3229, 0.3141, 0.1829]","[5.1682, 4.5392, 4.0830]",[2.9600],[2],"[0, 1]"
199,monoprotic,1,36,8.43,8.25,0.17999999999999972,0.07914890215294425,0.0976288226047427,1.4156359626209971,1.4156359626209971,1.4156359626209971,0.0,0.0,0.0,0.0,1.1234635323717903,0.7743589513700476,0.0,3.96023390751332,"[5.5866, 4.8676, 4.3756]","[0.0810, 0.0588, 0.0976]","[0.3211, 0.3126, 0.1847]","[5.1689, 4.5388, 4.0835]",[2.9600],[2],"[0, 1]"
199,monoprotic,1,37,7.72,8.25,0.5300000000000002,0.07765060082156337,0.09525629632813361,1.4100742164392877,1.4100742164392877,1.4100742164392877,0.0,0.0,0.0,0.0,1.122624438673225,0.7758519085206705,0.0,3.2500092538818715,"[5.5920, 4.8700, 4.3701]","[0.0789, 0.0588, 0.0953]","[0.3193, 0.3107, 0.1820]","[5.1701, 4.5393, 4.0826]",[2.9600],[2],"[0, 1]"
199,monoprotic,1,38,8.43,8.25,0.17999999999999972,0.07781800473323287,0.09574305070728502,1.4036023108701148,1.4036023108701148,1.4036023108701148,0.0,0.0,0.0,0.0,1.121419749873919,0.7759883252494665,0.0,3.9596387742273507,"[5.5897, 4.8704, 4.3636]","[0.0786, 0.0591, 0.0957]","[0.3208, 0.3135, 0.1831]","[5.1697, 4.5393, 4.0814]",[2.9600],[2],"[0, 1]"
199,monoprotic,1,39,7.72,8.25,0.5300000000000002,0.07732869489000774,0.09158078214780788,1.406548255024643,1.406548255024643,1.406548255024643,0.0,0.0,0.0,0.0,1.1222394154177247,0.7771658328906984,0.0,3.2501441845949737,"[5.5922, 4.8739, 4.3665]","[0.0790, 0.0614, 0.0916]","[0.3185, 0.3127, 0.1810]","[5.1701, 4.5398, 4.0822]",[2.9600],[2],"[0, 1]"
199,monoprotic,1,40,8.43,8.25,0.17999999999999972,0.07735386075257222,0.09072543540941286,1.4051517557647983,1.4051517557647983,1.4051517557647983,0.0,0.0,0.0,0.0,1.1220443333141805,0.7798427883213377,0.0,3.9595645589940247,"[5.5889, 4.8724, 4.3652]","[0.0768, 0.0646, 0.0907]","[0.3214, 0.3132, 0.1792]","[5.1698, 4.5392, 4.0820]",[2.9600],[2],"[0, 1]"
199,monoprotic,1,41,7.72,8.25,0.5300000000000002,0.08026436741915517,0.09409042253015779,1.3978029163700114,1.3978029163700114,1.3978029163700114,0.0,0.0,0.0,0.0,1.1204815322771093,0.7821848434587494,0.0,3.2499677816219625,"[5.5889, 4.8763, 4.3578]","[0.0808, 0.0659, 0.0941]","[0.3224, 0.3150, 0.1775]","[5.1694, 4.5399, 4.0805]",[2.9600],[2],"[0, 1]"
199,monoprotic,1,42,8.43,8.25,0.17999999999999972,0.0835674026533092,0.10008043206446962,1.3970771415497438,1.3970771415497438,1.3970771415497438,0.0,0.0,0.0,0.0,1.1199488854113806,0.7822247053912149,0.0,3.960331274261698,"[5.5915, 4.8795, 4.3571]","[0.0842, 0.0664, 0.1001]","[0.3218, 0.3146, 0.1772]","[5.1695, 4.5404, 4.0799]",[2.9600],[2],"[0, 1]"
199,monoprotic,1,43,7.72,8.25,0.5300000000000002,0.08380049454427674,0.0991562081003067,1.400645727605025,1.400645727605025,1.400645727605025,0.0,0.0,0.0,0.0,1.1206539224776835,0.7836684720833497,0.0,3.2502656579297033,"[5.5921, 4.8797, 4.3606]","[0.0865, 0.0657, 0.0992]","[0.3234, 0.3159, 0.1765]","[5.1693, 4.5405, 4.0807]",[2.9600],[2],"[0, 1]"
199,monoprotic,1,44,8.43,8.25,0.17999999999999972,0.08484095858291814,0.10588744184116448,1.4050467325451965,1.4050467325451965,1.4050467325451965,0.0,0.0,0.0,0.0,1.120986257473648,0.785271492698376,0.0,3.9600482162274417,"[5.6003, 4.8803, 4.3650]","[0.0848, 0.0638, 0.1059]","[0.3222, 0.3180, 0.1750]","[5.1710, 4.5408, 4.0810]",[2.9600],[2],"[0, 1]"
199,monoprotic,1,45,7.72,8.25,0.5300000000000002,0.08567076782241904,0.10678915576876455,1.4007211299636797,1.4007211299636797,1.4007211299636797,0.0,0.0,0.0,0.0,1.1201514831796278,0.7843372126132547,0.0,3.249288857942447,"[5.5984, 4.8814, 4.3607]","[0.0878, 0.0625, 0.1068]","[0.3216, 0.3145, 0.1749]","[5.1704, 4.5411, 4.0802]",[2.9600],[2],"[0, 1]"
199,monoprotic,1,46,8.43,8.25,0.17999999999999972,0.08835518499182837,0.10734114271106025,1.4002742111036595,1.4002742111036595,1.4002742111036595,0.0,0.0,0.0,0.0,1.120034371695093,0.7828606255010176,0.0,3.9596258074231443,"[5.5930, 4.8807, 4.3603]","[0.0918, 0.0660, 0.1073]","[0.3238, 0.3131, 0.1767]","[5.1690, 4.5407, 4.0800]",[2.9600],[2],"[0, 1]"
199,monoprotic,1,47,7.72,8.25,0.5300000000000002,0.08872654921476043,0.1096054823348707,1.3965014974718928,1.3965014974718928,1.3965014974718928,0.0,0.0,0.0,0.0,1.1192094962179002,0.7793676788739448,0.0,3.250327084008604,"[5.5928, 4.8793, 4.3565]","[0.0912, 0.0653, 0.1096]","[0.3231, 0.3138, 0.1803]","[5.1690, 4.5405, 4.0792]",[2.9600],[2],"[0, 1]"
199,monoprotic,1,48,8.43,8.25,0.17999999999999972,0.09000607295517782,0.10959983673158995,1.4053364536978705,1.4053364536978705,1.4053364536978705,0.0,0.0,0.0,0.0,1.1207839736662581,0.7785003262204649,0.0,3.9606140177417544,"[5.5924, 4.8770, 4.3653]","[0.0949, 0.0655, 0.1096]","[0.3228, 0.3143, 0.1813]","[5.1685, 4.5400, 4.0808]",[2.9600],[2],"[0, 1]"
199,monoprotic,1,49,7.72,8.25,0.5300000000000002,0.08859580531566884,0.10715549911889749,1.4049562788823868,1.4049562788823868,1.4049562788823868,0.0,0.0,0.0,0.0,1.1208833486353287,0.7784579937786862,0.0,3.250490384902805,"[5.5963, 4.8748, 4.3650]","[0.0920, 0.0666, 0.1072]","[0.3246, 0.3161, 0.1823]","[5.1695, 4.5395, 4.0809]",[2.9600],[2],"[0, 1]"
199,monoprotic,1,50,8.43,8.25,0.17999999999999972,0.09248346103754577,0.11409347004408532,1.3998403001982478,1.3998403001982478,1.3998403001982478,0.0,0.0,0.0,0.0,1.1195023012361034,0.7788524469852212,0.0,3.9602576278336343,"[5.5891, 4.8716, 4.3598]","[0.0935, 0.0698, 0.1141]","[0.3241, 0.3135, 0.1810]","[5.1681, 4.5387, 4.0795]",[2.9600],[2],"[0, 1]"
