step,reagent,recommended_volume,actual_volume,pH_before,pH_after,pH_change,neutralization_factor
1,base,7.210000038146973,5.0,0.9,1.41,0.5099999999999999,1.2589254117941688
2,base,5.71999979019165,5.0,1.41,1.96,0.55,1.2589254117941688
3,base,4.789999961853027,4.789999961853027,1.96,3.24,1.2800000000000002,1.2589254117941688
4,base,1.690000057220459,1.690000057220459,3.24,6.07,2.83,1.2589254117941688
5,acid,0.8299999833106995,1.0449080707785756,6.07,4.71,-1.3600000000000003,1.2589254117941688
6,acid,0.7099999785423279,0.8938370153602512,4.71,4.3,-0.41000000000000014,1.2589254117941688
