step,reagent,recommended_volume,actual_volume,pH_before,pH_after,pH_change,neutralization_factor
1,base,7.800000190734863,5.0,0.49,0.92,0.43000000000000005,1.2589254117941688
2,base,6.480000019073486,5.0,0.92,1.49,0.57,1.2589254117941688
3,base,5.610000133514404,5.0,1.49,2.5,1.01,1.2589254117941688
4,base,3.140000104904175,3.140000104904175,2.5,10.09,7.59,1.2589254117941688
5,acid,1.649999976158142,2.077226899445258,10.09,7.61,-2.4799999999999995,1.2589254117941688
6,acid,1.5299999713897705,1.9261558440269333,7.61,4.51,-3.1000000000000005,1.2589254117941688
7,acid,0.23000000417232513,0.28955284996530495,4.51,4.23,-0.27999999999999936,1.2589254117941688
