step,reagent,recommended_volume,actual_volume,pH_before,pH_after,pH_change,neutralization_factor
1,base,6.510000228881836,5.0,1.29,3.07,1.7799999999999998,1.2589254117941688
2,base,1.9700000286102295,1.9700000286102295,3.07,5.03,1.9600000000000004,1.2589254117941688
3,acid,0.9700000286102295,1.2211576854584887,5.03,4.97,-0.0600000000000005,1.2589254117941688
4,acid,0.8299999833106995,1.0449080707785756,4.97,4.67,-0.2999999999999998,1.2589254117941688
5,acid,0.7599999904632568,0.95678330095752,4.67,4.12,-0.5499999999999998,1.2589254117941688
