step,reagent,recommended_volume,actual_volume,pH_before,pH_after,pH_change,neutralization_factor
1,base,6.949999809265137,5.0,0.98,2.25,1.27,1.2589254117941688
2,base,3.4800000190734863,3.4800000190734863,2.25,4.9,2.6500000000000004,1.2589254117941688
3,acid,1.0700000524520874,1.3470502566530265,4.9,4.57,-0.33000000000000007,1.2589254117941688
4,acid,0.8500000238418579,1.0700866300401644,4.57,4.25,-0.3200000000000003,1.2589254117941688
