step,reagent,recommended_volume,actual_volume,pH_before,pH_after,pH_change,neutralization_factor
1,base,6.949999809265137,5.0,1.11,1.8,0.69,1.2589254117941688
2,base,4.769999980926514,4.769999980926514,1.8,3.41,1.61,1.2589254117941688
3,base,1.409999966621399,1.409999966621399,3.41,4.2,0.79,1.2589254117941688
