step,reagent,recommended_volume,actual_volume,pH_before,pH_after,pH_change,neutralization_factor
1,base,6.949999809265137,5.0,1.01,1.63,0.6199999999999999,1.2589254117941688
2,base,5.150000095367432,5.0,1.63,2.81,1.1800000000000002,1.2589254117941688
3,base,2.549999952316284,2.549999952316284,2.81,4.18,1.3699999999999997,1.2589254117941688
