step,reagent,recommended_volume,actual_volume,pH_before,pH_after,pH_change,neutralization_factor
1,base,6.949999809265137,5.0,0.98,1.52,0.54,1.2589254117941688
2,base,5.610000133514404,5.0,1.52,2.36,0.8399999999999999,1.2589254117941688
3,base,3.619999885559082,3.619999885559082,2.36,4.09,1.73,1.2589254117941688
4,base,0.25999999046325684,0.25999999046325684,4.09,4.25,0.16000000000000014,1.2589254117941688
