step,reagent,recommended_volume,actual_volume,pH_before,pH_after,pH_change,neutralization_factor
1,base,6.949999809265137,5.0,0.95,1.49,0.54,1.2589254117941688
2,base,5.610000133514404,5.0,1.49,2.13,0.6399999999999999,1.2589254117941688
3,base,4.360000133514404,4.360000133514404,2.13,3.86,1.73,1.2589254117941688
4,base,0.6200000047683716,0.6200000047683716,3.86,4.42,0.56,1.2589254117941688
5,acid,0.25999999046325684,0.3273205950604356,4.42,4.3,-0.1200000000000001,1.2589254117941688
